,Images_Per_Label,Train_Data_Size,W,Residuals,Classification_Accuracy,CLS_Cosine_Similarity
0,23,1081,"[[-15.759593    -0.91721463   3.7220302  ... -14.951885    16.095106
    5.2082467 ]
 [-19.782158    -1.7890389  -12.613222   ... -39.40574     -9.061035
  -23.136625  ]
 [ 22.73343    -12.314218    28.471764   ...   7.040544   -41.90671
    1.680292  ]
 ...
 [-17.847393     8.954078    -9.106308   ...   5.5167146    6.0613766
  -12.153397  ]
 [ 64.9572     -17.599445    -5.5972834  ... -66.27286    -46.663055
  -19.37809   ]
 [-36.00732      8.030858    -7.6260877  ...  32.169113    45.37271
   30.931349  ]]","[ 15.075219   16.923967   16.428045   12.117974   13.83082    14.200559
  15.583067   19.431877   19.726814   17.115707   11.513293   20.459084
  13.01635    15.490844   15.228087   16.82224    18.807617   15.630041
  13.391076   12.9595     12.265138   12.246707   17.832417   13.293653
  16.447376   16.289488   14.647179   15.205105   14.794787   17.485367
  19.300676   14.328799   16.112062   13.906243   14.805851   14.016635
  13.514696   14.640446   17.25428    12.798269   16.823263   16.457165
  12.181581   16.221764   15.262313   15.161366   19.7409     16.530565
  21.540297   16.263334   14.937469   16.600565   19.389736   18.493639
  18.028444   13.2269745  12.001159   23.384314   14.0311575  14.921907
  17.515814   12.217498   16.093832   17.494354   12.256421   15.423996
  16.556402   13.49281    15.389284   16.264614   13.094583   17.17881
  10.498019   13.729457   15.36515    11.980074   13.047968   12.246223
  14.412588   21.834257   11.539307   22.386478   14.6193495  15.600079
  15.260814   13.077595   14.860916   12.107708   12.595447   14.248207
  11.415787   16.1234     15.984243   21.993294   18.63591    20.724567
  18.037966   13.480384   19.19254    17.488441   16.740314   14.953476
  21.681238   15.397641   13.685472   15.212505   25.158272   18.461468
  15.69783    16.228678   13.412747   13.915814   19.873302   14.619295
  18.411514   12.455966   21.97896    22.097923   10.381764   24.400908
  12.370129   18.250082   12.585471   14.883166   19.84524    11.699212
   9.5480385  19.76647    15.850316   15.360561   16.434475   18.397842
  16.694159   15.082366   18.148132   17.857464   13.162829   16.480625
  20.8444     15.76948    14.471622   12.584344   12.572425   19.434053
  13.422739   14.48192    11.082856   14.667437   17.03111    12.747451
  14.791719   13.481232   19.309793   13.512751   10.256622   14.549906
  13.727666   14.515344   16.684233   26.619286   15.50882    14.777382
  19.262735   16.538229   11.951878   15.626865   12.346088   21.391117
  17.446041   11.628113   15.917862   12.057236   13.355205   18.806555
  15.063105   17.659391   16.524576   14.480388   17.09398    18.683622
  12.405897   11.514131   12.741825   14.912344   13.488338   18.446163
  17.68571    27.789448   22.07842    10.0048     14.901237   18.1229
  12.784276   18.551113   11.837274   11.40631    18.589354   16.833574
  11.537453   15.959809   15.772211   16.61381    18.040287   17.667612
  10.808033   13.450155   13.623633   12.669727   14.762767   15.579531
  11.638842   19.449118   18.385616   12.217428   16.40178    15.099123
  13.383607   14.329537   13.065417   18.341963   13.775663   13.425528
  25.394026   15.353071   21.685179   16.496786   14.257329   22.621796
  15.105994   16.649698   19.081741   16.320744   21.776031   16.783138
  14.801941   13.506839   14.126304   12.703531   17.081987   14.242021
  13.811657   13.593212   16.004148   14.010549   15.758973   17.376076
  17.195576   13.988321   16.209757   14.93296    13.006435   13.319281
  15.898837   15.866269   17.597204   31.77791    12.303542   27.030191
  16.231073   14.756755   15.418061   12.3298025  18.511875   16.969809
  15.606583   11.151802   16.871614   10.555207   12.099792   13.376224
  15.588884   19.838646   12.355564   22.104847   10.73478    16.972351
  13.852327   13.265702   14.772349   16.02733    19.548378   16.898394
  13.954755   12.659386   26.90737    14.948778   13.111424   12.006455
  12.091926   13.995371   18.389246   17.544756   15.730184   13.243714
  13.349665   20.100386   17.009024   13.937716   13.111548   12.666563
  13.93001    12.319455   16.735338   15.018126   12.759273   20.724295
  12.098656   12.419947   12.94708    15.260981   20.625341   12.956535
  16.214636   17.757849   25.255123   16.697077   15.407956   21.137785
  20.96544    14.741311   11.80453    16.55064    13.52211    14.485416
  11.845113   11.109622   15.17452    16.611362   17.757519   22.79865
  16.750599   15.73746    13.878633   18.927887   15.517189   19.984316
  38.35847    11.826282   15.1323395  13.805456   14.151557   29.719803
  11.612977   18.483412   28.45946    13.822931   14.641261   15.011148
  13.646628   17.019033   16.160505   13.738555   14.878329   15.8962965
  20.117329   18.823189   19.11004    13.055845   17.76416    17.17073
  14.177294   22.565899   16.868366   11.952182   16.921234   14.780862
  14.511585   21.19119    12.696022   13.716291   20.646433   16.185686
  17.158888   19.241732   12.210488   14.888315   13.190291   17.294788
  17.91852    19.44126    13.487479   11.125312   14.667297   13.781741
  12.906501   16.000029   19.806536   15.030132   14.592084   19.102169
  21.382753   15.759546   14.505032   18.91945    13.07237    14.991803
  10.99667    20.401182   11.464995   12.478478   16.825356   15.723328
  14.659653   15.540102   11.1053505  18.662838   16.078033   19.494549
  15.931937   11.359371   19.662727   14.866876   12.943014   19.608477
  20.568714   14.890814   20.967556   24.218601   11.857131   15.847809
  13.137958   14.1422205  16.193172   21.745993   14.324985   13.464369
  10.274606   19.298752   12.783621   20.808046   15.096595   13.297386
  15.022386   10.409084   10.882782   15.477693   11.593934   18.924088
  15.662915   13.570823   13.160918   15.610594   20.317596   14.854792
  11.5797415  13.181056   15.74211    17.676453   15.523845   17.817787
  10.945622   10.495467   15.15213    16.674248   19.390463   16.312126
  17.009497   18.09917    13.969337   15.954365   16.128376   13.248642
  15.94504    14.139396   10.289223   14.784671   18.605604   14.034563
  14.082994   15.380983   17.464148   11.674635   10.058439   12.692434
  16.464243   15.452983   14.4767475  14.353409   17.367964   17.000116
  21.310114   11.263004   12.820083   17.489056   15.877883   12.427485
  10.467368   14.447532   10.646362   19.547564   17.179573   21.646317
  19.088848   14.306032   13.999942   11.988741   16.342337   19.74086
  14.526857   14.230659   17.260315   22.433428   16.205206   20.565775
  17.522577   15.935147   20.136127   20.756453   14.052816   13.867274
  11.9825945  22.923885   16.23471    18.78861    18.401499   18.070438
  13.588045   13.06888    13.40046    15.606517   15.519042   16.98783
  12.922725   14.206198   15.158557   17.27846    14.789327   19.835894
  19.683355   17.798046   17.220179   20.185932   16.902987   16.642038
  14.301598   13.446702   14.616625   19.854322   16.747286   16.81321
  15.188821   13.28061    11.28739    19.788898   15.572233   13.788311
  15.009614   17.096722   19.84125    14.334425   14.549574   18.570442
  14.62735    19.867334   10.124236   14.440407   18.560295   17.369854
  11.288206   12.915951   17.545927   16.41091    13.607677   13.306858
  14.641911   15.310063   13.658122   14.912007   14.225949   16.95774
  14.739174   12.702563   12.89073    13.858878   19.728369   15.555678
  17.023317   28.852634   14.197632   12.388717   17.082722   13.022322
  13.718782   18.685108   13.346354   14.807646   18.917591   20.994345
  16.51561    13.050442   13.891401   19.629845   17.599545   18.259075
  17.737024   19.232801   15.3191185  24.61117    18.321547   16.128283
  17.97436    21.468338   12.948616   10.965116  112.155235   15.536601
  16.303398   22.078365   17.564722   17.364523   14.482715   10.415216
  12.347318   21.616821   14.489184   16.844328   21.467997   17.28539
  17.356207   19.18054    13.453402   16.65335    12.413198   17.51951
  33.050343   19.889389   12.663033   20.14149    13.2673855  18.223242
  12.569508   15.525157   10.500979   23.022257   14.74252    13.883259
  15.368258   11.411487   12.967965   12.683384   14.682862   15.641956
  15.381551   14.0005665  22.340332   14.094272   16.83818    15.382678
  16.917614   16.268238   22.687073   12.823326   16.883524   16.326982
  13.887886   15.738867   23.105747   19.423134   10.862415   19.428925
  21.742123   11.405493   12.345652   21.509336   15.997731   19.047039
  13.109241   17.612154   17.133259   14.211288   18.382494   16.906593
  18.733751   18.42851    12.965446   13.643582   17.042381   11.934354
  23.131966   14.7553215  12.009876   13.57182    19.65569    11.154864
  14.902203   13.621047   15.953089   11.974695   15.434411   16.427378
  12.25411    11.165371   17.49687    13.6812525  16.43423    10.224803
  19.472569   13.217417   11.710126   18.807207   13.262711   12.214745
  15.3598585  14.407482   15.14395    13.70655    17.934168   22.469946
  16.057907   16.75842    15.845686   11.977206   18.323896   16.287607
  15.185729   13.350489   37.147797   15.904426   15.870656   22.76111
  13.71947    17.649445   17.955175   17.08079    18.95476    16.130774
  12.862777   17.490854   13.6887455  25.453005   14.951615   17.045835
  18.875774   16.982855   12.875519   13.627758   16.025845   17.26834
  11.677961   12.611516   14.982879   13.06303    14.447727   12.998312
  14.621421   13.003126   10.571879   13.628205   16.000896   15.407884
  14.519695   21.285528   17.225576   13.538763   17.252855   16.113977
  13.204598   14.579045   15.838854   13.873121   14.464478   17.738356
  11.514874   15.060724   12.819925   21.081762   16.68262    14.26359  ]",0.06382978723404255,0.13081618249416352
1,23,1081,"[[-11.271899    13.866468     0.25717285 ...   0.27457723   4.202121
   -6.378845  ]
 [ -3.6714017   11.819391   -13.122516   ...   5.1777987   -0.63385695
   -1.2929629 ]
 [  4.988705    -0.12003911   0.9421514  ...  39.02317      7.015271
    9.620616  ]
 ...
 [ 31.53301     -6.1352496   -7.5222588  ...  23.020323    -2.949147
   -2.7274497 ]
 [ 11.016449    -0.811727    29.300398   ...  -8.292549    15.145795
    9.56165   ]
 [ -5.047451   -29.009735    11.658277   ...   5.357773   -15.923419
    4.3065033 ]]","[ 15.445364   17.556892   15.949479   13.7057705  12.090713   15.503914
  13.928755   18.438957   17.874142   15.386562   10.872052   17.797071
  12.385562   12.998278   14.330463   16.210205   17.179867   12.826039
  11.425293   12.149914   10.504688   12.651138   18.280495   12.485597
  14.753161   15.475522   13.383959   13.2512     13.43944    17.548916
  17.376421   13.775111   15.112283   13.088727   13.945615   11.646066
  15.984989   13.862469   17.38519    12.112378   16.33791    14.2639885
  10.550544   13.163548   14.296227   13.891532   18.728712   15.867449
  19.808065   16.787786   14.869806   15.676041   16.499773   16.655025
  15.545479   13.993207   13.319784   28.13441    13.178574   11.506395
  16.805748   10.430955   14.993018   14.098878   12.215431   14.771842
  17.583185   14.620119   13.992786   15.605786   12.504198   14.6455145
  11.118332   12.308701   16.416784   12.533155   11.1726055  10.397258
  14.169824   20.022427   11.58382    20.925186   14.437842   15.526559
  15.055585   12.238456   16.269835   13.077043   12.572077   13.17462
  11.094733   14.80507    14.962891   18.51316    18.168318   20.166187
  16.707691   11.912845   17.05312    13.646384   14.301034   13.647785
  20.088165   15.041052   13.2783375  13.79651    21.370102   18.3808
  12.846198   15.100966   12.674935   13.259011   15.845401   14.56697
  15.891443   12.339712   20.64245    19.748085   11.453463   23.297655
  11.96635    17.910988   10.724804   15.189804   18.280453   11.823549
   9.778933   18.818136   15.405238   14.277029   16.66271    14.933379
  16.812815   14.735796   14.482129   16.329477   13.3308     15.343042
  19.053894   14.293826   12.104757   11.800133   10.66188    18.977167
  12.181059   12.905695   10.579059   13.166332   16.08879    12.467629
  12.235128   11.9714775  17.908197   14.194297   10.814258   12.4883585
  14.06909    15.059324   14.02337    22.887503   14.232142   13.178973
  17.61041    17.058142   12.504932   12.947566   12.474631   19.518858
  14.619253   10.370382   14.631562   11.410385   14.945754   18.39155
  15.806723   15.347786   14.175072   12.708726   16.074072   18.126518
  11.270772   10.690276   13.202731   13.324825   12.366948   16.338879
  14.6371355  26.621527   20.422646   10.703992   14.85822    16.050556
  11.162308   16.26629    12.311578   11.279347   16.910124   14.378327
  12.19112    15.4662895  16.59385    16.446314   15.280822   18.959959
   9.143984   13.662146   12.124878   13.241554   16.558187   15.142622
  10.897169   17.397243   17.664183   10.75863    16.625591   14.864676
  11.530159   13.619829   13.662247   14.626701   14.665807   12.625713
  20.87458    13.804878   18.64547    15.652582   15.325359   18.649752
  14.637888   14.089797   18.600914   13.137604   20.777384   13.686483
  15.699971   11.703864   12.886073   12.795102   14.821291   13.616341
  15.602619   11.452408   13.295688   13.197539   12.189533   14.926547
  14.795083   14.997548   16.005938   13.97873    11.259575   11.866001
  14.538205   17.689981   18.286896   25.469116   12.018223   20.861666
  14.470946   15.703196   14.559359   11.763537   15.685091   14.145524
  13.245953    9.677626   15.592835   10.313127   11.817767   12.538515
  16.798155   21.520012   12.167606   21.667673   11.295164   15.679356
  12.881987   12.756283   13.144723   14.942066   20.11386    18.839848
  12.589341   11.720957   24.507004   12.643905   12.387967   10.912417
  12.806805   12.922081   18.492851   16.833334   13.953737   13.839763
  12.123165   18.076529   13.912423   10.790502   10.802654   12.197006
  12.948246   11.8987875  15.675329   14.430834   13.647106   20.87115
  10.794662   13.222789   13.468704   14.324145   20.375074   13.278963
  15.752212   17.374537   23.544458   15.173784   14.638989   17.526455
  18.744308   13.830992   11.178239   17.413427   13.674386   14.549602
  12.337197   10.411963   15.098787   16.19915    15.728602   20.026428
  15.223918   16.837763   13.126738   17.575796   16.572495   15.908085
  32.241646   11.356168   15.02616    12.909374   12.398071   24.338367
  12.388458   14.046619   22.227964   14.752159   13.064917   14.776334
  14.575813   14.298823   17.444448   13.9820795  13.440418   14.385452
  18.078312   19.884905   16.102495   12.658417   15.97127    18.167143
  13.977319   23.71386    14.860137   11.74568    15.839783   12.789441
  11.424352   19.42573    12.77445    13.945095   18.812748   15.339354
  18.259298   16.77153    12.560496   13.340862   12.734552   14.884498
  17.445498   17.450861   10.887076   10.089479   13.985047   13.461802
  11.899543   15.466945   20.724888   16.701439   13.462114   17.708023
  19.344442   13.463408   12.575713   17.704004   12.817281   15.124424
  10.327279   21.881546   10.889356   12.159579   14.232083   16.45091
  12.680849   15.987181   10.92321    17.717003   16.68402    18.530777
  15.973438    8.916442   19.908812   13.496043   11.709457   19.717041
  20.89842    14.4193     17.706898   21.603247   10.509181   13.648361
  11.799681   12.391129   15.786335   17.310173   13.950506   14.421751
  10.726507   17.610256   13.08545    19.52971    13.707252   15.261065
  11.958468    9.729819    9.949747   14.375569   12.012345   17.334564
  16.267393   12.037608   14.172603   15.164355   16.983315   15.187038
  12.473887   11.975011   15.84365    14.83558    14.908115   16.355455
  11.010262    9.934138   17.039642   13.586718   17.79388    16.875303
  16.42175    16.73192    14.029899   13.315963   17.786798   12.916661
  14.7380295  13.717414   10.850259   14.841222   19.319866   11.17209
  12.253705   15.061815   16.729265   10.503166    9.812147   11.05753
  15.751703   13.960769   13.138493   12.601207   14.357497   17.385263
  20.155527   10.022667   12.203948   15.2071905  14.280752   11.888913
   9.978326   12.251501   10.61926    17.972574   18.53814    22.359411
  17.435957   12.948166   13.053568   12.13701    14.194617   17.498283
  13.823798   14.267311   18.139643   20.753572   14.750977   18.95783
  14.870257   11.335517   22.28438    17.97715    12.901656   14.290004
  11.99383    19.78398    15.185033   17.032314   16.25753    14.217324
  14.266168   12.007659   12.653457   14.828022   14.973706   16.350925
  12.803641   14.289785   13.104016   15.192186   17.162907   17.221106
  17.49174    14.531876   14.831066   16.653534   15.638568   15.627027
  13.709667   13.873776   12.553266   16.37087    14.405022   15.401339
  14.729094   11.433783   10.590561   18.740622   16.09303    11.572927
  15.647505   15.689485   18.969727   15.182117   13.009922   15.025175
  12.865451   19.938164    9.797893   15.276641   18.553452   14.63387
  11.469211   13.278781   19.811966   16.783289   16.607468   12.371197
  12.358546   12.809545   13.801061   13.554894   11.927126   14.523626
  13.081216   10.896773   12.879125   14.451741   18.732136   15.657315
  15.778472   26.074099   12.908846   12.951319   15.081857   11.358547
  13.347848   18.123281   14.283002   14.527223   17.741077   15.749351
  15.147923   11.175776   14.784791   17.08863    13.921615   15.635268
  18.61054    16.162836   14.368062   20.889116   17.308996   15.605526
  18.180786   21.386444   11.584303   11.49033   109.0695     17.972755
  14.477421   21.909342   15.17634    14.269103   11.949602    9.706859
  10.289872   20.90792    11.749288   16.723497   23.490215   16.663301
  14.755285   17.752136   15.204893   18.056133   13.75276    17.076544
  29.923018   18.362453   12.793441   17.368464   12.711721   18.415354
  13.186889   14.649359    9.095536   19.489588   14.094546   14.473118
  16.40869    10.608699   12.208777   12.167473   14.537615   15.08299
  12.225254   14.234738   21.200544   14.083468   14.085574   14.137485
  15.938025   17.09745    18.939335   12.582395   15.856618   15.587983
  12.94643    13.146218   23.463411   17.908424   10.422136   16.988365
  18.340033   11.139257   13.453546   19.480509   15.930797   17.987614
  12.924433   17.474089   15.608916   13.076479   17.824247   14.748848
  16.329514   15.449535   11.426041   11.9248     17.132938   10.681128
  17.819786   12.501016   11.775079   13.95367    16.669659   12.177975
  11.414036   14.258554   13.156563   10.379046   15.540155   15.7420435
  11.924199   11.420243   16.848907   13.673246   13.471847    9.43057
  18.290598   13.633803   11.57676    16.892786   12.7907295  12.31065
  13.759914   13.559188   14.72777    11.957961   16.424263   21.18393
  15.235166   16.038076   13.07485    13.156422   15.768856   16.178947
  13.305884   12.655359   28.579655   13.943081   13.874314   15.936714
  15.662825   18.189516   13.879844   15.554006   20.182814   14.896846
  11.320615   16.818502   10.277513   23.23484    13.007646   14.558197
  17.236246   14.237422   11.013783   14.010463   16.70962    14.52722
   9.859126   13.148605   13.319264   13.656291   14.935479   12.773406
  13.985465   12.125431    9.295968   11.167337   15.379605   15.462075
  14.206098   16.979382   17.172869   13.484176   15.782317   15.399785
  11.872643   15.630622   14.894949   14.940608   12.516352   14.327151
  10.4357815  14.338955   11.572074   19.217453   15.183709   13.729758 ]",0.10106382978723404,0.16771187980969746
2,23,1081,"[[ -1.6282521 -11.523494    8.166222  ...   9.604665   -2.1876462
  -18.120226 ]
 [  7.484628    6.726347  -16.023172  ...  -2.6854694  -7.34464
   -1.0134127]
 [  6.0396433   2.324635    7.983119  ...  19.11663    -5.1113534
   -5.6594214]
 ...
 [ 12.181275  -15.653506   -1.0936946 ...  -1.495626   -8.472687
    9.934455 ]
 [ -9.285324    2.9272566   4.6695795 ...  12.604637    5.6064763
    5.2027664]
 [-20.067204   -8.568888   -9.104131  ...  11.733829   16.268085
   10.117154 ]]","[ 13.037592   15.518656   14.302238   12.247829   11.590102   16.102163
  15.603248   17.67111    15.28422    15.261087   10.468747   13.937123
  11.169144   12.370393   14.057016   14.986188   12.480844   11.265955
  11.5754175  10.86413    11.357388   11.504516   17.013893   12.411172
  15.014087   15.424498   13.961652   14.734285   12.242844   14.064838
  14.668779   13.794701   14.394527   12.852036   14.54367     9.797823
  13.63961    12.159887   15.319066   13.140976   14.157198   13.230744
   8.780741   11.495275   13.238231   13.588443   20.21978    11.903664
  18.121515   14.501246   13.043474   13.775641   14.877963   15.632466
  13.270843   14.045894   12.569735   20.04982    11.411551   12.017082
  15.830698    9.891283   14.994902   13.707132   11.18368    12.842122
  15.680101   11.905384   13.729546   15.497816   11.537453   15.123177
  10.528457   11.820652   14.054585   12.096661   10.7395525  10.703432
  11.793055   19.475126   10.607777   15.654417   13.635494   12.447288
  15.06147    10.163633   12.727649   11.220019   12.576801   12.620643
   8.929464   14.171628   12.808227   16.008263   14.446939   18.686285
  14.484502   11.060948   14.836741   13.79574    15.456117   12.821158
  17.726858   12.694377   15.248916   14.222768   19.67819    17.440012
  11.362644   13.063422   12.324387   13.798282   15.767931   14.139208
  15.3119545  11.756717   21.657286   14.155012    9.813085   22.67797
  10.254575   15.792264   11.102198   13.537541   14.735254   10.362644
   8.959071   16.893164   13.826794   11.610067   15.011532   15.457892
  13.282745   14.420991   15.642596   14.420477   10.768043   14.498882
  14.980598   12.166717   11.029799   10.670376   11.776969   15.238409
  11.718387   13.884248   10.396964   12.321264   14.002578   13.071034
  12.990478   10.300581   18.272032   14.005766   10.385723   10.4782095
  14.093174   13.880133   14.575404   21.177162   14.127246   14.037515
  16.285942   15.642048   11.785902   13.970877   12.3112335  15.058887
  14.888402   11.866017   13.19269    10.967531   12.66693    18.224478
  14.097451   13.988256   14.562479   11.416232   15.867125   15.981942
  11.48641    10.095567   11.12894    13.349974   11.273936   12.369315
  12.667338   22.576586   16.258446   11.0107     12.740483   14.71836
  12.846023   15.026955   10.883384   11.673454   15.355326   13.267052
  10.663578   14.686632   13.054995   14.089478   16.686852   15.088227
   9.331836   13.315431   11.095204   10.594286   11.813683   12.678295
   9.846211   13.935523   15.623772   10.677033   14.295812   12.364005
  10.927174   13.339382   13.480351   13.1252365  13.284937   13.312858
  18.049942   11.939606   16.167887   15.959564   12.823849   18.949007
  14.741283   13.258887   15.153332   12.213895   16.96873    12.479257
  12.131245   10.724716   11.627297   12.044609   13.21061    12.766763
  14.019238   10.395474   11.968647   14.316699   14.772191   14.434771
  15.630473   12.100094   14.437528   12.301248   11.307104   11.549529
  17.061474   13.071307   14.20666    18.982615   11.8609705  12.782327
  13.678222   13.6299715  15.380757   11.299843   15.253738   15.3319435
  12.754539    9.948186   15.049646   10.084554    9.951849   11.590268
  16.22064    18.128239   10.674328   17.30803    10.267984   14.079859
  12.12448    11.881667   11.621157   14.752516   20.097942   16.062836
  11.179156   13.287104   23.103655   12.556971   11.275709   11.089883
  11.206929   12.461047   16.146675   15.651753   13.20124    10.941235
  12.8436165  14.553597   12.73681    11.906921    9.806993   11.659514
  11.602902   12.313271   13.67648    12.417798   11.931629   17.222961
  10.690676   11.407987   12.76623    12.365443   16.696175   13.116313
  14.567703   15.910219   19.519604   13.068387   13.281751   15.968927
  15.278824   12.118391   12.488061   15.529014   13.412129   14.397567
  11.493901    9.714162   12.791969   13.984953   15.101533   17.454086
  15.258151   14.922926   12.193014   16.3984     13.803438   15.003629
  28.170729    9.805857   14.183559   11.500008   12.503271   17.372766
  11.260894   13.195428   20.803091   13.59672    11.636734   15.73967
  13.371745   13.689582   13.88806    12.58651    12.549034   11.861065
  17.147112   15.980634   14.3988085  10.650835   14.54818    15.881895
  10.939159   23.081013   13.9503765  10.490599   14.527466   12.385556
  10.587689   19.54801    11.632131   10.772388   17.891212   13.959983
  17.317493   14.244262   11.321221   12.207413   11.365073   15.432552
  16.04684    16.394289   10.173427    9.714931   13.991863   11.147534
  13.032477   14.5206     16.791142   15.231567   12.9991045  15.48576
  19.401634   11.740346   13.64233    14.632233   12.456263   11.89492
  10.572253   16.556248   10.942467   11.3802     11.618071   12.395841
  13.722448   15.268468   11.535092   19.561325   13.2259245  16.6623
  14.16793     9.55167    15.745008   13.516212   10.296527   17.380478
  16.541523   13.672783   17.892385   16.610334   10.230575   11.643113
   9.892165   12.820439   15.019771   17.203074   13.371818   12.997993
  11.6521015  15.105517   12.478629   15.659315   12.000332   13.885952
  12.036781    8.280933   10.032789   12.078467    9.564807   15.158919
  15.8246     13.545091   13.309623   14.069463   17.512753   13.0824
  12.476346   10.610366   15.538044   13.773501   12.021477   15.273181
  10.515835    9.142126   15.966688   12.980917   15.1391     16.72971
  14.177912   16.786432   10.648314   12.551498   15.883853   13.406979
  13.245291   12.09746     7.8448024  12.25147    17.438484   11.721728
  12.322917   14.41071    15.986443   10.739831    9.447543   10.976434
  14.003352   13.229583   14.111105   12.87175    12.418362   16.50468
  20.505266   10.370986   10.886975   12.395383   10.660465   10.4981575
   9.58944    12.088145    9.803642   15.723867   14.217986   17.558336
  16.307936   13.725683   11.728252   11.57055    13.273563   15.5241785
  12.453891   13.418106   15.690684   19.23828    14.851745   16.816
  13.157865    8.4650545  22.211267   17.042612   12.791868   12.068241
  11.723581   18.0472     14.754586   15.407344   13.428705   15.982463
  11.669429   10.335098   12.339397   14.191021   12.984259   13.239997
  12.049131   13.3494005  12.542341   14.024089   15.290974   18.072233
  16.20222    14.778968   14.2983265  16.39611    13.174403   15.167464
  12.420499   12.589492   11.407993   15.86666    12.742855   12.299439
  13.209725    9.992015   10.233853   15.996124   15.735853   10.075984
  14.208052   15.0716095  16.31635    13.365855   12.043995   15.208436
  12.506128   17.084503    9.3334675  12.904988   15.335454   13.350863
  10.716374   13.617511   15.868735   12.697159   16.051619   11.556714
  12.072157   11.142964   12.961248   13.935468   11.662373   14.869476
  12.974491   11.9642935  10.953087   13.097378   19.095638   12.339739
  14.45449    20.28524    12.729059   10.847539   13.746783   12.241346
  12.014789   14.060305   11.476963   13.664541   18.68566    14.48102
  13.329877   10.687349   12.644762   16.183521   15.887729   13.945403
  17.563587   13.096729   13.735482   21.467953   15.952135   12.341787
  14.7985735  17.493326   13.055514   11.158785  101.685234   16.85723
  13.093577   19.739853   13.127768   13.582422    9.739083   10.05911
  10.726724   17.73694    11.438203   17.130526   21.171133   15.022559
  14.17004    16.999275   12.376622   16.778103   11.867296   16.786917
  24.326935   15.513654   10.826026   15.278613   12.191772   16.48859
  12.755677   12.557075    8.631325   14.01575    12.048829   13.90375
  13.718198    9.440086   12.789682   10.434513   12.849437   14.178274
  10.722843   12.805823   16.405075   13.433076   13.083097   13.3122225
  12.729769   14.264091   12.489948   10.043912   14.320734   12.778696
  12.849452   12.420388   21.617691   15.7436285  10.526742   15.201741
  19.214096   10.242982   12.096569   16.841246   14.011628   16.603424
  11.967634   17.745539   16.986       9.814807   15.622373   13.63822
  14.877361   14.055468   10.208543   13.363366   17.361778   10.268691
  16.823002   12.609528   10.235391   11.698894   14.535921   10.352291
  11.833274   12.774586   15.11813    10.433637   13.890574   13.621797
  11.483996    9.176609   13.056126   12.577993   14.000784    8.733151
  18.178928   13.392636    9.819075   15.048284   12.180793   10.522911
  12.219755   11.547435   14.2233095  12.488296   15.686459   17.222914
  12.640589   15.654028   13.426425   10.5976     16.300938   14.937402
  12.353484   11.877823   26.939636   12.96469    15.094612   15.983749
  14.384497   18.068586   14.253844   15.000916   16.691353   13.19362
  11.525136   14.659025    8.655824   20.491127   11.205364   12.794727
  16.072714   11.974558   11.382164   11.999487   14.8907175  14.048052
   9.309255   11.183312   11.095811   12.5453615  12.570471   13.560687
  12.554782   10.954224    8.952512   11.054108   15.214937   12.576232
  12.953234   17.516905   13.989565   13.037209   13.797944   13.442932
  10.916897   14.318649   13.6038885  12.813525   11.3730755  14.162463
  11.249377   12.177679   10.104613   18.321404   14.241296   11.536061 ]",0.15212765957446808,0.21698127289613087
3,23,1081,"[[-5.405054   -3.6376112  -6.9548845  ... -8.461688    0.35377562
   1.0755552 ]
 [-4.2677546   3.6115682  -5.3970695  ... -6.5764837   3.5623248
   1.6170392 ]
 [ 1.2472258  -2.3219545   5.1285863  ... -4.7467017   0.93227863
  -1.4329302 ]
 ...
 [ 3.9166675   2.6391277  -1.7590978  ...  0.89640385  6.0878944
   0.33874524]
 [ 5.205499   -4.671485   -5.906561   ... 10.173089   -1.1349572
   7.7572694 ]
 [-4.363754   -3.4525893   8.029369   ... 17.956676    8.417179
   4.6886144 ]]","[12.389569  13.736403  10.891946  13.027895  10.958853  12.781502
 14.009059  14.141761  12.663116  14.765706   9.7778    12.600385
 11.333832  10.831045  13.543015  12.59489   11.573972  11.214765
 11.293194  10.462325   9.548181  10.656338  15.750196  10.427252
 12.512317  12.322128  12.149003  13.423735  10.626618  13.97713
 11.91817   11.484861  12.868714  10.511048  13.014861   9.818417
 10.781891  10.245473  13.95105   11.52002   12.672181  13.713437
  8.062036  11.13383   11.30024   11.0281515 16.587622  10.928062
 15.7251425 13.050101  12.562272  11.82892   13.249114  14.231696
 12.667881  13.53241   10.811916  19.461372  10.024781  10.80291
 16.776257   7.9492216 12.464525  11.866949  10.524617  10.460026
 14.214208  11.176769  12.264682  13.240515   9.483201  11.536729
  9.693893  10.712659  10.3518305 10.428212  11.772426   9.978613
 11.025938  16.628004   8.786069  12.82779   11.06037   12.206647
 13.393969   8.39677   13.24419    9.937419  10.669935  10.1905575
  9.171655  13.152325  12.195579  15.604038  14.051695  16.15667
 12.720645  10.147327  13.9030905 16.119326  13.993426  11.302857
 17.736998  10.116939  12.123522  12.535806  17.425232  12.800322
 11.702478   9.284544  11.171847  12.263918  14.951978  11.048525
 13.93396   12.258356  17.74217   11.686323  10.334277  20.383673
  9.380084  15.573112   9.139403  11.435346  13.089356  10.069274
  8.407089  14.371996  10.519866  10.887331  13.52803   11.872791
 11.362643  11.849083  14.636873  13.656524  10.849749  12.1119585
 16.321169  10.881369  10.61325   10.079026   9.08856   15.670493
 11.57331   13.467767   9.100848  11.894572  11.613056   9.930924
 11.885695   9.88201   15.421954  11.085791   9.29466   10.782663
 11.822158  12.687934  12.776204  18.563513  12.552581  11.784634
 15.176162  14.720349  10.408977  12.963554  11.03466   12.164342
 12.630438   8.442828  11.51952    8.35442   11.08044   16.163445
 13.4585085 11.188577  12.531233  10.160042  14.459911  13.665237
 10.295157   9.776694  10.663001  13.479906  11.591761  10.355359
  9.752132  19.73765   12.927387   9.63692   12.885546  13.509926
 11.44499   12.831022   9.564815  10.781402  15.604436  11.879253
  9.882092  14.898158  11.1225815 13.95703   14.455991  13.850005
  8.487049  13.0575075  9.838057  10.62269   12.399547  11.690346
  8.541853  12.295899  15.084291   9.018841  12.666001  12.046697
 10.682341  11.972995  11.774815  12.935573  11.596923  10.70241
 13.576342   9.625075  13.718331  12.403151  13.974998  16.642218
 12.918254  11.85618   15.825165  11.503354  13.334398  13.658946
  9.615422   8.884     10.863648  10.762526  11.324545  12.728391
 11.470406   9.317593  10.930913  11.489447  11.851112  13.02726
 13.66103    9.574507  12.9845915 10.828356  10.198379  10.710866
 13.768787  12.400875  13.879762  17.403885   9.853889  10.748986
 10.092951  14.000861  13.345611   8.995216  11.835965  13.170887
 12.401212   8.307865  13.498189   8.963788  11.266369  10.214202
 15.305924  15.339306  10.175263  15.834713   9.706813  12.42899
 10.413231   9.087566  13.375058  12.864103  16.094017  14.028624
 10.110451  11.720035  22.623789  11.608828   9.910419  10.879231
 10.277914  10.896754  13.647199  13.85563   10.08604   10.924403
 10.575123  13.628221  14.05698   11.653319  10.522823  11.277665
  9.637248  10.98759   11.233723  11.620248  11.273258  16.080494
 10.530602  10.128505  11.974316  10.738955  13.741299  10.683582
 14.568144  12.5373535 17.520193  11.252799  11.179408  14.219923
 13.260037  11.465199  11.260488  14.40244   11.197342  13.275665
 10.235055   9.21966   12.0080385 12.1867285 11.797218  15.786684
 14.305857  12.270474  11.68555   15.365527  13.227424  13.634554
 25.50169   10.666197  13.945672  10.525919  10.32685   13.895083
 12.054094  12.459294  20.392563  12.445654  11.41085   13.071325
 12.504833  12.203578  12.459319  11.267572   9.832815  10.212883
 13.597388  13.098347  12.126502   9.669363  14.8096    13.278167
 12.186504  21.128736  13.078319   9.71619   13.966849  10.39393
  9.776371  16.603765  10.379488  10.073659  16.148918  11.917887
 14.493907  13.23271   10.209669  11.218241   9.851602  12.069737
 14.367876  16.420053  10.03889    7.632589  11.883394   9.919336
 12.052586  12.421816  16.019938  14.2989645 11.972268  13.874076
 15.944189  10.517222  12.778154  12.8079405 11.229821  10.333361
  9.73211   15.32383    8.565512   9.3844185 11.174512  12.941575
 12.406214  13.497406   9.167578  17.682156  11.540377  12.304582
 12.664114   9.441789  13.412394  13.647312  10.650897  12.408438
 16.672232  11.471725  14.95879   12.50362    7.5998716 13.000746
  9.043335  11.872781  10.537011  14.049547  12.710377  11.205536
  9.609922  11.877748   9.925197  15.261218  12.200253  14.17824
 11.039985   8.717203  10.538418  11.742492   9.062739  12.468346
 15.100912  12.545341  11.727373  14.182956  14.712354  12.317283
  9.742894   9.357709  15.267505  12.2406645 11.154935  14.647877
  9.972381   8.19702   13.758593  12.516117  13.91253   15.576909
 13.7706    16.396973  11.1945715 10.643016  14.564335  11.762501
 13.207994  11.911372   8.316424  11.986113  16.409761   9.907343
  8.957912  12.94601   15.485954   9.214419   8.140963   9.61431
 13.923022  10.743155  11.982213  11.289475  10.330246  14.572217
 15.348965  10.88727   10.080357  10.676524   9.529969   9.902223
  9.121765  10.519858   7.957322  12.389526  14.323093  16.053106
 13.698558  10.787561  11.087826  11.308756  12.58312   14.789688
 10.741704  11.481327  15.160892  15.978533  12.933559  16.480778
 11.697407   7.1607943 18.811146  15.313267  10.218663  10.771829
 10.234651  15.697791  12.661793  14.803023  11.120034  13.676216
 12.4182     8.284261  10.627135  13.162558  12.956869  11.757519
 11.320127  11.3474245 11.151924  12.402962  13.77659   14.88568
 14.185757  11.551898  13.470199  13.576089  15.578806  13.596866
 11.679226  10.073466  10.114508  14.823903  11.572319  11.000679
 13.432748   9.563027   8.400331  15.295275  13.488105  10.18113
 12.7825985 13.698012  15.434777  13.323885   9.846534  12.123877
 12.45557   16.854319   9.580933  11.98507   14.515025  13.063531
 10.902715  10.826509  15.303431  11.752862  13.382285  11.04773
 13.114384  10.795106  11.520106  11.892696  11.119049  11.609966
  9.814591  10.246971  10.568538  11.6840105 14.482808  11.572514
 13.437499  15.794689  10.7171545 11.837541  11.71804    9.027464
 11.220846  14.761577  10.6374855 11.291349  14.755536  12.507165
 12.219551  10.54327   11.855579  15.843075  13.914843  14.5847
 13.506077  13.041263  11.344684  17.403685  14.13416   11.48031
 11.462645  15.892219  10.201278  10.7437315 81.79113   13.694695
 12.209997  16.528881  12.9750595 10.91836    8.294128   8.616496
  8.927642  14.457704  11.327465  14.689687  18.252241  13.776619
 10.948247  13.883713  12.39379   14.770026  10.459542  12.752868
 19.384659  11.998383  10.747928  15.919644  11.3468075 14.0689125
 12.601597  11.938702   8.384131  13.223366   9.932646  13.43689
 10.661592   9.771723  11.110975  10.003283  11.601391  13.708097
  9.825728  12.205243  15.790024  10.835223  12.785924  11.334693
 12.099924  13.411579  11.574689   8.002694  11.599356  12.994681
 10.766737  10.491251  20.172823  15.816447  10.363295  13.209289
 16.536835   9.185404  10.692682  17.605886  12.326879  15.234586
 10.163503  14.327698  15.636484  11.022518  14.234025  12.620219
 14.059466  13.303615   9.829649  12.040919  13.242626   9.181532
 15.745421  10.086902   9.583084  11.465322  12.189193   9.8423
 13.446738  10.660176  11.616836  11.674783  13.159789  13.243936
 12.162971   9.590057  15.152868  10.895405  11.515213  10.520043
 16.137814  11.445832   9.084494  14.624955  11.38358   10.261013
 11.677653  10.292546  12.805079  11.532674  11.980811  14.371249
 11.363244  14.61642   10.616221  10.46153   15.720064  13.678153
 12.603406  10.288577  20.696247  13.228695  13.842495  15.543377
 13.099656  16.24005   13.270759  13.075038  15.149497  10.325252
 11.040256  14.06874   10.056835  17.280405  12.062799  10.160646
 16.702171  10.764088  10.729715  11.01969   11.705672  13.718209
  8.753087  10.821036   9.594453  11.28485   10.569382  11.534391
 10.521413  11.106672   8.895807  10.478586  15.932804  12.333125
 11.41696   14.552935  11.790772  10.19961   12.674095  12.033579
 10.158752  13.95172   11.933329  11.158302   9.065048  12.964234
 10.662207  12.720124  10.533538  17.158648  11.983802  10.539424 ]",0.22340425531914893,0.2711446613073349
4,23,1081,"[[ 0.32751554 -2.4855442   0.787364   ... -0.40995446 -2.8570635
  -5.1388597 ]
 [ 3.7478807  -2.5276704  -0.26035753 ... -2.7145731   0.7922802
  -1.0245185 ]
 [ 0.06508946 -0.03462755 -0.04471996 ...  1.2774817  -1.5143868
  -3.9489925 ]
 ...
 [ 1.121195    0.54621226  0.08765274 ...  0.6170804  -2.0888379
  -1.3797338 ]
 [ 4.648359   -0.07470039 -2.064027   ...  0.6478853   3.0490515
  -1.8635503 ]
 [ 0.18296108  2.952222    4.913983   ... -1.3733747   8.951551
  -1.3978051 ]]","[11.576977  12.225682  11.010711  10.193642   8.200614   9.365636
 11.613269  13.523283  11.91219   12.038116   9.2022295 10.645978
  9.559405  11.642403  11.188826  10.674568  10.2678795 10.138914
  8.790538   8.916838   8.222403  10.6668825 12.934704   9.709262
 10.5825405 11.29224   13.014388  11.705457   9.800985  11.870641
 10.715094  10.878258  12.143545   9.934807  10.358946   8.501045
 10.210687  10.153762  13.953544  11.35618   12.278137  12.427372
  9.224775   9.837208  10.649395   9.950977  14.085131   9.04912
 14.273645  11.750299   9.790012  11.99756   11.027156  14.095009
  9.796865  11.096922  10.554368  16.436502   9.549852  12.070924
 14.168696   7.643671  12.884554  11.038007   8.411902  10.101853
 11.361699  10.905419  11.069561  11.142015   9.672825  10.833201
  7.80417    9.06663   10.089823   9.40926    9.097959   8.5810175
 10.872598  12.696062   8.749761  10.87891   10.403825   9.4866085
 12.6779995  8.454504  10.480766   8.339471  10.903916   9.352462
  7.5858455 11.194779   9.415061  11.855325  11.908472  13.596821
 10.459073  10.778062  12.330026  12.880893   9.889816  10.592041
 12.445691  11.2784195 11.190926  12.7138405 13.773076  12.381807
  9.691922   8.523375  10.890141  10.985801  13.179174  10.395524
 11.512387  10.494891  11.891672   9.027262   8.782002  15.689548
  9.138796  12.611847   7.5964246 10.819713  10.119064   9.239093
  7.529591  11.243639   9.053637   9.193461  13.548424  11.398539
 10.028371  10.334639  13.417448  10.612599  10.230901  10.640641
 14.306435   9.610982   9.304694   7.737018   9.745812  12.890631
 10.153538  10.041975   7.555482  11.440439  11.782557   9.840714
 10.909782   8.407577  14.146763   9.757519   8.283221  10.104641
  9.714351  11.176987  11.205731  14.190942  12.422623  10.6336565
 13.838779  12.838185  10.406976  10.422806   9.951682  12.271196
 10.587676   9.002656   9.619183   8.797475  10.0709505 13.665912
 11.774543  12.354336  11.348226   8.278137  13.926393  12.313693
  8.000065   9.192662   9.436178  10.905217   9.890326   9.398831
 10.246523  14.574851  10.504644   8.994378  11.245447  11.554643
 10.898185  12.910408   9.0416155  8.574518  13.207331  10.386679
  8.439088  15.23194   10.739535  12.065753  12.952475  10.505629
  7.951974  10.103504   8.936371   9.620878   8.942564  10.252076
  7.781169  11.550649  10.721543   8.146496  10.01674    8.856393
  9.551918   9.732756   9.894816  10.477274   9.70226    9.310944
 13.043563  10.652402  11.954469  11.250391  12.251162  14.481422
 12.674274  10.263539  13.300243  11.301472  11.356903  12.959759
 10.631437   8.33242   12.102807   9.371578   9.857616  11.052054
 10.582339  10.29211   11.582993  10.887986  10.336733  12.592203
 11.493631   9.108057  11.07082   11.166144  10.465455  11.406272
 11.0768    11.229631  10.548274  11.829654   9.204022   9.685853
  8.244458  12.332889  12.318439   9.026083   9.358699  12.735978
 10.598889   8.02349   11.38331    7.722565  10.125212  10.040442
 13.190326  12.671227   9.70705   13.786409   9.025479  11.247134
  9.424573   9.225172  11.965454  12.030024  12.60624   11.899762
  8.661238  11.166298  18.380037   8.916229  10.724159   9.889806
  9.773264   9.136258  10.257536  10.850308  11.17335    8.932048
 10.053125  13.13235   10.661253  10.296427   9.839921   8.766048
  7.8646226 10.888525   9.956384  10.671605   8.307787  12.8977165
  9.427775   9.326911  10.115379  10.588271  12.61012    9.249135
 14.024898  11.777588  15.431818  10.665823  11.107762  12.868905
 10.4067335  9.547219   9.662802  11.542762  10.773809  10.358266
 10.112717   7.1877112 10.20623   10.625252  10.797226  13.121917
 12.003891  11.823867   8.409275  14.463109  12.437064  10.941797
 20.281866   9.727167  11.787562  10.370712  10.276151  10.346992
  9.635817   9.927397  15.750138  10.477429   9.476402  11.630279
 10.435314  10.193391  10.588466  10.849904   9.18947   10.03575
 11.975598  11.488123  11.5212145  9.252333  11.371749  13.145062
 11.335139  17.690948  10.824207   7.677105  12.257453   9.760993
  8.919579  13.956421   8.317561  10.497005  13.908552  11.129984
 12.376143   9.55622    7.900468  10.38871    9.555549  12.124867
 13.316597  14.677817   9.876734   8.324663   9.960396   9.600053
 11.018055  10.690524  13.88281   11.5633955 10.137876  11.0638485
 12.631813   8.508783  10.869759  11.542126  10.166113   9.318784
  8.482657  11.085565   8.550624   8.106072   8.19663   11.817287
 10.298733  11.246392   9.190611  12.858429   9.255254  12.212618
 11.591418   9.19461   11.387522  11.019554   9.472197  13.492778
 13.2587185 10.745364  13.265931  10.205232   7.661748  10.003958
  7.7092624  9.755008   9.713156  12.433854  12.330028  11.280844
  8.904352  11.557514   9.109244  12.554867  12.147849  11.71904
 10.091399   7.3146963  8.982661  10.511015   8.630919   9.74259
 13.073951   9.837353   9.568813  11.245844  11.311119  11.632152
  9.024301   9.813522  11.380818  10.528968  10.234063  11.120732
 10.117808   8.6313095 12.846802   9.592059  10.9368515 11.390655
 11.207458  14.58896   10.296818  10.81458   11.571818  10.484692
 12.058098   9.268623   7.3331285 10.455677  14.062549   9.146508
  8.606221  12.460249  14.018229   8.478126   8.750968   8.986488
 11.785601   8.664877  11.586969   9.277866   9.413956  11.85001
 13.635281   9.880741   9.003969  10.322261   7.443023  10.081963
  9.209479   9.714399   6.440304  10.312799  13.733013  13.8496065
 11.780786   9.388269  10.155243   9.01537   11.014979  10.623049
  9.565131   9.955544  13.712648  12.709212  10.929928  13.103226
  9.531472   7.0976286 14.010569  11.466409  10.7966585  9.221641
  8.804611  14.191113  11.645649  12.8156595 11.470516  11.680472
  9.590855   7.2258525 11.609019  10.63947   11.059384  11.172426
 10.328584   9.025978  10.394339  10.414947  11.571812  13.851043
 13.331326  10.658776  11.127925   9.824455  13.5457945 11.9253
  9.733891  10.081896   9.262955  11.736851   9.851735   9.347659
 11.343162   9.242553   7.5347724 13.12009   13.03584    9.306508
 12.144861  12.268786  13.786248   9.739431   9.735114  10.635038
  9.925396  13.39301    8.841521  11.082595  12.749533  10.379886
  9.87641    8.6622    11.81151   10.993684  11.896999   9.251067
  9.907942   9.750102   8.518514  11.46495   10.520195  11.068681
 10.501293  10.12959    8.499095   9.921972  12.43758   10.482788
 12.405803  12.411661   9.134556   9.540283  11.175342   7.866256
  9.45826   13.262224   9.001694  10.865095  13.237968  11.74809
 10.962709   8.802602   9.049315  11.361687  13.525979  10.701358
 13.319419  11.211705  12.104141  15.425799  13.110334  10.130188
 10.783539  13.648248   8.031859  10.131599  75.67381   13.460149
 10.373664  14.081418  12.631904   9.925996   8.5549135  8.447684
  9.338109  12.239781  10.573543  12.630939  15.459292  11.222806
 10.19355   12.3556595 11.958646  14.51724    7.750521  10.773779
 13.178634  11.988637  10.227701  14.067946   9.980537  11.984322
 10.621188  10.21803    7.3450246 10.954004  10.653327  12.564365
  9.587374   8.019446   8.285799   8.361723  10.904385  11.9195595
  8.382703  10.22271   12.742014   9.265175  12.403686   9.086808
 10.179123  11.560817   9.432686   7.2387233  9.622175  11.985975
 10.786656  10.983577  16.39719   13.223213   8.863284  12.910816
 12.47315    8.0018835  9.413297  16.157873  11.281537  12.053789
 10.516081  14.0045395 12.378272   9.821415  12.864694  12.59119
 11.643462  11.696753   9.311917   9.436097  11.829469   7.9067373
 13.112462   8.420116   9.232504  11.079057  11.018739   8.449757
 11.972178   9.679395  10.694507   9.324598  11.823969  12.005371
 11.107338   8.375411  11.980001  10.895034   8.392619   8.313523
 14.118449  11.328242   8.778709  10.961493  10.215617   9.43173
 10.320746  10.509283  10.523912  11.142704  13.15113   12.159254
  9.8572445 12.246376   9.466235   8.118267  11.837919  10.390236
 11.594427  10.297866  16.455206  10.293447  12.813602  14.240848
  9.776054  11.877642  13.074539  12.447743  14.075727   9.291221
  9.44297   10.002424   8.494596  15.79053    9.342237  11.994153
 12.415684  10.076292   8.871949  10.179403  11.087728  11.487062
  8.449978   9.4989     9.364675  11.545898  10.868081  11.209781
  9.650962   8.879072   9.225016   8.84639   14.869427  10.5146265
  9.738647  11.290143  10.075329   8.171534  11.645762  10.666226
  9.297557  11.113495  10.550441   8.8799     8.560868  13.072597
  8.489656  11.0148115  9.657165  15.578964  10.844183   9.57708  ]",0.32340425531914896,0.3321178490916888
5,23,1081,"[[-0.68985075 -2.1194906   0.6541823  ...  1.0986911   0.73875296
   1.4327116 ]
 [ 1.053044    1.615958    1.4382333  ...  3.3560681  -0.35390344
  -1.5114423 ]
 [-0.15810272  0.9006608  -0.64316756 ...  0.98713726 -0.15629192
  -0.18666956]
 ...
 [ 0.7859533   2.5464134   2.15209    ...  2.2151396  -1.6874357
   1.683014  ]
 [ 0.21700792 -0.6051145   1.4623978  ... -2.4017997   1.1578848
   0.0206372 ]
 [-0.72871333  2.6446884   1.5552406  ... -1.5582329   1.1943812
  -0.02106971]]","[10.749668  12.115921  10.254064   8.964336   8.054691   8.910683
 10.228985  12.681261  11.171134   9.9772005  7.97809    9.620371
  9.013374   8.108816  10.2936945  9.373343   7.716943   9.858431
  8.825418   7.4242907  7.9054804  9.029798  11.355913   8.967907
 10.059636  10.975369  10.458298  10.886713   7.9018564 10.10381
 10.244127  10.627635  11.741624   8.335851  10.091125   7.95705
  7.2878366  9.2819395 12.635753   9.096534  12.573855  12.719322
  8.007432  10.181459  10.292309   9.611572  13.248907   8.065151
 12.514784  10.690068   9.639976   9.968679  11.345176  11.5931425
  9.774679  10.530551   8.368099  12.857293   8.842015   9.384638
 12.011395   7.4272842 11.128921  12.025318   7.4988556  9.955713
  9.810877  10.635005  10.698481  10.646086   8.043852  10.460812
  7.0242233  7.7466025  9.090156   7.863155   9.698758   8.519852
 11.268723  10.12549    7.48678    9.380365   8.211541  10.294302
 10.36323    7.699803  11.514718   7.1156883  9.170583   7.4651175
  8.15945    9.252673   8.218443  10.807886   9.00998   12.628549
  8.435554  10.285296   9.97122   11.207958  11.229096   8.952019
 13.294606   9.151253   9.73709   11.223354  12.53886   11.13854
  8.290921   7.743522   9.440944  11.269619  12.582064   7.765505
 10.519459   8.064063  11.782501   6.6480107  7.5714803 14.622375
  8.176479  12.990583   7.6194105  9.855804  10.047667   9.24259
  6.3669586 12.008148   8.929689   8.397127  10.308499  11.758565
  8.735522   8.560682  10.975174   8.519471   8.898463  10.461368
 12.091034  10.313898   7.5804334  7.0372505  8.2461    10.693347
  8.182851  10.251095   7.2287354 10.521847  10.706716   8.997697
  9.77094    8.158623  11.785375   9.160266   7.660781   8.403125
  8.008107  10.233847  10.306565  13.010955  11.702345   9.643483
 13.506956  11.951256   9.606293   9.728442   9.420755   8.77755
  9.4496565  7.462695  10.077004   7.0394917  9.230524  11.552941
 10.220763  10.14158    9.638517   8.440117  12.854989  11.096419
  9.228533   8.065206   8.43371    9.834354   8.469007   7.2107143
  9.567585  12.459156  11.220473   7.787657   9.230076   9.280063
  8.490126   9.958071   7.203735   7.494237  11.591153   8.8413515
  8.1482525 11.057489   9.938572  11.564333  11.857421  10.699218
  7.180436  11.032141   7.900415   8.19155    8.231375   9.638646
  7.8431506  9.976249   9.306303   7.7581973 10.625091   9.408895
  8.247211   9.496578  10.948652   8.862448   8.33292    9.119577
 11.662033   8.416868   9.446307   9.693994  12.052999  12.059411
 11.531142   9.820562  10.807091  10.857414  10.0848675 10.544932
  9.491944   7.7665744 10.0854     8.333342   9.82357    9.485255
  8.580447   8.725918  10.5019865 10.404682   9.963796   9.35908
 11.317145   7.890914   9.222588   9.542802   8.674879  10.115346
 10.368957   9.716078   9.528255  10.479251   8.63853   10.759002
  8.608651  11.947052  10.605385   7.692288   8.01592   10.339517
  8.7667     7.3276052 10.051595   6.270009  11.077189   9.565743
 11.569233  12.491955   8.635219  12.194552   9.14886    9.207702
  9.043909   7.59598    9.556383  10.264161  10.813273  11.777976
  7.8897753  9.407458  15.959072   7.931088  10.430799   9.0158
  7.943023   9.993818   9.629413   9.957766  10.595038   9.372239
 10.139817  11.580093   8.265764   9.474062   7.9683213 10.268116
  7.3561535  9.653281   9.995741   7.7898755  8.669453  11.021126
  7.9576597  8.840719   9.893623   8.714526  13.361139   9.303591
 11.771525  10.100207  12.242822   9.394995   9.904122  10.868904
 10.355512   9.906108   9.469225  11.497214   9.087982   9.203247
  9.025833   7.809962   9.244347  10.037208   9.5693    12.575859
 11.736284  10.622918   9.333868  12.675207   9.631161   8.965776
 15.260683   8.908476   9.966217   9.65343    9.46822    8.484944
  9.33099    9.425195  11.730591   9.393087   9.980156  10.446731
 10.992229  10.126478   9.61319   10.282591   8.8823395  8.280716
 10.295546  10.301219   9.752549   8.383822  10.420136  10.395697
  9.387878  16.165497  11.151358   8.319487  10.684187   8.488577
  7.277586  13.463342   7.4548893  8.189419  11.808177   9.339922
 12.349855   8.385417   8.183297   9.379176   8.525171   9.295138
 10.734578  13.3875065 10.141936   6.8737154  8.050226   7.996816
 10.287298   7.738269  11.686693  10.1238985 10.023982  11.232918
 11.068332   8.168228   9.780621  11.28951    9.3776455  9.436423
  7.936372  10.507636   7.3489046  8.313915   9.810549  11.215134
  9.288684   9.027453   8.342177  10.437779   8.199409  12.046252
 10.250632   7.375562   9.523568   8.854449   8.973978  10.369953
 13.491542   9.390255  10.143441   9.632174   6.871473   9.980379
  8.178445   9.60319    9.383348  10.899901  10.549486  10.220723
  7.501117  11.674914   8.01174   11.250309   9.599273  11.534467
 10.116536   7.649853   7.6571274  9.662369   7.8022456  8.758199
 12.170283   8.600067  10.760968  10.711856  10.085371   9.3306265
  8.172892   8.969196  12.039462  11.411267   9.124152  11.9262705
  8.563188   7.8436723 11.972685  11.040345  10.345718  11.076091
 11.12469   13.370697   9.851986   8.956081  10.842454   9.335065
 10.5401     9.509432   7.5160656 10.330436  10.885181   7.9576364
  7.969668  11.208962  11.637575   6.155405   8.203059   7.8529444
 11.118767   8.086703   9.954967   8.667328   8.823441  11.302079
 11.18497    8.033742   8.652953   9.2793865  6.426358   9.986012
  7.5428367  8.935304   6.8862643  9.465292  12.48577   14.868646
 10.833587   8.097303   8.368234   9.838099   9.271091  11.002696
  8.475944   9.14342    9.973989  12.868396  10.642048  12.813216
  9.557642   6.4254837 12.026837   9.78033    8.741562   8.03726
  8.918778  11.599799   9.961267  10.36493   10.262531  11.298474
  9.283153   7.3307276  9.292937   9.151239   9.481829  10.211326
  9.57194    9.985112  10.345639  10.316017  10.921377  11.3186
 12.075452   9.786234  11.554715   9.4165    10.628878  10.118347
  9.447562   9.394713   8.357844  10.36988    8.543589   8.901433
 10.379469   8.064889   8.387603  11.230646  10.851073   8.512961
  9.78006    9.831625  13.0926485  9.699714   8.6117525  9.225213
 10.326619  11.72152    8.187171  10.865007  10.063173  10.041628
  8.230417   9.495871  10.761111  10.6046715  9.941542   8.703383
  8.582056   9.601939   9.330408   9.173749   9.171462  11.122218
  8.805092   9.966702   9.661533   8.625764  11.574044   9.096484
 11.29397    9.940025   8.114791   8.303276   8.886394   6.5751147
  9.042982   9.825967   8.568767   9.614792  12.429948   9.186464
  9.516458   8.483648   8.951724  10.906229  10.930022  10.251412
 11.194433   9.764304   9.4904    13.039928  13.029338   9.641418
 11.093242  11.104168   7.765659   8.420702  84.92933   11.859659
 10.536724  11.276902  10.057144   8.778964   6.5004454  7.252114
  7.4995127 12.026672   9.279141  12.539313  13.576541  10.185129
  8.966558  10.343858   9.80692   12.460219   8.984136   9.058494
 10.45845   10.219213   7.806882  12.794748   8.791775  10.687802
 10.78728    9.396998   7.679552   9.858445   8.057305   9.8636055
  9.736386   6.897581   8.233228   9.341488  10.356372   9.595692
  7.44808    8.6975    12.891529   9.890702  11.506073   8.539473
  9.9496565 11.371941   7.6454253  7.982364  10.081741  10.630955
 10.262424   9.415922  15.909945  13.094697   8.081726  10.592678
 11.307578   7.1750803  8.422946  13.100642   9.145333   9.24662
  9.363572  11.094032  12.004434   9.188245  10.718943  10.623054
 11.69673    9.72781    6.7339845 10.000414   9.724699   7.186432
 12.985874   8.684779   8.371175  10.036696  10.295083   8.566351
 10.399197   7.823245   9.656732   8.682697  11.253192  10.102193
  9.302424   6.432316   9.201627   9.7894535  7.7555485  7.0783434
 11.067121   9.192448   8.066654  10.682478   9.122021   8.584793
  8.670832   9.063192   9.299778   9.120441  11.1969385 10.248134
  9.799988  11.508803   9.445613   7.2162814 10.696791  10.77924
  9.401491   9.37541   14.020908   7.9220815 11.540555  10.865314
  9.700133  12.311381  10.457291   8.785969  12.10536    7.762445
  9.9938135 10.956155   7.422782  12.064828   9.548684  10.877975
 10.892161  10.04757    8.614661   8.718248  11.647103  10.57514
  7.374763   8.873629   9.336183   9.121321   8.847748  10.290186
  8.99359    7.5532317  9.027469   9.386744  11.933021  11.159254
  8.070224  10.500395   8.09022    6.993224   9.340808   9.669933
  8.785044  11.172574  10.10805   10.1636715  6.8990216  9.313059
  7.760257  10.621679   9.178238  13.007922   9.520081   8.879072 ]",0.400531914893617,0.3795942256848017
6,23,1081,"[[ 1.1546149   0.22931543  0.5555331  ... -0.42866313 -0.44609573
   0.48193118]
 [-0.14761463  0.8493308   1.0250201  ... -0.8980201   0.8107387
   0.26692653]
 [ 0.6085917   0.47465888  0.14403585 ...  0.15474167  0.25321478
   0.41879085]
 ...
 [ 1.3256987   0.4275969  -0.1481794  ...  0.15971953  0.87823385
   0.366624  ]
 [-0.132876   -1.1395894   0.7041803  ... -0.7738249   0.1634024
  -0.05052609]
 [-0.687102    0.19396076  0.5076662  ... -0.7284009   0.7776917
   0.35441488]]","[10.152741  10.67075    8.899784   8.997685   7.994525   8.425081
 10.159528  12.013668  10.455201  10.06393    6.9852467  8.633561
 10.089674   8.786174  10.214318   8.820541   6.111027   8.961416
  8.735455   7.5740223  6.877837   8.340756  12.097245   9.769643
  9.39867    9.79911   10.372674   9.345426   7.2423716  9.190946
  8.297262   9.034069   9.9801035  6.80133    9.461483   7.7603545
  8.195145   8.659705  10.396189   9.302442  11.398482  10.571926
  7.993571   8.680419   8.811228   8.690356  12.829729   6.6487436
 11.681766   9.437418   7.834311  10.133847  10.432653  10.893026
  9.556338   9.817705   7.807543  11.364452   7.756365   9.485466
 11.009913   6.7122264 10.934824   9.633622   8.484963   9.160696
  8.490819   9.660614   8.603001   9.757646   8.167619   9.785457
  6.885754   6.856864   8.811342   9.17216    8.639146   8.679421
 11.136986  10.153811   7.895601   8.335581   7.7261376  8.527749
 10.52903    7.1715355 10.211237   6.6105566  7.4478073  7.4084816
  6.782951  10.353411   7.122003  10.903134   8.201326  10.85834
  8.641087   9.242974   8.720902   8.92138    9.3885145  9.509393
 10.922031   7.780314   9.155843  10.105565  11.4739065 10.27928
  7.9217486  7.3286104  7.107498   8.475219  11.1689205  7.756573
  9.101518   8.036446  10.829956   4.9807363  7.217737  12.399166
  7.292447  11.572276   6.6802807  8.675692  10.222328   8.079734
  6.6153564 12.222242   7.2646213  8.592993  10.179373  10.980711
  7.936278   7.8877697  9.889026   7.5903707  8.842852  11.364585
 10.944327   8.311446   6.7791686  7.2242613  5.57851   12.527822
  8.364583  10.665849   7.808906   8.076199  10.538362   9.31302
 10.81052    8.074381  10.297808   7.9680753  7.013272   7.6431656
  7.2028008  9.296827  10.3593855 13.578108  10.44994    9.456732
 11.918039  10.144702   7.633173   8.924775   8.880695   8.45308
  9.93519    6.5128207  7.591531   8.036428   9.121128  11.83393
 10.4353695  8.421783   8.159277   8.0468445 10.55234   10.881797
  8.176339   7.7112303  7.5682693  8.507087   7.087329   6.054763
  9.660038  12.1139    10.702331   8.264332   8.275629   8.000645
  8.11529   10.944666   7.750766   7.882183  10.556353   8.465661
  7.898497  10.876264   9.76731   10.332162   9.880095  10.5122385
  7.4081182  9.953092   7.2802587  7.7221675  8.080072   8.788308
  7.04988    9.029446   9.132173   7.128393   9.724884   8.848491
  7.668166   8.534449   8.101768   8.47764    8.145391   7.3135605
 10.86394    7.584746   9.047805  10.5533495 11.115145  11.286438
  9.373664  10.015948  11.11504    9.31114    8.886302  11.061197
  8.533911   7.9553986  9.6711     7.114898   7.403154  10.164744
  8.594016   7.880682   9.16852    8.705015   9.254187   9.780883
  9.495756   8.300852   9.749154   8.489419   9.356222  10.173997
  8.536125   9.53718    7.825331   8.821224   7.085341   8.16167
  7.86871   10.605828   9.88958    7.643814   6.6914725 10.160905
  9.147182   7.7849874 10.311215   7.64846    8.199184   9.01329
 10.177747  10.053276   8.940497  10.058051   7.598155   8.348946
  8.090466   7.2400866  8.452277  10.018129  11.0193205 12.309945
  8.240546   8.7018385 14.972255   8.830108   8.484983   7.73053
  6.82604    8.995047   9.31723    9.763018   9.148503   7.729242
  8.130602   9.938952   8.646752   7.8792152  7.9421215  9.220037
  7.1067095  9.70208    9.401218   7.5830545  7.8820972 10.3405695
  7.649775   8.261215   9.298686   7.2483573 11.13863    7.951742
  9.905748   9.605535  12.49255    7.823149   8.624321  10.767804
  9.459393   9.164971   7.815855  11.095029   8.367381   8.675739
  6.85795    7.2373395  8.023443  10.75454   10.125574   9.775779
 10.805513  10.485365   7.746175  10.9690485  8.549202   9.304695
 14.087314   6.6772075  9.663543   8.905635   8.155783   7.590976
  7.188132   8.727073   8.796349   8.473878   8.077078   8.967548
  8.510198   8.88124    9.065815  11.072765   6.9323072  7.7467446
 10.603808   9.565989   8.4266     8.785226  10.204742  11.653859
  8.814427  13.107433   8.55809    7.4406347 10.537777   6.5475802
  7.1882176 10.94358    8.106977   7.9653606 12.932257   8.540773
 12.273134   8.973396   7.540394   8.653439   8.292675   9.702752
  9.229218  12.670076   8.671868   6.6876097  8.222568   7.528045
  8.760178   6.502784  11.473868   9.011049   9.868169  10.369695
  9.840381   7.3330626  9.30796   10.258105   7.388132   8.376119
  8.100719   9.828995   7.407255   7.6837063  8.84969    9.712458
 10.393308   7.9877353  7.397799  10.87678    9.217278   9.502472
  8.921407   7.4262958  8.386659   8.606387   8.653606  11.87345
 14.131982   9.277305   9.886282   8.64275    7.551377   8.77221
  6.897866   9.635301   8.845782   9.577969   9.354728  10.810349
  7.856639   9.858034   7.3628864 10.782048   8.643819  10.391452
  8.643603   6.056802   7.7527175 10.130318   7.1814203  8.581966
 11.200807   8.182979  10.50519   10.57865    9.111603   8.79008
  8.714698   8.344625  11.382313   8.933952   8.270401  11.310934
  7.1775613  7.3900495 10.777547  10.362045  10.067153  11.437789
  9.941178  11.994713   9.342477   7.7218266 10.861652   8.9646
 10.7165165  8.240127   6.5581574  9.50459   11.930449   7.5618105
  7.951411   8.156951  10.802432   5.7846127  7.235932   7.9967813
  9.147257   7.75148    8.466899   7.740556   7.7381473  9.41166
 10.550544   7.624614   7.5020585  9.226589   5.791001   9.66233
  6.8901014  8.782247   6.18252    9.439503  11.487736  10.761374
 10.181453   9.14947    7.869639   8.628193   9.020127   9.65889
  8.076356   9.2665825 10.8102255 12.936101   9.901987  10.622001
  9.056225   5.9452095 12.742977   9.51533    8.777866   7.8608537
  8.254389  11.918907   8.41863    8.663778   9.334346   9.991187
  8.576739   7.0278735  8.487608   7.8587685  8.695646   8.279429
  8.637407   8.616819   9.338792   8.12649    8.371224   9.8275385
 11.490842   9.5776005  8.985726   9.634808  10.023001   8.487043
  9.5618305  8.164631   8.210738  10.67472    9.639396   6.9894223
  9.025921   8.214954   8.369326  12.337841  10.40666    9.479842
  9.533326   9.187381  12.469223   8.161429   8.587242   9.945667
  8.661408  10.844459   7.3358564  8.980166   9.10986    8.779333
  9.511057   8.248934  11.177574   8.573429  10.152554   8.508652
  8.375358   9.10481    8.9237     8.323139   7.395153   9.659433
  7.3024907  7.425438   7.0629134  8.1134    11.9597435  8.352428
  9.005266   8.228583   7.600796   9.833335   9.634854   6.37944
  8.699899  10.078836   8.785199   8.873134  11.808055  10.062144
 10.298424   7.243593   9.964055  10.972061  10.412014  10.624655
  9.681725   8.010081  10.17242   11.049196  12.785482   9.499283
 10.393306  10.271644   7.0623765  8.122788  78.35926   12.468765
  9.468883  10.949823  10.005937   6.8773575  7.374112   6.7873793
  7.1282907 10.539046   9.0279255 10.425988  11.23948   10.90464
  8.287369  10.235859   8.237536  10.689726   8.207861   9.458449
  9.32199    7.9486837  8.036039  10.235633   8.583541   9.652611
 10.265711   8.407439   6.3634634  8.451261   7.8571305 11.188187
  9.429717   7.2504086  7.7702665  7.121188   9.587772   8.141838
  7.009475   8.851429  11.233092   8.228242  11.037796   8.454048
  9.016604   8.569109   6.5906005  7.5497675  9.37908   10.370187
  9.508888   8.85196   13.43395   12.412679   6.8823094 10.851798
  9.959085   7.506366   9.450133  12.480085  10.185723  10.210862
  8.866105  10.3591585 10.066675   8.14863    9.888357   9.116868
 10.623447  10.525636   7.0467787  7.8236756 10.18672    6.6638346
 10.927087   8.256714   8.07658    9.171905   9.259723   7.9898734
  8.523117   7.871277   9.442285   8.882385  10.568316  10.442919
  8.253363   7.036113   8.610532   8.442189   6.6311164  7.1669755
 11.598798   8.761096   6.9673104  8.794294   8.400342   8.418703
  8.914331   7.7731566  9.2639675  8.818972   9.873107   9.479214
 10.226759  11.063894   8.539643   6.522317   9.91552   10.023156
  8.814947   7.6256027 11.39208    8.751647   8.858448   9.183598
  7.9181743  9.902591  10.074577   8.795651  10.945601   8.695932
  8.9845915  9.525667   7.414423  11.738906   8.327865   9.106161
 11.174325   7.9754972  9.62865    8.048186   8.621223   8.821114
  6.6928463  8.479668   8.558114   8.877769   8.044948   9.774508
  8.095377   6.937575   7.219027   8.611687  10.669885   9.343419
  7.8782015 10.623431   7.104785   7.470378  10.475112   8.172309
  7.9341593  9.540603   9.390697   7.5067782  5.707861   9.847959
  7.812268   8.508773   8.264183  12.976129   9.499188   9.013514 ]",0.47074468085106386,0.4139315545558929
7,23,1081,"[[ 0.44927934 -0.58269024 -0.03278806 ...  0.2077826  -0.28234264
   0.5423205 ]
 [-0.72287136 -0.10820684  0.32123765 ... -0.7488484   0.41384992
   0.48190987]
 [ 0.620362    0.11554245 -0.00750803 ...  1.8079127   0.47380584
  -0.47921854]
 ...
 [ 0.14624377 -0.22291489 -0.10320465 ... -0.74422836 -0.6251957
   0.33505368]
 [ 0.58373386 -0.18272437 -0.59708536 ... -0.0979763  -0.8387025
   0.5712925 ]
 [-0.3790992   0.05153951 -0.4331533  ...  0.65731406 -0.5692121
   0.8362446 ]]","[ 8.379418   8.057813   7.974448   8.00338    7.291393   7.769366
  8.998608  10.999523   8.587558   9.347817   7.067825   7.1612625
  8.856709   7.960872   8.906601   8.414168   4.1339107  7.3371563
  7.5652876  6.7102075  5.9022145  7.2499027 10.036215   7.4316955
  6.7271605  8.675226   8.505657   8.795752   7.456902   8.439775
  6.3171635  8.293374   9.464249   6.3611655  9.211561   6.4185863
  8.000282   8.113132  10.702237   7.5731483 10.9621     8.934781
  6.670396   7.3405952  8.237717   9.134102  10.537438   7.093944
 10.864905   7.759108   7.23586    8.431965   8.577724   9.592708
  7.701837   7.6673226  7.1357703 10.269013   6.672695   6.7164907
  9.006072   6.688001   8.529372   7.7502418  8.476406   9.551062
  7.7941895  8.14709    8.079881   8.646379   6.6537924  9.07572
  6.62823    5.7771263  6.4298463  7.7810717  7.8631744  6.7822113
  8.876121  10.074977   7.045597   7.3915553  7.0912867  7.5239983
  8.388779   5.6476507  9.473792   6.5089297  6.8640547  8.250282
  6.736001   8.730236   6.7654104  8.428827   7.885767   9.509973
  9.439711   7.52321    8.077473   8.242417   8.328468   7.8520927
 10.230972   7.0448785  9.105702   8.904504  10.360461   7.9503536
  7.8964763  7.1103015  7.3572063  7.3981667 10.05019    8.015248
  8.143362   7.2396183 11.304526   3.3578959  6.403166  11.202584
  6.453625  10.130919   6.228042   6.843714   8.607481   7.003006
  6.6981196 10.437695   5.760751   8.089523   8.8478    10.472339
  7.955926   7.661542   8.586355   6.489938   8.435673   8.793347
  9.685653   6.1705327  7.1163936  6.883648   5.6897306 10.109939
  7.405194   7.955325   6.7232947  9.455193   9.780651   8.015576
  8.375939   5.58116   10.17771    7.797119   6.5232654  7.5748987
  6.943067   7.863292   7.7368493 10.570368   7.5296655  9.17883
 10.942227   7.9410086  7.512911   7.502151   7.758483   6.9962115
  9.743355   5.961248   8.06762    6.3369727  8.232927  11.162663
  9.249946   8.534289   7.4643493  8.238687   8.771984   9.35065
  7.7106285  7.657028   7.4127107  7.64125    7.2802534  5.746025
  9.176397   9.4818     9.7841015  6.610295   7.2444     8.136038
  7.575095   8.256669   5.752637   7.1997685 10.714823   8.407322
  7.407387  10.428022   8.615841   9.498395   8.254299  10.128139
  5.756085   7.773763   7.0379863  7.061434   7.805417   7.595075
  7.032002   8.765564   8.499656   6.9948807  8.169079   7.13886
  6.179785   7.612151   7.348398   7.957089   7.5129094  6.7896233
  8.76302    7.761701   8.84431    9.45912    9.232548  10.12695
  9.162276   7.698766   9.781654   8.884727   5.8913946 10.25639
  7.920684   7.1098876  8.787927   6.444678   7.4865694  7.33639
  7.5318336  7.0728226  7.6603537  8.630673   8.718453   7.813421
  8.672683   7.7456436  8.386559   7.0719767  8.264758   6.747055
  8.6238365  8.937866   7.358524   5.5834174  7.2191706  7.6470675
  7.02518   10.664482   8.602255   6.266956   5.2376833  7.6665826
  7.323197   6.773659   8.7805195  5.79932    6.150817   8.389817
  9.436234   9.232204   6.502626   7.9877005  6.7329783  7.73046
  7.9269924  5.7944217  8.418201   8.576964   9.767015   9.542765
  6.3909874  7.8511186 13.495352   7.0554824  7.5410275  6.662945
  5.773089   8.0723715  8.928663   8.629129   8.829605   6.783243
  7.1637406  8.840982   7.455003   8.031024   7.120916   7.1940007
  6.795494   7.8575277  6.646667   8.409709   6.9445662  8.773046
  7.1559     7.6209145  8.977743   6.6926594 10.246575   6.8620567
  9.465899   8.965087  10.796711   7.803552   8.148119   9.912515
  8.403222   8.858552   7.3631825 10.706459   8.352127   7.080014
  7.440829   6.612933   6.914256   7.319972   8.863924  11.241974
  9.747622   9.482327   7.5035667 10.589028   7.4948673  8.318667
  9.730143   6.88012    8.214806   7.2379065  7.9124813  4.788539
  6.850992   7.3506618  8.395859   9.020643   8.046505   8.215437
  7.8345437  7.899164   6.7269897  9.864359   7.23701    6.98307
  9.333887   9.130099   8.707237   8.020561   8.875017   8.85796
  7.1831374 14.076631   8.514797   7.9553785  9.770548   7.029569
  6.3355947 12.646134   7.3603616  7.703222  11.21588    6.8355203
  8.967851   7.5893397  6.543214   7.459156   6.772317   8.924335
  9.375302  11.768334   6.376218   6.124248   6.4693847  6.745532
  7.1867204  5.853871   9.7627325  9.115296   9.085384   9.265913
  8.373249   7.463157   8.050248   9.274387   6.7921333  8.674096
  7.526618   8.155366   7.243144   7.2798595  8.065424   8.569722
  8.77532    8.563235   6.607067  10.407182   7.7288556  7.9661098
  7.697735   6.986406   7.737841   7.9926248  8.631158   9.204708
 11.623935   8.5449505  9.217709   7.9466634  6.1256022  8.611252
  6.574468   7.7250404  6.9930396  9.323965   9.573972   8.908065
  6.502258   9.04034    6.1815567 10.815717   7.4617805  8.846699
  8.866184   5.6546793  7.1125727  8.382098   6.2604823  7.21617
 10.943818   7.0725226  8.861378   8.904013   8.388087   9.987333
  7.091461   7.0599823  9.175137   9.348491   7.5013313 10.593989
  7.2103906  7.07553    9.604686   8.02387    7.964912   9.193947
  9.035926  12.029002   8.222116   8.434546   9.118555   8.350555
  9.715854   7.145656   5.727198   8.448415   9.242861   7.5798764
  6.4755573  8.091535  10.094612   5.0754857  6.9187336  7.23219
  7.9034886  6.4559526  7.45861    7.1370935  7.885231   9.09083
  9.48737    7.7631645  7.1503396  8.9431     4.5287905  8.7858
  6.4239244  7.330483   6.360363   7.8163085 10.253187   7.980014
  9.256666   7.576908   6.786436   7.42691    8.38568    7.8996987
  7.8269467  8.64771    8.846784  12.269554  10.324587   9.6139765
  7.864779   5.4604864  9.694371   7.4303317  7.5556197  7.457104
  8.370904  11.769056   7.8217053  7.73507    8.414977   9.362013
  8.498094   6.2743893  7.472771   7.553747   8.33344    9.147903
  8.001155   7.931224   9.305963   8.903248   7.791873  10.157454
  9.792743   8.449458  10.183277   8.597716   7.8522897  8.362862
  8.457578   7.1647844  8.031291   9.8197975  7.609587   5.524918
  8.009062   7.490531   7.4547606 10.220574   9.660493   7.753202
  7.9972034  8.414158  10.922916   7.7625294  6.661225   9.707254
  8.563845   8.731485   6.298886   8.1013565  9.338124   7.5778437
  7.2889986  7.6772356  9.88479    8.466849   8.172752   6.943083
  6.7238183  8.246501   7.796924   6.9518976  6.666484   7.382954
  6.645534   7.6299257  8.273684   7.090972   9.328676   7.6122494
  8.204393   5.558927   7.3967543  8.280255   7.7829423  5.756639
  7.778806   8.992091   6.5257707  8.482036  11.187971   9.43596
  8.535056   7.4667625  9.87134    9.389149   8.027809   8.266849
  8.079205   7.6245394  7.9053206  9.464888   9.399657   9.088962
  8.056418   8.431587   8.585731   6.948844  78.42346    9.432117
  7.4307423 10.029922   8.897985   6.799479   6.462256   6.2344193
  6.453006   9.379911   8.503795  10.406859   9.970338   8.599366
  7.7493095  8.149715   8.375978   9.563683   6.810104   7.4585643
  7.9352913  5.5864344  7.3601975  9.398031   6.996102   9.20092
  8.482064   7.9019527  5.579251   7.8624606  7.8254094  9.921154
  7.2157702  6.5883117  8.013505   5.5841107  9.524556   7.5278325
  5.28688    7.381407  10.684032   6.529452   8.829058   6.8745356
  8.770284   9.36569    6.0449753  6.2849665  8.187007  10.025362
  8.078059   8.611095  10.862133   9.913535   6.9073935  9.604352
  8.414062   6.8222547  7.722737  10.953214   9.214314   8.356782
  6.4927564  8.760204   8.351707   9.230614   8.340526   9.138587
  8.969517   9.122297   5.997621   7.9881835  8.476244   6.1742873
  8.941168   6.8900843  6.8355775  8.669823   8.667508   8.31791
  7.8298326  5.8317327  8.419021   6.7601266  8.763527   8.050789
  7.8572497  5.7942543  7.988667   7.363735   6.799378   6.893885
  9.672149   6.731842   7.401367   8.402995   7.6482506  7.4753275
  8.393774   6.8973703  8.457367   8.478572   8.908607   8.12527
  8.144761   9.810387   7.8363843  5.802503   9.260372   9.584076
  9.416117   7.398293   7.7161236  8.635916   9.255221   9.262246
  7.306074   9.53483    8.285917   7.314691  10.261252   7.500469
  8.124645   8.131181   6.253199  10.298718   7.9959793  7.7750077
 10.471877   6.895219   7.7455816  7.242022   8.487775   8.641503
  7.2816734  7.3402596  7.014296   7.895272   7.6961308  7.720396
  7.0662007  6.6637154  6.030949   7.834622   9.317974   7.395158
  8.035021   8.925146   7.716782   6.731743   8.893609   6.66573
  7.5079007  7.81735    7.405404   8.006269   4.2036114  9.507408
  7.6184874  7.3282933  7.363813  10.660777   7.585601   7.6458917]",0.5122340425531915,0.44055468638738
8,23,1081,"[[ 0.46830237  0.0641185  -0.17529777 ...  0.3646432   0.02822869
  -0.1281842 ]
 [-0.35119906  0.48033467 -0.6552154  ...  0.07524465 -0.43379366
   0.22082014]
 [-0.07516767  0.22067079  0.6987363  ...  0.4867528   0.01479093
  -0.55563796]
 ...
 [-0.2690269  -0.56872     0.00908688 ...  0.79419595 -0.3612651
   0.98904765]
 [-0.23818688 -0.00201716 -0.3559893  ...  0.2840467   1.0283391
   0.47126874]
 [-0.05361297  0.8242774   0.3878789  ...  0.12785129 -0.30791178
   1.0879835 ]]","[ 7.271109   6.217038   5.7998424  6.136212   6.3382554  5.8586073
  6.48248    8.691358   7.291216   7.8688846  5.5494184  5.395177
  6.8119903  6.3698273  7.711806   6.106436   3.4536958  6.5341125
  6.4950905  5.873609   5.583544   5.3533735  8.113463   6.5057826
  6.443095   6.883904   7.1000714  7.483367   5.5230174  7.2772613
  4.377136   6.2633457  7.8283587  5.5083594  6.9064083  5.3167706
  6.3271904  6.511793   8.558983   6.124232   7.835934   7.7794423
  5.3410087  6.400289   6.667258   6.423994   7.920564   4.6423273
  8.939675   6.4530973  6.405264   7.8384767  6.2488403  6.641018
  5.270593   6.322137   6.3715444  7.690105   5.657455   5.8646173
  7.4531655  5.6097527  6.9897723  6.979017   6.6595464  5.366524
  6.1257143  6.5591455  5.651459   6.63277    6.1375074  6.711971
  5.9560175  4.0457835  5.7754707  5.8975935  6.122997   5.4743066
  6.6038175  6.9909816  6.408583   5.875037   5.775089   6.0678864
  6.4584513  4.626116   7.6211824  5.876886   6.5912323  5.7186203
  5.308818   7.841199   5.3236547  8.0088415  6.413215   7.0899944
  6.3778205  6.2832975  6.5162168  6.019816   6.80952    6.4639077
  7.3772144  6.4423914  7.3563957  8.112835   8.178149   6.663873
  6.4788513  5.254145   6.0209055  6.881582   7.237657   6.2515492
  6.1556907  6.427946   8.38498    2.5266073  4.413978   8.033318
  5.0979033  7.975905   4.8366446  6.1777906  6.994763   6.0153337
  4.5868363  8.145388   4.1443486  6.0533214  8.231148   7.05637
  7.0097103  7.058412   6.5360518  6.439661   7.085795   8.7011595
  8.213816   5.9969926  5.405592   6.212647   4.9744062  8.247931
  6.480547   6.986209   5.0947394  6.9306235  8.232451   6.018686
  6.639166   4.7769685  7.165157   6.5846086  5.9626036  5.139339
  5.613542   6.160798   7.0912366  7.5843267  6.7121363  7.0148673
  8.967163   7.3386908  5.493982   6.3393784  6.444573   5.0821624
  7.087644   4.4190593  5.7396035  5.6218624  6.627352   8.331734
  7.45551    6.692343   5.080823   6.3224993  8.118902   7.934627
  5.7253428  6.276282   5.763993   5.6903267  5.941085   3.9181368
  7.2836127  7.5257864  7.2240405  6.29563    5.9041724  5.9748917
  5.5268507  6.919607   5.536623   5.4634647  7.688996   6.4205513
  5.9619403  7.579491   6.992059   6.644797   8.458456   7.1411986
  5.419254   7.0317597  6.2224746  6.1164355  6.5092726  6.030442
  5.339131   7.032367   6.3953514  5.9759316  6.4469767  6.1506047
  5.3677373  5.414328   6.8826404  6.1223984  7.085522   5.1054645
  5.856346   4.9466343  7.785941   7.695715   8.06065    7.5506983
  6.2382803  6.8340306  7.3485017  6.6057944  6.565641   7.2794337
  6.575948   6.778673   5.6312094  5.132408   6.8696856  7.207665
  6.9715104  6.173244   6.669951   6.4377127  6.820813   7.7028875
  7.641256   6.0246415  7.75181    5.312561   6.879686   5.8384233
  7.2991514  6.1071987  6.139312   3.9894156  6.2213383  5.1538672
  5.669451   6.8066278  7.0021586  6.1034513  3.462669   7.5438743
  6.71888    6.1135087  7.200896   5.354251   6.3322453  6.8773456
  6.978192   7.2287574  6.217237   7.203736   5.9353676  5.9479556
  5.769066   4.8704214  7.3103514  7.0479326  7.9457617  7.5658326
  6.56438    5.8630676 10.909666   5.8502507  6.6686187  5.38487
  5.2456     5.966799   7.1798816  6.2734623  7.3515396  5.447976
  6.0758443  7.9963617  6.059194   6.323537   5.836219   6.215946
  5.4783587  6.387996   6.2435403  5.462243   5.542769   5.504804
  5.6988306  6.8165836  7.4941826  5.3051667  7.62085    5.498741
  7.5087595  5.4952188  7.691582   5.545685   6.1294336  8.444915
  6.8921843  6.2124805  5.500526   7.5619044  6.895321   5.900562
  5.913378   5.195983   5.528858   7.103319   7.1494384  8.710293
  7.905298   8.207612   5.3616424  7.651979   6.0872493  5.3952875
  6.8414626  5.6432776  6.4324408  5.1376934  5.6417723  3.7696073
  5.6045437  6.311004   5.4313736  7.1552005  5.48795    7.6196866
  6.1388626  6.5600767  5.0880966  7.9584866  5.683107   4.6836233
  7.271861   8.205907   6.801875   6.407254   8.302743   7.650002
  5.5606766 10.159915   7.345324   6.5133295  6.9849625  5.8283296
  5.861844   8.235015   5.690594   6.0586166  7.255568   4.8925996
  7.0167236  6.8953037  4.8263116  6.1158705  6.3402524  6.933977
  7.0909715  8.015485   5.861792   5.2108507  5.295921   6.0037026
  6.6540217  4.263296   7.5848556  8.819305   7.070015   7.753501
  6.422589   5.649307   6.9538493  6.450832   5.764565   6.1710377
  5.3848195  8.214559   5.371308   5.6609263  6.894953   6.8144903
  6.7871184  5.3947725  5.677803   8.241963   5.5133243  6.6918483
  5.5563173  5.239444   5.2354293  6.754339   6.1789355  7.5841537
  9.231461   6.8285775  7.8596582  5.6816764  5.2388053  6.906141
  5.6582565  5.8480754  6.5912743  7.3020277  6.414243   7.72847
  5.787113   6.624781   5.3203278  8.690263   6.2377286  7.1489983
  6.4594207  4.5310082  5.072692   7.073183   5.3912487  5.9233065
  7.712699   6.221024   6.72294    7.8423905  7.064995   6.975162
  5.308416   6.35844    7.085973   6.8456597  6.256315   7.048885
  6.484892   4.917594   7.9132547  6.3605185  6.3345313  8.54523
  7.0455055  8.602841   6.8544707  7.211731   6.843933   7.071225
  7.141074   6.189996   4.658477   6.1877484  7.3781195  5.772282
  5.708925   6.2759824  8.126749   4.0840383  6.0354743  6.079962
  5.589316   6.391443   6.678626   5.7512255  5.479456   6.75726
  7.3878536  6.6935134  5.138347   6.0756235  3.3760598  6.6654525
  5.649861   5.382785   5.445785   6.0936737  7.1955986  6.533981
  7.3051176  5.6260023  5.7131777  6.0536532  6.6166835  6.5061784
  6.1670957  6.452152   7.6150904  8.509731   6.541627   7.397812
  7.7593455  3.6713192  7.2745     7.8663454  5.5363255  6.534116
  5.82323    9.346521   6.9636345  6.8006372  5.6820707  7.7714515
  5.708909   5.8400955  6.0804663  7.1977487  5.864476   6.3154225
  5.081622   6.869712   6.389927   6.3206687  6.340855   6.4939766
  8.430863   6.7397494  6.7100887  6.899223   6.8073244  7.2356005
  7.3703403  5.7444615  6.3270497  9.00525    6.1952252  4.8171415
  6.296101   6.5476313  6.3863964  7.613064   7.9074926  6.7241406
  6.741294   5.8285904  8.23704    6.264316   4.7770185  6.841615
  6.8617954  6.765521   6.043101   6.503922   7.127192   6.297843
  6.52819    5.9044304  7.4534674  6.7604065  7.5117755  5.9918327
  5.441615   7.3815603  5.979647   6.144142   5.730732   7.651701
  5.3054223  6.028203   7.075645   6.7185764  7.801992   6.3690724
  6.629515   4.064236   6.510407   6.7554197  6.6694193  5.745351
  5.9878793  6.7367415  5.8045845  6.404837   8.098035   6.5429792
  6.881322   6.721163   7.7036653  7.603385   7.977077   6.910558
  7.4480267  6.818832   7.0717554  7.650811   8.528882   7.6269317
  6.8355837  7.605339   5.7968473  5.993015  56.818146   6.6751385
  6.1206255  6.177174   6.3709965  6.1431055  4.3387475  4.8734455
  5.3013706  6.6595354  6.5634637  8.425758   7.445245   8.282606
  6.9466605  7.3663244  7.3502927  7.697016   5.9152355  6.3053417
  4.4963274  4.5353465  6.0415916  7.825965   5.4551096  6.468668
  6.980647   6.559223   4.210679   6.7270856  6.419627   7.761724
  6.1836457  4.978142   5.2631474  5.558052   6.5848575  6.418814
  4.03871    5.7875743  7.0643044  5.7284217  7.9307566  6.398529
  7.528185   6.7565303  4.691966   5.540127   6.6948166  8.932197
  6.049736   6.753549   8.071425   7.4194484  5.7633104  7.191545
  6.3532515  5.411469   5.751516   8.559352   7.4279513  7.2159514
  5.751692   7.835874   7.2923746  6.063477   6.6329193  7.530463
  5.8264656  6.22485    5.98144    6.517383   7.002118   4.953353
  7.6920714  5.9871397  5.7913513  7.6544604  6.0399766  5.974694
  6.168831   5.057734   6.325656   6.222698   6.727534   6.5241833
  5.469062   5.1934547  7.0769157  5.406151   5.104622   6.6362834
  7.7841887  5.4766917  5.591339   6.088914   7.1126223  5.8811646
  6.9678535  5.798395   5.984974   6.370157   7.5822606  6.914087
  6.3555927  6.830828   6.389339   4.199047   7.3169003  6.6837883
  6.0700116  5.822954   5.3453093  5.666026   7.635005   7.9215145
  6.318118   6.179089   6.7980013  5.550432   8.631359   6.262732
  6.494227   6.2597494  4.8673873  8.9439125  6.307707   5.7616124
  8.46854    5.7824254  7.4951563  6.572234   6.594913   6.8290153
  5.897174   5.9635777  6.1652365  7.0182085  6.111956   7.1106815
  5.534835   5.7639165  5.4656205  6.775496   6.281697   5.6722927
  6.2542887  7.3846645  5.2873917  5.4736686  7.2396975  6.0092163
  6.8163457  6.6759205  6.1608477  5.552289   2.9954436  6.593837
  6.27404    6.3847723  6.9408865  7.8740234  6.7643566  6.749581 ]",0.6308510638297873,0.5223899553219478
9,23,1081,"[[ 0.47652438  0.14394878  0.25445092 ...  0.00372761 -0.11579335
  -0.06604568]
 [-0.00968899  0.70976394  0.12724146 ...  0.13373812  0.19865206
  -0.19139557]
 [ 0.06444924 -0.09540578  0.85623854 ... -0.07587708 -0.43069482
   0.0054484 ]
 ...
 [ 0.12636843  0.09774891  0.11926056 ...  0.5494322  -0.00924845
  -0.04197229]
 [-0.01134924  0.42687497 -0.28793034 ...  0.17852472  0.72639817
  -0.04557295]
 [ 0.14264931  0.02115697 -0.09192125 ... -0.02030689  0.11406839
   0.77172244]]","[ 4.7043576  5.1200876  3.9945765  4.21165    4.210006   4.482444
  4.4835525  5.9977574  5.2831264  4.5516305  4.2678213  3.6941664
  5.024611   4.286705   5.160905   4.3899765  2.1944454  4.317856
  4.5135546  4.2122254  3.782822   4.7108393  5.5272875  4.333026
  4.831208   4.1880317  5.579681   4.9312563  4.148748   4.373788
  3.1935222  3.9532228  4.93634    3.5173872  4.966746   3.8696856
  4.675492   4.9326067  5.6646075  4.100943   5.0246167  5.0767746
  3.627657   4.253332   4.912923   4.4896755  4.767279   5.0750856
  5.3655186  4.5262136  3.9781566  4.5785947  4.7402387  5.0617027
  4.0066967  5.5456104  4.6334205  5.456492   4.4010124  4.436894
  5.560476   4.7937446  4.50341    4.7565045  5.0035634  4.637233
  3.8524756  5.2346134  4.4590607  4.0629187  4.288478   5.332092
  3.7252629  3.2236018  3.7589703  4.332014   4.754812   4.409934
  5.173194   5.40762    4.1361327  4.5496235  4.2190347  4.364494
  4.4254217  3.4827487  5.823552   4.3211927  4.329284   3.7531261
  4.654543   4.573032   4.6860576  5.102174   4.4478965  5.4011474
  4.3863826  4.8682556  4.815991   4.729232   4.2803893  4.056934
  5.0506754  4.0238748  5.1764765  5.0058007  5.5236664  4.199459
  3.9496903  3.666396   3.9505987  4.279882   4.8304443  4.191117
  4.17892    4.1155534  5.254632   1.3979007  3.76941    5.860931
  4.1966786  5.5946875  3.6281314  3.9346473  4.3271384  4.415415
  3.936713   6.2549534  2.9097688  5.091944   5.09253    5.230919
  4.654512   4.513743   4.8216166  3.8592806  5.4451756  5.2000666
  5.072555   5.204813   4.2096004  3.937804   4.3949904  4.519669
  4.8010893  3.7534747  4.325622   5.2026677  5.126447   4.4996715
  5.1830235  4.0950866  4.576793   4.3579555  4.355795   4.606392
  4.3619294  5.0609207  4.307995   4.140375   4.3879156  5.2349763
  5.612082   5.3694544  3.7060747  4.572623   4.1034274  2.651871
  4.8299913  3.921751   4.412752   3.7283049  4.6498017  5.778501
  4.8265047  3.82975    4.4944506  4.94077    6.1918154  6.096052
  4.2628574  3.7738152  4.853655   4.5360208  3.7976053  2.6510613
  4.437856   5.1360583  4.5793877  4.8577228  4.2732058  4.3100605
  3.8996773  4.677304   4.2611313  4.147275   5.0675144  4.788087
  4.616566   5.5940156  4.678703   4.9720535  4.95146    4.9677567
  3.8402207  5.4028525  4.589877   4.847183   4.313374   4.4784336
  3.7262292  5.256328   4.1236925  5.0114965  4.3637056  4.4866915
  3.5479722  4.042705   4.130315   4.6763186  4.858002   3.821682
  4.461495   3.8946528  4.980373   5.407649   5.33456    5.580267
  5.0820403  4.1966276  4.496122   4.4680033  3.9121048  4.896895
  4.739722   3.4980755  4.72154    3.6902862  4.544255   4.727984
  4.7533293  4.666295   4.384086   4.2730703  4.60923    4.05457
  4.730115   4.6773343  4.1509986  3.687353   5.1400647  4.335293
  4.4207435  4.605253   4.7107077  1.915054   4.0262723  4.0381637
  3.4235466  5.4608455  4.4664893  3.7458165  1.9796414  5.1070886
  4.0771832  4.19945    5.285147   4.074743   4.5224233  5.3783073
  6.0138617  5.283374   4.4488144  4.4670596  4.528807   4.853518
  3.8426614  3.6795382  5.036198   4.5578     4.560281   5.0081015
  3.8744562  4.328091   5.9869714  3.550975   4.7588773  4.224625
  4.037422   4.910165   5.4316587  4.186932   5.615664   3.6984673
  4.697213   5.1553574  4.1834564  4.345862   3.3574002  4.3111076
  4.1153398  4.0535574  4.6274867  4.7580795  3.5319011  3.7077816
  4.2296247  4.151653   4.9056544  3.955757   4.874619   3.9643104
  5.9870453  4.7269616  4.5584707  4.1807756  4.6643863  5.354797
  4.4973674  4.456638   4.0951405  4.3699875  5.3850822  4.0490365
  4.2597675  3.9925787  4.186077   5.2056146  4.779904   4.9267635
  5.456831   4.845241   5.1267705  5.418736   4.798509   3.7971926
  3.880485   3.9617016  4.256155   3.9909368  4.4967194  2.0586894
  4.5923038  4.7543263  2.9647074  4.686269   4.1049943  5.1953998
  4.039633   5.303586   3.0642629  6.006659   3.8861468  4.6393995
  4.40059    4.8209734  4.800225   4.63553    5.7293034  4.8884883
  3.7266502  6.545982   4.953679   4.173902   5.566249   4.477878
  4.0343647  4.923281   3.5453825  4.7010407  6.082577   4.3484898
  4.2286534  4.40226    4.2301226  4.623796   4.59026    4.6166735
  4.736659   5.962295   4.3030753  3.8821912  4.3921113  4.3125215
  4.7747355  2.0370264  4.4411035  5.9048347  4.939152   4.6854434
  5.0581274  4.0584264  4.5086937  4.835911   4.173356   4.9339004
  3.6129687  5.048483   3.8222375  4.2939982  5.4727006  5.4071755
  4.5711007  4.663368   4.00697    6.1957397  4.5056787  4.6673307
  4.4102435  4.1506023  3.2908883  4.565565   4.41357    6.279678
  7.0605717  4.5654006  5.3622785  3.6116402  3.250349   4.4403358
  4.2015533  4.6461515  4.85482    5.0283337  4.9449563  4.719694
  3.8950937  3.8778994  2.813886   5.563295   4.7611938  4.649221
  4.4657407  3.265904   3.977409   4.764428   4.2380967  3.747159
  5.698378   4.2514315  4.3855743  5.8748236  4.7129827  5.3943315
  4.745725   5.2194576  5.5376506  4.2953296  4.647951   5.6104875
  4.984443   3.6237416  4.938131   4.4219766  5.070689   5.9054375
  4.817744   5.8026967  4.9874196  4.926526   4.7721815  5.3653727
  5.29884    4.828537   3.8019469  4.6199646  5.535716   3.9394684
  3.7311316  4.296006   5.9434676  3.531116   4.0535984  3.6281111
  3.6424608  4.30506    4.1721573  4.5443106  4.387546   4.4393077
  5.792752   4.652184   3.5937996  5.250667   2.168526   4.4792867
  4.1518464  4.112065   3.3095074  3.5354342  4.8716326  4.6853857
  4.8173714  4.0958714  3.7097888  4.559639   4.4865184  4.135082
  4.386083   4.235494   5.067969   5.0170646  4.373421   5.1671076
  5.0774264  2.399423   4.8026953  4.868878   3.9749959  5.4533195
  3.8998392  6.363893   4.593694   4.0764537  3.9998236  5.456585
  4.203286   4.3279343  4.348528   5.119428   4.3905435  3.7425218
  4.262328   4.736009   4.389924   4.6741886  4.900339   4.822978
  5.336528   4.981867   6.129104   4.783474   4.040089   5.6469874
  5.0719166  4.5852137  4.6069965  5.3799286  4.6169114  3.5293205
  4.546744   5.033102   5.214152   5.7547493  5.1272345  4.4208064
  4.918613   5.1319385  5.653315   4.542583   3.8362536  3.892294
  4.2088046  5.195702   4.3222733  4.3650517  5.287631   3.715452
  4.0327635  4.5456724  6.1630187  4.692715   4.1202717  5.0665913
  4.150196   5.1255846  4.449415   3.8931065  3.8476717  4.693827
  3.2065728  4.0502095  4.648086   4.038749   6.545525   4.8007894
  4.3071613  2.041302   4.181578   3.5832064  4.681886   4.205935
  4.029683   5.0792575  4.783149   4.249673   5.546746   3.6474054
  5.0802383  4.330597   4.726848   5.183131   4.606879   5.2188535
  4.325076   4.375604   4.451971   4.471194   4.8844056  4.799699
  5.2950807  5.2807493  4.2414813  4.269873  41.193935   5.106153
  4.082647   4.4321465  5.42048    4.680138   3.5989866  3.1264715
  4.7144213  4.7912674  4.732196   5.971382   4.8739166  5.0908885
  4.9502983  5.194516   4.679312   4.837343   4.4936476  4.199379
  3.1082997  2.9286013  3.853767   4.811607   5.183926   4.6654987
  4.9727397  5.3752604  3.735649   4.6706276  4.4009175  5.1102195
  4.4373884  3.5704558  4.4491878  4.5190425  5.0055604  4.622249
  3.4417713  4.0489826  4.6738253  3.666706   4.8539963  3.8798542
  4.7934113  4.265814   2.859139   4.506598   4.9428334  5.2985344
  4.6529956  5.1347985  5.569777   5.5311704  4.1024866  5.559797
  4.7737937  4.87254    4.0154996  4.9671483  5.0801473  4.3871665
  4.7650695  4.4109263  4.9527416  4.564288   4.0010333  4.1027384
  4.211381   4.8110347  3.9333909  4.0046115  4.6710644  3.8583865
  4.863146   4.510469   4.082636   4.383688   4.430319   4.352163
  5.2669806  4.0962276  4.5325737  4.4129643  4.6035957  4.635425
  3.8745925  3.7625723  5.427649   3.9951055  4.1740727  5.104256
  5.8937793  4.2118845  3.8128076  5.1315737  4.2358446  5.37693
  5.2196674  4.487787   4.1896358  4.4456573  5.2206497  4.480013
  4.3349447  5.736128   3.725606   3.6139941  5.276197   5.3284216
  4.337538   3.8708997  2.4192333  4.8287396  5.142858   4.5791526
  4.5260196  4.362746   5.1042914  4.549411   4.238775   4.7782617
  4.6066885  4.6446004  3.3932283  6.750184   5.487788   4.509537
  6.48531    4.701862   4.336636   4.1686397  4.8720684  5.2148824
  3.4915268  4.147768   4.1899157  4.6429596  4.0706296  4.519688
  4.698725   4.100857   4.3508496  4.2255273  5.139518   4.544537
  4.4009614  4.7680397  3.3482504  3.9196274  5.09728    4.4785376
  5.431377   4.802535   4.349327   4.6623087  2.0435123  4.7146635
  4.4122553  4.651806   4.485109   6.3773327  5.067412   4.6560884]",0.7223404255319149,0.625806309779485
10,23,1081,"[[ 0.6858727  -0.19581923 -0.00780196 ... -0.05967078 -0.08484101
   0.16120516]
 [-0.10433408  0.8402254  -0.13069336 ...  0.12200531  0.03132474
   0.10035867]
 [ 0.05722139 -0.06260286  0.80325913 ... -0.02877349 -0.09644501
  -0.23991925]
 ...
 [-0.00716028  0.07883004  0.03216727 ...  0.869722   -0.06852365
  -0.02580751]
 [ 0.00576392 -0.00487294 -0.06763855 ...  0.0864295   0.80518705
   0.01017583]
 [ 0.01513473 -0.06521032 -0.07945374 ...  0.14630677  0.00213309
   0.8963286 ]]","[ 2.5672038   3.0597517   2.300059    2.3332548   2.8995948   2.194414
  2.80407     2.8045104   2.869542    3.035251    2.0300872   2.245214
  2.7748437   2.6053596   2.833228    1.9921501   1.134987    2.5495493
  2.145042    2.6385424   2.5346515   2.4692159   2.7846956   2.3013864
  2.3819363   2.8549356   2.759243    2.3729467   2.452393    2.1893039
  1.9499439   2.4869611   3.054025    2.7306287   2.872834    2.5251133
  2.6549673   2.011436    2.8812215   2.1267526   2.9893389   2.6647203
  1.9409978   2.1012194   3.2902794   2.862964    2.393742    2.4382048
  2.5709128   2.236232    1.8590559   2.166889    2.6086164   2.2507987
  3.0321765   2.6398103   2.3423457   2.7122922   2.3192272   2.6412027
  2.695447    2.5866797   2.4195373   2.2147796   2.7596612   2.3437488
  2.7333004   2.6242115   2.8301723   2.1320527   1.8920381   2.8732896
  2.036163    1.6122937   2.1549146   2.0553122   2.5887694   2.1290233
  2.4328926   2.7740498   1.9195414   2.192652    2.899521    2.5497575
  2.5973709   2.4360123   2.8596885   1.8977933   2.2249985   1.8234493
  2.4168198   2.5691354   2.049414    2.6699514   2.4435427   3.27021
  2.724428    2.5262897   2.8144763   2.8499064   2.7264953   1.8853137
  2.6339655   2.670468    2.639165    2.5748887   2.7974432   2.196281
  2.4637554   2.3208983   2.99584     2.550936    2.5560892   2.4619272
  2.0416546   2.3943658   2.6317968   0.660792    2.051264    3.3057778
  2.4964788   3.4784505   2.5358615   2.5066586   1.9685982   2.6500356
  2.7697463   3.0044076   1.1686089   2.4795349   2.8958902   2.6302805
  2.490718    2.45035     2.2526445   1.994545    2.6271162   2.871274
  2.8077135   2.5993392   2.0205634   2.0614724   2.3781161   2.1901147
  2.8784337   2.0643935   2.5973454   3.268473    2.5872674   3.046359
  2.9134507   2.4560578   2.5037494   2.6519396   2.5584679   2.4508462
  2.3695786   2.381737    2.0890157   2.274099    2.9149792   2.430382
  2.9083688   2.8313036   2.077007    2.728559    2.0537817   1.4074887
  2.4785838   2.359129    2.6127827   2.1827776   3.0528035   2.857353
  2.6754422   2.1970336   2.3286436   2.411776    2.6738799   3.0419097
  2.0723886   2.3214922   2.8770792   2.3291755   2.5215468   1.6741213
  2.4053633   2.5297823   3.2493424   2.727011    2.524401    2.056425
  2.205527    3.1780658   2.352342    2.9348812   2.0802364   3.3719702
  2.3952637   2.5412016   2.4306042   2.6543775   2.6569269   2.6183167
  2.4459662   2.2396593   2.1315625   2.7288156   2.498292    2.5234032
  2.4403446   3.3463314   2.646738    2.5593016   2.340727    2.5982435
  2.0140953   2.321107    2.1377413   2.5825768   2.8781316   2.2496376
  2.0444887   2.1297374   2.5251904   3.0965152   2.7092385   2.676606
  2.3878057   2.454772    2.8467903   2.4544623   2.0762851   2.5852542
  2.6312644   2.4490933   2.3892317   2.3314295   2.2591238   2.6642432
  2.2714283   2.0390282   2.4059236   2.248773    2.615342    2.8334732
  2.1622088   2.3270557   2.465441    2.33748     3.0584817   2.2692547
  2.7888165   2.5384555   2.8885658   0.8455178   2.5374968   2.0483773
  2.4172814   2.6496525   2.3348904   2.553094    1.2116085   2.7542922
  2.266652    2.2619855   2.5422864   2.1820636   2.66961     3.093461
  2.9070477   2.858539    2.7912066   2.103261    2.8782597   2.496573
  2.5521913   2.4220247   2.213981    2.4818215   2.5201519   2.8007221
  2.0447474   2.7413137   3.2142532   2.118888    2.262287    2.5633285
  2.4967494   2.3478532   2.397052    2.4457726   2.2513816   2.4155369
  2.3583467   2.3614311   2.3265293   2.490947    2.104378    2.2107341
  2.3355803   2.2580953   2.5891159   2.3168812   1.9797356   2.3492222
  2.333412    2.3527582   2.3967338   1.7724305   3.1913097   2.0202148
  2.6275482   2.6368687   2.7084572   2.393827    2.4483154   3.1251717
  2.7859244   2.4266665   2.7218335   2.5477195   2.7500947   2.3150382
  2.811573    2.2735016   2.559806    2.8308325   3.0043004   2.438515
  2.719717    3.063455    2.7050054   2.435072    3.153836    1.9288058
  1.6582853   2.3985903   2.9484634   2.4443862   2.196679    0.72087646
  2.6436627   2.3022776   1.671459    3.095755    2.5539765   2.2367136
  2.0094817   2.5178895   1.5828481   2.722868    2.5446782   2.5438619
  2.3882608   2.205128    2.8294387   2.5297961   3.2792957   2.5251746
  2.0717926   2.673677    2.4346983   2.6136887   2.9695833   2.3806524
  2.4635596   2.750623    2.0508158   2.7283058   3.1608105   2.8254461
  2.7576647   2.7524304   2.4024553   2.2285662   2.109739    2.419089
  2.3506668   2.4548974   2.3013675   2.4091108   2.233096    2.293939
  2.3645706   0.97601455  2.5667531   3.211546    2.7954197   2.47403
  3.1456368   2.220728    2.3009648   2.9152715   2.260597    2.7526157
  2.3921216   2.482814    2.4743717   2.7012143   2.2855763   2.412291
  2.6946633   2.7436435   2.1406925   2.6913698   2.9194682   2.632541
  2.890441    2.3079417   2.0712702   2.5327508   2.5726557   2.8001978
  2.9587753   2.0604613   2.4439297   2.2976031   1.9882013   2.1414752
  2.3110003   2.083756    2.8206735   2.679324    2.0596836   2.3509924
  2.2319822   2.4183187   1.4298725   2.9339695   2.588227    2.372168
  2.3322577   1.9723194   2.4473965   2.5194068   2.9936213   1.9493191
  2.5639915   2.2785215   2.7328382   3.1273282   2.325387    2.887266
  2.7775173   2.509428    2.4936275   2.368857    2.6554973   3.0641277
  2.403476    2.1479797   2.7480774   2.8760064   2.5289176   2.492683
  2.9973073   2.722388    2.724522    2.8114898   2.562454    2.1453266
  2.6207585   2.2119064   1.9684702   2.5941584   2.9467323   2.2983735
  2.2084646   2.3988419   3.2225897   1.7229849   2.7136443   2.3021052
  1.9891871   2.3659933   2.176883    2.6013923   2.5143409   2.208453
  2.8138988   2.1510339   2.4057908   2.5768175   1.3983307   2.0222526
  2.0343866   2.2742815   2.1533291   2.5224297   2.4140196   2.5230978
  2.3735268   2.1599534   2.058723    2.6296453   2.3518133   2.5193722
  2.2602165   2.819042    2.3179135   3.0465698   2.0144887   2.9565153
  2.5119483   1.801667    2.6314085   3.1103966   2.0166063   2.6237228
  2.2970266   2.3775334   2.0492892   1.9827853   2.5555794   2.5442364
  2.8973138   2.294633    2.3720584   2.5650756   2.2339199   2.156543
  2.4027355   2.2606332   2.3870993   2.181895    2.2466943   2.6650183
  2.628731    3.0605564   3.3496516   2.523391    2.5331738   2.4547415
  2.180696    2.3958447   2.3646686   2.6265883   3.0216525   2.3191981
  2.4721823   2.2895982   2.5214374   2.2829924   2.5830796   2.4073946
  2.2293541   2.6019847   2.6323934   2.6178606   2.3281653   2.296052
  2.583836    3.1155784   2.381228    2.6535242   2.9862213   2.6399527
  2.1018305   2.1917896   3.2892547   2.3782842   2.324117    2.4347255
  2.2309728   2.862792    2.4622338   2.1338937   2.1637998   2.2100556
  1.7267258   2.357032    2.5418372   2.4336855   2.91351     2.4553192
  2.1737123   0.9459429   2.4666846   1.8379823   2.6009462   2.2586005
  2.5962193   2.5586255   2.87193     2.5441678   2.8346305   2.2284296
  2.5442016   2.495987    2.0690491   2.5702217   2.6423082   2.7025914
  2.5762746   2.639203    2.4309037   2.6051958   2.5979006   2.1595135
  2.6529171   2.709112    2.3556206   2.2384336  23.090332    2.9411485
  2.2682705   2.6926646   2.4466836   3.1448493   1.8438345   1.8199596
  2.4142892   2.6286924   3.089209    2.992146    2.76442     2.3827221
  2.7147415   2.2692394   2.764477    2.9414315   2.5109828   2.4543018
  1.2339004   1.2578595   2.4000144   2.4103856   2.557545    2.5570276
  3.2514617   2.5455596   1.7919632   2.4360702   2.504506    2.6214745
  2.6083522   1.9154922   2.5687068   2.0401363   2.575312    2.5304675
  1.9508858   2.5376518   2.729383    2.1048405   3.2245176   2.2542548
  3.1511843   2.538185    1.3957483   2.4673033   2.801133    3.0978706
  2.4994612   2.4631736   2.6934853   2.756623    2.2921782   2.7060642
  2.788421    2.0732017   2.6106293   2.8821514   2.5943313   3.139987
  2.421301    2.5873306   3.0741246   2.4697084   2.8330934   2.4011786
  2.3024745   2.1522818   2.6720853   2.555965    2.5687227   2.2603648
  2.441913    2.4108756   1.9894091   2.374679    2.5722606   2.7551796
  2.9884043   2.0355682   2.8373482   2.3325913   2.5152571   2.7416155
  2.2099395   2.6076975   2.395605    2.4020486   2.1629097   2.6374657
  2.990499    2.238605    2.7735105   2.5226994   2.4619572   2.8486016
  2.6744168   2.3479235   2.587607    2.897838    2.4660435   2.229614
  1.8477473   2.8616545   2.5144515   1.9943081   2.2850041   2.5130732
  2.796592    2.3425817   1.5218934   2.5435352   3.4116871   2.8152156
  2.6429703   2.222521    2.2926831   2.7262754   2.6342776   2.2188182
  2.4245057   2.8095074   2.2807467   3.5169015   2.2810335   2.616919
  3.06029     2.0344477   2.4500604   2.7452815   2.1468718   3.3258095
  1.9971448   2.1683357   2.4768322   2.7091646   2.4840572   2.784257
  2.6497538   2.2639344   2.4103074   2.5404642   2.6948767   2.7808707
  2.5348182   2.729061    1.6706728   2.3623064   2.955688    2.6768298
  2.5841548   2.2147374   2.5362768   2.3670163   0.9211751   2.960949
  2.398839    3.0522997   2.247963    2.8097775   2.7149303   2.8537693 ]",0.7585106382978724,0.764458958307902
11,23,1081,"[[ 1.0000000e+00  2.8937481e-17  1.2919564e-15 ... -1.4945804e-15
   5.4245525e-16  1.8111902e-16]
 [ 4.2669531e-16  1.0000000e+00  8.8470897e-16 ...  3.7296555e-17
   1.9081958e-16 -1.3530843e-16]
 [ 6.6113325e-16 -8.0838114e-16  1.0000000e+00 ...  2.2204460e-16
  -1.3877788e-16 -3.3507268e-16]
 ...
 [-1.7619562e-16 -1.7737548e-16  1.7347235e-16 ...  1.0000000e+00
  -8.4134089e-17  2.6020852e-17]
 [-2.7154351e-17 -8.4307561e-16 -2.9837244e-16 ...  2.9403563e-16
   1.0000000e+00  6.1149003e-17]
 [ 1.7091003e-16  2.9837244e-16  1.1466522e-15 ...  4.4235449e-17
   2.7105054e-17  1.0000000e+00]]","[1.47877246e-30 2.21840359e-28 4.50016113e-28 1.65719567e-28
 1.26655256e-28 1.60919849e-28 1.39662289e-28 1.43943535e-28
 1.58424313e-28 9.71700870e-29 1.03958617e-28 9.74058088e-29
 9.94310626e-29 1.31141192e-28 1.13363980e-28 1.05549351e-28
 1.93459795e-28 8.65692751e-29 1.01420109e-28 8.30104815e-29
 8.36457917e-29 5.64209543e-29 9.04370179e-29 8.11444239e-29
 9.10681511e-29 7.98756273e-29 1.02210727e-28 1.73559209e-28
 7.27176860e-29 5.93004543e-29 7.96640338e-29 5.48834603e-29
 5.66766095e-29 6.58780467e-29 7.41670205e-29 3.57660327e-29
 7.89974875e-29 4.71697378e-29 7.88771169e-29 2.75457214e-29
 4.41756359e-29 4.22978241e-29 4.54718680e-29 4.43827998e-29
 4.54710706e-29 4.07445225e-29 4.73062591e-29 3.34015354e-29
 2.86506274e-29 4.08847874e-29 3.97893305e-29 3.06236553e-29
 3.76766395e-29 3.32746467e-29 3.47490815e-29 3.04521302e-29
 2.66268391e-29 3.89981645e-29 3.44655154e-29 3.38319116e-29
 3.37864747e-29 2.30250221e-29 4.88800448e-29 2.79280847e-29
 2.53853907e-29 2.21289652e-29 3.53086334e-29 2.30873711e-29
 2.84512364e-29 2.70063827e-29 3.30494965e-29 2.32656641e-29
 2.49562243e-29 2.44244645e-29 2.59237152e-29 2.64512665e-29
 2.18572887e-29 2.01954218e-29 2.73133609e-29 2.61669481e-29
 2.18480803e-29 3.33668567e-29 2.31977720e-29 2.40259610e-29
 2.28517998e-29 2.24135108e-29 2.60878736e-29 2.31819794e-29
 2.28223421e-29 2.51616864e-29 2.46482350e-29 2.49049840e-29
 2.09777917e-29 2.67281701e-29 2.57256032e-29 2.15993615e-29
 2.36695602e-29 2.23356129e-29 2.70615335e-29 2.07111437e-29
 1.98449777e-29 1.83345010e-29 2.29730702e-29 2.13378458e-29
 2.13114425e-29 2.28550167e-29 2.57348266e-29 2.80852436e-29
 1.73223059e-29 1.92440184e-29 2.11599260e-29 2.10625100e-29
 2.58354655e-29 2.14705123e-29 2.76199178e-29 2.45055236e-29
 2.35886034e-29 3.56700733e-29 2.04015369e-29 2.30050015e-29
 1.77013169e-29 1.62964308e-29 2.51402364e-29 1.82054456e-29
 2.49919699e-29 2.10718869e-29 1.68759988e-29 3.06195958e-29
 2.29886732e-29 1.90633075e-29 3.22568710e-29 1.91814347e-29
 2.11712468e-29 2.21248726e-29 3.24353927e-29 2.29074230e-29
 1.91312838e-29 2.11665358e-29 2.35790249e-29 2.22661290e-29
 1.65049969e-29 2.22093426e-29 1.82335100e-29 1.93722056e-29
 1.91305164e-29 1.76944738e-29 2.05091678e-29 2.13737268e-29
 2.24255072e-29 1.77783481e-29 2.16285243e-29 1.93060755e-29
 2.22662584e-29 2.05935326e-29 2.02771068e-29 1.93017587e-29
 1.96980774e-29 2.09953146e-29 1.94356243e-29 1.77111978e-29
 2.01535824e-29 1.96698641e-29 2.25972355e-29 2.07350749e-29
 1.72992399e-29 2.12644092e-29 1.84676700e-29 2.50882302e-29
 2.25723383e-29 1.77601496e-29 1.96140091e-29 1.95085494e-29
 1.70804467e-29 1.86232340e-29 1.86833456e-29 2.11444824e-29
 2.26302862e-29 1.70705478e-29 2.28794429e-29 1.75983383e-29
 1.66057502e-29 1.31968316e-29 1.80452835e-29 2.00186124e-29
 1.94025119e-29 2.43836799e-29 1.90661949e-29 2.12098346e-29
 2.23103697e-29 1.46565345e-29 1.60654365e-29 2.15305185e-29
 2.04542547e-29 2.13193373e-29 2.05476337e-29 1.44505518e-29
 2.15714205e-29 1.71938991e-29 1.66736572e-29 2.12117380e-29
 1.89198844e-29 1.78369310e-29 2.62293392e-29 1.88401148e-29
 1.50633346e-29 1.35425887e-29 2.01218633e-29 1.51943279e-29
 1.74915967e-29 1.49672713e-29 1.78493999e-29 1.71897327e-29
 1.77219921e-29 1.45108816e-29 1.77048347e-29 1.74547934e-29
 1.69058612e-29 1.66366237e-29 2.00847019e-29 1.87594123e-29
 2.68586278e-29 1.53757595e-29 2.27398280e-29 1.73942364e-29
 1.89550085e-29 1.59823011e-29 1.80129414e-29 2.30003762e-29
 1.31120064e-29 1.36669165e-29 1.86090303e-29 1.45736503e-29
 1.80381515e-29 1.44485055e-29 1.99642996e-29 1.40046253e-29
 1.89193081e-29 1.46343938e-29 2.07939557e-29 1.56863458e-29
 1.43165251e-29 1.53193102e-29 1.85657706e-29 1.60266005e-29
 1.73956523e-29 1.69978108e-29 1.74772997e-29 1.58299585e-29
 1.40115135e-29 1.43001231e-29 1.38715285e-29 1.36690380e-29
 1.77894929e-29 2.15369975e-29 1.80947122e-29 3.02875023e-29
 1.52779208e-29 2.22466620e-29 1.57872314e-29 1.72731406e-29
 1.59230336e-29 1.33943628e-29 1.54877674e-29 1.72257582e-29
 1.86074263e-29 1.39715384e-29 1.56501504e-29 1.61597153e-29
 1.43374817e-29 1.68251121e-29 2.09342341e-29 2.36431945e-29
 1.55062744e-29 1.93011839e-29 1.32573148e-29 1.73244726e-29
 1.56594445e-29 1.51825120e-29 1.83813808e-29 1.42362394e-29
 1.64782536e-29 1.83245057e-29 1.82125866e-29 1.44311195e-29
 1.86598568e-29 1.71421698e-29 1.60063737e-29 1.53151589e-29
 1.60054619e-29 1.50561695e-29 2.12619611e-29 2.03276444e-29
 1.37259056e-29 1.72469028e-29 1.46323385e-29 2.53786530e-29
 1.37341359e-29 1.45139540e-29 1.64727797e-29 1.49451306e-29
 1.47354660e-29 1.40588523e-29 2.15050436e-29 1.64326166e-29
 1.29577304e-29 2.09202199e-29 1.47791591e-29 1.52835030e-29
 1.37048347e-29 2.64730446e-29 1.94011908e-29 1.47440154e-29
 1.73219975e-29 1.16592556e-29 1.74730536e-29 1.80712504e-29
 1.29834807e-29 2.00007855e-29 2.15103625e-29 1.71859260e-29
 1.23538265e-29 1.74721779e-29 1.74484303e-29 1.21317284e-29
 1.54960007e-29 1.72483021e-29 1.86414250e-29 1.45361218e-29
 1.26208868e-29 1.70423103e-29 1.63997479e-29 2.00235175e-29
 1.36463075e-29 1.64775509e-29 1.24345395e-29 1.52342623e-29
 4.44204517e-29 1.49026909e-29 1.58514326e-29 1.47927956e-29
 1.38796866e-29 2.45606458e-29 1.46097916e-29 1.67036762e-29
 2.65323843e-29 2.18980958e-29 1.45096673e-29 1.62144192e-29
 1.57218988e-29 1.13897563e-29 1.90282841e-29 1.34229794e-29
 1.81557777e-29 1.16768260e-29 1.83311005e-29 2.04575318e-29
 1.45113119e-29 1.37601149e-29 1.72979610e-29 1.64246706e-29
 1.51328110e-29 1.83988075e-29 1.25964523e-29 1.15146040e-29
 1.53874099e-29 1.53485904e-29 1.51557085e-29 1.90586206e-29
 1.61292224e-29 1.63922909e-29 1.60234859e-29 1.94409131e-29
 1.49591598e-29 1.79185272e-29 1.33119255e-29 1.20089579e-29
 1.52289435e-29 1.52222810e-29 1.49389180e-29 1.77503725e-29
 1.43115493e-29 1.56233318e-29 1.45176118e-29 1.09981749e-29
 1.33109023e-29 2.05669006e-29 1.42857148e-29 1.55654380e-29
 1.35867120e-29 1.36312883e-29 1.88583720e-29 1.57852574e-29
 1.49611038e-29 1.39806505e-29 1.36257031e-29 1.32565640e-29
 1.34913364e-29 1.79380077e-29 1.23274096e-29 1.17158343e-29
 1.70048344e-29 1.64389135e-29 1.83735597e-29 1.36766996e-29
 1.30919015e-29 1.74147370e-29 1.82979038e-29 1.54161845e-29
 1.52806607e-29 1.10091821e-29 2.96497547e-29 1.57848842e-29
 1.39671675e-29 1.61642202e-29 1.67932545e-29 1.45456190e-29
 1.68389427e-29 1.98274036e-29 1.30054859e-29 1.05112742e-29
 1.35947588e-29 1.42048483e-29 1.47886729e-29 1.83714984e-29
 1.69317665e-29 1.42680474e-29 1.46328636e-29 2.13955906e-29
 1.41399896e-29 1.86953691e-29 1.59441676e-29 1.33214934e-29
 1.29614860e-29 1.46004689e-29 1.00785404e-29 1.37307550e-29
 1.36380290e-29 1.75084350e-29 1.59282230e-29 1.29936535e-29
 1.48012967e-29 1.42895621e-29 1.43729504e-29 2.11817432e-29
 1.61492987e-29 1.21844763e-29 1.44381717e-29 1.97472819e-29
 1.28764336e-29 1.53800221e-29 1.27134412e-29 1.78960736e-29
 1.10821868e-29 1.29125538e-29 2.29248256e-29 1.74197083e-29
 1.40159792e-29 1.23376630e-29 1.36241939e-29 1.35810471e-29
 1.82801988e-29 1.20759554e-29 2.01868830e-29 1.78992198e-29
 1.29393077e-29 1.25754687e-29 1.79707289e-29 1.37505003e-29
 1.49089728e-29 1.43040547e-29 1.70092204e-29 1.34812839e-29
 1.10214967e-29 1.24332184e-29 1.56397278e-29 1.26835968e-29
 1.46155664e-29 1.18712087e-29 1.22457540e-29 1.35760337e-29
 1.46865896e-29 1.45943962e-29 1.61788242e-29 1.37006850e-29
 1.81416868e-29 1.36873674e-29 1.19234436e-29 1.28123558e-29
 1.09417896e-29 1.82930619e-29 2.19645193e-29 1.80019952e-29
 1.27730984e-29 1.60418258e-29 1.64249129e-29 1.45924146e-29
 1.46442281e-29 1.89568337e-29 1.50694554e-29 1.29545225e-29
 1.47972357e-29 2.11942060e-29 1.68983531e-29 1.39945503e-29
 1.33748101e-29 2.10761104e-29 2.44608796e-29 1.90079325e-29
 2.00706019e-29 1.43453479e-29 2.39158806e-29 1.88411515e-29
 1.57005796e-29 1.46937290e-29 1.57925067e-29 1.32185359e-29
 1.29947699e-29 1.36809818e-29 1.29195744e-29 1.69326918e-29
 1.34181255e-29 1.72864024e-29 1.27844433e-29 1.48039930e-29
 1.11823292e-29 2.10571897e-29 1.28977602e-29 1.41056659e-29
 1.61595754e-29 1.28783610e-29 1.67596801e-29 2.07299922e-29
 1.54095370e-29 1.26236673e-29 1.29660179e-29 1.37020587e-29
 1.10147928e-29 2.00472305e-29 1.14311781e-29 2.05925335e-29
 1.61039386e-29 1.28783505e-29 1.21095177e-29 1.67928904e-29
 1.30156091e-29 1.38682619e-29 1.73546134e-29 2.11497878e-29
 1.61271836e-29 1.33157472e-29 1.39550341e-29 1.59784296e-29
 1.29127328e-29 1.43405661e-29 9.75041681e-30 1.62650005e-29
 2.07317361e-29 1.67918687e-29 1.28696507e-29 1.27310168e-29
 1.99580825e-29 1.75761691e-29 1.47240098e-29 1.73420843e-29
 1.51444117e-29 1.28622223e-29 1.28799665e-29 1.76725182e-29
 1.35345735e-29 1.32943619e-29 1.62250465e-29 1.27777718e-29
 1.82856576e-29 1.37743247e-29 1.76182025e-29 1.42462016e-29
 1.47906966e-29 1.85978854e-29 1.63928702e-29 1.66606452e-29
 1.23895073e-29 1.35868971e-29 1.69115036e-29 1.39508572e-29
 1.50810275e-29 1.29543916e-29 1.92991858e-29 1.41003621e-29
 1.08063598e-29 1.16491445e-29 1.19901710e-29 1.51014604e-29
 1.43977181e-29 1.63868276e-29 1.37594559e-29 1.39221142e-29
 1.28654227e-29 1.68382912e-29 1.73480999e-29 1.59620321e-29
 1.64187860e-29 1.89748471e-29 1.13394663e-29 1.09884761e-29
 7.35079312e-29 1.28901965e-29 2.06637839e-29 2.00519942e-29
 1.75095831e-29 1.52844810e-29 1.32344248e-29 1.41787594e-29
 1.59870738e-29 1.74531202e-29 1.35047426e-29 2.00633511e-29
 1.63359845e-29 1.65627011e-29 1.67398159e-29 1.92793472e-29
 1.53621907e-29 1.19086101e-29 1.43883097e-29 1.71331962e-29
 3.32126107e-29 1.73536158e-29 1.36420810e-29 1.64725586e-29
 1.24176575e-29 1.52737153e-29 1.47611592e-29 1.20715325e-29
 1.14298781e-29 1.74179223e-29 1.65187884e-29 1.74911242e-29
 1.48894261e-29 9.57708688e-30 1.44284517e-29 1.25047080e-29
 1.32370504e-29 1.61083983e-29 1.24846874e-29 1.32323424e-29
 1.54452811e-29 1.65506370e-29 1.56225509e-29 1.51494206e-29
 1.26598898e-29 1.52884773e-29 2.25652048e-29 1.32666857e-29
 1.37635184e-29 1.25746291e-29 1.18269492e-29 1.44054279e-29
 1.77979489e-29 1.70812608e-29 1.18372228e-29 1.84660330e-29
 2.58391548e-29 1.23432955e-29 1.47179025e-29 1.76316599e-29
 1.27135721e-29 1.47090943e-29 1.50934603e-29 2.09029543e-29
 1.98904989e-29 1.66279510e-29 1.67115845e-29 1.44449561e-29
 1.38690639e-29 1.83428051e-29 1.24208722e-29 1.27164550e-29
 1.70913328e-29 1.16554233e-29 2.29484965e-29 1.24124628e-29
 1.15012647e-29 1.12802341e-29 1.66892904e-29 1.06043441e-29
 1.28347372e-29 1.34351338e-29 1.39908398e-29 1.12220357e-29
 1.76691087e-29 1.76034646e-29 1.17090620e-29 1.06066642e-29
 1.54750547e-29 1.26182521e-29 1.30340529e-29 1.44363541e-29
 1.87027237e-29 1.53838770e-29 1.16333782e-29 1.94618125e-29
 1.53869344e-29 1.51969971e-29 1.30148673e-29 1.49257359e-29
 1.39839426e-29 1.39912506e-29 2.14510032e-29 1.90185055e-29
 1.80932090e-29 1.19617718e-29 1.55784697e-29 1.48079367e-29
 1.57551346e-29 1.53793466e-29 1.43000629e-29 1.23015051e-29
 2.34726112e-29 1.35235882e-29 1.79535250e-29 2.01184718e-29
 1.41642367e-29 2.00960513e-29 1.64563025e-29 1.53954852e-29
 1.88246005e-29 1.28614053e-29 1.13212120e-29 1.30418499e-29
 1.59821837e-29 2.15104618e-29 1.44647691e-29 1.42068645e-29
 1.46237215e-29 1.66156476e-29 1.39907195e-29 1.57441448e-29
 1.66269865e-29 1.71028628e-29 1.29012405e-29 1.17308265e-29
 1.67192326e-29 1.35464781e-29 1.47759181e-29 1.87361161e-29
 1.65687151e-29 1.23868765e-29 1.23154004e-29 1.26806372e-29
 1.15158100e-29 1.59542803e-29 1.68745588e-29 1.99182820e-29
 1.85243887e-29 1.25716928e-29 1.55561484e-29 1.71649304e-29
 1.41268316e-29 1.77027283e-29 1.32657408e-29 1.31903346e-29
 1.28419248e-29 1.34919457e-29 1.18849957e-29 1.38889265e-29
 1.07105960e-29 2.98386042e-29 2.79313347e-29 1.37392562e-29]",0.7851063829787234,1.0
