,Images_Per_Label,Train_Data_Size,W,Residuals,Classification_Accuracy,CLS_Cosine_Similarity
0,37,1739,"[[  2.6198745  10.547678    2.2503028 ... -13.825215   14.596692
   -5.488126 ]
 [ -5.87516    10.2979965   6.2081876 ...  -5.1163745  -0.9230779
  -12.303686 ]
 [  0.863395    4.412409   14.387629  ...  10.1952305 -14.352147
   12.168799 ]
 ...
 [-14.763985    1.7494725   3.3785992 ... -14.770962   19.03841
    3.6809735]
 [ 10.424628  -18.808287    4.914331  ... -21.643597  -25.417805
  -10.526178 ]
 [-13.678438   -7.352618   -6.3257957 ...  16.471796  -22.329628
   15.30594  ]]","[ 49.78114   55.200768  46.3838    40.7768    40.24977   45.434128
  46.69409   64.01336   61.2579    52.304188  36.47302   56.21153
  42.655186  47.56129   49.683258  48.58821   60.51276   47.378216
  38.688126  37.507412  37.69463   44.73163   61.8776    43.19421
  52.016243  51.12559   52.688114  47.1537    44.514606  55.474026
  56.944515  44.089333  48.531708  44.85317   52.195602  40.07739
  43.350037  45.512306  50.01069   44.663517  51.021336  50.134872
  35.70332   47.31434   48.64503   51.834286  64.3098    47.412937
  70.82842   54.899998  51.114277  48.957832  53.046112  61.121723
  48.422337  42.9412    40.126953  79.42417   41.75978   43.480663
  55.11634   36.970814  51.39775   57.46192   39.303696  49.488464
  56.37904   41.614597  48.109543  57.042194  40.83902   53.995865
  37.0697    43.556984  54.76432   40.450314  39.995262  39.778378
  50.667164  63.217846  36.340214  65.48793   47.708252  50.405956
  51.395638  40.97657   46.962616  40.426624  44.157658  41.03749
  36.519794  48.866467  46.534756  67.90511   52.352196  65.55391
  56.712215  40.436634  54.342144  54.046097  54.82264   44.24096
  66.184784  47.404022  41.76079   50.026836  73.51303   59.275562
  47.901955  52.578384  41.617336  44.97573   64.847534  47.964382
  56.18193   38.426403  68.92741   65.75613   39.22385   67.34327
  37.78556   61.31153   39.51226   44.747906  63.249874  40.946774
  31.98049   60.618324  48.252014  43.896046  55.647827  53.197964
  51.346054  45.4851    53.427223  52.503735  38.66768   50.91004
  64.97871   50.319252  43.326664  42.666298  39.84516   61.931126
  42.39553   44.420387  35.627964  45.04842   53.71009   42.95341
  44.761177  36.803852  60.613297  46.171135  34.83781   46.13903
  50.048664  48.15613   48.046017  72.97787   46.551655  52.289658
  63.120483  51.655754  39.543102  54.288048  45.64768   68.450966
  51.565952  36.846325  48.615192  38.629734  46.635235  68.59012
  49.944447  56.900707  48.905727  41.134926  54.58595   55.997673
  39.006714  36.54549   42.127182  44.6928    44.00045   59.045177
  50.898357  81.735596  71.27405   34.738823  45.777645  52.3909
  41.93321   55.809696  37.804195  36.33227   53.820904  54.202435
  38.1591    48.802635  51.463413  51.712494  54.548298  56.56783
  35.919685  45.234604  41.0295    44.92976   47.20701   50.406467
  36.272015  56.043247  58.812714  35.76871   54.79206   47.449833
  41.605217  41.77271   45.39725   52.40378   47.554157  47.940994
  76.230606  49.460827  66.319595  55.3325    49.74881   67.84845
  52.964703  49.83936   59.43209   46.760677  64.4388    47.94051
  47.039825  46.820515  45.71706   40.526966  51.17894   47.406807
  48.777905  43.793427  45.046673  45.55926   51.070126  56.35343
  53.95265   45.55311   47.962463  44.889076  38.415184  41.09366
  49.970703  53.44194   51.462173  95.091125  37.822735  78.65665
  47.896152  52.780155  46.59952   38.431515  57.309204  53.906956
  49.39973   36.446175  48.76178   35.48787   37.040516  42.51609
  56.15838   61.43117   41.913044  73.65786   35.481903  52.40072
  47.435745  42.217068  47.72475   49.751293  62.837482  58.985405
  43.018272  46.411053  78.84163   46.36969   43.50322   38.99209
  42.26956   46.275826  60.096947  55.191093  51.990894  43.393215
  43.745205  60.70609   51.43077   41.86053   42.250595  45.081303
  41.221855  44.74675   54.01341   42.588467  39.895546  60.131096
  38.87899   41.727264  42.498352  46.531902  66.3847    43.900604
  55.632465  53.996624  74.411545  50.10608   47.27811   65.33137
  64.945915  46.36501   39.31451   54.55549   42.395004  45.712074
  40.07218   37.573257  53.396698  53.859566  49.754097  67.34577
  56.003044  52.663876  45.608147  54.587635  47.63705   55.639553
 117.80292   37.118027  49.814     43.950222  44.134453  89.5523
  38.98566   53.99124   86.886375  46.51909   47.7326    44.85893
  45.512524  49.322365  51.712387  48.027744  44.564163  44.226143
  53.28981   61.96394   53.460262  39.149334  55.03984   54.113605
  46.107277  77.99723   48.252686  42.484623  51.767826  41.67255
  41.388165  73.93852   42.987473  41.781178  62.803036  56.869965
  55.996292  55.982395  35.92458   42.580936  42.103394  51.597687
  55.74799   62.588997  42.762245  37.791077  46.86178   42.47506
  41.36069   51.50782   68.14727   50.04465   47.383213  58.93947
  72.80333   51.2939    43.37638   61.09107   41.177296  45.125694
  37.439327  67.847534  36.108753  38.441837  51.503586  48.60509
  51.41876   48.816307  36.56821   59.97175   50.23424   58.747314
  47.765015  34.117138  59.657803  45.686653  39.72611   59.32777
  65.289116  46.46734   64.45043   80.24943   39.474255  46.406803
  42.840115  45.990807  47.074654  67.297424  48.474453  41.46038
  36.698097  57.99912   46.38817   58.84322   47.422768  46.26493
  43.809574  34.492767  34.54544   46.056534  36.333122  59.371655
  54.709503  45.406876  47.357246  46.41366   55.882427  50.869854
  39.351383  41.468533  50.436745  53.3865    46.149567  53.563675
  36.31729   35.835117  51.337757  54.756104  61.43934   48.842373
  50.084454  56.224464  46.620464  46.883076  52.726223  43.022724
  48.781044  46.84278   35.939278  46.838726  58.35844   44.65176
  44.013218  50.447815  53.431194  34.84682   32.693382  40.54387
  59.218884  44.652744  48.42345   42.836826  47.613503  52.959805
  70.03976   36.64697   38.87319   51.624817  46.913166  43.141727
  34.95384   45.303177  35.06312   59.771088  59.099445  68.84651
  56.912792  43.740456  47.54448   40.524487  46.236008  61.67122
  50.16214   47.52307   57.221733  70.748276  49.839565  65.62208
  51.23296   44.54678   65.62844   61.23872   47.522316  41.91735
  42.832508  68.0399    51.799755  54.581818  53.859974  58.78134
  43.881943  43.866604  42.235867  51.076122  48.761063  54.539772
  43.416256  49.742477  46.790916  48.83778   45.650356  58.52323
  55.78638   51.554398  51.6673    57.24272   49.978188  55.5464
  42.592854  47.88652   39.40123   63.512077  47.64255   47.401493
  49.03403   41.312397  36.07537   58.29483   48.832333  42.100883
  49.749897  55.3565    61.11153   43.398293  41.96933   51.167526
  49.02283   59.99763   33.540543  53.894627  60.36525   52.494423
  40.071255  45.430492  66.748055  50.136425  44.33916   43.380383
  50.91805   46.6836    43.86509   45.46718   42.513187  49.238686
  47.109207  41.512566  40.832157  39.054012  60.944775  49.49878
  47.538994  78.304504  46.301292  40.508373  57.21147   37.19
  48.986786  53.687305  43.01718   48.43996   62.177296  58.59245
  50.00229   41.665543  43.780025  61.540226  52.767975  53.975475
  61.057507  56.13801   45.800655  76.07355   53.111942  47.48735
  54.610817  67.75873   41.81202   41.906136 351.32053   55.898468
  48.28986   70.47485   53.603054  46.49244   43.638897  34.650974
  39.845215  64.89955   45.107838  56.85183   72.10684   50.359802
  54.146744  64.39282   45.829704  55.887672  41.980614  52.03202
  98.466156  66.84763   44.955566  61.67273   43.56602   57.322876
  45.083202  49.208107  32.447334  66.40072   43.220882  48.851997
  50.629135  36.900192  37.482616  37.695927  45.809856  43.508667
  42.73697   46.186996  64.79108   47.95989   52.809555  50.053513
  45.382095  53.6824    68.145485  39.164913  50.295856  48.199055
  42.468002  50.20193   80.752106  58.826725  37.717953  62.45297
  66.92842   37.53034   42.943207  68.23167   52.13705   54.17299
  39.813137  58.513233  54.04102   44.094383  61.563232  56.105297
  50.046684  56.16862   37.078415  47.03435   52.349316  36.638916
  67.01415   43.66226   37.75465   43.934853  58.673706  40.03462
  45.89669   44.10905   51.92372   37.201958  51.6403    52.564705
  41.309135  33.803673  52.22683   45.41066   48.671642  34.259808
  63.632896  46.783596  36.07343   56.937344  42.771744  38.86618
  45.961243  46.079227  49.65278   41.826134  54.765404  66.903824
  45.04198   53.062595  49.153637  38.413006  62.992233  53.6596
  48.876827  42.098976 100.42234   48.966354  50.21953   71.67696
  45.780724  54.33784   49.34175   48.61443   65.72875   50.84056
  41.40829   54.01831   40.033825  77.85909   49.154007  47.823486
  62.13206   49.02528   38.659233  44.1997    51.421875  53.80464
  33.91067   40.669346  42.7815    47.065228  43.402924  45.413895
  45.03905   40.107906  34.038277  40.429035  53.73474   46.35204
  45.342674  66.87414   50.78901   41.76101   53.43326   49.911743
  41.179527  48.335953  45.269028  42.903164  44.32732   51.253696
  36.15087   47.978558  37.189373  64.27127   50.60498   43.75252 ]",0.09946808510638298,0.21011064052581788
1,37,1739,"[[ -1.4435526    8.336292     2.548689   ...  -0.5739421    9.017948
   -6.257347  ]
 [-11.73598      8.069445    -1.7104186  ...   4.4816895   -5.0593753
    1.5365285 ]
 [ -3.709138     9.774227    -7.5670905  ...  -3.716038     9.494782
    3.1677318 ]
 ...
 [  7.041906   -11.835006    -6.0078993  ...  14.786729    -2.6181197
    5.478353  ]
 [ 12.9997015   -4.0222907   16.070335   ...  -5.2733707   -0.32354397
    0.35532758]
 [ -7.965022   -22.25196     13.357475   ...   8.943888    -6.900878
   -1.2852384 ]]","[ 47.187744  51.017982  44.12365   40.942646  38.135628  44.877262
  45.19928   59.366413  54.905296  47.141903  34.804676  46.96529
  39.422085  43.39186   45.239708  47.655212  51.9884    39.26991
  37.47762   35.164875  33.72999   40.618572  55.47857   37.42389
  44.00939   46.338398  49.45439   44.747757  42.195118  50.99735
  50.71979   44.18791   45.61248   39.980938  49.806366  37.921955
  42.71794   42.355442  46.211086  40.721043  47.01553   45.730537
  31.496973  39.366344  42.62296   46.03417   61.76812   43.916206
  64.66878   50.196312  46.538784  47.94943   48.288956  55.966686
  44.722534  42.048794  38.423847  76.20172   37.071747  41.158527
  51.49414   33.59375   48.556877  49.739513  37.005203  46.462982
  52.20595   41.783867  44.303635  53.170364  36.847504  48.69616
  35.546207  40.44474   50.74623   35.8769    37.5631    37.843204
  46.79427   57.157196  35.754055  59.722767  43.240456  47.412777
  45.65816   37.398262  46.949306  40.39942   40.294395  38.460506
  34.147285  44.92966   42.089916  65.00364   48.53925   60.8802
  52.372128  36.751328  48.67919   47.027702  47.81859   41.201706
  58.531174  45.60362   40.135094  45.14257   66.93645   55.49393
  40.88058   44.477333  39.761124  42.294586  56.568     46.092037
  51.042217  36.903515  65.33817   58.814846  36.574123  66.70157
  35.69871   55.104324  38.86392   43.074738  58.484707  39.553192
  29.920757  57.7396    44.593506  39.405163  51.47746   50.424816
  48.455845  42.857178  45.659588  46.89978   36.890957  47.806713
  60.64088   47.269043  38.880444  37.42383   37.304184  54.66298
  39.393612  42.371384  32.152103  41.10153   51.013348  42.725163
  41.684063  33.270878  55.372845  44.353508  33.0406    43.253437
  44.5623    45.160683  44.5341    66.49422   43.459682  45.63323
  58.188232  49.633083  37.970367  48.521255  44.173283  59.04363
  46.84317   34.92848   45.004936  34.32894   42.923954  60.17386
  47.933952  52.59609   43.340797  38.141964  49.239025  48.783157
  37.876385  37.18384   37.642357  42.247353  41.16734   48.148422
  45.130497  75.74669   64.22887   33.23174   45.851074  48.847332
  40.61511   50.409256  34.78209   33.056046  48.45621   47.921265
  35.570396  47.367123  47.918854  48.284676  48.458225  56.069828
  32.505928  42.665802  37.004383  41.66326   44.64491   46.766644
  31.95792   52.223846  52.244816  33.56067   49.073025  41.414207
  38.37223   40.750893  42.002766  46.610077  43.686806  41.42861
  62.334427  43.780155  56.36809   50.838467  47.11378   61.11629
  53.128227  44.694702  54.815563  41.961205  57.64999   43.709496
  44.080708  41.4381    43.493282  38.66745   44.089294  43.857483
  45.894035  38.863018  41.388012  44.953568  47.798313  52.312366
  50.380493  42.528393  43.34313   40.774536  37.162754  38.044662
  46.53886   49.832165  47.986626  74.67407   34.162407  57.13135
  42.458996  48.89545   43.907238  39.40235   53.851536  49.39907
  42.199467  33.4298    46.967636  32.99611   35.707184  39.87801
  51.732773  60.713066  39.210205  65.63465   34.44237   48.13491
  41.677795  37.10213   43.230118  45.33131   59.73166   53.755554
  38.235302  43.200146  70.723206  39.229908  41.319878  35.6348
  39.194927  46.09478   52.970776  50.42058   46.541946  42.454086
  41.47728   54.615025  46.21469   38.423866  36.60759   40.895252
  39.410057  42.90399   49.961563  41.2235    38.51528   55.316624
  36.74805   40.250027  40.289642  40.51425   56.889374  39.276714
  48.886356  49.52165   69.36413   47.55812   45.755108  53.170033
  61.45292   43.203205  36.117702  52.454823  40.513927  43.100243
  38.89531   36.717     49.4959    51.537704  46.38696   60.920326
  50.431576  49.696922  41.594963  51.478603  45.83806   50.792877
  98.244965  36.88581   45.490974  39.707813  41.579468  71.75035
  35.636364  45.983273  77.91738   44.106068  40.14755   42.69251
  44.047443  43.142303  47.878117  45.275547  41.411224  40.92725
  53.783905  57.8       45.77672   38.222946  50.46172   52.5894
  43.44556   72.60635   44.70668   38.719208  46.170895  39.838123
  36.725193  64.70731   40.834682  39.61164   54.73803   48.68868
  55.854317  50.41253   32.73613   40.484894  39.335415  47.381332
  53.68421   57.76193   40.368065  34.489532  40.895397  39.272995
  41.409428  47.073547  64.37638   47.24002   46.33437   53.537716
  66.71808   47.15484   41.324104  53.053165  39.530056  42.591026
  33.428474  65.35004   33.483337  35.82497   46.719063  49.003372
  47.12812   48.725876  34.6038    56.04412   46.299877  53.797066
  44.623672  31.161627  55.012417  42.470566  35.94743   54.32487
  61.093685  44.418137  54.37135   65.7666    36.43395   42.850273
  38.2734    42.3083    45.5117    58.05437   46.830734  41.915684
  37.004646  52.861042  42.33845   57.684395  44.155384  43.81649
  41.1112    31.242964  33.351105  42.93422   33.449688  52.74957
  50.861088  39.622284  43.64934   45.018715  51.01732   46.172672
  36.756344  37.998417  47.459667  50.257202  43.278797  48.692806
  34.98756   32.62757   52.05787   45.821938  58.215584  49.62265
  49.058727  55.01878   43.56434   40.282017  51.995625  43.175655
  45.074814  43.89224   33.40375   42.059517  54.312084  38.73572
  39.196186  47.874924  50.87109   32.41583   32.22876   38.593315
  55.436764  41.026638  43.65621   39.05149   42.161057  49.194645
  63.912647  33.59352   37.39823   45.467823  40.81609   38.9639
  31.998817  39.45734   31.851574  53.16349   55.17386   63.24392
  52.626217  40.73533   41.09243   39.20761   42.560867  55.221798
  42.668797  44.4179    54.31286   63.065365  48.016197  60.156456
  45.846527  37.648846  65.08305   51.922855  43.260387  39.434166
  41.409386  61.083897  49.101883  49.368584  50.90858   52.77458
  42.732414  37.47543   39.83753   47.121796  44.701614  49.248756
  39.950275  48.433666  44.317932  43.9989    45.014706  54.1416
  52.76124   43.714134  48.197678  50.25925   46.814346  50.440342
  41.584206  45.492916  37.43459   57.96144   43.384743  45.646873
  46.540707  35.131607  33.53879   51.150536  48.427612  36.772453
  47.75149   48.88482   54.247066  42.90894   39.99635   47.877373
  45.913536  60.456463  30.794043  48.779884  57.01716   46.20959
  37.79568   42.314426  60.46846   44.302837  45.21132   40.098118
  45.1977    43.720543  40.749596  41.893276  37.969273  45.789196
  42.027424  38.096325  37.127045  37.72877   55.719048  44.733788
  46.938     66.90146   42.903854  36.96526   48.600407  34.1997
  45.35669   51.699146  39.043716  45.53603   55.7801    50.836876
  47.186996  36.33498   40.04117   54.949337  47.821857  47.52851
  58.28388   48.42002   43.1255    68.29597   49.764496  44.931812
  51.15813   62.642662  38.35971   38.950947 325.1339    54.85805
  44.464844  62.757084  49.30423   43.811428  39.189014  30.839111
  34.27882   63.990955  38.635204  54.986034  66.80537   49.200123
  48.91723   57.461304  44.757744  52.164074  41.466602  46.714592
  87.90159   57.753433  42.068268  53.946106  41.316193  51.4693
  44.054592  44.52157   31.191267  57.90321   39.091576  45.19367
  48.810516  33.855553  36.909435  35.41964   44.809124  42.105877
  38.198418  45.281128  58.935974  46.10187   46.594147  46.71427
  43.06185   50.526222  51.624233  34.867252  48.16921   46.949703
  38.665062  45.38123   74.80226   53.070557  34.363     53.955975
  62.179733  35.75906   42.870453  58.207153  48.929535  53.689022
  39.146744  55.57216   50.345123  39.00443   56.75875   54.670643
  47.77038   50.475098  35.338955  42.0836    50.335106  34.46956
  57.90433   38.460003  36.107677  40.745113  52.198418  34.870396
  41.16767   40.123566  50.44304   34.48348   50.11915   47.574295
  39.417686  31.463327  48.847424  41.43263   45.639507  31.696499
  59.103226  45.822308  35.754543  49.556637  39.304153  36.785515
  42.91233   42.221024  48.17133   39.45307   52.112747  56.111607
  43.654976  46.942757  44.014866  37.99765   56.524014  46.984764
  44.46838   41.05313   89.42204   42.283577  46.5448    56.432472
  44.183983  51.443016  45.392235  46.40055   59.610077  44.811165
  38.25123   50.788807  34.23546   67.80589   45.49614   45.68816
  54.54936   43.632088  36.123383  42.169617  48.71433   48.590034
  32.1935    39.098972  39.98009   43.34987   40.068455  43.950047
  40.469513  36.81129   32.73468   36.61276   50.232952  44.68378
  41.53939   59.0501    50.312626  37.51733   48.492012  48.09596
  37.73884   46.282932  44.177876  41.881283  37.06144   47.30047
  34.864864  44.359802  34.15847   62.129974  47.48499   39.182922]",0.16861702127659575,0.2665270954370499
2,37,1739,"[[ -7.380441   -13.401429     5.9360614  ...  -5.1716566   -0.73267376
   -2.9239542 ]
 [ -3.1405337    0.86862403  -8.516588   ...  -4.4383082   -7.041278
   -4.504275  ]
 [  1.3202276    4.205987    -4.9254193  ...  -6.636374    -0.99761826
   -8.774037  ]
 ...
 [ -4.453084    -1.6387119    6.972296   ...   2.6973505   -4.5156326
    6.5549383 ]
 [ -8.447498    -1.0844542    0.8652616  ...   4.772232    -0.6133376
    4.3521714 ]
 [-11.606374    -5.6350155   -0.08788226 ...  11.176768     9.81536
    1.135505  ]]","[ 43.42942   48.497787  42.760128  40.148727  37.304356  44.603054
  43.850456  57.419304  51.35894   43.58293   33.0499    42.96803
  36.42207   40.057533  42.57066   45.838547  45.476837  37.018787
  35.026306  33.995045  32.494473  36.868088  51.835716  35.32607
  42.23262   43.949093  45.175957  41.740746  36.79703   45.48808
  43.40715   43.00711   44.41502   35.632435  46.592175  34.146873
  38.569572  38.167034  43.83404   38.82226   46.132988  43.46337
  30.28245   35.886806  41.464783  41.745205  59.42672   38.185226
  58.223316  44.544796  41.548584  41.08043   44.830074  52.35236
  39.501312  41.926327  35.02257   64.31971   33.94811   40.725807
  49.93701   30.74081   43.645306  46.435402  33.385994  39.959087
  47.726917  37.693413  40.075092  48.57511   34.1121    44.256752
  34.65093   36.932922  43.606125  36.170696  34.897633  38.07518
  43.82769   53.01562   33.18764   48.25707   40.9877    45.66613
  45.82793   32.71018   43.609142  37.53362   38.42949   35.336037
  30.010551  43.458717  39.382835  55.180157  42.49549   55.32705
  44.964943  36.44637   42.890415  46.57504   46.620922  37.349007
  55.179634  40.277916  39.184032  43.668903  57.45954   49.64276
  37.64915   37.910904  37.613636  38.599037  53.526062  42.327766
  47.077892  34.026787  62.499317  44.67433   32.590984  61.09571
  34.256615  52.186695  33.48641   40.36422   50.4236    36.687553
  27.488821  55.033974  41.082718  36.53501   48.714596  46.730267
  41.507984  42.919033  42.754738  41.113846  33.86379   44.43954
  58.072433  44.02902   36.654366  36.08822   36.65694   50.06257
  35.132526  39.879528  29.628742  40.347275  44.629696  39.02133
  38.0992    30.532507  49.369873  44.026646  31.8572    35.677845
  42.665714  38.59304   41.883293  62.124214  40.177494  43.713104
  56.2133    45.63237   35.90984   45.29852   39.420784  50.730957
  42.332157  33.347744  42.688995  33.26431   41.125618  54.97835
  46.316807  46.77223   40.003784  34.59243   49.467632  45.657352
  35.37713   33.124077  33.923283  39.916084  40.083996  40.874783
  42.297253  68.3087    51.129314  31.393099  42.430794  44.696117
  39.636738  47.262432  31.871996  31.31665   46.581127  42.645805
  32.67556   46.26734   42.53907   45.939613  48.12077   48.83014
  30.688005  39.705475  36.357964  39.902084  38.620335  43.85647
  28.630783  45.36148   47.171158  32.152992  42.229927  37.74788
  34.74971   38.77971   39.45773   44.130764  43.066704  41.243034
  53.782875  37.05227   51.41168   46.26156   45.364384  58.980385
  48.846153  41.627872  50.393032  40.686924  53.659344  43.826763
  41.14008   34.566185  40.040894  36.677414  39.516544  41.20294
  39.673893  37.189735  38.226955  40.27514   45.94121   48.83316
  46.816475  36.28811   42.964966  37.292877  35.81027   37.991528
  45.143776  43.520954  42.456264  64.40562   33.202953  41.186745
  37.981285  44.982887  43.222996  36.03116   48.44355   48.030483
  40.864185  31.700615  44.80011   32.39468   34.078613  36.503735
  49.4564    56.213337  35.625458  56.7689    31.69289   43.398876
  40.17362   36.26422   40.5561    41.852325  58.02657   50.083397
  34.378742  42.52327   68.77292   37.670357  38.07148   34.287254
  35.201927  39.314472  47.1268    47.56637   42.81014   37.553177
  39.435932  45.575546  43.69505   40.408855  32.870827  37.134586
  36.59298   40.747826  44.925514  37.047935  34.116005  50.937035
  34.77633   36.95575   37.89953   37.78445   51.15127   37.28764
  47.017925  47.36289   64.56507   43.700317  40.631237  46.373455
  48.660378  39.357464  35.468792  49.45464   38.966595  42.92231
  36.35233   32.967205  43.525513  47.180286  42.4739    54.570805
  50.60753   44.724033  38.061306  47.395412  41.43138   47.208035
  89.69717   34.856613  44.111744  39.07111   37.137512  57.351948
  36.55989   41.690044  71.032974  42.36054   37.81183   42.99361
  39.697994  40.174614  42.112263  39.3562    36.849068  37.057816
  51.652966  48.010197  42.520157  35.299965  43.555256  48.666157
  37.095955  68.6663    42.728374  34.26608   43.193905  35.894806
  34.61798   60.368443  37.67596   36.144905  56.711094  45.391434
  50.309475  44.36365   32.080288  36.505276  35.678608  43.552197
  50.4901    53.252586  34.325592  31.089773  39.543476  36.484924
  38.48726   42.68959   55.823288  46.03483   42.42565   47.980015
  57.86981   38.64346   38.189453  48.368244  38.478413  40.437874
  31.088293  57.52023   33.262974  33.724655  41.84867   41.480576
  46.070515  46.009296  34.971264  56.34557   39.615295  49.955875
  41.70611   30.693626  45.837116  39.17673   37.61333   48.81083
  55.914417  44.480564  54.380764  56.239582  32.667828  40.242
  33.36183   38.400463  43.3428    51.05085   46.801052  40.33696
  33.7027    45.89155   37.733173  49.300476  38.561882  41.021957
  39.412598  29.813011  30.973377  41.283775  31.40279   48.422573
  48.084766  38.34227   40.805485  41.93256   49.387314  43.81923
  35.98584   35.25917   44.339527  45.626072  39.485043  47.506737
  32.394146  30.989058  49.553772  41.001854  51.425     48.9166
  42.94305   53.891354  39.363304  38.285694  47.1926    42.525036
  41.366516  38.87063   28.970016  35.95674   53.347534  37.417953
  35.439465  43.045845  47.886475  29.603004  30.258556  35.05654
  49.059578  38.596012  42.673405  34.618164  39.428528  50.03626
  60.28802   32.73327   32.80503   39.152767  36.608566  34.982967
  29.476301  35.795994  29.248379  48.517452  50.694008  57.497353
  50.343163  39.314846  36.54611   36.445183  41.570488  51.140083
  37.81228   40.251446  52.384926  57.763203  42.56796   52.762016
  40.314484  28.096012  61.966656  49.823948  39.769863  35.9479
  37.97975   54.975628  42.891834  46.85367   44.582985  48.459446
  39.04846   31.599485  38.778263  42.532578  39.150806  42.69642
  38.01606   42.641747  41.83157   39.514603  40.590874  53.799614
  47.261093  41.752365  46.34427   49.897186  45.742336  43.620815
  39.132183  41.432674  34.355106  51.61441   40.451176  38.61047
  44.163788  33.43577   31.285864  46.70241   44.92292   34.84356
  44.321857  43.07672   51.103657  39.78952   37.27511   44.338444
  43.261726  51.52035   30.31416   44.336502  49.631016  42.6014
  33.4508    38.92068   55.635418  39.44282   43.862347  38.358055
  38.781075  41.47323   38.762074  41.39322   37.59751   43.14363
  38.84488   35.56758   34.952496  35.29923   52.094135  40.461533
  44.08006   58.708694  37.999374  35.853622  46.242275  34.23712
  41.60264   45.731888  35.934494  40.56321   53.95599   44.758442
  43.383537  34.60035   38.794876  52.613117  44.903137  44.153893
  53.03256   43.220978  40.36338   65.33934   46.609104  39.773914
  45.964405  54.333656  35.31848   35.017426 305.9101    50.726673
  41.66312   54.6147    44.506157  38.55389   33.430656  29.399895
  34.075665  54.650246  38.160767  53.623444  62.87093   43.873764
  43.13281   53.27618   40.838577  51.607647  37.25341   45.20804
  74.209175  48.83401   36.810875  49.940456  40.68758   49.329605
  40.048435  38.035065  27.509726  46.37744   34.59249   44.554703
  44.175552  29.032297  35.824986  30.954155  42.683586  38.31797
  34.01278   41.90087   53.71697   41.742935  43.420383  39.96772
  39.142006  45.551945  40.46362   32.719334  42.697758  41.421772
  37.796658  42.383213  68.64299   49.51383   33.6437    46.302937
  58.663925  33.693897  40.126846  53.55699   46.569088  48.532288
  36.244938  48.111298  47.661743  35.86357   52.1942    48.38149
  45.783863  45.491375  32.434986  40.49582   49.245396  32.091496
  53.02455   35.428642  33.271194  36.93011   47.916374  34.282784
  39.971016  38.18944   49.759197  33.63899   44.826412  43.524055
  36.243996  29.44547   48.250668  39.628292  42.12365   29.174124
  52.815006  43.491215  33.116524  46.41973   37.69853   33.754425
  40.16065   36.93865   45.948734  36.873165  48.795135  50.750793
  40.24649   45.261776  39.665478  33.999863  51.949886  45.993736
  44.290947  40.622356  79.885284  37.077312  45.322243  50.954147
  40.78525   48.68178   44.013626  43.708035  57.19792   40.63306
  34.935272  48.234768  31.294687  61.713463  39.37143   39.426525
  53.63884   38.361122  33.899796  39.13971   42.884712  43.35884
  30.39512   36.0301    35.79423   41.82139   38.164284  42.133415
  37.62579   36.222523  28.630877  34.993755  46.83492   40.145195
  38.36719   55.60891   42.94575   34.78138   47.37057   43.11233
  36.66442   44.453228  39.613026  38.06663   34.009502  44.026844
  34.10043   42.88685   31.026644  55.14528   46.089382  35.75681 ]",0.2574468085106383,0.32701833844184874
3,37,1739,"[[-3.7754793  -0.37278733 -3.7859867  ... -3.420297    1.2594988
  -3.3296556 ]
 [ 1.6965247   2.7143514   1.5780271  ... -9.058844   -1.4997009
   3.5601213 ]
 [-1.7330645   0.22394942 -0.48993883 ... -5.340207    1.1528684
  -1.1032593 ]
 ...
 [ 4.176687    1.1862361   2.5842702  ...  2.7830071  -2.8474817
  -1.890433  ]
 [ 0.58449525 -2.6341057  -2.4701366  ...  8.4347105  -1.0655035
   3.9673536 ]
 [-4.2210965  -2.8223233   3.6390486  ...  3.1818953  -2.8332062
   1.7349105 ]]","[ 39.214817  45.105274  37.182648  36.516808  33.584885  39.02314
  40.96978   52.434418  42.30838   41.617123  31.762192  37.73209
  33.324856  37.312885  39.394093  39.909824  37.61483   37.066864
  34.130142  33.0542    28.24187   33.614048  46.953346  33.08084
  36.71994   41.711452  42.04545   39.721603  35.0944    42.42115
  38.34331   40.32561   41.040993  30.21688   40.89193   31.26737
  34.850235  33.125427  41.161224  34.629948  42.428364  41.685085
  29.476645  33.474434  36.79994   37.143654  52.62118   34.409645
  49.296776  40.53121   36.271633  36.26946   40.63512   46.089554
  36.48542   39.444008  33.174236  59.27941   30.205194  40.566895
  44.408195  27.952747  41.152996  39.69226   31.395378  35.64331
  44.322895  35.30938   36.82259   44.478455  32.462624  39.976112
  32.305878  31.662518  37.287117  33.374977  33.47901   35.489616
  39.102146  50.09893   29.014238  38.22184   34.932655  39.546913
  44.670464  30.085201  39.817646  31.20039   36.51791   30.402557
  29.094307  39.956425  35.963707  50.706047  42.164158  50.910027
  39.627144  35.534405  40.126137  43.938297  42.711475  35.36011
  53.99181   35.676777  36.82069   39.663097  49.36239   41.217117
  34.802364  30.962687  33.218983  36.562866  46.680508  36.84881
  39.50503   33.56328   52.651848  33.097477  32.509666  58.111656
  28.427174  49.63145   30.109503  35.603195  46.1235    32.63116
  26.110672  44.60183   32.55519   33.006313  42.88637   42.55311
  37.316113  38.81282   40.07701   37.29999   31.304962  39.19348
  51.616215  36.731056  34.82736   34.329235  32.672215  48.553013
  34.53469   40.76575   25.7093    38.817284  40.55722   33.794815
  39.10023   28.374813  46.249935  38.27678   27.620714  32.185368
  37.494778  37.33823   40.3186    54.45124   36.000843  39.701515
  53.515465  43.352634  33.50125   40.607918  34.809383  43.46846
  39.844524  28.974152  36.796036  29.975586  34.714302  50.661606
  44.640835  39.89626   37.625687  32.753532  43.74896   43.558624
  33.594498  32.35169   31.94669   37.54983   35.57594   31.214592
  37.010494  61.220932  43.51899   29.964275  41.13583   40.211983
  34.877274  42.634144  29.761415  30.276915  46.42421   37.16662
  30.346205  42.564217  37.481007  41.810135  46.2052    43.249344
  27.263416  38.80801   33.17944   34.549805  37.371834  37.84739
  28.356346  40.974457  42.67769   29.418129  37.61007   35.69785
  30.416206  34.447105  35.65157   39.779     39.53573   35.830326
  47.47349   33.227974  41.53578   41.30936   43.96001   51.939423
  43.66533   35.741055  49.102936  36.739983  42.85432   39.493267
  35.909767  31.984549  37.419678  31.858973  34.965885  37.695435
  38.237877  31.10241   34.241245  35.618073  38.74756   42.365513
  42.68545   33.17694   41.882706  34.610325  34.576176  36.321686
  42.495052  38.37531   37.43959   54.396835  29.856434  36.333473
  32.00587   42.780987  39.076942  33.36112   39.388382  43.54925
  36.875935  28.691513  41.708775  29.374722  34.327286  33.779263
  46.800056  49.233852  30.02369   48.27184   30.371023  38.09637
  36.17284   30.7065    39.64974   36.517532  49.4888    45.310966
  32.937447  36.620674  61.94952   36.22339   34.572826  35.036808
  31.201082  37.3961    41.942562  42.932243  37.323616  35.66386
  34.91761   41.628315  41.035675  36.60018   30.541185  34.460552
  32.318     35.9096    39.874504  32.94033   31.361742  47.54006
  33.4486    32.578075  34.28442   33.666164  46.996574  35.203693
  44.42425   39.13386   52.0406    36.670666  34.811607  43.932846
  45.725193  36.60719   35.2185    46.054043  34.511078  37.74521
  34.226166  30.727283  38.836655  41.748756  40.51076   46.556973
  49.217365  41.025185  35.74681   48.99627   37.224663  42.273815
  79.22585   31.437721  40.031174  35.631725  35.353638  43.633934
  33.334545  35.823433  59.362984  36.077156  35.316692  39.83023
  35.87962   36.453938  38.261833  36.62699   31.88246   31.512175
  47.69129   43.754864  38.078686  31.831825  42.665775  41.958466
  34.75386   65.48537   39.540016  31.8403    41.349304  31.539827
  30.436626  54.014034  35.491123  31.930557  47.120636  36.600548
  45.945007  39.88062   29.225113  35.715565  33.573032  38.59949
  44.10732   47.43728   31.202251  27.823841  35.6019    32.307777
  36.473373  38.652916  50.57014   43.983055  39.196106  42.31557
  48.476017  35.25669   38.11602   42.051468  36.28354   34.536972
  30.475258  49.75472   28.821962  30.028069  37.861717  38.512775
  42.29887   40.102272  30.982447  52.348988  35.023975  44.307823
  39.46063   27.396318  40.68174   37.10527   34.14633   40.469807
  53.63018   39.226715  47.045753  41.34156   26.613142  37.422832
  28.794764  37.076546  37.59076   45.33178   42.42814   36.177868
  29.725285  38.678547  33.70089   44.54096   36.685917  41.504578
  37.054195  26.124554  30.093536  37.150192  30.49359   39.800262
  46.476692  34.875893  38.606445  40.73051   44.99866   41.15857
  31.113726  32.471184  43.306828  42.11059   37.321903  44.154316
  30.546955  28.852674  46.433487  38.149235  44.422935  45.735607
  43.69025   50.61999   36.70261   34.531002  42.513424  36.214184
  40.536297  37.928146  26.522116  34.45165   50.01628   32.555996
  29.031614  38.43972   44.24267   25.484655  28.370987  32.420433
  43.36181   36.426273  36.904274  32.41022   32.593983  42.350357
  52.988483  30.551363  30.53082   36.15519   31.667576  35.36393
  27.57619   31.511772  26.403633  41.57058   47.937702  51.336914
  44.1568    32.20238   36.436646  33.5411    37.596584  44.52802
  32.996506  37.4353    45.526546  50.94558   38.247128  49.056217
  35.864407  23.783758  56.96859   45.739647  34.88556   33.171383
  34.959667  49.05899   37.55491   41.55415   42.967552  43.23644
  36.47722   28.249594  34.845055  40.758404  37.68726   39.204807
  34.99976   36.90786   40.06348   37.259525  38.463455  47.484276
  46.066284  36.766014  41.586006  43.785336  44.689896  42.904163
  36.48621   36.816296  32.116062  48.87104   39.341682  32.715252
  41.682556  31.173002  27.816868  43.278606  42.092594  31.147093
  39.75042   40.447334  50.338863  37.37637   30.3234    39.623928
  37.03353   46.669926  29.20887   38.737103  45.804512  39.70521
  32.190346  34.992027  51.860348  37.16712   39.86915   36.759365
  38.706055  38.01871   34.568306  39.57345   33.741848  37.870544
  35.538906  33.900673  31.96575   32.283253  47.358322  36.424595
  40.534405  49.039276  33.862286  33.796234  39.512135  31.7823
  38.28785   45.172398  35.101223  37.54001   46.078945  38.67752
  38.860886  33.04387   37.024994  48.97127   42.67      41.74262
  43.645763  38.80289   36.922523  56.66366   44.305893  35.922363
  38.060196  47.64613   33.998394  34.50161  296.02698   47.45813
  37.505013  48.758217  40.695667  32.94017   29.694973  27.444286
  32.667267  48.34072   33.93873   45.24005   56.03647   41.24082
  35.905735  47.0719    37.47642   45.06547   31.651995  37.23841
  60.012436  38.765648  34.23547   48.912518  36.878933  42.143177
  38.863544  34.411777  25.863672  40.602432  32.6146    40.761753
  37.081036  28.198576  33.100803  28.706259  41.45682   36.872368
  30.475029  38.737     49.116367  36.57851   40.286297  35.889454
  37.067406  39.918392  35.431103  26.61311   39.13632   40.724762
  35.548603  36.58361   65.801186  47.323715  32.255272  43.45699
  49.282055  28.13302   34.77357   51.384872  41.9371    45.878216
  32.701813  44.18144   44.399223  31.69282   46.781017  40.296425
  42.152393  41.16068   32.550003  39.008408  40.65785   29.528938
  47.286552  31.812866  31.540728  35.687565  40.00389   32.85817
  38.363113  34.451332  41.029633  31.74467   43.19217   40.51943
  33.586086  27.890133  44.180023  37.468674  36.04486   28.87866
  45.585037  35.90794   29.924612  43.14637   34.08214   31.971422
  35.000458  31.912754  39.682774  35.30054   43.70397   42.98957
  34.90132   42.189075  35.739952  31.473864  46.53522   45.084423
  39.93515   34.460606  63.780636  35.257618  42.299015  47.793648
  37.561077  45.591892  42.23334   38.7636    51.304832  34.68777
  35.025658  43.663982  29.848825  54.09735   36.5818    35.79738
  50.28264   34.23121   32.16724   33.729504  39.4726    41.626053
  27.56886   32.95537   32.419926  37.253372  32.868347  39.45562
  34.473015  33.762627  26.323622  32.303432  45.430584  38.172626
  34.64463   47.601368  36.062088  29.93854   42.852158  34.94477
  31.705473  42.311726  36.644463  34.79304   29.068445  38.887547
  32.263752  38.359062  30.879639  52.11906   38.616936  32.7699  ]",0.36436170212765956,0.400656129916509
4,37,1739,"[[-0.27646735 -1.2721081  -1.0034562  ... -2.4333708  -0.90701705
  -0.45932102]
 [ 3.6560793  -0.63798493  1.574861   ... -1.5088145  -1.9775658
  -0.27005452]
 [-0.15352196 -2.4659824  -0.78853923 ... -0.01293202 -1.6989344
  -1.2005259 ]
 ...
 [ 0.13036108  2.106779    1.3021322  ...  0.54646194  0.32306856
  -1.063811  ]
 [ 3.9411478   1.5105653  -2.3871388  ...  1.7211576   0.83570707
   0.67634785]
 [ 0.47136185  0.8749638   1.5413581  ... -0.3875527   2.86828
  -0.7523787 ]]","[ 36.244614  40.053047  31.777866  32.566437  28.3074    32.681084
  36.145332  46.88036   37.59617   36.74547   29.096079  33.305
  30.764954  35.14688   34.312912  35.13456   31.543709  33.01058
  30.819511  27.785175  24.975544  31.729258  40.128517  29.997211
  31.689796  36.847103  38.777626  36.97953   30.030657  37.067062
  32.100334  35.69508   34.003906  29.359638  34.417484  27.944876
  31.733988  31.201065  38.76283   33.34976   39.39583   39.160667
  27.976707  27.333593  34.760017  33.946674  44.893257  28.960176
  41.334602  34.681683  31.143084  33.51599   36.153316  40.003067
  32.83066   35.457203  29.543049  46.209114  26.655783  35.067226
  41.0061    23.734573  37.31786   36.432594  28.786905  32.036335
  36.64223   32.046494  31.51306   39.353275  29.89044   34.158173
  26.262339  28.237059  32.36791   29.370129  29.982822  30.83111
  34.611866  40.21449   26.224516  33.02312   32.068504  34.93686
  38.893745  25.945948  34.35225   27.613747  33.844265  28.464865
  25.91264   36.55707   30.201199  40.874557  34.422916  43.537624
  34.065617  33.134293  34.90677   35.2815    34.518127  34.695644
  44.826626  32.859646  32.778435  36.694664  43.82131   37.91069
  29.939142  26.190386  30.643549  32.952473  37.909016  34.073097
  35.19927   28.489376  41.25686   25.447067  26.840956  50.136646
  27.55512   40.38887   25.965025  32.364326  39.41347   28.914564
  23.696558  40.035065  30.357674  27.85021   38.616642  37.925774
  34.154396  31.65309   35.739357  30.800547  28.002184  32.77775
  45.751434  32.582706  32.537235  30.297916  28.640526  40.939056
  29.32718   35.411064  24.674707  33.810833  37.11327   31.76454
  35.012466  25.628819  39.453014  34.026623  25.487326  28.932396
  32.529842  32.28851   34.581085  43.765453  35.387707  37.92541
  45.832165  38.1442    30.54096   36.38933   31.422274  37.17426
  34.209873  26.196342  32.298637  27.213388  30.382494  44.393135
  38.615284  34.90381   31.871742  28.222723  38.647984  39.076992
  29.918722  28.828436  26.887531  31.934711  30.0812    27.552834
  33.691128  45.808712  36.515415  27.55084   34.65831   33.35726
  31.392767  39.827503  27.737093  26.996422  38.548527  32.183426
  28.366549  42.40496   31.797848  37.787544  39.380966  35.78266
  25.36899   35.024303  28.922852  30.140217  32.213165  34.074387
  24.590586  37.85834   34.774193  25.144926  32.696392  30.139767
  26.516956  28.972107  30.809336  34.298576  33.067364  31.125992
  40.042015  31.190334  34.71064   36.763718  38.270077  44.32982
  38.334633  33.77047   41.74877   32.89199   36.575363  38.229305
  33.205074  27.065176  34.308376  28.894396  30.25955   36.18498
  32.28415   30.737444  32.71604   32.76677   34.684998  35.635372
  37.183895  29.122278  37.248985  33.84256   32.358185  33.50401
  36.18352   34.93698   30.33005   40.911728  27.162308  31.134632
  28.135695  38.06706   36.069862  28.240131  30.664822  37.52525
  34.41988   27.591173  37.317184  23.958979  30.57371   31.281181
  38.64988   39.928925  27.850487  39.49153   26.536379  34.54439
  32.266636  28.867226  35.636242  33.486565  39.878433  42.47129
  27.50678   32.072826  56.935516  32.32115   30.699408  31.229746
  28.861479  33.66099   36.030716  35.704117  36.417183  30.866741
  32.27145   38.178226  34.777805  31.449913  29.296635  30.017101
  27.449142  33.17112   33.384117  30.364077  26.106611  38.430782
  29.251797  30.126787  31.999653  30.605541  40.62677   29.583467
  41.335342  35.994625  42.988007  33.752213  32.987797  38.238422
  38.79542   31.492992  29.610445  40.22026   31.299288  32.01703
  30.828636  26.800257  35.449543  35.390953  36.58901   39.644794
  39.191914  33.456158  30.657352  42.307224  32.692352  35.18144
  58.704296  30.34822   36.06412   32.9945    30.054083  38.03415
  28.030203  32.332935  46.82782   32.527996  30.835375  35.797268
  33.23087   32.54952   33.466515  35.326183  28.828362  28.108263
  40.26282   36.854202  34.137478  28.626574  37.964912  38.593616
  31.44014   52.645622  34.34145   27.436758  38.000816  28.993786
  28.039516  44.218437  29.546139  28.65755   42.3485    31.501854
  40.367214  32.105778  25.529282  31.086     28.282984  36.41494
  39.383823  40.53864   27.882408  26.279938  30.951376  30.074556
  32.404842  32.533226  40.02024   38.265266  36.194355  36.918526
  39.096687  29.757502  31.886625  37.629337  32.561405  32.430645
  26.787663  40.84997   24.854065  26.645868  32.23796   35.61633
  35.289864  34.67308   28.305954  44.62606   31.010618  38.8214
  33.595284  26.572933  35.122185  32.91198   30.419851  39.637436
  44.38463   34.596058  40.024208  34.426422  24.633207  31.80684
  26.810635  31.085392  32.764233  40.502804  37.228733  34.3448
  26.019672  34.53314   29.900328  40.58731   33.100395  34.384872
  32.69478   23.520826  29.046824  34.175175  26.255875  34.360714
  41.762115  29.82644   34.25002   37.18479   35.249214  37.543247
  28.493536  29.174162  35.23968   38.723347  32.375072  35.19264
  29.713676  25.623404  40.995434  33.602818  38.459724  38.569103
  34.627098  46.7436    34.722706  32.441998  37.831417  31.56712
  35.46787   32.699547  24.086864  31.195719  43.073997  29.02095
  27.955338  34.474228  39.801907  22.174164  26.76471   29.585566
  37.65181   31.287926  32.811626  27.821547  28.202566  37.449337
  42.339878  27.571415  26.816181  32.265797  26.851866  31.375807
  26.767921  28.117804  22.777464  36.875423  42.253918  43.34256
  36.18285   28.449602  28.975513  30.538992  33.364918  40.737503
  29.507637  32.809708  38.215405  45.3993    32.73832   41.51446
  30.120485  21.764833  47.033543  35.05151   34.060806  28.285246
  29.285759  45.115128  35.147     36.70652   37.887875  38.519184
  31.124208  25.937016  30.609886  33.49121   33.1109    34.05216
  31.128407  31.422253  34.926865  32.404457  34.738506  45.388165
  38.770657  34.56158   35.46602   33.887886  36.84175   35.214993
  31.079208  33.305984  30.250181  42.16654   35.246235  29.389523
  36.361824  29.382359  24.223038  38.621544  36.52871   29.291855
  37.643776  34.671806  41.029003  31.894047  29.09988   34.457413
  31.746754  39.979073  29.822163  33.456947  40.95447   32.445423
  30.004623  31.332735  41.416676  33.839424  34.961384  31.863144
  31.12992   33.20582   28.368402  33.6424    29.055151  35.50704
  31.948332  30.846378  29.584888  29.36722   41.024776  32.24825
  36.009136  38.707508  29.11133   30.012259  35.38182   27.608788
  32.88032   37.828968  29.906824  32.420208  42.34568   32.728745
  34.63949   30.327696  34.426907  36.64173   36.84091   39.027206
  36.083775  34.537666  34.600456  49.24029   42.94287   33.139004
  33.356297  42.476482  30.281433  30.801819 266.86792   40.58385
  31.457186  42.557106  35.40158   29.427034  27.56221   26.267794
  30.16133   40.25129   28.657024  41.371685  48.05571   34.917572
  31.41621   38.433144  34.117428  41.339046  28.874596  32.461002
  44.46219   34.008434  28.687412  42.12109   30.848263  38.06672
  35.217667  30.068172  22.665459  35.09626   29.74747   36.16268
  34.157116  25.811317  28.747866  26.737537  36.716713  32.06639
  24.442904  33.623684  41.77378   30.99871   40.121143  30.38849
  32.656837  33.435123  28.937824  23.608734  33.521317  36.515602
  34.50562   33.05468   54.038704  43.164192  29.204683  39.156197
  40.086044  27.553251  31.903967  44.813766  36.310413  37.169537
  30.345617  40.924316  38.497204  29.494862  39.165836  37.440544
  35.761734  35.707077  28.21399   32.707977  36.21518   28.266909
  40.933083  28.827059  28.007578  32.307163  34.590717  27.72687
  34.269444  31.723412  37.67698   28.687046  37.49991   36.19432
  31.719126  24.795662  38.356564  34.252758  28.750116  25.658554
  42.777782  33.975826  26.583506  35.62223   31.20321   29.008722
  31.521433  31.093658  35.352898  31.645939  38.59247   37.78111
  34.153217  36.395393  32.05716   25.771967  39.92469   34.76854
  36.60048   31.702417  50.167168  31.997116  38.8756    44.148018
  31.305038  37.30576   37.773643  34.169064  44.94955   29.680578
  30.422628  37.264236  26.109468  46.22309   31.679617  32.149452
  41.092064  31.144516  29.413563  30.932892  33.304943  34.471874
  25.613756  29.25431   29.755005  33.929268  31.6549    35.974266
  29.532873  29.403896  25.212475  29.58519   39.64632   32.716476
  31.271753  41.840145  33.873974  26.658813  34.13468   32.557285
  29.655539  36.592285  31.425299  28.541023  26.044655  35.722916
  27.605673  34.157066  28.306782  48.25562   34.691574  29.039637]",0.4845744680851064,0.46807856460412345
5,37,1739,"[[-0.77763385 -0.79099315  0.2352925  ...  0.68229634 -0.2819055
   0.7949316 ]
 [-0.01827064 -0.44608462  0.7565849  ...  2.0745294  -0.8265449
  -0.70474434]
 [ 0.11874182  0.91899884 -0.40733582 ... -1.2921519   0.5323231
  -0.67054754]
 ...
 [ 1.53653     1.9318712   1.1887839  ...  0.03572077 -0.26884127
  -0.27969673]
 [ 0.4328496   0.9261842   0.6495233  ... -1.2795088   0.08541068
   0.7124555 ]
 [-0.0740397   1.690407   -0.33331868 ... -0.5177061  -0.44255948
   0.33564517]]","[ 34.96907   35.16341   30.45146   30.25077   25.721891  30.96623
  31.81795   42.691433  32.23868   33.23462   26.01887   28.870886
  28.405014  28.653807  30.960041  31.891243  23.978792  30.377272
  26.350264  24.66532   24.584473  27.572613  36.227036  26.22285
  29.936531  34.42655   33.658073  31.172304  25.134716  33.844494
  29.47321   32.218903  33.17671   24.097664  32.10683   23.98561
  26.457733  28.814512  34.206203  28.819212  37.522465  36.54047
  25.520174  27.75392   31.074247  29.572166  40.055756  26.129147
  37.44091   29.16463   26.051178  31.002575  33.078197  35.407036
  26.393074  32.560345  26.279472  39.474575  24.95557   29.11575
  33.97291   23.69028   34.54668   34.309395  25.760786  28.939474
  31.942085  30.258934  29.625584  33.764732  27.242159  31.768854
  22.91964   25.70255   28.443806  26.96021   29.037962  29.376478
  33.82513   34.56022   25.249344  29.464468  28.862333  32.139057
  34.238724  23.202024  34.094036  23.626476  30.42485   24.334513
  24.663563  32.611294  25.927988  36.861023  29.911898  38.181633
  27.987463  28.420076  30.178583  30.598976  32.370003  29.53969
  39.901596  29.65758   30.47117   34.600548  39.149864  33.62255
  26.223808  24.233023  27.750292  31.964123  36.954945  28.402239
  33.2942    25.428585  38.814434  20.885437  24.774343  40.846306
  24.588226  37.715946  25.281189  28.285437  35.2612    26.884836
  21.354296  38.23984   26.63931   26.552319  34.82674   33.63051
  29.75903   27.583954  32.399754  25.213366  27.92248   30.937202
  38.073742  29.964981  25.057808  27.25952   24.462704  38.80156
  27.957186  31.551405  22.910444  30.069681  34.367973  28.269701
  31.907759  23.847263  36.308853  30.41291   23.037205  26.483927
  27.337929  29.551235  31.909365  38.651382  32.48348   33.30302
  39.522682  33.176888  27.565636  34.74751   28.876333  30.6175
  29.85132   22.162872  28.490135  24.376022  30.134594  37.407124
  34.0491    33.887478  28.511793  27.211943  37.409676  34.559944
  27.532337  25.544437  25.876907  29.795605  26.804546  23.81691
  30.722841  40.027607  36.378036  24.609982  31.53814   29.138931
  26.096243  33.26072   23.514618  24.242243  35.205536  27.233173
  24.664715  34.627613  30.215319  35.11795   35.656895  32.47091
  23.17811   31.19873   27.565609  28.024185  30.282042  30.895273
  23.651743  34.262753  31.747442  23.990915  31.847473  27.90475
  23.61503   27.068733  29.05701   27.538511  29.475521  27.503536
  36.121994  27.314999  31.846605  33.87103   36.561733  39.554577
  36.522106  28.949316  36.585773  30.760162  30.519718  34.388012
  29.024342  25.264626  29.48014   25.54699   30.742374  30.645939
  29.000994  28.46479   29.571087  29.077673  32.85178   31.841179
  32.70453   26.715057  31.912994  28.345428  28.23674   31.00419
  30.653929  29.746935  27.960539  33.574112  25.186127  28.442352
  27.555965  34.265564  33.660152  24.060495  26.74784   33.255154
  29.23175   25.582619  34.605503  21.980307  29.655725  30.804083
  33.88095   36.92527   25.331617  36.5175    24.954178  30.675243
  27.467916  25.507238  31.339792  29.459396  36.32378   38.631985
  25.025383  27.846817  48.46607   29.445486  30.712729  26.95221
  25.525675  28.088045  35.084206  30.341642  33.044056  26.994322
  30.012867  32.493603  30.209452  29.3969    25.665697  28.472147
  25.052992  29.93      31.473043  27.104729  24.49907   34.824318
  26.315586  26.826397  32.181973  27.133526  37.670616  27.488514
  36.604294  32.223553  37.31118   28.882805  30.539888  34.13047
  37.399506  30.780403  28.71942   36.783955  29.752028  27.270834
  27.69469   23.581522  31.086695  31.593536  31.23966   34.51832
  36.26753   31.146616  28.183296  37.578964  29.222986  30.159563
  50.336674  26.278482  30.823215  28.207663  27.952177  31.00612
  27.378366  31.215645  38.91986   29.3961    28.65858   33.896717
  29.59198   30.580048  30.052053  32.022053  26.51489   25.028774
  35.981766  31.724922  31.268301  25.534504  34.814213  34.795227
  27.548876  48.489147  33.478218  25.514074  33.56982   27.61854
  23.864113  41.221123  26.721495  27.162273  37.608402  28.56205
  34.815624  26.84292   25.176699  29.81529   27.400515  31.453053
  34.805923  36.78278   27.229939  24.054548  27.661037  26.326054
  30.831554  27.316082  35.712315  34.078278  31.932537  35.49519
  35.142048  26.916365  31.764187  35.624126  28.607267  28.840725
  23.39316   35.424767  24.167662  23.665764  29.746061  32.00598
  34.667393  31.195484  26.269535  38.354607  27.716223  34.280857
  28.681099  24.263628  30.20079   29.786495  28.319614  33.07977
  40.068424  30.699358  35.282185  30.193968  20.532795  28.687742
  24.408787  30.424437  31.170221  34.193806  35.8311    31.159863
  24.477512  33.82343   26.913904  35.729813  30.512228  30.908903
  31.237007  21.677053  24.369219  32.127125  25.251242  28.696486
  36.53249   27.515984  33.229008  32.820965  32.02977   32.83912
  24.684275  27.379377  35.32354   34.190857  27.73894   33.680054
  24.87285   24.422739  37.59843   33.254795  33.932446  37.066948
  32.36385   40.339325  30.732086  29.621489  33.72242   28.935064
  32.07336   30.740395  22.536398  29.69159   38.5542    25.616526
  23.956165  32.21734   35.55004   19.793594  24.062843  26.31026
  34.40162   26.856749  29.233051  25.892439  25.756464  33.810223
  37.472557  25.461418  25.81388   29.936754  20.824781  31.488462
  22.991955  28.01442   20.077608  32.53744   39.947197  41.575726
  34.26744   27.129002  25.940737  29.222078  28.886047  34.63935
  25.913717  30.21214   31.152164  41.36211   34.233734  39.002098
  29.090508  19.221107  40.99661   31.347008  27.740034  24.429214
  27.633595  39.169872  31.199598  31.20667   31.84894   36.61358
  27.037193  23.312178  27.831486  31.066204  30.432894  32.084972
  28.433935  29.216934  33.370594  29.187487  31.219095  37.484848
  35.982094  29.978813  33.16387   30.571426  31.690062  32.209087
  30.086445  29.23615   27.611313  36.876995  30.290257  27.119429
  31.657156  27.410904  23.78568   35.446796  35.12782   27.309204
  32.82855   29.201519  38.55066   27.80216   26.054123  31.429062
  30.653393  35.43146   25.480717  29.73855   32.008514  30.21378
  25.289743  29.172638  35.993828  31.740656  32.63389   28.56816
  29.86801   30.052256  29.183544  28.774345  27.769531  34.894173
  29.066622  28.126766  27.193657  25.59531   37.458233  28.819344
  31.830778  33.8732    25.964314  28.932993  31.416397  25.123913
  29.379856  31.060179  26.658243  29.33726   39.911743  29.286842
  29.38015   28.264654  30.143024  33.694393  31.261309  33.2403
  31.318481  32.634342  29.347687  42.588894  41.24061   31.561241
  32.108963  34.4655    25.984474  26.788366 270.33356   37.48433
  30.007698  36.279865  31.308392  25.972525  24.778387  23.847567
  25.938612  37.403725  27.479078  37.00148   42.187805  30.951488
  27.412508  35.068462  29.05714   35.36106   28.0781    29.252037
  34.43718   30.007378  23.84377   37.048927  27.157404  33.401657
  34.605686  27.057497  21.864243  30.669785  26.78102   33.311886
  29.867722  23.603716  26.08726   25.090958  33.4562    30.466768
  22.318281  27.777943  36.20435   28.412397  35.461826  28.254927
  29.900414  31.269932  24.291014  22.200607  32.202827  33.512615
  31.693676  28.682224  47.861965  41.552856  26.870321  34.789906
  37.430645  24.028889  29.0758    39.172653  33.71786   32.96622
  27.979698  34.203785  35.99556   26.473677  32.55941   34.57618
  32.93434   33.28883   25.392145  30.04574   30.401287  23.480553
  38.0546    27.604338  25.453243  28.99645   32.604572  26.171503
  31.947842  28.059467  32.42409   25.196566  34.957584  32.372
  27.750788  20.478188  30.997972  32.25797   26.145243  22.486963
  37.269806  29.757223  24.761063  30.466593  27.899742  26.2365
  28.705433  25.644077  32.55438   28.750473  33.45276   32.21224
  31.950254  32.51493   30.271795  24.276339  36.12355   31.205431
  29.712948  28.819977  43.804695  28.6169    34.820972  34.8505
  30.654911  32.958275  34.04196   29.293085  39.337513  23.903412
  28.012426  35.6129    24.307674  38.931248  30.21299   30.07256
  36.63039   28.520958  26.326647  27.212934  31.219797  32.70404
  22.963156  28.368776  27.654922  28.442125  27.707617  31.971882
  27.166779  25.521067  24.7688    27.796627  34.23836   31.589056
  28.267584  34.889862  28.587505  23.283283  32.189835  29.445337
  26.927174  32.312206  29.859074  29.65011   20.956493  31.88764
  25.879072  31.693056  25.69141   43.373     31.615597  26.830132]",0.5457446808510639,0.519546968738238
6,37,1739,"[[ 0.42102903  0.3361273   0.21036375 ... -0.6441214  -0.1694068
   0.04720677]
 [ 0.519711    0.38400212  0.7025029  ... -0.16938141 -0.02472137
   0.40840533]
 [ 0.64755183 -0.16663736  0.3265949  ...  0.09329004 -0.15163751
   0.49147424]
 ...
 [ 0.71220696 -0.44860652  0.49301556 ...  0.18365267 -0.31727198
  -0.01918205]
 [-0.09948982 -1.0425634  -0.00440452 ...  0.31049687  0.04103691
   0.52504814]
 [-0.5669183   0.34489682  0.50100416 ... -0.39147657  0.23826651
   0.11990524]]","[ 33.995674  30.77031   27.718403  27.139435  23.546957  27.760305
  30.69595   38.197186  30.3308    29.59122   24.905596  24.618805
  26.890913  26.269579  31.09913   28.480646  20.13049   28.17644
  26.5213    22.437414  22.27327   25.812891  34.608612  26.409199
  27.92593   29.187202  31.133242  28.275818  22.680511  29.967468
  24.593084  30.602114  31.92401   21.733322  31.44076   22.915424
  25.527834  27.940516  31.584295  28.093088  34.76555   31.976664
  22.730661  24.494547  29.94498   28.842579  37.430782  23.17869
  36.516777  28.620071  24.29261   30.285479  29.58109   31.724392
  26.326391  30.05066   24.932268  34.416466  23.117817  26.302944
  31.419817  21.77172   31.82036   31.101463  24.740852  26.24629
  29.918589  29.323303  26.831297  32.526634  25.747473  30.389174
  22.525223  21.38843   25.588356  26.64008   26.736652  26.811924
  32.755505  32.678806  23.43906   26.13901   27.381302  29.454212
  31.526705  21.135668  30.924864  21.347378  25.999987  24.276405
  23.248764  32.183197  22.332129  33.834396  28.747002  35.203907
  28.31156   27.977867  26.48781   27.12644   28.557285  29.019314
  35.358845  27.533037  27.366793  30.673765  35.261715  31.410013
  24.503923  23.46321   24.916676  26.929909  36.49545   26.370657
  30.251392  25.336967  35.822895  15.311316  22.60518   36.11253
  22.485512  34.693592  21.945137  26.62319   32.94767   25.682821
  20.790512  39.264893  22.278288  24.812853  31.8002    33.18636
  26.192396  26.294575  29.808012  23.492537  25.927593  32.36742
  34.52936   25.975468  21.987839  25.492956  22.773544  37.034138
  24.95358   28.298347  23.649715  28.273981  34.18169   27.734304
  30.329906  22.731508  32.643444  26.324121  21.277534  24.339487
  23.982988  25.933863  31.428667  36.66471   29.104513  29.64629
  38.102413  29.36313   22.729664  29.553646  26.708479  26.731867
  28.603445  22.270618  25.209005  23.642962  27.4007    36.364517
  32.0723    28.588541  25.635284  25.909714  32.657475  31.570667
  24.243656  26.430668  22.802475  26.542124  27.02558   20.081898
  28.734842  36.023655  32.296726  22.922274  27.408724  26.623888
  24.136187  31.814552  23.64739   25.31814   32.890934  26.384275
  24.992172  32.782627  29.98405   32.28062   32.737667  31.454576
  21.75736   28.412975  23.96009   24.681456  26.233488  28.422907
  21.380438  30.67215   27.237307  22.570559  27.484226  25.949945
  22.639524  24.8267    25.576607  26.987198  26.911104  24.264399
  32.050896  25.393333  29.657635  32.618786  34.840305  38.528275
  29.670925  29.424953  34.34698   27.745295  25.882263  31.35509
  27.469616  24.47705   27.547083  23.193747  26.992008  29.573313
  26.270308  26.54516   26.772171  26.121035  29.226707  28.793596
  30.410124  26.202757  28.990355  26.182724  25.28264   29.393377
  26.481768  28.831074  24.35869   25.943604  23.622564  24.68436
  23.989128  31.997002  29.582714  23.437483  22.379925  31.186802
  29.127522  24.121258  30.120125  21.949299  23.490944  29.036531
  31.422588  31.569933  26.15471   31.473652  22.63583   28.327654
  25.512861  22.754812  28.68373   28.977926  35.456276  35.92881
  23.79562   27.28531   45.346493  26.370108  26.225346  24.208006
  22.362871  27.96901   30.483059  28.737875  30.857918  24.356117
  25.334955  31.787844  27.84281   26.962376  24.96831   25.580254
  21.863487  30.758331  27.496637  25.516539  22.77246   31.115297
  23.7646    25.283487  28.364836  26.451733  33.13877   26.076443
  33.667847  30.48425   36.318676  28.29635   27.079063  32.685642
  32.39593   30.399153  25.81075   34.536877  27.394482  26.011263
  25.310892  22.74208   27.738798  28.447866  31.454325  33.082962
  32.336754  32.635563  27.311342  34.958546  25.757254  26.265553
  42.473293  22.892345  29.547611  25.191778  25.577396  25.663948
  22.08696   26.986311  31.552444  26.403519  25.82897   30.983065
  26.467674  28.049677  25.905973  31.837042  22.380974  23.651482
  32.666485  29.40208   27.511358  25.548532  32.97065   33.35245
  25.07016   42.49373   28.712662  23.629242  32.409317  23.141157
  23.28146   36.411156  25.138973  25.677065  35.967392  25.327517
  33.08753   26.986416  21.42855   26.502657  25.320744  30.394373
  31.338125  37.5716    26.079882  21.140966  25.113775  24.444416
  27.002863  22.827673  35.06182   30.851585  34.246597  30.261911
  32.09235   24.88932   28.098488  33.030785  24.224548  28.716757
  23.19695   30.884155  23.146574  24.021399  26.860355  30.846188
  30.69226   28.047539  23.568155  37.69664   26.86581   31.314533
  26.537708  23.441668  24.278217  27.386013  27.693909  33.22751
  42.080357  29.171871  33.393085  27.807795  20.730497  26.228924
  23.37819   27.842558  30.921688  30.514318  30.874372  32.062336
  23.944212  31.28779   25.357834  34.377068  26.65105   28.629532
  27.625141  19.668867  22.28871   30.22389   23.857935  26.288908
  35.38089   26.409866  28.309462  31.939587  29.817621  30.89588
  25.578337  25.931635  31.706493  32.370445  26.840418  30.803417
  22.529757  24.264305  35.159798  30.856043  32.40524   34.3271
  30.288742  38.73371   30.175093  26.058956  32.57383   27.385279
  31.389517  27.343292  20.503778  27.543709  36.53715   23.449902
  23.461527  27.297415  31.488676  17.426899  22.47607   25.329899
  29.727903  24.954834  26.549952  23.247906  23.488966  28.922781
  34.403423  23.222265  23.842936  28.38137   18.395485  29.01009
  21.682613  26.224974  18.332962  29.672075  33.90856   33.956932
  30.336927  24.78956   23.46847   27.017149  27.69858   31.384445
  24.732256  29.618776  30.454008  36.708412  30.77159   32.91641
  27.209126  17.984308  38.854774  28.906105  26.512754  23.72488
  26.19089   37.860806  27.306374  28.267189  31.061495  33.04448
  25.058584  21.414541  25.152695  26.753656  27.175117  26.34076
  26.480858  26.34083   29.052649  26.284973  26.602755  36.637657
  34.817757  29.180498  31.279413  29.502665  30.905638  29.510853
  27.597013  27.443846  24.083647  31.34075   30.270906  21.46998
  28.661684  25.62632   24.646755  33.273415  31.289467  27.089714
  29.32659   27.457579  33.246098  24.460405  23.78156   30.644125
  27.249931  32.76566   23.474794  27.434694  30.963026  25.9652
  26.36613   26.265154  35.28445   28.910027  29.18026   25.94572
  28.220688  29.895115  27.455788  27.673557  23.196932  32.738544
  25.460424  23.285599  23.291935  24.141111  36.66665   28.93043
  27.749617  25.677843  24.488949  27.799786  29.423925  23.217112
  26.947857  28.847878  26.363651  28.358158  37.103146  28.869886
  30.724258  25.678902  28.312021  32.05562   29.85078   33.244354
  29.26169   28.167154  29.831646  35.88753   37.680676  28.386837
  30.32277   32.431496  24.54979   24.445498 250.14873   32.180134
  28.013203  34.687298  29.160599  23.52156   24.572332  21.856163
  23.097729  33.12987   25.344725  33.997925  38.456627  31.430664
  25.709848  33.890354  28.145048  30.43727   25.250273  29.920322
  28.71317   23.488718  24.239794  33.414555  25.726381  30.918268
  30.505522  26.879496  20.150928  28.189758  23.632166  30.59473
  29.280266  23.154516  25.019726  23.168398  29.677969  26.493326
  20.00377   26.47603   30.78358   25.332815  32.90479   26.165644
  28.545082  27.236334  19.766088  21.08435   30.924248  32.91582
  28.109596  30.989214  39.73177   38.79992   23.315119  33.943165
  32.70553   24.548304  26.922932  34.725613  32.454887  31.53616
  26.309511  30.712109  30.82377   25.087946  30.69341   30.201908
  30.329042  30.57663   23.764889  28.118227  30.293234  24.07238
  34.6648    26.874561  24.307587  28.194452  30.215677  23.77787
  29.444136  25.217287  30.46728   25.614908  31.381634  29.435886
  23.765663  19.974817  29.369217  28.659702  24.434128  20.975924
  34.22503   29.432     24.800844  27.245752  24.455652  25.82575
  27.892014  23.219557  30.495836  24.972992  33.01495   28.70514
  28.199324  29.117506  26.901154  21.681488  33.475025  30.686857
  28.59499   25.583326  35.44453   27.161333  28.273872  33.13139
  27.604736  31.227205  29.93396   28.005533  35.033882  25.31906
  26.752647  31.905838  23.576963  36.03038   29.062035  25.268383
  36.232136  24.634449  27.306473  27.51773   28.181711  29.893944
  22.713331  25.657389  25.4162    27.334284  25.439976  29.046618
  24.656086  23.549406  23.110394  25.367098  31.56279   27.902922
  25.602053  33.29592   25.194052  22.850796  30.726192  25.508598
  26.129963  28.697674  28.613142  24.998432  17.16472   30.352974
  25.16707   28.007872  24.746744  39.35001   27.760572  25.82741 ]",0.6090425531914894,0.5565223127603531
7,37,1739,"[[ 0.33713916 -0.4544355  -0.10943788 ... -0.11432085 -0.11108072
   0.18212344]
 [ 0.1085262   0.13758184  0.1771105  ... -0.86052495 -0.30630082
   0.40945068]
 [ 0.26979503  0.08702577  0.1867441  ...  0.67444354  0.0611002
  -0.20179637]
 ...
 [ 0.05837137 -0.1891943   0.21985239 ... -0.6135181  -0.40162766
   0.16091602]
 [ 0.37361187 -0.2106151  -0.34463406 ...  0.04274074 -0.22847147
   0.28293648]
 [-0.11287545  0.16319504  0.03264316 ...  0.35846946 -0.5287278
   0.35689148]]","[ 30.726551  24.089096  24.692766  26.088417  22.144287  27.043682
  27.19068   37.1914    27.32127   25.97904   22.18135   24.559847
  25.828876  24.862396  27.510344  25.75664   14.828445  25.43967
  22.744287  21.181005  19.455317  25.537207  29.344501  21.963507
  24.295841  26.981     27.50014   27.556513  22.908987  27.810518
  20.803864  25.491203  29.432718  20.15868   27.771563  21.788443
  24.944693  25.37137   28.279432  24.384714  32.69262   29.104635
  21.066458  22.099653  27.117195  26.802858  33.1898    22.389437
  33.528397  24.1155    22.241823  26.705801  26.907745  30.764076
  25.834805  26.192184  22.528545  30.944628  20.488033  22.974264
  30.074482  20.840225  29.127275  26.338638  23.539656  26.873236
  25.2857    27.330132  25.096699  29.798916  21.677067  29.295273
  20.472929  19.533947  23.364904  24.03593   23.134348  22.82507
  29.79686   30.56625   21.59775   23.415129  22.81075   25.648144
  28.09733   19.61143   28.027372  20.20202   24.235155  22.370455
  21.25675   29.601912  22.167234  29.99473   25.243763  30.220089
  26.959764  24.17133   24.889738  25.334934  26.088913  25.755098
  31.665169  24.951994  26.817938  28.254736  34.77986   25.199392
  22.545774  21.488394  24.908548  25.397633  30.255486  24.716143
  26.547298  22.478613  36.49132   10.816375  22.36114   35.09319
  21.513046  30.606436  21.036755  21.835442  28.99309   22.891834
  20.167511  35.727295  18.239992  23.527145  29.149204  30.408344
  25.06006   24.634954  26.326748  21.9461    23.566336  28.876554
  29.38265   23.47207   22.107365  23.107939  19.396702  31.311869
  22.954134  26.427935  20.840614  26.3929    30.630713  24.82611
  28.296192  19.023891  31.098618  24.175325  20.017437  23.027954
  21.795593  22.92617   28.192528  32.455456  26.018604  29.419199
  32.58391   25.97589   20.117395  26.461872  23.567411  22.511889
  27.738367  20.010006  23.657742  20.172565  24.616722  32.272854
  27.83398   28.514246  22.603376  25.458319  30.427593  29.564564
  21.867683  23.786522  22.144411  23.569277  23.877407  17.160187
  28.17089   31.72257   32.7176    20.79042   25.324247  25.323132
  22.605804  28.316433  19.746685  21.69238   30.770496  23.622116
  24.770288  31.13112   28.18105   29.49365   29.964561  30.95059
  19.743937  24.68      23.705976  22.52558   25.736801  26.605839
  21.558712  28.233637  25.641352  20.78419   26.37243   22.838875
  19.789133  22.417923  23.869108  27.002007  24.317307  21.65814
  27.457935  24.453936  28.025913  28.548824  30.406738  34.759495
  29.520636  24.651066  32.204136  26.649994  22.367115  30.043465
  25.042515  22.551609  26.214607  20.647703  24.576252  26.135647
  22.959333  23.435316  23.395123  24.408545  27.189077  25.344015
  29.160275  24.369797  28.581745  22.842022  24.433887  24.31435
  25.728205  25.890556  22.237953  19.04202   21.905247  22.764658
  22.840084  30.910936  27.348627  22.23105   17.20535   26.8204
  24.66145   22.813423  26.566858  21.22293   22.980381  26.384972
  28.330477  28.58043   22.888882  27.146812  22.466427  25.785217
  23.740759  20.305496  26.22387   27.433403  29.32255   32.697807
  21.0797    23.80641   40.841553  24.185024  24.183403  22.671076
  20.529598  24.629906  29.208126  26.2326    29.497143  22.454147
  24.352085  28.57471   24.380268  25.597889  24.020685  23.544193
  21.605682  26.027618  24.540867  25.19196   21.049679  28.090673
  23.213522  23.689072  28.512695  21.269625  31.513536  21.84691
  30.533632  26.498594  33.49108   24.341097  24.097704  30.08565
  28.626951  27.23223   23.440065  32.035522  26.949633  22.647058
  22.488153  20.692575  24.498009  25.525871  27.983067  32.793144
  30.070534  27.329163  25.204905  32.427483  23.885284  24.727558
  33.23016   21.876001  25.579943  20.920801  23.425142  15.92002
  21.964867  25.671215  25.51129   26.892534  24.200956  27.020342
  24.982409  23.559597  21.361046  28.636549  21.892426  20.62407
  28.9488    27.396898  26.603592  23.843306  29.097734  27.45529
  22.45504   40.099014  26.65825   23.688559  29.90933   23.071207
  21.159044  34.614925  23.180277  23.359207  33.3146    22.266226
  28.31125   26.070875  20.039759  22.988054  22.297382  27.495485
  29.798815  36.64529   22.746014  21.268698  21.680094  22.073624
  24.752789  18.044464  31.722864  30.051357  28.81979   27.59901
  27.73984   21.823387  26.485168  29.09485   23.073868  27.151365
  20.894688  27.10005   22.409586  22.648294  25.68975   27.84567
  28.736814  27.70414   21.149563  32.958935  24.998539  27.490023
  24.23342   21.452839  22.855652  26.93044   25.016586  30.160074
  38.343193  26.886786  29.273846  25.242945  18.15021   23.610651
  21.175522  24.017366  25.431124  28.494223  29.362299  27.750496
  21.27675   26.91345   19.448908  33.992924  25.053225  25.60951
  26.130016  16.557287  21.794668  28.376888  21.520569  24.84511
  31.71419   22.453907  27.775879  26.900997  27.75386   29.627998
  24.211206  23.051525  27.946632  29.96362   23.926683  29.293648
  22.581474  21.814272  31.817749  27.583286  28.827284  30.49936
  28.261799  37.92655   27.447521  26.150194  28.78762   25.71407
  29.252903  25.05121   17.709604  25.201385  31.126896  21.876286
  21.323704  25.446228  30.605804  16.25447   21.030657  23.84571
  24.921377  22.4576    24.722307  23.066496  23.411257  27.953667
  31.123693  22.39159   20.409521  26.861446  13.846852  25.471508
  19.744137  24.097847  17.6645    24.439978  31.949892  28.359217
  28.323473  21.055653  21.45933   23.5409    26.624004  28.184408
  22.361898  26.948778  27.326023  37.217915  27.442612  29.369402
  24.280056  16.417255  33.854233  25.637875  24.440392  22.902452
  23.985523  36.806507  25.895311  25.03557   27.860405  28.731274
  23.41267   20.647636  24.13732   26.282303  24.327168  24.73469
  23.127188  26.320684  27.126503  26.653528  24.198359  30.834503
  33.23566   28.08628   30.830465  26.976141  26.77523   26.40894
  26.356684  25.601246  24.540272  28.51511   26.082243  20.121572
  27.136257  23.347261  22.131973  32.994686  28.348423  24.895992
  26.332045  24.956911  31.804218  23.036427  21.887562  26.722641
  26.65081   27.282883  21.22912   24.722769  29.708614  25.04876
  22.683268  24.777239  32.017033  27.186827  25.764933  24.073622
  25.39177   25.385494  25.071058  25.894445  20.290943  28.504818
  22.72544   21.52273   24.023893  22.588741  29.9682    25.211395
  26.309938  18.814074  22.583796  23.663115  27.6717    21.56785
  26.254131  27.21485   22.12638   25.037361  33.1222    25.048048
  26.232426  24.33074   26.623837  27.89886   25.767252  27.290106
  26.496695  25.937551  25.244452  30.870321  33.84673   27.21675
  26.857683  28.236252  25.144178  21.326374 237.7253    28.029556
  26.727165  31.338024  26.42689   20.620857  20.569304  20.190176
  20.38341   27.881355  24.732428  32.585022  33.288944  30.111908
  24.004097  29.505116  25.871202  27.77838   24.062927  23.450457
  22.940937  18.086433  21.506048  28.874731  22.339123  27.529661
  28.242882  24.699953  17.979969  25.760763  22.429823  29.79963
  26.33019   20.523123  22.455362  20.320095  27.148653  24.692429
  17.757805  25.190311  28.905584  20.64292   29.143257  23.887804
  25.74814   27.701353  16.485504  21.219124  28.060915  31.075354
  26.32462   27.726494  33.16703   35.254887  22.469076  29.7017
  26.37916   23.834549  24.649487  33.02538   29.528828  27.759773
  22.379625  27.552626  26.20715   23.677177  26.974985  26.61232
  26.892105  27.975151  21.302498  26.723425  27.533031  22.68863
  29.7404    22.9866    22.529736  25.888     28.576246  22.9511
  25.766888  22.759932  29.494648  23.070501  27.269342  25.091047
  21.475271  18.919756  27.130236  23.91566   21.504873  21.791943
  29.859762  26.399677  22.91345   25.998234  24.864485  23.327705
  26.708847  22.48379   28.372763  23.911217  29.170685  26.528423
  25.77052   27.398827  22.672735  20.038656  30.861708  29.000853
  26.276897  22.850061  25.650633  25.054602  27.588226  31.210983
  26.972921  26.66255   26.689383  23.596733  32.543373  22.989729
  22.600353  30.97447   20.339214  35.022198  24.93251   23.743536
  35.779537  23.827091  25.210175  23.947172  25.042658  26.953907
  20.691492  21.855228  23.448997  24.649042  23.480818  25.346188
  22.734066  22.588093  19.448265  24.145203  26.543577  22.748789
  24.40503   30.552387  22.40625   20.791008  28.702374  21.945915
  24.359066  26.587925  23.833155  23.51292   13.097745  28.882456
  23.370474  26.062653  23.304913  35.116364  25.178566  22.138477]",0.6430851063829788,0.5902747074762981
8,37,1739,"[[ 6.1285204e-01  1.2292431e-02 -1.3049570e-01 ...  3.0532995e-01
   1.1905414e-01  9.9322453e-02]
 [ 1.1266875e-01  4.4537160e-01 -2.4783611e-01 ...  3.1998250e-01
  -1.7615360e-01  2.8565839e-01]
 [-7.5126678e-04  2.3355065e-01  2.7570486e-01 ...  6.3675135e-01
  -2.2078572e-01 -1.8446201e-01]
 ...
 [ 1.9904826e-02 -2.1725059e-01 -1.8264806e-01 ...  6.0257083e-01
  -3.2579716e-02  3.0950257e-01]
 [-2.8661085e-02 -4.4175815e-02 -1.1250986e-01 ... -7.5954281e-02
   6.6985202e-01  1.5283802e-01]
 [-7.1724027e-02  4.4318280e-01  2.2606614e-01 ...  5.3798932e-01
   3.4649570e-02  8.3629936e-01]]","[ 22.638079   19.144625   17.881569   21.374294   18.145105   19.678198
  20.900623   29.077188   20.345062   21.594206   18.659735   18.578852
  20.357515   19.62281    23.038948   19.055265   11.206292   21.719667
  19.759745   18.75692    16.986992   19.255848   24.56305    18.631866
  20.264433   20.667665   22.064064   22.527628   17.515898   21.27176
  13.868407   20.429836   24.030766   16.541815   21.752165   16.805914
  18.98547    19.985334   23.440157   19.393185   24.651522   23.034561
  17.29784    17.064493   20.395012   20.669146   25.196419   17.887913
  24.623438   19.292065   18.474682   21.671062   20.173628   20.834692
  17.259342   21.245634   19.258623   23.317904   17.072372   19.151432
  22.143265   17.200836   21.85934    21.782228   19.291685   18.41856
  19.096544   20.9114     20.097837   20.963072   17.816093   22.440739
  19.365885   13.887805   17.493797   18.42489    19.953342   18.78459
  21.595407   23.177916   19.796024   17.661314   18.675926   19.955214
  20.845407   16.045841   21.845749   17.591215   20.385681   16.389149
  17.487877   22.635618   17.68501    26.24246    19.200794   23.250715
  20.144701   19.281015   20.522104   20.251888   21.289478   20.935398
  23.632511   20.490065   21.130547   23.043438   25.733091   18.247372
  17.770657   17.941616   18.74227    19.299004   23.079218   19.630548
  19.887543   19.25082    23.922895    8.039238   17.170649   25.888727
  16.764948   24.456236   16.67308    18.912603   22.015348   18.159096
  15.441612   25.33947    13.296841   20.190838   23.452614   22.813566
  21.549356   20.69505    21.882566   19.075407   20.642632   25.665878
  25.234152   19.337177   18.288137   21.008057   16.04832    25.09374
  20.094063   21.091585   16.38322    21.103605   24.541431   20.521776
  21.492184   15.270363   22.34591    19.67979    17.895903   17.17965
  19.582777   18.364656   22.86813    22.477747   20.314379   23.301556
  27.601835   21.399992   16.010752   20.899115   18.50719    16.175913
  20.50421    16.093489   18.81272    16.621702   21.109907   23.966568
  22.105051   20.80658    16.9744     19.712164   25.280994   25.426107
  16.977745   19.712269   17.304495   18.287813   19.651978   13.555486
  21.375822   24.098345   21.876059   18.940853   19.541939   17.873158
  17.556986   23.583231   17.178093   17.0144     23.165073   18.924332
  19.06424    24.72237    20.434183   21.297447   24.795555   23.533968
  16.851988   21.30747    19.456596   19.211132   19.426498   20.225258
  16.838531   21.163082   19.465782   18.392628   20.6876     18.964603
  15.527516   17.91646    21.342064   20.72844    20.77045    17.49956
  20.877089   18.143448   21.575552   24.182932   24.023588   24.668291
  21.447905   19.407585   23.807926   20.696072   19.000883   24.432032
  19.16869    19.003498   18.958723   16.592606   20.033245   22.62312
  20.49092    18.018068   20.531025   18.498856   21.705412   21.720354
  25.009163   19.584875   21.75437    17.592373   19.95165    18.570219
  21.268812   19.402931   18.387964   12.154866   17.708462   17.615135
  17.897757   23.921137   21.369389   18.650114   11.116597   22.10681
  22.655111   19.367918   21.679686   17.486511   19.915335   22.06232
  22.754072   24.019505   19.17052    20.496187   19.11198    21.369194
  18.707264   18.181005   22.115143   21.030876   25.769833   24.836983
  18.815023   17.589523   33.211388   19.005455   20.243658   18.127304
  17.382408   19.595264   23.021706   19.624168   23.35376    18.568586
  19.51772    24.060696   19.329838   19.008724   18.265709   20.334093
  18.078835   20.776312   21.277288   18.776718   16.91891    19.120636
  18.048294   19.146406   22.699503   17.296423   22.622278   17.24497
  23.519283   19.28147    24.666664   19.91032    19.69898    25.243942
  22.798666   19.928293   18.339388   21.25666    21.472229   18.538034
  19.518534   18.49648    19.217398   21.070503   22.243284   25.477627
  22.753115   22.827215   19.59576    24.795532   19.002617   16.951656
  21.662777   19.065283   20.088219   16.421818   19.5327     11.862599
  17.244114   19.68524    16.378424   20.997713   19.129755   21.928793
  19.320488   20.281967   15.710904   24.165024   17.912378   14.56309
  22.323349   22.861643   21.333887   19.31731    24.328922   22.329111
  17.632887   30.12521    23.079195   18.98584    23.992853   18.407244
  18.335443   25.029005   18.089966   18.61951    23.748545   16.400173
  21.476402   20.946283   16.761112   19.804798   18.080664   21.3135
  22.795645   26.174753   18.594614   17.001171   18.561483   17.074541
  20.565676   12.771662   22.767338   24.081093   22.70544    21.347006
  21.452074   17.178616   20.362844   21.566053   18.509523   21.372467
  16.277588   22.755346   17.983849   17.255371   21.602615   21.591925
  22.95475    20.190733   18.154186   26.862968   19.376919   20.883108
  17.759388   17.299227   15.007627   20.125063   18.381958   23.280064
  30.935753   22.111452   25.41803    18.314657   16.63614    19.804129
  17.361895   19.692677   22.035646   23.029772   21.243723   22.093634
  17.475176   20.42055    15.3980665  27.876898   20.091715   20.47969
  20.483194   14.105754   17.410109   23.930647   17.177687   18.604548
  23.806713   19.571363   22.368113   24.084846   22.684097   23.943645
  18.758883   18.77467    23.114737   22.585018   20.083237   21.760153
  18.858683   15.78386    24.736876   20.584745   21.908085   26.21035
  23.807146   27.081617   21.502659   20.898008   23.653912   21.192507
  23.281815   20.72514    14.654452   18.689297   24.201036   18.971054
  18.085205   20.074314   23.818369   13.501004   18.381365   20.069439
  19.226456   19.343212   20.322325   18.304758   17.851719   22.180607
  23.985617   18.840775   16.2812     20.38119    10.740864   20.300083
  17.160856   18.794365   16.075048   19.009708   23.593212   21.437328
  22.935566   15.647799   17.280346   19.011711   19.159897   20.525698
  18.07847    19.541546   23.01824    25.19237    19.917404   22.823336
  20.32491    12.073414   25.208393   21.756521   17.615997   18.303335
  17.87256    27.092579   20.430317   18.98386    20.953468   23.824467
  18.990564   16.71606    19.52137    21.519487   19.729769   19.029812
  17.25501    20.502247   20.79533    20.850103   20.626339   23.105627
  24.394836   22.357508   21.885094   20.620407   18.867756   22.864832
  22.208149   20.07712    20.007418   23.80061    21.96375    16.030611
  20.477257   19.359503   17.758564   24.223663   23.224627   19.107258
  22.227938   20.153627   24.844168   18.757387   16.481394   21.392109
  21.871445   23.680609   18.832996   18.684559   22.853474   18.207685
  19.29867    19.159203   24.201975   21.03199    20.790894   19.669853
  19.154789   21.457571   21.063108   21.881767   16.591896   23.875204
  15.216734   16.597559   20.553253   17.878109   25.47319    21.007572
  19.735495   12.803101   19.545254   19.304457   21.598555   18.38667
  19.635324   22.406681   19.414124   20.730812   25.473919   19.159979
  22.504663   20.92044    21.159676   22.100658   21.99746    19.935123
  21.24211    21.016638   20.298735   23.502136   27.32404    22.040878
  22.478191   23.330585   17.995346   17.319044  175.02634    20.654129
  20.004087   21.762308   21.117208   18.568268   16.65581    15.801375
  16.712856   24.63081    19.927732   25.993633   26.134016   23.952251
  20.96275    22.801792   20.473433   23.05991    18.567823   18.601938
  15.004673   14.060858   18.408113   23.915787   18.516308   21.794949
  23.80286    21.83213    14.768055   20.534473   18.862968   24.144007
  19.837698   17.245768   16.764854   16.83586    22.195122   20.912567
  13.3445425  18.467665   22.244305   17.320475   24.718252   20.018982
  22.116125   20.965988   12.714508   15.993319   20.897718   25.443447
  21.541166   21.567509   25.558022   24.701704   17.764656   24.035095
  22.80653    18.575087   19.147532   25.305616   22.051605   21.100477
  18.269424   22.214552   23.114094   18.099688   21.390436   22.970373
  20.343592   20.678812   18.570145   21.34525    21.371326   16.99521
  22.911543   19.566898   18.902006   21.509142   21.300694   18.350958
  22.206442   18.576405   20.371782   19.385305   20.284399   19.74679
  16.885574   15.393154   22.502605   18.517664   18.180244   18.645554
  24.468786   20.942883   20.506117   20.347326   20.631777   19.443644
  21.160736   18.30256    21.355595   19.757929   23.708046   22.543594
  19.343708   21.282265   19.004398   15.47093    23.171366   21.845499
  20.44733    19.158867   16.925125   19.264784   22.856846   23.89357
  19.570515   21.13919    21.097813   18.630482   25.167408   19.093374
  19.497362   23.36716    15.5798025  25.960075   20.9285     19.938541
  28.469904   17.468372   20.810287   19.675879   20.282505   22.84472
  17.611128   17.26302    19.388268   20.276203   18.411366   21.73623
  17.360003   18.0713     18.28088    19.311512   20.47002    18.062462
  19.708961   23.417809   16.73309    15.820008   22.750286   18.247963
  20.504087   21.563227   19.730495   19.432423    9.319208   21.061684
  19.31573    20.013912   19.444174   25.953503   20.980742   20.415539 ]",0.7127659574468085,0.664321756362915
9,37,1739,"[[ 0.7710562   0.10071415  0.28610235 ... -0.00965829  0.05315456
  -0.01766077]
 [ 0.02629345  0.7114515   0.0055819  ... -0.077948    0.18753746
  -0.19075136]
 [-0.03836186 -0.06346379  0.6646311  ... -0.0011034  -0.12660849
   0.10216802]
 ...
 [ 0.1260801   0.09039276 -0.1199915  ...  0.5741179   0.03313688
   0.07536448]
 [-0.03215209 -0.02656485 -0.12139101 ...  0.03392668  0.6599881
   0.05836757]
 [ 0.06254426  0.10168878 -0.00728388 ... -0.08650985  0.04145216
   0.6252658 ]]","[ 15.409397   14.718702   13.238094   14.638285   13.136025   14.23733
  15.018617   19.077965   15.462676   14.243235   12.25576    11.996261
  14.962759   13.259271   17.266777   13.387883    7.5063057  14.4366455
  14.275886   13.064175   12.204734   14.115859   16.331602   12.789366
  14.71243    15.143992   17.072075   15.0683365  12.67526    13.454977
   9.848813   12.481972   16.738808   11.752348   14.876275   13.145061
  14.416105   14.707593   15.326169   12.061225   16.797222   15.870966
  12.787311   12.232758   14.824666   14.54727    16.508272   14.580965
  19.589928   13.892155   12.318716   14.6200485  14.278631   13.925828
  14.076237   16.907473   14.757495   15.244068   13.044938   13.719601
  16.239956   13.460099   14.340594   14.24646    13.790084   14.865265
  13.200936   15.859437   13.707729   13.327513   12.463689   16.737198
  13.692472   10.237689   12.210049   13.904772   15.630072   12.670149
  15.903771   15.653619   13.1095085  12.465544   13.383025   13.680858
  14.198232   11.042899   15.756451   13.710517   14.648483   11.82902
  13.229598   14.453723   13.866115   15.955824   13.589828   15.954565
  14.897865   14.2774725  14.311823   14.285356   13.96116    13.832307
  16.552547   14.071976   15.122108   15.471884   16.993055   12.488238
  13.238576   11.6639595  12.582115   13.993957   15.150816   12.54778
  14.06907    13.70683    16.952137    4.819637   12.697205   17.448545
  13.089255   18.01985    11.64537    12.945171   13.154297   13.718656
  12.057674   18.17491     9.107637   15.255586   15.717606   16.928432
  13.900781   14.676276   14.466381   12.213372   14.849458   15.958503
  16.511723   15.833581   12.651696   13.937785   12.935626   16.265104
  14.232899   12.798654   13.340912   15.211201   16.636597   15.759596
  15.58933    12.638567   15.017899   13.635336   13.7742405  13.656284
  13.416446   14.63984    14.614003   13.476681   14.232      15.408051
  17.849615   14.593606   11.156789   15.166149   12.892126    8.934372
  14.966387   12.068823   13.54301    12.741626   15.460034   15.763754
  15.278845   12.259295   14.071576   14.490593   18.336994   17.192017
  12.202324   13.000496   13.442177   14.010269   12.458098    8.687065
  14.318814   16.56521    15.577422   14.0781555  14.259654   13.422501
  11.844953   15.087564   12.575071   13.2734585  16.009554   14.5350895
  12.876314   17.232178   14.812592   14.088851   16.16919    15.84086
  11.97168    15.998181   13.726256   13.702771   13.813304   14.099682
  12.22743    15.317406   13.268394   13.710185   12.923803   14.0564165
  11.415427   13.013336   13.972677   14.852345   15.266271   12.287872
  13.52421    13.212323   15.649686   16.457397   16.93305    16.598719
  15.772036   14.584548   15.223321   15.489631   13.651096   14.193767
  14.750906   12.635944   14.105992   12.352119   12.098102   15.993366
  14.643283   14.746007   13.607035   13.6535845  14.758145   15.429952
  15.399996   13.814501   14.034757   12.8080015  15.297583   14.56719
  14.424186   14.056484   13.628155    6.642659   11.918739   13.034659
  11.75214    17.732054   15.955267   13.104676    7.115166   14.431367
  14.929658   14.16129    15.525608   12.379855   13.878862   15.651565
  16.540993   17.185837   13.367497   12.60654    15.161576   14.907748
  13.002286   13.047541   15.241517   13.780789   14.855266   15.344799
  12.92779    12.7133255  19.987778   12.140447   14.620586   14.107113
  13.045691   15.5796385  16.90211    13.555553   17.809862   13.16123
  13.921426   15.900635   14.978988   14.503823   11.654471   13.69855
  13.27575    13.961427   14.322552   14.212926   11.807996   13.405894
  13.739848   13.898247   15.051216   11.155786   16.097878   12.646563
  16.590939   13.726462   14.600884   13.954329   14.139268   17.233644
  14.433134   14.6966095  13.686605   14.522079   16.492838   13.217947
  14.996172   13.132612   13.72121    16.082436   15.141318   16.575697
  16.56347    16.25259    15.100438   16.625135   15.209907   11.036911
  13.123118   13.378406   15.322617   12.456255   13.370841    6.2072554
  13.41819    14.220607    9.837758   14.199004   13.631356   15.786773
  12.689914   15.778607    9.280112   18.12582    12.6572275  12.933126
  14.97641    15.020432   14.50402    13.705576   15.7146435  14.33368
  12.164309   18.21985    16.550753   13.301267   17.272615   13.1323
  13.003058   15.334687   12.456145   13.40058    17.591017   12.794598
  14.621949   15.26148    12.665818   13.864139   13.405462   13.796104
  16.811516   18.270594   12.676027   12.537634   13.503598   12.931955
  15.1557665   6.8292947  15.3507395  17.686771   15.71603    14.394039
  16.335861   13.233417   13.902152   14.027464   13.554925   15.085879
  11.793716   15.730491   12.775028   13.572701   14.752544   15.648262
  15.7074175  14.256096   12.642408   19.74871    13.989638   15.20691
  13.168155   14.080622   10.657869   14.050705   14.072859   18.316286
  21.645676   15.522017   15.992843   13.241732   11.640872   13.929985
  13.092778   13.582763   15.018816   16.407202   14.098715   15.822961
  12.326642   13.424477    8.801163   18.099607   15.572815   13.707575
  14.624195   10.114653   12.914987   17.07911    13.440149   12.655846
  16.813004   12.660509   14.603815   16.927822   15.136001   17.076765
  14.534734   15.355914   16.845211   14.285854   14.972297   15.750295
  13.710262   11.461236   15.390978   14.698588   15.806225   18.67913
  15.036003   17.995249   16.102854   14.40272    15.38685    15.754805
  16.336037   15.879781   11.642753   13.826808   16.679287   13.268728
  12.027678   13.669382   16.455416    9.920477   13.426266   14.448854
  12.522496   13.85411    13.465974   16.500168   13.928683   15.312316
  17.351898   14.252821   12.840843   15.075534    7.3341885  14.435935
  12.661652   13.714012   10.976405   12.283819   15.642365   14.344748
  14.267732   11.790653   10.771279   14.497456   14.729028   13.896197
  13.043472   13.010196   15.835256   15.641689   14.22398    15.8954315
  14.15488     8.496824   16.398468   15.265782   12.818812   15.124592
  13.898681   18.560047   14.741482   12.816519   14.734729   15.39901
  14.350067   12.4284315  13.734527   14.842777   14.0093355  12.970977
  12.717562   14.648652   14.175601   14.4993305  14.142296   15.778004
  15.888318   15.897683   17.087637   14.5109215  14.112006   15.362308
  15.342816   14.711016   14.126505   15.933974   14.989627   11.294027
  14.517775   13.849859   13.343572   17.637436   15.565849   14.13572
  15.52428    15.033414   16.765966   14.356543   13.4304     13.686575
  14.057712   16.411123   13.608207   13.271118   16.17814    12.363476
  12.482088   14.660426   18.124636   14.73302    12.631068   14.89759
  12.390789   15.514901   15.343625   13.028946   12.028286   14.90071
  10.025404   11.854999   14.74798    12.57631    19.438065   14.902444
  13.863596    6.4340754  12.799377   12.667046   15.082299   13.780845
  14.542816   15.633592   14.607662   13.615215   17.218447   11.6410885
  16.121878   14.1161     14.539454   14.777763   14.219784   15.375227
  13.157112   14.179991   16.47263    15.478338   16.94964    13.7031355
  15.190294   14.5420475  12.9790535  12.743298  126.73041    14.12049
  13.299928   14.4224825  14.800712   13.38404    12.569576   11.247955
  12.722727   16.11751    14.754562   17.40284    16.212404   17.182203
  15.4372635  15.775616   13.615492   15.44753    13.696789   12.735005
   9.414704    8.502746   11.290687   16.0174     14.154465   14.366495
  16.984945   15.507489   11.857278   14.028992   13.890148   17.37023
  14.248021   12.297073   13.346069   13.094669   15.745064   15.074979
  11.131549   13.297727   15.481775   11.380315   17.327932   12.879412
  15.106607   14.14505     8.612966   12.594512   14.328468   17.215923
  14.307808   16.032192   17.187368   18.139544   12.913681   18.600033
  15.415478   14.206905   13.712048   15.66454    15.892008   14.444209
  14.111134   15.0695     14.767186   14.495465   15.142418   14.2650585
  14.46668    13.577936   14.014312   13.186026   14.417172   12.28632
  16.641191   12.448681   13.006261   13.559721   15.283146   14.397544
  15.344101   13.5957155  13.698619   13.84053    13.806002   14.678273
  11.904021   10.89465    15.132594   14.303464   13.805115   14.344177
  17.136086   12.616299   12.861874   14.373869   13.186026   15.320948
  14.881925   13.677599   14.683987   14.715286   15.034943   13.637668
  14.106251   15.531361   12.047788   11.050578   16.481112   16.59276
  13.5659895  12.92224     9.567325   14.062199   15.4083805  15.734609
  15.167157   14.7258415  15.204404   13.470529   15.096025   14.804812
  13.974999   15.656078   11.181325   19.937588   15.695687   14.098556
  20.139404   13.152129   14.520686   12.998306   15.002537   17.147957
  12.506014   12.500829   13.779802   14.140319   12.450039   14.405514
  13.750064   12.890865   13.206624   13.660634   14.63752    13.589004
  13.926066   17.038315   11.085137   11.464576   16.189089   13.044169
  15.213322   14.473113   13.331811   13.727159    6.1867933  14.886219
  13.985017   14.866274   14.363116   20.3497     14.800952   14.156642 ]",0.7553191489361702,0.7522415459156037
10,37,1739,"[[ 0.8812339  -0.06958367 -0.01400828 ... -0.10727387  0.00942896
   0.03978524]
 [ 0.03700736  0.8272895  -0.08065176 ...  0.02745886  0.01352897
   0.0170409 ]
 [ 0.10393267 -0.04294128  0.7997069  ... -0.04852081 -0.06609546
  -0.03791419]
 ...
 [ 0.014606   -0.02260102  0.012148   ...  0.8532639  -0.04529769
   0.00867716]
 [ 0.04654235 -0.06576633 -0.01108464 ...  0.06700046  0.85738206
  -0.02559341]
 [-0.17160241 -0.09975298 -0.01288838 ...  0.11009933 -0.00874201
   0.76097184]]","[ 8.70323    8.632926   6.99688    7.949616   8.645747   7.85037
  8.422987   9.65942    8.551869   9.131823   6.3668118  7.1669035
  7.9697104  7.9318957  8.590859   6.71731    3.5396128  7.893832
  6.8367977  8.053706   7.547122   7.205544   8.603275   7.251635
  7.4247174  9.212818   8.417476   7.553699   7.2973824  7.091582
  5.2598133  7.6094284  9.210112   8.060621   9.001037   7.629491
  8.5305605  7.0414004  9.028193   7.0089917  8.975635   8.566194
  7.154117   6.7778935  8.485399   8.506254   8.006393   8.110463
  8.912721   7.562607   5.6889257  7.4993634  7.922993   7.2116694
  9.046504   8.413538   8.075194   8.666928   7.6682296  7.342752
  8.2522335  7.6012883  7.0709624  7.2871184  7.501635   8.089379
  7.42843    8.482779   8.425487   6.274687   6.7326536  8.989715
  6.7323837  5.393073   6.75174    6.642823   8.699356   6.964789
  7.449797   8.211467   6.6349893  6.4429884  8.409118   7.7717586
  8.106637   7.5001454  8.261731   6.0476656  7.420311   5.9578924
  7.445994   8.729906   7.2481427  8.461818   7.700898   9.500438
  8.185671   7.64262    8.27281    9.186922   7.9124436  6.451003
  8.159474   8.0548115  8.82972    8.36381    8.61726    7.0876265
  7.332973   6.8663497  8.831539   7.6175795  8.518272   7.7770576
  6.84075    7.548872   8.986729   2.299788   7.24126    9.38214
  7.7448416 10.971119   7.707081   6.953583   6.128166   8.180556
  7.958411   9.105018   3.6879528  7.2258763  8.730346   7.9149556
  8.271364   7.70794    7.096609   7.4944205  8.253902   8.750095
  8.419887   8.475682   6.6166997  7.548056   6.926711   8.072929
  8.594264   6.4983997  7.937807   9.853967   8.196804   8.6084175
  8.89727    7.359395   8.001275   7.834916   7.9425354  7.4384823
  7.721456   7.391479   6.623315   6.8205566  8.312996   7.776384
  9.270722   7.8200583  6.8960066  8.618263   6.4999804  4.43449
  8.0495     7.4232855  8.290543   6.717892   9.153756   7.9014196
  7.366459   7.241255   7.7415953  7.6485276  8.744067  10.323737
  6.57153    7.1852994  8.27557    7.441075   8.126463   4.7889543
  7.4655046  8.144327   9.803181   7.73091    7.947192   6.933599
  7.133317   9.046606   7.5951166  8.539531   7.3820386  9.3272705
  7.549909   7.8979006  8.028696   8.358124   8.744592   8.63208
  7.4759936  7.6882253  6.827732   8.842251   8.341942   7.9275165
  7.279855   8.491992   7.4988155  7.2987604  6.649994   8.247142
  6.3318157  7.1787944  7.1838655  8.426249   8.777498   7.7723866
  6.546709   7.8177915  8.181106   9.026033   9.339154   9.481995
  7.9682026  7.991322   9.26964    7.7456703  6.907344   8.134714
  8.576631   7.439357   7.3072987  7.44658    6.591989   8.442798
  7.8566875  7.007819   7.6689157  6.764276   7.462102   8.690581
  7.7560363  7.992464   7.64205    7.6183586  8.705661   8.019207
  8.269561   7.7086105  8.027535   2.641394   7.4688272  7.048035
  7.735851   8.851105   8.153601   7.585633   3.5500855  8.276248
  7.9315968  7.4690876  8.358439   6.7152605  7.6391797  9.281879
  9.063255   8.223315   7.7577558  6.778995   8.7236595  8.183068
  8.266758   7.486987   7.5648565  7.828354   8.005774   9.378488
  6.452834   7.8355412  9.955229   6.999643   7.9079494  8.302907
  7.7214737  8.433851   8.022626   7.448844   7.7384844  7.475594
  7.78674    8.486902   7.533499   8.036075   6.646074   7.349333
  7.4663196  7.5263896  7.0146937  7.0015492  6.5212765  7.930172
  7.3823805  7.5355177  7.841863   5.6077185  9.089986   6.85862
  8.341093   8.2693405  7.782208   7.176039   7.4551344  9.450678
  9.56618    7.428642   7.6636286  7.803692   8.471997   7.5743136
  8.110794   6.9383044  7.563808   8.485643   8.65991    7.905903
  8.77327    9.258403   8.65805    7.7168016  9.03824    6.4303393
  5.3817453  7.7367883  8.841948   7.367054   7.14188    2.454302
  7.9918995  7.255737   4.868369   8.978066   7.6749735  7.817841
  7.048733   8.269709   5.207377   8.211135   7.0220547  7.6772785
  8.119269   7.800948   8.510274   7.9731283  9.331354   7.69532
  6.689948   8.260621   8.436738   8.945336   8.494473   7.5736375
  7.8947005  8.241099   6.6188755  7.775112   8.950782   8.892384
  8.228289   8.661502   7.889243   7.3070097  6.7184234  7.4055142
  7.5065327  8.626038   7.604997   7.55219    7.796117   7.2662935
  7.462007   2.949507   7.8695354  8.661467   8.320138   7.626413
  9.236264   7.274261   7.203271   8.788021   7.856696   7.765814
  7.5412593  8.239411   7.927872   8.206062   7.829398   7.6686873
  8.087005   7.7287374  6.855032   9.301032   8.252046   8.219252
  8.469219   7.113828   6.3869786  7.596612   7.707789   8.528028
  9.726567   7.7512064  8.254917   7.9932     5.7893896  7.2015295
  7.6923027  7.2075286  9.363795   9.499779   6.832619   7.760222
  6.754714   7.703755   4.3151245  8.889157   8.278515   7.5742345
  8.309199   6.167747   7.5978193  7.75448    8.798441   6.5049434
  8.503075   6.476275   9.121865   8.992538   7.2410817  9.081301
  8.068728   7.7087045  8.097929   8.399779   8.280515   9.150252
  7.714481   6.5557756  8.416023   8.540244   8.251842   8.11383
  9.3804455  8.6238     7.917748   7.5689106  7.085716   7.5476604
  9.020944   8.343044   6.620975   7.2986164  8.556858   7.264379
  7.0153475  7.7192483  9.783648   5.590538   7.758237   7.3783345
  6.731833   7.548371   7.448579   8.380074   8.138566   7.594867
  9.388572   7.232109   7.378429   8.288536   4.665765   6.5416837
  6.658173   7.4258246  6.9447017  7.6913867  8.020352   7.984607
  7.4949455  6.7018986  6.22906    8.039196   7.7562675  8.085529
  6.8640604  7.730439   7.892337   8.684644   6.7823453  9.430066
  7.97317    5.1302004  8.339025   9.225871   6.040587   8.641984
  7.1975183  7.9484587  7.268051   6.626567   7.922182   8.10818
  7.9544764  7.215594   7.613896   8.110541   7.624255   6.9888797
  6.875527   7.053419   7.258091   7.6770854  7.53983    8.216405
  8.301563   9.379053  10.177798   8.657006   8.392301   7.109983
  7.415091   8.804674   7.142977   9.119636   8.70465    7.867877
  8.187515   6.9320507  7.952926   8.079192   8.294184   7.747751
  7.1651416  7.951563   9.128158   7.768277   7.719435   8.178888
  8.080849   9.995345   7.401744   7.3927207  8.785333   8.026921
  6.972339   6.6055803 10.414521   8.025334   7.747141   7.950852
  7.6780443  8.610965   8.581874   6.4269648  6.966526   7.1744313
  5.0484996  6.9533663  7.6601295  7.732895   9.135265   7.7333937
  7.258138   3.10124    7.6007047  6.6758757  7.7496076  7.434994
  8.12359    8.405736   9.139139   7.480985   9.603978   6.553396
  8.5097475  7.397437   6.938284   7.611066   7.3576865  8.339319
  7.5170836  7.988048   7.932631   7.9552784  8.519966   7.5813537
  8.155301   8.131583   7.721859   7.1403494 73.746605   8.373268
  7.593633   8.030425   7.5785847  8.710353   6.0818195  6.107266
  7.3516803  8.085028   8.491539   8.79238    8.679183   7.6976547
  8.6400795  7.609604   7.647975   8.6091385  7.515866   7.097315
  3.7736337  3.8420544  7.0063214  8.485009   8.062663   8.939124
  9.773886   8.011243   6.4889503  7.531032   8.207297   8.835793
  7.8465652  6.6742597  7.2483325  6.797339   7.9593253  8.4622965
  6.3716307  6.84518    8.2115965  6.67154    9.699941   7.366625
  9.268815   8.230675   4.330652   7.1548796  8.990567   9.329929
  8.048932   8.171344   8.346717   9.501887   6.9189267  8.510802
  8.385442   7.1574636  7.7088504  9.454509   8.182294   9.010562
  7.5661097  7.645181   9.054282   7.173801   8.900915   7.2952476
  7.5006084  7.4872513  8.536309   8.167179   7.3648863  6.746245
  8.3638315  7.1212735  6.823304   7.7171307  8.532978   8.152265
  8.687862   6.920516   8.945408   7.782126   8.304359   7.9430904
  6.5121236  6.9640913  8.095224   8.316087   6.8201003  8.111537
 10.215909   7.411078   8.231742   7.56046    7.4862857  8.42105
  7.770733   8.073508   8.244218   8.401813   7.09092    7.485671
  6.810396   8.563397   7.332526   6.333097   7.64945    8.202765
  8.106606   6.9579515  4.7904673  7.987573   9.890196   8.2110615
  8.132084   6.979103   7.880538   8.472743   8.420808   7.5513844
  7.5334363  8.509373   7.2758374 10.79606    7.752951   8.229929
 10.266571   7.192305   7.062609   8.886331   7.162467   9.950353
  7.263329   6.6759706  7.6560054  8.467926   7.6168013  8.393412
  8.208805   7.1438456  7.8270426  7.751957   8.174173   8.008514
  7.4324856  8.443575   5.714097   6.934304   9.84945    7.827074
  8.698938   7.386057   7.970815   7.7461247  2.9625452  9.236875
  8.142517   8.348655   7.6133075  8.406646   8.549642   8.511772 ]",0.7728723404255319,0.8558747867743174
11,37,1739,"[[ 1.0000000e+00  2.1345705e-15 -2.1984998e-15 ...  7.8673128e-17
   5.0826943e-16  2.6239768e-16]
 [ 9.5946658e-17  1.0000000e+00 -1.7711527e-15 ...  2.0296265e-16
  -4.9613091e-16 -1.3183898e-16]
 [ 5.7001036e-17  9.0205621e-17  1.0000000e+00 ...  3.4000580e-16
  -8.3266727e-17 -2.6649689e-16]
 ...
 [ 1.8714748e-17  1.3704315e-16  4.7878368e-16 ...  1.0000000e+00
  -2.6628005e-16  1.2143064e-17]
 [-4.9307286e-16  9.0205621e-17  2.4286129e-16 ...  2.3505503e-16
   1.0000000e+00 -2.7647155e-16]
 [ 6.0390048e-17  2.7755576e-16 -4.1286419e-16 ... -1.8995222e-16
  -1.1522359e-16  1.0000000e+00]]","[3.52577618e-29 9.27347456e-30 3.03250252e-30 7.78132046e-30
 3.88394618e-30 4.31817417e-30 4.05592007e-30 4.50492919e-30
 7.62402841e-30 7.24226170e-30 6.67885346e-30 4.08441743e-30
 8.03645653e-30 6.73470092e-30 5.41309769e-30 2.86388611e-29
 1.02168808e-29 8.85753312e-30 8.45924931e-30 4.48333244e-30
 2.40288725e-29 6.32425741e-30 1.94787516e-29 2.36701740e-29
 1.27438514e-29 1.01900517e-29 8.45716388e-30 2.46584063e-29
 8.54695435e-30 1.10216750e-29 5.48227815e-29 9.19625379e-30
 2.12124750e-31 2.66698490e-30 4.67322575e-30 9.99486641e-31
 8.83428354e-30 3.00637533e-30 1.97374774e-30 1.62678036e-30
 4.48624579e-30 1.78299735e-30 3.74683013e-30 2.34194417e-30
 5.49223724e-30 4.71839746e-30 5.67280935e-30 5.29854699e-30
 7.03675745e-30 1.09054120e-29 3.17343339e-30 6.23203470e-30
 3.40201607e-30 5.20636002e-30 6.38059688e-30 3.65585401e-30
 4.13250813e-30 5.88322810e-30 3.14966169e-30 7.85936125e-30
 5.79080340e-30 5.41109277e-30 1.08665654e-29 8.96125273e-30
 5.01691021e-31 3.70229563e-30 1.20133183e-29 1.67645562e-30
 3.31082441e-30 1.94028282e-30 2.23420306e-30 2.68193776e-30
 1.28410461e-29 3.40049413e-30 3.20946633e-30 1.94193510e-30
 4.81466800e-30 4.21755486e-30 4.03866155e-30 2.75909062e-30
 8.06586232e-30 4.51864354e-30 3.68048071e-30 5.75102505e-30
 4.28665512e-30 3.62509856e-30 1.19521490e-29 3.20371751e-30
 3.92131712e-30 4.71388620e-30 3.14283536e-30 3.29797748e-30
 2.69588307e-30 9.67517389e-30 5.78132083e-30 1.10317846e-29
 3.43017640e-30 1.28130474e-30 2.87011353e-30 5.36218910e-31
 3.02325204e-30 1.26882409e-30 1.54934312e-30 9.85328705e-31
 1.06173832e-29 9.63214365e-30 8.00430929e-30 3.15235405e-30
 1.48335576e-30 1.91345052e-30 5.55363717e-30 1.34863037e-30
 3.03108704e-30 3.79584279e-30 1.35560802e-30 2.11264848e-30
 3.17254340e-30 1.18470346e-29 5.72573029e-30 2.39646096e-30
 2.16343792e-30 4.66051574e-30 6.63916050e-30 2.63178101e-30
 2.77038966e-30 3.21157884e-30 4.94403821e-30 4.27175249e-30
 1.88671921e-30 1.91808629e-30 1.33948324e-30 1.03126091e-30
 1.06392861e-29 3.77728502e-30 1.59305928e-30 2.59476178e-30
 3.17517237e-30 3.44239138e-30 2.55457699e-30 4.90546432e-30
 6.83143977e-30 3.46455124e-30 2.65597457e-30 2.20417397e-30
 1.17032998e-30 3.79982480e-30 5.94526035e-30 2.21100519e-30
 7.18594630e-30 3.31516189e-30 7.51589797e-30 2.56522321e-30
 3.90618842e-30 3.66269407e-30 3.46381623e-30 2.90361380e-30
 2.91745661e-30 5.78978401e-30 3.12538388e-30 9.65992669e-30
 3.97636750e-30 3.28660697e-30 4.04147898e-30 6.31027749e-31
 7.66434401e-31 3.54706793e-30 3.07969119e-30 2.31614423e-30
 7.21345475e-30 1.22373758e-30 1.07264315e-29 1.46009583e-30
 3.50857980e-30 3.77132630e-30 2.10599405e-30 2.54447601e-30
 1.39198138e-30 2.50672760e-30 3.48196435e-30 2.72280659e-30
 1.20698961e-30 2.42648779e-30 2.56797255e-30 6.70989253e-30
 2.69240944e-30 6.24921498e-30 2.82617580e-30 4.50466099e-30
 1.00865608e-29 3.13758720e-30 2.33364612e-30 1.60234738e-30
 1.06541293e-29 3.12252113e-30 7.78300941e-30 4.45883966e-30
 4.26625870e-30 1.24142237e-30 1.28196612e-30 1.25213260e-29
 4.20504535e-30 1.57987456e-30 8.37040751e-31 1.05287423e-29
 2.27792148e-30 5.19158603e-30 2.65307909e-30 2.36318789e-30
 2.38290572e-30 1.88219554e-30 6.39134974e-30 2.47202268e-30
 3.69704070e-30 1.82393465e-30 7.55454597e-30 5.56342781e-30
 4.07065004e-30 2.66059435e-30 2.09443414e-30 2.75268935e-30
 1.51747406e-30 4.86962283e-30 7.22179794e-30 2.06496140e-30
 7.64742093e-30 6.19774563e-30 7.32777600e-30 5.72014209e-30
 7.82927687e-30 1.15327986e-30 6.17454504e-31 7.31547750e-31
 3.65634603e-30 9.14122900e-31 1.15620797e-30 8.25725725e-31
 2.25149787e-30 2.27315330e-30 4.78120158e-30 5.48895940e-30
 6.52221141e-30 1.44079609e-30 1.13967130e-30 1.63083854e-30
 1.66740319e-30 1.80041893e-30 2.02658480e-30 2.74829883e-30
 3.86653532e-30 4.06503701e-30 3.44595398e-30 1.90694919e-30
 1.76189093e-30 1.98621042e-30 2.52463085e-30 5.24707990e-30
 7.74367756e-30 1.10650378e-29 1.78535888e-30 6.06914316e-30
 4.11745842e-30 4.57495706e-30 7.95335528e-31 3.33003519e-30
 5.22748968e-31 2.70223977e-30 2.82303883e-30 3.79592366e-30
 3.83492976e-30 4.92266716e-30 4.20304908e-30 4.09798358e-30
 3.26459081e-30 8.52538281e-31 3.48927574e-30 1.60042051e-30
 2.59752222e-30 1.90366458e-30 2.34880078e-30 1.55224001e-30
 3.10957602e-30 4.05253013e-30 4.81476505e-30 6.37000201e-30
 2.16597605e-30 1.62343425e-30 3.85158567e-30 2.83187611e-30
 1.19994238e-30 1.73409698e-30 1.76594441e-30 7.16915385e-30
 5.71833051e-30 3.26875601e-30 3.75496568e-30 1.19589745e-30
 1.98409303e-30 2.13509478e-30 1.83368223e-30 1.59895011e-30
 6.52034021e-31 6.32219907e-30 3.50284565e-30 6.67240611e-30
 3.00152778e-30 3.31592888e-30 3.89547242e-30 5.74800939e-30
 2.23712091e-30 3.06151259e-30 1.46990415e-30 1.61489508e-30
 3.30518392e-30 5.93728392e-30 6.84307510e-30 4.45937418e-30
 4.62789944e-30 3.08621716e-30 3.29410870e-30 2.30523921e-30
 8.10101712e-31 3.05171386e-30 1.68402035e-30 2.68254601e-30
 5.08922135e-30 2.79623850e-30 3.62375907e-30 4.75484380e-30
 3.71709106e-30 2.50237206e-30 7.04157321e-31 1.77200281e-30
 9.42719762e-31 2.87942984e-30 1.55717765e-30 3.52742119e-30
 8.45144101e-30 9.19180535e-30 4.72625541e-30 2.23101474e-30
 2.38693137e-30 4.57344001e-30 1.10444108e-30 1.55494487e-30
 7.45359414e-30 4.74787322e-30 3.29162304e-30 5.14160627e-30
 4.01395360e-30 4.91309130e-30 1.90740190e-30 1.09149251e-29
 1.04744079e-30 1.55970205e-30 6.23740812e-31 3.44530774e-30
 2.32611336e-30 4.19120385e-30 3.70609934e-30 6.50310257e-30
 3.98112026e-30 7.35131315e-31 2.04339023e-30 1.10881674e-30
 5.97463624e-31 7.60992567e-31 3.11929087e-30 2.38402197e-30
 3.89801826e-30 3.46095441e-30 6.53107445e-30 4.18791435e-30
 1.62025515e-30 1.12935093e-30 1.61353847e-30 2.77981506e-30
 2.56406201e-30 4.13995682e-30 4.08328144e-30 7.38185852e-30
 5.56822759e-30 4.31041779e-30 7.32796407e-30 1.01260657e-30
 9.20058112e-31 1.36430940e-30 2.84014463e-30 2.62214873e-30
 2.56098240e-30 2.34517085e-30 8.25782938e-30 3.70670759e-30
 4.67872819e-30 3.45207407e-30 2.44796492e-30 1.00876703e-30
 2.39372027e-30 3.31983002e-30 2.41150390e-30 2.14397681e-30
 2.54800325e-30 3.41842446e-30 3.70526728e-30 4.33147889e-30
 4.70463383e-30 2.10942236e-30 4.26934357e-30 6.53908737e-30
 3.29096326e-30 2.48378214e-30 2.79835815e-30 1.17067736e-30
 4.43325939e-30 5.90469884e-30 5.95457365e-30 4.68163101e-30
 2.68361693e-30 3.73102133e-30 2.00359551e-30 2.03382208e-30
 6.78457676e-31 1.47896966e-30 1.76169834e-30 4.85453287e-30
 6.70439159e-30 6.53850433e-30 5.55397458e-30 2.80143532e-30
 2.99837726e-30 2.62917424e-30 1.90778821e-30 1.05014828e-30
 1.19254259e-30 1.39451265e-30 3.94797508e-30 5.17659011e-30
 5.00047285e-30 7.34129813e-30 6.66798926e-30 2.30343967e-30
 3.36929858e-30 1.31698757e-30 1.19188544e-30 5.69322120e-30
 3.23241499e-30 4.22670604e-30 7.17114147e-30 6.21241091e-30
 5.87938790e-30 2.23422751e-30 1.18510689e-30 1.43311569e-30
 8.52942387e-30 4.55715885e-31 2.84716543e-30 1.55156904e-30
 4.24085937e-30 6.78017167e-30 5.66787829e-30 4.97874557e-30
 2.23036004e-30 2.23238095e-30 1.17389540e-30 1.44014440e-30
 5.83021161e-30 1.26835587e-30 5.51021459e-30 4.09532188e-30
 5.55285589e-30 8.00891573e-30 7.25576954e-30 3.19311549e-30
 1.23460460e-30 1.53763247e-30 1.30921943e-30 2.30283857e-30
 3.55488901e-30 3.31248929e-30 3.17925105e-30 7.13228433e-30
 6.90607558e-30 4.68575596e-30 3.78881954e-30 1.30870805e-30
 4.74074652e-30 1.71102513e-30 3.35643171e-30 6.81517996e-30
 1.99128423e-30 1.32437278e-30 7.08494858e-30 6.86921433e-30
 1.04884174e-29 2.18183206e-30 1.37256015e-30 1.01117867e-30
 3.84546821e-30 4.40025302e-30 2.88676135e-30 2.24494632e-30
 2.16274993e-30 8.36055066e-30 7.51986343e-30 7.51281724e-30
 6.27937459e-30 1.41742802e-30 3.95284745e-30 6.78432220e-30
 4.03840351e-30 1.35640773e-30 1.92375142e-30 2.97861843e-30
 6.46093975e-30 7.65146238e-30 7.24559897e-30 8.63993539e-30
 4.48978356e-30 7.09626417e-30 1.93450936e-30 3.10858860e-30
 3.23051577e-30 2.05237063e-30 1.41192576e-30 9.02522144e-30
 6.14113495e-30 9.18888109e-30 3.60774564e-30 4.32096451e-30
 1.76189582e-30 3.07393484e-30 6.63917329e-31 2.07475580e-30
 2.64859848e-30 7.89114135e-30 6.11340306e-30 6.96806946e-30
 5.47193072e-30 4.89733366e-30 1.82936750e-30 1.27993232e-30
 3.56339207e-30 1.68926080e-30 2.88937189e-30 3.32247930e-30
 2.50218473e-30 5.94193173e-30 6.42771897e-30 6.29822425e-30
 1.94653476e-30 1.48536040e-30 2.24003520e-30 6.79651725e-30
 3.53075057e-30 1.52923972e-30 3.14576413e-30 1.48812563e-30
 1.27992896e-29 7.79064316e-30 7.72913603e-30 2.18645974e-30
 3.58189830e-30 2.03771438e-30 1.69923746e-30 2.49780306e-30
 4.56433548e-30 2.48975045e-30 4.66663847e-30 5.97057392e-30
 9.53606683e-30 8.07606373e-30 3.58135964e-30 3.47858269e-30
 1.47494956e-30 2.31342912e-30 3.44108950e-30 1.82593261e-30
 5.56618355e-30 9.16237398e-30 6.86581386e-30 6.42481578e-30
 6.54643825e-30 1.11574689e-30 4.03471039e-30 2.01514056e-30
 3.57483969e-30 1.09474154e-29 4.55585612e-30 4.19371283e-30
 1.01018656e-30 5.14553035e-30 7.27187663e-30 9.64185982e-30
 3.68968004e-30 1.66168446e-30 1.97613653e-30 1.30149409e-30
 4.71108006e-30 5.17596306e-30 2.38434434e-30 1.72424840e-30
 6.69634256e-30 9.29164826e-30 5.59989146e-30 4.73995433e-30
 1.30697578e-29 3.34339257e-30 5.54385254e-30 6.45970972e-30
 2.48494498e-31 1.37468958e-30 1.65064628e-30 4.99792212e-30
 8.60176586e-30 7.08837989e-30 3.38611549e-30 7.57381590e-31
 9.72425125e-30 6.34861440e-30 2.35934807e-30 1.77625359e-30
 2.71258901e-30 4.30581211e-30 7.94138329e-30 7.21421609e-30
 1.93810092e-29 6.14042439e-30 5.62102177e-30 6.98945330e-30
 2.07777052e-30 3.94754701e-30 1.51353719e-30 1.19841414e-30
 6.14192300e-30 9.25731706e-30 7.58285112e-30 7.98027956e-30
 4.96805215e-30 4.26442418e-30 1.21140655e-30 5.40210974e-30
 1.94490825e-30 4.05436428e-30 1.29842793e-30 5.58800063e-31
 8.11700328e-30 6.45092116e-30 7.60036204e-30 4.23204862e-30
 2.55779107e-30 8.06008735e-31 4.26424663e-30 8.46180455e-31
 2.54089348e-30 2.54864140e-30 2.41017155e-30 8.07539943e-30
 9.15245694e-30 7.08534806e-30 2.10313939e-30 4.04086697e-30
 2.41184301e-30 4.59549981e-30 3.96306241e-30 1.19310890e-30
 3.16565331e-30 1.92637155e-30 7.30895981e-30 7.30015771e-30
 1.08912993e-29 2.49176007e-30 1.87771154e-30 5.91258499e-30
 4.02269213e-30 3.57310447e-30 3.25181272e-30 3.03518810e-30
 4.53768429e-30 6.61858840e-30 1.01721443e-29 6.58833250e-30
 2.32773272e-30 4.89389444e-30 5.35795591e-30 4.71811083e-30
 1.56989828e-30 1.68239892e-30 5.67675750e-30 4.51320768e-30
 8.67309072e-30 8.16030736e-30 7.88972699e-30 1.74189192e-30
 2.75618405e-30 2.84187495e-30 2.65970982e-30 4.46923366e-30
 6.94412022e-30 6.25695406e-30 4.81873164e-30 1.07511812e-29
 8.44687370e-30 7.60096314e-30 6.01473978e-30 4.83714759e-30
 5.06711604e-30 2.56558037e-30 5.96380645e-30 6.65286996e-30
 2.18480972e-30 5.45957016e-30 7.88747606e-30 9.77256200e-30
 1.00504895e-29 6.74924921e-30 4.05894174e-30 3.53812590e-30
 9.69958280e-30 8.23348593e-30 4.61497540e-30 3.28413938e-30
 3.06401649e-30 9.99662439e-30 9.42404466e-30 1.03165161e-29
 3.46745480e-30 4.95069696e-30 6.70516422e-30 7.05446923e-30
 3.18634088e-30 3.40666426e-30 6.42570276e-30 5.63963257e-30
 1.13129855e-29 7.65646302e-30 1.02463949e-29 3.78156495e-30
 7.27165244e-30 6.87553379e-30 4.09439729e-30 5.19844904e-30
 8.37432708e-30 3.25329252e-30 5.13489486e-30 1.01552661e-29
 8.15126903e-30 1.04733274e-29 6.45903113e-30 8.61427011e-30
 4.04226289e-30 9.39097509e-30 3.29727407e-30 6.65319646e-30
 5.05834065e-30 5.03348750e-30 1.04572256e-29 1.11570762e-29
 1.66195853e-29 7.10008368e-30 6.70086248e-30 4.49163501e-30
 7.95562088e-30 4.72292152e-30 3.76845809e-30 4.02639992e-30
 3.54157565e-30 1.21865941e-29 1.00075781e-29 8.57527605e-30]",0.7851063829787234,1.0
