,Images_Per_Label,Train_Data_Size,W,Residuals,Classification_Accuracy,CLS_Cosine_Similarity
0,39,1833,"[[  3.4101543    7.936451    -4.7103753  ...  -0.8179835    7.0485973
   -1.3529575 ]
 [ -5.082802    16.993149     2.8234212  ...   3.2378976   -0.77271736
   -8.342733  ]
 [ -3.9142082    9.827016    12.585616   ...  11.297183   -15.371142
   10.919387  ]
 ...
 [-17.966084     0.55952555   1.8188415  ... -10.690675    13.210162
   -1.1341182 ]
 [  9.769631   -23.041029    -6.323628   ... -17.406485   -30.525824
  -13.302685  ]
 [-21.977806    -6.503583    -0.30578622 ...  12.833288   -16.352133
   12.542108  ]]","[ 54.259792  60.429897  50.19004   44.422558  44.34757   50.678352
  51.46113   70.0705    66.72707   57.975437  39.301147  61.352592
  47.002026  52.154335  54.52764   53.671143  67.3209    52.052296
  42.906815  40.819107  41.670902  48.633663  67.375984  47.734276
  56.50619   55.96447   57.464954  51.95754   49.695797  60.618275
  61.819084  48.78591   53.553337  49.141113  58.088852  44.02421
  47.2349    50.873535  54.75118   49.34389   56.837273  55.434025
  39.273556  51.270226  52.742416  56.86113   70.808624  51.610867
  78.80719   59.67225   56.75239   53.41911   57.263897  66.04745
  52.26121   48.06323   44.11078   87.2646    45.61594   47.754353
  61.262047  41.77647   56.367344  63.73754   43.586548  55.238857
  60.91209   45.721893  51.92291   62.324883  45.176895  59.088936
  40.499374  47.668674  59.563854  44.907997  44.3447    44.212673
  56.06157   68.22176   40.379635  71.793976  51.698853  55.707222
  56.903667  44.420708  52.457737  44.859993  47.949375  45.90712
  39.501724  53.820087  49.948505  72.57816   57.3441    70.75487
  62.417     44.078793  59.02902   59.604656  59.351784  49.6384
  71.461784  50.714436  45.881435  53.787018  81.0641    64.22684
  53.080032  57.434166  46.375465  50.002243  72.01487   52.547173
  61.913628  41.49137   74.476715  71.5716    42.490105  73.4674
  40.998337  65.98167   43.82706   48.291725  69.59095   43.959717
  35.215088  66.304924  51.838932  48.079838  62.10235   59.181576
  55.831284  50.296917  57.33508   57.019073  42.5983    56.06381
  70.47557   54.418358  46.907497  46.203785  43.139275  66.94184
  47.078762  48.349213  39.508305  48.94695   58.52672   47.83716
  50.12124   41.412857  67.39649   49.757164  38.58711   50.427067
  54.487038  52.18975   51.616886  80.21267   50.68701   56.919113
  70.03202   58.229813  42.89059   59.78902   49.899624  73.75679
  56.473095  40.375584  52.722084  41.974747  51.164806  74.85262
  54.377377  60.65501   52.672688  45.26743   59.104828  60.489735
  42.118027  39.39364   46.05414   49.40073   48.430702  65.05723
  54.3283    88.58728   77.34293   38.20939   51.482277  58.03129
  46.392036  60.401707  41.062893  40.280163  59.66874   59.02329
  41.730076  54.405785  56.408073  56.18013   59.062233  61.681618
  39.637955  50.34032   44.850334  49.698265  52.142315  55.55392
  39.712143  62.460514  64.09365   38.924995  58.52341   51.93228
  44.819195  45.762325  50.79895   57.8237    52.246704  52.26472
  83.95727   55.11275   72.75414   60.170273  54.462204  74.3194
  57.71593   53.324696  64.294876  50.98632   68.62129   52.472046
  51.27214   51.099323  50.27376   44.70293   56.476967  51.94327
  52.661434  48.09965   48.85318   50.663944  56.885532  61.80203
  59.922665  49.798904  52.944057  50.075825  42.523727  44.638504
  54.89272   57.40504   56.398533 103.854836  41.42154   84.980034
  52.80342   57.155033  50.201523  41.92573   62.36964   59.549583
  53.093422  40.31641   53.671814  39.20656   41.980984  46.38105
  62.227043  66.13278   46.11478   82.45477   39.08744   57.608192
  53.208073  45.908596  52.315655  54.23239   69.880615  64.273155
  47.130913  51.015438  84.65316   50.851463  46.826168  42.777637
  46.99437   51.32969   64.95385   60.80017   57.909756  47.205433
  48.56149   65.7691    55.66255   45.606583  45.365402  48.966305
  45.197353  49.47765   59.457886  45.42009   43.657276  64.44238
  42.862774  46.41246   47.337223  50.930058  71.80606   47.601368
  61.660736  59.671326  81.54385   53.877388  52.87018   72.12457
  70.76008   51.5989    42.886112  60.734222  46.26161   50.917767
  45.1617    41.457573  58.46344   58.391853  54.315094  74.6764
  61.54478   57.9059    49.873577  59.344692  52.30705   61.188282
 127.54872   41.215343  54.415916  47.793854  48.846905  96.05238
  42.78059   59.36701   93.30333   52.0051    52.24452   49.25222
  49.16072   53.839302  55.923298  51.81825   49.11828   49.34247
  58.551083  66.89331   57.651535  42.987892  60.30325   59.137592
  51.328396  85.02628   52.433727  46.14327   57.59282   44.776344
  46.2266    78.86454   47.583942  45.50294   69.94215   62.812946
  61.14399   61.515274  38.68273   46.533787  45.98924   55.73344
  60.982613  67.892426  46.334667  41.066586  50.850933  45.664787
  45.114723  56.605293  75.81853   54.939358  52.686054  63.586914
  80.54835   55.79678   48.204014  67.055595  46.945312  49.208366
  41.731647  74.29685   39.964024  42.674744  56.34451   52.935925
  55.34596   52.759262  39.28671   66.31876   55.230713  63.62873
  51.586174  37.417038  64.492096  50.55005   43.453743  65.432144
  71.19751   51.095135  69.1519    86.53309   42.531162  53.347286
  48.767242  51.155388  51.169094  73.15016   54.226646  45.715904
  41.249775  63.00287   49.816963  64.80633   51.78687   50.208805
  48.386696  38.271378  36.92822   50.560505  41.0102    65.34924
  60.43827   50.051903  51.34952   50.966305  60.56529   54.985977
  42.935726  45.72749   56.285103  58.495213  51.041965  58.769493
  39.519867  39.479305  56.85644   59.823948  67.05864   53.30609
  55.322533  64.02477   51.30948   50.201653  57.005016  47.7721
  54.755455  52.159477  39.419727  51.607727  64.15352   49.64506
  48.187675  54.511757  59.314857  38.58886   35.98085   45.25646
  64.63439   48.73774   51.74202   46.538853  52.79406   58.18379
  78.05913   40.24658   43.11541   55.636646  52.027027  47.801155
  39.120613  48.989197  38.841908  63.73353   63.929394  75.31647
  63.28388   48.4816    51.11679   43.808266  51.41919   67.41764
  55.325737  50.969112  62.714684  77.86483   54.820473  72.98606
  55.89632   48.6386    73.55883   65.79086   51.66101   45.863518
  48.03578   76.01743   57.675697  60.565002  60.008324  62.94704
  48.4001    48.684193  46.127884  55.693687  53.940857  59.919758
  47.4452    53.888165  50.67577   52.35568   49.74782   64.58804
  60.943573  55.52785   56.441086  61.759014  54.928165  61.373238
  46.38464   52.19831   43.063934  69.532684  51.646114  51.957253
  54.834274  45.339058  40.21645   63.810097  52.93293   45.40535
  54.41416   59.260143  66.36473   47.334743  46.901928  55.824997
  53.8196    65.29146   37.039387  59.38743   66.00764   57.23451
  43.426712  49.984074  70.93914   54.579918  48.108044  47.809853
  55.586655  51.93154   47.925346  49.25687   47.066837  54.35707
  51.682285  44.82719   45.270382  43.00092   66.53085   54.38517
  53.319393  85.510864  50.25021   43.865395  63.360714  40.288746
  53.620842  61.076366  47.04446   55.009785  69.93544   63.637653
  54.954712  45.145897  49.26718   65.72406   56.985115  59.59759
  67.96377   61.213852  49.85589   82.90322   56.72461   51.5388
  58.9796    73.61346   46.27661   45.931133 380.77344   61.554924
  53.414806  76.87387   58.48498   51.228428  48.39126   38.35141
  44.91489   71.86344   50.409096  62.754524  78.75339   54.73298
  57.97274   70.02893   50.45848   60.076218  45.460976  58.71525
 108.94438   73.91482   48.38863   67.895355  47.499855  62.275375
  49.974525  53.84763   34.813995  71.44258   46.612522  51.99647
  55.313217  40.350807  41.72419   41.131405  49.888824  46.73876
  47.212036  50.184303  68.93551   52.36668   58.053234  54.234303
  49.42229   58.645588  74.394485  43.046173  54.577923  52.671326
  45.77101   54.73872   87.34146   65.09789   41.152714  68.88959
  74.89658   40.282207  47.22464   73.54488   56.972214  60.052036
  43.508575  64.03778   60.37255   48.902355  67.94624   62.392082
  55.622765  61.363632  41.104897  52.267746  56.292114  39.555344
  73.001915  47.279552  41.69876   48.197536  64.52544   43.48195
  50.00265   47.754627  57.793922  40.37124   57.96945   57.910236
  44.671272  36.957222  56.08383   50.200405  54.48289   37.418335
  69.27651   50.74086   39.275467  61.15912   47.998245  42.61879
  50.129696  50.128128  54.889282  45.00509   60.494297  72.87923
  49.99878   58.756535  53.20644   41.94391   68.08012   59.059177
  54.557076  46.624348 111.17162   53.66197   54.984642  78.24767
  50.22627   60.700283  53.542084  52.189407  71.338     55.76838
  45.848507  58.467373  43.0708    85.097664  53.116215  51.811775
  68.443825  52.56688   42.395775  49.058125  56.63051   58.943874
  37.445747  43.93624   46.424377  52.203037  46.988792  49.77183
  48.21689   43.70767   37.19586   43.443867  58.637814  50.131306
  48.918194  71.87698   54.67393   45.09633   59.079033  55.425552
  44.713123  54.1114    48.45849   46.972664  47.630894  56.07564
  39.594345  52.53205   39.635605  70.35745   55.529182  48.265343]",0.11170212765957446,0.21800915598869325
1,39,1833,"[[ -2.3225355    6.8017735   -1.7419235  ...  -5.3872437    8.791921
   -7.091914  ]
 [-11.153793     5.1956763   -0.9769984  ...   5.4962554   -4.271914
    8.359029  ]
 [ -3.2521193   10.771402    -7.041903   ...  -5.0029407    7.419092
    1.5379938 ]
 ...
 [  6.208122   -10.522683    -7.4657793  ...  13.824406    -0.90444636
    5.142215  ]
 [ 10.756861    -3.309478    13.109247   ...  -8.4836035    0.01614382
    2.7217178 ]
 [ -6.723714   -13.2429695   11.391496   ...   6.849675    -5.894339
   -2.8300643 ]]","[ 51.51102   55.66207   48.026398  44.867382  42.204594  49.392136
  50.07717   64.314674  60.110012  53.181004  38.22461   51.922752
  43.103367  47.63044   50.294697  51.291477  57.75076   44.249073
  40.373753  38.558056  37.950188  44.14828   61.83552   42.142654
  48.59107   50.362816  54.30872   48.59588   46.77603   55.473618
  54.776833  48.693638  50.522247  43.8668    55.09519   41.240963
  45.552708  47.226513  50.374027  44.863365  51.83108   49.82295
  34.644665  43.251698  47.051254  50.61158   68.19501   47.42618
  72.25482   55.042587  51.985027  52.05146   53.197296  61.424377
  48.00496   46.939037  41.56355   81.67334   41.54649   44.65631
  57.63124   37.639988  52.469105  55.726044  40.575493  51.65702
  56.81915   44.508636  48.554794  58.388245  40.647846  53.53216
  39.302902  44.658382  55.65802   39.42252   41.354057  42.18049
  52.62458   61.461777  39.162926  66.254585  47.06079   51.56732
  50.330273  39.697884  51.774193  45.74204   44.38761   42.142944
  36.893307  49.455814  45.37455   69.737625  53.518066  65.824684
  57.974007  40.41942   53.12721   52.444332  52.208675  46.12161
  63.8118    48.418156  43.329403  49.299385  74.2319    61.4245
  45.977356  47.834198  43.911964  46.45062   63.077126  49.792404
  55.281036  40.137314  70.269875  64.039024  40.327774  71.76516
  39.197197  59.832882  41.77739   46.406136  63.627552  42.801582
  32.95349   64.03254   48.469     44.108     57.435223  56.778683
  53.248775  48.258633  49.217327  52.63447   40.602303  52.28678
  66.18841   51.827896  42.568577  40.86841   40.99845   60.188454
  43.57981   45.692883  35.570854  44.76076   55.5173    47.150013
  46.279007  36.80349   61.205036  48.416218  36.002098  47.838882
  48.957066  48.915974  48.59817   73.2526    47.904675  49.953365
  64.64019   54.957176  41.704796  53.511276  48.574654  63.889565
  52.20888   37.92329   48.884903  37.080185  47.01681   65.01243
  52.386475  56.396255  46.89293   41.118782  52.71025   53.350845
  40.825424  40.60506   41.55303   46.982033  45.663956  53.031265
  49.155285  82.51791   68.86641   36.94545   50.63177   54.62699
  45.115635  55.487595  38.112488  36.58833   54.696423  52.26199
  39.251633  51.35188   52.428707  52.80076   53.369442  60.908863
  36.23959   46.68242   40.243008  46.829872  49.236122  51.431755
  35.773384  57.916584  57.992294  37.25597   52.40504   46.370453
  41.759396  44.23824   47.85408   51.417538  47.71417   44.916553
  69.20602   49.0136    61.93748   55.290646  51.71009   67.45341
  57.150753  48.64718   59.073536  46.042847  63.060223  47.29371
  47.405205  45.3535    47.418446  42.20232   49.04822   48.205376
  49.45979   42.96666   44.5366    49.642414  53.325768  56.476265
  57.26966   46.537968  47.994675  45.232533  41.151684  42.495777
  51.21763   54.04298   53.29234   84.31039   38.018032  62.571846
  46.242348  52.985737  47.903614  42.48806   59.503654  55.46253
  46.650482  37.813313  51.931534  36.935932  39.737003  43.64725
  57.011463  66.602005  43.8832    72.62095   37.84751   53.41554
  47.749443  40.748657  47.055714  49.146736  64.82637   59.805416
  42.03628   47.84077   76.72199   43.42973   44.810383  39.077923
  43.939804  50.866196  58.74169   55.285805  51.489727  46.560417
  45.866043  59.013863  51.20447   42.108498  40.31874   44.733646
  43.5046    46.80539   55.519493  45.140488  42.09481   60.10913
  39.9421    44.69183   44.270096  44.89213   62.144566  43.18265
  53.79124   54.271385  76.50204   51.54443   50.540836  59.451603
  69.37848   47.59475   39.672287  57.197174  44.619175  48.21996
  43.586628  39.97743   54.140366  55.747803  50.85975   67.089134
  55.46912   54.30838   45.308426  55.44172   49.775562  56.104782
 109.10516   40.71038   50.039505  43.22959   45.82593   78.13648
  39.220898  51.376595  83.89354   48.42761   44.43518   46.545235
  47.801445  46.99163   52.13971   48.475403  45.80227   44.963673
  58.909225  63.098743  49.600697  42.121727  55.461987  56.904694
  47.980186  79.39244   48.958305  41.657925  51.51105   42.97019
  42.261375  68.67581   44.635742  43.21666   62.1996    53.73424
  60.202457  55.630035  35.43312   44.572144  43.61916   50.99074
  57.58938   62.260277  43.590897  37.311756  44.761806  43.06487
  44.936043  51.91612   70.83346   52.378166  50.910233  57.375492
  74.4036    52.373447  46.1919    58.565628  44.07359   46.416912
  37.295235  71.19438   37.2052    40.07215   51.249485  52.814648
  50.782646  52.160866  37.250427  62.881256  50.753635  58.27978
  48.685078  34.566418  59.428093  47.53106   38.878418  61.2699
  67.0865    49.270718  60.62321   71.94993   39.49387   49.03166
  44.28455   47.859055  49.649834  63.043842  51.109272  46.239525
  40.184875  56.83781   45.939873  63.61651   48.889206  47.428795
  45.17675   34.164543  36.23959   46.96041   37.332737  58.440987
  56.025253  44.12641   47.286873  49.46119   55.483616  50.390034
  40.55345   41.2961    52.272808  54.458206  47.667675  53.952026
  37.843967  36.544003  57.666332  50.46896   62.46706   53.985115
  54.311806  62.121094  48.23058   44.162163  55.89244   47.280823
  49.539303  49.100185  36.593872  46.02009   59.00284   43.501003
  43.46904   52.07045   55.76477   35.61974   35.355247  42.06546
  60.564064  45.18374   47.072563  42.728474  46.900234  53.617844
  71.89741   37.3568    41.290985  49.54884   45.73234   43.409706
  35.535923  42.972214  35.338493  56.95618   59.09526   70.77321
  58.36211   45.766567  44.43689   42.308647  46.054806  60.30572
  46.90233   47.816788  58.217438  69.33453   52.83778   67.189766
  50.17171   40.87883   71.30315   56.771107  47.707478  43.248367
  46.63828   67.71901   54.141327  54.20835   55.925434  57.083576
  46.90481   42.28351   43.320496  51.540024  48.664234  54.92474
  44.803143  52.582108  48.118046  47.48516   48.662407  59.762043
  57.554882  47.23727   52.717186  55.345898  52.284027  56.62874
  45.67521   49.44631   40.118187  64.64909   47.35891   50.57533
  51.090706  38.89048   37.29456   56.2287    51.81095   40.08765
  51.912037  52.882614  60.00678   46.86974   44.826595  52.258255
  50.405888  64.77443   34.120228  54.180557  62.256073  50.76243
  41.192688  46.79917   64.543655  48.41636   49.084476  44.735176
  49.544193  48.781555  44.95074   45.205     41.97011   50.945194
  45.721302  41.823803  42.40122   41.59402   61.44291   49.28543
  51.844837  72.49103   47.19014   40.733566  55.581696  37.44363
  49.2059    57.138027  43.551266  51.805904  62.540104  55.91228
  51.077705  39.278175  44.66838   58.320435  52.247032  51.713303
  64.72978   52.93651   46.622208  74.52009   52.54044   48.976143
  55.394287  67.61264   41.71183   42.830772 352.15405   60.102283
  49.94745   68.94178   53.625454  48.390667  42.91215   35.04543
  38.343033  69.80509   43.14576   60.13412   73.827     52.850834
  52.69809   63.395496  48.877945  56.41266   44.85064   53.262314
  97.281     64.00855   46.139885  59.411064  44.69355   56.681984
  48.9208    48.679066  33.7078    62.338745  42.520187  48.488594
  53.647858  37.14623   40.83449   39.22744   49.137135  44.949627
  41.91024   48.800484  63.758926  50.588493  52.26262   51.491364
  46.856213  55.321053  56.76934   38.796944  51.54523   51.480015
  41.963253  48.80664   81.73208   59.14989   38.439198  59.354786
  69.48004   39.293304  46.230343  63.44286   53.429764  59.0328
  42.33461   59.90339   55.33633   42.11789   62.149754  59.898514
  53.160194  54.608486  40.49767   46.853462  54.683937  37.331097
  62.721134  42.56526   39.918312  44.443386  58.120277  37.73594
  44.706104  43.068287  55.540268  38.10147   55.952583  52.4351
  42.788765  34.388412  53.201694  45.822205  50.68321   34.339314
  66.10498   50.07084   39.400967  53.962082  43.61558   40.687622
  46.77956   46.15937   53.19227   42.7928    56.32706   62.2136
  48.22781   53.594498  47.942455  41.486263  61.787727  51.782276
  49.48364   45.644577  99.30348   45.953056  51.986923  62.468243
  48.674248  57.582733  49.41293   51.211834  65.526184  49.679287
  41.189568  54.44205   37.74263   74.93007   49.821907  49.53031
  60.152725  47.275623  39.46762   47.889427  53.42114   53.229546
  35.590424  42.099068  43.28998   47.297264  43.441685  48.2775
  43.50944   41.048874  35.763546  40.31486   54.999584  47.763996
  45.226837  64.14863   54.603764  41.271996  52.949688  53.718082
  40.67763   52.09997   47.3285    45.394173  39.577896  51.996754
  38.77411   49.010124  36.61705   67.255104  52.655144  43.307205]",0.1829787234042553,0.27529488106568656
2,39,1833,"[[-10.352022   -14.26948      8.746115   ...  -5.572144     0.4015432
   -3.479428  ]
 [ -4.1668005   -0.43005753  -8.030925   ...  -3.81186     -9.748583
   -2.568869  ]
 [ -1.6706215    4.288713    -3.0457816  ...  -2.0023606    0.6994401
   -7.831057  ]
 ...
 [ -1.6530958   -3.497364     4.282938   ...   0.6903395   -4.4244475
    5.5018735 ]
 [ -8.887049    -0.6584586   -0.0356518  ...   4.6463695    1.7351463
    4.3049774 ]
 [-10.347424    -4.713363     1.5012873  ...   7.460905     8.965323
    1.0067637 ]]","[ 46.742146  52.600266  46.97399   44.463116  40.441364  49.68442
  47.592533  62.427773  56.041485  49.60454   35.89949   47.482037
  40.26827   43.802605  47.560402  50.151352  50.685703  41.53991
  38.961308  37.719517  36.02099   40.419098  56.85324   39.673477
  46.417435  47.734013  49.2571    45.815838  41.035343  50.15562
  46.742764  46.49725   48.052265  38.69238   51.81909   37.65797
  41.48537   42.183144  47.318626  43.505375  50.363987  47.23125
  33.39776   39.331383  46.19878   45.922153  64.604645  42.216286
  65.09744   49.4755    46.266994  45.178005  49.656044  57.569344
  43.28793   46.25803   38.82443   69.73158   37.122322  43.93704
  55.141167  34.34304   47.90912   50.965     37.29342   44.57241
  52.402462  41.414677  43.35254   53.977318  37.632473  49.19375
  37.563076  40.55483   47.368416  39.5752    38.30912   41.840603
  48.86321   57.653152  37.163754  53.577847  44.103107  49.944164
  50.08793   35.075714  48.824005  42.715145  43.04119   39.300488
  32.897373  47.359554  43.360928  60.746014  46.858845  59.96446
  50.4286    39.345932  47.298565  50.66892   49.83915   42.37849
  60.105247  43.57367   42.608006  47.54129   63.739895  54.36584
  41.94441   42.45186   41.300003  43.817833  59.507275  46.34385
  51.450752  36.938267  68.57886   48.9194    35.906677  66.21754
  37.367924  56.83814   37.83554   43.672993  55.255226  40.080696
  30.010687  59.811924  44.406715  40.925823  53.41477   51.900288
  46.412884  47.08807   46.860172  45.560993  37.497112  49.071064
  63.173626  48.23086   40.546066  39.052494  39.81246   55.684772
  38.561893  43.661743  33.23673   44.368507  49.0267    42.166664
  42.2014    33.295635  54.330074  48.15569   34.91741   39.947914
  46.959164  42.142902  46.78946   68.7531    44.555138  48.573803
  61.44221   50.09792   39.076733  49.555347  44.174587  54.980648
  46.79315   35.691048  46.615147  35.84919   44.97975   60.291107
  51.35922   50.65213   43.6976    37.378998  54.18019   49.643
  38.810966  36.669865  36.905434  44.444813  44.060944  44.85742
  46.556946  74.81712   55.495506  34.752735  46.761005  49.49625
  43.32737   51.37882   35.131443  34.60862   52.42692   46.371754
  36.09951   50.77081   45.925484  50.10392   52.11127   52.735516
  34.29317   44.187     39.04506   44.622047  42.533047  48.37777
  31.94959   50.639954  52.75662   35.110195  45.451183  41.827652
  37.889202  42.208538  43.52334   47.80433   47.43542   44.759697
  59.896416  41.094753  57.667454  50.998695  49.319935  64.515884
  53.184208  46.671528  54.012806  44.167656  59.136944  48.23238
  44.652058  37.93173   43.97162   39.93422   43.437702  45.362774
  43.78193   40.650505  41.427242  43.877758  51.755306  52.975456
  52.691887  39.989773  47.4326    42.51103   39.410503  41.437122
  49.93626   48.158447  46.50753   72.38733   36.619545  46.186646
  41.14058   49.46117   46.53236   38.83724   53.611153  53.02423
  44.09456   35.10717   48.902924  36.237823  37.827652  40.210777
  54.67978   62.066753  39.636543  62.213642  35.205994  47.744865
  45.336216  39.615704  44.152935  46.119053  63.50239   55.00985
  37.603527  46.000767  75.25063   41.390182  42.3345    37.927574
  39.437454  43.934486  51.83768   51.480675  48.573677  42.303886
  42.996635  49.17655   48.578327  43.756695  36.634045  40.518612
  40.196182  44.570156  50.61004   40.360466  37.703842  55.655056
  38.158123  40.529934  42.331154  42.206825  56.337852  41.189323
  52.616306  51.697113  71.12974   46.949974  44.668243  50.858517
  55.131104  42.91211   38.522762  54.197067  42.759647  46.838696
  40.122513  35.55194   47.577774  51.058754  46.7363    59.24744
  55.75384   49.218464  41.06791   53.336117  45.58045   51.980812
  99.88898   38.48704   47.003033  43.032757  41.718628  63.521538
  39.782528  47.21349   76.657875  46.13611   40.60296   46.878654
  43.118767  43.072323  46.09996   42.797546  40.124966  40.886612
  56.026672  52.66158   46.25434   38.427425  48.344814  53.871902
  41.12349   74.23365   46.82772   36.648808  47.607353  39.18133
  38.797985  65.09125   41.55101   39.15228   64.057526  48.980495
  55.95838   49.44397   34.538857  39.987976  39.40307   47.065605
  54.786045  58.189068  37.596046  34.79977   42.989155  40.09363
  41.718353  46.465202  61.473053  51.324112  46.618317  51.83416
  63.29304   43.068863  44.124565  53.14254   42.637287  44.276398
  34.258118  63.459183  35.99769   36.688774  45.48414   45.745743
  49.08748   49.930286  37.589386  61.120052  43.818436  54.374374
  45.518707  34.129818  50.216953  44.085392  40.89622   54.42905
  61.7107    48.72128   59.79077   61.741127  36.117424  46.42891
  37.83854   43.106567  47.283707  57.4334    50.991222  44.491966
  36.822327  50.21397   41.409298  54.367725  43.39169   44.463932
  42.947235  32.617813  34.010895  46.25987   34.669037  53.470375
  52.522926  41.909096  43.918068  45.563618  54.31172   47.694023
  39.26511   38.08101   48.698345  49.205727  43.28977   52.29511
  35.268353  34.411068  54.91084   46.237267  56.729637  53.272984
  47.348663  59.737484  42.87122   42.754066  51.182392  46.781563
  44.95536   43.388905  32.39293   39.547028  57.587254  41.659466
  39.28516   46.93253   52.511734  32.628044  33.234917  37.765965
  53.412663  42.826927  45.64092   38.121128  43.779793  55.035988
  66.64118   35.429382  36.399143  43.418015  40.70184   39.913803
  33.155163  39.75365   33.072124  52.03201   54.40155   63.53121
  55.3635    43.43809   40.96971   40.005745  45.75127   54.820076
  41.996655  44.53951   57.136395  63.471447  47.72875   59.420876
  44.312828  30.892334  68.0163    54.102177  43.920914  39.81126
  42.420506  60.368114  46.683327  51.39789   48.946518  52.536304
  42.911854  35.390408  42.527958  46.19177   42.86672   47.257397
  42.115425  46.23275   45.566414  42.961067  44.265633  57.72435
  52.58239   45.9073    50.870377  54.760677  49.753445  49.606865
  43.20905   45.905132  38.01559   57.352257  44.80234   42.559296
  48.498516  36.548435  34.244347  51.27532   48.646282  38.305355
  48.9679    46.64369   55.43145   42.969334  41.255005  48.148197
  47.69122   56.13693   33.08425   48.528244  53.67047   46.13623
  37.57539   43.16789   61.465836  43.05499   47.16539   42.94904
  44.01122   46.30663   43.30104   44.214184  41.32031   48.157646
  42.085102  38.247375  38.640038  39.14308   57.30293   45.12786
  48.845303  64.66285   42.603992  39.191525  52.286594  37.047836
  44.687202  50.20408   39.92807   45.086853  59.492237  49.32814
  47.93498   37.662144  43.05561   56.822495  48.75116   48.888283
  57.932804  46.751106  43.723392  71.0982    50.054684  43.258976
  50.172974  59.134315  39.043797  38.195145 337.5763    56.105553
  46.317944  60.140217  48.81788   43.431343  37.005573  32.648067
  37.48252   59.3186    42.017273  59.240505  69.50752   47.99632
  46.675095  58.264862  44.916218  56.380707  40.429214  50.039043
  81.76857   54.482162  40.64962   55.699165  43.77329   53.790234
  44.502647  42.426117  29.87284   50.247578  38.442585  48.130173
  48.749546  31.800533  39.302475  33.768986  46.972626  42.1979
  37.197594  45.213177  58.062855  45.389805  48.08993   44.4597
  42.70855   50.72555   44.195667  36.157345  46.33103   46.011868
  41.074215  46.525158  75.76012   54.556427  37.486706  51.106163
  66.09578   37.186718  44.58696   59.177654  50.991882  54.143406
  39.12128   53.710766  51.647232  39.22108   56.56868   52.572174
  50.83227   49.833233  37.163223  45.786407  53.224064  35.117443
  57.6405    38.635868  36.96725   40.746895  52.38863   37.828728
  43.519154  41.2288    54.64993   36.70217   49.446583  47.33228
  40.12632   32.08786   52.824726  43.930935  47.348038  32.123917
  58.82222   46.95806   36.322296  50.15835   41.478275  37.5245
  43.9026    41.69497   49.98623   40.405582  52.526764  56.413685
  44.067852  50.094063  43.85518   37.53865   56.71057   49.714455
  48.77592   44.406166  87.37089   40.922394  48.792393  57.150604
  45.498085  54.095657  47.994713  47.568424  62.231556  44.994534
  38.57062   51.97623   34.123302  67.09705   43.3368    42.890232
  59.081177  41.693203  37.025494  42.8878    46.670166  47.133152
  33.822514  39.28069   39.545284  45.72036   41.743557  46.07355
  40.718536  40.591892  31.327456  38.00676   50.782516  44.147045
  42.1022    59.070213  47.479248  37.324112  52.514057  47.110443
  40.05132   49.43791   43.219955  41.733833  36.39761   48.98679
  37.26505   46.890804  34.186832  60.06735   49.74614   38.963463]",0.2675531914893617,0.33648169934749605
3,39,1833,"[[-3.59671     1.0290582  -3.8701723  ... -3.5734642   2.4317548
  -2.7529387 ]
 [ 0.952913    2.1866093   0.7604997  ... -8.35941    -2.888739
   3.8399704 ]
 [-1.5518143  -0.61010534  0.14925529 ... -3.6752627   0.5802267
  -1.7837242 ]
 ...
 [ 3.099483   -0.12152615  2.0736892  ...  0.874054   -2.520524
  -2.267618  ]
 [ 0.9672018  -4.1174107  -2.4070597  ...  7.266839   -0.41409305
   3.7071042 ]
 [-2.7993488  -2.524463    3.7687182  ...  3.2986124  -2.470814
   0.5600824 ]]","[ 42.7766    48.25155   40.404373  40.691414  37.13083   44.22842
  44.042503  56.380177  46.274227  46.05382   35.104137  41.842743
  37.13283   41.574574  43.797745  43.76275   41.42658   41.564926
  36.95814   35.890938  30.801378  36.957985  51.027363  36.369286
  40.080025  45.14092   45.349113  43.984882  38.65717   45.75804
  41.216084  43.634766  44.517426  33.939907  45.54971   33.92335
  38.24952   36.328827  44.747787  38.697968  46.87819   45.425938
  31.703278  35.92568   40.559025  41.48523   57.237175  37.175526
  53.98372   44.774773  40.073483  39.898598  44.87821   50.78861
  39.33543   43.243607  36.698463  63.836227  33.158524  43.807747
  49.297222  30.316872  43.898907  44.550938  34.681484  40.057053
  49.425873  38.426567  40.203625  48.9177    35.486927  43.980293
  35.24296   34.824257  40.64978   36.389244  36.13656   39.27841
  43.62218   53.814526  32.494343  41.73572   38.278107  43.871387
  48.05026   32.355083  44.77325   35.924496  40.48507   33.50367
  31.79966   43.726795  39.523743  54.307117  45.79743   55.71346
  42.929195  39.38951   43.944855  48.62345   45.79819   39.10735
  58.804596  38.74857   39.602528  43.42074   53.9068    44.88015
  38.313076  34.162712  37.076122  40.647537  51.928356  41.115253
  43.04267   36.051437  56.977047  35.723156  34.79836   63.046326
  31.11438   54.074512  33.815784  38.71894   50.766987  35.712814
  28.565113  50.477318  35.81394   37.33685   48.057575  46.842888
  41.093822  41.997143  42.69019   40.789417  34.534763  42.923344
  56.74294   40.06252   38.783855  37.607162  35.687527  52.90024
  37.911205  45.524822  28.619051  41.929886  44.75164   37.236984
  42.193775  31.075377  51.57917   42.766254  30.22273   35.313026
  40.870407  40.463818  44.168232  59.702488  39.744892  43.395233
  58.36868   48.375843  37.053955  45.881744  39.467014  46.531384
  43.143482  31.381227  40.157112  32.765472  38.65232   55.467865
  49.50994   43.524376  41.02627   35.226517  48.19247   47.44727
  36.941475  35.489204  34.695007  41.57762   38.868736  33.860043
  40.477642  66.10147   48.211987  33.005455  44.153824  44.998947
  38.933044  46.58599   32.469044  33.081432  51.04116   40.10661
  34.007     46.887794  41.062653  46.26276   50.14652   46.86603
  31.475382  42.65142   35.766422  38.869293  40.398087  40.8942
  30.81961   46.2543    48.24147   32.304005  41.691853  39.15971
  33.27181   38.35923   38.7594    43.960705  43.064262  39.53711
  52.054398  36.43356   46.193707  44.61722   47.64833   56.516235
  47.94667   39.2121    52.81307   40.055515  46.3939    43.306305
  38.964947  34.880596  41.404785  35.146667  38.81168   42.000824
  41.57667   35.482334  37.656178  38.967934  42.940742  46.536636
  47.011074  37.22833   45.066383  37.92131   37.595318  39.83079
  48.004185  42.972168  41.96792   60.75245   33.243473  40.248425
  34.774292  47.172745  42.143574  36.624317  43.365856  48.466084
  40.997017  32.263596  46.265274  32.617504  38.1127    37.355804
  51.699055  53.94242   33.953766  52.177532  33.234177  42.173145
  39.97054   33.799515  43.057423  40.1423    54.375923  49.488747
  35.26267   40.76439   68.165855  39.676434  37.894165  39.179287
  34.469505  41.5551    47.031345  46.90716   42.876225  39.49846
  37.8534    44.889385  46.05314   39.422646  33.35616   37.400833
  35.49116   39.440056  44.295616  36.873875  34.169518  51.889984
  36.1203    35.88105   39.34224   37.20094   51.726177  38.385654
  50.0372    43.114098  57.580406  40.42811   38.89418   48.14695
  50.3282    41.558277  38.646027  51.501774  37.956238  41.513565
  37.22956   33.847477  43.008778  45.98121   43.311016  51.49188
  53.30119   44.70063   39.67609   53.892006  40.384857  46.59523
  88.97029   35.002743  43.27175   39.060856  39.18073   48.292202
  36.172905  40.349316  64.809814  39.085297  37.831425  44.044033
  39.18011   40.221264  43.153675  39.55163   35.230965  35.096626
  51.510986  47.653465  41.549232  35.527832  46.942963  46.852505
  37.925335  71.76987   43.045654  34.63507   45.60845   34.302666
  34.422535  57.495804  38.06845   34.981773  54.954365  39.742336
  50.131397  44.508495  31.729286  39.363384  37.39954   42.968853
  47.95489   52.42917   33.76223   31.13642   38.233246  35.35781
  39.521103  42.02436   56.51668   48.36159   42.75513   46.48925
  52.72705   38.421185  42.2684    45.8583    39.28281   38.76687
  33.658844  54.66498   31.480059  32.824768  39.728996  43.004482
  45.128002  43.34392   33.73125   57.03865   37.57254   48.0692
  42.92506   30.588114  43.919697  41.63282   37.711975  45.634632
  57.672375  43.556797  51.39414   45.677353  29.66853   41.56825
  31.937065  40.46638   41.86807   50.38056   45.799614  40.722965
  32.900578  42.684708  36.90889   49.08839   40.64179   45.052837
  40.144745  28.454893  32.230797  41.038185  33.702408  43.950222
  50.596394  37.88806   42.092224  44.08328   48.664772  45.093258
  34.558563  36.321327  47.993824  45.996616  40.628864  48.08871
  32.61696   31.850468  52.495842  42.594616  48.561077  49.590862
  47.192574  56.313984  41.280746  38.64399   46.643597  40.91111
  44.223152  42.320633  29.53882   38.491272  54.47918   35.629414
  32.4023    42.098354  48.40561   27.873184  32.10038   35.656265
  47.131615  39.19634   40.303654  35.060867  36.19977   47.09534
  57.977386  32.67415   33.300762  39.191376  34.832756  38.386944
  30.789137  34.60584   29.292784  45.353874  52.421707  56.567398
  49.132774  36.45569   39.903934  36.85124   40.264046  48.374817
  36.15817   40.170643  49.278526  57.040497  41.40039   53.946564
  39.78365   26.250576  62.34402   49.54093   38.55308   36.308258
  39.02857   54.058372  40.825768  45.494217  46.69029   47.003292
  40.46373   30.817268  38.101315  43.624325  40.638992  43.894974
  38.0869    39.823414  43.121437  41.324974  42.1509    51.86958
  51.736393  40.915524  45.184563  47.604256  48.218624  47.24037
  39.501007  40.68704   35.07686   53.907112  43.034313  37.05078
  46.436733  34.53673   30.770313  47.36166   46.75987   33.666664
  45.189575  42.938843  54.348476  40.678604  33.674553  43.26787
  40.667473  50.687775  31.837753  42.365288  49.39618   42.41427
  35.963345  38.23581   56.47462   41.35413   43.29562   41.639965
  42.300293  41.838226  38.263863  42.30791   37.58277   41.879658
  38.503674  37.584984  35.311497  35.969723  51.59281   40.46493
  44.3649    53.069176  37.31085   36.5119    44.787144  34.547318
  42.988174  49.247124  38.67826   41.180428  51.47691   41.972305
  42.246925  36.25879   40.88786   53.1543    47.012566  45.50072
  48.63136   42.00859   40.390343  62.322598  48.817806  39.47346
  41.529724  53.154324  37.04911   37.41068  321.1471    52.016197
  41.137005  53.304203  44.350506  36.259415  32.876404  30.077307
  36.61488   53.091316  37.2389    49.27974   61.37606   44.558384
  38.831715  51.14316   41.615154  49.361843  34.03193   41.549725
  65.25631   43.258026  37.772007  52.66186   39.682358  46.45705
  42.973373  38.22133   28.209738  44.34684   35.663994  44.432396
  41.31522   31.030094  36.317486  32.05067   45.59289   40.0426
  32.525528  41.826893  53.350147  40.67264   45.30362   38.960712
  41.111057  44.758633  37.767815  29.99679   42.61186   44.147644
  38.946243  39.87023   72.658035  51.73208   35.770153  47.620754
  54.686726  31.107254  38.233963  56.286713  45.2952    51.164948
  35.567207  48.302788  48.01304   35.09893   50.59698   44.288593
  46.558212  45.514812  36.808628  43.285038  44.76003   32.277782
  51.973778  34.57045   35.323322  38.573208  43.038147  36.671036
  41.660557  37.560596  45.402367  34.903038  47.40936   44.029488
  38.00159   30.32963   47.946766  40.549793  40.08982   31.357992
  50.49715   38.996265  32.89068   46.76087   37.31354   35.23586
  37.740788  35.803604  43.53211   38.121174  47.51695   47.494797
  39.024315  47.109367  39.187267  34.40028   50.291367  49.141712
  43.357548  38.375126  69.108925  38.38195   45.52756   51.51666
  41.275585  49.671257  46.694828  42.888596  56.396423  38.0994
  38.45444   46.869144  32.68021   59.464478  41.030956  38.67519
  55.833298  36.774776  35.2706    38.67634   42.573895  46.230793
  30.910992  35.749905  35.556686  40.744766  36.290195  43.71311
  37.954754  37.22874   28.846134  34.960453  48.478077  42.14932
  38.362743  51.626614  40.10546   33.11342   47.938824  38.30614
  34.87075   46.38085   39.804855  38.361618  31.876427  43.721397
  35.07977   42.14166   33.609547  56.400352  42.7863    36.970253]",0.3776595744680851,0.4125324755907059
4,39,1833,"[[-0.27766943 -1.3214527  -0.7628432  ... -1.9589168  -1.024465
   0.04193552]
 [ 3.2868686  -0.45512033  1.5897064  ... -1.042945   -2.183695
  -0.19447003]
 [ 0.28110594 -1.9161571  -0.69960064 ... -0.13370785 -1.7416149
  -1.1186352 ]
 ...
 [-0.52185553  2.5643535   0.82965577 ...  0.8577208   0.40456632
  -0.91262835]
 [ 3.7336762   1.4667964  -2.8478472  ...  1.3429285   0.13316469
   0.46575728]
 [-0.6067011   0.7784441   0.910688   ... -1.0266663   2.748376
  -0.93069863]]","[ 40.384346  43.864555  34.67828   35.926018  31.622963  37.127888
  38.491154  50.394608  41.65423   41.125824  31.56854   36.582886
  33.884937  38.011276  37.985497  39.148     34.680893  36.33891
  34.2113    29.7856    27.515043  34.33497   43.76289   32.591934
  34.692516  41.15382   41.311325  41.776764  32.94784   40.463165
  35.099976  38.824455  38.61675   32.49875   38.536236  30.654737
  34.691196  34.002285  41.73825   37.148296  43.71773   42.79958
  30.474066  30.08078   37.792984  36.694386  48.712147  31.783962
  46.072487  37.3577    34.76349   37.31067   40.69441   43.423405
  35.71141   40.00993   32.21618   49.548534  29.08689   38.24415
  45.93817   26.441132  41.759956  40.748035  32.00554   35.582916
  40.24498   35.166794  34.839874  43.29866   32.243675  38.66618
  29.102385  30.857952  35.352345  32.115997  32.75792   33.29022
  38.573414  43.757107  29.211504  36.311325  34.661674  38.67697
  42.419064  27.740894  38.876892  30.810053  37.699738  31.276405
  28.800972  39.73874   32.698093  43.792213  37.758297  47.947937
  37.388977  36.485718  38.63648   39.186897  37.585217  38.129036
  48.6015    35.57277   35.9004    40.604828  48.94489   41.72077
  32.813427  28.96627   34.35852   36.64498   42.567738  37.598557
  38.14101   30.820438  45.910736  27.799696  29.15477   55.296413
  30.421885  44.837994  28.54831   35.046642  43.092827  31.061352
  25.801289  45.215935  33.258835  30.677284  42.832863  42.56191
  37.59584   34.73506   39.078922  33.62032   31.433088  36.248478
  51.503895  35.43385   35.53765   33.54784   31.512342  44.98848
  32.309452  39.36942   27.199753  36.90471   40.247925  34.795464
  38.20138   28.064892  42.80469   38.001484  27.585571  31.6225
  35.355274  35.59724   37.729984  47.84402   38.54401   41.171017
  50.180103  42.025547  33.588318  41.356327  34.741314  40.004635
  38.177795  28.764942  35.19471   29.650288  34.34615   49.696392
  42.427387  37.56093   34.633564  30.3737    41.54354   43.21875
  33.263687  32.165127  29.24486   35.416992  32.872383  29.871744
  36.223534  51.543335  40.936478  30.140078  38.11511   36.968742
  35.090946  43.142628  30.129549  29.297026  43.312023  34.46381
  31.422895  47.27356   35.573795  42.269447  43.347435  39.395786
  28.464342  39.318504  32.07858   33.089436  35.083546  37.36301
  27.12099   41.128002  38.811577  27.21309   36.458733  33.08152
  29.243137  32.36766   33.840702  37.945244  36.474514  34.0377
  44.23593   34.243584  37.857002  39.377083  42.82529   48.751198
  42.245636  36.75972   45.255676  35.57185   39.28637   41.78241
  36.802666  29.622478  37.2318    32.25871   33.507     39.325638
  34.860554  34.249737  35.43006   36.00108   38.816174  39.76897
  40.406597  31.917671  41.399773  37.06545   35.58065   36.658165
  39.42356   38.845997  34.45154   46.426365  30.197422  34.2587
  30.701883  41.636215  39.65341   30.694592  35.120686  42.876995
  37.915066  30.549503  41.61679   26.560728  33.819683  34.538483
  43.46385   44.5573    31.324385  43.48072   29.592512  37.8942
  35.48862   31.92667   38.51936   36.824913  43.852005  46.199417
  30.282028  34.592823  61.95511   35.416702  34.075146  34.0533
  31.838787  36.434544  39.913734  40.62446   40.410908  34.095936
  35.291553  40.59427   38.42915   34.660446  32.184258  32.880035
  29.926243  35.977913  36.959724  34.173878  28.416687  42.41494
  32.82477   32.840782  36.966618  34.422916  45.46753   32.58054
  46.07458   39.14362   47.030647  37.906788  36.364635  42.729485
  43.206055  35.7415    32.388546  44.008266  34.114548  35.108265
  34.469704  29.20111   38.873283  38.496124  39.51248   42.94814
  42.583637  36.52268   33.955494  46.420227  35.602394  39.11476
  66.31722   32.992565  39.326374  35.729362  33.147423  42.272182
  30.29882   36.05187   52.021267  35.38222   33.410725  38.835285
  36.212658  35.60845   36.48576   38.181084  31.914402  31.110428
  44.16687   40.523663  36.72252   32.39688   41.434277  42.786682
  34.28512   58.155098  37.620342  30.544693  41.487022  31.964169
  31.408228  48.26145   32.595913  32.300453  47.19741   34.40007
  43.38601   35.938396  28.016731  34.650337  31.227526  40.508537
  42.852676  44.08797   31.174461  29.349669  33.51613   32.890415
  35.17402   35.309414  45.06595   41.032978  39.815147  40.931583
  42.611668  32.905735  34.752934  41.64755   35.837902  35.574535
  29.59532   44.871586  27.099499  29.252945  34.572403  39.218716
  39.411686  38.504566  30.729368  49.14418   34.013737  42.257885
  36.507668  29.109503  38.43886   36.597095  33.49437   43.781746
  47.75697   37.984127  43.18083   37.582253  26.441462  35.03474
  29.721914  34.738277  36.029495  43.809483  40.002274  37.863323
  28.87153   38.025387  33.100674  44.28062   36.50622   37.709343
  36.638477  25.58651   31.462797  37.72404   29.025787  37.606724
  45.595245  32.285294  37.764484  40.54132   38.663277  41.8361
  31.870678  32.414997  38.92914   42.464035  35.397358  39.190598
  32.2003    28.406805  45.668915  37.666553  42.63186   43.27578
  37.945663  50.9481    38.721813  35.30793   42.599884  34.77375
  38.807884  36.034756  27.095968  33.939835  47.54983   31.845436
  31.342583  37.33817   43.288822  24.334166  29.19593   33.06116
  41.978703  34.315403  36.10039   30.21849   30.866518  41.424976
  47.152363  30.29026   29.42324   35.695496  29.528784  34.456406
  29.538609  31.020197  25.297218  40.229675  45.638966  48.34402
  40.31773   31.613552  32.28543   33.280624  35.97783   44.09744
  32.332565  35.82169   41.164192  49.22344   35.776123  45.119205
  33.861607  24.246178  52.512516  38.190704  37.600872  31.133692
  32.884193  49.719765  38.22281   40.86815   40.998596  42.047165
  34.29526   28.288658  33.971317  36.34424   36.821392  37.90231
  34.52142   34.045082  37.963234  35.920616  37.915012  49.181286
  43.85148   38.664764  39.548237  37.004513  40.81785   38.486324
  34.102     36.191204  33.176006  45.943504  38.784786  32.524097
  40.727905  31.45222   27.029509  41.79107   40.785877  31.96576
  41.789146  37.805862  44.715153  35.550808  32.259197  37.14687
  34.880383  43.95476   32.00583   36.475903  44.923405  34.68799
  33.083588  34.22332   44.25081   37.1541    38.454216  34.692207
  34.056313  36.137024  31.93822   36.6878    31.585989  39.72348
  35.578587  33.92276   32.744392  32.570103  45.697628  36.50415
  40.43123   43.028187  32.74094   32.62573   39.44893   30.25878
  35.93509   42.23745   33.447506  36.20281   46.90242   35.94973
  38.09563   33.53993   38.132145  40.36887   39.89675   42.74945
  39.956127  37.9626    37.54374   53.99752   47.21394   36.235844
  37.077534  47.036423  33.243404  33.862476 289.14987   45.415714
  35.10772   46.014515  39.406204  32.40131   30.092018  28.666176
  33.949112  44.270256  32.24691   44.921284  53.644287  37.403908
  34.111404  42.438595  37.186577  45.510246  32.160767  35.71375
  48.73198   37.660816  31.744253  46.40201   33.954838  41.558605
  38.855446  33.581947  24.849262  38.513897  33.212814  39.523968
  37.525257  28.434801  32.3586    29.295946  40.685913  35.416298
  26.65795   36.86974   45.401176  33.98017   44.464584  32.84188
  36.25481   36.6947    31.325262  26.96118   36.6657    39.902348
  37.463566  36.43163   60.05071   46.696083  32.46059   42.97464
  44.476677  30.122883  34.41104   48.725086  40.066547  40.730606
  33.641464  45.053947  42.295498  32.584976  43.06865   40.92347
  38.800728  39.177273  31.196692  37.094383  39.108673  30.313107
  45.012264  31.576826  30.70738   34.784313  37.761894  30.73021
  36.973156  34.386677  41.48393   31.737043  41.673138  39.93947
  34.72202   26.610233  41.40053   37.096817  32.528114  27.47212
  47.8226    36.678833  29.114204  38.901405  34.391266  31.974329
  34.550423  34.93349   38.89874   35.00713   41.398556  42.01108
  36.957687  40.867172  35.227997  28.596663  43.612137  38.260643
  39.04961   35.006096  56.277725  34.029884  41.434933  47.802338
  34.35078   41.29669   41.71842   37.727432  48.670914  32.47261
  33.33752   40.874588  28.923315  49.81441   34.57004   35.27133
  44.978046  33.537178  33.067245  34.734856  36.02157   38.3834
  28.21488   31.679403  32.685436  37.138577  34.591366  39.21453
  32.448677  32.578625  27.557888  31.765205  43.173893  36.394325
  34.139675  44.532837  37.36256   29.46246   38.192905  35.09195
  32.46568   40.28707   34.170555  32.434246  28.829315  39.40751
  30.246317  38.2701    31.05923   51.754234  38.401146  32.53451 ]",0.498936170212766,0.4800352811813354
5,39,1833,"[[-0.47445768 -0.7532796   0.26738143 ...  0.7772714  -0.53439385
   0.4463467 ]
 [-0.24309675 -0.47682446  0.8254258  ...  1.908419   -0.8295555
  -0.5645553 ]
 [ 0.17535265  1.0517625  -0.4647325  ... -0.86075974  0.3146847
  -0.5257562 ]
 ...
 [ 1.4280074   1.9913012   1.231943   ...  0.3994048  -0.44143552
  -0.1704468 ]
 [ 0.19647202  0.6287499   0.85900736 ... -1.2648664   0.18648049
   0.5444764 ]
 [-0.05515797  1.5248728  -0.3200446  ... -0.40279257 -0.65900886
   0.3622738 ]]","[ 38.312656  38.59142   32.73765   33.077877  28.349356  34.750668
  34.228546  46.495663  35.317314  36.750843  28.160213  31.313414
  31.466728  31.059185  34.32008   35.107143  26.011791  33.28777
  28.68924   26.944689  26.53163   30.51309   39.002457  28.533754
  32.45996   38.05441   36.5996    34.87493   27.90523   37.45297
  32.276764  34.51486   36.49854   26.822039  35.537544  26.548649
  29.441256  31.49744   37.28753   32.094406  40.497177  39.75944
  27.754004  30.190264  34.438087  32.700974  44.366573  28.680777
  41.593117  31.982607  29.516163  34.09703   36.88003   40.492996
  29.640959  35.738396  28.755774  43.32664   27.461037  31.646317
  37.221825  25.92728   38.265568  38.517494  28.550043  32.09914
  34.57041   33.117786  31.79236   37.379654  29.839287  34.940273
  24.949972  27.72823   31.916044  29.558176  31.505322  31.767965
  37.144684  37.952778  27.667662  32.757687  31.592108  35.250816
  37.492744  25.020218  38.170433  26.710033  33.928486  27.335306
  26.681198  35.553505  28.585028  39.550243  33.095257  41.425304
  30.9345    31.522154  33.943695  33.536884  35.127888  33.085846
  42.802094  31.764187  32.88757   38.564846  42.406708  36.789257
  28.719938  26.843596  31.224943  35.06473   40.403408  31.790846
  36.34259   27.493914  42.978508  23.195244  26.952335  44.922894
  27.040188  41.69129   27.36875   31.469275  37.737236  29.836325
  23.306608  42.64446   29.0476    29.055746  39.15323   37.680077
  32.76049   30.294706  35.636814  27.673233  31.009718  34.669292
  42.265137  32.914566  27.38115   30.33946   27.013794  41.976196
  30.845444  35.251556  25.368942  33.4216    37.581272  30.896538
  35.028206  25.366972  39.06487   33.350212  24.347239  28.98408
  30.103151  31.625944  34.960926  42.643517  34.80804   36.92294
  43.59538   35.98684   29.762009  38.921974  32.57709   33.95302
  32.62905   24.077608  31.471395  27.301485  33.40398   41.501198
  37.340744  36.978443  30.403244  29.560051  40.09332   38.281006
  30.546951  28.132998  28.95618   32.752563  29.72229   26.154737
  33.665802  44.142292  39.472046  27.56541   34.528816  32.76974
  28.848112  36.15547   25.364027  26.287605  38.861115  29.333965
  28.009176  38.5734    33.27434   38.387394  38.635384  35.997517
  25.761852  34.754547  30.160107  30.49672   33.534973  33.498474
  26.378752  37.33829   35.200436  25.916475  34.39726   30.798853
  26.705166  29.641514  32.206505  30.546537  32.310047  29.954107
  39.927467  30.110914  35.24205   36.954838  40.27652   44.08536
  39.63542   31.6923    39.846035  33.61915   33.328777  37.143593
  31.940653  27.660233  32.259617  28.164312  33.414387  33.428272
  31.472792  31.27626   32.55098   32.12996   35.839493  35.73747
  35.395355  29.265139  36.161446  32.005966  31.213867  34.47998
  33.656025  32.597458  31.291073  37.223045  27.911295  31.767117
  29.477678  38.15746   36.930016  26.156229  29.914654  37.02106
  31.839556  28.156528  38.119118  24.109137  32.194855  33.677853
  37.91009   41.856773  27.909157  40.20757   27.329557  34.448402
  30.327032  27.674238  33.681564  32.608162  40.529926  42.49947
  27.445084  30.417328  53.821552  32.24733   33.222717  29.457552
  28.556234  30.808115  38.58179   33.970936  36.547012  29.536201
  32.199265  35.38932   33.252018  32.391575  28.339764  31.740416
  27.7353    32.51594   33.826668  30.059418  26.91171   38.003063
  29.284233  29.537527  36.14983   29.79117   42.072433  31.166994
  40.52097   34.844666  41.171482  32.479527  33.58955   37.915455
  41.556057  33.677143  31.722704  39.278076  32.361946  30.461714
  30.608051  26.234602  34.149654  34.919277  34.032722  37.6312
  39.46938   33.74635   31.331133  40.67071   31.807743  33.351776
  55.15477   28.998224  33.27767   30.650156  30.850117  33.971188
  29.95753   33.7981    42.846397  32.43919   31.247152  36.632645
  32.837513  33.46788   33.091732  34.91605   29.04568   28.205498
  39.536083  34.54296   33.775036  28.7547    38.396496  37.79283
  30.470613  53.473953  37.0061    28.129873  37.672424  29.860723
  27.371267  44.749134  29.326963  29.904072  43.227818  31.24456
  37.910572  30.639185  26.979462  32.335438  29.888308  34.026913
  38.3446    41.23799   29.352001  26.80495   30.378141  28.417822
  34.17618   30.058062  40.31139   37.700386  35.642895  38.6308
  39.337444  29.899878  34.367455  38.83778   31.902979  31.361828
  25.790297  39.131462  26.502655  25.796711  32.505814  35.041843
  37.1727    34.09705   28.321499  42.892857  30.075035  37.51915
  31.17044   26.99616   33.12326   32.964996  30.943762  35.69168
  43.878216  33.904526  38.11607   33.0571    22.409939  31.265257
  27.715614  33.42648   34.023415  38.37566   38.474327  34.187218
  26.445354  36.973095  29.480198  39.239513  33.268555  33.886192
  34.354214  23.443651  27.032104  34.980743  28.36919   31.589634
  39.163967  30.572823  36.09768   35.635403  35.213524  36.17872
  27.722788  30.143297  38.741215  37.222496  30.323246  37.592644
  26.845224  27.267551  42.727528  36.58508   37.95639   41.063293
  35.050335  44.74839   33.85172   32.312557  37.277504  32.22716
  35.511032  34.175213  24.76325   32.43414   42.775356  28.19546
  26.897415  34.49306   39.554817  21.677242  26.62473   29.21334
  37.957638  29.280493  31.71191   28.615913  28.639204  37.471817
  41.842102  28.148476  28.290668  32.36884   23.292927  33.88276
  25.553257  30.33562   22.70811   35.502575  44.38874   45.35171
  38.183582  30.110516  28.897038  32.07442   31.963236  38.33999
  28.960136  33.15582   33.8488    45.229733  37.753212  42.619892
  32.160732  21.645254  45.429432  33.648296  31.406092  26.723696
  30.54541   42.93271   33.583843  34.5283    34.597122  39.753944
  30.159956  25.303663  30.877611  33.632683  33.778336  34.990032
  31.481144  32.047806  36.491543  32.521835  34.133007  41.06332
  39.672676  33.322865  36.55952   34.82527   35.432533  35.678493
  32.369076  32.250412  30.356884  39.93665   33.024002  29.590458
  35.40159   29.938911  26.123087  38.960682  38.777496  29.162899
  35.811386  31.852697  41.492756  30.6416    29.13645   34.35159
  33.819595  38.47087   27.725374  32.598568  35.130215  33.43564
  27.906414  31.512676  39.569515  34.35115   35.00828   31.764977
  33.206436  32.81655   32.081696  31.668568  30.636993  37.64726
  32.121384  30.761505  30.517195  27.92964   41.4755    32.162354
  35.175495  36.705254  28.460033  31.406391  35.137337  27.441423
  32.777355  35.324093  29.022877  31.888813  44.311317  32.027687
  32.906776  30.699316  32.988766  36.91488   34.238716  36.0863
  34.401     36.44893   32.751312  47.2069    44.53844   34.52508
  35.191505  38.73156   28.025011  29.713173 284.31607   40.70702
  32.81435   39.188526  34.48311   28.715693  26.867956  26.405458
  29.152737  40.659138  30.723541  40.673336  45.826817  33.710274
  29.15654   38.618828  31.618343  38.787457  30.997475  32.574368
  37.85795   32.431484  26.178043  41.06804   30.011644  36.58244
  38.48633   29.72967   23.777475  34.171337  29.114487  36.24315
  33.36032   26.678823  29.091412  27.278072  37.33863   33.065086
  24.03609   30.264013  38.904987  31.516382  39.12596   31.013474
  32.792374  34.380238  26.397198  24.892044  35.152454  36.851738
  34.436363  31.577148  52.288166  45.268467  29.584883  38.214188
  40.50238   26.38245   31.64349   42.50868   37.628876  36.184097
  30.52099   37.162678  39.464245  29.041613  35.306274  38.235363
  36.353127  36.78502   28.409315  32.972466  32.65238   25.6343
  42.32666   30.817793  27.832493  31.442137  35.058247  28.564064
  34.754257  30.645239  35.205086  28.056997  39.420887  36.009293
  29.86794   22.323847  34.522873  35.882805  29.070507  24.747036
  41.650093  32.864563  27.189404  33.307438  30.298874  28.966755
  31.532825  28.775543  36.016037  31.48557   37.462242  35.258354
  34.73271   36.048332  33.06461   26.71317   38.591408  33.937267
  32.338566  31.545952  47.643982  31.005785  37.380844  38.97765
  33.690277  35.757053  37.1869    32.68815   42.751457  26.893164
  30.355051  38.79352   26.725414  42.48676   33.372555  33.163296
  41.285236  30.966997  29.654459  31.120405  34.45955   35.58745
  25.182785  30.748001  30.884695  31.07346   30.409803  34.80013
  29.09042   28.421038  27.481972  30.001284  37.157497  34.95831
  30.783327  37.9306    31.788877  25.774519  36.560783  31.484976
  29.692602  35.664467  32.673992  32.892136  23.562923  35.104824
  28.237875  34.86005   28.152548  46.63162   34.17648   30.117928]",0.5595744680851064,0.5300278474887212
6,39,1833,"[[ 0.6606899   0.34953     0.4056684  ... -0.5470096  -0.23031363
   0.14990266]
 [ 0.44843     0.30954853  0.8322205  ... -0.3381139  -0.0942636
   0.48328164]
 [ 0.5658476  -0.2401722   0.22139964 ... -0.03595986 -0.18878765
   0.45335025]
 ...
 [ 0.5595655  -0.27773306  0.5077543  ...  0.278858   -0.26235464
   0.04845316]
 [-0.03093599 -0.99378675  0.0146358  ...  0.3993684  -0.06770302
   0.5760324 ]
 [-0.5296212   0.18904193  0.50519204 ... -0.36594543  0.15443143
   0.16201957]]","[ 37.26227   33.873547  29.660353  29.838516  26.107481  31.22054
  33.778076  42.06154   33.44282   32.13223   27.14802   27.127817
  29.340042  28.308075  34.012466  31.379772  22.000744  31.529232
  28.718348  24.83166   24.8243    28.37548   37.469177  28.888504
  30.402079  32.573772  34.00362   31.586565  25.23939   33.706192
  27.238586  32.776844  35.751328  23.682405  34.69688   25.115093
  28.05382   30.81719   34.874996  30.723465  37.96468   34.83805
  25.140682  26.712687  32.659595  32.53338   41.400734  25.682314
  40.33659   30.922466  27.035635  33.21361   32.30953   35.17621
  28.693209  33.235508  27.04555   37.42248   25.454906  28.422056
  34.274277  23.785442  34.82201   34.958904  27.348015  28.948622
  32.74469   31.81691   29.4439    36.22993   28.322155  34.181812
  24.594006  23.41612   28.53232   29.276672  29.739742  29.25937
  35.262093  35.462105  26.012524  29.269796  29.93939   32.04177
  34.009865  22.856318  33.784863  23.502373  28.982817  26.930042
  25.55615   35.13228   24.246101  36.92057   31.194519  38.34719
  31.120827  31.010887  29.031708  29.568796  31.834011  31.653809
  38.846012  30.274899  29.897333  34.42238   39.111507  34.281765
  27.169903  25.829853  28.770863  30.333838  40.414265  28.97151
  32.65928   27.457975  38.767693  16.412249  24.875523  40.493362
  24.774164  38.091     24.339256  29.33618   35.60855   27.812231
  22.67221   42.78193   24.523733  27.22264   35.42006   36.82199
  28.66144   29.057356  32.13047   25.296968  29.100948  35.397755
  38.14399   27.922016  24.045364  27.529175  24.541374  40.052296
  27.12799   31.332134  25.61358   31.217869  37.131207  30.720985
  33.291363  24.636019  35.032894  29.162159  23.044456  26.984863
  26.566788  28.621002  34.001144  41.492813  31.233536  32.54031
  41.432003  32.34139   24.746431  33.61144   29.864187  29.483173
  31.778608  24.298628  27.289228  25.602566  30.075209  40.30015
  34.653378  31.995682  27.475765  27.78057   35.728737  34.775166
  26.740107  28.728788  25.573954  28.806355  29.087793  22.178823
  31.295017  39.512115  35.487152  25.47199   30.03022   30.617369
  26.650194  34.497505  25.549301  26.82613   36.204662  28.46151
  27.54534   37.01798   32.649372  35.619522  35.82104   33.996662
  23.947195  31.410957  25.83227   27.514063  29.84598   31.139372
  24.121702  34.01522   30.312986  24.34837   30.156416  29.211285
  25.432095  27.63153   28.231686  29.710993  29.095411  27.099234
  34.643997  27.540821  32.339672  35.21308   37.74776   41.924103
  32.766483  32.239223  37.225803  30.043102  28.22357   34.831436
  30.54978   27.052492  30.875479  26.16295   29.16296   32.010025
  29.299698  28.722748  29.54951   29.20554   32.04594   32.3843
  32.862343  28.767815  32.568703  29.096935  28.08799   32.206474
  29.461826  31.342745  26.814562  28.59354   26.2352    27.016893
  26.43916   34.78576   32.112404  26.169209  24.326406  34.58479
  31.492891  26.795454  33.601532  24.093187  26.69674   32.451912
  34.547867  35.33523   28.419706  35.245914  25.1461    31.034584
  27.979588  25.0091    31.495005  31.864351  38.49053   39.71804
  25.994265  29.81101   50.47616   28.81046   28.446123  26.17681
  24.938787  30.744087  32.990078  32.18072   34.06438   26.798346
  27.960007  34.55002   30.703632  29.585201  27.772654  28.039846
  24.154318  33.36812   30.354422  28.32302   25.371328  33.949497
  26.19848   27.979464  31.363897  28.654837  36.37734   29.074713
  37.729668  32.534588  40.658478  31.088526  31.056278  36.099777
  35.95093   32.930122  28.80237   37.6024    29.668736  28.585161
  28.223799  24.829407  30.842783  30.93555   34.3024    36.39303
  35.742527  35.23792   30.107334  38.22268   28.417044  28.86219
  46.03037   25.526424  32.030025  27.486708  28.122974  28.21487
  24.18207   29.9498    34.752995  29.486685  28.036371  33.516327
  29.377138  31.065145  28.69506   34.397858  25.274883  25.94145
  36.183796  32.31894   30.13488   28.148335  36.429867  36.311115
  28.009855  46.94778   31.6526    26.151436  35.603046  25.272429
  25.862701  39.436905  27.367348  29.069561  39.290306  27.383076
  36.34428   29.474699  23.39004   28.563358  27.597168  33.5263
  34.02965   40.96667   28.462934  22.641031  27.4849    26.810316
  30.21102   25.087261  38.35117   33.623672  37.642807  33.999496
  34.888664  28.056002  31.06722   36.21474   27.808994  30.93031
  25.912767  33.989834  25.717478  26.303564  29.532492  33.470314
  33.397335  30.84865   26.179329  40.847195  28.991724  33.857048
  28.97223   25.829008  27.070986  30.291504  30.493965  36.04294
  45.765877  31.596376  36.889023  30.773275  22.792336  29.339317
  26.042273  30.8963    33.05604   34.23525   34.253334  35.30585
  26.32733   34.17139   27.523129  37.589363  28.566893  31.45909
  30.722853  21.317078  24.208885  33.12429   26.459726  29.34079
  38.924274  29.04959   30.402084  34.82103   32.310947  33.936386
  28.100159  28.346424  35.03447   35.528275  29.139257  34.1188
  24.737911  26.299047  40.15784   34.339     36.83537   37.6761
  32.606167  42.504982  33.31618   28.780737  35.711143  30.325554
  34.375996  30.199665  22.308449  29.84943   40.474377  25.800102
  25.420864  29.543516  34.592213  19.30155   24.848595  27.982765
  32.742687  27.190498  28.32207   25.838837  26.202456  31.539448
  38.231262  25.494251  26.217157  31.109152  20.277008  31.652775
  23.771372  28.81186   20.447908  32.42248   36.58795   37.363358
  33.521484  27.175095  26.13212   29.47042   30.355446  34.5728
  26.977222  32.55225   32.874928  40.236378  34.340042  35.415882
  29.823105  20.260595  42.417446  31.296164  29.661945  26.342758
  29.53283   41.680557  30.761381  31.22561   34.166927  35.85835
  27.768711  23.39357   28.10704   29.903437  29.720488  29.305395
  28.948854  28.466131  32.371822  29.808899  29.712849  39.972435
  37.73393   32.706417  35.02994   32.159134  34.087738  32.0725
  29.683426  29.714264  27.231358  34.437458  32.738075  23.772182
  31.95409   27.668972  26.623838  36.929123  33.812576  29.140451
  31.856611  30.002449  36.10115   27.066021  26.673311  32.48447
  29.704737  36.09281   25.75839   29.860367  33.48232   28.673395
  28.600088  28.860125  39.09274   31.59591   31.827164  28.659035
  30.854452  32.61264   29.993366  30.279026  25.913961  36.168293
  28.439812  25.986881  26.380001  26.810865  40.644028  31.873611
  30.662777  28.19722   26.268412  30.262503  33.400726  25.375292
  30.073881  31.678326  28.513311  30.704008  41.264374  31.726294
  33.861816  28.53207   30.981089  35.780525  32.483345  36.145195
  32.481995  30.9755    33.326366  39.872047  40.686405  30.809227
  32.848503  35.59439   26.916227  26.380758 265.76343   35.45037
  30.627056  38.32544   32.053043  25.85288   26.628746  24.04214
  25.997818  36.031574  28.143295  37.608955  42.77047   34.032555
  28.196955  36.659275  30.72948   33.550797  27.788267  32.309723
  31.770002  26.121246  27.092087  36.93773   28.375994  34.300056
  34.515957  29.586908  21.70223   30.833618  26.379105  33.689598
  31.398256  24.982895  27.889307  25.824244  32.550606  28.817812
  22.024004  28.463625  33.390747  27.903748  36.196125  28.588108
  31.427519  29.870232  21.6268    23.343634  33.431107  35.93301
  31.14939   34.049168  43.960987  42.52543   25.828476  36.62497
  37.132084  26.636042  29.218987  38.04004   35.912876  34.15039
  28.353785  34.47319   34.01914   27.94144   32.93045   33.648567
  33.232597  33.867966  26.526142  30.72736   32.923912  26.07245
  37.29135   29.16179   26.605331  31.18589   32.91307   26.29698
  32.198944  27.557043  33.670963  28.170254  35.28457   32.236187
  26.042765  21.753403  32.84375   31.180883  27.550085  23.28287
  37.609787  32.251278  27.149265  29.516115  26.982628  27.911676
  30.194702  25.668535  33.04905   27.757643  35.98072   32.12287
  30.980297  32.10853   30.05454   24.41256   36.85501   33.809765
  32.053883  27.790056  39.571255  29.662268  30.703459  36.618504
  29.887653  34.07136   33.5657    30.980415  37.401917  27.585323
  29.167269  34.323685  25.965574  39.078045  31.678665  27.813835
  40.39346   27.11554   30.296278  30.688105  30.94253   33.798046
  24.528309  28.013464  28.103237  30.830252  28.14977   31.285484
  26.40208   26.09172   25.755371  27.124449  34.68121   30.776243
  27.789268  36.27349   28.170208  25.078625  34.386963  27.945204
  28.040913  31.333181  30.807667  27.858395  19.487865  33.022736
  27.25897   30.773273  27.12408   43.034084  30.76034   28.15547 ]",0.6170212765957447,0.5671854376792907
7,39,1833,"[[ 0.2144267  -0.55431086 -0.04452384 ... -0.17359626 -0.15627028
   0.07891566]
 [ 0.10490265  0.09937479  0.19984598 ... -0.897967   -0.22952479
   0.3145119 ]
 [ 0.18671086  0.08648472  0.16718131 ...  0.53656596  0.11519513
  -0.26163837]
 ...
 [ 0.04689245 -0.2478875   0.2828403  ... -0.5215149  -0.49455282
   0.16349143]
 [ 0.23730697 -0.21053848 -0.3754664  ... -0.06370605 -0.21447957
   0.35360503]
 [-0.03034803  0.09459705 -0.09278399 ...  0.36672997 -0.36250243
   0.3075027 ]]","[ 33.514057  26.924635  26.70939   29.364912  24.280441  30.461544
  29.89266   40.28507   30.089897  28.428804  24.574842  26.49064
  28.855318  26.667896  29.665104  28.404148  16.115389  27.799595
  24.912857  23.596895  21.28421   27.39536   31.967415  23.938013
  26.344482  30.945745  29.857504  30.817505  25.01827   30.61749
  23.288034  28.096567  32.56825   21.763357  30.38253   23.737495
  27.018969  27.182812  31.221127  27.138536  35.939957  31.36238
  23.049376  24.089533  29.707735  29.000748  36.286545  24.663774
  36.90202   26.326517  25.027334  29.646519  28.916563  34.01973
  28.068611  29.30983   25.140009  34.260475  22.458055  25.369392
  32.89905   22.796719  31.919746  29.576712  25.748476  29.349335
  28.429964  29.513731  27.371702  33.064632  23.792063  32.813507
  22.886454  21.235046  26.214973  26.73934   25.613003  24.660461
  32.88128   33.75314   23.936     26.24657   25.103151  27.632444
  30.561283  21.523283  30.925694  22.313051  26.841059  24.770931
  23.328667  32.287766  24.492903  32.50944   27.986195  32.800526
  29.18756   26.760319  27.585123  27.588444  29.851618  28.524502
  34.736618  27.271805  29.103745  31.480715  37.751926  28.300932
  24.754154  23.244871  27.550848  27.801989  34.633694  26.84116
  28.865965  24.447763  39.26676   11.788109  24.613562  38.7544
  23.792397  33.054573  22.74191   23.577978  32.03596   25.522268
  21.759264  38.98221   20.156258  26.087729  32.015255  33.653244
  27.684351  26.761932  28.393116  24.255383  26.212399  32.625732
  32.65176   25.575964  23.748764  25.306458  21.606464  33.582256
  25.199749  29.492271  23.177423  29.311401  33.438183  28.011164
  31.092064  20.817879  32.973785  26.73179   21.762196  25.169136
  24.234632  25.656952  30.45573   36.08269   28.42554   32.41856
  35.30402   28.815456  22.392536  29.645514  25.690338  24.74468
  30.337608  21.682957  26.186674  22.31698   27.031492  35.086838
  30.107496  30.824076  24.355484  27.600498  32.710464  32.50851
  24.382662  25.90695   24.215307  25.736448  25.736694  19.231018
  30.738455  35.803913  35.104477  23.592827  28.402954  28.366268
  24.662077  30.522535  21.473612  23.570995  33.027874  25.581398
  27.835741  34.667152  30.437618  32.20867   32.370407  33.31719
  22.151127  27.444971  25.252342  25.013798  29.193092  28.701674
  23.545874  30.549406  27.920816  22.606054  28.422285  25.05654
  21.91445   24.497746  26.010551  29.57324   26.534506  24.280293
  30.70144   26.588987  31.0962    31.175352  33.31606   38.646797
  32.695305  26.751944  34.724777  29.207682  24.03693   33.339382
  27.861485  24.914026  29.610476  22.951664  27.501417  29.218016
  25.159006  25.168186  26.24151   26.889223  30.186058  27.873257
  31.695631  26.734613  31.092669  25.909273  26.987799  26.582912
  27.914553  28.563887  24.687498  20.448166  24.198042  25.241198
  24.662249  33.54372   29.733034  24.074022  18.622187  30.49355
  27.165577  25.112694  29.350178  23.37242   25.836475  29.107632
  30.905167  31.583513  25.71056   29.955246  24.91077   28.393396
  25.725937  22.562006  28.265507  29.933502  32.978096  36.367893
  23.084124  25.80122   45.57344   26.35468   26.982918  24.701576
  22.415606  26.970503  31.483599  29.158258  32.23793   24.517204
  26.713806  30.788115  27.358768  28.493362  26.222229  26.03723
  23.488266  28.660109  26.898504  27.757706  23.471354  30.451548
  25.037037  26.02258   31.633715  23.527512  34.40235   24.735529
  34.149857  28.879335  36.373383  27.13124   26.73798   33.02635
  32.14234   29.836887  25.751518  35.166695  29.818989  25.925522
  25.342287  22.904581  26.66719   28.509836  31.07515   35.707317
  32.743393  29.70439   27.355003  35.387154  26.02191   26.850906
  37.010334  24.391554  27.829182  23.09278   26.131536  18.128912
  23.644022  28.117264  27.833277  29.233158  26.198391  29.413025
  27.738598  26.128511  23.387394  30.834446  24.10624   23.49428
  31.773676  30.521477  29.097334  26.058184  31.84521   29.556404
  24.766048  43.26305   29.633198  25.753313  33.065155  25.148666
  23.695147  37.62355   25.030567  26.24151   36.86204   24.218052
  31.213293  29.112436  22.025     25.350039  24.293062  30.367443
  32.081028  39.91437   24.970785  22.839226  23.984932  24.34649
  27.712019  19.695587  35.147957  33.285793  31.988758  30.4032
  30.755838  24.141884  28.636177  32.371525  25.928568  29.508759
  23.194403  29.364853  24.665976  24.55499   28.816353  30.887293
  31.322227  30.061365  23.526106  35.92093   26.870615  30.679962
  27.976845  23.471193  25.294327  28.846024  27.41762   33.464115
  41.893677  28.722784  31.785637  28.183832  19.95169   26.07054
  23.513912  26.334105  28.257776  31.03367   32.4368    30.675716
  23.596806  30.117462  21.075134  38.009224  27.206995  28.006203
  29.134356  17.996275  23.529493  31.442556  23.69017   27.95015
  34.12591   24.786388  30.340992  29.957418  30.519749  32.241756
  26.01066   25.268612  30.91375   32.547306  25.769386  32.464867
  24.38067   23.894342  35.33586   30.598392  31.16122   33.046688
  30.749182  41.051743  30.09934   28.575693  32.652107  28.856909
  31.870035  27.673923  19.475073  27.293102  34.690884  24.787537
  23.193195  27.766665  33.176414  17.976511  23.705189  26.252954
  27.633917  24.73698   26.891203  25.152596  26.28258   30.658484
  35.21047   24.656178  22.81452   29.82988   15.323789  27.882141
  21.880129  26.036726  19.234795  26.357336  34.499844  32.128204
  30.441446  23.005123  23.299913  25.465704  29.24743   30.88288
  25.37941   29.217329  29.631031  40.120613  30.209127  32.218555
  26.42991   18.364138  37.520878  27.999975  27.098186  25.332462
  26.426147  40.534336  28.752527  28.489529  30.74542   31.050718
  26.094511  22.70221   26.368822  29.016169  26.986774  27.27223
  25.141693  28.26076   29.822153  28.921116  26.34479   34.01791
  36.024918  31.178175  34.009956  29.34705   29.474127  29.135267
  28.270914  27.874788  27.413836  31.263968  28.361797  22.013336
  29.843971  26.06824   24.54945   36.58812   31.312696  26.749077
  29.158016  27.167076  34.35688   25.256382  24.331072  28.489672
  29.293346  30.122135  23.482412  26.617897  32.05791   27.450256
  25.24572   27.16092   34.77537   29.5746    28.097597  26.722727
  27.934618  27.814135  27.330383  28.237818  22.178894  31.680399
  24.713762  24.161469  26.050856  24.689571  33.390636  28.381802
  29.01659   21.108253  25.125313  26.137754  30.659416  23.217405
  28.5195    30.092113  24.091532  28.034235  36.73001   27.673216
  29.05089   27.364738  29.191088  31.416527  28.28261   30.074135
  28.770742  28.649237  28.356123  33.880337  36.749214  29.560358
  29.470879  31.14964   27.5136    23.432177 255.23619   30.508036
  28.99175   34.381496  29.633156  22.813921  22.491282  22.770458
  22.69276   30.83495   27.101439  35.82594   36.497643  32.709373
  26.541954  32.357365  27.705267  30.69528   26.69581   25.587137
  25.205856  19.594103  24.176296  31.546694  24.992205  30.307043
  31.280067  26.686686  19.702099  28.217766  25.619987  32.608387
  28.851082  22.59074   24.682047  22.610619  29.999445  26.904247
  19.620832  27.03573   30.945166  22.785416  31.721342  26.129824
  28.26259   29.819002  17.81796   23.379822  30.147215  33.60735
  28.817766  30.244595  37.114853  39.28757   24.73637   32.984528
  30.400347  26.189997  27.150457  35.929707  32.677845  30.425566
  24.646324  30.672968  29.373728  26.208908  29.186234  29.936274
  28.919846  30.405901  23.674818  29.345156  30.411755  24.792717
  32.109932  25.103111  25.169357  28.869394  31.992174  25.55933
  28.410395  25.112206  32.059063  25.27257   30.787407  27.509787
  23.379154  20.916796  29.992853  26.299051  24.126497  23.951387
  32.993385  28.985882  25.130943  28.437458  27.184818  25.900248
  29.722427  25.419863  30.628267  26.592924  32.060795  29.471823
  27.96689   30.592705  25.15704   22.558983  34.5949    31.217968
  29.765743  24.85438   28.22868   27.523066  30.282515  34.37023
  29.888653  29.343014  29.241816  26.359816  35.34212   25.018013
  24.806095  33.172287  22.297089  39.093807  27.623144  25.914454
  40.203423  25.744549  27.72314   27.41389   27.144539  29.742495
  22.784128  23.756777  25.794737  27.942266  25.403183  27.324633
  24.739386  24.777163  21.41375   26.26367   29.586916  24.831686
  26.482698  33.056805  24.85285   22.99161   31.691076  24.031849
  26.130398  28.750597  25.947485  26.237741  14.540013  31.028868
  25.230467  29.01839   25.545553  37.752716  28.194578  24.444098]",0.6505319148936171,0.6003203690052032
8,39,1833,"[[ 0.7222658   0.09314858 -0.05194267 ...  0.19831395  0.1303162
   0.08917942]
 [ 0.14648493  0.45139578 -0.29012004 ...  0.2915785  -0.12849165
   0.17269814]
 [-0.07426744  0.25686795  0.2948537  ...  0.55420595 -0.20465344
  -0.21571212]
 ...
 [-0.01494332 -0.1571138  -0.06847384 ...  0.5781546  -0.06019676
   0.3021778 ]
 [-0.12694415 -0.09397989 -0.22289434 ... -0.09366731  0.65538895
   0.13874552]
 [-0.06549232  0.3704896   0.18131457 ...  0.5711012   0.10129703
   0.80681694]]","[ 25.502352  21.044806  19.610834  23.370617  19.765709  21.585928
  22.92915   32.1836    22.568848  23.451063  20.17583   20.489763
  22.672443  21.472317  25.692257  21.323122  12.179756  23.805069
  20.939913  20.606932  18.701572  20.71372   26.325756  20.422289
  21.427122  23.04175   24.03152   24.575531  19.40884   23.580797
  15.262035  22.318354  25.795279  17.901388  23.481344  18.325634
  20.753082  21.764795  25.664637  21.56572   27.114859  24.65218
  19.257412  18.956844  22.511593  22.849264  27.684546  19.809055
  27.069895  21.402945  20.013645  23.907915  22.110441  23.117918
  19.036915  23.687586  21.129112  25.527864  18.98597   20.872156
  23.800125  19.29625   24.398996  24.227827  21.163012  20.601593
  20.834974  22.731537  22.066     23.343517  19.617487  24.636856
  21.210833  15.573149  19.899185  20.24744   21.834888  20.674952
  23.892149  25.257456  21.606133  19.36232   20.261412  21.823402
  23.022095  17.44845   23.954245  19.37486   22.629473  18.256325
  18.978558  24.66644   19.450432  28.747572  21.386215  25.312654
  21.755789  20.757748  22.478815  22.403847  23.332417  23.305042
  26.149172  22.064255  22.983105  24.972488  28.002544  19.923428
  19.372105  19.536293  21.090372  21.508802  25.389864  21.71013
  22.207373  20.848234  26.54218    9.09783   18.827307  28.525429
  18.606628  26.11036   18.094887  21.0064    24.198168  20.306532
  17.061157  27.801907  15.036533  21.509502  26.063828  24.871742
  24.254856  22.680416  23.592571  20.86128   22.988794  27.864252
  27.892988  21.045038  20.24076   22.793407  18.033415  27.429256
  21.572748  23.57647   18.00762   23.89816   27.244526  23.479242
  23.624071  16.543577  24.431553  21.55499   19.207474  18.661917
  21.574102  20.627928  25.00668   24.66816   22.282972  25.620632
  29.829868  24.143261  17.739904  23.167307  20.393427  17.614775
  22.852642  17.614779  20.478691  18.222416  23.13996   26.385967
  23.902302  22.450037  18.794973  21.743082  27.216461  27.973093
  18.809427  21.543468  18.92371   20.03677   21.307352  14.55244
  23.772652  26.351782  23.79395   20.595818  21.853058  20.416904
  19.134033  25.525606  18.585121  18.263725  24.94051   20.83271
  21.03027   27.93627   22.190813  23.62078   27.041685  25.4124
  18.746014  23.650723  20.986256  21.539616  22.389236  22.072792
  18.55518   23.197004  21.562237  19.947212  22.435678  20.518059
  17.100447  19.391325  23.043983  22.73761   22.747515  19.115604
  22.637032  19.643353  23.629854  25.883627  26.358032  27.37799
  23.699734  21.409657  25.744478  23.238583  20.641298  27.020721
  21.68047   20.843336  20.83405   18.573526  22.113167  24.827208
  22.454546  19.715424  22.375906  20.64476   24.233364  23.772402
  26.438461  21.528597  23.737013  19.902721  22.232649  20.551178
  22.917341  21.432896  19.789839  13.629531  19.748514  19.58701
  19.659801  26.141026  23.385176  20.201477  12.327142  24.696415
  24.473364  21.337969  23.358017  19.167778  22.120878  24.112785
  24.957659  26.55059   21.012545  22.533901  21.768887  23.087954
  20.293682  19.713877  23.8468    23.25257   28.197264  27.275024
  20.6879    19.045723  36.64751   20.473497  22.73356   20.03942
  18.9359    21.582747  24.954664  21.252113  25.881857  20.449255
  21.283258  26.512627  21.654745  21.113224  20.17329   22.753584
  19.323635  22.672812  23.526363  20.921156  18.57018   20.823198
  19.801535  21.283482  25.414236  18.905502  25.23517   19.305147
  26.595078  21.199385  26.32822   21.443184  21.783613  27.612566
  25.18737   22.242414  19.950542  23.433237  23.501642  20.924435
  21.816109  20.173613  20.878756  22.982172  25.426512  28.018692
  25.300331  24.394955  21.673254  27.115177  20.75894   18.678928
  23.531708  21.045378  21.985575  17.998512  21.53995   13.082619
  18.969673  21.559935  18.472511  22.667587  20.949871  23.664433
  21.274555  22.327873  17.050438  25.97207   19.945667  16.71091
  24.501724  24.549055  23.423338  21.19227   26.546556  24.889877
  19.325863  33.374657  25.57655   20.758862  26.066767  19.774551
  20.253653  27.104017  19.610209  21.054544  26.0205    18.739164
  23.761278  23.530704  18.708885  21.22698   19.72414   23.459988
  24.207893  28.807951  20.42179   18.419418  20.34469   19.21492
  22.691402  13.83707   24.909542  26.257864  25.622267  23.883636
  23.583384  19.040749  22.376411  23.657978  20.385296  23.496313
  18.079506  25.317617  19.693611  18.9365    23.861885  24.390396
  24.91355   22.19407   20.332935  29.281132  20.912512  22.803932
  19.978521  19.223267  16.669432  22.179716  20.162941  25.642792
  33.073772  24.313177  27.153383  20.433765  18.100267  22.266565
  19.611366  21.51486   24.04667   25.448252  23.23764   24.538914
  19.472599  22.838242  17.022179  30.953577  21.921345  22.42299
  22.95573   15.186942  19.05591   26.376333  18.89455   20.973475
  25.631048  21.20484   24.471315  26.306316  24.860123  26.403242
  20.830133  20.574923  25.744677  24.464207  22.265753  24.061289
  20.32878   17.091913  28.084581  22.702845  23.943804  28.811426
  25.677156  29.907604  23.912338  23.040518  26.350292  23.56919
  25.850681  22.383013  16.005743  20.58766   26.335655  20.999369
  19.899569  21.710152  25.69592   15.106694  20.569237  22.275639
  20.888428  20.836868  22.019829  20.241032  19.537764  24.211403
  27.6394    20.95998   18.07497   22.516493  11.90981   22.19282
  19.229736  20.579058  17.687635  21.087912  25.734812  23.958866
  24.758757  17.275864  19.10867   20.848925  21.43107   22.323668
  19.968336  21.257437  24.95415   27.12241   21.825342  24.79049
  22.128584  13.441415  27.653305  23.677206  19.422363  20.082205
  20.057995  29.954607  22.142609  21.202662  22.858458  25.406609
  21.17748   18.439333  21.661583  23.853443  22.104712  20.986439
  18.770544  22.270668  22.666351  22.263351  22.515207  25.40468
  26.600971  24.861942  24.073475  22.270184  20.78906   24.71938
  24.157003  22.20096   22.025417  25.791002  23.687191  17.9969
  22.488153  21.317022  19.361877  26.652431  25.328234  20.86219
  24.446213  21.792477  26.857645  20.690283  18.67416   23.062357
  23.821934  26.28737   20.536236  19.710821  24.57018   20.080193
  21.264763  21.601402  26.798103  23.308317  22.950584  22.230587
  21.811398  23.303474  22.909164  24.035608  18.104149  26.61357
  17.031912  18.414711  22.542118  20.07604   27.871511  23.384287
  21.784266  14.070142  21.374987  21.263931  24.054432  19.941067
  22.351158  24.858969  21.238062  23.338018  28.30357   21.332638
  24.8122    22.662447  23.404148  24.044168  23.452158  22.214884
  23.330484  22.823307  22.467062  25.924603  29.397371  23.99536
  24.585363  25.40936   19.644035  18.893787 192.40689   22.737322
  21.877134  24.051071  23.448072  20.085909  18.177586  18.352367
  18.475542  27.372871  22.598042  28.125637  28.847317  25.422894
  23.017767  24.85678   22.480318  24.695572  20.25995   20.315422
  16.822924  15.219457  20.241669  25.927317  20.31045   23.724464
  26.309517  23.903551  16.33048   22.440405  21.21484   26.834259
  21.775286  18.983656  18.53589   18.267176  23.970875  22.826073
  14.669041  20.060707  23.538765  18.758013  26.650896  21.738256
  24.490723  22.903793  13.947539  17.688383  22.504549  28.295942
  23.73937   23.971514  28.906935  28.00118   19.712984  26.81983
  25.002834  20.46749   21.292467  27.296238  24.49942   23.497955
  20.387167  24.566973  25.572826  20.032633  23.71223   24.878147
  22.285683  22.453543  20.746153  23.071007  23.667358  18.460829
  25.366379  21.198328  20.765675  23.482103  23.566977  20.27409
  24.259832  20.3176    22.240324  20.945211  22.897202  21.650576
  18.624006  16.99068   24.559685  20.313847  20.203299  20.299076
  27.307388  22.837925  22.421778  23.093166  23.124718  21.277914
  23.414623  20.899115  23.374142  21.916048  26.05107   24.689009
  21.140324  23.45882   20.840826  17.376118  25.620916  23.567911
  23.275845  20.754904  18.347652  21.02082   25.210379  26.322376
  21.577501  23.144794  23.685135  20.821869  27.41539   20.726885
  21.356236  25.108679  17.019506  29.044271  23.385677  21.570704
  31.199936  19.208527  22.905321  21.76472   21.95089   26.364618
  19.741919  18.877478  21.182636  22.48838   20.367151  23.799776
  18.803474  19.711678  20.220322  21.015362  22.228363  19.627224
  21.118982  25.476337  18.40195   17.765928  25.235882  19.866772
  22.21957   23.500877  21.525126  21.311846  10.386935  23.029856
  20.858007  22.465664  21.391497  28.450169  23.221031  22.087793]",0.7175531914893617,0.6738447964191436
9,39,1833,"[[ 0.77241904  0.09821369  0.29583415 ... -0.02688961  0.08932302
  -0.01165183]
 [ 0.01534388  0.6940788  -0.01046661 ... -0.12075699  0.1520637
  -0.22406578]
 [-0.10141009 -0.02901636  0.67978233 ...  0.02135154 -0.1597967
   0.08652472]
 ...
 [ 0.11119381  0.12369787 -0.12904526 ...  0.58832353  0.02954292
   0.12652212]
 [-0.07457868 -0.01873663 -0.1436986  ...  0.03073842  0.72759026
   0.08407191]
 [ 0.0240388   0.1161764  -0.00354187 ... -0.13652591  0.06679197
   0.60836095]]","[ 17.163229   16.377815   14.392804   16.034714   14.199991   15.720967
  16.378962   21.339003   17.055319   16.069956   13.237224   13.185877
  16.689232   14.68492    19.428257   14.621047    8.204572   15.570834
  15.897124   14.755145   13.211187   15.23222    18.030336   14.134478
  16.111002   16.688639   18.612541   16.652557   13.754841   14.764866
  10.709909   13.686971   18.520573   12.698681   16.49825    14.5371
  15.433209   15.675539   17.03894    13.151781   18.560072   17.3023
  14.289944   13.376215   16.718868   15.7768545  17.761097   16.171885
  21.318241   15.223515   13.396887   16.18076    15.719707   15.520373
  15.51984    18.855743   16.44474    16.810831   14.233004   15.0756645
  17.984333   14.905376   15.937219   15.6643505  14.904511   16.579365
  14.7390175  17.6029     15.063255   14.880239   13.841598   18.174513
  14.914623   11.256318   13.629125   15.235243   17.18138    14.006946
  17.16025    17.05313    15.110078   13.8569765  14.758628   14.952715
  15.497373   12.287484   17.077929   15.21178    15.892824   13.122396
  14.503734   15.828062   15.06833    17.656353   14.929252   17.426182
  16.075178   15.555606   15.752776   15.638818   15.794216   15.083172
  18.300932   15.416395   16.526136   16.915926   18.556408   13.686929
  14.362248   13.08755    14.060076   15.616219   16.572386   13.822713
  15.2960205  15.1998625  19.002247    5.2938714  13.8378105  18.8663
  14.3476925  19.380241   12.717367   14.520475   14.455602   14.789093
  13.081864   20.363438   10.046273   16.55798    17.4224     18.334475
  15.119316   16.378235   16.13477    13.330191   16.268782   17.540117
  18.592348   17.198647   13.686231   15.082583   14.451232   17.728468
  15.310235   14.530476   14.514554   16.76063    18.368282   17.283312
  17.205935   13.810127   16.606203   15.0104885  15.1169405  14.709083
  14.711885   15.933002   16.086206   14.479586   15.281993   17.190742
  19.510693   16.307854   12.2942705  16.666119   14.332355    9.893722
  16.452208   13.526775   15.289934   13.72732    16.712772   17.703606
  16.811726   13.98049    15.348296   15.935733   20.324024   19.216042
  13.878416   14.084431   14.81273    15.2978     13.719571    9.253135
  15.818591   18.300335   16.818853   15.240718   15.588559   15.313505
  13.33585    16.533949   14.310403   14.335959   17.791374   16.175915
  13.914601   18.845125   16.221992   15.577686   17.908154   17.384943
  13.178749   17.661205   15.038204   15.488079   15.418769   15.469086
  13.38213    16.838053   14.725511   14.772378   13.941825   15.297899
  12.65571    14.314087   15.497127   16.42491    16.557858   13.529462
  14.876333   14.229888   17.611368   17.89411    18.341894   19.135368
  17.367304   16.045109   16.707785   17.455435   14.577884   15.716281
  16.02297    14.083593   15.76822    13.889236   13.643988   17.524044
  16.22446    15.948813   15.167365   15.048844   16.37269    16.68755
  16.890562   15.054823   15.709783   14.369773   16.929352   16.268286
  15.767902   15.404348   15.178461    7.183349   13.034566   14.77645
  13.06001    19.429468   17.11367    14.401457    8.089512   15.996201
  16.153759   15.362092   17.011826   14.119406   15.760682   17.191029
  17.727335   19.301847   14.480355   13.793881   16.705395   16.236738
  14.103719   14.507404   16.9987     15.235367   16.576874   16.884815
  14.2547     14.044518   22.198967   13.336298   16.199047   15.66319
  14.219795   16.843569   18.89221    14.936989   19.059717   14.280246
  15.270386   17.193975   16.27339    15.888112   13.037518   15.243139
  14.687671   15.384965   15.403014   15.610329   12.801262   14.677606
  15.32037    15.428094   16.672884   12.089464   18.465351   13.976116
  18.128555   14.781582   16.068377   15.240693   15.613059   18.78329
  16.059412   15.982728   15.29357    15.767611   17.7048     14.59664
  16.436865   14.778032   14.904369   17.45648    16.745626   18.64635
  18.024975   17.583202   16.49715    18.308601   16.21278    12.124991
  14.269923   14.757406   16.866522   13.9871645  14.660989    6.836753
  14.714657   15.660011   10.925756   15.983906   14.969618   17.232292
  13.780308   16.831726   10.365801   19.466082   14.103284   14.542189
  16.91643    16.472887   15.729847   15.103295   17.466888   15.703632
  13.537525   20.75038    18.183723   14.5780115  18.841105   14.61179
  14.412205   16.983898   13.5929575  15.0166645  19.289068   13.842105
  16.485779   16.540325   13.969602   15.144431   14.473586   15.152374
  18.165545   19.975887   13.722052   13.765615   14.68366    14.310501
  16.846643    7.407722   16.7583     19.256601   17.307083   15.964599
  18.117563   14.672084   15.459482   15.55505    15.028783   16.436245
  13.504726   17.249483   14.1991415  14.759673   16.10334    17.516449
  17.377136   15.442426   13.949137   21.445318   15.326417   16.693024
  14.177799   15.643303   11.923837   15.464461   15.278773   20.335983
  23.554636   17.087997   17.21196    14.589736   12.646058   15.50195
  14.91332    14.816978   17.221533   18.11874    15.325962   17.540058
  13.564419   15.410664    9.68117    19.790462   16.958302   15.1250725
  16.128824   10.795611   14.148785   18.964981   14.74435    14.32367
  18.681217   13.827121   16.362856   18.167994   16.68343    18.491583
  15.958568   16.859596   19.012423   15.644077   16.453897   17.57268
  14.962479   12.760762   17.388714   15.80476    17.655415   20.29225
  16.429834   19.790747   17.57452    16.143187   16.537094   17.488695
  17.491776   17.162062   12.774853   15.126728   18.339989   14.766143
  13.433823   15.090299   18.269571   11.136861   14.656715   15.92202
  13.53743    15.091571   14.562691   17.855642   15.376416   16.809212
  19.579638   15.346479   14.27021    16.391405    8.003281   16.059969
  14.222538   14.978982   12.006142   13.595497   17.503199   15.93448
  15.361485   12.80721    11.954636   15.995634   16.26074    15.155669
  14.514898   14.321168   16.960665   17.42722    15.735145   17.79308
  15.52419     9.393359   18.127863   16.95432    14.211596   16.297773
  15.438703   20.673506   15.678081   14.190277   16.212017   16.634315
  15.870593   13.756374   15.359431   16.69363    15.204766   14.132998
  13.936084   15.834194   15.462434   15.9388685  15.349584   17.328985
  17.45212    17.346022   18.400331   16.225985   15.156981   16.604105
  16.715914   16.203094   15.603966   17.352188   16.546442   12.686387
  16.211653   15.360453   14.545682   19.298027   17.169245   15.814421
  17.13592    16.48474    18.543917   16.033802   14.590705   14.955075
  15.436234   18.058393   14.869819   14.289253   17.568195   13.499458
  13.940776   15.935515   19.666758   16.35337    13.874686   16.549511
  14.093749   16.735147   16.863113   14.14763    13.253806   16.524288
  10.829389   13.135016   16.253284   13.823209   21.077229   16.538548
  15.2119875   6.9607835  13.896857   13.874388   16.775225   15.3172035
  15.816335   17.489813   16.210304   15.102184   18.999748   12.754585
  17.8448     15.207978   15.71417    16.514975   15.7619     16.647537
  14.52957    15.733202   18.160769   16.895136   18.574207   15.020638
  16.766806   16.073984   14.135975   13.865828  137.09805    15.361665
  14.600554   16.187714   16.204428   14.699251   13.675424   12.779517
  14.034282   17.455399   16.822437   19.084976   17.934893   18.618162
  16.388802   17.118027   14.740869   16.961332   14.962068   13.680618
  10.48987     9.184824   12.5225725  17.443176   15.227739   15.925255
  19.139513   17.083755   13.081455   15.319667   15.108097   19.100533
  15.667562   13.524644   14.80415    14.374415   17.440722   16.267546
  12.231639   14.381111   16.562244   12.901071   19.061453   14.255178
  17.08585    15.815842    9.323299   13.902966   15.624354   19.091084
  15.823343   17.688334   19.123896   20.529167   14.013021   20.63567
  16.810635   15.559876   15.510001   17.299374   18.291777   15.928858
  15.473149   16.746237   17.131344   15.5721445  16.74029    15.6350765
  15.930552   15.034774   15.407546   14.238112   16.176731   13.365304
  18.108795   13.522394   14.618118   15.182979   17.031998   16.088768
  16.605295   14.935244   15.009316   15.2424755  15.312718   16.31551
  13.450615   11.8299055  16.581059   15.684015   15.060642   15.576779
  18.99747    14.335281   13.859452   16.326687   14.815345   16.79262
  16.448788   14.967568   15.828554   16.069397   16.632353   14.887471
  15.360512   17.456308   13.470436   12.300977   18.008516   17.820759
  15.278279   14.328994   10.51947    15.488978   16.720177   17.36772
  16.403608   16.313648   16.406872   14.699004   16.869244   15.850429
  15.28986    17.319199   12.0293665  21.58864    17.533478   15.346898
  22.09378    14.465601   15.740027   14.345118   16.282051   19.023346
  13.659201   13.610292   15.011309   15.755255   13.661384   15.85291
  15.000563   13.917296   14.545453   14.94348    16.005356   14.701387
  14.906269   18.64234    12.106085   13.029555   18.075619   14.359022
  16.694242   16.008575   14.650735   15.054233    6.8598976  16.49093
  15.393471   16.333803   15.875099   21.970541   16.549896   15.691427 ]",0.7547872340425532,0.7600661834081014
10,39,1833,"[[ 0.89496195 -0.05178637 -0.02181142 ... -0.13907509  0.04432387
   0.03981891]
 [ 0.03098472  0.8249758  -0.07399728 ...  0.02840324  0.01954147
   0.01099175]
 [ 0.09178628 -0.04128978  0.784645   ... -0.0519206  -0.07469168
  -0.04147903]
 ...
 [-0.00424352 -0.02444668  0.01649964 ...  0.8551782  -0.0281099
   0.00564257]
 [ 0.04502012 -0.06208201 -0.02622666 ...  0.07892883  0.85591924
  -0.02029851]
 [-0.1945851  -0.06165601 -0.01162272 ...  0.10553017  0.01125355
   0.7567798 ]]","[ 9.492837   9.551082   7.7771983  8.575567   9.454114   8.57018
  9.148766  10.44217    9.375835  10.146765   6.9788404  7.779408
  8.935006   8.603988   9.396196   7.2568593  3.9143455  8.799495
  7.36744    9.021573   8.15033    7.7934175  9.440949   8.155827
  8.147535  10.095993   9.422181   8.479547   8.082364   7.6195645
  5.5810404  8.293643  10.407788   8.6352825  9.924987   8.426213
  9.232735   7.705913  10.038349   7.6257734  9.881463   9.593659
  7.736498   7.619102   9.310047   9.252443   8.788288   8.839177
 10.01509    8.211286   6.255778   8.426972   8.696078   8.03994
 10.143061   9.404849   8.788753   9.306182   8.412065   8.131716
  9.07273    8.248111   7.7313137  8.200291   8.249337   8.841527
  8.364559   9.346053   9.324775   6.792972   7.573019   9.855695
  7.3901606  5.9967523  7.5351043  7.5016966  9.467553   7.697764
  8.2102585  9.068179   7.4133515  7.141364   9.812454   8.456205
  8.816275   8.271033   9.014745   6.7228594  8.081548   6.59677
  8.062923   9.659771   7.916366   9.158517   8.36968   10.276386
  9.067113   8.145149   9.148229  10.013514   8.699797   7.2724886
  8.966314   8.82702    9.84107    9.231101   9.6713295  7.7962704
  7.9742064  7.5047045  9.62176    8.6695175  9.40254    8.574206
  7.5412116  8.41327    9.901612   2.5228276  7.9644303 10.323073
  8.4600725 11.936684   8.401897   7.642383   6.75197    9.124797
  8.7740135 10.340376   4.037659   8.030592   9.761217   8.82183
  9.055186   8.6959     7.843782   8.330669   9.084602   9.756722
  9.010188   9.2904825  7.312366   8.320206   7.631075   9.036584
  9.410541   7.245477   8.756576  10.632365   8.932725   9.654843
  9.734464   8.118801   8.733255   8.751299   8.858783   8.188275
  8.512986   8.150845   7.3250003  7.615848   9.129745   8.786496
 10.487928   8.789159   7.731048   9.664581   7.083602   4.8358145
  8.842741   8.066309   9.373958   7.463279   9.994004   8.609819
  8.421609   8.329648   8.633049   8.317859   9.463945  11.521759
  7.4082522  7.995289   9.033017   8.448067   8.979858   5.1894207
  8.172554   8.999867  10.502108   8.446131   8.807961   7.821441
  7.855378   9.792933   8.241165   9.302515   8.400046  10.197957
  8.238773   8.671349   8.836648   9.118319   9.522309   9.414633
  8.261318   8.299761   7.415844   9.898368   9.126565   8.84009
  8.121009   9.386528   8.096203   7.992148   7.4127393  9.025472
  7.024854   8.040593   8.086228   9.312502   9.670337   8.477268
  7.232645   8.545826   8.848851   9.983856  10.199828  10.600115
  8.729854   8.864329  10.099292   8.708681   7.4375625  8.882514
  9.399699   8.286508   8.105107   8.343513   7.224765   9.418001
  8.95755    7.6542916  8.413571   7.671465   8.254495   9.475666
  8.599465   8.703204   8.453821   8.496621   9.67473    8.944254
  8.957158   8.492111   8.828211   2.9445083  8.351913   7.779116
  8.595232   9.658272   8.718676   8.401965   3.9077055  9.0756
  8.788295   8.24917    9.183274   7.70751    8.587751  10.139463
  9.9569025  9.185649   8.413433   7.292083   9.5729     8.968654
  9.115924   8.320945   8.328756   8.660416   8.824955  10.470272
  7.106345   8.597173  11.012969   7.7087603  9.071895   8.898241
  8.537635   9.491874   8.913859   8.001706   8.637552   8.137907
  8.772296   9.449551   8.400051   8.912786   7.490721   8.254189
  8.24794    8.389783   7.6546717  7.8665056  7.215168   8.738331
  8.129566   8.398365   8.6505575  6.256236  10.057143   7.741136
  9.485707   9.064589   8.608684   7.99868    8.272443  10.434771
 10.40813    8.2129135  8.541929   8.505396   9.239863   8.423964
  9.109062   7.5862412  8.29992    9.555373   9.831063   8.543854
  9.637374  10.320386   9.45715    8.527929   9.796176   7.075744
  5.9623404  8.615511   9.872798   8.03879    8.057292   2.754502
  8.988536   8.259933   5.361283   9.932949   8.388064   8.72674
  7.608262   9.143779   5.6539874  9.000087   7.9804144  8.538932
  9.000224   8.522391   9.345731   8.813829  10.176517   8.416508
  7.5152497  9.000668   9.189338   9.721038   9.452413   8.351853
  8.815943   9.063712   7.2263274  8.48553   10.079723   9.70987
  9.131647   9.380639   8.85756    8.059092   7.4629054  8.205767
  8.286735   9.540435   8.18691    8.39719    8.495176   8.138724
  8.273263   3.2240987  8.59505    9.4971695  9.1646595  8.6121025
  9.959846   8.276331   7.8384967  9.604735   8.7294445  8.743005
  8.489937   9.15506    8.645839   9.01446    8.496364   8.600998
  8.834019   8.512538   7.6105194 10.262374   9.073275   9.30473
  9.329037   7.907662   6.9443207  8.290252   8.557832   9.334728
 10.937392   8.629972   9.039865   8.86982    6.445793   7.8034525
  8.733455   8.001919  10.357562  10.597533   7.4672565  8.504542
  7.5648336  8.389259   4.710731   9.94602    9.226092   8.267224
  9.261786   6.5538697  8.300838   8.502794   9.518879   7.2875414
  9.253912   7.043864  10.197718   9.868329   7.968919   9.889208
  9.125501   8.467234   8.972184   9.080873   9.1724205 10.11222
  8.470253   7.3843164  9.362164   9.367827   8.854168   9.077713
 10.126975   9.455543   8.845095   8.376311   7.8187194  8.336691
  9.643089   9.379686   7.2578154  7.958964   9.521556   8.036783
  7.683462   8.58255   10.665305   6.3225727  8.45908    8.197305
  7.5496016  8.519891   8.140791   9.134266   9.127949   8.3198185
 10.532275   7.832468   8.034549   9.218188   5.0805287  7.3065653
  7.514682   8.061696   7.688117   8.588083   8.908048   8.79541
  8.188738   7.4970183  6.934187   8.864324   8.664934   8.961586
  7.54608    8.429834   8.547112   9.411677   7.47423   10.507521
  8.7136545  5.6739206  9.086909   9.970698   6.7698393  9.496322
  7.885999   9.078272   7.916751   7.268973   8.682295   8.933653
  8.945213   8.140813   8.327479   8.980069   8.35072    7.701982
  7.6009636  7.8429894  8.120602   8.585018   8.257563   8.970082
  8.937658  10.158966  11.145335   9.233291   9.189146   7.758146
  8.191119   9.395437   7.9656816  9.969175   9.42725    8.51265
  9.016451   7.7328777  8.796862   8.839857   9.185616   8.604174
  7.8023863  8.815542  10.146677   8.747734   8.481458   8.734112
  8.911373  10.805695   8.035992   7.998988   9.792612   8.925937
  7.513896   7.3152204 11.763203   8.826134   8.326957   8.9045315
  8.638323   9.337558   9.215731   6.977986   7.6989107  8.078154
  5.4694138  7.634279   8.55717    8.435426  10.033163   8.608645
  7.917275   3.472366   8.404479   7.3319926  8.534225   8.158921
  9.080046   9.29442    9.727972   8.366527  10.60684    7.218974
  9.200182   8.003609   7.7856154  8.36704    8.164013   9.043838
  8.1417675  8.67844    8.564211   8.685917   9.390365   8.247047
  8.96829    8.963876   8.424313   7.8340526 79.58811    9.189832
  8.326066   8.66794    8.235888   9.466706   6.809609   6.939165
  7.997236   8.966713   9.574398   9.651347   9.628908   8.601755
  9.370773   8.2658205  8.336302   9.168023   8.422165   7.8215914
  4.088559   4.222429   7.750432   9.3903475  8.771727   9.831488
 10.826136   8.835249   7.1102557  8.199149   9.036602   9.997987
  8.529376   7.261109   7.889748   7.537109   8.823756   9.126896
  7.1609735  7.5007396  8.701976   7.38766   10.640248   8.20929
 10.148432   8.943433   4.6829405  7.7345557  9.887957  10.349644
  8.706688   9.166901   9.099963  10.663998   7.605841   9.182149
  9.425953   8.096619   8.426752  10.286185   9.165056   9.851425
  8.321366   8.506647   9.9224825  7.7666564  9.874668   8.127004
  8.21065    8.242304   9.5077305  9.082581   8.308039   7.4559317
  9.204464   7.7574787  7.452035   8.52062    9.404644   9.051475
  9.405636   7.5145006  9.6299095  8.474344   9.127896   8.892694
  7.180819   7.648313   8.955414   9.081758   7.6166477  8.832277
 11.639298   8.4067955  9.032842   8.441811   8.255762   9.450264
  8.606991   8.808824   9.090656   9.174994   7.73263    8.296697
  7.455163   9.3270445  8.157258   7.072346   8.52811    8.808282
  8.9896145  7.6223373  5.2436886  8.7254095 10.651201   9.110276
  9.087917   7.804536   8.613979   9.144779   9.355782   8.43529
  8.396875   9.395122   7.941835  11.755297   8.530934   9.043798
 11.252943   8.107656   7.7629833  9.733642   7.8409586 10.929243
  7.922707   7.4748344  8.265568   9.153725   8.450449   8.899892
  8.959232   7.8968315  8.77192    8.507775   8.917754   8.617826
  8.036984   9.41729    6.323849   7.829882  10.930943   8.751725
  9.528073   8.223754   8.670027   8.514066   3.2284179  9.849597
  8.684363   9.078151   8.40668    9.103495   9.5485325  9.157071 ]",0.7734042553191489,0.8609345436096192
11,39,1833,"[[ 1.0000000e+00  5.5808223e-15  4.5289361e-15 ... -3.5617841e-16
  -6.2620802e-16  3.9401303e-17]
 [ 1.1308295e-16  1.0000000e+00  3.1016856e-15 ... -6.5225603e-16
  -1.0408341e-17  1.9081958e-17]
 [ 2.3139124e-16  5.6205041e-16  1.0000000e+00 ...  2.0816682e-16
  -1.7347235e-17 -4.4560709e-17]
 ...
 [ 2.7742997e-16  3.1571967e-16 -1.3183898e-16 ...  1.0000000e+00
  -6.9388939e-17 -1.7347235e-18]
 [-3.5453207e-16 -2.1857516e-16  1.0304257e-15 ...  1.4224733e-16
   1.0000000e+00 -3.1913491e-16]
 [ 2.9242463e-16 -2.4286129e-17  2.1597307e-16 ... -1.1449175e-16
   2.1131100e-16  1.0000000e+00]]","[1.54533215e-30 1.08718369e-29 1.45611476e-30 3.53891659e-30
 2.34368898e-30 1.25714438e-29 4.81535637e-30 2.04014210e-29
 8.71832074e-30 8.83847394e-30 3.63548542e-30 6.60304630e-30
 2.85484677e-30 6.39868708e-30 1.42656956e-29 4.52164777e-29
 1.86188013e-29 1.13501108e-29 4.23728361e-30 7.26847842e-30
 5.86497954e-30 5.91426416e-30 1.47998252e-29 1.51469635e-29
 8.75129777e-30 6.68151139e-30 1.21705246e-29 1.00415061e-29
 1.62271815e-29 1.76541467e-29 5.62624984e-29 1.00143979e-29
 7.64113834e-30 8.58533979e-30 3.67860030e-30 1.14736928e-30
 8.01212360e-30 2.38210056e-30 1.86475741e-30 4.34489043e-30
 1.68050309e-30 2.78976444e-30 1.41300345e-30 3.56578444e-30
 6.47801884e-30 5.95292796e-30 5.94060050e-30 2.32801183e-30
 5.83233917e-30 1.80484733e-29 3.80127263e-30 4.74067393e-30
 2.63244606e-30 6.29964500e-30 4.02097234e-30 5.01388251e-30
 3.29100313e-30 7.56384836e-30 7.13213687e-30 4.76889406e-30
 7.63033733e-30 8.43680696e-30 7.39814692e-30 8.00427168e-30
 8.17510166e-30 7.69449337e-30 9.14694397e-30 3.51382420e-30
 9.67630744e-31 7.34033065e-30 4.88500958e-30 5.50138729e-30
 3.87963579e-30 3.24351128e-30 3.92676389e-30 2.19435004e-30
 1.63642220e-29 5.64582188e-30 2.06179866e-30 2.41025694e-30
 1.93419809e-30 2.41498374e-30 3.81875834e-30 6.70757464e-30
 5.27281025e-30 3.07601669e-30 4.30009338e-30 2.33879497e-30
 6.36889084e-30 2.57254644e-30 3.01454755e-30 3.38522474e-30
 3.34595759e-30 1.20425082e-29 6.84493407e-30 1.95812292e-29
 5.32494201e-30 2.21856898e-30 5.89456767e-31 6.37583810e-31
 5.77511422e-30 6.02202408e-30 2.42732737e-30 9.60825008e-31
 4.02945433e-30 1.90553841e-30 3.27208915e-30 7.94151119e-30
 2.37306693e-30 1.35160936e-30 3.62402275e-30 1.46159585e-30
 2.05978866e-30 2.49419194e-30 8.04970707e-30 6.62386365e-30
 4.80526631e-30 7.51582124e-30 3.04498778e-30 4.82281634e-30
 5.22361402e-30 3.31068824e-30 3.57222652e-30 2.24095246e-30
 9.27814268e-30 4.08628017e-30 3.48349532e-30 6.81461422e-30
 3.41419494e-30 4.05420817e-30 5.80274831e-30 3.06865358e-30
 2.22127713e-30 1.55534087e-30 1.94290841e-30 2.81451753e-30
 3.63015451e-30 4.64799795e-30 2.96501993e-30 2.81696444e-30
 8.05402687e-30 2.19130165e-30 1.46366576e-30 1.72706037e-30
 2.93503128e-30 1.36465848e-30 2.43797171e-30 1.44275907e-30
 7.00390003e-30 4.61258078e-30 6.74820575e-30 2.40183288e-30
 3.08195510e-30 3.16168822e-30 2.83561719e-30 4.18527259e-30
 2.50985968e-30 2.92046305e-30 3.53830909e-30 4.93814118e-30
 1.97497759e-30 3.47921238e-30 2.44704596e-30 3.01272901e-30
 1.51897314e-30 1.49399614e-30 1.58656322e-30 4.47520028e-30
 1.26502762e-30 5.59142376e-30 2.24042847e-30 6.83719725e-30
 7.29595903e-30 6.93314242e-30 3.17114334e-30 1.47841163e-30
 1.90578818e-30 2.91518367e-30 1.65130268e-30 1.73124532e-30
 1.88071404e-30 2.91775264e-30 2.41153701e-30 3.10071486e-30
 6.20474104e-30 2.33188983e-30 2.29995551e-30 2.46687477e-30
 3.64819092e-30 4.40799924e-30 3.05498117e-30 2.68916488e-30
 4.40227938e-30 2.48462548e-30 2.14579272e-30 1.77029129e-30
 1.74376311e-30 1.78531167e-30 2.66633208e-30 1.63066664e-30
 8.30394788e-30 9.42524160e-31 2.04393773e-30 3.02524906e-30
 4.53856488e-30 2.92763940e-30 3.12044624e-30 4.27494306e-30
 1.11854005e-30 1.77724590e-30 7.80997619e-30 7.64870965e-30
 1.61968733e-30 2.29450667e-30 2.30703311e-30 2.90570599e-30
 3.54219819e-30 5.39433192e-30 1.95981221e-30 4.03167178e-30
 1.97272045e-30 1.90766239e-30 2.88321606e-30 2.35387383e-30
 9.03349917e-31 4.21444893e-30 3.96251359e-30 5.00017342e-30
 3.20005598e-30 1.49385602e-30 1.13963331e-30 1.00979197e-30
 9.83916043e-31 9.72106557e-31 1.14952016e-30 1.30804262e-30
 3.14373532e-30 3.21943076e-30 3.61315366e-30 3.54820619e-30
 8.29023391e-30 3.37423867e-30 3.34107919e-30 2.01935635e-30
 2.09534821e-30 1.55972988e-30 4.24833100e-30 4.77779171e-30
 3.08309147e-30 2.91030076e-30 8.35102182e-30 1.58572044e-30
 2.12085869e-30 1.41257539e-30 2.98524577e-30 3.46493530e-30
 1.71348746e-30 2.32372871e-30 2.58506818e-30 7.54986054e-30
 4.96234019e-30 2.19058356e-30 2.26943892e-30 9.40078661e-31
 5.85306896e-31 1.39219335e-30 3.70137705e-30 2.30579555e-30
 1.69469328e-30 3.21120832e-30 4.81434714e-30 4.62127229e-30
 5.64575267e-30 2.21950731e-30 1.28332292e-30 4.13614972e-30
 3.12118407e-30 6.63912213e-30 2.16495459e-30 2.02445762e-30
 4.71303382e-30 5.56526873e-30 1.34855360e-29 8.23423223e-30
 2.30594075e-30 1.02895448e-29 6.96532877e-30 4.74211837e-30
 5.15022406e-30 1.55353728e-30 1.05009656e-30 2.94856545e-30
 3.92415712e-30 5.24915140e-30 3.02930029e-30 1.76825252e-30
 2.48394370e-30 5.52581538e-30 1.78048029e-30 3.14259838e-30
 6.00713724e-31 8.33835131e-31 3.30879241e-30 5.00528429e-30
 9.73769891e-30 3.54673315e-30 3.57154906e-30 1.12131659e-29
 4.08717317e-30 5.88337255e-30 3.68349223e-30 1.73516376e-30
 1.20441330e-30 7.10813046e-30 5.01380653e-30 3.58044407e-30
 6.49283045e-30 3.87446549e-30 4.02468126e-30 2.43510896e-30
 4.57446965e-31 2.85241909e-31 6.09823260e-30 6.13758750e-31
 3.47364712e-30 3.16026070e-30 3.35429927e-30 1.83805412e-29
 3.96422210e-30 2.77188019e-30 1.62850561e-30 1.18077430e-30
 9.86350163e-31 2.44505101e-30 2.23961296e-30 6.85065394e-30
 1.17685958e-29 3.68205531e-30 5.00028289e-30 2.29921278e-30
 1.81508102e-30 1.84692318e-30 1.16229778e-30 1.55203914e-30
 3.17764937e-30 1.52494202e-30 5.07312329e-30 4.09708569e-30
 1.04224964e-29 4.45529775e-30 3.82989902e-30 2.07875907e-30
 8.37423022e-31 1.77400416e-30 5.69497391e-31 4.91162823e-31
 2.81745194e-30 3.10084238e-30 5.04842436e-30 9.02013653e-30
 5.42144615e-30 1.68151270e-30 3.16233145e-30 5.07527266e-30
 5.49907655e-30 3.02514788e-30 4.61931175e-30 3.53704257e-30
 4.41841694e-30 1.49235241e-29 6.16756608e-30 9.87048500e-30
 3.74791647e-30 4.07849783e-30 1.79082013e-30 5.74272060e-30
 2.85026046e-30 3.40410111e-30 2.97676754e-30 4.48554425e-30
 4.54540870e-30 9.12848213e-30 6.00068500e-30 3.33110348e-30
 7.74405428e-31 8.69251741e-31 3.43577739e-30 2.29518206e-30
 2.62836456e-30 2.91266153e-30 4.30893234e-30 4.19322608e-30
 6.76358610e-30 4.79390332e-30 2.14870700e-30 8.31206914e-30
 5.28069227e-30 3.66661289e-30 2.35353868e-30 2.33077208e-30
 1.01943412e-30 9.71193282e-30 6.67306740e-30 4.14124516e-30
 4.34870844e-30 1.32876010e-30 4.65745156e-30 3.82314886e-30
 3.29531880e-30 2.67386841e-30 5.09517895e-30 1.14910384e-30
 3.41461361e-30 4.77840109e-30 6.88148236e-30 4.77683928e-30
 3.01760703e-30 5.12442562e-30 2.08163856e-30 2.08430496e-30
 3.55420478e-30 1.79113140e-30 1.00068593e-30 3.82964624e-30
 7.09817129e-30 6.53820189e-30 4.22130855e-30 2.78147975e-30
 3.88781647e-30 3.25830408e-30 2.30601410e-30 1.48625086e-30
 1.00737346e-30 1.20134281e-30 4.47773897e-30 6.24876284e-30
 8.51364103e-30 7.30426837e-30 4.25978765e-30 3.90617111e-30
 2.40435370e-30 1.36665268e-30 1.50576604e-30 9.69922846e-30
 1.05756349e-29 3.46987990e-30 7.86564911e-30 8.19594008e-30
 7.49195475e-30 2.09330849e-30 1.93370382e-30 9.20676704e-31
 2.08610431e-30 1.02266100e-30 1.55989802e-30 1.39808831e-30
 3.71561125e-30 7.22580177e-30 5.64269412e-30 7.22633967e-30
 1.42524618e-30 4.66324289e-30 3.32967408e-30 3.98400990e-30
 3.16735806e-30 4.12720881e-30 4.39665431e-30 4.58084055e-30
 6.70427197e-30 6.29034487e-30 6.47858609e-30 1.46990406e-30
 1.93237147e-30 2.15610942e-30 1.37335629e-30 3.14314720e-30
 7.88194804e-30 4.27229152e-30 2.95506547e-30 8.44994390e-30
 8.50106380e-30 6.92161317e-30 4.07722905e-30 1.04929196e-30
 3.25244278e-30 1.44068371e-30 3.75877653e-30 4.53876124e-30
 2.35374162e-30 1.64921839e-30 9.98157881e-30 7.79473426e-30
 7.81700433e-30 3.23196097e-30 1.62757293e-30 1.18837401e-30
 4.89487433e-30 5.89302740e-30 1.21012968e-30 1.73133278e-30
 6.29730831e-30 7.38521385e-30 5.83634826e-30 7.90175503e-30
 1.66696892e-30 3.39774554e-30 5.39544008e-30 4.61875955e-30
 4.39132791e-30 1.61305134e-30 2.00088548e-30 3.96033676e-30
 6.93388646e-30 7.55231836e-30 8.06872563e-30 3.83089847e-30
 3.56250058e-30 3.74376782e-30 9.24993213e-31 1.46721415e-30
 2.15424969e-30 2.06817755e-30 1.99655026e-30 7.67576596e-30
 6.02429984e-30 8.57399787e-30 4.12963428e-30 5.04120137e-30
 3.03600681e-30 2.61365451e-30 2.14034237e-30 1.54090363e-30
 3.05005726e-30 3.99000361e-30 6.88820129e-30 5.91708234e-30
 8.61072445e-30 5.53073590e-30 1.76669033e-30 4.75833154e-30
 2.18909266e-30 1.86069321e-30 3.36218505e-30 4.46434586e-30
 3.61976013e-30 6.45618286e-30 6.97073040e-30 7.14501277e-30
 3.74553426e-30 2.88334038e-30 1.84943084e-30 6.85451482e-30
 1.29065368e-30 1.42573406e-30 1.30439210e-30 1.64021805e-30
 8.49988041e-30 1.24046853e-29 7.51262991e-30 2.03540684e-30
 3.67224811e-30 3.33865034e-30 2.23700957e-30 2.50652598e-30
 6.09374654e-30 2.90053438e-30 9.25184471e-30 8.22946630e-30
 7.51216122e-30 6.85552819e-30 2.92008652e-30 3.92530214e-30
 4.74618163e-30 6.25037016e-30 2.39553975e-30 2.68212076e-30
 4.26962419e-30 6.86843644e-30 8.63072553e-30 7.40220341e-30
 7.80229955e-30 1.95741382e-30 1.33425126e-30 2.57557339e-30
 2.26325902e-30 2.29775874e-30 5.33634224e-30 6.46361273e-30
 1.15724316e-30 6.85835389e-30 5.99050278e-30 8.07820030e-30
 3.23320304e-30 1.60546630e-30 1.75039478e-30 1.43981357e-30
 6.05238080e-30 5.25194776e-30 2.36499476e-30 3.16073128e-30
 7.69480709e-30 8.95888594e-30 6.60428160e-30 2.49706560e-30
 1.63405932e-29 5.15520063e-30 6.14048946e-30 6.20630511e-30
 6.50819735e-31 7.31702069e-31 2.36331352e-30 6.54573710e-30
 6.05532762e-30 7.33447537e-30 3.90323482e-30 9.06087879e-31
 5.95777777e-30 6.65320173e-30 3.23501123e-30 1.96861976e-30
 3.39707862e-30 1.26950606e-30 7.13324654e-30 8.21236164e-30
 2.45935491e-29 4.76785737e-30 4.64659488e-30 5.55943414e-30
 1.85853631e-30 1.82538023e-30 2.00451879e-30 1.61589961e-30
 3.82856930e-30 1.08689954e-29 7.11448828e-30 9.56366405e-30
 9.26058813e-30 4.49255359e-30 1.84798056e-30 4.57531328e-30
 2.63030572e-30 3.65211387e-30 1.70058711e-30 1.67473959e-30
 6.88793497e-30 1.25046448e-29 7.88385366e-30 4.51707534e-30
 3.82577783e-30 1.81088403e-30 4.41339185e-30 1.46577346e-30
 2.11353094e-30 2.60433670e-30 4.09327521e-30 8.52476102e-30
 8.24338641e-30 7.28237671e-30 2.87575270e-30 4.35071938e-30
 3.47562722e-30 4.40869890e-30 2.94138516e-30 1.06894604e-30
 5.19358945e-30 3.42655588e-30 7.15509004e-30 8.66215355e-30
 9.72415044e-30 2.42887019e-30 2.51782633e-30 2.50106341e-30
 4.05666561e-30 2.15223442e-30 2.92075552e-30 3.98851741e-30
 5.89839668e-30 7.24310730e-30 9.67765729e-30 7.41747543e-30
 1.69833374e-30 4.35673264e-30 3.02899391e-30 2.64248798e-30
 2.76337883e-30 2.56498829e-30 6.07825860e-30 4.64015881e-30
 8.24790934e-30 1.41757893e-29 8.40557680e-30 1.79483468e-30
 4.47079171e-30 1.84264344e-30 2.87442543e-30 5.58568396e-30
 7.04157904e-30 5.93887883e-30 2.49314471e-30 9.84280202e-30
 9.59918918e-30 9.79535719e-30 3.33045235e-30 3.12155722e-30
 4.85660137e-30 2.74657979e-30 9.22986654e-30 1.03608990e-29
 3.65609475e-30 3.98360967e-30 9.09617916e-30 8.91230853e-30
 1.32276705e-29 7.70236034e-30 2.78725622e-30 3.20508710e-30
 1.17371422e-29 7.28847724e-30 5.53449937e-30 4.12561503e-30
 3.45920077e-30 1.15522507e-29 8.95272071e-30 8.96834556e-30
 4.40404055e-30 6.07538551e-30 6.58758770e-30 7.71133021e-30
 5.40621513e-30 4.32782225e-30 6.98433529e-30 5.94323963e-30
 1.36151767e-29 9.17900393e-30 9.47856804e-30 4.10268556e-30
 7.24215186e-30 7.20914623e-30 4.65682563e-30 5.77103855e-30
 7.34485734e-30 4.01142619e-30 5.40787511e-30 1.04691325e-29
 9.59716169e-30 9.11048973e-30 8.14359390e-30 7.89377747e-30
 4.65342817e-30 6.93643230e-30 4.12546946e-30 8.09306006e-30
 5.58265890e-30 4.78866607e-30 1.16339552e-29 1.07003923e-29
 1.10832401e-29 7.52357912e-30 7.95791394e-30 6.98461064e-30
 8.06740080e-30 5.97798009e-30 4.34987453e-30 4.75153625e-30
 7.08753956e-30 1.39285420e-29 1.12733324e-29 9.24518821e-30]",0.7851063829787234,1.0
