,Images_Per_Label,Train_Data_Size,W,Residuals,Classification_Accuracy,CLS_Cosine_Similarity
0,34,1598,"[[ -2.898063    13.417608    -7.1665635  ... -25.518267    22.765005
   -1.3050337 ]
 [ -9.508341     9.679        2.2882547  ... -14.155972    -1.5997715
  -10.974471  ]
 [ 15.619035     9.454794    13.994336   ...  16.235754   -15.986841
    6.875186  ]
 ...
 [-17.053314     5.3502817    3.0187435  ... -13.618528    15.590624
    0.16582504]
 [  9.57867    -13.721464     5.455959   ... -21.611094   -28.036129
  -12.041055  ]
 [-24.677258   -14.147742     5.3887925  ...  21.910017   -26.024479
   15.533593  ]]","[ 42.741173  47.37937   40.365356  35.619385  34.668964  37.886612
  39.702343  55.07376   52.069305  44.32903   30.77652   49.12587
  36.683228  41.319702  40.76141   41.83077   52.310642  40.08632
  33.14222   32.798626  32.004856  37.406235  54.178997  37.153965
  45.17484   44.141205  45.619656  40.97228   38.820972  48.966694
  48.57784   37.973362  42.220318  38.44199   43.850327  34.363705
  37.45097   38.941998  43.59176   38.593132  44.03594   41.784683
  30.605839  41.00307   41.584602  44.367107  54.76951   41.180225
  59.582123  47.084507  43.096283  41.784332  47.318924  52.260082
  41.128918  37.749496  34.442013  68.86743   36.595867  37.47809
  46.357536  31.671827  44.546085  48.384045  33.155464  41.20151
  48.299213  35.73698   41.373234  48.933617  34.721233  45.91361
  31.914005  37.9823    46.00061   34.182373  33.609207  34.530678
  41.990173  54.653484  31.71376   55.97908   41.361855  43.299355
  43.270786  35.31318   40.047836  34.591797  37.46355   35.33067
  31.679543  41.105576  39.920757  57.35305   45.38621   56.70136
  48.051968  34.72916   47.17709   47.39867   47.74483   38.25354
  57.15486   40.274464  34.870266  43.7478    64.28168   51.407154
  40.92219   44.16964   35.669716  38.059772  55.375484  41.101196
  46.722813  32.946278  59.362103  57.931484  32.24315   59.53962
  32.816113  52.02561   34.04377   38.63328   55.365562  35.329506
  28.109146  51.216545  41.008423  38.315655  48.574947  44.23881
  43.26962   38.476917  45.136993  44.632156  33.404953  43.70783
  55.264248  42.639954  37.411327  36.94798   34.735397  52.653446
  36.17025   36.43182   30.923244  38.762726  45.261177  37.050365
  37.162106  31.984598  51.699623  39.103344  29.248747  40.192673
  42.73594   40.869125  42.35757   64.564575  39.597588  44.731194
  53.519928  44.481487  32.60269   45.722885  39.836975  55.55344
  44.8173    31.90918   42.96564   33.737976  38.486176  58.87874
  43.175655  49.00814   42.868057  35.391598  46.07099   48.06836
  33.749107  30.834753  37.03372   39.229847  37.00731   50.698055
  44.479244  72.209755  61.074142  29.751364  39.01039   45.86499
  35.969185  47.77264   31.824722  30.70946   47.571945  45.698868
  32.44307   41.50692   42.873756  43.921402  47.25349   48.216976
  30.422665  38.314793  34.70835   39.014618  41.37769   43.475136
  31.472918  48.69479   50.442757  30.497774  47.13384   41.35064
  35.975727  35.862694  39.50529   45.693302  39.754807  40.661804
  65.02945   42.01121   57.66787   46.440605  41.041336  57.073776
  44.59674   42.862312  51.944614  39.698486  56.54924   40.646584
  41.242023  40.19339   39.400105  35.53874   44.202396  40.470585
  42.325893  37.987923  39.028065  39.04792   44.815258  49.677635
  46.895473  38.124683  41.338593  38.275845  32.09302   34.384594
  44.085896  45.345863  44.578114  81.92009   32.491344  67.03783
  41.8461    44.52062   40.06003   32.718052  48.51874   46.624897
  41.28082   30.826935  42.01581   30.510006  32.634354  35.716496
  47.38819   52.50349   35.76841   61.223988  30.223629  45.342968
  39.969433  35.67447   39.765675  42.75504   55.58484   50.27728
  37.38274   38.467033  69.73244   39.320053  36.956264  33.472504
  36.95541   39.095592  51.999985  47.367146  44.535378  36.298847
  37.947865  52.59612   44.030087  35.86725   36.274323  39.276546
  36.51617   36.838326  45.99082   36.58428   33.65307   52.120064
  33.86743   35.344975  36.47067   39.534073  56.29588   36.885406
  47.926205  45.332973  65.52028   42.732063  41.009686  54.692616
  56.355778  39.816147  32.64547   46.88258   34.957783  39.687965
  33.40566   32.05525   45.970814  46.892563  42.132027  59.019993
  48.316044  44.66489   39.453224  44.90918   41.366314  47.622997
 104.3862    32.307217  42.875977  37.84555   37.457127  77.472145
  32.9165    46.458954  73.02347   40.16638   43.071762  38.88818
  38.809677  43.56817   43.883022  41.294735  38.160088  38.48661
  45.80883   52.157894  46.784267  33.37078   48.262707  45.71843
  39.008686  64.90936   40.70664   37.24106   44.634705  35.874237
  36.180267  62.75316   35.537674  34.155693  55.013763  47.740852
  47.590534  49.120075  30.992931  37.157795  34.801594  43.877697
  48.745163  52.69824   37.069874  31.949272  39.72765   36.603542
  35.31081   44.488987  57.635277  42.052616  40.44927   50.816936
  62.421444  44.99662   37.330063  53.985363  36.009583  37.78935
  32.15727   58.35436   29.517052  32.859165  44.413174  41.93633
  44.12108   41.74318   31.172235  50.882595  43.024147  50.568333
  40.76779   29.894304  52.185047  40.383675  34.83856   51.42402
  55.62019   39.971264  56.579163  69.59049   33.38097   39.735626
  36.297558  38.711056  42.169838  57.961067  41.531513  34.669376
  31.567862  49.797287  39.970757  50.444973  41.031937  39.620823
  37.637344  29.273907  29.970577  39.290794  31.63034   51.381607
  46.975147  39.723194  40.669388  39.91981   46.82704   43.97394
  33.03177   34.025505  43.635414  46.49878   38.99534   44.514954
  31.469809  30.681984  44.45856   47.045017  53.434734  41.3941
  43.581085  48.840645  39.199078  40.30434   46.006435  36.436127
  41.620453  38.914097  30.9927    39.60316   50.42398   37.08633
  38.60382   43.535378  46.138012  30.926844  28.327682  36.31666
  50.69707   38.435444  41.193966  37.296852  41.223083  44.760967
  60.167606  32.181152  33.732338  45.42085   39.881805  36.91716
  30.379526  38.01751   30.03557   52.42747   50.167637  60.790504
  49.072575  37.611134  41.30098   34.8983    40.39912   52.817863
  43.12618   41.214928  48.939243  61.55267   43.495625  55.97275
  43.647556  38.25381   56.405846  54.543907  40.534756  36.091988
  36.62516   59.30565   43.350796  46.738132  47.856915  50.256443
  38.758434  37.593246  36.347965  43.809162  41.94211   46.776836
  37.064816  41.263454  40.705994  42.123894  39.2456    50.408207
  47.47209   43.801956  46.232906  49.41213   41.948982  46.38382
  37.541786  39.96721   33.568523  54.032063  41.671654  40.66586
  42.499447  35.835995  30.391064  48.814674  41.40931   36.44444
  42.07511   48.1935    52.834217  37.571823  35.936985  44.735847
  40.531277  51.542595  29.138636  46.493706  52.189728  44.65496
  34.05343   37.717316  57.30802   44.16188   37.90346   36.26061
  43.17839   39.330795  37.629856  39.684753  37.7081    42.74937
  40.159153  34.951553  35.438282  34.031044  51.52581   42.159588
  40.761017  69.24411   38.74572   35.18457   47.70067   32.230274
  41.69568   47.476765  36.948467  41.44942   53.60598   50.5543
  44.03711   35.25761   37.13647   52.705597  45.628914  46.94211
  52.91234   48.90734   39.289146  65.33191   46.87354   41.3086
  47.770035  58.49417   35.527596  35.48231  306.84668   47.344036
  40.80921   61.356655  46.747414  40.540752  37.09004   29.900965
  33.775497  54.051323  38.61128   48.371758  61.650166  43.553772
  45.69708   55.4914    39.532475  48.35278   36.145832  46.13382
  85.888435  57.799587  38.9336    53.275703  38.040127  48.558258
  38.48305   41.846756  28.124315  57.48897   37.05633   41.359695
  44.23802   30.130743  31.645128  32.03358   39.173355  38.198456
  37.62651   39.132904  54.12732   41.85218   45.204533  42.457424
  39.13739   45.08291   58.731895  33.376194  43.719727  40.13663
  36.99357   43.11785   68.919624  49.273815  32.069904  53.32011
  57.2387    31.397087  36.343796  58.764576  44.848385  46.662502
  34.879684  50.800087  45.3317    36.60371   53.38753   47.177776
  42.484898  46.637905  31.966513  40.934963  45.26553   31.550919
  58.176468  37.205624  32.27869   36.771526  51.42094   33.43346
  38.278973  37.30099   45.25488   30.577322  42.905132  45.093098
  34.629284  29.19883   45.745743  38.796864  41.922737  27.431421
  54.590435  38.530598  30.72352   48.925358  36.9123    33.26919
  38.88545   39.133354  41.92836   36.271217  47.265083  57.290615
  38.120525  45.459774  39.63734   32.87922   54.511738  46.195744
  42.535507  36.745308  84.77994   42.21215   42.338737  61.683586
  39.831734  46.649746  43.10951   41.67948   56.246544  44.089283
  35.318237  46.113705  34.083134  65.004654  40.22193   40.948586
  51.65374   42.584644  32.890896  37.771816  45.1103    45.809265
  28.829596  34.672653  37.376595  40.016567  37.452366  38.37743
  39.078083  33.76782   28.323587  34.091553  44.439342  40.031586
  39.333916  58.435524  44.390488  35.799606  46.1925    43.25605
  34.22327   41.609634  39.307343  36.653595  38.802048  44.084206
  30.429937  40.674908  32.840134  55.795437  44.126804  38.021984]",0.09893617021276596,0.19769964093963305
1,34,1598,"[[  2.197783     7.511329     6.33948    ...   3.3609548    8.014838
   -4.8428984 ]
 [-18.894243     8.745755    -2.3698494  ...   1.280343    -1.5778506
    1.6509297 ]
 [ -3.765709     7.6896925  -12.231876   ...   0.29509598   6.5839887
    1.7494258 ]
 ...
 [  7.0290275   -9.814877    -6.789703   ...  12.126036    -1.3811691
    5.0398517 ]
 [ 10.996672    -1.2120695   16.300508   ... -10.424099    -5.274418
    0.8178549 ]
 [-10.187158   -23.569777    14.090466   ...   4.352203    -6.173415
   -6.7787695 ]]","[ 40.751167  43.535778  37.610687  34.99196   32.869648  37.426025
  38.721233  50.364082  47.20442   40.545395  28.563267  40.985947
  34.03273   37.82719   38.863514  40.414703  44.870674  33.974205
  31.860346  30.220964  28.795965  33.696835  47.93687   31.611174
  36.87302   40.229153  41.847206  39.509888  36.185566  44.802635
  43.726006  37.31552   40.13669   33.924057  42.069675  32.83277
  36.874954  35.79402   40.490086  35.046547  40.917965  38.129974
  27.13152   33.868073  35.840706  39.253     52.5304    38.30687
  55.434715  42.71854   39.940296  42.008686  40.99767   48.445858
  37.617256  36.869045  33.57325   65.624756  32.28442   35.15713
  44.382187  29.13185   41.3605    42.16143   31.397205  38.867973
  45.597893  36.103443  37.996815  45.419823  31.623951  41.307045
  30.295181  35.48912   43.893208  30.689323  32.48885   32.8979
  39.737465  48.976852  31.597906  51.039974  37.56592   40.588963
  39.24924   32.268444  40.977287  34.39801   34.544727  33.013474
  29.516365  37.340927  36.315617  55.399757  42.41152   50.830288
  44.24131   31.632421  42.504738  40.531662  41.423977  35.95171
  48.79967   38.931705  32.889187  38.91893   58.468525  47.347458
  34.15867   37.50568   34.96974   36.61286   47.74975   39.29048
  42.025555  31.299644  55.99766   51.082714  30.908518  58.63848
  31.407446  46.738293  33.04069   37.221714  49.609806  33.88655
  26.515718  49.732155  37.248672  35.03644   44.09216   44.105755
  41.39828   37.355717  39.225845  40.318897  31.94351   40.556126
  51.562126  41.339943  33.11917   32.35391   31.959188  46.330944
  34.508347  34.56963   27.850355  35.800655  43.16042   35.76229
  33.95963   28.90607   46.962     38.061413  28.859741  36.86085
  37.85587   37.903503  38.939224  56.673367  36.818665  38.886494
  49.47111   43.828762  32.34609   41.376915  37.713425  49.413902
  39.950653  28.825336  39.613567  29.791441  36.854446  51.714314
  41.59833   44.512856  37.187572  33.61654   42.161705  41.80852
  32.795795  31.297724  32.490116  37.145332  35.02193   41.426952
  39.808285  65.11018   55.819527  28.25466   38.623955  43.0457
  34.04767   43.797215  29.938692  28.275331  42.746494  40.593456
  30.039337  41.181564  41.28038   40.530586  41.749954  48.298676
  28.152874  36.322056  31.987516  35.7373    38.505016  40.15008
  27.563068  44.70988   44.742542  28.339405  43.799507  35.202232
  32.147583  34.81014   35.656525  40.72087   36.971046  34.87055
  52.111313  36.04166   47.56059   43.712036  39.439735  50.724636
  44.469814  37.383614  46.332832  35.87408   49.84389   37.13165
  38.464878  35.202454  37.436768  33.53909   38.452774  36.35402
  39.7172    32.98648   35.21694   38.84339   40.51287   45.211918
  42.49288   36.410442  38.171593  35.690228  31.321554  31.507923
  40.780094  43.936928  42.06881   62.45604   29.882097  49.334496
  36.39825   42.090733  38.277218  34.02621   45.620525  43.65864
  34.23428   27.751482  40.99313   28.292002  30.493979  34.15387
  43.477726  52.72558   33.1046    56.12057   29.146524  42.010887
  35.86658   31.772429  35.212254  39.31957   52.792274  46.277096
  32.99058   35.821182  62.05808   33.612507  34.598553  30.638987
  33.942448  39.431194  46.250496  42.85234   40.649017  35.910206
  35.704414  46.45461   39.58592   32.022556  31.21884   36.148426
  34.852848  35.881     42.0002    35.865284  33.164547  47.423523
  31.555014  35.23105   33.6173    35.62879   49.12585   33.560905
  41.623543  42.21113   58.988163  39.878822  40.24629   43.91046
  52.958645  37.475895  31.029003  45.586456  34.202488  37.600796
  32.020836  31.43951   42.14452   43.877213  39.354916  53.011272
  44.038185  42.40361   35.997658  43.02438   40.144173  43.763554
  83.726006  32.515     39.176178  33.676525  35.977486  60.166363
  30.408728  39.596275  64.80818   37.387733  35.357803  36.977604
  38.162025  37.229763  40.28565   39.274532  35.71609   35.408646
  46.3179    50.374165  38.868904  32.867733  43.44595   44.693855
  37.626225  60.897972  37.52604   33.54454   39.55348   34.79069
  31.144806  53.693844  34.74515   32.572838  46.906307  40.49659
  48.343094  44.091736  28.883997  36.022213  33.766846  40.084858
  46.520798  47.24703   34.357876  28.642935  34.577515  33.55484
  35.631683  39.95748   54.65818   40.888134  39.567936  46.560257
  55.810833  41.557995  34.89667   46.547077  33.729786  35.354973
  28.72504   55.916344  28.020391  31.002388  40.117416  41.635887
  40.286835  41.20888   28.645124  48.863873  39.261047  46.617996
  39.081604  26.68554   47.822018  35.988308  31.164114  46.39273
  53.268383  37.868904  45.651566  56.83707   31.098139  36.064194
  32.05049   35.680668  39.68483   51.25056   39.949955  35.766888
  32.26906   46.369946  36.164276  50.376884  37.891525  38.0991
  35.689606  26.411682  28.631958  36.199368  29.222727  45.46928
  43.876453  33.350006  36.79521   39.43167   42.67098   40.828938
  31.955715  31.912987  40.894352  43.031563  36.80163   42.280643
  30.916918  27.45011   45.29222   38.45999   50.020493  41.94478
  42.521576  49.170498  36.739574  33.4173    45.29779   36.061478
  38.218254  38.626755  28.782433  36.039433  47.106857  33.15462
  34.19726   40.234955  43.346725  28.526993  27.510906  33.60006
  46.764244  35.027615  37.221245  34.531277  35.788773  42.83153
  55.077698  29.037348  32.605682  39.68331   35.098396  33.09852
  28.053715  33.185726  26.626532  46.180588  47.22639   54.57606
  45.55632   35.29049   35.793835  32.89901   36.482456  45.995964
  36.37864   38.11894   45.848316  53.98399   40.93636   50.44331
  39.767056  32.27821   56.462517  46.155144  35.69709   34.003162
  34.79087   52.906353  42.040157  40.93591   43.910507  44.600964
  36.667545  31.773857  34.676315  40.69308   37.986923  41.8783
  34.120083  41.443596  38.09212   37.729156  38.963627  46.522747
  45.360973  37.991856  41.593304  42.951855  39.891888  42.414875
  35.23989   38.402725  32.1018    49.720585  37.16082   38.39421
  39.645855  30.430191  28.827034  44.11193   42.04618   31.733627
  40.51814   43.124146  48.601738  37.231964  34.51785   41.667717
  38.724434  51.514507  26.88675   41.814957  47.568184  39.404285
  32.28138   35.040504  51.981743  40.159626  39.64775   33.5802
  37.814915  37.258224  35.136272  35.81747   32.802242  40.220524
  34.66704   32.624786  32.22613   33.51001   47.274204  39.129745
  39.89353   58.366684  37.08597   32.093277  40.297024  29.183102
  39.334145  45.821007  33.803867  38.776234  47.210415  42.890762
  40.494316  31.656376  34.748913  46.513596  40.97753   41.378437
  50.237934  41.044384  36.839565  58.86236   44.146255  39.05099
  45.548416  53.95952   33.305645  33.862534 285.45065   47.5505
  37.71001   55.173622  42.21747   37.819702  33.08723   26.225258
  29.127087  54.611366  33.10712   47.116817  57.83779   42.94918
  41.12733   49.481052  39.455406  44.957542  35.668934  40.94073
  75.901505  48.823036  36.824917  46.912514  35.858646  43.5721
  37.02114   38.297413  27.023674  48.986263  33.10529   37.83118
  42.518486  27.540552  31.93436   30.365473  37.959805  36.712635
  32.46947   38.53845   48.796795  40.332104  38.57742   41.13216
  37.640694  43.45854   43.942352  30.075184  42.242653  39.665752
  33.68319   38.932625  64.21594   45.232338  29.128544  45.683365
  52.688187  29.880106  36.494987  49.94557   41.39732   46.24812
  34.187366  48.540386  43.70181   32.195473  48.788933  45.626358
  40.545795  42.936615  29.992277  36.27982   43.32653   30.10188
  50.127678  32.656586  31.002523  35.107357  45.323853  29.621082
  34.61384   34.512447  42.71815   29.487457  42.150253  40.34624
  33.27763   27.072998  42.828197  35.4812    38.757465  26.300676
  50.63937   38.351845  30.135683  43.250885  34.011677  31.75804
  36.580612  35.759926  40.167454  34.265896  45.929058  47.49608
  37.56238   40.673546  37.3788    32.161995  47.58097   40.635864
  38.301266  35.358986  75.09318   36.5186    38.971806  48.767403
  38.645977  45.4434    38.44196   39.869083  51.112885  38.586975
  32.888496  43.88444   28.1054    57.070763  37.498566  38.723118
  46.526752  37.4352    30.75222   36.55561   42.22313   41.006073
  27.155396  32.78341   35.186108  37.666042  34.808403  38.00512
  34.61645   31.325146  27.38951   31.33666   42.776115  38.553722
  35.25183   51.700016  42.80974   32.45737   41.342777  40.971565
  31.481747  40.173077  38.872047  35.77578   31.826038  39.516666
  30.03577   38.083122  29.785954  53.990513  40.646427  34.03192 ]",0.15425531914893617,0.2504764234026273
2,34,1598,"[[ -9.129277   -14.214739     8.734761   ...   1.2874345   -1.238939
   -4.004667  ]
 [ -4.607444    -1.6636275   -9.523827   ...  -1.75331     -3.654517
   -4.5210695 ]
 [  1.8851452    4.4373603   -1.3907524  ...  -6.477031     3.6711943
   -9.014476  ]
 ...
 [ -6.8626623    1.389275     4.718045   ...   1.0266986   -7.124012
   10.080968  ]
 [-13.1540785    1.3799541    3.1918736  ...   4.1721826   -2.0320103
    3.4156742 ]
 [-13.398026    -6.0775075   -2.6853006  ...  10.915572     7.3189178
   -0.43987912]]","[ 37.709618  41.157444  36.124027  35.359753  32.107372  38.328487
  37.931576  48.880215  43.42118   38.277737  27.511513  36.884995
  31.795534  35.026146  37.210915  39.465576  39.335224  31.766495
  30.35016   28.55658   27.909796  30.449778  44.40371   30.761747
  36.37511   38.45438   38.052334  37.567703  31.467676  40.2387
  37.783413  36.25593   39.41197   30.48356   39.73241   29.512802
  32.92212   32.684864  38.503662  32.57242   38.566505  37.52196
  26.49544   31.077168  34.411526  36.724304  51.744034  33.00257
  49.069016  37.511524  36.08427   35.35134   39.336544  45.952396
  33.710506  36.463734  31.088795  54.67219   29.607422  34.2844
  43.653473  26.35054   37.830914  40.093994  29.283308  33.91578
  40.174866  32.292076  34.159225  41.499916  30.19923   37.311554
  29.812399  32.79412   37.986294  31.494371  30.139677  32.28264
  36.605106  46.03741   29.77508   41.089775  35.588345  39.927364
  39.62863   28.813526  37.766743  31.575918  33.962914  30.581816
  25.678976  36.41291   34.39585   47.008644  37.128536  47.90841
  38.066795  31.171556  37.63945   39.474304  40.648655  32.674965
  46.733948  34.291203  33.62909   37.64877   50.694233  44.235214
  32.31143   32.664047  32.65187   32.697937  45.216587  37.05439
  39.696274  29.257568  53.704773  39.212795  27.969675  52.58663
  29.975327  44.378345  28.865517  35.437077  41.50731   31.197626
  23.599657  47.16111   35.34398   31.818666  42.231537  39.479877
  35.862812  37.417793  36.708344  36.33437   28.768997  37.860687
  50.562485  37.70346   32.084198  31.611523  31.987024  41.711784
  30.47217   33.711765  25.965925  35.110928  37.819313  33.362213
  32.34331   26.48565   42.70063   38.446827  27.409916  30.463688
  36.535908  33.288975  36.431953  54.003963  34.936417  38.09506
  49.327274  40.101505  30.457243  38.021454  33.34654   42.409676
  36.941734  29.026314  37.63036   28.3502    34.492886  47.328823
  39.33032   40.81939   35.14212   29.736944  42.90476   39.738453
  30.67432   28.338188  29.001749  34.85512   35.041164  35.368744
  37.247543  59.09504   43.978878  27.378277  36.307552  39.94957
  34.046425  41.028446  27.7527    27.061079  40.41818   36.243732
  28.25574   40.767212  37.650764  38.11034   41.334248  41.57796
  26.38302   34.52238   30.804436  34.36271   33.59859   36.945152
  24.419277  39.319412  39.905636  27.976328  36.70833   32.437912
  29.756613  34.04366   34.14063   38.22641   35.983368  35.323376
  45.716454  31.194426  43.487194  39.870014  38.42491   49.22943
  41.11604   34.908188  43.312366  34.380245  45.912846  36.909946
  34.916096  29.96657   34.764584  32.259464  33.796566  34.95381
  34.59035   32.134632  33.003418  35.05021   40.48052   42.70645
  40.84117   30.94697   36.702747  32.251415  30.315145  30.824844
  40.420094  36.656376  36.997334  53.553944  29.829004  34.893677
  33.67091   39.15664   38.08022   30.867144  40.997482  42.41397
  33.624702  26.08407   38.728317  28.183695  29.823202  31.491646
  42.917244  48.445896  30.114735  48.01191   27.381966  36.97141
  34.732273  30.695244  32.958824  37.13369   51.144962  42.40868
  29.57501   35.75151   59.980442  32.012856  32.43373   29.30419
  29.89725   33.522408  41.262463  41.026047  37.173347  31.315094
  33.79088   39.295975  37.52663   34.055058  27.833918  32.499836
  31.953224  34.12359   38.84403   31.723501  29.952408  43.52123
  29.937212  31.791136  32.350437  31.638453  44.648006  32.04925
  40.18159   40.38165   56.24906   36.925476  34.671642  40.751286
  41.739124  33.417755  30.51324   41.216064  33.249348  36.478832
  30.846426  28.277052  37.74789   41.398945  36.533737  48.063507
  43.500755  38.474453  33.474712  40.87032   36.16917   40.69487
  76.73425   30.724072  36.961647  33.669666  31.59686   48.559097
  31.38193   35.699814  58.683342  36.169556  32.207314  37.725937
  34.725536  34.829327  36.24158   33.7688    31.346424  32.509117
  44.95063   41.345703  36.812275  30.280931  38.476036  41.330513
  31.846895  58.505722  36.405952  29.437433  37.838764  31.751694
  29.820967  51.959743  32.623875  29.795786  48.93487   38.828537
  43.41154   38.839577  27.44589   31.818789  30.150696  37.153473
  44.82121   44.78971   29.190218  26.942108  34.596012  30.83948
  32.551125  37.53008   48.55587   38.739445  35.873306  42.015293
  49.694607  33.76857   32.51558   42.520493  33.063343  33.525124
  26.84687   50.34606   28.67923   28.523483  35.47475   34.732685
  39.966297  39.039623  29.576878  49.061916  34.30112   41.956768
  37.287354  26.861198  40.485394  32.665306  32.12784   42.431515
  47.025368  38.054855  46.657806  49.111645  28.351969  34.36089
  26.823437  33.499752  37.96911   44.145298  40.2021    33.486034
  29.024757  40.226254  32.742344  41.278034  33.83302   35.71539
  33.978233  24.4744    26.911766  34.87133   27.500303  42.051
  42.15206   33.62713   35.1458    35.907146  41.698734  37.680027
  31.127878  29.341166  37.753876  38.671173  33.41921   40.504177
  28.636015  26.242535  43.273926  35.007877  43.87788   41.10982
  37.017395  48.48164   32.059704  32.314816  41.482788  37.59673
  35.171413  34.45782   25.149097  31.113129  46.55046   32.480522
  30.766281  36.114326  42.19923   26.286366  24.902395  30.487654
  42.20735   33.56683   36.808434  30.676346  33.81588   44.62641
  52.944458  28.8598    28.98146   34.535984  31.443083  29.63347
  25.582705  30.581324  24.747429  41.98488   43.23382   49.17381
  44.407955  33.97067   32.25537   32.2813    35.617004  43.95431
  33.195507  34.217632  44.90784   50.257797  36.954926  43.215763
  35.556797  24.025295  53.82889   44.52922   32.197113  30.506725
  32.20205   47.74351   36.955753  40.093136  39.36918   42.73433
  32.978764  27.59751   33.893475  36.33644   32.779446  36.907486
  32.381546  37.156506  36.010395  32.97575   36.758694  45.722885
  41.04485   36.02922   40.174465  43.692635  38.22817   36.82997
  34.892014  35.213436  30.104752  43.933285  35.068134  33.435776
  37.528847  27.783546  27.445759  40.455845  37.36531   30.086735
  38.413563  37.196865  45.05891   34.587936  31.905008  39.09217
  35.88499   43.328976  26.090029  36.2371    41.707153  36.288113
  28.765352  32.538685  46.643074  34.135727  38.00222   31.634933
  33.11097   34.86423   32.636112  35.65343   32.75584   37.44653
  32.59287   30.510952  30.439552  31.527617  45.48061   34.3284
  37.84697   51.83389   32.888306  30.780336  39.137764  29.62935
  36.502625  40.159576  30.42943   34.597828  46.623375  38.196415
  37.7471    30.220572  33.988327  44.619247  38.82584   39.220768
  45.48715   36.65689   35.285378  56.70622   40.662395  35.103233
  40.518906  48.21063   30.92033   30.606552 264.60358   43.58642
  34.854424  48.22157   38.244877  33.633755  28.25075   25.921495
  28.931917  47.35231   32.887688  46.118927  54.86758   38.11187
  37.17092   46.037178  34.74957   45.691475  32.131943  40.046223
  63.677937  42.60981   31.89031   44.52464   35.06925   42.75208
  34.2845    32.594208  23.372107  39.65811   29.64437   38.706646
  37.817463  24.733774  31.74349   27.235355  36.40236   34.57776
  29.205696  35.60449   46.18457   36.899487  36.5447    34.47399
  33.291294  39.187824  34.873215  28.358286  37.263653  35.16951
  33.35642   35.57512   60.24964   42.493145  28.784456  40.09974
  49.35883   28.033371  33.55681   44.89554   40.85943   41.57009
  31.205746  42.65458   42.241394  29.083263  45.001747  41.46128
  38.46935   38.68538   28.380428  35.698853  43.473274  28.0243
  45.30211   30.103188  29.100237  31.871847  40.975864  29.205393
  33.894928  33.39261   41.72684   28.720667  37.913006  37.682026
  30.746254  25.264477  41.27889   34.35072   36.53951   24.286552
  46.45297   37.453968  28.656773  40.283905  33.325825  29.708128
  34.109966  32.342934  39.341843  32.12975   42.2367    43.429176
  34.41402   39.701942  34.330368  29.258314  44.7094    39.57972
  38.703663  34.71028   68.32291   31.452482  38.313362  44.036697
  34.67019   42.655437  37.438908  37.84153   48.869698  35.44443
  29.714853  41.64657   26.2562    52.262012  32.252045  33.2222
  45.67504   32.91951   28.202326  33.389996  37.643387  37.50498
  26.030853  30.967535  31.05232   36.264725  33.17468   35.951805
  32.791496  30.250484  24.884132  30.48812   40.04645   34.876457
  32.794437  48.489105  36.83614   30.27216   39.87329   37.48503
  30.307737  39.079227  34.74579   32.18105   29.035872  37.2637
  30.02222   36.88342   26.764679  48.029938  40.081783  30.694475]",0.24095744680851064,0.3106320098042488
3,34,1598,"[[-5.505835   -1.9279115  -5.0447164  ... -3.7500193  -0.02864865
  -1.0071373 ]
 [ 0.89864856  4.5361323   0.82348216 ... -8.048354   -0.8163399
   1.7325958 ]
 [-1.4772549   0.42903617  0.6757019  ... -5.9705133   0.32147643
  -1.5209898 ]
 ...
 [ 3.1360614   2.76088    -0.07711317 ...  0.762306    0.11582202
  -0.6728191 ]
 [-0.13067865 -2.7922494  -1.3663794  ...  8.624961   -1.0025408
   4.403965  ]
 [-6.300116   -0.8310134   3.6310606  ...  4.0576825  -1.8415335
   0.88583916]]","[ 33.704605  38.732292  32.050293  31.349537  28.70449   32.175613
  35.252625  44.349697  35.281704  36.87853   27.26028   32.850327
  29.115593  31.639454  34.743797  34.966587  32.55269   32.02551
  30.013771  27.726393  24.392317  29.036577  40.395782  28.415821
  31.681477  34.59209   35.898243  34.5813    30.16007   37.56208
  33.31375   34.448307  36.11      25.961452  34.411377  26.753786
  28.64103   28.388449  35.55034   29.942097  36.16109   36.225174
  25.422764  29.399963  30.954609  33.09627   44.428448  29.233438
  42.84003   35.24665   31.362263  31.431189  34.367493  39.5837
  31.814363  33.35634   28.579674  50.163795  26.51541   33.561462
  39.994774  23.573492  34.946453  34.030903  26.57319   29.62539
  36.857483  30.676268  31.930067  37.720364  28.580084  34.06355
  27.494886  28.264946  32.191387  28.77255   28.433935  29.721786
  33.585194  42.800625  25.455101  32.31802   29.815802  33.64737
  38.190815  26.453316  34.778606  26.59995   31.583866  26.39618
  25.006096  34.061535  30.63883   43.62887   36.105232  43.02436
  33.69759   30.194445  34.876198  37.733543  36.58427   30.36077
  44.558777  31.242306  31.477915  33.97069   43.460476  35.105003
  29.637655  26.830853  29.127695  30.168734  39.853107  32.62891
  33.94193   29.004833  44.66022   29.229414  27.356586  50.915745
  24.413752  42.359673  25.826422  30.471045  38.84721   28.783611
  22.320368  39.443436  28.31198   28.72028   37.296783  36.108936
  31.900862  33.550182  34.68892   33.093815  27.256226  33.29052
  44.653473  31.912508  30.085552  28.893     28.78743   40.415905
  30.192766  34.34948   22.043247  33.835846  34.14948   28.439884
  32.655144  24.281654  39.587944  32.379517  24.218357  27.71003
  31.251953  31.500856  34.547874  47.31762   30.990957  33.775818
  45.57849   38.153645  28.117702  35.76177   30.703403  36.02157
  34.79226   24.420238  32.7687    25.446861  30.109932  42.86948
  38.280636  35.08047   32.70192   27.595829  37.68745   37.38754
  29.432201  28.068102  27.015934  33.236782  30.494982  27.210386
  31.53773   54.871025  37.5145    25.748945  35.423233  35.152905
  30.247194  36.144936  25.822966  26.734957  40.211945  32.51158
  26.505816  37.116287  32.035057  35.32097   39.829903  37.22258
  23.20872   33.25284   27.937374  29.634535  32.068813  31.663897
  24.015987  34.367844  36.33293   24.825151  32.555817  31.145687
  25.872932  30.269691  29.965282  34.09476   32.469837  30.249958
  39.267174  28.287216  36.24043   35.256638  37.68358   44.803333
  37.726067  30.000452  41.407425  31.315735  36.522987  34.27828
  31.405973  26.571547  32.36633   27.933716  29.38084   32.499203
  33.09643   26.398907  29.62115   30.31494   33.820988  36.72476
  37.10039   28.53123   35.521767  29.15756   28.800175  30.728453
  36.991577  33.424637  33.159267  45.393112  25.163958  30.976868
  27.827463  37.23137   34.561714  28.471338  32.410492  37.273037
  29.896532  24.160284  36.360035  25.4808    29.657404  28.784487
  39.469524  42.292908  25.652576  42.307182  26.62667   32.169044
  31.375803  26.311977  32.990562  32.213356  43.62174   38.24245
  28.482758  31.038698  54.138058  30.920431  29.514954  29.452583
  27.004538  31.211658  36.703426  36.59791   32.881256  30.112703
  29.990665  36.60293   35.83589   31.441683  26.79711   30.257416
  29.094656  30.598927  34.864113  28.299274  27.210384  40.097538
  28.724949  28.316572  29.059166  29.232016  40.345913  30.62461
  38.035545  33.068142  46.243732  31.500761  29.591988  36.822235
  39.23117   32.073387  30.141905  37.927998  29.627487  32.69082
  28.551857  25.95983   33.33976   36.339005  33.786766  40.480305
  43.26285   34.672997  30.446499  41.431     32.974392  35.46251
  67.97684   27.613676  34.524044  30.139994  30.240868  38.001854
  29.554035  30.942165  49.209583  31.65365   30.293337  34.282043
  31.076534  31.56726   32.674423  32.19693   27.0849    27.71263
  40.878292  36.853153  32.888252  27.869198  36.323284  36.01986
  30.015162  53.93295   33.823925  27.227957  35.80958   26.907623
  26.152683  46.302727  30.911083  26.697317  39.6859    31.03604
  39.25171   33.89945   25.392675  30.504948  29.145763  32.560688
  38.658127  40.722324  26.052574  23.096735  30.773314  26.905275
  31.449772  33.000988  42.496105  36.814373  33.647373  36.35223
  41.194447  30.162663  34.01773   36.078533  31.514303  30.092304
  26.773481  42.62644   24.372704  25.915165  31.155798  32.305195
  36.00985   33.75699   25.197775  45.856995  29.86778   38.197723
  34.83449   23.996136  34.96248   31.943287  29.374496  35.446556
  45.02059   33.666702  40.499718  35.483627  22.327263  31.846
  24.62262   31.24164   32.102753  38.59518   36.60563   30.678102
  26.27952   32.774837  28.234594  37.467556  31.8732    36.025192
  31.592773  21.761894  26.140812  32.204132  25.985949  34.097805
  40.871685  30.579058  32.377213  34.90406   38.067898  34.328926
  26.73166   26.916296  36.882416  36.13043   31.760813  37.97934
  26.432405  24.199564  40.676865  32.599766  38.497986  39.643875
  36.752747  44.495396  31.58025   29.327759  37.15283   30.890657
  34.29126   33.49871   23.309929  30.292168  42.56303   28.370085
  25.205666  32.97448   39.56569   22.43043   23.96121   28.74774
  37.66887   30.60038   31.839397  28.835487  28.108707  37.79721
  44.52152   26.071836  26.211117  31.220625  27.425344  29.814333
  23.710764  27.236103  22.170927  35.621628  40.710125  44.004093
  37.551464  28.069414  32.115242  29.604544  33.112812  37.572372
  28.119894  31.656963  38.65832   43.627773  32.129124  42.83424
  30.99231   19.838968  48.42892   39.92956   29.12529   27.708342
  29.868343  42.938084  32.062344  35.472557  36.66738   37.44954
  31.423761  24.307058  29.654573  34.22377   32.306202  34.595333
  30.177073  31.899239  34.444286  32.14982   33.51147   41.002808
  39.432716  31.551178  36.057312  38.409416  37.735462  36.771652
  32.25011   31.162012  27.77305   41.15393   34.051216  27.506752
  35.143208  26.966467  23.731543  37.839046  36.10575   26.697927
  33.502136  35.650253  43.53335   31.757496  26.328072  34.416954
  31.71917   41.048737  24.940067  31.963263  39.416763  33.72018
  27.68527   29.558586  43.749454  31.90293   34.911583  31.033192
  33.20462   31.79483   29.250254  33.611702  29.30255   32.694622
  29.660738  28.94309   27.347614  29.265507  40.529907  31.178268
  34.96136   42.633644  28.900862  29.22933   32.45057   26.820135
  32.83509   39.463806  30.338676  31.470694  40.531998  33.299515
  33.624207  27.83406   32.234463  41.53705   36.78627   36.401543
  37.604546  33.452705  32.61025   48.750893  38.147213  30.921867
  33.509136  41.47643   29.575254  29.49663  258.0421    40.451862
  32.687893  42.52581   34.94713   29.044935  25.38948   23.669395
  27.725327  40.210068  29.063774  40.03898   48.533913  36.29141
  30.953808  40.234303  32.120277  39.438988  27.144005  31.968699
  51.888878  34.37817   30.119263  42.074253  32.566097  37.20069
  33.315506  29.863201  22.272604  34.988453  27.655375  35.13922
  31.123466  23.30743   29.399511  25.354763  35.13651   32.87829
  25.917946  33.38683   42.082153  32.35129   34.411892  30.27669
  32.220272  34.304558  30.200321  23.008821  34.04692   35.31382
  31.28858   31.1253    56.19515   40.737583  27.738152  37.1826
  42.38272   22.920355  29.198599  44.028034  36.616272  39.04323
  28.218193  37.28986   38.006138  26.880362  39.012783  33.155567
  37.23839   35.7885    28.053953  33.272423  35.234756  25.968845
  40.85576   26.713585  27.518688  30.7549    34.285     27.651228
  34.2454    29.50792   34.041534  27.754045  36.667652  34.962444
  28.895443  23.304668  38.492725  31.690134  30.382996  23.959543
  39.59596   29.658188  25.494791  37.886196  30.057957  28.128773
  29.975433  27.540146  33.62666   30.225716  37.983418  36.52004
  30.364582  36.906723  30.679487  26.892122  39.519157  39.575657
  34.147095  29.073261  54.511654  30.562466  36.669193  40.296715
  32.24826   39.5492    36.226757  32.71079   43.55053   29.51026
  30.273249  37.700836  25.36822   46.0724    30.950525  29.444433
  43.793945  29.598793  27.775856  28.735628  34.45728   35.625027
  23.913544  28.890821  27.578514  32.88206   28.953573  33.108753
  29.633846  29.105156  22.639309  27.382202  39.18968   33.054157
  29.763062  40.659283  31.155167  26.297832  36.66044   30.761578
  27.148136  36.504215  32.16723   29.906813  24.83195   34.382103
  27.27167   33.234978  26.86626   44.81927   33.84258   28.207748]",0.35106382978723405,0.3822484771410624
4,34,1598,"[[-0.6524113  -1.8754659  -0.25694117 ... -2.7733788  -2.1155221
  -0.14918604]
 [ 3.422401   -1.1856238   1.5274916  ... -1.6885417  -1.1902499
  -0.6800944 ]
 [-0.3676913  -2.9460104  -0.8601919  ...  0.33447096 -1.8316787
  -1.2485063 ]
 ...
 [ 0.07964984  2.5324397   0.90494674 ...  0.77195305  0.4453707
  -0.11161172]
 [ 3.8712637   1.7212394  -2.7463424  ...  1.0797101   1.0714588
   0.99172086]
 [-0.18575181  1.0459172   1.3912225  ... -1.7616477   4.1575384
  -0.8755503 ]]","[ 30.647293  33.221043  27.695614  28.155703  23.892286  26.967834
  31.444925  39.63142   31.261786  32.47465   24.853144  28.952074
  26.200878  30.126612  29.487305  30.315546  27.560251  27.021893
  25.707312  23.06721   21.429178  27.673948  35.07546   25.590466
  27.334724  31.672064  32.41741   31.79824   25.953016  32.159393
  27.761143  30.174026  29.291279  25.172926  29.990137  24.08404
  26.682358  26.90082   33.63515   28.752481  33.374474  33.56198
  24.376436  23.175303  29.03511   28.983145  38.60546   24.360584
  35.762543  29.856071  26.845366  28.323547  31.660786  34.8135
  28.71399   29.899227  25.984228  40.656834  22.933111  30.00766
  35.540993  20.231802  32.10067   31.604578  24.089579  26.965816
  30.881367  26.825188  27.509768  33.436832  25.564198  28.686394
  23.339384  24.555283  27.880888  25.616741  25.093082  25.78694
  29.510696  34.876247  22.964788  28.640833  27.616465  30.76048
  33.386806  22.95944   29.178307  23.121601  29.79891   25.078032
  21.915173  31.434196  26.005392  35.607666  30.158073  37.496643
  29.009695  27.770237  30.427908  30.286804  28.69452   29.852999
  37.902317  28.847013  28.18033   31.223845  37.258923  33.14841
  24.526758  23.1943    26.425303  27.991577  31.718195  29.011457
  29.844582  24.126804  34.863827  21.99931   22.712343  43.83817
  23.33966   35.04037   22.163137  28.298717  32.977085  24.815533
  20.32496   33.181976  26.619442  23.626966  33.456863  31.61696
  29.271494  27.982126  31.432491  26.644434  24.300827  28.019243
  39.691223  28.532532  27.592173  25.12033   24.730303  34.888634
  25.199005  29.54415   21.56093   29.899883  31.57815   26.094023
  29.43184   21.987503  34.269226  28.8214    21.854708  25.423506
  27.078844  27.364681  30.62009   37.91393   30.783314  32.045895
  39.03098   32.82249   25.972534  31.503622  26.555288  31.465672
  29.294968  22.607891  28.857203  23.192156  26.353962  37.50114
  32.846924  29.496895  27.657764  24.463957  34.084763  33.449833
  26.061874  24.559216  22.660599  28.35292   26.449427  24.178907
  29.26871   40.184227  31.093908  23.319614  29.874527  28.994762
  26.65176   33.708176  24.336332  22.97067   34.40752   28.346241
  24.522533  37.238464  27.68433   31.453043  33.30869   30.804577
  22.14292   30.20176   24.481262  25.96782   26.617086  29.182463
  20.63307   32.957058  29.364532  21.230165  27.46528   24.815422
  22.761555  25.181469  27.033504  30.149118  27.312983  26.606987
  33.66508   25.682121  29.094606  31.284775  32.063408  38.175617
  32.41057   29.094158  35.807728  28.538237  31.109467  33.44197
  29.597786  23.504812  29.46597   24.896973  25.234314  31.505594
  28.012362  26.506031  27.523026  27.480433  29.554396  31.148129
  32.177864  24.998274  30.996372  28.710115  27.544487  28.783306
  31.80273   29.633097  26.62808   35.297577  23.136808  26.06532
  23.717056  33.555458  31.682655  24.262762  25.855566  32.49504
  28.090422  23.538721  31.95304   20.570345  25.684025  26.81867
  32.873928  33.81498   23.875998  33.783115  22.878899  28.688828
  27.139109  24.826681  30.02091   29.334637  35.194508  36.02764
  23.64468   27.720543  49.187057  27.469208  26.482035  26.612692
  24.579735  27.830769  30.362196  31.238596  31.817474  26.995108
  28.358093  32.730247  29.55499   27.477003  25.386772  25.80828
  23.668741  28.832506  28.237793  25.973063  21.861942  32.61689
  25.644184  26.268204  27.497993  26.764025  36.049488  25.837452
  35.69516   30.700918  37.42003   28.583511  28.390781  32.24344
  32.11588   27.457672  25.56763   34.58248   26.924927  26.950346
  25.9261    22.804247  29.610819  30.353281  30.36615   34.136658
  33.947727  28.646063  26.253422  35.88667   29.054571  30.124033
  50.115215  26.141697  30.95699   27.999527  25.458138  32.56181
  24.62312   27.83339   40.13159   28.075693  26.041922  30.587395
  28.448357  27.573227  28.612602  30.388472  25.143572  25.030989
  35.195835  31.635809  29.395332  25.392595  32.137848  33.291138
  27.59244   44.795097  29.12993   23.786371  32.328533  24.72337
  24.31099   38.192665  24.671751  24.021523  37.160286  26.762224
  34.774837  27.618042  21.585144  26.745005  24.3986    31.111565
  34.59881   35.54933   23.40348   22.20266   26.674307  25.946812
  27.571741  27.276644  33.11895   31.48586   31.030489  32.168804
  32.71352   25.1809    27.927814  32.002632  27.783955  27.09
  23.129993  34.04158   21.151052  22.83776   26.266602  31.040672
  30.373251  29.053623  23.717806  39.031578  26.50949   33.661827
  29.52434   23.125711  29.592916  28.582565  25.69366   34.871784
  36.687317  29.531769  34.268425  28.498127  20.795258  26.698908
  23.07037   26.555836  28.245686  33.735874  32.37163   30.30322
  22.285181  29.053467  26.115547  34.69185   29.109568  29.22301
  27.656195  19.798414  24.091307  29.629826  22.887278  28.86153
  36.126167  25.821884  28.792747  31.992155  30.009726  32.44432
  23.549011  24.499058  30.52343   32.413723  27.35876   29.281942
  25.400038  22.074268  35.271267  28.793577  32.899483  33.315517
  29.965445  40.659836  29.339376  26.797089  32.80919   27.722862
  30.557215  28.197657  21.012375  27.896683  36.949257  25.065744
  24.086435  30.317348  33.927917  19.319399  22.80648   25.698126
  31.98819   26.719023  28.11417   24.12989   25.091764  32.673138
  36.909912  24.068043  23.292164  27.635265  23.09612   27.027285
  23.21692   24.282274  19.552113  32.12973   36.51822   37.404346
  31.316603  24.360376  24.633604  25.795702  29.47106   33.72739
  25.07714   27.198322  33.34301   39.108982  28.541039  35.26363
  26.17745   18.886261  41.181328  30.023363  28.116522  24.082787
  25.139757  38.416775  30.68785   31.996555  33.37021   33.172123
  26.51945   21.174507  26.782194  28.11234   28.33177   29.621597
  27.247759  26.492208  29.792263  28.25138   30.173962  38.867355
  33.640186  29.45001   30.643284  29.63801   31.869007  30.182526
  27.121395  28.639044  26.78099   35.583244  29.853443  25.100348
  31.350729  25.48107   20.880804  33.628544  31.4783    25.215536
  31.678396  30.848515  35.228218  26.491966  25.356289  30.106056
  27.098093  34.3032    25.003017  27.993237  35.33817   27.830814
  26.432978  26.486204  35.39799   28.781523  30.823282  27.22192
  27.316181  27.280573  23.828604  29.012672  25.338903  30.49808
  27.117748  27.103283  25.184975  25.982443  34.428387  27.286652
  31.209581  33.126503  24.72464   25.62388   29.998363  23.48805
  28.324127  32.632286  25.719147  27.757269  36.612648  27.977985
  30.656225  25.46735   29.805305  31.274458  31.776358  33.082485
  31.755123  30.268082  29.966944  42.635403  36.50624   28.397587
  29.387766  36.705193  25.898438  25.598469 229.35255   35.32346
  27.374916  36.817898  30.329659  26.194725  23.029654  22.42239
  25.819082  33.46146   23.970043  35.502796  41.79441   30.367498
  27.067892  33.794136  29.132433  36.05297   24.078655  27.701616
  38.108593  29.602915  25.29578   36.811497  26.508507  33.197845
  29.416777  25.465694  19.205442  30.748693  25.359926  30.620874
  28.080345  21.020584  23.959585  22.33456   31.079866  28.458645
  21.081924  28.28821   35.825222  26.971668  33.376858  25.764471
  27.859957  28.394003  24.762346  19.989761  28.863983  30.458534
  30.850721  28.014256  45.269756  37.00877   25.506914  33.488277
  33.400955  22.630632  26.824673  38.478504  31.29338   31.738968
  26.573956  34.668236  33.539883  24.914816  33.859543  30.860468
  31.103407  30.559126  24.172009  27.354824  31.094872  24.33653
  34.64915   24.503971  24.492943  28.248178  29.0384    23.118162
  29.940376  26.60886   32.45968   24.48826   32.866337  31.408869
  27.984272  21.33165   31.84909   29.963596  25.102797  21.833689
  37.107067  29.330404  22.711325  29.774878  27.78233   25.282217
  26.894302  27.298586  29.300413  27.285847  33.05684   31.716267
  29.360617  31.498331  27.461826  21.532312  33.446873  30.502306
  31.178726  27.3528    42.254154  27.168114  32.96068   37.549522
  25.680576  32.573494  31.451418  29.389229  39.121174  25.88419
  26.325094  31.9216    22.589706  38.84971   26.863703  27.75979
  35.538555  25.754807  25.07417   26.770985  29.688074  29.295536
  22.015871  24.85678   25.137838  29.645632  27.99603   30.95427
  24.864792  25.799591  20.893541  25.167408  35.381985  28.124681
  26.724749  35.076954  29.406256  23.163988  29.342686  28.490965
  24.835176  31.28093   27.119871  23.663954  22.031067  31.34314
  23.141214  29.281218  24.436642  41.3659    30.463842  24.932348]",0.46063829787234045,0.4482851634422938
5,34,1598,"[[-0.91023755 -1.2549714   0.4106137  ...  0.34064412 -0.19147235
   0.93542576]
 [ 0.07176603  0.06169181  1.0381705  ...  2.5866084  -1.1116523
  -0.15691994]
 [ 0.17041287  0.9631122  -0.5354656  ... -1.1883112   0.41629273
  -0.32022122]
 ...
 [ 1.3526489   1.8891078   1.0077707  ...  0.6401513  -0.4008651
  -0.25461861]
 [ 0.2679879   1.092317    0.31278116 ... -0.8790601   0.24247494
   0.9484641 ]
 [ 0.08956019  1.7034879  -0.1717218  ... -0.23903114 -0.41636676
   0.31466407]]","[ 30.295506  30.383846  26.675343  25.272465  21.781076  25.45382
  28.33332   36.566692  27.817694  28.802393  22.233753  25.802807
  24.147726  24.211998  26.797167  27.11765   21.24468   26.389183
  22.68261   21.042986  21.457409  24.462696  30.86301   22.826675
  25.92513   28.82893   28.945585  26.625149  21.377989  29.727142
  25.911217  28.282772  28.703154  20.689487  27.755592  20.726162
  22.260696  24.989727  29.575006  24.555635  33.187523  30.968782
  22.467752  23.934221  26.868605  25.486357  34.45472   22.424713
  32.416813  25.19445   22.475069  26.082996  28.996914  31.458227
  23.264267  27.903885  22.946178  34.1243    21.62404   24.631716
  28.969908  19.793829  29.708065  29.61329   22.096344  24.686996
  27.814476  26.464552  26.096964  29.359339  23.254368  27.538975
  19.988083  21.477526  24.537703  23.046396  24.636059  25.097761
  28.96657   29.91856   22.209208  25.72325   24.230364  28.059387
  29.345125  20.427643  29.100914  19.599823  26.320158  21.110025
  21.56969   27.680742  22.433846  32.165176  25.355726  32.564213
  23.55704   24.657557  26.612207  25.68367   27.04006   25.283709
  33.746857  25.15628   25.305004  30.511858  33.671467  28.94267
  22.785175  21.15089   23.663246  27.78468   32.00492   23.735884
  27.54684   22.094938  33.064644  17.627676  20.777449  35.86958
  21.167593  32.392643  22.143715  24.48817   30.237963  23.072308
  18.205793  32.297977  23.178509  22.120203  29.833876  29.937325
  25.158583  23.787226  28.57045   21.86871   23.923954  26.304825
  32.710403  26.781462  21.579609  22.43553   21.313416  32.22971
  24.252325  26.35428   19.622128  25.900066  28.983957  23.374989
  26.449482  20.55181   31.305254  26.155878  20.076435  22.792883
  23.054113  24.858347  27.820738  34.047802  27.938362  27.72282
  34.128223  29.262762  23.5151    29.5474    25.099718  25.781662
  25.535027  18.875723  25.750914  20.782866  26.05005   32.984764
  28.684265  29.053265  23.563807  23.721424  32.07829   30.145218
  23.925026  21.83066   21.494617  26.23247   23.654106  20.98973
  26.291245  34.945934  31.664814  21.286093  27.451189  25.56531
  21.669685  29.091413  20.201412  20.805893  30.825602  23.531109
  21.587543  30.588974  26.825686  29.702318  30.118374  27.344202
  19.783724  27.638655  23.442575  23.784922  25.512756  26.758072
  20.409157  29.41697   27.776049  20.245897  27.379168  24.836178
  20.7854    23.62842   24.683483  24.20751   25.384521  23.381575
  31.468388  22.507399  26.62022   29.256512  31.756134  33.25309
  31.27217   24.697294  31.201183  26.751976  26.567968  28.685415
  25.330826  21.60096   25.415262  22.045351  26.883904  26.456835
  24.238676  24.970346  25.145073  24.921684  28.262917  27.808193
  28.643064  23.01346   26.942263  24.24356   24.144253  26.921051
  26.928173  25.35239   24.520622  28.529604  21.67018   24.869753
  24.325804  29.791052  29.448631  20.231237  23.080019  28.690977
  24.050068  21.024687  30.142353  19.000933  25.805439  26.307215
  28.386412  32.338764  21.37295   32.19763   21.986334  26.374853
  23.949482  22.052504  25.520906  26.287811  32.138054  32.505062
  21.42255   23.708864  41.28388   24.280203  26.330282  23.282059
  21.612713  23.467424  28.981613  26.006424  28.256802  23.404415
  26.123135  28.463379  25.227882  25.983349  21.95909   24.846134
  22.41763   25.936857  27.38378   22.35812   20.50477   29.759495
  22.509706  23.082624  27.717937  23.936554  32.575325  23.709007
  30.63238   26.721853  31.357     24.725391  26.26226   28.408361
  31.505003  26.191803  24.071875  31.584084  25.08274   23.290676
  23.666128  20.267126  26.46276   27.905083  26.701036  29.469936
  32.22479   27.154768  24.301563  33.016956  26.421543  26.28099
  42.04552   22.861805  25.992813  24.130133  23.495092  26.702564
  24.100037  26.696093  33.10229   25.563137  24.898737  29.31547
  26.123074  26.227598  26.000277  27.087254  22.912373  21.871843
  30.10992   28.12146   27.157787  22.256899  29.682396  29.985182
  23.430399  42.606136  28.600521  21.709452  29.309277  22.618256
  20.648438  35.396954  22.439955  22.916784  32.26157   23.64328
  29.826454  23.03003   21.24308   25.915667  23.416813  26.587303
  29.784273  32.1577    23.52397   20.80353   23.607065  22.46822
  27.28458   23.627192  29.95775   28.365067  27.590967  30.193537
  29.029415  23.305964  26.977554  30.941206  24.571627  24.97265
  19.644005  29.685835  20.535347  20.399364  24.738626  27.843786
  29.704693  25.929743  22.664114  32.999065  23.686691  29.9803
  25.589441  20.240988  25.737553  25.01958   24.716522  29.380919
  34.481674  25.969421  29.545267  26.05183   17.140974  24.527994
  21.284716  26.504498  26.819462  28.847229  31.33883   26.972525
  21.360111  29.111704  23.002007  31.025925  26.720303  26.54637
  27.052313  18.72115   20.269564  28.151766  22.145184  24.303774
  32.074738  23.974287  29.054132  27.920177  27.760193  27.257465
  20.665195  23.471386  31.162687  28.998827  23.270084  28.870985
  21.948313  20.816654  32.908276  28.695717  29.27839   31.958544
  27.59076   35.364254  26.267532  24.639217  29.876076  24.732473
  27.646883  26.569115  19.632935  25.891287  32.763638  22.277979
  20.427586  27.808329  29.527754  17.373255  20.45059   23.000404
  29.247408  22.911205  25.182932  22.448973  23.168505  29.275852
  31.352911  22.239687  22.862658  26.496859  17.500784  27.207962
  20.404123  23.832644  17.317793  27.6688    34.75794   36.717957
  30.322205  23.059305  22.60265   25.72975   24.590935  28.99201
  22.804373  25.584719  26.544334  35.542896  29.835045  33.325607
  25.584631  16.663368  35.21962   26.029205  23.804358  20.864534
  23.717882  33.235172  27.060207  26.581478  27.711441  31.274248
  23.18866   19.749973  24.315035  27.209799  25.822746  27.509995
  24.66834   24.62558   28.528461  25.721321  27.0116    32.45802
  31.469162  24.77072   28.822023  26.070751  26.853758  27.793459
  26.382843  25.026024  23.393835  31.610737  24.959503  23.081898
  26.982473  23.090418  21.118988  30.412474  30.392992  24.05437
  27.089159  26.184206  34.60493   24.285309  22.367659  27.110825
  25.974592  30.21759   21.324076  25.384947  27.743185  25.42024
  22.56814   25.216318  30.405497  26.599018  28.087364  24.186197
  25.08709   25.736732  25.19442   24.248953  24.50067   30.269604
  24.756565  24.839535  22.753681  22.75276   31.913542  23.476791
  27.795898  29.451014  22.1007    24.74389   26.471922  21.367102
  25.96059   27.397831  22.747835  24.708876  35.037426  25.861689
  26.435814  24.676313  25.297098  29.207457  26.935844  27.630781
  27.611547  27.759825  25.749653  37.345974  34.938923  26.910341
  27.907488  30.273378  22.10267   23.060175 229.51411   32.551487
  25.84744   30.410301  26.761505  22.36485   20.52689   20.618816
  22.359938  32.43061   23.817768  31.721262  37.40682   27.048018
  23.276808  30.170147  24.549301  30.317846  24.401535  25.421032
  29.656595  25.765202  21.176977  33.30058   23.20418   28.559084
  29.179525  23.617691  18.965647  26.493917  21.879805  28.541077
  25.807505  19.545578  22.341825  21.917852  28.174105  26.428656
  19.333437  23.606379  31.697412  25.20692   29.30708   24.440659
  25.377163  27.149315  21.138689  19.359606  27.630598  28.195614
  27.7872    23.865414  39.78278   36.1268    22.535881  29.824507
  31.486134  19.990948  24.506165  33.259094  29.295311  27.718372
  23.932068  29.15373   31.289806  22.976395  28.619839  29.402683
  28.674839  28.481176  21.515455  25.273249  26.81975   20.212132
  32.77108   22.93284   22.416979  25.233747  27.859276  21.54139
  27.509214  23.309937  27.063337  21.893112  30.317625  27.087133
  23.207523  17.307093  25.45822   27.206572  22.463203  18.83683
  32.48061   25.340902  21.012083  26.912718  24.029623  22.531769
  24.674816  22.290417  27.389887  24.795496  28.156643  26.855337
  26.390726  28.300482  26.341612  20.222612  31.149368  27.269794
  25.87741   24.748268  37.658497  24.0234    29.534893  29.154434
  25.321812  28.829037  28.622398  24.144827  34.07454   21.016438
  24.357168  30.015522  20.801977  32.79166   25.146759  26.409485
  31.080685  24.495974  22.788126  23.785334  27.821663  27.750689
  19.714058  23.844154  23.895914  25.102997  24.885042  27.31596
  23.349384  22.18563   21.307491  24.233368  30.261364  26.298113
  24.19649   29.6396    24.772266  19.754478  27.402836  25.894993
  23.259232  27.834518  26.20508   25.402594  17.671782  27.001213
  21.48608   27.270424  22.197588  37.19655   27.448769  23.191366]",0.5287234042553192,0.5011447827021281
6,34,1598,"[[ 2.8704304e-01  6.0889220e-01  1.8461464e-01 ... -7.6535004e-01
   4.4577342e-02  8.8591024e-02]
 [ 2.9130861e-01  7.1775025e-01  9.0598994e-01 ... -3.1052342e-02
  -6.9023490e-02  4.6514747e-01]
 [ 6.8120795e-01 -1.2420650e-01  1.6215026e-01 ... -6.5796539e-02
  -2.7914673e-01  3.6740422e-01]
 ...
 [ 8.4917879e-01 -3.2228798e-01  3.0979848e-01 ...  1.5729895e-01
   3.8885334e-04 -1.2039029e-01]
 [-5.8519691e-02 -1.2349042e+00 -6.3025695e-03 ...  2.2966419e-01
  -5.4081731e-02  2.0070522e-01]
 [-8.1229818e-01  5.4191715e-01  5.1619631e-01 ... -4.5615950e-01
   3.5369766e-01  3.2346293e-01]]","[ 29.743793  26.472033  24.276035  23.543121  19.63816   23.430395
  26.285458  33.24714   26.866468  25.305805  20.573145  21.490911
  23.545477  23.227047  27.336603  24.131437  17.423754  24.29315
  23.722673  19.648731  19.221521  22.067234  29.068346  23.02616
  23.935816  24.330538  27.025736  24.746447  19.444147  25.872185
  21.004509  26.395468  27.6419    18.854015  27.242487  20.030369
  22.730156  24.16944   27.67095   24.354979  30.27636   27.752842
  19.73707   21.093967  25.65075   25.283436  32.609184  19.999254
  31.49649   24.647387  21.401632  26.496552  25.22005   28.148802
  23.303684  26.353546  21.451889  29.702465  19.736107  22.102207
  27.423523  18.257019  27.411226  26.430555  21.658272  22.42695
  25.44668   24.962996  23.725979  28.052862  22.134186  26.301033
  19.530779  19.158268  22.323338  22.804974  22.907326  22.713953
  28.81373   28.823553  20.681656  22.41816   23.562107  25.197115
  27.918966  18.122942  27.005142  18.095842  21.954086  20.994629
  19.593695  27.03007   18.925587  29.163818  23.992773  30.225958
  23.995752  24.51106   22.615025  23.361332  24.166222  25.792282
  30.009773  23.33022   23.391567  26.664255  30.403677  27.366064
  20.970055  20.351625  21.432627  22.653063  32.103172  22.368279
  25.049692  21.655363  31.349874  13.071347  18.959017  31.980724
  19.402536  29.78924   18.578535  23.44795   27.981709  21.666536
  17.363064  33.142433  19.560345  21.45871   27.39537   28.77705
  22.150534  22.946814  26.25052   19.664433  22.153418  27.193521
  29.869762  22.599918  18.876644  21.838163  19.411879  31.315788
  21.246435  24.587212  19.666302  23.470984  29.38341   23.350124
  26.040268  19.708418  28.186394  22.487223  18.688597  21.62488
  20.914764  22.82155   26.894215  31.878109  25.832716  24.796236
  32.58906   26.029211  20.012918  25.766668  22.860945  22.998425
  24.842892  19.623068  21.858023  20.518024  22.89424   31.428038
  27.522903  24.929495  21.136185  22.139036  28.674507  27.57395
  21.100473  23.055485  19.462162  23.186964  22.825075  17.235706
  24.535276  29.815126  29.040968  19.628178  23.377544  22.854824
  20.079039  26.8376    20.60982   21.884329  29.072006  22.896212
  20.802475  28.855436  26.451036  27.638437  27.655788  27.259405
  18.54731   25.603142  20.325378  20.85778   21.817919  24.0304
  18.228853  26.344183  23.46248   19.487053  24.050549  22.02779
  20.053404  21.678337  22.016907  22.86726   23.129297  20.914663
  27.336975  21.217245  25.492006  28.388622  29.272831  32.85078
  25.423462  25.479137  29.532446  24.00195   22.827003  26.182346
  23.84078   21.43398   24.188051  20.265972  23.51615   25.211266
  22.82014   22.541206  22.385675  22.231516  25.407019  25.34408
  26.148108  22.87484   24.131102  22.45801   21.426828  25.7551
  22.633102  25.28344   20.952852  22.69379   19.765575  20.99388
  20.842123  27.627947  25.085857  19.828333  19.07691   27.490768
  24.669157  20.2791    26.292112  19.198473  20.30053   24.979004
  26.746851  27.839172  22.076468  27.560205  20.022299  24.261726
  22.283112  19.510437  24.669474  25.554491  30.255898  30.61347
  20.344873  23.110985  38.605885  22.08666   22.663528  21.01427
  19.236397  23.879837  25.553394  25.09802   26.743673  20.816906
  21.474438  27.230293  23.76854   22.526379  21.895365  22.814224
  19.161476  25.861904  23.46137   21.337893  19.433529  26.73167
  20.683565  20.958761  25.194357  22.884506  28.04429   22.570097
  27.72639   25.455444  31.618578  24.026533  23.834784  27.913738
  26.604246  26.581154  21.59125   28.617151  23.060146  22.403368
  20.531586  19.136189  23.769037  24.630966  26.612415  27.778881
  28.069187  28.6507    22.283703  30.167343  22.601557  22.958473
  35.64168   20.079214  24.950777  22.01681   21.903664  22.49284
  19.615717  23.296127  27.061832  22.897844  22.604525  26.512829
  23.498852  24.536814  22.72442   27.633966  19.30583   21.029358
  28.112545  25.730028  24.164085  22.283253  28.790066  29.011883
  21.274553  36.666725  24.997402  19.349491  28.186691  19.503208
  19.794779  31.74741   21.775513  21.945536  31.53281   21.618229
  28.34596   23.243467  18.703295  23.015108  22.008543  25.989256
  26.849504  32.06648   22.955973  18.585041  21.97162   20.985733
  22.973988  20.021515  30.2834    26.12482   28.736313  26.549212
  26.882318  21.17327   23.970089  28.072144  20.381304  24.976366
  19.952326  26.854263  20.383106  21.005089  23.53935   26.150412
  26.418797  23.670795  20.570736  32.457706  23.187622  27.21519
  22.767511  20.361612  20.863117  22.896593  24.204073  28.850863
  35.63746   25.386995  27.678213  24.000116  17.455923  22.402023
  20.109886  24.329004  26.1365    26.498573  26.759727  27.55194
  21.326445  27.177149  22.03813   29.776146  23.310894  25.09541
  24.01367   16.512794  19.236784  26.360292  20.571293  22.252102
  30.479143  22.718916  24.791405  27.796331  25.671556  26.052986
  22.433495  21.721966  27.320366  27.506618  23.04018   26.482664
  19.592646  20.695787  30.28693   25.963009  28.622799  29.259874
  25.827906  33.649273  26.423126  22.474655  28.153698  23.32505
  26.982618  24.11469   17.647793  23.770285  31.47301   20.247356
  20.358627  23.833307  27.254045  15.20057   19.279665  22.112617
  25.425703  21.572279  23.071758  20.16654   20.330166  25.427654
  29.906414  20.472233  20.934875  24.76682   15.707654  24.731922
  19.007816  22.418552  15.901079  24.688799  29.909622  28.618677
  26.567926  21.407207  20.851166  23.535496  24.077501  27.12145
  21.695024  26.419086  26.398241  32.40199   26.218458  27.839094
  23.052786  15.783998  33.668987  24.309616  22.695536  20.219244
  22.227829  32.659626  23.46292   23.897276  26.543215  28.116257
  21.878477  18.675364  22.168484  22.88725   23.551216  22.52212
  23.154593  22.464653  25.364773  22.71207   23.358353  30.832745
  30.430132  25.288225  27.147398  25.346684  26.379812  24.828104
  24.358965  23.442682  20.886055  26.679321  26.329464  18.228277
  24.382044  21.811813  21.049034  29.067339  27.46381   23.556639
  25.296335  23.80213   29.275934  21.207575  20.73223   27.230658
  23.164614  27.667683  19.62917   23.825233  26.104673  21.99735
  23.451874  22.369131  30.701311  23.88644   24.93069   22.378607
  23.595442  25.244549  24.030823  23.813248  19.986042  27.513475
  21.834093  20.029438  19.531404  20.729712  30.739346  24.45571
  23.823322  22.24013   21.79801   23.81763   24.361725  19.468306
  23.826664  24.890818  22.435072  23.67462   32.43849   24.970036
  26.825731  22.171967  24.113855  27.563143  26.889389  28.406654
  25.481546  24.21792   26.34345   30.860245  32.653584  24.421366
  26.62152   27.31163   20.534092  20.790472 214.187     27.293966
  24.008284  29.651829  25.02255   20.863113  20.79124   18.140858
  20.395056  28.770084  22.001944  29.012787  33.80702   27.59061
  21.91805   28.538683  23.94974   26.62942   21.88607   26.062405
  25.132456  20.196873  21.661095  29.373127  22.022497  26.390902
  25.802603  22.85626   17.311272  24.025328  20.370499  26.633821
  25.462572  19.528566  21.766115  19.764845  25.332224  22.958555
  17.486685  23.217356  26.730322  21.580187  28.193495  22.077635
  25.179068  23.019737  16.739433  18.155725  26.019943  27.48278
  25.02452   26.501537  33.866096  33.729885  20.09739   28.684126
  27.936127  20.342768  23.747501  29.997786  28.195715  26.92275
  22.754059  26.402647  26.83473   22.197453  26.710735  25.282032
  26.528133  26.249271  19.714855  23.959856  25.938385  20.483507
  29.333866  23.016104  20.562237  24.399866  26.62587   20.395603
  25.345388  22.276531  25.421633  21.918417  25.721724  25.78457
  20.578947  16.829687  24.907322  23.920637  20.985115  17.610601
  29.730608  25.198702  20.580519  23.470005  21.617138  22.262735
  23.607447  20.441223  25.99509   21.25882   28.216295  24.434023
  24.351566  25.569174  23.073917  18.569836  28.470652  26.776167
  23.897123  21.350454  30.134556  23.407595  23.723242  27.86942
  23.039106  27.11908   25.249481  23.4178    29.27643   22.044598
  23.157349  27.588821  20.158506  30.659237  24.889507  21.507318
  30.657818  21.065557  23.701412  24.11029   24.671612  25.554905
  19.603287  22.185143  21.846432  23.471592  22.570614  24.900206
  21.320242  20.592932  19.147127  21.832022  26.33371   23.3124
  22.297844  29.081371  20.810738  19.20927   26.751778  22.109497
  22.298058  25.13067   25.197525  21.112978  14.235095  25.677406
  21.939869  24.230665  21.34688   34.542713  23.830208  22.765347]",0.5829787234042553,0.5382737368345261
7,34,1598,"[[ 0.45775518 -0.5705639  -0.23579554 ... -0.20516975 -0.08587319
   0.32804567]
 [-0.16529967  0.1087844  -0.01801359 ... -1.0408677  -0.20364289
   0.35328725]
 [ 0.3651119   0.04176128  0.23208418 ...  0.92913234  0.01559697
  -0.39649227]
 ...
 [ 0.10242113 -0.12724012  0.17968605 ... -0.76921344 -0.29006532
   0.07211897]
 [ 0.29240862 -0.34667772 -0.5007963  ... -0.09383789 -0.0355505
   0.05165808]
 [-0.33402044  0.1759765  -0.02048588 ...  0.2746487  -0.40340462
   0.3900038 ]]","[ 26.3989    20.483116  21.433378  22.477425  18.43903   23.888012
  23.59178   32.246944  23.40053   22.08495   18.966236  21.647184
  21.370228  21.786997  23.49611   22.067797  12.527336  21.957544
  20.508629  18.662222  16.926397  22.161625  25.165865  18.78373
  20.39015   22.602877  23.039007  23.308395  19.280819  24.410164
  18.137363  22.025766  24.564915  17.243156  24.49221   18.841513
  21.710997  22.068882  24.635391  20.782074  28.285503  25.136019
  18.067766  18.321255  23.590952  23.597939  27.553797  19.158934
  29.616581  21.161684  19.351994  22.609526  23.58928   26.46484
  22.542055  22.593523  19.644053  26.518421  17.79156   19.209883
  25.313745  17.88335   25.271454  22.205843  20.427134  22.749022
  22.01081   23.774788  21.540653  25.55634   18.799814  25.032928
  18.134499  17.32545   19.919226  20.91529   19.890812  20.3052
  25.78129   26.055838  19.15073   20.63399   19.783876  22.02133
  24.009237  16.647987  23.63221   16.7943    20.840887  19.200218
  18.646658  25.450642  18.893787  24.775434  20.84348   26.411911
  23.212152  21.045855  21.830362  21.077766  22.407225  22.356026
  26.793818  20.974888  23.358284  24.684471  30.115292  21.912292
  19.450933  18.452227  21.506744  21.344349  26.726025  21.168695
  22.209892  18.925482  31.203932   9.044201  19.339806  30.910305
  18.373957  25.973907  17.921812  19.132923  25.33589   19.391163
  17.13644   30.892536  15.429685  19.808723  25.47664   25.873516
  21.356932  21.07043   22.156624  18.976767  20.63114   24.202131
  25.28407   19.678545  18.97722   19.59008   16.547941  26.384201
  19.824692  22.586481  18.00205   22.719679  26.870083  21.560638
  24.14111   16.23922   26.578949  20.322538  17.798538  20.51946
  19.053928  20.341024  23.973269  28.703192  22.46909   25.588404
  27.925632  22.393957  17.394539  22.360434  19.809132  18.592773
  24.151537  16.619484  20.350775  17.063097  20.935976  28.003448
  23.751781  24.800331  19.090862  21.257307  26.15614   25.81422
  19.114134  20.428856  19.091053  20.620495  19.928583  14.764256
  24.254581  27.260296  28.830227  17.917847  21.638578  22.322844
  19.721405  24.437187  16.874134  18.27452   27.821012  20.512297
  21.07851   27.616285  24.602522  24.831688  24.26219   26.375479
  16.93142   21.209866  20.515524  18.98758   22.248184  23.125416
  18.317522  23.892452  22.151972  18.126484  22.8987    19.620987
  16.846771  19.333862  20.508358  23.765854  21.466503  18.414093
  23.765362  21.153229  23.694118  25.26457   25.234016  29.42438
  25.208496  21.710922  27.584227  22.632097  18.692982  25.83753
  21.129791  19.093521  23.192076  17.717695  20.901398  21.912117
  19.646671  20.288708  19.577938  20.936783  23.679306  21.654842
  24.968725  20.399296  23.12177   19.376196  20.48364   20.992647
  22.71407   22.52083   19.296724  16.457129  18.780975  19.596418
  19.429663  27.155638  23.49381   19.24045   14.774161  23.10805
  20.48201   18.878937  22.84351   18.294466  19.747536  22.874523
  24.165901  24.577286  18.866636  23.681883  19.563549  22.01634
  21.24365   17.822239  22.417444  23.509996  24.985823  28.23564
  18.213585  19.991163  34.75606   20.21608   21.04547   19.672241
  17.361195  20.587551  24.774672  22.287374  25.572319  18.898203
  20.794971  25.087833  21.10259   22.557753  20.768274  20.66755
  19.184599  21.582174  21.713276  21.257141  18.104265  23.85963
  19.843182  20.425552  24.622162  18.359055  27.254782  18.992977
  25.47632   22.986683  28.37694   21.250065  21.08507   25.085775
  24.302011  24.54381   19.898125  27.304226  23.03569   19.348946
  18.87684   17.684486  20.503643  21.46875   24.194859  27.674751
  26.270388  23.46129   20.686783  28.035135  20.941849  21.55208
  28.57636   19.162529  22.365236  18.310259  20.164783  13.847511
  19.241482  22.42406   21.786545  22.940046  21.043217  22.746616
  21.031084  20.3978    18.93102   25.23982   18.89303   17.773218
  25.232151  24.186352  23.285444  20.810232  25.818285  23.86853
  19.258224  34.752285  23.410578  19.733265  25.581226  19.884684
  18.19267   30.77862   20.313929  20.433863  28.601263  19.158863
  24.200226  22.931469  16.968668  20.03044   19.665289  23.355537
  25.340767  30.423948  18.858498  18.069115  17.893894  18.638817
  21.520744  15.486615  27.249691  25.760994  24.435242  24.128742
  23.775053  18.756573  22.366655  25.59823   19.258287  22.98652
  18.182404  22.877878  19.190344  19.70322   22.593822  24.262253
  25.177082  24.257599  18.786232  28.358805  21.711176  23.583506
  20.593515  18.790796  19.846458  22.402554  21.488598  26.384468
  33.2529    22.53719   25.343271  22.149546  15.977025  20.30297
  18.127455  20.934355  21.619057  24.813772  25.612019  24.151184
  18.454662  23.671928  16.722006  29.123402  21.764273  22.400394
  22.257572  13.970037  18.391539  24.397741  18.655567  21.233461
  27.316809  19.386974  23.91494   23.286192  24.139143  25.475485
  20.907557  19.600145  24.166985  24.94136   20.244553  24.74215
  19.696136  18.317783  27.44972   22.893923  23.929024  26.926971
  24.01598   33.299038  23.181684  22.540138  25.443277  21.940779
  25.257866  21.653349  15.240046  22.11437   26.599382  18.510624
  18.09648   21.691233  25.977413  13.984321  18.470745  20.660572
  21.811443  19.816687  21.242964  19.71738   20.057747  24.317467
  27.085024  19.300293  17.862461  22.330103  11.974282  21.862392
  17.21542   20.488285  15.676212  20.445198  27.356468  23.997654
  24.230284  18.50769   18.944952  20.030663  22.674234  24.034424
  20.015131  23.751896  23.942564  32.096584  23.932222  24.781944
  21.78856   13.648617  28.483873  21.746206  20.350273  19.05653
  20.899305  31.487997  21.655323  21.87501   24.298151  25.384155
  20.260956  17.115948  20.645538  22.85153   20.439743  21.723097
  19.954655  22.531355  23.146034  22.929417  20.71208   26.360916
  28.67685   24.182737  26.586592  22.984898  21.704472  23.020939
  22.731487  21.302471  21.25091   24.724268  22.424124  16.532389
  23.461735  19.690374  18.89254   29.158735  24.32801   20.623463
  22.636318  21.344992  27.351112  20.097948  19.16087   23.139652
  22.870302  22.278126  17.961367  21.347198  25.372747  21.91385
  19.697418  21.12485   27.55053   23.258635  22.164839  20.859558
  21.920397  20.939997  22.1121    22.142588  17.248667  23.844692
  19.971758  18.747137  20.067764  19.470589  26.058588  21.994303
  23.11444   16.313663  19.88405   19.852615  23.346836  18.886623
  22.629616  23.673803  18.939436  21.346794  29.156305  21.623594
  22.767822  20.90898   22.890543  24.288622  22.579119  23.00578
  22.997652  23.115707  21.656446  26.267557  29.357948  23.673147
  22.931948  22.795004  21.2397    18.58057  206.63326   24.211988
  22.1616    27.060106  22.015242  18.08928   17.335089  17.34223
  17.471682  24.254595  21.276367  28.273897  27.611294  25.814682
  20.45647   25.550478  21.764708  23.886175  20.445091  20.15289
  20.313162  15.344394  18.76765   25.481573  19.11772   23.79574
  23.583628  21.842102  15.775711  21.903429  19.264866  25.775816
  22.586517  17.834257  19.372452  17.830181  22.933636  21.2125
  15.484527  21.235674  25.383385  18.171537  24.83478   20.013754
  22.198105  23.671257  14.140318  18.47446   24.231325  25.728699
  22.911686  23.640198  28.35823   30.781939  18.586304  25.830215
  22.836882  19.969345  21.599298  28.174133  25.156273  23.789679
  19.839073  23.790571  23.612001  20.84966   23.001247  22.697279
  23.133839  24.591955  18.523989  23.068186  23.868015  19.153189
  25.432909  18.76805   19.212425  22.362677  25.274311  19.956915
  21.821346  18.728733  25.099459  19.007866  22.921392  21.780483
  18.289124  16.303951  22.644901  20.01514   18.746174  18.083643
  26.137535  22.06059   19.768373  22.108624  21.371172  20.045963
  23.454245  19.583776  23.506134  20.710077  25.237257  22.261824
  22.102123  23.800493  19.927778  16.978333  26.440916  25.030912
  22.464287  19.11593   21.426567  21.806728  23.65188   26.313702
  22.520151  23.013353  22.923313  20.581089  27.547194  19.704327
  20.331203  26.650621  17.388256  30.006817  20.891768  20.625576
  29.61539   19.73148   21.740131  20.349667  22.16253   23.02675
  18.069727  18.914604  19.98377   21.302076  20.402231  22.343418
  18.742191  19.578691  16.66744   21.086536  22.3353    19.35277
  20.713827  26.671213  18.916668  17.567719  24.396927  18.815207
  21.29048   22.464136  21.06026   20.574448  10.911403  25.489546
  20.626415  21.524475  19.860289  30.324377  21.939842  19.077494]",0.624468085106383,0.5722984651724498
8,34,1598,"[[ 0.62547606  0.08059603 -0.15625682 ...  0.24426681  0.1252394
   0.05487531]
 [ 0.12677822  0.34061405 -0.32407263 ...  0.35688564 -0.2673749
   0.33613354]
 [-0.03092143  0.23610179  0.3304958  ...  0.66797626 -0.25041583
  -0.2034173 ]
 ...
 [ 0.04878986 -0.26567674 -0.11676524 ...  0.5804133   0.01102505
   0.24594642]
 [-0.04479792  0.04709487 -0.15383543 ...  0.01519994  0.6838209
   0.1953693 ]
 [-0.07310387  0.47497892  0.2058342  ...  0.46187112 -0.01335389
   0.85087687]]","[ 19.890411   16.465149   15.516926   17.99762    15.953283   16.475939
  18.106833   25.575237   17.820112   18.73593    16.0084     16.422556
  17.981615   17.014565   19.337841   16.41367     9.608805   18.46957
  16.987694   16.476702   14.368902   16.83414    21.749075   15.854801
  17.12657    17.767626   18.623436   18.716707   14.737624   18.743092
  11.659726   17.745474   20.439022   14.261565   18.594738   14.260503
  16.221277   17.776726   20.465181   16.27606    21.413792   19.86531
  15.229509   14.435929   17.852217   17.845388   22.126955   15.114995
  21.502375   16.760946   16.216436   19.154558   17.282295   17.639296
  14.760176   18.622759   16.502752   20.194487   14.348015   16.721985
  19.131073   15.114784   18.946924   18.651066   16.341118   15.281778
  16.482176   17.80408    16.824755   17.57393    15.226661   19.403126
  16.525196   12.04068    15.618712   15.962361   16.97499    16.278702
  18.74147    20.006475   17.651974   15.270399   16.113064   16.544271
  18.400038   14.0387945  18.909973   15.256655   17.671581   14.061056
  14.815469   19.700014   15.28694    22.451696   16.691904   20.03383
  17.421085   16.831532   17.744152   16.98238    18.536983   18.083672
  20.302542   17.126741   17.659346   19.695595   22.358183   16.002026
  15.197471   15.402375   16.358387   16.731094   19.818823   16.993412
  16.97172    16.60006    20.986118    6.9034967  14.703909   23.285757
  14.835581   20.893036   14.257142   16.301727   18.99422    15.640941
  12.821333   22.038288   11.357729   16.960217   20.197914   19.38911
  19.062489   17.760107   18.658924   16.562494   18.039833   21.739285
  21.67325    17.327147   15.387044   18.2744     13.72867    21.63995
  17.271221   17.836443   14.36152    17.896275   21.593237   17.594147
  18.576628   13.240921   19.231499   16.978144   15.594723   14.895426
  16.72522    15.94302    19.384277   19.126831   17.308329   20.115776
  23.52871    18.431608   13.461055   17.858372   16.13615    14.191576
  17.66206    13.555453   16.429955   14.404494   18.221756   20.70085
  18.685051   17.984785   14.354285   16.828007   21.928484   22.12217
  14.643437   16.810658   14.720883   15.890327   16.796808   11.821432
  18.185955   20.200207   19.25888    15.844248   16.744188   15.111336
  15.166671   20.238134   15.121562   14.565548   20.237823   16.66048
  16.274393   21.463337   17.781214   17.549261   21.18173    20.773926
  14.8881235  18.210064   16.986843   16.526882   16.419651   17.538588
  14.694448   18.467989   17.245602   16.155375   17.510952   16.280844
  13.230925   15.285931   18.201374   18.20157    17.959707   14.620087
  17.620447   15.08849    18.546959   21.548351   20.213535   20.980227
  18.072674   16.752798   20.575024   17.379387   16.500679   21.530357
  16.68012    17.08483    16.432634   14.707806   17.655819   19.637354
  17.520775   15.820043   17.067638   16.307022   18.693172   18.64269
  21.512686   16.924065   18.4561     14.334182   17.281256   16.402649
  18.631353   16.832325   15.812585   10.487721   15.083274   14.782325
  15.580767   20.320196   18.169804   15.989475    9.41491    18.68923
  19.039      16.535057   19.389055   14.908698   17.59245    18.351786
  19.51445    20.230673   17.024258   17.669214   16.309908   18.438486
  16.081467   15.667604   19.316303   18.147999   22.176727   21.82276
  16.029428   14.953752   28.665646   16.038206   17.301022   15.445447
  14.683817   16.69306    19.383512   17.324884   19.766495   15.99406
  16.718437   21.033232   16.192566   16.507504   15.86905    18.262356
  15.789187   17.478258   18.750902   15.869153   14.551908   15.971231
  15.400287   16.721725   19.86565    15.104015   19.439043   14.794112
  19.86738    16.759142   20.014261   17.653708   16.938257   21.38132
  19.170969   16.882393   16.238382   17.938305   18.304272   16.213957
  16.181446   15.911625   16.395098   18.469358   18.837873   21.890593
  19.568771   19.630802   16.22733    21.239897   16.556278   14.840592
  19.070808   16.827509   17.45841    14.034637   16.534119   10.306286
  14.714017   17.03525    14.299117   18.33093    16.3343     19.304264
  16.398523   17.52661    13.821811   20.886595   15.361092   12.609673
  18.881353   19.941465   18.71531    17.248316   21.34503    19.370943
  15.066897   25.812737   20.077291   16.401701   21.3939     15.85918
  15.941151   21.703342   15.2592745  16.170986   20.414232   13.891438
  18.238985   17.953535   14.161297   17.044842   15.466037   18.208569
  20.000738   22.995476   15.9840975  14.243871   16.124325   14.876076
  18.06527    11.216162   19.627459   20.489582   19.437677   18.576027
  17.940218   14.978486   17.493889   18.506516   15.742165   18.546242
  13.831507   19.481455   15.090221   14.994394   18.830938   18.93439
  19.957699   17.036785   15.750406   22.920998   16.289942   17.723215
  15.527787   15.163486   13.135336   17.04487    15.480068   20.180943
  26.904337   18.883469   21.953611   15.530163   14.21159    17.451374
  14.986862   17.147179   19.28418    19.802261   18.204943   19.345224
  15.121745   17.658316   13.534145   23.862434   17.362776   17.589813
  17.608047   12.069274   14.552152   21.010635   14.53379    15.809659
  20.406971   17.089197   19.153166   20.763908   19.87941    20.562687
  16.35849    15.783474   19.30007    19.392056   16.694408   18.774565
  16.187944   13.689937   21.788359   17.289457   18.531778   22.288012
  20.274902   22.148232   18.46206    18.319849   20.539698   18.595263
  19.867104   17.576607   12.739807   16.147182   20.973324   16.132015
  15.448978   17.86459    20.00253    11.367909   15.649316   16.974373
  16.420929   16.898811   17.510962   15.876473   15.062786   18.67296
  20.061459   16.414951   14.072836   17.477184    9.117601   17.891687
  15.290893   15.985503   14.114243   16.107481   20.296185   18.713018
  19.795855   13.91174    15.122813   16.159533   16.410059   17.489174
  15.711248   16.885538   19.747442   21.728779   17.647026   19.630735
  18.549465   10.230146   22.087885   19.231117   15.294342   15.436453
  15.528053   23.683527   17.577713   17.002905   17.855175   20.685106
  16.930883   13.711981   16.572914   19.139563   16.440554   16.44425
  15.002375   17.794233   18.30347    18.039103   17.34319    19.114977
  20.938686   19.37933    19.223377   17.905798   15.5293865  19.868713
  19.08292    16.608368   17.760462   20.633812   18.855705   13.64958
  17.735      16.526716   15.559867   21.264868   20.370747   16.232521
  19.235981   16.943926   21.397774   16.025295   14.06883    18.435026
  18.297403   19.746809   16.03028    15.671198   19.926924   15.710776
  16.970066   16.371199   20.991545   17.793997   18.02485    16.98158
  16.374903   18.080257   18.156897   18.46656    14.524103   20.881338
  13.272181   14.024572   17.129765   15.423609   21.616516   18.300856
  17.473978   11.086744   17.311012   16.294548   18.072514   16.047462
  17.050428   19.41932    16.549393   17.618555   21.970547   16.796555
  19.662586   18.468132   18.010647   19.162996   19.307428   17.066452
  18.087639   18.401144   17.366522   20.47928    23.608656   19.16171
  19.185938   19.583483   15.589557   14.821556  148.27713    17.976965
  16.867428   18.439003   18.109003   16.22616    14.435097   13.879064
  14.561658   20.764534   16.48344    22.412292   22.140755   21.470697
  18.418282   19.348059   17.402782   19.840864   15.83549    16.57244
  12.96582    12.332204   16.070248   20.932037   15.035649   18.451752
  19.567629   18.39907    12.53181    17.521896   16.4443     20.792524
  16.931639   14.82783    14.311517   14.077545   18.577991   17.255983
  11.843559   15.604178   19.564936   15.536731   20.954248   16.445124
  19.107468   17.78443    11.029778   13.810578   18.329212   22.22221
  18.169683   18.68148    21.939816   21.271755   15.100879   20.738583
  19.837248   15.570228   16.429474   21.789677   19.383993   18.24106
  16.176586   19.111395   20.03724    15.805784   18.04791    18.706337
  16.991726   18.215612   16.209352   18.03953    18.534819   14.4374
  19.880402   16.620512   15.890201   18.472189   18.33084    15.430998
  18.942455   15.909809   17.695435   16.912569   17.66142    17.118868
  13.97092    13.271366   18.956219   15.742054   15.360531   15.781752
  20.793085   17.737307   18.116827   17.05045    17.411835   16.85892
  18.390623   15.824204   17.285198   16.971615   20.271963   19.228598
  16.604721   18.149908   16.410563   12.892036   20.030481   18.59215
  17.63313    16.211344   14.506716   16.540138   19.468529   20.221195
  16.282537   18.712545   18.4147     15.769402   21.83135    16.591137
  17.05705    19.596945   13.37276    22.214972   17.560385   16.920795
  23.782719   14.807393   17.981924   17.323872   17.559053   19.089396
  15.284972   14.809417   16.514334   17.86733    16.1233     18.92342
  14.589551   15.163572   15.917928   17.236124   17.761429   15.501276
  17.108545   20.328573   14.770731   13.864949   19.469461   15.700955
  17.659313   18.91036    17.28145    16.442379    8.069314   17.96453
  16.534258   17.302181   16.688026   22.231075   18.357475   17.59809  ]",0.698936170212766,0.6480151494344075
9,34,1598,"[[ 0.7571373   0.08717228  0.34279007 ...  0.08942802  0.12079401
  -0.05384535]
 [ 0.02912138  0.7064129  -0.04846552 ...  0.03587906  0.21149404
  -0.13695051]
 [-0.05664723 -0.04876233  0.700305   ...  0.06938007 -0.1269282
   0.12057075]
 ...
 [ 0.08757646  0.07577335 -0.05991709 ...  0.5632736   0.06587749
   0.0525495 ]
 [-0.04039532  0.05971425 -0.13960683 ...  0.08289622  0.7931598
   0.10051441]
 [ 0.03951653  0.12055406 -0.06669883 ... -0.02490693  0.02404982
   0.69074076]]","[ 13.675393   13.280318   11.345728   12.514819   11.546319   12.292732
  12.441532   16.831299   13.616086   12.331129   10.321392   10.332808
  13.035289   11.577516   14.706285   11.280863    6.4275336  12.331184
  12.417964   11.360537   10.462108   12.193444   14.205934   10.959199
  12.333904   12.7491255  14.433092   13.048913   10.644081   12.007722
   8.283108   10.656571   14.130474   10.008067   13.0843525  11.091908
  12.356322   12.859143   13.744324   10.476709   14.582329   13.938329
  10.915137   10.695361   12.975696   12.727496   14.137052   12.3696575
  17.114573   12.087312   10.669443   12.690744   11.815581   12.397818
  11.990979   14.59439    12.97686    13.243056   11.315743   12.054199
  13.9746275  11.566616   12.435824   12.072664   11.853127   12.866442
  11.278643   13.832665   11.789652   11.224531   11.071013   14.392832
  11.489122    8.939357   10.505501   11.809504   13.269722   11.096109
  13.907409   13.669557   11.404059   10.742677   11.589315   11.85507
  12.035374    9.662762   12.983245   11.393535   12.462424    9.816304
  11.430935   12.240613   11.69241    13.924018   11.652025   14.049667
  12.712925   12.365871   12.392788   11.932089   12.124346   11.595394
  14.522067   12.137548   13.2341     13.491913   14.412911   10.665322
  11.277389   10.376293   11.110122   11.806919   13.128085   10.920768
  11.660339   11.750056   14.350621    4.0611334  10.858564   15.044574
  11.400673   15.638178    9.948252   11.210324   11.136059   12.103949
  10.249225   16.053114    7.9274893  13.130753   13.573992   14.245517
  11.759473   12.676932   12.358622   10.672238   12.722839   13.875584
  14.373025   14.105772   10.828943   11.87592    11.492332   13.809466
  12.075338   10.95751    11.567117   13.142727   14.377411   13.61614
  13.804733   10.812018   12.738192   11.803228   11.846634   11.883264
  11.562706   12.685219   12.456469   11.5331545  11.665551   13.152167
  15.120902   12.88527     9.731572   13.0632925  10.908099    7.736739
  12.653683   10.0364     11.537707   10.697433   12.992153   14.006848
  13.561391   10.378061   11.90303    12.167674   15.606378   14.827957
  10.547509   11.060274   11.692921   11.920286   10.782722    7.6083093
  12.289066   14.468971   13.309118   12.142511   12.369565   11.686367
  10.221648   12.627221   10.521235   11.333671   13.9549675  12.634799
  11.231505   14.97516    13.024788   12.283264   13.47369    13.966615
  10.392106   13.734491   11.995177   11.492586   11.520509   12.105772
  10.492742   13.4254     11.276809   12.293105   11.290203   11.908199
   9.861375   10.970263   11.813984   13.281965   13.14174    10.311976
  11.7437935  11.091866   13.382575   14.01036    14.545623   14.665846
  13.666288   12.373517   13.054659   13.052606   11.943413   12.431367
  12.8655205  10.741548   12.025774   10.698876   10.66986    13.511164
  12.289613   12.784984   11.485101   12.0566225  12.568962   13.110525
  13.160476   11.8822565  11.959079   10.473701   12.962262   12.680905
  12.792703   12.205417   11.629352    5.621013   10.044151   11.321927
  10.201524   15.731824   13.310008   11.498375    5.9802732  12.315561
  12.210875   11.942877   13.387578   10.661814   12.021634   13.528035
  14.248782   14.562228   11.203184   11.026141   12.789881   12.848617
  11.037473   11.060756   13.371635   12.153371   12.684272   13.16786
  11.157036   11.099636   17.29437    10.415449   12.706744   12.350394
  11.259425   13.297819   14.589926   11.901951   15.948221   11.123486
  11.918006   13.527143   12.763388   12.477191    9.940105   11.930248
  11.772837   11.440595   12.316451   12.30352    10.14071    11.069759
  11.445734   12.088808   13.144259    9.525907   13.791176   10.783272
  14.226993   11.622751   12.655702   11.8605     12.417424   14.355135
  12.46933    12.330971   11.567      12.43848    13.994569   11.652516
  12.615421   11.117104   11.844184   13.7971525  12.935322   13.933785
  14.327546   13.57348    13.273243   14.389169   13.328048   10.003476
  11.086586   11.66327    12.824586   10.616028   11.439213    5.462528
  11.635506   12.282481    8.5145035  11.915814   12.1020775  14.03577
  11.046622   13.915162    8.117044   15.520282   10.906666   11.19029
  12.738675   12.68995    12.555432   12.456828   13.484752   12.448174
  10.498023   15.799591   14.0085945  11.277986   15.354242   11.272887
  11.422529   13.111951   10.282821   11.656086   15.437147   11.031783
  12.34733    13.323653   10.634533   12.125223   11.742178   11.95828
  14.675184   15.798986   11.035018   10.644177   11.821965   11.029401
  12.920872    5.8836136  13.377993   15.258968   13.32407    12.416726
  13.823203   11.325612   12.018962   11.956978   11.832174   12.511299
  10.012706   13.308327   10.809046   11.936507   13.087246   13.348764
  13.637007   12.105575   10.8801985  17.047932   12.483889   12.927255
  11.439184   11.710874    9.124964   12.078673   12.1788225  16.217533
  18.685814   13.158808   13.900227   11.15968    10.0740385  11.934038
  11.114041   11.966095   13.442277   14.152801   12.232711   13.453558
  10.509696   11.764392    7.6624923  15.316689   13.280994   11.987432
  12.74952     8.645016   10.8689575  14.711422   11.60699    10.880491
  14.832049   11.2771015  12.718722   14.796097   13.538212   14.552995
  12.133544   12.626038   14.771402   12.159156   12.548702   13.567482
  11.746374    9.812642   13.329866   12.490947   13.459058   16.198517
  12.743513   15.578092   14.112376   12.309809   13.45777    13.787428
  13.993916   13.838003   10.126883   11.987076   14.559633   11.367468
  10.382453   11.849415   14.081813    8.560033   11.502662   12.543489
  10.542191   11.784175   11.716591   13.796755   11.75604    13.011886
  14.908939   12.544109   10.974723   13.126126    6.3265686  12.282842
  10.990232   11.985336    9.402842   10.354576   13.184223   12.48265
  12.299418   10.131359    9.438776   12.536469   12.5812025  11.519121
  11.340168   11.324617   13.247797   13.375438   12.394181   13.694513
  12.491278    7.20398    14.303099   13.319374   10.594107   12.702155
  11.749818   16.144653   13.031015   11.391626   12.7194     13.005546
  12.229153   10.607546   11.967997   12.637915   12.004823   11.222498
  10.829909   12.610497   12.055772   12.714934   11.9098     13.181846
  14.039013   13.770973   15.1343155  12.5153885  11.508928   13.376463
  13.396176   12.491269   12.1451645  13.507132   12.741921    9.726612
  12.752923   12.366902   11.774259   15.274537   13.459261   12.040402
  13.163845   13.375306   14.905126   12.123653   11.799366   11.802248
  12.090428   13.650911   11.690891   11.241475   13.66197    10.745299
  11.09518    12.588109   15.563974   12.276676   11.061096   12.802565
  10.453273   13.069333   12.754647   11.171905   10.385808   13.1213
   8.535643   10.333809   12.681808   10.822335   16.19655    13.082279
  11.957746    5.6129527  11.206906   10.560222   12.343818   12.096692
  12.476615   13.608352   12.4895525  11.508982   14.915794   10.168325
  13.797381   12.4027     12.660003   13.226826   12.522491   12.959689
  11.589468   12.567682   14.169458   13.69341    14.962964   11.502684
  13.406789   12.639094   11.217556   10.827121  108.21243    12.146467
  11.309153   12.37887    12.94827    12.057649   10.851172    9.440364
  11.038431   14.174577   12.395562   14.359511   14.096852   15.129738
  13.239672   13.38055    11.717829   13.611027   11.8753605  10.955341
   8.003849    7.438947   10.062981   13.928507   12.3518095  12.293904
  14.589635   13.37832    10.164093   12.063927   11.821684   15.040764
  11.897663   10.413947   11.345559   11.205979   12.758294   12.757023
   9.828173   11.614483   13.393425    9.79379    15.14374    10.962543
  12.706744   12.09182     7.2925615  10.845409   12.650767   14.786318
  12.160479   14.046885   14.691535   15.640166   11.087107   15.822083
  13.453118   12.387721   11.738444   13.109908   14.046641   12.0154915
  12.057646   13.32852    13.111144   12.497192   12.807008   11.897021
  12.010707   12.053436   12.231331   11.238572   12.686029   10.727069
  14.133708   10.621963   11.323522   11.8134985  12.788923   11.8092985
  13.361487   11.676813   11.675364   11.758095   11.591341   12.752528
   9.994335    9.501249   13.37345    12.138532   11.879058   12.278007
  14.668866   10.877484   11.054536   12.428192   11.536286   13.318475
  13.179898   11.858714   12.152478   12.789332   12.891867   11.812921
  12.234201   13.424672    9.934622    9.348363   14.458089   14.469146
  12.051202   11.141112    7.9062176  12.257699   13.054031   13.537632
  12.993746   12.81482    13.224655   11.719069   12.930798   12.795705
  12.198467   13.598035    9.749016   17.039032   13.1976185  11.909137
  17.525759   11.3755245  12.595036   11.201694   13.260239   14.373874
  10.630175   10.635607   12.004176   12.207223   10.747086   12.387275
  11.700951   11.223203   11.2414875  11.912686   12.90776    11.739653
  12.028579   14.630183    9.405596    9.950765   13.61386    11.414227
  13.500866   12.561347   11.746995   11.634483    5.156498   12.578647
  11.677017   12.827727   12.585161   17.330616   12.671709   12.189176 ]",0.7537234042553191,0.7391794582207998
10,34,1598,"[[ 8.56848836e-01 -6.67220652e-02 -1.85072348e-02 ... -7.55756497e-02
  -6.44219108e-03  5.71695827e-02]
 [ 2.05713622e-02  8.65102232e-01 -8.86007026e-02 ...  3.85581478e-02
   3.05065028e-02  3.58409509e-02]
 [ 9.54037756e-02 -7.79689988e-03  8.19747329e-01 ... -5.07790558e-02
  -9.22296345e-02 -5.21037653e-02]
 ...
 [ 1.85031407e-02 -3.93130817e-02  7.01737823e-04 ...  8.47682238e-01
  -3.20344716e-02 -1.80564113e-02]
 [ 2.52982378e-02 -5.42942435e-02 -1.08348075e-02 ...  6.03126809e-02
   8.54425192e-01 -4.45836708e-02]
 [-1.65471151e-01 -8.65545124e-02 -1.75919961e-02 ...  1.16927743e-01
   6.95585622e-04  7.84757197e-01]]","[ 7.361583   7.651409   5.7860723  6.633191   7.6715193  6.7056932
  7.15345    8.374729   7.427608   7.834007   5.575946   6.255361
  6.900001   6.69136    7.406967   5.6799173  3.1594794  6.7549396
  6.113297   6.884853   6.599261   6.028601   7.359859   6.136376
  6.146994   7.929586   7.321454   6.621859   6.37172    6.128902
  4.400289   6.6299033  8.1853     6.9532986  7.810935   6.70677
  7.284778   6.0137615  7.4488854  6.2021575  8.014723   7.3772445
  5.9460487  5.8070984  7.476563   7.44532    6.8896785  7.0972776
  7.6220284  6.6735587  4.8363485  6.300709   6.813842   6.3135448
  7.843928   7.3353124  6.80121    7.3976226  6.7248325  6.544687
  7.1119995  6.4689817  6.1735044  6.1448293  6.5398383  6.821885
  6.5683026  7.20313    7.2783847  5.4652042  5.6838217  7.6212845
  5.4564953  4.524257   5.719008   5.526488   7.42007    5.8952093
  6.678377   6.9703074  5.778101   5.536601   7.1702743  6.581481
  7.1684766  6.3035707  7.1502433  5.110032   6.1585345  5.0729113
  6.4385324  7.659232   6.225675   7.2725363  6.6529803  8.308047
  6.9110503  6.481994   7.054217   7.890812   6.7781277  5.235983
  7.1748934  7.049593   7.693786   7.382749   7.59238    5.9907513
  6.295062   6.062958   7.7398944  6.2311788  7.081041   6.699004
  5.893177   6.447778   7.73544    1.8981956  6.1584306  7.9910393
  6.6007633  9.32501    6.517625   6.0139327  5.4473624  6.989901
  6.7370763  7.917512   3.2581398  6.1186914  7.5394473  6.78543
  7.0374002  6.7762127  6.171628   6.501174   7.2130623  7.628735
  7.214315   7.310645   5.620691   6.5088954  5.994522   6.9848185
  7.582618   5.4844456  6.873624   8.34216    7.087131   7.3825984
  7.8243656  6.279228   6.9291987  6.866255   6.913579   6.41137
  6.61381    6.19788    5.5524507  5.6957145  7.3413715  6.730537
  7.7623177  6.9318213  5.758626   7.4792457  5.6869907  3.8127806
  7.030903   6.396705   7.355212   5.790386   7.692613   6.82372
  6.195727   6.2371826  6.3253164  6.583737   7.4384427  8.959323
  5.681827   6.033469   6.9757166  6.369158   7.0327663  4.314616
  6.298718   7.021225   8.328421   6.6113734  6.5668364  5.925087
  6.0010123  7.6287274  6.5423026  7.4250712  6.268535   8.169928
  6.5630226  6.7862725  6.842579   7.061349   7.1745315  7.252843
  6.5115447  6.6332016  5.8209953  7.462605   7.3374124  6.947257
  6.3229594  7.403775   6.3134465  6.3939347  5.656242   7.0307665
  5.3423944  6.3463826  6.2388005  7.238315   7.6230316  6.501654
  5.606195   6.71836    7.1488814  7.866308   7.988537   8.090847
  6.679734   6.772364   7.963616   6.691261   6.06884    7.234324
  7.2968373  6.5737     6.329031   6.3445807  5.704356   7.1597457
  6.6056237  5.910043   6.4590893  6.0106554  6.277841   7.8190928
  6.6849775  6.998321   6.5015574  6.2664337  7.459715   7.032458
  7.3399563  6.7365665  6.868074   2.2377722  6.4197154  6.250738
  6.524285   7.464224   6.9537773  6.6929555  2.9818208  7.0922585
  6.660938   6.5247407  7.283194   5.9285164  6.5576987  7.950511
  7.9648643  7.1315103  6.6286554  5.9709816  7.3759227  7.021559
  7.2320957  6.524759   6.634083   6.8940697  6.80393    8.212012
  5.528098   6.7807713  8.60481    5.938267   6.5580735  7.062126
  6.6715555  7.128895   6.8176885  6.437725   6.6958675  6.201411
  6.6447463  7.3601737  6.312828   6.93113    5.795567   6.3031106
  6.528998   6.285878   6.002469   6.1543646  5.407672   6.6361523
  6.530625   6.5569506  6.840365   4.8660583  7.8836627  5.5795913
  6.964449   7.080032   6.7773814  6.0364366  6.3918705  8.106953
  8.458133   6.411773   6.7528725  6.559839   7.309568   6.4388757
  7.1384187  5.9224744  6.6413083  7.14435    7.435741   6.536708
  7.5581894  8.005801   7.583014   6.466554   7.633373   5.5724597
  4.4093637  6.699581   7.4452705  6.5159755  6.10076    2.0596128
  6.8339767  6.238745   4.1824536  7.6529503  6.8601904  6.7947664
  6.095813   7.1604548  4.5851884  6.9977555  6.1925216  6.650287
  6.781097   6.528469   7.6019993  6.9201803  8.20647    6.589483
  5.8506775  6.945958   7.322723   7.4742737  7.3353395  6.4744925
  6.933884   6.7507825  5.4104095  6.734016   7.8176074  7.5915117
  6.8899784  7.424806   6.756464   6.17124    5.570974   6.3480806
  6.4545374  7.2214108  6.666734   6.548596   6.721048   6.3169236
  6.3932076  2.5809395  6.7418838  7.650893   7.126169   6.5598974
  7.854371   6.0384994  6.0356503  7.604379   6.6977     6.7088733
  6.5402455  6.924431   6.730152   7.2522454  6.68057    6.4795423
  7.124526   6.787285   5.916425   7.9130263  7.236121   7.0185323
  7.525417   6.0290995  5.45956    6.406537   6.556832   7.3437324
  8.200641   6.507744   7.277132   7.005581   4.9952335  6.1890173
  6.731092   6.3461037  8.057622   7.970313   5.92848    6.8363237
  5.8975444  6.584397   3.7288246  7.6027784  7.073914   6.519603
  7.082779   5.352448   6.5631647  6.633683   7.4836674  5.5124164
  7.1104913  5.524272   7.8413916  7.663953   6.2842855  7.7712336
  6.870763   6.5155377  7.105123   7.306534   6.968487   7.931978
  6.8575497  5.67852    7.0322437  7.3619037  6.9989767  7.0749197
  8.090135   7.260006   6.820731   6.782916   6.1426806  6.519818
  7.690764   6.954712   5.736246   6.1897526  7.3188047  6.301089
  5.932698   6.5881276  8.6133     4.7425427  6.725794   6.5424676
  5.647837   6.483456   6.3543725  7.2976933  6.8276324  6.5663495
  7.9019732  6.1772633  6.322549   6.9417953  4.061999   5.6871037
  5.912989   6.4918337  6.0521235  6.737121   6.8046284  6.8137846
  6.458157   5.792661   5.507813   6.8856587  6.579142   6.892058
  5.917742   6.5758157  6.586758   7.31099    5.705815   7.9855423
  6.832957   4.6216984  7.5378375  7.8910456  5.237687   7.392598
  6.2794905  6.7885904  6.478539   5.883722   6.839156   7.0972314
  6.8091455  6.2137613  6.452169   6.6082873  6.558498   6.0295415
  5.8646016  5.9998875  6.287914   6.438834   6.5361686  7.15631
  7.098261   8.19561    8.868951   7.2531037  7.0296526  6.145358
  6.460654   7.1489167  6.1794763  7.717598   7.547778   6.653202
  6.778331   5.990539   6.833173   7.07133    7.182183   6.53808
  6.236753   6.848756   8.030222   6.700791   6.542983   6.926159
  7.053742   8.659807   6.570347   6.3444905  7.715942   7.1479826
  5.8942833  5.6608586  8.9687605  6.8299856  6.6270723  6.5516906
  6.528777   7.486053   7.277712   5.601642   5.758045   6.125622
  4.5776577  6.13596    6.6343236  6.6027684  8.014689   6.6673374
  6.0739493  2.6189473  6.4420753  5.731059   6.6017413  6.356565
  6.993383   7.2786894  8.068986   6.2773857  7.983541   5.5593433
  7.1683974  6.494992   5.8453813  6.4687357  6.4344854  6.98226
  6.5669265  6.8591843  7.0240107  6.7267976  7.4359145  6.46644
  7.1092434  7.058978   6.741068   6.120312  63.876595   7.3307343
  6.432007   6.980337   6.4679513  7.7278333  5.2880197  5.311098
  6.106259   7.043192   7.367398   7.6274457  7.462775   6.638657
  7.5847354  6.6831436  6.5727754  7.427609   6.3099637  6.093864
  3.2388835  3.3045626  6.0731235  7.410891   7.0631332  7.665311
  8.2004     6.9563966  5.717708   6.4766197  6.7458425  7.5568943
  6.843469   5.7262216  6.217705   5.7720833  6.5222473  7.243607
  5.4410086  5.997591   7.125236   5.8252144  8.375568   6.257349
  7.810953   6.895243   3.7584448  6.239851   7.7830343  8.042769
  6.945714   7.0959516  7.085511   8.135646   5.921486   7.1322627
  7.0819726  6.2385798  6.707397   7.911381   7.057395   7.8022203
  6.623668   6.6476464  7.830376   6.254201   7.6276402  6.184293
  6.308309   6.377666   7.0073066  6.884176   6.359712   5.788806
  7.0481772  5.9832     6.0086236  6.612228   7.309907   6.8802853
  7.3482404  5.822422   7.2350893  6.6442165  7.0934343  6.745439
  5.5485764  5.8948126  7.0717626  7.3128886  5.7814274  6.84102
  8.829489   6.1580462  7.2417054  6.530765   6.651933   7.2626414
  6.81426    6.665109   7.069404   7.4934034  6.1145015  6.477117
  5.5500927  7.3140893  6.2894673  5.282086   6.667052   7.078026
  7.0811186  6.095568   4.1004834  6.886839   8.504198   7.31353
  7.0010314  5.905709   6.9352036  7.1949215  7.2312007  6.539172
  6.5919943  7.278845   6.3799667  9.29579    6.451142   7.1616335
  8.440767   6.2484493  6.1624913  7.7817473  6.139394   8.561257
  6.2595963  5.8020797  6.741297   7.3165216  6.572028   7.1753907
  7.151761   6.213949   6.558847   6.8938046  7.068216   6.655662
  6.4693127  7.3295026  4.9019847  6.144658   8.33877    6.6860237
  7.4510937  6.3607035  6.978322   6.639554   2.5781307  7.9315076
  6.836231   7.2986917  6.552009   7.258531   7.3462543  7.3664303]",0.773936170212766,0.8473106463750203
11,34,1598,"[[ 1.0000000e+00 -1.8639892e-15 -8.3540352e-15 ... -2.4348391e-16
  -1.9966860e-17  1.5962119e-16]
 [ 3.8156568e-17  1.0000000e+00  1.3877788e-15 ... -6.6092964e-16
  -2.4286129e-17  2.0469737e-16]
 [ 1.3431465e-16 -1.3947177e-15  1.0000000e+00 ... -1.2490009e-16
  -2.0816682e-16  1.6002824e-16]
 ...
 [-7.6948675e-17 -8.5001450e-17 -6.9388939e-17 ...  1.0000000e+00
  -2.1076890e-16 -2.5153490e-16]
 [ 2.2181563e-17  1.6653345e-16 -6.2450045e-17 ... -6.3317407e-17
   1.0000000e+00 -1.3270635e-16]
 [ 1.4881648e-16 -6.1409211e-16 -1.9602375e-16 ... -3.3653635e-16
  -4.7856684e-16  1.0000000e+00]]","[6.74354402e-31 1.03412507e-30 1.85174538e-29 3.30480513e-30
 4.23894585e-30 4.29700098e-30 1.16207686e-29 5.51467545e-30
 3.41173254e-29 7.89117144e-30 1.06743915e-29 1.86821313e-29
 3.26779605e-30 4.40439979e-30 9.58798569e-30 1.96898200e-29
 8.36223284e-30 6.13090345e-30 1.37215888e-29 1.24939176e-29
 3.82515679e-30 5.10833922e-30 2.27333686e-29 7.92496098e-30
 8.38168248e-30 1.13279799e-29 5.27538806e-30 1.35756680e-29
 6.56156057e-30 9.81496029e-30 3.39467120e-29 5.56710777e-30
 2.30857762e-30 3.46128656e-30 4.44275024e-30 1.45685269e-30
 1.36844902e-30 2.31490667e-30 8.53222512e-31 2.07296943e-30
 3.84310180e-30 1.27372693e-30 4.85108839e-30 2.65836392e-30
 6.95611515e-30 9.04028582e-30 5.61829613e-30 3.87637863e-30
 3.58896782e-30 7.09859861e-30 4.03152470e-30 4.29542187e-30
 1.05785389e-29 2.94362669e-30 6.81495727e-30 2.14313309e-30
 3.69205660e-30 7.82412425e-30 2.89542333e-30 5.53153712e-30
 4.98980011e-30 3.25414377e-30 1.00145784e-29 5.42073897e-30
 3.29197701e-30 7.63116168e-31 1.25735982e-30 3.16846020e-30
 8.32047909e-31 7.25430478e-30 2.72487810e-30 5.28526898e-30
 4.49365949e-30 7.64509101e-30 8.58250656e-30 1.96569682e-30
 1.73526081e-30 6.82762026e-30 1.75859127e-30 2.23737313e-30
 6.39282202e-30 4.19552554e-30 3.45847365e-30 7.21390539e-30
 2.08070155e-30 1.92532715e-30 2.80863216e-30 1.75178450e-30
 9.11835595e-30 7.24902878e-30 2.66685739e-30 2.53546571e-30
 3.60656375e-30 3.25221596e-30 5.09686037e-30 8.46024612e-30
 1.69853348e-30 4.23664386e-31 1.43930199e-30 7.22176850e-31
 1.29878932e-30 2.41274222e-30 2.74306234e-30 1.26578351e-30
 7.28527858e-31 3.28443729e-30 3.21873863e-30 8.07691159e-30
 9.52607174e-31 9.42634186e-31 3.53048613e-30 1.18609778e-30
 5.35175795e-30 7.61499083e-30 1.56337476e-30 1.79851125e-30
 2.46017821e-30 8.01966858e-30 3.31095757e-30 3.00839097e-30
 2.22538008e-30 5.80479837e-30 2.35507397e-30 1.48131717e-30
 4.84022457e-30 2.67422181e-30 1.69326294e-30 7.34750173e-30
 1.57276818e-30 3.67566589e-30 8.36995894e-31 2.97756706e-30
 1.28899153e-30 7.25901710e-31 2.93212715e-30 5.62057790e-30
 1.45270488e-30 4.13799741e-30 2.38290347e-30 3.15899380e-30
 2.99272624e-30 1.34342801e-30 3.72748732e-30 2.46312466e-30
 7.20601133e-30 1.94471754e-30 1.48037480e-30 1.67089657e-30
 2.38409232e-30 2.11374648e-30 5.64721818e-30 3.67399349e-30
 2.16990051e-30 4.99125058e-30 1.36850610e-30 3.21991300e-30
 2.71446623e-30 2.88344664e-30 2.66231697e-30 3.43898979e-30
 2.45398721e-30 5.96522871e-30 2.24679533e-30 6.57672350e-31
 1.78633143e-30 7.13840367e-30 1.63309587e-30 1.21934885e-30
 7.83195258e-31 1.32252791e-30 2.77189881e-30 1.96209266e-30
 1.66559142e-30 4.29405228e-30 9.74893325e-31 7.26599342e-31
 1.15492912e-30 1.35589540e-30 4.49056070e-30 3.10741273e-30
 4.19246511e-30 9.52996855e-30 6.47407068e-30 2.64779200e-30
 3.16041455e-30 2.15228784e-30 3.01772966e-30 3.02655132e-30
 2.17312982e-30 3.13817928e-30 1.80009299e-30 1.51645015e-30
 3.54401880e-30 2.26140588e-30 1.57219087e-30 1.38915606e-30
 5.04942795e-30 1.72393375e-30 1.41763810e-30 1.40871553e-30
 6.31878572e-31 1.01392641e-30 2.88552435e-30 2.04844918e-30
 2.24462019e-30 4.84881489e-30 5.28304852e-30 6.42587353e-30
 1.49892918e-30 3.04352753e-30 8.93475200e-31 7.93522540e-31
 3.60961063e-30 1.34784505e-30 3.13858383e-30 2.22461986e-30
 2.55576565e-30 2.77556466e-30 1.96389747e-30 1.58768511e-30
 1.98070196e-30 1.68883217e-30 2.68551107e-30 3.07419891e-30
 2.18375610e-30 3.82629430e-30 6.03456143e-30 2.22001399e-30
 2.51012600e-30 7.55020069e-31 1.21697896e-30 4.85111322e-30
 7.37319898e-31 9.67383797e-31 1.02299502e-30 9.91815177e-31
 4.06386227e-30 2.42018921e-30 2.35549508e-30 2.94080456e-30
 1.38283472e-30 1.53963344e-30 9.71098923e-31 3.88591123e-30
 1.99231227e-30 1.86696940e-30 5.18181194e-30 3.02720509e-30
 3.26735369e-30 3.58376517e-30 3.57244883e-30 1.39859688e-30
 1.48727627e-30 2.32618126e-30 1.81589653e-30 2.56598041e-30
 1.65347424e-30 3.97669400e-30 1.41424910e-30 2.24927139e-30
 2.43809170e-30 2.42897946e-30 8.52952017e-30 1.35923606e-30
 2.10621993e-30 5.89168677e-31 2.00231187e-30 1.14461440e-30
 1.46729738e-30 3.81520403e-30 4.84924145e-30 3.98055451e-30
 2.72506166e-30 5.24460290e-30 4.97934178e-30 9.39766262e-31
 1.02249855e-29 3.10046810e-30 1.83190187e-30 1.80619691e-30
 2.82183419e-30 4.89549311e-30 5.90212178e-30 3.61467748e-30
 1.39434065e-30 2.03371845e-30 3.57356489e-30 7.09271625e-30
 1.01860836e-30 2.03568670e-30 8.04839071e-31 2.89786798e-30
 2.93657974e-30 3.98927349e-30 2.66208977e-30 6.24438699e-30
 2.06716625e-30 1.51990799e-30 3.61123714e-30 1.49026785e-30
 2.39668628e-30 9.87411305e-31 2.89210881e-30 4.36475497e-30
 3.49798042e-30 4.25257331e-30 2.48539529e-30 2.20280325e-30
 1.90445583e-30 2.47115262e-30 1.61759608e-30 1.64310243e-30
 1.99371534e-30 3.83424290e-30 5.25477497e-30 2.73323896e-30
 3.33799319e-30 2.95495789e-30 2.99134517e-30 2.44149217e-30
 4.74788046e-31 1.03133802e-30 6.70051481e-31 2.47493917e-31
 2.09094039e-30 2.81922534e-30 2.82940418e-30 3.54760923e-30
 2.31370409e-30 1.80704458e-30 3.11743246e-30 1.10201608e-30
 5.95848918e-31 1.06877291e-30 1.15248400e-30 2.70129392e-30
 9.22193712e-30 2.37261216e-30 2.71794174e-30 1.92971899e-30
 2.72402046e-30 2.29555540e-30 5.65370540e-30 8.39190307e-31
 2.34150463e-30 3.53237896e-30 3.31011423e-30 4.50451617e-30
 3.30783132e-30 6.04057131e-30 1.81164218e-30 1.86841761e-30
 1.31631086e-30 5.39857987e-30 2.97423035e-30 4.29326178e-31
 4.61960816e-30 2.07478609e-30 5.49957646e-30 3.73412200e-30
 3.45916879e-30 1.71357886e-30 1.99151858e-30 3.03759401e-30
 2.33367226e-30 1.82908689e-30 2.25658729e-30 3.93359192e-30
 3.16723016e-30 8.24031094e-30 6.98206329e-30 4.73872317e-30
 3.27694272e-30 1.20438593e-30 1.72192619e-30 3.98475808e-30
 4.50231263e-30 4.29867902e-30 2.85493460e-30 6.15566857e-30
 5.80782230e-30 5.18097950e-30 4.04830324e-30 5.83858903e-30
 2.78155235e-30 1.10603392e-30 2.12235656e-30 2.67960915e-30
 1.85855907e-30 1.87329601e-30 3.96146712e-30 3.03153523e-30
 3.33354813e-30 4.96121923e-30 1.67998643e-30 1.12333118e-30
 2.36022188e-30 2.48508270e-30 2.01748459e-30 1.96913303e-30
 1.26176595e-30 4.45256007e-30 3.51976111e-30 4.20002627e-30
 3.06654540e-30 1.13515308e-30 4.33883805e-30 2.74071849e-30
 7.69283000e-30 3.85140511e-30 1.80491628e-30 8.17342287e-31
 3.18457557e-30 3.85552705e-30 4.78348487e-30 3.15273754e-30
 2.54803729e-30 2.83759992e-30 1.75032181e-30 5.29893556e-30
 8.38086565e-31 1.39780525e-30 5.86009099e-30 3.77508939e-30
 6.88361066e-30 4.18384959e-30 4.36119238e-30 3.05729304e-30
 2.48265498e-30 2.71185588e-30 2.15524708e-30 2.00376911e-30
 2.07230890e-30 1.20785044e-30 3.30310753e-30 5.61422459e-30
 4.21903881e-30 5.40428130e-30 3.44801269e-30 3.02202915e-30
 1.27612391e-30 1.28621181e-30 1.88555839e-30 2.12405134e-30
 1.32487834e-30 3.43678738e-30 4.89273362e-30 4.75083697e-30
 5.24634037e-30 2.34982713e-30 1.46297899e-30 7.28964061e-31
 4.02029826e-30 3.67703308e-31 1.11295081e-30 4.20702018e-30
 8.51637946e-30 5.17949894e-30 4.76013710e-30 5.52604483e-30
 1.33474308e-30 3.17027817e-30 2.69510630e-30 2.74864415e-30
 9.85525060e-31 1.08576511e-30 3.59236641e-30 3.02821150e-30
 4.54476058e-30 4.43187777e-30 6.04209024e-30 3.05557400e-30
 1.39907836e-30 1.86042350e-30 2.32517616e-30 2.27293926e-30
 2.84509713e-30 3.98116878e-30 3.71604496e-30 6.82527003e-30
 9.49234145e-30 5.75103069e-30 1.41678779e-30 2.79237178e-30
 2.77554303e-30 1.95384859e-30 3.25461622e-30 3.19071673e-30
 2.14527512e-30 1.72499169e-30 6.65554595e-30 6.80874088e-30
 6.21859344e-30 1.52026713e-30 1.05784194e-30 7.09607101e-31
 4.24393898e-30 4.46043457e-30 1.39401019e-30 1.21626896e-30
 2.20054198e-30 5.52926588e-30 5.61839393e-30 1.45740400e-29
 2.36727447e-30 2.25505595e-30 3.35563125e-30 4.51890836e-30
 1.41075158e-30 4.62437446e-30 2.60093980e-30 4.15711377e-30
 6.04961378e-30 5.53429474e-30 5.39900756e-30 2.79265541e-30
 6.07705226e-30 3.27025989e-30 1.75898943e-30 1.08724961e-30
 1.35584255e-30 1.30196231e-30 1.13996123e-30 5.36172314e-30
 6.92154095e-30 5.94771403e-30 3.58859881e-30 3.80416303e-30
 1.35458402e-30 1.66313699e-30 6.24935491e-31 4.25467039e-30
 1.32453086e-30 3.74828022e-30 6.54183633e-30 5.15217669e-30
 8.30715275e-30 5.44450766e-30 2.12310078e-30 2.29739237e-30
 2.32041550e-30 1.83559875e-30 2.51106564e-30 2.44643941e-30
 1.19242899e-30 5.10613155e-30 5.85589795e-30 7.09471741e-30
 1.90136305e-30 7.99792213e-30 1.30447899e-30 4.47523865e-30
 1.31835472e-30 1.77653778e-30 1.25774002e-30 1.79497160e-30
 7.92916793e-30 8.67467962e-30 5.80913171e-30 1.99543288e-30
 3.12037082e-30 1.58411631e-30 2.55816140e-30 2.06806658e-30
 2.43363837e-30 1.09031690e-30 4.43729219e-30 6.31991353e-30
 8.55873638e-30 7.22215679e-30 2.15912244e-30 3.17166131e-30
 1.63203021e-30 1.79251829e-30 1.58125224e-30 1.88260574e-30
 7.65160607e-30 6.26757300e-30 6.45039529e-30 5.51244145e-30
 5.87437484e-30 1.41429913e-30 7.99835038e-31 3.23755218e-30
 2.96041895e-30 2.45764855e-30 4.03419204e-30 5.04535642e-30
 1.73564769e-30 5.45141768e-30 6.01818125e-30 6.64191849e-30
 5.59836087e-30 3.06803932e-30 1.38528586e-30 1.16240386e-30
 5.82924978e-30 4.81848714e-30 2.21503930e-30 2.49254606e-30
 5.97577543e-30 8.54056869e-30 6.93045289e-30 9.48935400e-31
 2.46235470e-29 3.66218400e-30 4.07455419e-30 4.91179506e-30
 1.52353773e-30 8.10648646e-31 1.57247657e-30 5.27644507e-30
 5.66286523e-30 8.05734685e-30 2.93880076e-30 1.06452787e-30
 3.83202018e-30 5.39345434e-30 2.24598546e-30 1.59399648e-30
 2.19811895e-30 7.20822446e-31 5.72030045e-30 6.76744248e-30
 2.08466103e-29 3.58053698e-30 4.62302556e-30 5.00567775e-30
 1.71166760e-30 2.03987823e-30 9.90450193e-31 1.50696185e-30
 2.83995072e-30 7.87831360e-30 7.78255652e-30 6.40908409e-30
 5.89656216e-30 3.94725812e-30 1.00368052e-30 2.81603176e-30
 1.94791150e-30 3.07148229e-30 1.75264948e-30 8.24067883e-30
 7.71774897e-30 7.89071479e-30 6.70993316e-30 3.93567546e-30
 2.21050885e-30 6.02252917e-31 5.10636326e-30 6.09161532e-31
 1.54441714e-30 3.25532039e-30 2.32325155e-30 6.94257195e-30
 7.83923603e-30 6.60396789e-30 1.64172908e-30 3.16843199e-30
 2.66434503e-30 1.98854749e-30 2.26410895e-30 1.25251425e-30
 3.87159691e-30 1.65250864e-30 6.42526717e-30 6.84539374e-30
 7.20479408e-30 3.57420549e-30 2.31513236e-30 2.17214053e-30
 1.77660417e-30 1.98703308e-30 2.43721939e-30 3.59038443e-30
 4.09776804e-30 5.49149395e-30 9.52136657e-30 5.27957245e-30
 1.24557714e-30 3.61632543e-30 4.04976123e-30 3.97360537e-30
 2.79902283e-30 1.77724890e-30 5.50325078e-30 5.18434499e-30
 1.25009111e-29 7.92034928e-30 6.95795155e-30 1.64513030e-30
 2.22133243e-30 1.57738317e-30 3.31971830e-30 3.52604445e-30
 7.20892505e-30 5.59638717e-30 2.17219733e-30 7.24602854e-30
 5.96283446e-30 6.41630633e-30 3.01506420e-30 2.63976854e-30
 4.16134555e-30 2.02420052e-30 6.56292376e-30 6.21382677e-30
 2.09227688e-30 3.68688932e-30 6.60981489e-30 6.93186799e-30
 8.11694159e-30 4.18815509e-30 2.61788723e-30 3.26999959e-30
 9.46208479e-30 6.32361869e-30 4.58639979e-30 5.91068276e-30
 2.63749617e-30 8.21017992e-30 8.58300836e-30 9.32570262e-30
 4.88862108e-30 3.39935701e-30 6.26415372e-30 6.41728133e-30
 2.21616740e-30 3.01660777e-30 4.66105478e-30 4.96875970e-30
 1.13366548e-29 7.05494094e-30 7.37181961e-30 2.56401724e-30
 8.59374768e-30 6.60257535e-30 5.98739797e-30 6.30587531e-30
 4.96524601e-30 3.60235604e-30 6.20424414e-30 7.55882966e-30
 7.59722187e-30 6.42461942e-30 6.44112073e-30 7.20875277e-30
 3.34437058e-30 5.96492139e-30 3.64243043e-30 4.25880663e-30
 4.22113965e-30 5.08179110e-30 9.09946904e-30 7.84473697e-30
 8.57424162e-30 6.76636290e-30 5.36475911e-30 5.03595999e-30
 5.06916084e-30 5.27968492e-30 3.31453446e-30 2.86197816e-30
 2.96326703e-30 1.19961482e-29 1.17392893e-29 9.48437216e-30]",0.7851063829787234,1.0
