,Train_Data_Size,Transformation,W,b,Residual,Residual_Norm_All,Residual_Norm_Mean,Accuracy,Co_Sim_CLS
0,10719,Transformation_Matrix_W,"[[ -0.5171156   -7.932966    -1.7685051  ...  -4.72302     -1.9964955
   -6.199862  ]
 [ -5.2148876   17.309275     0.34052753 ...   8.787146     5.3273997
   -1.0171583 ]
 [ -0.41753188   1.7891592    3.3218281  ...  11.485336    -9.259101
   -9.360109  ]
 ...
 [ -2.4348643   11.679562     0.78297466 ...  12.49786      0.8020153
    2.5527291 ]
 [  1.7502743  -15.072907     2.2632813  ...   0.30323014   1.0127338
    8.198389  ]
 [  5.8723445   -4.481649     2.6303449  ...   7.994181     9.919267
    8.919227  ]]",,"[674.7537  652.93506 584.0306  553.2315  564.4101  691.35474 692.5497
 714.17096 508.74655 564.3954  518.08606 635.297   626.32227 655.9267
 592.4247  590.1747  328.5204  745.97504 541.89453 709.11127 499.81842
 567.5815  613.9838  794.8841  531.9305  592.9281  835.1527  580.7079
 601.8168  530.4606  353.5344  539.11957 695.0627  374.7985  663.0179
 602.22394 597.47815 715.7952  545.48553 585.13745 724.134   643.4039
 676.41144 483.35373 606.68805 631.9315  711.4354  656.8925  641.3798
 618.9486  455.8604  708.63837 562.22723 599.89417 566.01355 635.7014
 743.43134 623.842   569.5414  634.4875  716.451   780.491   537.41003
 669.2928  618.72754 640.50397 515.12866 518.3875  572.61896 504.0753
 719.0603  712.9934  588.8625  478.36078 509.1981  578.1165  752.63965
 643.3611  552.599   776.05194 623.1238  761.5458  538.19403 723.2043
 560.3086  449.27493 761.15686 637.6153  680.4408  535.49603 521.6935
 729.54816 522.7321  657.4502  628.37506 663.9802  712.9196  792.3737
 563.0667  543.82983 680.57056 637.3491  493.56436 725.84265 581.8039
 552.24335 732.7183  746.5535  628.55206 536.7803  693.1266  600.9671
 514.4773  594.5527  684.3946  556.6414  820.6081  331.5016  638.3165
 594.17993 761.68036 664.38165 572.7421  721.9648  554.9183  544.30225
 558.7817  656.92554 332.63998 602.3366  615.46545 583.5508  676.2945
 671.35065 639.8856  513.5223  532.9184  657.2783  545.386   577.9979
 572.0759  482.51468 637.92896 524.4057  549.1407  679.2413  619.9297
 759.73035 611.814   602.9991  698.41296 670.055   713.001   631.01807
 679.93256 545.08386 663.589   663.4461  722.05023 677.2732  583.84436
 773.6364  745.9467  586.17615 517.61884 534.4068  579.73956 505.32068
 748.00165 656.9898  643.657   733.35846 768.99554 705.6024  552.06146
 554.9378  786.81805 606.89276 612.8765  699.9847  543.84717 624.5933
 557.3437  655.10986 535.1632  358.9736  688.87244 707.79175 664.04456
 656.0267  601.03827 584.5969  614.5414  515.8344  810.1224  810.65643
 561.7696  535.03656 726.95685 659.11053 596.09033 815.4358  673.0283
 666.2835  477.4962  638.81396 637.87885 617.84937 825.6227  634.1576
 455.45184 669.1293  520.1407  638.9083  565.92053 634.522   502.54822
 522.2503  633.55304 635.85046 620.74634 509.54657 344.64383 468.8026
 682.2712  721.7317  621.00604 783.10266 688.5371  602.7487  690.7119
 792.3341  507.6145  620.91833 525.9385  670.385   571.1123  609.27356
 663.92694 766.94556 658.62134 648.11237 754.3165  554.9948  635.43524
 498.86792 592.2914  632.12    620.0742  663.0293  578.79285 712.1496
 628.9982  632.278   659.8247  383.5384  501.10187 594.5517  561.68414
 710.059   548.72565 593.96924 756.0374  608.9643  807.55725 635.13446
 626.7626  647.77423 544.0296  730.1009  759.30975 747.8505  657.35834
 458.65265 623.45465 546.628   635.40845 554.0323  654.1933  513.77747
 572.6915  706.20776 564.76715 552.4856  720.03955 654.0887  590.6398
 690.4023  650.1198  727.5588  624.1912  611.579   585.9275  643.0941
 607.0415  710.553   437.02383 661.2922  641.8793  579.1871  580.85645
 889.09283 696.74164 686.01654 565.39795 650.276   675.1172  602.9364
 809.3618  498.6596  708.0256  640.80566 605.02826 622.1475  542.5549
 610.33966 593.0163  684.2612  627.9437  487.66907 598.91675 656.2868
 658.3173  619.8776  617.29346 696.4482  570.9229  587.19525 554.4724
 690.56714 564.77985 614.21173 739.0162  587.7031  624.834   539.1304
 603.4532  658.4688  692.4606  580.3821  715.5415  276.2523  707.30493
 656.21796 645.71313 819.68463 623.8981  589.3088  564.7145  699.26495
 647.0684  584.9189  556.7638  524.80164 639.38104 572.8083  673.921
 621.8091  659.1775  688.71466 602.5274  594.5209  655.3497  662.4583
 784.8301  653.8466  624.74817 649.6723  522.9419  494.39163 760.94867
 660.6593  760.55145 644.60187 558.56274 609.77716 602.2387  595.5245
 677.25854 894.1669  649.656   567.3809  670.09125 610.73627 565.6765
 282.11523 522.34296 601.86084 700.9478  626.30743 675.7544  557.50104
 649.0135  570.03986 498.87805 646.61847 657.9422  620.3918  668.2725
 638.91437 740.32025 694.18353 777.0811  719.0033  666.71466 859.3555
 645.1911  711.52594 595.1075  548.8899  474.75726 601.4955  737.5705
 492.84155 603.68854 636.552   789.4481  551.6963  635.15753 585.3985
 649.7676  639.21216 673.6764  635.03845 593.67194 700.26465 582.0947
 690.5443  385.8113  761.2198  697.5077  585.5563  636.6194  583.83704
 576.2192  739.86487 557.63135 460.67642 607.69995 532.29645 556.6102
 746.7582  558.29956 515.138   523.4217  776.04895 571.5739  576.0523
 647.4375  580.83057 631.416   758.17914 717.8378  611.59937 760.55756
 691.43665 596.9214  647.6093  690.477   522.97473 616.80676 566.6429
 634.55005 598.64056 465.3792  671.4807  656.96906 763.03845 531.61646
 824.3721  718.0129  445.84286 654.2995  671.98773 705.1079  526.1346
 657.7906  599.2109  668.1091  764.9792  659.3431  745.9931  696.1923
 591.2771  740.95074 604.35535 745.17377 608.9387  555.83636 628.8467
 721.71405 704.9755  725.8243  625.7348  537.64307 589.1466  733.79785
 559.4104  599.51825 613.3579  539.96576 648.82    594.6759  671.9256
 631.2542  381.14587 664.8237  622.1018  537.5905  675.08295 595.925
 680.6328  522.82965 477.06616 720.2881  680.2031  831.61993 556.1807
 677.4183  638.1227  742.1916  621.3648  634.00195 593.6567  566.9935
 639.3236  653.5118  653.06915 719.9645  622.77997 669.261   640.7591
 490.00623 678.53394 549.7261  648.3861  666.8324  644.49976 573.87384
 562.12396 812.35535 640.69806 618.59045 607.7993  755.106   692.73035
 580.988   582.7447  657.6661  581.0863  467.43594 606.37006 553.49976
 612.93774 633.3588  626.72736 639.34125 497.50244 644.72565 648.692
 613.59686 593.1665  663.4271  651.4273  640.0926  629.8421  637.1453
 650.38556 569.0069  633.96124 603.3055  561.35004 635.9195  589.9458
 690.554   586.16235 539.03143 623.59204 689.89813 636.1776  589.5461
 675.3657  762.0124  682.2616  607.5395  644.46106 673.1912  514.7067
 552.8132  636.2239  537.2807  685.21185 581.0815  629.7611  650.17255
 599.55975 642.1031  631.8688  705.15247 582.04443 653.10583 634.12335
 630.27344 561.5475  948.83    664.77325 748.8143  598.41907 633.8938
 548.15564 624.2341  649.9927  568.96606 734.8716  699.3926  697.0022
 645.8555  534.40295 826.22644 610.2995  537.15186 666.86255 636.2899
 633.79846 734.3315  495.47446 595.24536 705.7471  572.5583  579.80054
 778.3669  682.4683  520.7168  727.1672  645.4371  753.7749  742.72473
 522.3835  667.7792  611.977   637.4896  638.0415  583.2252  606.7637
 632.4599  615.8814  836.9492  480.31326 581.0486  517.8942  261.53552
 607.4382  741.18024 700.3102  657.7819  551.3501  779.1349  707.74146
 485.07764 679.7344  691.5383  550.18115 643.17255 628.4632  731.7738
 592.65656 671.64624 628.2947  662.1378  625.8821  714.8254  523.15753
 615.9586  594.23645 576.3962  537.8753  651.9147  674.04694 742.20184
 568.34564 578.723   480.2785  714.3952  613.3529  601.63684 430.7231
 588.97217 583.654   447.49734 630.187   622.1543  564.1902  629.22723
 661.1097  593.4422  624.8857  727.93085 622.52466 519.31287 611.48535
 513.6654  534.01294 701.5349  511.65845 528.91583 672.08673 518.7131
 523.3711  541.8603  539.15027 520.7126  440.05273 728.72424 643.95184
 598.1097  451.77753 684.5235  640.5091  665.9925  666.7094  702.89777
 681.2897  544.7951  644.5626  501.71832 684.0686  606.28766 533.5608
 640.168   727.9729  682.0103  675.8837  606.17426 565.76294 547.3089
 694.5133  790.65735 685.2914  674.37744 701.15607 617.51575 692.2501
 636.24695 541.4421  599.0303  662.71375 553.8304  545.1118  646.2376
 642.5689  635.706   598.11017 819.33923 708.96967 624.9264  557.934
 592.0623  697.1689  738.57074 620.90894 270.04465 725.66565 524.0118
 659.1111  559.5505  735.85645 651.14886 593.0566 ]",[5.2900066 5.8604236 6.2551136 ... 5.930935  6.3159475 8.356877 ],6.6173086,0.04604534005037783,0.2375777488831922
1,10719,Transformation_Matrix_W,"[[ 1.9189808   2.1653516  -8.821138   ... -0.5049391   3.951793
   2.5148306 ]
 [-7.2332115  -2.330225   -1.471027   ... -3.4335449   4.8950467
   0.6483917 ]
 [ 1.7152741  -0.1721521   4.218265   ... -1.8185622  -0.7848852
  -8.059552  ]
 ...
 [-1.9208441   2.519183    4.6358585  ... -1.069737    0.7592629
  -1.0160599 ]
 [ 8.949024    1.5954196  -8.680067   ... -0.61233675 -1.5055126
   4.0119686 ]
 [ 0.29624033 -3.7287552   1.5822542  ... -2.4641113   2.1648247
  -2.1819537 ]]",,"[663.28906 646.9678  555.2145  540.15314 558.9937  670.68365 673.2243
 702.8859  490.94464 552.8209  512.94904 610.7236  611.55615 621.23566
 581.5522  573.2281  305.04605 726.383   525.1786  685.08984 491.59998
 549.2986  595.95654 773.24756 525.89417 584.05273 814.1728  574.48267
 577.7261  520.2098  329.9475  526.26636 682.5312  337.84912 642.1563
 585.25366 583.1199  700.917   537.15173 571.1027  704.86664 628.16345
 658.6157  464.40512 591.5946  612.07904 689.07294 635.8215  620.3295
 608.50867 443.5254  696.9071  547.51935 576.1438  531.7466  623.98737
 724.25806 600.089   556.9195  627.49524 694.6126  758.2466  527.4228
 645.89514 606.4045  627.17804 474.61014 509.39865 558.0038  489.68875
 700.5077  696.5752  573.74677 457.6454  505.3456  569.7215  731.22107
 623.75867 534.74536 754.0926  611.72406 715.0142  519.1735  706.8898
 544.9376  442.42908 745.1315  625.23663 666.7793  522.17194 510.95917
 708.02673 515.492   640.88245 615.3938  653.2276  692.2577  784.6595
 545.0209  526.4009  652.30005 630.1359  478.89453 698.13434 556.7636
 535.8786  720.7427  726.42206 617.18536 522.7367  675.194   584.8324
 497.86017 573.537   647.1165  541.52936 806.94604 251.38931 603.479
 585.9673  742.9641  656.9632  569.27563 703.1118  532.37305 526.284
 540.835   643.9434  310.6298  591.89233 602.17993 549.3598  661.161
 653.5006  614.8783  468.8194  525.8131  640.84033 528.66705 571.3072
 555.6684  474.2515  613.7164  509.38745 537.30414 654.6571  603.8185
 740.826   598.8576  588.5228  681.5934  650.0337  692.8952  606.58435
 653.9772  533.27625 634.3967  647.4186  706.7976  650.7161  562.72296
 761.2779  726.6785  574.68646 505.6192  520.8063  562.62225 461.07285
 731.77563 647.71423 627.9593  711.79694 736.2845  654.8784  533.3033
 538.5049  760.3179  603.4207  598.91925 687.0869  527.6091  615.06696
 545.39844 633.74365 530.0516  347.66946 674.35236 694.9092  638.0317
 641.85675 582.35986 569.1994  594.4105  502.30875 793.03546 788.90436
 543.30096 482.72043 714.48395 642.23096 576.37445 790.6582  651.78864
 655.91046 466.0235  625.6348  617.3635  609.2708  805.5993  620.7851
 443.12744 655.6663  484.84436 619.3554  549.2173  618.7061  471.28595
 512.45715 611.8529  622.18854 600.7437  505.05084 335.22665 461.17896
 649.2801  699.36414 599.8002  752.68604 677.4229  588.0093  682.0235
 769.98517 490.68503 602.7731  512.4095  649.6578  551.10236 595.4446
 646.3529  747.8101  634.85785 633.7538  735.1927  537.25586 619.1878
 487.91052 578.2119  615.4786  607.651   656.33734 565.68994 687.01556
 613.1194  606.2126  641.46967 330.598   484.19986 530.6457  543.8212
 704.0044  539.0051  579.40607 695.8044  598.8965  785.1546  625.1555
 607.1493  639.13885 529.7683  710.43787 737.3591  726.84546 644.5051
 442.6072  613.33746 521.09204 617.1513  541.04047 639.5968  502.46878
 548.0672  685.10834 547.22766 527.93915 695.0309  637.8744  576.6881
 670.8206  637.5805  705.19214 613.3514  600.561   573.96625 622.86145
 594.5978  683.22626 426.4133  634.7995  625.28436 555.02136 557.7718
 859.5746  670.7478  670.1595  553.5     640.3857  660.3076  587.84155
 771.52795 464.84256 693.66925 621.4097  589.7868  602.20044 535.01984
 605.7524  578.32855 672.142   621.06903 478.27103 590.5123  635.1543
 644.3452  601.5236  602.8934  681.2452  552.06476 574.44495 546.051
 651.294   559.8268  600.642   726.36285 566.7005  612.6888  525.32806
 563.27496 645.18256 662.6621  549.9705  696.5173  261.1574  681.26636
 640.29425 579.74115 806.0609  608.01764 575.7964  545.8722  666.7578
 609.81177 575.5338  546.32825 512.18317 627.6141  563.2436  656.73846
 602.2554  647.4222  659.2532  589.8718  585.0848  640.7861  645.4453
 763.3723  630.84564 605.44586 644.2032  509.55933 477.18695 744.08185
 639.3937  738.3585  626.1295  548.83356 589.4078  592.54456 574.88257
 642.9123  872.09564 622.5331  555.082   651.9183  595.4207  557.77637
 247.7248  513.56323 589.0261  665.97986 606.8875  639.5211  551.2734
 634.3604  556.3454  489.2003  632.8831  640.6185  607.8861  640.2567
 622.8749  717.8174  690.20575 752.48975 705.64276 651.73566 805.1783
 628.63275 684.9326  577.1378  535.7708  454.24658 595.91754 714.0214
 485.11942 582.90967 628.8673  759.766   531.60425 614.34906 565.3366
 632.9127  612.87756 653.7019  619.1106  560.674   680.649   565.7545
 680.6276  369.0886  742.18427 674.309   568.17505 618.3532  555.6443
 563.8289  725.12476 551.1292  450.13565 596.34015 518.13245 546.02094
 723.89417 544.47986 498.96848 509.31128 752.9066  557.72876 566.2897
 627.2632  561.14667 618.7637  732.76544 698.48254 595.1556  724.7462
 665.92175 580.96704 632.83496 671.5228  511.94666 587.97815 553.4271
 622.19727 581.10974 455.93158 660.022   637.62335 734.49146 516.93286
 801.51825 703.2949  407.50955 642.2265  643.11273 682.9149  516.1414
 642.14996 579.91864 656.7818  753.5067  629.6658  735.00305 675.63727
 580.1161  647.5137  590.396   731.3229  591.29755 538.08856 590.86615
 706.11804 668.9639  700.44885 606.56647 508.7638  575.2405  704.4641
 550.0145  578.0816  608.9383  527.1331  638.4027  579.34863 654.0232
 614.0236  342.57535 650.091   610.5924  510.45267 665.48517 585.1111
 674.6882  504.7455  468.34415 694.5587  661.4519  806.7354  541.1768
 654.6813  624.7945  725.8627  607.21436 615.3208  584.70215 552.8487
 618.245   640.7388  637.98865 692.2731  608.2393  656.0429  631.593
 479.82452 654.3399  534.9387  639.17004 648.7652  622.08246 563.5718
 552.3426  795.29553 623.8722  607.6019  605.94867 738.5257  675.2582
 567.8077  567.1152  645.45935 568.2281  452.98813 586.26337 546.1727
 600.8884  606.941   605.4874  615.6458  477.1751  630.4938  633.7964
 590.18536 584.19257 656.3954  645.758   614.16864 611.84674 620.38184
 611.6038  558.8312  614.09845 568.7757  548.4756  618.70984 578.12146
 673.0754  565.38196 519.61926 526.93085 675.6857  613.6188  574.7911
 661.46576 740.28674 661.5626  591.6721  626.769   653.3818  494.90985
 546.0056  618.5476  526.954   661.75006 571.9071  617.29315 623.12744
 582.8982  630.7785  606.2575  689.9749  562.45605 611.3644  611.53357
 593.7467  554.31244 932.8243  648.0289  722.3549  583.55194 610.1618
 535.3353  597.45734 633.6593  550.99084 719.62445 693.7915  678.86334
 627.0716  518.1002  785.8576  603.16376 523.46594 647.2403  622.5565
 615.48584 622.22424 446.76215 586.9986  695.8154  561.48676 563.3365
 771.1758  661.8959  507.70395 710.7043  626.2687  731.0485  719.84906
 504.59216 654.97565 595.97363 614.59766 622.54553 549.0068  593.3269
 615.7209  603.4343  815.721   460.91132 562.8253  511.9119  243.37839
 586.153   719.3574  683.14484 640.4581  539.5266  755.1056  683.8742
 472.9306  658.71155 660.58777 531.34174 634.9783  611.54205 716.0657
 574.3157  650.9891  612.7035  647.0218  603.44165 692.4045  510.2345
 595.13513 539.976   564.58124 518.4466  624.56744 658.94965 725.10547
 557.3264  557.7812  469.14542 692.3329  606.32184 592.0291  422.6977
 571.391   566.11346 444.96722 624.4011  611.1523  550.7437  623.7819
 643.75165 587.36847 613.78784 707.3665  609.712   502.02246 596.03546
 507.859   517.90125 692.85767 496.63467 504.78345 654.4509  503.38834
 506.99945 526.3504  529.9736  507.35953 424.22385 690.60986 631.5833
 584.2069  440.8502  599.12866 627.07855 650.6155  656.1784  685.7591
 668.05194 535.02386 628.57043 488.4182  666.1162  596.9953  520.24316
 621.0332  718.6872  667.08844 646.0271  590.23584 549.41296 534.67035
 668.36475 773.13464 671.499   656.18475 668.883   608.06213 676.041
 604.357   536.59265 581.38873 637.0706  535.74445 527.5987  630.92584
 623.96277 620.2456  588.0862  765.703   693.45465 615.26666 535.46716
 580.4705  687.3639  726.2386  609.5143  250.98499 713.616   518.7951
 636.2732  541.24493 715.17413 631.5394  583.1028 ]",[5.2366157 5.6726184 6.7628903 ... 5.798648  6.2719736 8.426825 ],6.5208516,0.06861460957178842,0.2859977669654552
2,10719,Transformation_Matrix_W,"[[ 6.0740533  -2.6628618   2.2024806  ...  0.28034186  1.0896635
  -0.15416525]
 [ 1.4386531  -2.1289253   4.006158   ...  6.1942673  -2.8880088
   2.9332087 ]
 [ 1.3108052   2.2683744   3.3954     ... -4.602869   -4.5269527
   0.10030755]
 ...
 [-3.2988756   3.5612822  -1.2304478  ... -2.000364    4.8262076
   2.229416  ]
 [-1.4627054  -3.13231     1.3193468  ... -6.0297294   0.5370124
  -1.1375829 ]
 [-3.184821   -1.5703789  -4.1895714  ... -4.596988    2.280442
  -1.2084385 ]]",,"[638.91345 634.68317 535.6783  522.7417  541.6191  639.55804 644.3591
 679.4795  475.7107  542.0797  498.49203 573.3012  593.94354 583.6111
 560.9493  549.9775  285.11533 694.8167  500.88455 666.6727  478.55307
 533.05396 578.66473 747.0592  515.3523  575.1628  791.753   553.9294
 562.928   509.19708 308.16064 511.888   668.84064 318.41202 623.9491
 569.55615 561.5418  682.67676 527.69806 558.00977 678.81287 619.5182
 634.22705 446.89594 579.2184  597.0318  666.9214  605.7409  605.0242
 589.71814 429.71545 683.3407  529.6543  562.424   502.45572 607.3544
 696.0999  577.31555 547.2879  609.54346 675.715   734.255   511.32205
 616.73    595.68787 603.5583  441.6671  489.48227 540.73926 471.9
 664.90753 675.30615 558.95483 440.99106 489.85403 553.60333 718.1509
 594.6858  508.9671  727.605   590.1501  680.7511  509.6546  685.7045
 526.53186 433.26172 724.5852  602.9247  646.9828  509.23483 502.5238
 695.38794 505.5246  627.565   595.1328  631.93634 673.9004  764.62396
 526.16724 508.83667 618.6139  614.04034 460.84732 676.78546 540.3944
 520.75574 691.6154  705.7407  595.81537 506.1817  645.24774 568.54193
 483.95343 555.4107  629.1749  526.6122  790.1507  214.78102 588.06177
 568.7593  726.53094 642.4092  553.0376  674.8103  510.91537 509.10126
 524.07837 631.26514 287.5145  580.6505  580.1901  531.32306 642.39624
 636.308   599.867   457.95566 516.7893  632.3885  510.13025 553.3121
 539.19385 463.59207 589.5361  495.27737 525.54004 626.38965 587.84576
 727.42096 579.6078  575.06274 657.9437  630.3288  672.77045 585.4873
 612.20667 522.1404  609.818   631.0743  684.57043 624.004   546.687
 738.2934  705.84534 549.5773  495.96973 504.05594 545.4508  423.3402
 712.4013  621.3196  610.74475 683.1801  718.9363  614.22003 517.50006
 520.941   737.49835 585.1367  580.63135 664.8965  518.19434 595.32794
 532.47455 605.02673 519.2987  335.68414 658.084   669.88934 615.4495
 621.6403  566.60425 548.68555 570.0879  485.7765  770.32336 757.88947
 520.8279  459.75397 691.27545 620.95966 559.8967  768.70435 637.20667
 640.63635 451.12302 601.5758  600.788   594.05066 774.9869  601.9779
 428.42575 636.11694 458.33838 605.54926 542.0015  601.03876 451.1426
 497.622   591.6919  608.5374  581.0589  495.0867  318.11115 448.88068
 627.4958  681.90924 589.18854 734.3145  656.4644  571.8633  666.9562
 750.43933 476.04428 583.51166 498.8889  631.0644  533.81445 578.44727
 616.69763 727.3166  613.7986  624.3799  713.7866  522.0622  598.05493
 472.18683 555.86975 595.0777  594.18585 641.4036  558.3079  673.1061
 597.2016  576.2774  620.0495  292.30783 467.78952 483.07233 523.0227
 680.43494 518.2894  567.15186 626.7026  580.89777 766.90204 609.61145
 585.6496  620.70776 518.2699  678.6791  715.74524 698.52405 619.2431
 425.19122 600.6663  512.195   601.6901  528.0768  625.8516  492.41312
 526.8261  665.9007  530.8983  510.42578 680.124   624.7102  564.2424
 647.3663  625.07745 685.7388  593.3906  584.95624 550.05365 602.8871
 577.04816 665.71313 420.83212 605.87177 604.5826  537.51685 541.15173
 824.0104  647.2837  649.02875 534.8589  613.01263 635.46063 573.343
 732.5712  438.65918 659.23047 604.8079  573.25256 581.46643 520.0368
 589.7323  568.70514 651.0493  613.60535 469.36337 580.9358  611.2133
 621.9184  585.4851  587.8107  659.015   534.49725 561.6701  526.3489
 617.07654 540.3698  590.14453 711.4931  552.7611  593.10834 507.9372
 521.1229  629.1076  646.9689  540.3189  681.08124 238.33412 665.4498
 615.624   518.4704  789.34045 596.688   564.533   525.321   640.4588
 555.5409  561.1923  530.5576  501.31192 608.8142  552.5331  632.38226
 583.9966  641.14764 633.03644 581.6159  563.86945 617.04816 621.3351
 725.69965 608.87286 596.86066 623.9601  494.62155 465.1685  718.365
 624.9429  717.60565 609.65106 539.93915 576.25745 574.2248  551.16504
 616.4532  853.946   597.11804 539.6415  641.52893 577.90814 546.5377
 231.45178 501.69385 564.62524 642.2748  583.81177 616.55145 528.56586
 607.61865 528.1251  475.19678 619.7308  620.9602  587.4487  627.92456
 609.6329  693.2351  669.0815  731.7728  685.456   629.988   764.777
 614.9209  667.05316 558.20905 529.73645 432.45776 579.64996 695.86884
 468.28857 570.14    611.37274 730.09204 503.3677  594.0688  551.1074
 616.1638  595.55194 637.60266 594.58875 520.6957  671.0146  548.27484
 659.7845  348.2142  730.92755 658.49146 556.1587  604.02014 509.5195
 551.7322  702.86554 538.8078  434.60886 582.588   499.40143 527.8686
 704.4264  527.35236 487.65076 502.4928  740.79535 544.0329  551.96515
 595.78046 551.8732  606.75415 705.2749  679.6885  580.4845  692.7305
 645.0556  573.43494 610.93494 650.8258  496.3264  574.86536 535.245
 609.97504 570.07214 448.74164 638.4109  618.40924 713.3613  503.07544
 772.043   679.5147  382.08237 616.0609  622.9687  653.8379  507.9912
 628.1969  552.74146 639.9715  736.6759  606.7764  718.20435 650.86053
 563.2132  590.69226 573.0042  705.2064  572.49884 514.6079  557.8403
 688.2132  635.6869  681.2949  585.69244 486.9662  555.0017  669.51794
 533.78937 558.6851  592.3834  510.38657 619.8931  560.2753  640.2041
 587.29755 314.18466 619.9014  585.88416 486.75186 653.5851  563.3387
 656.29254 490.50235 458.59488 662.6885  642.6219  783.83777 526.59436
 635.21375 601.5547  700.67206 583.31024 591.7467  570.1518  540.34235
 594.9011  624.8671  628.96094 670.90924 599.5732  642.5414  616.1403
 464.7829  631.91235 525.2648  624.68555 629.1359  592.08514 550.65607
 534.4545  781.4206  608.08594 594.6353  592.5028  715.0995  647.00494
 533.6451  552.1071  627.17114 557.10895 437.62003 567.7991  532.88605
 592.6307  599.0698  586.83344 597.3915  458.46136 618.62976 620.7116
 567.6942  569.88947 641.3101  625.4036  600.43823 595.77606 603.9779
 586.5816  548.54816 596.7824  538.65515 538.5828  598.8172  564.05133
 650.0967  551.1569  504.7571  443.4247  651.2025  589.66846 558.9156
 642.7289  714.8145  645.59125 574.82056 608.4817  635.44666 475.46292
 523.5451  597.3289  518.5664  643.6036  555.131   607.8571  589.8177
 563.24384 615.03107 585.6652  673.90173 550.9753  596.6301  594.01794
 571.46674 543.7521  919.8796  632.01385 694.8594  567.36786 588.6131
 525.57776 566.7363  619.1031  534.8284  692.41473 677.1473  652.94073
 602.2092  507.82202 758.902   583.5014  503.37518 635.71173 604.54535
 604.3954  496.1211  396.65085 573.86835 674.35516 548.574   551.87665
 754.4569  644.3303  488.5408  689.3274  589.0507  720.9839  696.78577
 493.369   638.0097  571.10254 592.7175  596.4226  524.9543  572.6656
 593.1862  589.6817  785.39417 444.9883  548.3667  504.7438  224.56598
 570.8265  693.0021  662.3338  625.1612  519.7944  730.6095  666.14307
 460.1284  648.75323 633.359   515.6754  612.994   585.7175  694.84204
 562.9243  620.8344  601.8831  634.442   590.0284  666.3955  495.6491
 580.38257 510.85574 548.04016 505.54703 602.26807 643.1689  697.33124
 541.50037 534.1519  460.39047 673.3144  586.41296 580.60187 413.95236
 553.81464 556.6191  436.3456  604.6316  592.0421  533.44104 602.68835
 619.0083  578.037   607.3903  687.8276  593.9018  490.62848 587.34424
 492.58035 504.7977  664.89307 478.49994 478.39856 636.0046  491.8847
 486.32504 509.56912 511.13632 493.70135 410.7032  670.43036 625.5748
 568.03357 428.6819  516.87524 607.9041  635.9261  636.8631  670.857
 648.3606  526.15106 608.76605 467.22595 651.0601  577.5457  505.60712
 607.3046  698.8455  645.0214  627.41626 579.94116 525.69476 519.27954
 646.0997  756.4711  650.3119  631.91376 652.02203 587.45996 663.5271
 580.8243  528.3232  559.18384 609.12067 522.45905 502.46826 614.914
 603.6194  592.2718  578.72375 723.37775 666.6764  603.3107  517.3859
 562.78485 667.8902  707.2234  592.985   229.3129  690.631   504.51672
 611.3291  531.2871  695.1882  616.3221  569.06555]",[5.128023  5.8457084 6.4125066 ... 5.6520734 6.307255  7.938398 ],6.4147105,0.1035264483627204,0.33064843512999664
3,10719,Transformation_Matrix_W,"[[-1.3695596   0.68079716 -0.4908154  ... -0.3463787  -1.28229
   0.7217868 ]
 [ 1.1303644  -0.6270267   0.40688092 ...  4.714076   -2.9496543
   0.7330451 ]
 [ 1.1165001  -1.5851198   1.9752675  ...  0.5638166  -1.0344142
   0.26279488]
 ...
 [-1.1279193   0.20033418  0.5670706  ...  3.4086397  -2.4523973
   1.5674943 ]
 [-2.3255901  -0.1907717  -0.83322024 ...  0.45546174 -0.38399976
  -0.53375864]
 [ 3.7340908  -1.3446572  -1.9625412  ... -1.1728116   1.2808094
   0.14242539]]",,"[620.47266 616.3098  509.8901  501.4984  524.44965 611.7739  609.5007
 647.8659  448.64172 524.06744 481.5622  540.1028  576.9504  555.0243
 534.3835  512.3653  262.8132  665.7418  478.8098  649.132   463.64664
 511.65054 572.1018  712.42957 499.0988  556.644   762.1604  540.2297
 538.32574 481.78757 284.86646 494.9201  637.8351  305.3818  604.3598
 544.8853  537.4834  654.26514 507.7656  535.739   640.1234  597.054
 598.59424 430.54074 564.86383 566.1603  647.2834  588.8437  589.0427
 566.55774 407.71646 654.9378  515.97736 539.7645  468.66293 592.95874
 668.3723  537.3149  527.9389  588.2336  638.034   701.2868  486.47937
 579.0114  581.54694 592.36865 411.60333 467.23032 527.9787  452.98007
 635.87134 652.5226  540.32465 410.8313  478.31595 539.7345  692.0824
 571.0337  483.57483 683.6751  569.6951  629.1206  494.92468 666.9123
 505.61533 414.4451  680.4635  570.332   612.7683  488.79608 486.6191
 665.6133  495.15668 598.56494 564.7365  612.3504  645.5568  713.0931
 507.58603 495.44583 593.473   597.6227  444.2239  637.8357  516.05304
 504.9367  671.0274  669.60266 574.5478  484.75558 610.73724 552.5968
 466.04614 537.2815  602.487   513.8183  767.6381  188.6674  564.23346
 545.8721  702.8918  622.60547 529.5995  654.1643  494.52896 490.7801
 506.26602 606.92755 267.86655 566.69934 566.14813 508.67438 614.0391
 613.3554  586.89087 437.39288 507.55014 603.4773  489.10684 527.9262
 517.9625  452.49832 576.63635 474.07764 509.0982  606.31647 560.969
 692.86755 561.4825  551.0254  624.37994 616.87103 653.9251  565.7077
 586.2804  507.46    580.751   604.1044  641.59393 595.08905 519.6765
 711.0629  689.52386 519.57544 471.0212  489.6454  528.42413 365.9552
 679.64166 602.48004 593.2714  635.2087  689.5312  564.6368  496.95798
 496.09033 700.04016 560.6569  561.94226 644.5008  498.5538  572.0415
 524.2988  569.05066 504.31488 314.984   637.33514 650.89404 579.3383
 596.7118  548.0228  523.4112  545.68787 465.10675 739.3511  728.1419
 499.1398  428.38837 662.36334 596.11566 540.4621  738.43414 612.1109
 623.40076 438.69534 578.3144  573.8785  576.9542  743.03894 576.90485
 411.1395  618.01917 425.21463 579.8229  517.4076  581.24725 421.27753
 484.74188 571.4897  582.6524  553.26465 473.19437 292.41507 425.21863
 602.27423 652.7542  563.7292  708.0944  637.5509  549.9576  648.60785
 716.0837  451.61798 558.8812  480.1219  605.9161  518.88605 559.62427
 594.119   703.26666 590.09534 600.8661  693.42975 505.49963 564.8483
 455.13803 537.89746 565.13824 580.8001  614.3682  535.70557 648.9152
 577.5825  551.58716 592.632   245.69699 454.72482 444.58215 498.57324
 653.7481  507.415   548.45844 526.3858  567.3598  747.7914  593.5801
 569.8493  606.84143 509.85098 654.6192  691.9799  666.9992  591.34595
 402.78574 579.81744 489.78525 566.8586  518.27655 594.82794 486.96112
 503.7596  634.5668  503.50375 487.253   648.97626 604.841   553.9163
 626.15015 599.6621  658.097   582.99023 562.25256 526.87775 578.9316
 556.62915 641.98474 410.90262 584.1267  580.6895  508.70233 526.9964
 763.70984 620.7174  632.90564 513.5904  593.883   599.7728  544.4484
 690.1854  405.03787 623.7594  583.66693 553.69714 543.35693 502.2532
 571.2345  559.8593  635.28284 591.23206 449.48538 558.37177 575.75287
 595.3982  567.5536  571.2082  625.3952  511.53378 548.7161  504.90427
 584.77057 518.31287 577.73267 694.3915  537.26404 575.6434  485.25015
 458.88113 607.95514 621.6756  514.8102  649.5653  216.30623 640.31824
 590.03735 472.42557 746.49396 572.0845  546.8205  505.37466 611.451
 484.09518 549.67065 512.6424  492.5496  587.7723  534.5877  596.635
 559.88947 625.2488  596.6008  565.86584 538.61346 600.084   587.4887
 696.4175  592.92114 584.27576 605.21674 479.8484  456.6341  700.1835
 594.6547  680.1293  596.8018  520.85657 554.71027 541.62524 526.5879
 596.2274  821.7706  570.8873  524.5743  624.8747  556.3782  531.51996
 208.9476  481.5526  533.94226 615.75415 564.30444 592.6083  507.14526
 563.8478  506.40186 463.93167 591.4443  589.7755  559.5362  603.06934
 582.183   672.2898  639.20746 709.5698  656.8025  612.7785  733.641
 590.3319  638.79694 541.17755 522.5106  411.6889  559.3635  681.4632
 444.8004  550.6871  589.21857 697.80145 471.41043 570.55536 540.4006
 580.6969  555.103   617.301   581.279   488.05402 647.5336  525.4226
 636.7494  329.16592 707.052   636.47906 544.5498  582.52136 478.32312
 534.43207 668.58704 516.4838  421.50024 572.75726 479.30786 511.10666
 669.49677 508.65692 470.64542 480.32697 716.4661  524.27277 539.11053
 556.53723 535.04645 584.9651  674.0794  654.56635 552.59686 658.40045
 629.8119  556.3147  585.9656  618.6549  477.3642  556.4256  509.2669
 586.89667 559.5555  433.64136 619.2075  594.3687  688.56134 493.6776
 734.108   635.19165 356.59204 597.1031  606.04596 613.2253  491.42786
 607.6755  533.33594 610.8827  723.8029  577.3763  705.6131  622.93915
 541.4686  510.90308 544.4032  689.02814 552.98035 497.74985 525.0624
 648.8784  599.6911  647.02216 568.30994 462.8992  528.83344 641.2042
 517.57526 538.5702  576.63275 494.83932 605.8634  538.8974  609.16583
 571.13837 291.7666  599.9017  561.0045  461.65295 636.7975  546.4464
 631.70685 467.41504 444.30356 635.6792  616.9811  752.9198  503.33148
 618.30365 574.092   658.56226 560.5922  561.799   549.4429  521.3131
 567.9877  600.04974 605.8232  637.0534  578.7199  627.1062  594.7939
 450.8287  612.0958  512.6193  603.08673 599.13824 570.50616 534.2586
 517.21747 751.4024  575.47845 579.72186 567.2568  676.3053  623.7189
 499.7489  529.01794 606.18115 532.0262  427.55746 550.4837  517.22363
 565.78375 582.9891  563.5816  577.66113 445.63675 605.6155  598.01825
 543.08295 545.8886  621.4747  608.53925 576.3818  565.624   580.01154
 561.55505 534.4196  573.6371  506.80765 517.5469  573.61066 541.4876
 630.5396  529.54626 483.94525 376.19736 623.7405  555.93365 539.63367
 621.98004 686.16754 629.533   555.86566 580.18085 615.0078  465.2656
 505.78107 568.1007  506.8227  602.7726  528.9626  590.7515  556.32825
 545.21075 601.2648  565.0964  651.1703  514.2673  574.66785 573.10046
 543.44055 531.6608  898.968   606.51575 660.19574 547.03156 569.03864
 513.56165 548.8067  598.0818  511.35538 669.2312  646.9384  638.85425
 584.37036 492.4187  731.37665 556.28253 490.8127  612.69727 590.67523
 587.2984  391.5921  355.90668 551.03217 646.0693  534.3632  538.42
 736.77094 617.13135 455.31415 657.8582  566.00195 686.32837 673.2224
 477.3178  623.4102  547.2005  561.2709  563.2375  499.4527  549.5529
 570.25464 576.22034 765.25494 430.12833 525.37177 488.19357 206.57872
 548.22955 670.95776 643.41016 609.131   497.17795 698.71893 647.7802
 439.19202 621.86066 598.23663 494.57422 584.6796  565.11554 666.0895
 550.2633  598.04364 579.26917 602.9324  571.87244 639.21027 479.9869
 562.76575 485.3124  529.95325 489.4509  582.02997 620.4178  667.1147
 518.8697  504.57172 441.22604 654.73956 553.81055 574.69727 398.50586
 535.1797  531.89716 419.56827 584.7385  575.94214 515.9172  568.19946
 592.7533  560.93665 591.7753  654.9586  566.84    482.8419  569.712
 476.87024 491.9009  640.0346  467.5924  464.3631  612.1589  465.113
 461.98514 487.7103  491.4662  467.25394 395.13974 649.49115 609.84607
 548.1569  414.9355  442.69965 578.8371  618.3706  604.9917  644.9828
 625.47296 508.63303 590.82874 453.75513 629.6375  557.1683  498.8165
 586.9248  669.83887 623.88824 607.4207  568.8547  495.40082 503.71188
 611.3222  730.2209  631.24927 604.4249  620.2596  574.2622  637.6497
 553.8509  516.1219  532.22565 573.95966 500.8205  482.3076  589.16614
 587.635   567.0775  565.39105 657.43286 648.91736 584.9952  503.39566
 537.9792  642.62756 680.7948  574.34375 204.18077 658.19696 486.96057
 582.06573 513.6628  663.35156 591.1986  547.93195]",[4.619488  5.767405  6.478622  ... 5.7037134 6.0517387 8.071948 ],6.284056,0.15294710327455918,0.38402998878641526
4,10719,Transformation_Matrix_W,"[[ 0.08675712  0.10377286  0.22639388 ...  1.1110227  -0.28801706
  -0.4131469 ]
 [ 0.38133654  0.3647755   1.0182382  ...  0.48343253 -1.2213182
   0.8023497 ]
 [-0.18219541  0.21816714  0.4967054  ... -0.2372066  -0.00280437
   1.1180172 ]
 ...
 [ 0.7868044  -0.66531634  0.37912226 ...  0.27556908 -0.25785765
  -0.16792217]
 [-0.5126375   1.8623261  -0.08564675 ...  0.75919646 -0.09956499
   0.48863262]
 [ 0.9649316  -0.5146596   0.4058712  ... -0.9597958  -0.63376945
  -0.04944239]]",,"[594.30115 609.65576 493.25513 490.08994 515.48944 588.001   594.80664
 631.5686  436.5723  504.72333 471.32016 512.25214 561.36127 541.22253
 519.77014 481.24368 249.964   637.1028  460.25003 629.3017  438.85733
 491.00208 551.36664 673.74274 488.35376 542.25574 738.3248  535.4671
 528.82434 471.2851  276.70016 476.80478 619.301   292.40793 596.7434
 528.89124 519.98016 643.92395 500.15024 513.1427  618.2553  589.20935
 577.50446 422.14777 543.1812  544.68243 626.97906 562.4742  576.0677
 552.7967  396.04544 638.81995 502.05106 526.1112  448.26987 572.66327
 652.77155 522.6523  517.8428  577.469   620.0901  668.7961  472.62296
 556.3339  574.31604 571.63135 398.1221  465.54175 511.55798 440.7785
 616.3719  639.3683  528.0077  396.0808  474.05353 522.93475 685.7211
 551.517   471.64304 666.4772  546.83417 585.7814  482.83548 640.5331
 496.9741  406.80045 667.47064 558.9123  584.31995 476.68417 465.03964
 646.6158  488.17908 587.35284 552.39856 594.71857 607.3339  691.723
 498.8028  483.20126 572.6845  582.0972  428.2728  618.5652  495.12128
 494.8998  655.28253 644.5248  558.5361  480.53168 590.4543  539.1252
 458.14807 528.4775  580.8732  505.1371  749.4091  177.66328 549.83545
 529.15375 686.2323  607.0933  511.34763 631.591   483.4852  475.5277
 485.53513 594.27057 250.6979  555.51697 551.4884  499.07712 602.8372
 601.90015 577.40906 426.97876 492.0776  585.07416 485.1266  515.91003
 505.6886  439.54904 567.0358  464.5273  493.52512 582.78235 537.9978
 679.45685 538.9831  535.0567  605.07794 599.63165 635.05334 541.13776
 566.8314  497.6261  557.0623  581.4295  613.80334 556.6929  507.02737
 690.46094 668.1834  510.67047 463.46277 477.2207  513.2762  336.91376
 663.19086 575.8193  584.72906 602.14685 671.35834 527.5017  484.8716
 478.83105 678.6424  553.76794 542.75714 626.8832  492.11536 554.29626
 508.95032 543.62384 494.58807 305.44934 612.6249  636.6716  556.9214
 569.66125 537.0675  507.7515  531.0313  448.90686 713.1727  688.36694
 480.84402 419.29813 633.7047  573.33264 528.251   702.272   596.6047
 607.1934  423.28214 561.0667  546.1858  563.61584 729.26276 563.79663
 403.42685 593.10736 407.7114  571.41235 508.6433  563.21967 409.6144
 476.8322  555.60614 564.63165 539.9405  461.5982  284.74542 414.23532
 585.17163 639.3408  554.1549  685.95233 608.5528  533.04297 621.74066
 696.5843  437.98123 545.1838  464.82968 593.6279  502.43234 548.9349
 578.2585  680.8683  576.40356 585.6871  671.9363  494.83438 547.5413
 441.50214 520.14307 548.5233  570.37396 585.5629  528.8292  628.7981
 563.6541  534.9906  581.09454 226.08891 440.05997 423.0755  483.81192
 638.646   490.81406 537.9132  468.56934 558.79626 733.6577  579.7425
 548.5595  592.81226 497.86526 635.9606  680.31305 647.9033  572.7964
 395.13147 557.8622  475.25446 555.2042  511.02112 574.14307 475.7368
 486.85785 617.4728  485.77155 468.69296 626.4382  588.3616  534.5499
 595.5446  591.94025 640.1884  559.2653  550.39185 506.99927 558.47046
 541.72565 624.7701  400.16653 567.4263  560.0762  497.3325  514.0769
 726.906   606.7332  609.171   502.73376 567.3173  589.15533 528.18335
 667.1187  385.7715  588.9769  561.56744 535.79956 529.78674 494.0643
 558.4481  551.73785 623.9039  571.6198  440.9537  538.9186  556.0481
 577.2135  556.2327  560.6587  603.0262  505.5321  537.65436 492.2036
 565.8894  499.405   551.0873  673.8269  526.21545 565.52344 469.92307
 422.3511  585.8524  605.1015  501.07626 626.6013  207.45987 620.7004
 569.73956 432.42456 725.2835  557.60364 528.77795 491.7566  594.4943
 454.76453 539.16986 500.26917 480.8197  564.75696 519.8262  582.3687
 548.05206 611.0596  580.9618  551.8337  517.86163 584.9533  574.3659
 677.52026 573.77246 570.1528  575.88275 469.26703 446.78085 675.375
 578.91876 655.00775 580.694   503.21362 546.2486  513.28186 516.5167
 558.5621  802.64966 544.1666  510.65012 609.5354  539.0635  522.2528
 198.0696  464.63162 512.31934 597.8532  549.82227 571.3142  485.6778
 534.0048  491.1887  446.88843 575.2098  575.2276  543.7215  592.7392
 566.70306 645.7525  614.578   694.05505 636.96204 601.20105 714.58484
 569.06757 625.67816 524.8622  510.7277  388.4906  547.41534 655.7271
 431.88828 532.12244 574.33905 685.3331  444.47955 551.91327 522.64886
 561.42804 542.6004  597.9398  565.5184  469.70822 632.6822  506.6976
 615.91174 305.59897 686.5626  622.9012  538.8674  571.38275 456.16748
 523.48486 650.557   504.4501  408.9038  559.15704 466.95163 491.95187
 646.9603  495.9133  463.48325 471.3675  690.06195 512.7305  526.5844
 541.5841  522.53015 571.6039  656.23047 633.1863  544.7399  625.4559
 599.9568  540.07495 565.6136  602.498   460.81116 541.6895  493.71585
 570.2987  533.9877  420.48416 595.4722  566.57635 658.4137  482.1092
 706.81903 620.4227  335.1327  571.31085 597.01855 599.3057  481.74564
 596.9193  521.907   593.689   706.40796 564.59375 684.93945 605.1247
 523.5304  472.09375 529.3989  669.9898  541.919   485.14838 508.6549
 617.3738  571.29926 622.25507 553.09564 444.6236  517.49066 617.01385
 511.69235 518.2141  563.9854  481.6162  600.51666 522.75806 597.1078
 552.19385 276.96863 583.5925  538.1032  443.52994 624.71686 537.40106
 620.618   449.81097 434.3232  619.3623  601.4191  722.88617 488.52063
 595.35626 569.70447 631.81    545.4419  544.3482  527.1243  513.6247
 551.38605 588.17194 587.15753 621.982   566.71387 613.2408  575.2598
 441.89124 596.4597  498.36066 593.40314 580.9459  559.94305 521.30524
 504.38666 725.1796  557.90234 557.97906 550.30444 654.095   591.8066
 479.20233 511.1274  587.638   519.9643  417.51462 544.3818  501.0319
 546.8154  578.08167 531.82117 562.3586  437.59427 589.0534  574.2659
 524.92224 532.6552  609.1036  590.46234 565.1448  536.8343  571.4899
 540.55743 519.59344 560.20197 477.2384  511.7545  556.5344  526.6593
 610.838   512.78076 476.02103 337.99423 601.60364 536.83386 519.3898
 596.4239  662.2005  608.84607 536.45483 560.0125  610.5497  444.2668
 489.24213 551.02844 495.59613 582.13947 522.995   581.302   534.7427
 526.28656 587.2475  550.6216  632.4601  500.488   564.03033 549.67694
 520.3891  519.9717  876.9323  591.9879  636.6828  533.7205  548.88226
 503.10986 529.8468  583.96436 498.88174 646.7025  629.5604  627.94366
 555.8914  485.77228 711.7097  537.6154  480.91446 594.81104 575.4661
 570.231   336.40387 331.4074  516.26733 625.5172  518.9236  525.9026
 721.40924 593.7986  445.0246  644.3766  541.1058  657.62427 654.0979
 464.3024  605.4697  528.5968  542.1984  552.83795 485.33426 527.7145
 545.9484  563.5887  741.65466 421.01593 506.7326  477.54855 195.85675
 529.7424  647.4319  623.4388  582.5513  482.50882 686.7188  632.6525
 425.2625  608.11163 579.41034 483.4408  567.0594  551.5469  647.0268
 539.55493 581.4793  566.81494 582.7743  547.9226  618.89813 467.61908
 547.71454 465.91742 509.62885 476.94772 560.08655 599.39526 642.5584
 507.76184 491.16473 433.94104 632.2907  530.1457  564.32336 387.64746
 519.0788  518.5528  412.6539  570.06714 562.2608  502.7558  561.2438
 579.56213 546.72034 585.8338  639.06506 548.61676 471.68344 554.26917
 463.04297 477.3356  617.6317  451.64615 448.67816 590.7827  456.97223
 452.39874 476.0759  474.21606 454.4872  377.89026 634.7583  593.1635
 531.50775 401.94504 410.80734 570.04047 589.4718  584.0712  622.5406
 605.6136  495.36908 567.3542  442.1732  605.9557  547.49365 477.976
 573.7248  646.4009  615.6498  578.3143  553.6209  483.3299  492.9219
 594.20447 704.05865 615.17267 578.1379  592.17004 548.841   621.50256
 545.84064 505.1326  523.68286 555.57166 491.83917 464.59384 573.4939
 569.5418  548.86993 555.9523  624.63574 621.09424 575.3294  485.3293
 519.6476  615.1937  662.4045  555.5568  193.13927 647.3062  479.52982
 561.27    505.1685  651.0603  570.55194 531.4591 ]",[4.842577  5.711347  6.4575334 ... 5.519357  5.7839694 7.593616 ],6.1889462,0.19289672544080605,0.4168450340772365
5,10719,Transformation_Matrix_W,"[[ 0.2467527   0.03677826  0.5690112  ...  0.54205537 -0.0265577
   0.6018724 ]
 [ 0.07285578 -0.561206    0.37020868 ... -0.99685085 -0.24329579
   0.5371374 ]
 [-0.13172354 -0.5489143  -0.6277496  ... -0.0857509  -0.75231475
   0.35751238]
 ...
 [-0.06844894 -1.0386308  -0.5409745  ...  0.0499223  -0.6439936
   1.5174533 ]
 [-0.0032336   0.02466139 -0.17363627 ... -0.60899097 -0.10698675
   0.17509158]
 [ 1.131983   -0.22242132  0.06692915 ... -0.7384932   0.28234902
   0.374817  ]]",,"[565.81256 587.06506 474.68823 470.1122  496.21313 563.01135 575.8214
 604.8449  416.92825 496.69037 453.96362 487.4025  540.6382  511.48004
 499.32983 442.2973  236.98227 616.64185 445.0317  597.1832  422.69196
 483.73944 525.7157  625.60986 471.93063 526.6506  705.93207 522.1069
 507.86227 449.6137  258.19067 460.90823 591.21356 275.4118  578.66907
 512.9247  495.34784 630.55853 473.01196 494.83588 586.7912  565.51605
 547.5964  406.31567 522.45886 519.589   590.07416 542.0637  548.3769
 521.1549  382.5435  605.19543 480.27844 497.19046 420.3408  552.51
 624.7206  496.6748  501.7204  563.84784 595.7231  635.6315  456.55103
 520.82153 555.855   558.74005 379.79074 454.38596 491.911   424.74194
 588.3631  608.516   515.9539  373.71747 459.075   505.5627  660.6224
 530.21246 459.93375 630.33356 527.8605  537.15735 472.9732  607.90015
 477.21243 393.0254  626.4815  542.01025 558.1239  454.8494  445.25827
 628.76276 468.67606 560.4259  529.5215  566.43427 568.8241  650.1319
 483.94385 464.41055 555.47906 548.89655 412.5085  583.2215  471.97858
 485.45078 642.3948  614.9043  539.08215 457.8314  564.78687 520.7041
 439.81375 508.09552 546.20325 491.9073  722.7548  164.72408 521.79297
 514.75616 663.4126  581.38007 501.18945 603.0128  460.41208 458.59082
 469.3656  571.8912  235.26263 539.2875  531.20795 472.31708 574.5144
 570.64813 559.0735  398.411   475.912   566.9947  464.91788 497.9982
 481.74844 431.41888 541.5779  447.95056 473.6212  550.15454 514.3058
 651.6263  511.00293 516.233   573.98987 572.8338  618.43756 513.3694
 539.198   488.88416 525.49646 554.64386 584.48474 518.2395  490.43643
 666.7942  648.11273 486.18552 447.40054 465.0767  485.9393  301.22263
 637.2449  549.1476  559.8325  581.164   644.23206 494.89133 472.92648
 456.29953 659.6427  527.97424 515.14636 591.31    470.26627 529.89197
 491.6735  513.92847 475.763   291.92944 584.1435  617.5904  524.8495
 543.34796 527.0473  483.90924 510.14993 431.82697 691.5692  653.4389
 459.37952 393.3758  602.0996  546.0432  510.4269  668.9402  568.6604
 585.2179  406.81705 545.14575 524.8365  546.87854 696.9156  549.9113
 383.07486 572.3231  370.23285 551.3554  488.27704 536.35315 392.64444
 459.14236 522.5744  551.5624  515.5771  442.77844 267.66205 401.39966
 560.67847 618.0011  530.2192  666.30176 588.1086  512.2864  605.83563
 666.8555  416.9104  531.14655 454.5141  568.16534 481.54544 530.6764
 553.1407  656.645   562.75116 559.27344 657.0407  479.93262 526.66125
 418.56384 491.73016 522.06525 541.8448  562.37286 500.28918 590.59143
 541.23553 520.219   558.00824 201.91687 424.53427 400.83838 465.5953
 625.71875 471.8104  525.69354 397.58862 537.12494 704.6749  561.3365
 535.8644  571.5939  479.1752  618.9965  652.3939  621.9832  545.1853
 375.40363 538.52313 456.6518  532.1217  500.06482 545.20984 461.75027
 466.8924  587.2314  462.3056  443.19455 596.8612  564.42957 513.31116
 575.0228  569.9087  617.707   544.8617  531.20776 482.8431  531.5435
 515.4928  590.0312  382.80603 546.94305 534.9271  474.25516 489.12198
 677.4916  569.5278  592.142   491.51758 554.6778  567.1076  509.19363
 634.33466 358.20728 574.7654  530.87195 516.3761  508.68857 479.54895
 548.9851  532.8148  598.54175 554.26715 416.85953 507.48224 539.3693
 551.40857 545.1007  541.3052  571.19977 491.1318  519.34735 464.86737
 542.31665 480.9605  537.1958  640.21606 499.63388 554.019   443.5518
 387.2221  563.2414  573.7249  480.5662  605.72516 190.59328 593.07623
 529.1518  390.67984 694.3583  541.84235 510.64105 477.60904 572.0979
 403.3611  524.57764 480.01224 465.7474  538.1798  503.00162 551.6938
 526.20294 587.4411  550.67303 536.8421  494.07712 556.80646 555.9622
 655.88464 548.69684 554.196   561.2898  448.5647  434.56186 642.49646
 548.69403 617.4203  560.13074 488.84802 525.17096 475.28854 493.66278
 531.84296 768.07697 524.0088  491.56033 591.23126 509.2985  498.0066
 176.72293 450.33762 490.90817 575.3543  526.16034 539.7623  469.01736
 504.94522 466.31668 430.68063 556.71716 542.8785  526.4111  569.66724
 545.6959  617.4727  590.1041  665.0325  612.34796 569.73047 682.05756
 539.5409  605.38544 504.92215 496.81168 355.43436 532.1019  632.46484
 417.371   518.8257  549.4905  666.4266  423.20407 524.909   505.83466
 525.3897  513.57654 578.16754 540.81354 434.9858  599.4634  484.28033
 601.77026 295.82617 657.56683 608.3094  522.70483 543.6295  425.9019
 497.06528 633.08    490.36505 394.3221  536.9786  455.03552 470.35516
 621.62695 473.47763 448.19257 463.8616  670.5855  492.64716 501.71933
 519.02423 503.6892  550.21    631.24414 617.49603 524.5584  594.2996
 577.3727  520.34546 543.29    579.6017  448.0031  519.8566  477.5885
 552.74994 504.11615 415.8508  576.13324 552.5187  630.5097  458.6823
 671.7938  587.6951  314.19843 547.61115 576.20685 568.54333 468.2296
 574.24976 506.74725 569.40405 682.979   547.61084 660.5497  573.4666
 506.64178 409.46555 501.84427 648.03784 523.5833  466.6407  488.75217
 576.2698  539.5545  598.47363 541.95276 414.60788 507.0671  584.8414
 495.98627 495.9152  539.1288  474.57736 580.8164  495.8073  577.58185
 532.7149  265.8842  567.5611  503.3618  419.60336 609.9814  512.6204
 593.0572  425.75873 415.48773 596.16046 578.5661  673.05786 478.80182
 579.6978  554.13666 599.13324 519.86005 511.2357  504.86807 491.8228
 533.1894  562.4905  556.3521  594.33875 548.364   591.6773  551.4341
 425.13055 588.70325 486.33154 562.57996 553.6034  546.9637  500.004
 480.83398 675.3522  534.2934  546.87146 528.9775  621.12775 560.3393
 461.38986 495.65384 568.65405 505.8036  405.67688 525.5841  489.3698
 537.93506 559.74396 511.2999  545.79913 418.3663  568.6034  543.76154
 501.91556 513.48224 583.2385  571.9443  535.9914  519.0568  546.5889
 517.82166 498.4548  545.9398  446.36258 491.43848 533.2305  512.51245
 593.7273  490.60574 460.19202 292.46246 566.8234  509.11496 495.95685
 569.0198  635.9577  588.5035  497.94357 532.2579  585.01044 433.65735
 468.20535 522.4368  484.43436 565.322   511.99194 565.0211  500.74377
 491.9412  569.45825 538.02045 601.87177 480.64825 542.8384  520.23755
 490.96237 507.41516 858.8176  564.71344 610.62256 516.57153 532.4396
 491.597   517.29456 556.3936  478.2732  618.13556 606.99506 601.9324
 531.7567  461.88544 679.8392  515.9088  469.39838 572.14105 554.04974
 551.90967 305.00122 306.63632 496.71564 601.6615  506.91846 512.1471
 692.6875  573.85254 421.38803 607.0002  515.62115 612.119   638.3483
 446.71213 588.78375 504.521   518.12445 527.81696 451.93417 508.86652
 518.93036 551.6524  719.55774 395.12363 488.29922 462.8215  187.09322
 509.02838 622.24255 595.1739  559.17993 467.47574 646.80096 607.8625
 403.91763 586.32367 550.45154 471.00473 546.3444  531.72424 617.91095
 523.7905  546.02704 547.8616  554.3652  522.07117 594.93805 455.5329
 528.9948  431.9633  486.58228 464.6865  532.3843  575.0039  613.45685
 496.27362 460.1023  424.54382 591.9161  510.7279  544.183   374.07574
 495.60223 499.44644 402.67017 552.5463  530.56244 480.42038 526.7903
 560.6458  527.5604  562.0994  609.4392  530.80585 450.06198 533.41907
 451.5053  458.82574 590.67883 433.4004  429.95914 573.294   439.67532
 437.0943  461.39514 447.6432  440.67062 366.89398 602.26666 569.3103
 511.93372 391.32516 371.8175  536.664   577.46265 560.6976  605.57794
 582.7715  488.37653 537.4159  429.78094 580.22815 524.6812  461.55396
 545.58295 627.18146 587.2236  553.8291  542.4477  464.06155 480.67905
 576.5564  674.16705 590.09265 552.99713 559.73706 530.5315  594.5286
 520.16656 486.6124  502.1357  517.2211  477.89462 439.9202  558.3798
 553.247   526.8916  534.7982  575.9495  597.5753  553.8264  464.46542
 500.06903 606.10315 643.9232  536.56036 177.70801 617.48676 456.77292
 536.854   493.62036 613.3543  541.3632  514.9806 ]",[4.6617613 5.631215  6.174141  ... 5.7028127 5.9690657 7.4351873],6.058593,0.24846347607052896,0.4572013070345692
6,10719,Transformation_Matrix_W,"[[ 0.15641163 -0.37011042  0.09033482 ... -0.48143554  0.28452477
  -0.06054781]
 [-0.68584406  0.2640314  -0.12915097 ... -0.00156388  0.32725674
   0.29752436]
 [ 0.04837755 -0.12302124  0.31603047 ... -0.10754253 -0.18028846
  -0.04379988]
 ...
 [ 0.25048682  0.06951297 -0.40154725 ...  0.36541513 -0.15553784
   0.09493101]
 [-0.04477196 -0.14416759  0.09963875 ... -0.6074513   0.6664989
   0.18520233]
 [ 0.06095493  0.03513968  0.17243923 ... -0.1944013   0.33999902
   0.50026906]]",,"[549.9864  570.2308  464.92136 456.28976 481.71014 539.55347 564.37537
 571.74725 410.1366  481.6031  435.90643 457.26663 520.07416 498.22485
 477.23865 421.0512  224.98357 602.98364 424.79688 585.4009  409.23923
 475.6161  518.1764  601.4486  461.11105 517.0737  698.16516 500.2012
 502.5448  443.08157 246.84259 441.7189  574.2196  268.9454  571.0769
 500.96356 485.61224 618.7845  460.9544  475.4153  564.8801  556.28735
 532.7167  388.60306 513.85004 505.3033  574.1754  528.2286  536.8263
 514.6942  366.5032  579.42426 471.8653  478.5449  411.22287 530.39215
 604.2835  475.1955  490.38956 553.69366 583.47034 617.07275 437.0745
 507.50153 543.30536 547.19324 374.15323 436.9346  475.16898 407.41226
 571.99365 591.17346 510.65775 359.56985 449.67352 488.43335 651.7086
 513.9782  449.41452 603.85565 509.5023  493.9356  462.54285 576.69806
 471.06277 384.5274  596.83044 522.5182  541.58954 445.80093 428.00482
 608.8055  461.13004 535.60297 516.9311  549.56964 559.3017  624.3113
 467.87286 459.4964  530.3557  536.38385 398.90414 558.4454  464.37827
 475.36087 617.07    601.4308  526.2515  445.96368 537.3779  509.5168
 428.46014 496.0498  525.3253  484.7439  692.0807  154.03944 508.5071
 496.63318 634.88727 573.1836  495.9877  581.8512  456.28217 445.82224
 465.24158 557.813   223.95724 529.0513  524.04425 456.7159  547.20557
 564.2806  543.85364 394.90536 461.5727  548.6823  452.45132 484.52298
 472.36514 424.842   524.1929  434.90152 457.0247  534.48126 499.87216
 634.19653 499.45715 503.05005 564.0522  548.7515  614.08685 494.09158
 514.7016  471.04034 508.13522 541.1328  556.4117  483.38712 479.3064
 650.07623 625.65063 474.5112  433.9971  454.08398 469.25195 284.96686
 621.4981  540.57074 543.03424 562.3718  615.5631  473.14532 458.121
 430.0235  626.752   521.37555 504.5284  578.0275  464.32614 520.2117
 476.5244  510.8272  469.87173 282.6751  565.7447  597.1717  496.31052
 526.61255 505.7259  471.88235 497.3213  419.16107 674.8462  638.4599
 453.07315 392.0738  586.9207  526.9802  502.64584 650.0623  548.3568
 565.31396 396.61237 535.6926  498.50232 534.784   685.9622  540.76746
 359.67117 558.7679  369.94553 537.62335 471.66324 521.88324 381.03055
 448.15195 524.2883  538.2686  495.91946 437.57645 257.74536 390.3332
 531.59375 587.79553 515.38324 651.36615 571.9302  503.14227 585.5437
 646.33093 400.36163 521.1306  446.32867 557.9333  469.6963  517.94635
 540.1017  624.46606 537.02594 548.9607  631.579   467.5128  509.3983
 403.58228 491.84308 510.3636  533.5581  544.1909  497.8739  565.84686
 535.6648  509.25836 532.5021  183.21582 409.9641  392.22833 459.9871
 614.5468  455.65137 518.3168  355.44086 516.15234 685.70044 552.2702
 518.44025 557.7157  475.0153  600.017   640.77734 615.6766  534.8893
 357.63953 526.9457  446.0027  523.2311  493.6573  522.7723  455.87442
 455.28976 570.0473  451.97653 433.50412 572.8312  553.38684 501.54758
 560.23413 552.6055  595.48914 529.8711  510.69635 470.63483 526.19135
 511.03583 578.6959  373.2481  534.88135 515.9592  467.15326 477.93613
 649.9489  562.5742  577.65344 476.53094 548.77924 554.0799  498.852
 608.775   341.41797 556.90594 521.8934  511.1235  496.356   472.50256
 539.5616  522.89246 574.2815  524.14105 410.69266 490.01328 517.07495
 539.8347  529.7501  542.6917  544.17456 482.52505 506.53952 449.66373
 526.4494  482.5782  522.27704 618.00134 496.76636 542.67365 417.1618
 366.00275 549.1029  562.4899  466.53412 586.1432  181.09581 573.69495
 515.5729  355.8915  665.10754 518.4381  499.2455  466.28677 561.1782
 375.35504 510.16455 473.07318 465.99213 521.28705 490.5106  530.0641
 515.8877  582.36005 511.2226  529.4083  481.94327 545.7751  546.55554
 631.9192  528.947   532.17474 534.63336 441.31824 432.02225 627.36505
 523.81445 587.2031  549.49255 480.18375 506.81967 449.19214 476.8104
 505.79822 743.72955 504.71756 479.45108 574.52826 494.9452  482.32828
 167.11365 436.53247 468.8972  565.1786  511.54886 507.89142 449.99133
 484.4662  455.5334  420.997   539.7167  533.94366 508.98712 561.30725
 535.09534 593.5454  578.2485  646.4866  594.9112  558.36    676.65326
 527.5145  600.6068  501.738   486.91205 329.96323 526.68915 613.7752
 401.6021  496.7065  539.2885  653.4599  404.60242 510.18155 487.06296
 511.63184 501.10614 556.0028  518.55255 419.04227 583.11206 474.07495
 583.5611  279.59006 639.2649  596.3439  510.22827 531.8961  397.3772
 484.29385 609.1613  480.5496  392.72217 533.0796  443.4338  465.96786
 590.26825 457.32068 431.97946 452.0145  648.0305  483.9636  493.3249
 497.7101  499.3957  543.47546 608.9854  601.6326  509.81693 557.1592
 555.3247  499.22412 522.225   565.3424  425.8757  497.52673 463.62137
 533.609   485.92722 411.92148 541.31573 537.7562  609.27045 439.36685
 661.1601  567.6078  306.14725 531.0668  561.4707  558.1114  459.54803
 563.3529  491.7386  550.5719  659.56586 532.2537  641.3095  555.802
 484.34546 367.28748 472.8445  621.2736  497.8989  453.9724  464.33035
 554.6978  511.295   584.71893 524.3721  394.33298 498.4696  574.0641
 488.53604 487.2938  529.7764  464.5054  568.6158  484.02173 562.38434
 519.8314  261.2917  547.502   490.12033 402.79068 596.8126  515.1589
 575.8785  406.23624 402.23737 576.873   564.53485 645.21564 466.7866
 568.49365 544.5313  569.65784 496.32733 494.3812  494.89404 481.3326
 508.6499  543.70105 546.9318  577.8289  529.8941  581.1894  543.17633
 413.8802  573.2335  473.9796  542.7324  535.77795 537.02295 495.02148
 472.21976 652.10626 517.3214  532.51434 513.82336 607.5367  546.8738
 437.1789  483.2309  566.5565  488.35233 393.35162 515.9981  476.1263
 523.70667 550.7798  494.02652 533.2801  411.904   560.0312  503.6526
 488.747   496.9058  574.3933  565.55597 517.896   496.63654 529.31116
 498.83698 489.7391  527.796   425.32657 484.01123 522.4146  497.0713
 576.49286 484.62854 450.4095  273.5405  554.45435 486.50677 482.9297
 551.1073  615.10974 582.05707 483.0005  509.89832 571.2869  423.96326
 451.87775 515.3947  466.7225  547.2     495.36307 559.74    486.0767
 480.74133 556.0854  529.65155 589.7569  471.5935  522.3926  510.05774
 482.79086 490.56665 844.0709  549.92474 588.9239  509.85828 520.561
 481.66278 504.09766 539.7659  465.99377 603.9502  591.1162  576.11536
 518.6756  455.38138 662.6517  501.96106 463.73364 549.9435  540.4172
 542.8221  288.24484 281.7006  478.69632 585.3408  492.41476 491.45462
 678.7895  562.1328  412.7957  580.443   504.06897 585.636   617.2913
 435.7654  569.7047  497.77234 511.5719  510.08746 445.5066  497.8165
 507.6176  528.2656  694.23663 384.93768 476.50745 446.33633 184.95985
 497.9712  612.4595  589.8708  535.33386 454.08148 627.98663 575.15015
 397.69644 570.7467  533.91486 449.77887 524.14935 521.18866 592.31476
 514.05786 543.3833  546.9254  544.38544 508.1451  579.15466 435.54688
 506.5233  411.1172  469.8445  455.66367 521.7852  544.09216 596.80585
 489.22983 447.839   421.83508 569.2793  500.28796 534.71234 368.18198
 471.9107  491.3171  394.02634 533.0782  519.1729  466.32852 512.6461
 541.8298  509.0664  557.6057  585.1548  513.6122  435.3248  518.2161
 447.77762 455.91498 572.3952  417.41345 417.99426 564.05164 420.14932
 414.1079  448.3771  433.89703 428.58875 360.46167 590.3666  568.2827
 495.8257  373.88986 354.1892  515.34924 553.48303 543.5522  582.8724
 573.7216  467.62305 521.5745  426.31528 551.96075 514.8092  451.26642
 532.2934  617.0759  574.32275 544.47363 529.3983  453.3209  477.5822
 560.6896  654.4244  565.6737  530.2781  546.5549  516.37885 582.53937
 519.4     475.165   487.84537 504.95724 462.50415 433.07428 541.1561
 538.8863  512.60986 515.452   543.52246 582.7661  540.91046 456.18298
 487.37625 590.62164 619.6477  527.502   167.50375 603.38525 448.67923
 520.0709  484.48395 603.72955 520.1394  495.07114]",[4.9066124 5.693449  5.940319  ... 5.487648  5.896868  7.781971 ],5.969325,0.2819647355163728,0.4835421585768365
7,10719,Transformation_Matrix_W,"[[ 0.10618656 -0.63836867 -0.25948352 ... -0.1554242   0.04212507
   0.15097007]
 [-0.02102446 -0.11062273  0.13169059 ... -0.27887464  0.00651923
   0.05779397]
 [ 0.09047905  0.13662289  0.23985294 ... -0.20615104 -0.35284424
  -0.2795336 ]
 ...
 [ 0.17216972 -0.00353595 -0.04897417 ...  0.26776347 -0.13440427
   0.276538  ]
 [ 0.25419313 -0.17174134  0.19192645 ... -0.24872148  0.3373458
  -0.25588828]
 [-0.09550425  0.13805431 -0.05721281 ... -0.08491731  0.07930709
   0.39157215]]",,"[526.3588  541.94446 459.88495 447.8019  476.32684 519.5575  546.1677
 555.11835 386.45508 471.9875  417.14096 454.98795 512.3224  485.95795
 474.3833  386.86386 216.16791 586.508   414.07092 566.7442  401.1774
 470.67075 509.71732 570.8948  454.07724 515.2122  669.4892  484.98923
 486.98196 432.96735 233.65466 432.60294 558.9517  262.32785 557.4657
 496.94858 467.06754 601.97565 449.2075  462.04175 547.0394  548.0317
 508.57736 379.96268 498.64026 507.88208 551.1371  515.94336 520.9053
 499.79263 353.53708 571.28375 459.253   464.374   396.5473  527.2201
 578.0736  458.06088 484.55725 539.79535 575.1825  602.9677  420.93674
 495.90085 532.6754  536.31476 357.91226 428.8608  459.2337  399.00885
 552.9504  588.34515 496.3354  351.89688 436.7193  480.8903  642.14
 501.45358 434.50598 582.27985 497.686   475.9986  455.21603 564.84015
 452.76852 380.80988 565.2334  513.9727  525.7474  428.59497 418.4687
 599.1286  450.36472 517.6399  504.1576  533.03766 535.7617  600.73193
 452.02316 445.9443  522.9344  524.7375  390.61508 538.16046 433.33762
 461.79153 599.223   577.32623 511.1593  436.04248 517.66235 492.8528
 409.9553  478.81696 501.35953 472.2287  671.0158  149.21822 502.41937
 476.2234  618.08685 551.18726 486.83875 578.85156 445.72522 432.941
 451.19434 539.81104 217.18805 525.4667  516.97577 439.9517  528.1262
 553.702   513.66394 376.26758 461.03284 530.86975 446.7921  464.96478
 464.7651  423.24313 499.73932 427.2767  452.57965 515.6592  480.93344
 610.9545  469.84186 491.89435 545.34674 535.89197 601.93494 476.29675
 500.13943 456.6842  496.6835  512.5544  543.22284 467.98895 469.4906
 628.1886  614.4706  448.803   427.29828 445.65942 455.73206 272.42166
 606.7516  520.8298  536.28314 550.4205  593.5163  446.8969  452.44855
 410.19504 609.46735 511.76874 498.60422 566.9077  455.76443 513.4024
 464.57532 494.5921  455.3638  272.92108 553.3824  584.2455  481.59244
 524.9917  489.0339  459.0065  485.07153 403.72836 645.8718  619.4683
 454.62943 380.74628 558.8239  530.92706 489.79916 609.6473  540.89417
 546.7179  387.30728 517.7901  485.70288 528.9242  670.1166  521.9417
 356.30984 542.96533 361.66495 520.8618  465.18558 508.92908 375.72757
 439.43607 503.28537 528.515   478.45917 423.966   252.01375 380.6031
 520.8191  564.95215 511.93375 631.25244 562.9311  492.6951  570.84607
 620.11536 376.29614 515.4141  447.30817 542.20416 457.6169  508.6658
 528.8156  615.10846 518.45966 531.0531  611.81604 455.64636 496.55142
 397.46045 475.3656  498.84103 517.4363  542.0758  483.94803 547.3887
 518.7788  500.35388 530.58777 169.40416 397.69424 367.3802  460.06223
 604.2766  458.16663 499.94214 316.03687 512.5122  677.83954 530.0211
 507.3213  543.51935 462.63657 576.4837  610.9432  594.57635 522.36334
 352.37128 513.29706 433.8383  508.08978 488.39844 509.08026 446.42047
 438.34213 558.26227 444.24655 417.3191  569.95166 535.15826 491.4794
 535.4199  526.58075 575.4742  511.1445  501.2774  448.31497 521.0988
 491.10452 551.7424  373.9638  529.6477  504.40024 448.20984 472.7449
 625.45764 544.35455 569.476   458.53452 532.19696 538.0987  482.39
 588.27716 325.047   547.49304 507.14774 505.28763 485.68445 461.61853
 527.5425  513.04407 573.74805 517.64276 405.3744  473.2674  512.74884
 530.3965  509.33932 526.4067  526.5205  462.61215 490.13223 441.42844
 517.39404 465.64362 511.11768 588.0248  485.69705 534.9823  404.91412
 350.7011  539.1465  542.7321  441.61047 580.6153  175.7352  575.2644
 496.33585 336.15573 626.65216 510.8278  494.95068 456.88498 549.21936
 348.32812 507.34995 468.31454 451.00894 516.0511  475.29877 514.08624
 498.9765  574.2416  494.44318 523.06824 479.0554  536.9608  531.6475
 618.78064 513.2501  529.6495  514.1887  429.524   420.0825  592.66766
 509.17087 572.11536 538.2121  475.25122 506.14493 444.60605 472.85095
 483.94278 721.3538  499.35434 472.97705 575.4782  468.8542  472.33408
 160.6048  424.25406 448.76935 544.36993 507.93323 496.679   450.815
 463.00317 437.40088 418.535   535.7217  513.17664 505.59506 538.26465
 515.7699  583.2011  570.93585 629.3707  571.8814  526.946   651.5402
 524.35895 584.381   487.52164 482.3414  311.85797 512.4812  590.84314
 391.7594  489.50482 517.4934  641.4627  391.7561  486.67795 474.07623
 500.06473 485.42026 544.77716 514.3531  396.3377  561.69556 458.96024
 568.59076 270.64517 622.39044 589.4965  496.8864  522.84625 387.64487
 473.89493 594.5486  473.3715  384.94803 522.83344 434.7841  449.92883
 566.87415 443.5406  423.69836 440.25705 613.09106 468.85248 486.6831
 495.27484 496.48508 538.22864 597.2642  582.4463  498.87305 536.3026
 548.2478  481.2517  521.99414 555.0353  414.35156 487.73703 455.0528
 523.77545 480.0719  402.92822 530.20264 508.55817 583.22766 435.512
 641.9396  546.3861  299.2834  518.6054  549.72864 539.83777 448.51947
 553.0256  479.81085 531.7784  647.4828  514.4492  622.937   545.2427
 478.61914 332.8789  452.5253  611.7987  496.0998  445.8024  447.19403
 541.50006 502.5048  563.084   507.38806 375.643   491.54114 557.80475
 475.91333 467.10223 514.25006 450.6912  564.4462  471.3806  535.4032
 515.20636 253.25162 528.42    467.19778 388.04398 575.56726 496.4447
 564.77295 394.77844 394.75458 576.3609  552.3265  636.69745 451.88928
 556.5774  527.2162  554.23566 491.06125 473.61688 480.43082 465.3343
 495.9637  538.10645 520.2016  550.76825 514.9729  562.8813  527.13007
 407.22516 561.1953  458.7055  523.70984 516.0355  527.7978  485.06888
 466.27072 634.9725  498.94485 521.13043 486.4821  589.7579  519.7171
 424.1181  477.25955 549.5698  478.9293  388.96857 497.58054 461.23782
 511.4649  538.80853 490.0772  526.913   397.9639  539.4308  495.5984
 474.53452 488.91913 557.16547 545.93494 504.90225 489.02045 522.7665
 484.00443 482.23428 521.5871  391.4946  464.97275 514.4566  479.52194
 569.01166 475.62485 441.03897 248.05048 553.756   459.38675 474.05862
 537.15686 595.6906  569.7147  462.11304 490.6138  564.1816  411.0728
 439.99164 484.6033  462.51575 534.8324  481.9696  541.2684  469.84308
 467.21252 546.61096 514.20087 566.4035  465.17032 509.95636 495.2304
 472.773   480.36078 838.65594 538.47974 574.22815 495.83182 508.63052
 469.33536 485.7232  527.4938  450.56122 584.9399  568.22644 556.8077
 506.5313  445.96405 650.5306  490.8828  447.88205 524.02277 532.21625
 526.2452  270.87195 271.40137 472.20447 572.5707  479.98422 484.97375
 660.69403 556.9152  403.06845 555.2785  489.98163 575.4201  600.0067
 427.05615 560.59503 474.28162 487.6819  489.74078 432.66498 482.25522
 496.17896 516.4229  679.8836  379.58527 461.74933 446.88156 181.21764
 495.78317 592.42633 573.2753  520.4738  444.64288 614.1156  556.1497
 379.38672 551.546   529.6016  442.12292 509.60754 512.69354 559.1981
 501.35065 522.96124 528.6235  525.8328  502.08926 564.57086 429.559
 496.71524 393.18463 464.302   454.96875 501.53693 531.00806 573.04846
 480.04868 432.96866 408.24335 559.2443  484.1716  521.0856  360.47122
 462.16153 478.546   386.2556  523.96173 507.38303 460.08255 503.38956
 531.4549  491.2986  530.17505 567.927   493.81723 424.4671  505.53357
 442.37006 444.58994 555.8462  404.91522 407.99963 555.4979  407.542
 401.1102  435.51865 427.12756 419.48383 351.63263 563.2389  552.989
 481.4569  370.43918 322.12665 511.00238 535.54565 523.7117  564.0352
 553.89233 469.09363 503.9735  413.11844 544.2101  513.9422  432.32693
 510.6536  607.7985  563.86945 528.3284  503.73227 443.02957 462.77075
 533.5746  632.6006  561.0984  523.41364 537.9292  495.4599  554.85736
 504.71277 461.73837 482.62146 491.5706  451.89536 426.7309  530.47516
 529.5064  486.26028 500.35278 518.79474 547.7063  533.48126 442.19308
 469.4712  582.20593 604.1509  519.8595  160.04918 594.7973  440.34546
 512.1159  473.2516  572.557   484.8942  488.47903]",[4.458705  5.4734564 5.929982  ... 5.4302716 5.6067977 7.135423 ],5.8869586,0.31012594458438286,0.5068863983897918
8,10719,Transformation_Matrix_W,"[[ 0.44237706 -0.25201267 -0.03378336 ... -0.28024846 -0.04752575
  -0.06538945]
 [-0.18768807  0.2534704  -0.11183402 ...  0.27823755 -0.06664483
   0.08979206]
 [ 0.08262546 -0.07757157  0.13938424 ...  0.0176438  -0.4023854
  -0.09081657]
 ...
 [-0.05560828  0.1057084  -0.07207538 ...  0.12570848 -0.33345768
   0.03282966]
 [-0.09235978 -0.09333814  0.02753909 ...  0.03002798  0.36756003
  -0.00601252]
 [ 0.08552351 -0.03361456  0.01635927 ...  0.27783778  0.03427641
   0.5707675 ]]",,"[479.99106 499.3602  423.81012 421.43948 438.37997 466.9335  496.5313
 501.2636  356.1711  433.39938 389.78473 407.66776 453.9667  433.91537
 430.52927 338.6846  192.87479 542.63135 375.87622 526.9318  365.97507
 437.64197 478.9046  507.22226 408.3358  465.50623 597.7769  453.31412
 447.98102 392.73563 214.52864 399.6214  504.58972 241.72952 509.25827
 451.1892  432.13177 551.50806 412.93692 412.66528 502.7677  506.60046
 462.9939  348.9607  455.1261  462.25055 502.48618 463.71973 477.071
 457.36282 316.4371  513.47424 422.86053 415.30997 360.6384  477.14047
 536.76807 405.70587 443.74112 489.66772 534.5329  531.9223  392.45065
 448.1019  505.30936 499.35788 327.25204 403.19913 428.61835 370.27707
 499.75284 544.5829  462.93668 320.83612 403.66956 435.84668 590.96875
 444.1591  399.60696 533.07635 460.94382 419.78757 417.5004  502.83734
 402.41016 352.7093  513.0809  467.04932 476.21542 388.3459  373.6708
 554.34186 423.12808 465.78177 451.64374 488.80786 476.47888 545.16595
 422.69315 408.3885  483.24026 482.66467 366.1065  490.54358 402.95834
 428.9628  539.45074 511.4149  469.44266 402.04852 466.61658 461.2972
 379.0591  429.91373 470.76663 436.36224 631.6061  141.45496 468.42673
 440.1331  567.0111  511.05246 445.06113 523.99335 402.93112 396.36197
 417.18927 479.93643 191.7054  475.6589  486.00616 398.79834 486.53876
 509.85727 468.77576 348.99942 427.94843 488.20755 406.00098 423.36273
 433.82855 391.62024 461.30127 395.1073  413.4388  463.85416 443.772
 572.7545  432.10153 459.45825 486.47012 484.41995 552.8486  433.69684
 458.16586 434.3426  446.45496 467.85178 489.76294 397.50922 426.93533
 570.41327 559.4826  412.1205  397.86313 403.91125 403.11786 235.01442
 541.6747  457.79785 494.70914 500.55493 538.96936 398.18008 413.7316
 365.14972 535.5195  478.9511  451.0311  514.38336 418.25735 474.10663
 416.6346  460.82    415.75403 246.746   491.98126 524.25214 435.8832
 476.4728  443.51865 421.29782 454.78485 370.75864 590.76996 562.6123
 412.34653 347.4396  494.39667 480.1844  454.4056  535.51227 495.2634
 487.58923 357.54398 475.25336 440.9021  488.94257 581.9167  485.56403
 328.36954 512.5428  326.07675 461.01938 426.80594 459.39716 341.95645
 402.54205 463.9022  486.299   431.80295 400.5109  232.01662 351.61987
 478.58423 512.2024  476.9055  571.93274 514.4172  452.76474 529.01666
 567.26166 342.27414 476.1799  409.67203 498.72885 419.2715  463.48224
 475.20496 545.2779  455.83902 483.31177 552.07837 419.55032 450.7457
 358.61057 445.17398 457.27383 473.95285 494.355   450.23483 509.40448
 485.53152 463.8749  491.38477 147.02469 363.41168 325.09143 422.68735
 561.7327  415.5793  458.18353 255.584   465.05774 631.36255 482.1005
 460.58167 510.79468 424.7741  537.4756  551.8194  535.69714 477.89536
 317.39795 463.91116 407.05472 466.62683 458.0943  459.17224 408.79843
 405.9424  509.23538 407.51535 372.44547 510.2262  491.94742 458.73203
 484.4966  467.47577 526.66766 471.45276 444.6887  413.25916 481.70044
 458.69977 503.919   349.17065 481.4448  455.1873  415.73044 427.93015
 551.79706 487.648   519.10864 420.4656  481.22577 488.46335 447.6992
 519.0637  289.4625  502.44675 456.8033  454.49658 444.41968 436.39337
 486.83118 480.47345 519.8098  469.19446 370.8607  448.12708 460.6738
 486.2962  476.05164 483.52692 467.96292 435.23062 460.38235 403.14218
 474.54724 429.13293 484.81747 544.3239  459.04306 487.10104 368.5538
 308.67963 495.97864 491.1987  404.52286 524.40717 161.0938  525.55255
 447.7893  287.43103 572.38446 463.9259  447.0085  419.66696 510.29517
 295.35532 471.06378 443.35132 413.8605  476.69733 444.22784 457.6628
 459.63623 522.9273  432.10324 485.2151  430.26514 494.24384 482.26224
 554.73895 472.82327 485.98877 472.07272 394.0754  390.72336 547.2896
 463.83838 506.9926  495.9637  436.26062 460.55002 381.28656 423.82968
 431.95898 649.01294 458.56042 438.94193 526.3967  422.3317  426.09747
 143.6814  383.13876 393.96786 504.43375 460.43173 439.39078 407.7029
 423.86835 403.90097 382.18973 486.5924  465.1206  466.70947 491.25333
 481.4877  530.82623 522.7194  564.9464  528.5452  480.5534  588.4367
 475.37177 549.74506 445.49725 453.48178 273.0244  468.54352 530.9101
 351.58752 447.73508 481.80737 575.25494 356.48102 447.30396 432.8778
 441.89816 448.28787 517.0119  460.1816  345.5212  517.8668  420.88794
 524.452   243.77461 555.10236 545.5268  458.43134 476.9438  342.43835
 430.74423 547.4483  439.97525 350.95493 489.58438 395.20663 412.15674
 529.3102  391.61926 396.5247  410.66196 541.5552  427.18182 441.01703
 441.10962 453.21097 480.507   526.58124 540.2472  469.88547 462.53165
 499.64935 427.19333 485.09906 508.3641  381.31247 454.6064  421.08694
 476.0304  426.7028  376.85095 497.2357  468.63956 528.1236  407.15106
 575.48413 487.2928  276.71753 465.05038 498.13614 487.27686 423.0718
 512.8965  441.46954 469.566   582.7646  475.36713 571.9703  506.65262
 438.48785 278.7356  394.76306 555.89355 448.40475 402.13416 402.42578
 491.40625 438.46622 509.70712 472.40176 340.82828 452.4679  512.2008
 445.01212 411.86826 475.13956 424.30225 530.06714 423.8807  506.43857
 476.14734 227.31442 494.02393 433.39352 344.01633 544.23444 461.59634
 505.34085 360.1235  371.80255 518.722   505.8223  573.2807  407.41965
 510.28027 481.90332 490.66693 450.87195 422.99863 445.44138 428.8492
 454.26077 498.98953 477.91922 510.05478 478.03445 518.58386 489.092
 372.95303 517.6035  416.65805 475.5475  479.94354 489.458   444.90863
 429.84854 574.5875  451.53192 482.4727  454.10928 520.00433 473.82785
 382.39084 437.7896  510.0333  446.6198  366.79227 461.79037 423.6043
 467.5326  507.35104 450.2589  483.42032 366.9446  500.08798 456.1296
 438.3144  430.3242  509.72568 486.2585  459.20834 441.8541  476.25522
 443.35135 436.111   478.8383  350.63754 422.58533 477.92233 443.725
 530.56415 436.53876 406.47473 212.46619 512.7239  417.53943 425.69586
 490.077   537.6834  523.2193  416.30145 433.94968 520.4427  378.1998
 414.99957 442.7853  428.5771  490.8566  449.94467 496.81232 415.4123
 434.17514 507.19336 487.98062 503.8333  420.67535 469.4619  457.1455
 432.60162 443.7583  797.76196 493.7148  516.3466  449.93063 467.86304
 445.31717 440.63742 470.96207 414.8648  525.5467  512.3665  515.15533
 469.75842 414.92252 585.36975 449.0448  410.55606 477.27792 497.5369
 483.44055 234.26584 240.38167 438.70996 513.18024 445.60724 449.39713
 606.6997  518.3314  372.31177 499.70514 438.677   517.11    546.3005
 397.20547 507.09402 433.73422 459.8772  448.8134  392.80582 441.473
 453.72113 478.35098 604.71893 346.05942 423.633   413.94882 167.72649
 447.133   533.46155 509.7367  469.06006 404.82324 534.8716  498.70505
 351.39154 503.78137 488.39957 400.25845 461.01923 473.63782 508.66742
 467.71414 473.0839  497.59045 485.41968 458.67157 518.99225 392.20926
 449.9561  354.57568 440.6582  416.91226 453.8356  472.7456  511.67023
 444.728   404.07886 381.5232  504.2556  443.86053 486.13538 341.68558
 430.17822 454.09235 356.8684  495.68466 459.8342  428.14496 454.70496
 481.25034 444.88275 500.5896  519.0899  456.0828  390.27286 468.7619
 415.07983 401.61935 511.494   365.89603 378.59183 517.66425 363.6355
 374.29086 403.02606 387.77115 385.53494 327.0902  507.8004  515.11743
 448.34897 342.09152 279.10648 468.0419  503.8844  472.05322 513.5982
 517.01306 431.61572 463.0209  377.6195  492.45926 473.48523 401.01657
 463.78067 549.288   513.28375 476.48422 466.53394 408.77844 427.35675
 476.23206 567.5345  519.2649  484.73358 483.866   449.29562 521.18207
 462.34735 427.252   440.87262 440.9738  411.4361  374.53955 486.23547
 487.27893 461.43228 469.28564 456.96814 501.63593 489.46707 403.1434
 424.1066  525.44366 546.7938  471.47043 142.34262 532.2775  409.93094
 457.6611  439.39505 508.56332 452.40695 451.78738]",[4.521416  4.94305   5.582961  ... 5.288471  5.3476143 6.469363 ],5.620592,0.39481108312342567,0.5731308388365043
9,10719,Transformation_Matrix_W,"[[ 0.39079323 -0.23561147 -0.03621901 ...  0.03608312  0.01881815
   0.03835894]
 [-0.01647383  0.4051064   0.01626021 ...  0.12381998 -0.13418083
  -0.13136537]
 [ 0.0915068   0.00128186  0.3214508  ...  0.16544817 -0.14800584
  -0.03087733]
 ...
 [ 0.12650193 -0.10345279  0.16129486 ...  0.43069345 -0.03892227
   0.04117398]
 [-0.12376381 -0.13136752 -0.16031621 ... -0.05419316  0.54327077
   0.07151499]
 [ 0.03539497  0.03683868 -0.03482863 ...  0.00274924 -0.06022066
   0.5642023 ]]",,"[391.7084  402.85928 345.02768 345.78128 356.29623 388.10565 396.16418
 406.4826  294.05872 364.0872  319.11023 337.6856  376.43463 343.15613
 337.6044  273.7304  158.73018 435.02884 312.68433 437.47888 303.5786
 369.1558  383.03275 407.3623  339.91098 391.56058 472.00684 371.67288
 364.72113 332.58328 173.98257 332.00394 389.535   194.67064 428.9549
 364.33374 364.9841  431.6352  356.42664 338.09058 415.51022 428.9789
 389.79272 293.0342  380.49066 364.58746 405.20605 358.01334 386.41916
 383.14    252.4253  428.08612 335.44824 341.0186  308.2705  392.16928
 438.77002 322.96545 365.49908 393.7379  453.57233 429.73193 321.38766
 351.15546 398.86798 419.15723 268.36493 336.36096 356.1981  294.717
 394.37482 450.49265 392.18826 257.17563 326.9612  360.30774 469.616
 365.09885 329.48984 421.98334 378.30853 330.57742 351.8754  385.15872
 331.84003 295.9366  398.7806  375.60025 378.9228  308.62222 315.53687
 425.25897 348.046   381.45123 358.12878 391.4161  378.09448 456.8379
 332.79797 328.27396 395.33908 388.8082  301.5235  403.777   332.04184
 350.47546 421.59933 404.11203 386.7633  341.473   385.69473 378.25635
 314.3993  360.32986 387.2672  363.17953 495.92172 120.41505 374.6425
 361.1464  432.9631  418.06616 357.91364 424.71667 321.37222 320.59558
 351.4105  390.04935 162.7055  402.49298 391.5998  323.33295 379.1076
 407.6889  379.2239  281.38855 339.92825 408.93393 318.2752  342.9142
 363.45844 331.57156 376.36954 324.07074 347.2909  367.0309  354.969
 461.79562 353.88837 383.5678  396.85938 385.22925 445.59305 362.49612
 369.73517 374.30807 365.9127  371.5437  386.36252 296.1524  339.16702
 459.4694  474.66034 331.81714 332.3106  344.31763 327.85992 191.23944
 446.57166 371.3239  404.9362  402.4171  438.82355 318.9034  338.35715
 298.28146 428.9247  383.98486 381.6376  393.0039  358.6031  386.32907
 342.5529  380.9763  341.33643 202.83696 404.99692 413.322   354.69528
 388.78622 363.71246 343.715   365.61737 313.16196 471.96768 454.28763
 337.11618 302.17023 398.16254 398.66653 362.74078 422.76266 412.3625
 390.24527 291.15277 384.961   371.63098 392.18362 468.94247 406.03864
 271.0734  411.72226 264.56485 373.75528 351.56503 361.14557 287.67282
 335.24884 391.52448 409.0573  356.00214 325.35345 198.62227 302.6024
 385.10422 426.64133 391.80017 469.76794 410.8459  368.86893 429.65567
 453.5366  280.40854 373.7392  338.07822 405.72647 345.0077  389.79694
 380.80765 433.0585  365.04733 394.29178 439.7027  337.66287 377.8047
 299.17188 348.13794 386.7266  385.08374 409.42935 361.77557 403.7326
 387.00778 387.3122  403.51154 122.94151 299.43356 265.38025 332.5048
 456.9762  327.85858 360.42194 202.68182 371.26053 497.18063 400.63757
 372.68796 393.04782 340.64297 448.67398 417.69128 420.81662 395.05188
 262.95847 383.72427 341.6936  386.6613  368.138   379.24136 343.30576
 325.7583  409.88028 338.0258  309.15347 417.64185 406.2107  374.13394
 400.62506 383.33255 428.99695 387.69864 362.44452 335.37268 388.05695
 375.77884 415.5601  289.9457  404.98178 374.78058 339.0796  348.72827
 436.08078 387.0393  423.66153 344.59262 393.2366  384.59335 365.68503
 394.31293 233.64316 409.73135 357.86298 380.92798 365.4797  354.93253
 399.3047  395.3538  421.82086 378.42313 305.86792 386.2865  356.5283
 403.73987 393.38608 396.45306 389.07895 355.17307 366.85437 329.01416
 398.60016 344.03467 380.97006 435.78537 381.18723 405.89392 313.17126
 245.8698  399.2295  409.9482  328.91577 420.9325  132.36899 438.40106
 351.41364 229.43224 455.608   374.14413 370.37256 342.47366 413.17932
 233.51811 390.609   365.1156  343.4921  387.14236 358.183   376.51352
 367.01404 436.02325 346.15817 399.59482 353.55557 407.48227 386.89233
 456.21774 369.94995 404.0868  380.40298 332.6871  313.34982 431.8503
 375.93607 396.9984  406.24216 357.64398 379.53345 294.27197 344.2826
 348.5642  520.63416 372.26453 363.29318 419.69305 342.35907 354.9285
 122.2312  328.57077 319.70715 409.07532 374.97818 353.8453  338.78824
 332.70944 334.31073 304.00293 409.99933 371.25354 366.86884 397.2793
 393.9111  427.09885 430.21802 450.91595 438.23193 392.56256 465.25235
 392.85797 434.14087 367.85257 373.18283 225.3406  379.37357 407.59033
 282.60007 368.04416 398.35028 444.94916 290.60202 352.28555 344.41754
 369.86432 373.16733 424.95703 371.69208 272.65234 404.20615 347.19092
 428.8315  202.50359 445.23138 434.77777 382.78558 381.87103 283.57288
 351.84567 448.28625 372.40228 304.82382 406.8135  339.23145 341.07214
 430.42578 311.89487 329.68475 334.5343  433.54773 350.96478 343.21808
 349.71667 377.95236 385.0648  419.62665 459.78903 391.35364 374.32477
 423.27197 346.42703 388.58096 421.3339  318.2151  379.3975  337.0479
 379.2261  336.25214 324.77045 390.697   380.7201  426.84625 333.6792
 468.0487  409.3327  227.32874 383.41232 422.5222  392.4272  362.09253
 413.98914 377.98682 371.4599  457.26294 390.44836 432.97882 420.85068
 362.50818 219.52376 301.20963 455.7321  371.99188 332.71448 318.7682
 397.86917 359.11182 408.21786 388.71088 265.65945 392.5455  412.57623
 365.6052  335.45294 376.3631  336.2992  437.53613 337.93692 407.84695
 392.25244 199.16232 403.05896 336.92093 274.28445 453.02    372.32098
 405.25217 296.96283 298.07098 411.33517 405.4411  451.81076 339.62088
 418.86594 412.97372 394.23138 345.09067 332.16006 364.22754 350.66086
 378.8608  401.9857  371.60538 407.75165 392.10095 423.7036  405.26715
 311.90582 410.17133 361.8767  385.9871  392.8342  389.1658  363.68408
 349.73926 430.11414 355.33118 395.59515 359.39584 407.28738 374.45563
 308.79004 358.08762 418.63397 376.1038  306.7009  380.38922 351.69336
 367.85742 412.67758 369.02414 397.1076  305.96097 400.07605 347.54315
 366.653   351.9612  397.1345  401.68985 366.93378 370.17447 397.24768
 354.81616 343.7565  402.70438 269.61118 349.70233 380.22037 366.5822
 437.26297 336.78552 327.36737 170.02214 413.3978  337.29993 348.03598
 389.0247  438.7058  447.46115 338.02316 347.7888  428.64383 308.1416
 341.35327 372.97458 350.38742 386.18262 363.41827 395.8321  341.27554
 373.79712 406.63174 398.46652 404.59933 336.31393 384.92993 373.57776
 357.4909  361.55298 727.9049  400.08426 396.70862 362.043   365.31323
 356.8593  345.72128 383.24365 344.30396 409.25253 417.34927 428.825
 384.60068 339.48636 465.2292  359.02667 345.12576 387.35535 407.42487
 377.1288  186.63576 197.61703 358.36276 419.78378 365.6485  369.23727
 480.8598  417.24115 309.9058  393.80798 358.19608 421.7891  444.34195
 309.77448 409.5919  362.81863 375.6825  369.51996 333.64456 367.77136
 367.94614 377.76266 487.91876 291.94318 352.4602  336.83694 134.12468
 341.62302 427.2389  410.03915 381.71246 328.6868  440.33633 416.29767
 288.52048 408.82217 398.73175 320.74792 377.25064 394.2297  391.22736
 372.1095  380.67877 410.18018 388.06842 373.5984  420.89633 323.31168
 364.0178  274.6661  354.80072 346.3043  387.65955 387.28137 406.77673
 363.5036  318.15985 311.0391  395.59317 359.83084 409.06216 282.41827
 345.45663 375.6289  289.7448  391.01593 351.03113 356.47748 374.29233
 396.65488 366.24966 409.18555 426.9376  366.8336  330.46347 390.13083
 337.61606 336.18317 414.56335 309.06314 304.24347 436.24194 310.13397
 301.39465 342.73145 330.16754 321.54608 266.48282 411.417   418.30908
 356.97397 289.37778 222.73878 384.17682 404.22186 386.76056 411.11383
 408.77957 359.22028 386.8611  317.5732  405.71814 386.6316  328.63052
 374.9705  449.18875 415.43207 361.55664 397.03888 324.3495  354.18207
 388.3266  445.72427 421.3048  386.06662 404.4275  375.67194 427.49713
 370.9584  351.56656 361.06335 352.79034 342.2523  318.87518 399.99622
 381.18002 370.31546 385.90897 356.90744 405.6127  403.14465 335.14145
 357.62314 410.80005 426.37314 374.90857 116.27964 427.2684  348.96063
 376.29346 361.30466 399.21237 352.9482  375.96817]",[4.752208  4.431175  4.6071777 ... 4.9880996 5.5442057 6.271908 ],5.0544477,0.5477581863979849,0.6827295159986931
10,10719,Transformation_Matrix_W,"[[ 0.54125035 -0.06555931  0.06539731 ...  0.01974828  0.08661351
   0.00915045]
 [-0.05622029  0.55134046 -0.02993977 ...  0.03126718  0.01323861
  -0.05026406]
 [-0.00191733 -0.02286117  0.47600335 ...  0.04428682 -0.05412574
  -0.07014008]
 ...
 [ 0.01489709 -0.06230518  0.06217717 ...  0.5478653  -0.06996629
   0.04705824]
 [-0.06818256 -0.02612153 -0.07563943 ...  0.03042055  0.55428165
  -0.01787597]
 [-0.04600655 -0.02581747 -0.04768903 ... -0.00752709 -0.06017931
   0.51034284]]",,"[269.55038 269.0144  250.63792 232.70221 237.9431  269.55136 273.77798
 273.13885 205.51218 242.22237 222.72348 224.80045 244.80289 237.21455
 234.04678 198.28384 116.11307 296.72974 226.8424  278.6004  207.65654
 241.8513  263.25916 273.1778  234.66048 264.20425 310.81195 247.48163
 242.3627  231.63443 129.77998 221.62238 273.561   147.2455  278.03558
 244.03008 241.81938 290.52402 236.63614 245.03796 282.9794  286.09506
 258.3134  200.3955  258.47116 250.46585 267.9775  249.25543 270.84357
 258.27554 174.71977 262.1851  229.1555  238.47104 219.15375 265.08353
 287.92947 211.76915 252.10175 262.93613 287.99222 279.1662  216.8982
 245.55244 257.48987 269.15118 180.05316 231.86075 247.41025 208.03993
 257.41342 304.9429  251.6412  188.0164  221.52309 243.5179  302.85532
 244.3253  223.78078 265.45737 261.00958 235.8655  239.06737 256.35074
 238.64061 196.05107 255.46461 245.89542 261.3381  210.17632 220.66072
 291.25995 224.52373 264.94043 241.82753 266.42792 271.16397 305.88394
 209.8334  234.06985 266.59454 257.99316 201.29465 269.07608 236.34904
 244.79057 282.4769  280.9664  269.94217 232.8803  272.71298 249.20177
 213.85326 251.71355 264.61832 239.04077 328.69998 100.24849 251.78851
 233.97353 289.95828 272.86032 241.53857 285.4027  213.80203 229.95241
 256.14597 272.61502 128.40909 267.60107 258.61102 222.11917 256.7213
 280.9711  259.217   197.62706 226.59608 290.1399  224.08057 254.81442
 251.40602 228.31851 241.70337 224.2544  235.0296  233.37512 238.00401
 288.2675  245.52263 255.96332 259.42395 257.12094 300.41812 243.30226
 245.13039 248.61627 250.60658 255.61307 255.14435 205.51341 230.37814
 304.25458 309.05627 231.43927 231.32599 237.33286 222.15576 146.15343
 303.92386 248.38538 277.83685 270.28256 303.05637 217.00204 239.4155
 217.02095 302.44418 260.91766 257.57687 275.65265 253.06558 269.50082
 230.16837 237.77701 235.85536 153.05215 258.2858  262.90808 253.27165
 255.63521 253.07664 232.95288 255.02884 209.47913 296.75748 292.60947
 224.54857 226.2518  279.74542 265.32642 242.65012 264.39978 276.4848
 247.76826 208.23453 259.48434 248.45772 251.42407 302.3149  268.03644
 198.61276 280.82977 195.11084 268.0731  242.17966 255.42273 191.71439
 239.32503 258.89883 261.81674 237.638   229.31358 152.73322 206.16685
 249.02284 287.32205 271.0124  297.53958 274.79974 247.65724 296.72806
 292.98203 189.35046 254.295   234.58621 248.5673  241.60413 251.81212
 247.01662 300.65472 238.08026 264.19363 276.1433  236.05676 246.32767
 207.67143 245.15953 244.27084 247.4452  265.30914 239.89563 282.06366
 252.06168 263.01788 265.45474  96.29964 207.6393  189.33073 218.36409
 311.78714 215.98547 246.96255 153.2851  236.35735 306.09525 256.40674
 259.36252 257.80124 230.31223 305.40268 283.50385 275.3129  254.07509
 182.54721 263.99442 240.10913 273.43042 236.454   259.88715 235.1697
 224.60107 267.41635 227.3168  222.90376 299.1457  267.6088  249.19489
 267.74408 251.89395 280.6156  250.73242 235.06201 232.07083 260.80936
 264.9682  274.49228 205.46735 260.65048 257.13992 243.09523 238.37848
 298.54803 244.43904 276.72388 232.43483 279.01782 253.46146 248.91727
 272.62442 173.07538 274.03757 239.3987  253.60417 238.70268 226.91832
 266.36966 263.6984  285.9443  272.10132 206.9253  269.57852 238.44447
 270.3751  263.82065 255.7047  267.7191  234.93277 240.77773 226.02086
 281.67764 230.7259  256.95322 292.52536 245.50908 273.77872 217.66794
 181.11284 273.67688 281.8786  227.04044 277.30548 100.98579 288.8113
 242.5707  167.09691 282.01505 253.10501 253.40889 228.05711 278.23926
 169.59091 258.1514  245.30882 223.54941 271.35913 231.86792 245.29953
 245.97003 283.07413 242.43831 257.95343 241.32233 267.06555 267.2046
 299.3027  251.6212  273.01706 254.1509  228.57724 221.56798 290.7473
 243.38948 249.67523 256.7461  242.50664 251.8225  204.02034 236.55887
 228.73781 338.56567 249.26962 240.00015 266.81012 227.56483 238.89085
  99.18846 223.23502 224.53427 262.0006  267.35452 240.64421 219.77142
 234.25711 245.23167 211.25424 278.21057 251.97253 251.21547 275.29117
 264.43097 295.53485 267.13507 291.65445 298.6608  265.799   325.5333
 268.18988 297.07697 252.2902  248.94695 168.5661  239.56021 276.67557
 201.29916 251.80562 256.16788 294.28378 218.88814 235.29703 239.50845
 241.8979  247.05746 285.5042  254.83307 198.3035  267.85315 240.53796
 290.6401  139.17386 299.5884  280.84204 260.3048  257.8031  197.16554
 249.70554 306.32974 235.40129 212.5067  278.84314 220.09372 239.40149
 299.54492 221.90463 235.865   224.88571 283.4339  234.9144  236.5301
 234.50473 258.0962  259.03842 273.9208  302.28464 254.98993 248.17601
 288.78464 236.88266 235.26457 274.73267 225.22119 248.9571  235.90175
 266.13593 225.17737 225.15657 256.59543 262.00473 287.9171  233.0424
 308.8134  285.6874  158.37648 254.25348 274.18283 263.63562 244.2455
 273.86752 269.75903 243.71655 291.74142 259.05942 291.89548 283.61716
 234.76607 167.71393 203.69814 290.99097 245.92456 238.63814 228.01093
 265.40054 240.03886 289.49432 251.96053 193.29405 265.99887 260.5049
 241.78482 235.57138 253.8845  221.48677 300.35004 226.67776 271.2098
 261.9747  144.06808 280.21988 240.27242 184.199   301.00146 242.01158
 266.1886  204.43964 202.45166 280.1663  263.30005 300.45932 229.70555
 276.11826 277.5143  252.95815 230.11887 240.18364 259.23358 256.03882
 259.0201  257.79706 262.54752 293.7916  269.43854 277.88446 267.22314
 229.27075 276.9206  250.06454 242.93521 254.95506 257.23596 244.74605
 238.99059 296.74887 236.82875 261.41028 249.20044 276.17285 247.0135
 214.0545  242.58157 275.88702 237.25464 210.19188 266.95895 242.80322
 271.79504 281.15082 257.84546 258.05637 214.4102  263.28033 242.6139
 256.51913 249.73009 273.59155 256.03906 260.82385 253.03828 258.50034
 236.01006 236.87529 254.22783 188.03934 229.6052  259.43295 243.96826
 298.91272 230.10027 220.89143 133.56427 276.51126 239.03465 227.98703
 257.8264  285.46255 283.20978 239.85376 236.25992 275.28354 208.04486
 244.35478 267.87106 247.18987 269.9211  253.28372 264.47238 226.1428
 247.28961 272.83157 263.45496 272.05984 215.98277 261.53027 257.80884
 245.16304 245.0299  588.1575  263.58286 269.3228  237.88086 255.92998
 240.31676 240.63388 251.32306 229.65314 270.01132 281.92828 279.0806
 253.44385 222.59264 312.71503 233.24547 238.5903  272.7123  273.30597
 249.19284 140.81096 150.62488 232.55096 288.0421  244.88084 259.4497
 313.00125 282.49466 214.25325 268.03714 228.24423 272.75546 289.42252
 208.00848 258.09848 240.95238 239.56386 247.04366 233.943   241.45134
 264.77924 262.7191  320.11163 206.96419 234.66968 230.87378 102.2892
 232.15054 290.50848 274.97467 267.47253 227.98592 277.6693  288.246
 192.81361 272.83133 274.8894  222.7673  258.22586 258.43112 266.96198
 247.52565 266.9869  273.16098 266.1005  248.51924 272.1859  210.05682
 243.29636 201.32954 247.3259  237.94508 271.35358 258.64505 272.80267
 243.18134 217.8794  205.76714 267.5778  251.28142 273.02335 199.24756
 234.21819 261.81564 203.48438 264.10992 246.37103 241.36346 254.369
 264.93024 242.16232 274.4619  293.9255  244.69772 228.19656 261.74924
 228.12242 230.38408 288.7097  219.78125 216.55272 284.69064 211.61569
 211.33783 240.72804 219.21681 210.20491 188.87227 273.81076 292.8595
 253.77237 194.32112 161.61627 252.05602 273.9298  252.79262 264.66132
 273.165   247.81169 243.79881 206.70865 252.37325 267.80438 222.0989
 246.14267 295.66882 276.5364  247.80336 275.37515 225.8386  242.50212
 258.1496  298.0411  290.05612 263.4772  274.49875 253.79587 289.34003
 250.44327 235.84792 262.3729  239.167   229.49019 215.50533 272.72614
 252.07127 238.2527  272.95502 232.53635 269.60388 272.8873  243.61113
 248.5767  259.49197 278.09647 261.02182  91.52168 286.15686 249.53506
 267.82773 251.5816  267.6648  246.64113 258.18448]",[4.102605 4.030715 3.658875 ... 3.946981 3.506676 7.552272],4.1407156,0.6794962216624685,0.8030844399783389
11,10719,Transformation_Matrix_W,"[[ 0.63328534  0.00184025  0.00329332 ...  0.00570544  0.04349779
   0.00766108]
 [-0.01728593  0.6106697  -0.01582058 ...  0.02508228  0.0244123
  -0.01487132]
 [ 0.01202954  0.01108914  0.57796246 ... -0.02095174 -0.01398742
  -0.0097109 ]
 ...
 [ 0.00919442 -0.02786359  0.0098831  ...  0.65043944  0.03947515
  -0.05321412]
 [-0.02550293  0.04822199 -0.00184324 ...  0.0126753   0.6466934
  -0.01748575]
 [-0.01562028  0.03327767  0.0048524  ...  0.02853269 -0.04885313
   0.6332136 ]]",,"[207.85411  219.42014  193.66873  184.60147  192.14111  211.5316
 215.52907  218.23293  167.00516  183.85268  171.2229   177.98303
 193.52892  189.59065  185.67957  162.12318   97.40639  235.37482
 178.61584  211.9678   162.75316  186.94408  199.53821  216.10661
 178.79356  204.17726  238.75517  190.00244  194.05363  187.45158
 112.90099  175.41504  210.72362  111.87864  216.9419   194.8284
 185.87791  228.05145  188.33601  186.30054  223.41313  212.21565
 204.1299   159.81479  198.10632  193.31746  213.83867  186.62994
 201.80441  196.77985  142.34888  204.2349   177.23758  193.49487
 173.40822  201.2475   218.1268   167.34044  190.73209  199.88374
 233.78806  209.96407  166.02486  201.95155  197.33302  197.32024
 139.37854  190.56027  192.0003   158.9157   204.87462  236.33955
 195.96074  158.19434  174.64217  195.92235  230.95856  198.40521
 177.12277  209.97214  205.78488  188.30316  184.65707  197.52934
 188.45099  158.90265  207.92961  197.7297   205.43124  164.09935
 174.2493   223.1508   171.6657   206.58023  195.25345  207.41216
 202.9567   234.36124  166.3991   178.00739  209.43102  206.4605
 163.4768   213.91791  186.43454  183.67738  222.79346  218.97786
 205.84062  180.0624   204.9767   196.73544  167.13278  191.2977
 202.66675  183.50452  250.56184   95.643326 201.45668  188.94968
 232.10616  211.79353  184.10957  219.91653  164.03117  187.54187
 204.61691  222.78877  111.95698  207.94432  209.3497   177.82411
 195.31824  214.98517  202.34444  151.3494   179.50702  214.84552
 179.99554  193.57022  194.14114  174.26588  190.95197  170.93234
 178.19592  192.68341  189.18988  222.06473  187.55861  199.99773
 208.99692  193.4557   224.40143  188.58255  191.45592  193.31711
 197.34215  198.97914  209.41264  170.02916  186.49084  231.25978
 230.11388  177.18216  182.54973  186.57979  175.0652   120.77305
 226.55746  194.38123  215.64893  216.1962   229.8031   178.49553
 186.00795  167.44284  235.29808  197.6012   203.67805  207.38512
 201.74727  206.6245   185.99307  188.8597   181.64319  126.386925
 200.0065   213.51585  197.73035  198.70233  197.89879  187.07056
 201.61705  167.17123  227.5555   236.39491  180.03148  173.21738
 222.81355  210.52388  190.03473  210.41977  218.61794  195.88469
 163.79245  200.4947   194.47173  198.37422  240.25333  198.6397
 156.83415  216.08693  153.4304   199.20058  190.17603  195.69453
 160.32405  179.78749  206.8699   198.23926  190.97887  184.47629
 129.24342  161.68729  204.3584   225.79883  197.83757  228.27876
 212.83273  192.53296  224.12616  237.12663  153.09781  199.53767
 185.01208  195.56328  187.42091  195.12172  194.18523  236.45517
 188.12888  202.77635  211.51607  176.39212  192.40811  166.65625
 183.75723  198.55574  197.44872  210.43256  190.04938  212.99559
 200.04744  206.83817  210.5943    91.41643  163.23164  151.52577
 172.10356  224.45757  173.77861  192.95102  135.46524  186.67152
 239.88525  201.81827  200.12625  203.65936  187.42003  241.75159
 222.62106  214.3558   196.32747  145.73091  203.92053  191.59363
 213.47554  187.63495  210.54591  182.9436   176.48192  213.69962
 183.4519   175.33644  230.21194  201.45416  186.42926  212.37283
 198.34335  215.8895   195.2225   196.49681  179.50496  198.49008
 200.68637  216.29543  162.17216  205.2114   197.11533  188.53523
 187.589    233.20766  196.1121   209.24971  184.11615  213.9676
 201.88113  190.673    208.34424  142.44115  208.4014   191.51503
 195.5874   177.8482   189.72374  201.58624  213.70444  218.88776
 214.06584  167.54024  200.42844  189.33034  208.39072  205.98033
 193.4496   208.95152  182.57045  190.50266  172.98438  210.04666
 182.91718  200.14525  237.77379  196.04044  211.23972  175.20158
 151.4987   215.18741  225.56323  189.40819  214.32248   93.13577
 223.5016   195.01416  140.1322   224.73956  196.936    202.72421
 182.433    219.11974  139.61285  205.49374  195.28305  169.90427
 207.56747  185.62991  193.82724  192.63333  210.93793  194.25746
 204.12183  190.42674  206.76695  206.2579   227.08463  199.64165
 201.54492  197.7934   173.849    172.94412  232.9321   180.2046
 202.91315  195.02966  198.67404  202.82973  168.79752  181.51405
 186.39633  249.14973  193.82098  184.93353  213.67249  184.51186
 187.87166   93.57442  180.07336  176.17148  207.80367  205.12425
 187.90666  180.21542  188.47144  185.78143  166.21904  213.34322
 200.44711  197.1039   222.96797  208.25291  225.38783  207.24779
 228.8385   236.75272  212.16989  249.34546  211.11264  235.71385
 187.8646   196.64896  133.55388  182.41612  214.81816  160.42676
 190.09082  199.94325  222.63972  158.65852  179.57474  189.92784
 193.33856  185.0945   213.85918  198.55151  157.6803   217.78418
 187.6133   224.57597  117.51464  239.51468  213.20656  194.4214
 207.77747  160.69339  192.01952  243.92924  185.59303  166.28726
 221.51666  180.04424  181.08925  219.39104  170.1208   179.39128
 180.1599   218.81697  187.95119  182.87454  184.63295  200.67387
 199.08151  209.50977  228.27245  202.45964  187.18867  227.10603
 180.6219   188.27031  216.41983  182.81812  201.41989  179.49107
 207.65686  179.18097  170.94589  205.89497  203.29158  225.57457
 179.69432  233.66014  220.1864   127.41766  201.43405  220.91058
 208.45763  189.47528  205.13792  207.46507  200.35245  234.46951
 199.11743  226.00394  217.6778   181.91422  136.35986  163.24852
 226.43831  194.55647  182.19685  183.15776  209.64424  198.88808
 214.89522  201.04079  157.97096  206.55458  203.94995  185.83904
 186.99425  209.43112  175.02374  232.61713  185.07567  220.42113
 204.08488  115.25991  205.38794  185.04843  150.66335  232.7588
 191.9246   207.75006  162.0534   160.15686  212.8942   212.2912
 227.3371   184.84761  211.30782  211.45673  204.8785   186.11607
 191.94337  201.31708  194.29657  198.91748  202.73404  200.49718
 225.66887  210.81558  213.42986  201.36389  174.8615   210.80786
 191.73215  192.80264  201.60658  199.7933   196.58716  190.82251
 237.1296   190.10269  202.01012  193.5769   216.38113  200.15671
 172.74133  193.97986  212.56511  188.49022  169.07399  197.8928
 192.11449  211.55107  220.25664  202.70064  208.73184  164.47772
 205.28877  195.57501  198.42458  197.56395  211.48302  199.85838
 199.82904  208.44453  194.54427  190.39084  186.34122  202.83514
 157.59361  179.86047  202.838    191.59857  224.84099  177.12082
 179.04475  119.06943  214.42337  197.27342  182.1698   198.66566
 221.08382  219.93057  184.33412  186.4766   215.91708  162.14085
 189.18945  205.34225  185.58885  219.56322  197.87906  210.31105
 178.97179  188.54872  204.27774  207.15501  217.7957   172.90767
 205.27235  204.4947   192.48714  195.7933   477.22076  208.91351
 206.84114  193.35388  199.60703  193.41882  191.96236  200.1077
 171.85115  214.37746  210.43906  223.97177  195.31885  178.71933
 242.05252  187.8729   183.6604   224.45016  212.06708  197.09332
 122.26415  133.49884  189.02408  219.86528  184.43652  204.90884
 248.98926  216.19434  172.67972  206.06999  183.84341  217.25746
 227.35217  163.63422  206.7496   190.95093  184.8065   200.66676
 183.70724  193.49728  209.18239  210.15146  240.75114  162.99759
 184.17206  179.17535   86.41507  180.69672  222.26883  213.62027
 204.86221  183.67339  212.43997  214.87614  156.63998  210.68527
 215.26642  176.05954  196.42303  201.12675  216.24803  192.24603
 209.60458  210.74142  208.19576  206.22519  215.98839  174.75421
 195.30106  156.74718  191.57982  184.06435  211.5182   206.29413
 217.35677  193.09721  175.1547   164.28004  210.32437  193.8543
 209.61076  160.54593  182.8989   191.83006  161.21704  205.76848
 196.94167  190.29253  198.7329   206.20766  190.48187  214.5555
 223.34459  193.221    177.72559  204.17319  182.35905  182.0014
 224.142    163.28409  174.48183  223.04779  169.93106  166.74507
 187.77267  174.11163  165.88435  144.79967  214.96342  226.56999
 198.48817  156.04292  137.64163  199.76898  207.82268  206.7431
 214.9834   220.54642  186.42139  189.75862  163.27083  204.9136
 209.8941   178.90187  193.3308   234.97113  215.32419  193.5478
 211.59343  181.65964  188.5605   200.29239  238.87852  223.10738
 211.3735   209.10951  195.15428  220.85393  198.57005  184.26785
 208.14555  186.76372  181.75414  176.9096   206.23395  197.60316
 189.0047   215.16743  194.68527  208.56245  212.0368   189.85246
 202.3224   202.86087  220.09637  206.34909   80.16831  221.1848
 191.48788  212.07895  201.05751  222.3474   188.67484  201.53488 ]",[2.9137323 3.2123713 3.1395204 ... 3.9816763 3.011619  7.250814 ],3.652994,0.7183375314861461,0.8545427784275779
