,Train_Data_Size,Transformation,W,b,Residual,Residual_Norm_All,Residual_Norm_Mean,Accuracy,Co_Sim_CLS
0,9925,Transformation_Matrix_W,"[[ -1.5991338   -6.710157    -3.306957   ...  -2.004539     0.59018785
   -7.4299593 ]
 [ -4.54117     16.00093      0.24575739 ...   7.0435905    3.7311702
   -0.52753294]
 [  1.4106458    2.7355125    4.059695   ...  12.308551    -9.782666
   -9.915941  ]
 ...
 [ -1.1292262   14.054242     2.9944239  ...  15.066313    -1.2508538
    5.794471  ]
 [  5.2944155  -18.621037     4.318688   ...  -1.1669719   -1.864371
    9.351177  ]
 [  2.9350317   -0.35123155   4.344732   ...   8.920492    11.514929
    8.804754  ]]",,"[626.6415  599.1909  535.70667 509.8055  517.23724 640.03467 630.63947
 660.20984 470.21445 519.40845 476.96423 584.7923  573.48047 603.7523
 546.5686  543.5284  301.66446 683.9461  500.3602  650.4042  460.9959
 521.29083 559.5446  728.3185  489.55624 546.10205 768.0431  534.973
 551.70496 486.60666 323.08356 493.8127  639.46893 343.83826 606.80615
 554.01404 546.6607  656.9321  504.2278  539.4847  664.14374 590.06036
 623.3005  442.48734 556.80475 579.485   653.2124  605.70294 590.00745
 567.929   420.91174 655.1833  516.8455  555.86    517.4068  584.023
 680.53516 572.458   523.07263 584.51917 660.2257  718.90796 492.7974
 616.81085 568.6761  588.88696 475.28128 476.23834 525.4227  462.9985
 663.74457 656.4041  540.47675 441.91556 469.2178  530.6764  689.69934
 592.3204  508.5461  716.65967 575.3323  696.0942  493.62646 663.31366
 515.0665  410.039   703.8618  588.74164 625.5437  490.36844 476.42868
 669.4751  480.1142  606.8232  577.46185 610.4557  654.50635 727.16876
 518.2386  499.2632  626.4101  583.2549  455.72617 668.89056 531.5863
 510.48032 673.43054 688.4586  579.0557  493.70193 638.3045  555.2224
 469.50067 544.2546  630.2194  515.60645 752.4108  305.95847 581.87244
 547.3373  697.68976 609.53314 526.6622  665.2576  510.7435  500.82416
 515.0329  603.684   306.182   550.46765 564.70886 538.1115  622.18976
 615.4299  586.44635 475.66205 489.04135 601.9343  502.4724  532.79126
 525.0521  444.28452 586.2668  482.5041  507.2062  625.2969  571.1663
 693.5358  562.7612  553.011   644.3167  619.66785 655.53845 581.7582
 625.60846 501.19254 609.69867 609.6145  663.0122  618.4521  536.5121
 713.92664 684.65063 538.8694  476.36734 490.01758 534.2095  465.10898
 688.65717 600.87085 589.79156 675.05597 708.1061  648.2696  504.5589
 507.65228 722.60114 555.962   563.63947 646.7035  497.92606 572.32
 514.95483 603.5787  493.35983 330.23785 635.08484 651.3087  609.6235
 603.5704  550.9647  537.5488  562.5365  474.68094 746.01117 747.22815
 514.7732  495.4795  671.3408  606.14813 550.12415 754.2218  619.64264
 612.1407  440.0669  587.6261  585.815   567.6016  761.6594  582.74585
 417.29907 615.14575 477.5556  585.5307  516.87994 586.47595 462.3697
 480.87357 584.7564  585.90625 571.13885 470.67725 316.92456 432.5752
 626.314   667.6812  569.6902  718.701   631.325   555.0486  635.1032
 724.6227  465.6635  569.7409  481.45615 615.8991  525.08307 560.6644
 613.01373 704.78326 608.40466 594.2502  691.6669  509.44473 584.40405
 459.3907  544.94226 581.5875  573.03064 614.73236 532.34186 658.10583
 579.0271  581.69934 609.75    352.41113 461.40286 547.2788  517.5466
 656.80096 505.27692 546.7984  695.74744 561.56354 743.0504  582.4737
 578.4194  595.87604 500.69513 670.569   700.70874 688.287   602.27625
 420.9692  572.64844 502.20813 583.90796 506.3807  597.20355 471.8793
 526.5243  644.8009  523.1061  507.36703 664.519   601.54297 544.748
 638.29974 597.3236  672.45496 577.2332  559.05115 540.22327 591.08386
 557.4951  655.0672  404.1758  609.1359  590.6713  530.8423  529.5758
 819.3418  640.11176 629.4306  519.83234 597.4402  620.6351  555.2576
 747.4425  458.2649  652.75244 588.9959  555.0132  572.26434 498.4819
 557.4643  547.8014  630.1332  575.4075  447.99512 551.8704  603.9076
 604.61707 571.5895  567.908   641.7529  524.9773  539.8913  510.50595
 632.05536 516.5201  565.56586 679.32574 543.4501  572.1985  494.58286
 554.2778  608.5007  635.374   533.8677  657.2534  254.48718 651.8398
 604.83685 597.7852  751.60645 571.53625 541.6832  521.04553 640.58575
 595.8476  536.8524  512.00525 482.4856  589.21344 528.1744  614.98346
 570.0859  605.8555  634.8753  554.7914  548.14667 604.1324  608.61884
 723.3265  606.64    573.4322  597.16986 484.23013 455.10165 694.4648
 610.3023  701.29456 592.6453  514.0418  562.82776 555.64526 549.7697
 623.86456 822.2454  597.0975  520.6664  614.21674 564.1842  522.159
 257.86267 482.8841  555.17224 644.9739  575.12164 619.79376 513.33154
 596.6916  523.26556 456.7432  596.6018  606.334   570.24335 614.2618
 585.6977  679.2239  636.9555  712.69916 661.83966 612.15796 790.8492
 591.53674 654.4833  546.9739  507.55035 436.9641  552.15643 677.226
 453.17047 552.7911  584.6084  727.6297  510.63098 581.41    536.64813
 596.24445 585.4337  616.7671  583.99744 546.5853  642.9878  534.6171
 634.67267 355.03622 702.5012  638.0782  536.86774 586.11816 533.43835
 528.71423 679.46857 510.58786 423.95184 557.274   488.50357 511.00488
 682.43475 513.84393 473.80032 481.0287  711.04376 522.89624 531.52136
 595.13586 537.1468  582.81757 695.99536 660.5046  561.2186  701.74225
 634.57996 545.7856  596.1224  634.49884 484.63693 568.04193 521.0807
 581.6313  552.01984 428.45673 614.8233  599.48596 699.0378  490.1398
 753.29834 660.2162  408.90646 604.011   613.77954 648.17773 485.95575
 604.4235  548.1336  611.37274 704.7837  604.43445 683.7925  642.6279
 545.8231  679.38184 555.44244 685.26056 558.9872  508.76663 578.34503
 656.6707  647.07825 663.6336  571.7545  497.0969  543.7987  674.0928
 512.5226  550.2947  562.7576  493.79907 599.526   546.4001  618.5799
 580.21875 350.5925  609.52563 572.73315 492.237   621.11707 548.4124
 625.1408  480.28073 441.15076 661.49384 621.5882  763.22675 509.97516
 622.9761  581.9711  683.2547  573.7443  585.50995 547.1765  524.78394
 583.481   598.97894 599.5452  663.46704 574.18896 614.06573 591.8233
 449.11935 623.355   505.04138 594.3172  612.92017 592.98584 528.77374
 513.43896 746.5791  590.85754 570.7605  556.66064 695.2732  636.9156
 534.45215 533.4765  601.5135  535.239   427.38565 558.403   506.15738
 564.65796 583.3771  576.7857  588.2045  458.5175  594.29193 595.1086
 559.3224  546.1706  606.2366  600.558   586.10657 580.4954  584.921
 599.4578  523.7721  579.8322  555.8102  515.7502  585.1798  546.2621
 636.6332  538.2787  497.52386 574.0291  635.6633  585.4106  538.70337
 624.2053  702.2596  627.74634 562.8138  594.1144  619.4443  474.24725
 508.3746  585.0557  493.8486  633.3559  536.2478  579.3946  598.7743
 550.42725 592.3107  581.57904 652.7288  533.64655 597.86035 586.48035
 581.2579  516.9978  869.9681  610.71765 687.9831  548.9963  582.1822
 502.70273 576.5692  599.6402  522.7239  675.3251  644.4394  641.16864
 597.67896 490.14764 757.7826  560.5486  494.56088 613.22656 584.8318
 583.2843  676.5409  458.34393 546.4368  651.93695 524.852   530.8054
 712.03    624.4832  478.53104 667.5228  596.6251  693.9341  682.9518
 479.78024 610.5811  562.0752  583.5927  586.4146  539.52264 557.592
 584.78705 567.0219  770.2622  440.2585  534.1953  475.29135 240.48663
 556.707   680.1159  642.492   609.9623  505.30606 716.5186  650.7654
 443.30756 623.7145  634.12    502.69434 587.8029  579.4384  669.8555
 546.1136  615.261   578.29956 610.7146  577.26154 656.7578  478.46436
 567.59875 546.5166  531.2085  494.03674 599.7491  616.157   682.57367
 523.8352  531.90894 438.52975 658.1093  561.7527  553.7531  394.06793
 540.4991  535.4511  411.04263 580.0564  574.19794 520.41266 580.6728
 610.2629  543.9307  575.28064 669.931   569.94916 478.98618 563.40204
 473.15073 489.2891  644.7056  471.87396 487.12085 617.3675  476.40308
 481.05435 498.52823 496.51758 478.38406 405.25824 667.90826 596.01514
 549.4843  411.0036  631.4743  588.42487 611.2872  612.7538  645.929
 627.4819  502.9183  592.5192  460.99057 628.6478  557.2442  491.572
 588.23816 671.26746 625.62726 623.84    557.64294 520.3733  501.83838
 637.00665 727.77216 629.6465  619.2036  643.3164  568.88055 635.2605
 583.68115 498.97772 550.9795  607.62524 509.18127 496.00934 593.69385
 592.50836 585.2311  546.1234  753.87604 652.17377 574.6841  515.21936
 542.68787 642.09766 677.7423  571.5841  248.28159 662.03705 482.85458
 606.2652  516.65515 679.5391  598.61676 545.60297]",[6.854793  5.9765573 8.007968  ... 6.8184295 5.7531466 6.517917 ],6.594632,0.044534005037783375,0.23323550748480096
1,9925,Transformation_Matrix_W,"[[  0.37903595   0.6863303  -10.272322   ...  -1.3076618    4.4218903
    4.1560435 ]
 [ -7.219327    -1.7574407   -1.9362198  ...  -4.400354     5.9879265
    0.8000728 ]
 [  4.33223      1.7616736    6.2895455  ...  -3.3715754   -1.502454
   -8.369285  ]
 ...
 [ -3.0401824    3.5953627    5.1596823  ...  -1.4602357    3.1776772
   -1.2698982 ]
 [  9.02803      3.1310618   -7.873786   ...   0.9037088   -1.1954278
    3.5466783 ]
 [  1.9710536   -5.591827     2.8256333  ...  -2.1059527    3.9791715
   -1.5257728 ]]",,"[615.94025 594.6525  509.07538 497.70236 513.8205  620.379   612.0457
 648.4909  454.48126 508.3372  472.96054 562.2206  559.58923 572.6565
 537.44635 528.4808  279.86493 666.6606  484.68408 628.86847 453.1155
 505.61545 543.561   709.78174 483.3149  537.6806  749.54175 528.0917
 531.08813 478.89127 302.73364 482.3582  628.5928  311.17563 588.4019
 539.7628  535.02673 643.89984 496.18878 526.18677 646.7019  578.1142
 607.40784 426.2039  544.004   560.43884 633.55176 586.4025  569.30304
 558.9485  408.49866 644.7208  503.26498 533.678   486.05975 574.0695
 664.9661  550.66925 512.0648  579.9486  641.08594 697.8033  482.5045
 594.9294  556.53046 577.49365 437.66138 469.271   511.61887 449.94223
 645.8966  640.8365  527.14764 423.1385  465.23227 523.0107  672.12836
 573.33856 492.11023 695.9808  566.2417  655.6555  476.57977 649.1168
 500.79694 403.48135 690.6492  577.2542  612.6028  477.78894 466.93958
 649.18353 473.8871  591.72095 565.61755 600.4687  634.8648  722.2342
 502.2607  484.09396 601.4329  576.31604 442.64096 642.6511  508.5772
 494.34772 663.6879  668.881   567.41315 478.8704  621.02484 540.18414
 454.9074  525.19086 596.89264 500.62036 737.75305 232.01079 551.53033
 537.8747  681.2438  603.06537 523.1577  650.01917 489.3211  484.86127
 497.4742  591.93677 284.79926 541.185   553.2222  505.56512 609.5982
 598.9852  561.27246 432.57996 483.3703  587.5604  487.4518  525.93774
 510.28195 436.06973 563.3985  469.91107 498.00613 603.8594  556.03766
 677.6415  550.97656 541.28705 628.02374 601.2491  635.897   558.0327
 600.955   491.05615 583.05536 595.2295  650.56067 594.4746  518.6336
 701.3621  669.00684 528.043   464.95764 475.90634 518.28687 424.0788
 674.38965 593.8851  575.738   654.68585 673.25745 602.4227  487.32632
 491.48352 699.7098  553.4291  552.0891  635.58057 483.30658 562.67395
 504.1801  584.0116  487.9156  319.80386 620.7691  639.0422  584.53595
 590.5299  533.80817 523.22736 546.4604  461.73514 729.5199  725.225
 497.86575 446.95413 660.73785 591.167   530.74805 730.111   598.27893
 601.96906 428.42096 575.3179  565.9154  558.7063  741.7162  571.8895
 406.64966 602.7727  444.8746  567.851   503.35406 570.75226 433.4708
 471.7494  564.45337 573.7932  552.31726 467.1077  307.68417 426.02585
 595.58405 645.6788  550.43823 689.613   620.5184  540.8434  626.99084
 706.4899  450.59567 553.626   470.10574 598.6149  506.9733  547.0358
 598.02563 686.9256  586.5959  580.1259  674.96405 493.947   570.1234
 448.29474 532.5075  566.2329  562.22754 608.7002  521.80597 633.89276
 564.66876 558.071   591.91534 304.6131  445.3094  488.47113 500.61316
 650.80884 495.3305  533.69525 639.7993  550.7847  722.497   574.171
 558.62445 588.50464 488.81436 653.04425 678.68176 669.09875 591.3318
 407.06042 564.7634  477.60797 566.6384  495.80878 583.5552  461.4718
 504.4707  627.1158  506.63754 485.14404 640.9557  585.79254 531.83997
 621.3046  587.1328  650.8653  565.3889  549.8308  529.06775 572.0067
 546.68976 629.77216 393.94342 583.4399  575.2034  510.2639  511.08878
 793.54114 615.09375 614.49536 509.3449  588.1136  606.8422  540.8062
 712.3159  427.50397 639.8675  569.97974 539.9926  554.92566 492.69547
 556.3127  532.7461  617.5109  569.79767 439.35193 543.74274 584.2993
 592.00903 555.90955 554.90955 627.56464 507.76373 527.8387  502.9861
 597.0594  512.53094 553.8082  668.77155 523.6711  560.7963  482.27103
 517.0581  595.93066 609.0281  506.37958 637.60596 240.97638 628.451
 590.21265 533.2486  739.14825 559.0229  529.31476 504.12064 612.2245
 561.09735 528.9439  501.17255 471.0647  578.46545 516.8539  598.0564
 551.1913  594.98804 605.46826 544.164   540.4993  590.6713  594.06213
 704.7363  585.199   555.4619  593.72925 471.92938 440.07867 680.61566
 591.6354  682.3284  577.3492  504.6592  542.77545 547.1186  529.67285
 592.489   802.46185 572.3415  509.15054 596.93896 550.9503  515.8309
 226.77798 475.49792 540.25977 610.81464 557.4579  587.4691  507.51855
 581.95374 510.07452 449.22244 584.82166 589.9307  557.9739  588.1101
 572.5311  658.7305  632.953   690.15045 649.79865 597.6541  742.926
 576.79803 631.0482  529.9918  494.64368 418.37762 547.4229  657.12115
 445.59927 535.951   576.99567 699.8025  491.85883 564.17114 519.6539
 582.4637  562.7757  598.87115 569.0223  515.9651  625.49176 520.1769
 624.16406 340.01306 684.14746 617.64685 521.53815 569.93524 509.00717
 517.52655 665.8355  504.00433 414.46872 544.5955  475.37216 501.01215
 662.6991  501.31363 459.62292 468.91736 689.93884 510.82077 521.74744
 576.23834 518.7054  571.0822  674.3084  640.26807 548.5746  668.2792
 613.17676 530.78217 582.64294 618.0031  473.65887 542.13574 509.7651
 570.724   535.85785 419.37128 605.4978  582.1319  672.3721  475.4951
 732.87946 647.95734 374.31146 592.71686 587.11304 627.5873  475.76816
 591.52216 530.601   601.7093  693.3118  577.13226 673.9602  622.6498
 535.057   594.59924 542.9159  673.8839  542.7728  493.47635 543.3194
 641.04974 613.7431  641.132   555.6673  470.9001  532.15625 647.87024
 504.22156 530.53754 560.81165 483.1164  588.88715 531.5466  603.04315
 565.3837  314.81934 594.4799  561.585   467.3469  611.99817 539.13434
 620.91534 463.89667 432.63474 637.46686 606.2318  739.99695 495.95126
 603.4884  570.4062  669.3916  560.1084  568.49915 538.2419  511.13712
 565.72345 586.95166 586.3722  638.1814  562.4312  601.99567 583.0337
 439.09158 599.9176  490.99902 586.2214  597.7965  572.51086 519.2491
 506.31726 730.9728  575.38666 561.84406 556.864   679.4559  620.58136
 522.219   518.44684 591.1078  522.9047  413.26224 538.76556 498.80356
 551.7594  559.70276 557.4265  566.87854 440.49265 580.2702  579.82965
 539.54114 539.6841  600.58856 595.59064 562.24115 564.58295 569.92377
 561.7269  514.75916 561.2811  523.8128  503.44995 570.8606  536.12256
 619.2422  518.93286 479.14542 486.06744 622.8295  566.3314  525.26385
 611.3302  683.5227  608.5091  548.9611  575.9326  601.5481  456.15448
 502.01038 569.80145 483.64474 611.00183 527.23566 566.806   574.71387
 535.6194  582.82776 559.1417  639.46295 514.7935  559.12573 566.5487
 546.4919  509.92648 856.1465  594.67426 665.2084  534.5752  562.2732
 490.75095 552.2989  584.1154  506.57968 659.40344 639.6664  624.5004
 579.4906  474.6293  723.2559  554.6982  481.3344  595.2215  572.93884
 568.6704  572.6049  411.725   537.5166  642.29456 514.83594 515.76215
 705.1268  606.50946 466.82837 654.6225  578.1429  671.6658  661.70483
 461.46555 600.06146 548.8628  563.7829  573.28827 508.2485  545.1833
 569.76544 553.99506 751.359   421.42303 516.5257  470.26883 224.02019
 537.2626  658.9561  628.60034 594.42535 494.78915 695.0946  629.0854
 433.09296 604.16693 606.5838  485.67743 579.95825 564.2127  655.4431
 528.12604 595.0188  564.2865  597.563   555.43274 635.48114 467.41913
 549.55457 496.61917 520.2993  476.9987  573.7912  603.1016  667.7903
 513.126   512.3633  429.47668 637.36896 556.7986  544.8383  386.02072
 527.58307 518.9801  408.97058 574.6117  564.5652  508.3599  575.4098
 595.8219  539.6894  566.2092  651.6719  558.821   463.401   550.3052
 467.0909  473.3234  637.0093  458.12314 465.7425  601.55817 463.01764
 466.33966 485.45926 488.43863 466.5924  390.1597  635.3726  583.53766
 537.3107  401.8531  551.98224 576.2065  597.2799  602.4852  630.019
 616.5087  493.72003 578.49207 448.05203 610.6582  548.13696 477.36636
 571.7381  662.3129  612.5295  596.3778  542.82874 506.26614 490.55533
 611.9793  711.42865 616.52234 602.1489  613.95325 559.526   621.16223
 556.01215 494.13312 534.5836  583.73956 491.465   481.8293  579.9895
 576.34546 572.7556  537.73785 702.8325  637.8736  564.8644  496.40256
 532.7837  634.54877 667.1607  560.2585  230.9158  651.61786 478.2202
 585.61444 499.4251  659.5624  580.75244 537.5098 ]",[6.977675  6.0000196 7.853459  ... 6.781115  6.268278  6.2909627],6.499237,0.0677581863979849,0.2814401598030348
2,9925,Transformation_Matrix_W,"[[ 6.53685    -4.088221    1.752458   ... -0.87953335  2.0695984
   0.38141534]
 [ 0.8048512  -3.1570377   3.5026102  ...  6.7307887  -2.7126994
   1.6310252 ]
 [ 2.6559806   2.4569008   4.1756873  ... -5.74999    -3.813135
  -0.5051652 ]
 ...
 [-3.7786613   4.849741   -1.4358138  ... -3.6747906   6.706037
   2.1017282 ]
 [-2.3647714  -2.7589445   1.1132809  ... -5.2559133   1.1565613
  -1.714539  ]
 [-1.6067487  -2.4244983  -3.758548   ... -3.7659128   2.2052724
  -1.4984068 ]]",,"[592.79254 583.0084  491.43448 481.67902 497.93613 589.7848  584.6032
 629.02905 440.2128  499.1409  459.70148 527.3509  544.4258  537.3774
 517.05    507.44467 261.90903 636.38885 461.93265 611.40436 441.86584
 489.94452 528.1247  688.5103  474.01614 531.0617  727.9204  510.18198
 515.3556  466.42783 282.20255 468.47305 617.5688  292.9625  570.99054
 525.20337 515.9508  627.03705 486.59576 512.4226  621.59296 569.5144
 584.9941  410.06705 531.95215 548.102   613.3411  556.7175  555.3875
 541.0718  396.52713 632.5133  487.48248 520.3371  460.9272  557.1114
 638.9233  528.4709  503.2311  562.60394 622.2305  674.5358  467.90894
 567.3064  547.5363  554.42444 407.2971  449.9161  495.52777 433.4284
 612.0286  623.0074  513.2545  407.15338 451.08255 508.94666 658.5524
 546.53876 466.84808 672.2434  545.72095 623.5276  468.26776 630.4268
 482.7087  396.66757 671.6928  556.76245 594.29553 466.56085 459.33618
 636.62585 465.14493 576.95483 547.71735 580.4209  614.1554  701.1446
 484.89685 467.30017 571.6271  560.51984 425.75476 622.33307 492.37817
 480.4008  635.1411  649.6574  547.6651  462.41    592.7274  525.6115
 441.6912  508.33524 579.241   485.9434  722.25    197.44629 537.88727
 521.6225  666.80554 589.7969  508.9595  620.41693 468.85516 469.69437
 482.48236 580.7137  263.39877 532.07513 533.6521  490.60583 592.6267
 584.1972  546.3757  422.16034 475.21896 580.31085 469.31052 510.48407
 495.55234 425.81482 542.0584  456.81177 487.68356 578.23114 540.41656
 664.66296 535.57623 528.4278  608.0707  583.9108  617.96497 538.24445
 561.5755  478.95575 560.8472  579.5836  630.90063 572.1414  504.33716
 681.0407  652.3288  505.0882  455.574   462.1393  502.68286 388.1382
 656.995   567.7147  561.00256 628.5949  659.0326  563.7717  473.20978
 476.16742 678.8878  535.2692  536.66583 613.9374  474.76614 544.4878
 493.25043 557.01324 477.1393  309.512   605.9083  617.9604  565.1243
 569.3747  520.45856 504.67722 522.0113  446.8119  708.78174 698.08295
 475.6749  424.286   640.8293  572.0315  517.00836 708.72406 586.04803
 589.61816 414.19638 551.9416  552.1462  545.5616  712.757   555.21545
 392.92078 585.19727 419.76562 552.9158  496.3742  555.8596  415.5935
 458.08417 544.62976 561.21674 534.7675  458.0827  292.13705 414.17694
 577.0608  629.7396  540.7126  672.2666  600.89026 525.5444  614.4103
 687.9724  437.5331  535.83295 455.48087 581.3455  490.347   531.6206
 570.2079  666.8845  566.72925 572.5225  652.91235 480.05948 549.4597
 432.8083  512.62366 546.8589  549.97345 593.3422  514.06635 620.2487
 550.28076 531.33264 572.5263  269.72208 431.11328 445.65793 480.62637
 629.08716 476.1204  522.3739  576.0602  534.2777  704.9177  561.1496
 540.76135 570.4486  478.17938 624.7027  659.71924 643.9184  567.8171
 391.46606 553.1736  469.81738 552.6705  483.6083  570.87604 451.85016
 484.3695  610.1403  491.22037 468.81592 628.17365 574.1459  520.707
 597.1781  575.19165 634.0071  547.281   535.2909  507.75165 555.3048
 530.2391  612.49194 388.27707 556.9178  554.8399  495.377   496.12076
 760.6658  594.2302  593.431   492.79874 561.976   583.2149  527.86707
 676.79034 403.21826 606.9543  554.378   524.87024 536.184   479.56915
 540.81726 524.5537  597.8463  562.1212  431.81848 534.1296  561.87836
 572.7342  540.1053  540.6946  607.01666 492.30988 515.74304 484.15527
 565.344   495.62158 543.70984 654.8541  510.74432 541.78894 467.27225
 479.16104 580.2272  593.4329  496.73996 623.18036 219.14474 615.5705
 566.62286 478.6077  723.7504  546.99084 519.63153 485.1189  588.744
 508.9992  514.9272  487.41718 460.5179  559.9888  507.0239  575.01776
 534.89154 587.6136  583.0117  537.47784 520.20905 567.80725 570.82874
 670.3568  564.4451  547.33954 573.8074  457.08582 428.2807  656.5113
 576.671   662.7755  560.62775 496.3114  530.1209  529.3234  506.55453
 568.1153  785.7736  549.9613  495.58737 586.37256 536.45465 505.4957
 212.07898 465.44772 517.6519  591.79346 536.06256 565.6326  486.83862
 558.1481  483.42383 436.14423 571.83795 573.9105  539.46674 577.0161
 559.89526 634.9794  613.7433  672.0934  629.7921  577.51337 705.4182
 564.5219  611.5824  511.53336 489.8229  397.50845 532.0974  639.31934
 431.95505 523.2129  560.2478  674.20825 464.74857 546.75006 504.80963
 566.28503 547.1457  584.2745  546.95197 478.8818  614.736   503.49835
 604.54706 321.0573  675.1651  604.66156 510.72266 554.8122  466.1041
 506.26926 645.4142  494.20755 399.94717 531.7716  457.67728 483.4479
 643.564   486.12045 447.99802 461.53568 679.81055 499.33304 508.5229
 547.3006  510.237   560.4028  647.52106 622.79376 536.6774  637.8514
 594.27423 523.8281  563.8938  600.11865 459.86224 529.14667 494.62335
 558.7742  526.6483  413.44214 585.1243  563.25085 652.1791  461.9256
 707.38995 625.1477  349.8158  569.4167  569.27576 601.05725 469.32248
 578.92474 504.44266 585.0878  678.1659  555.06067 658.6332  601.67896
 518.33563 543.0111  527.76587 649.6562  524.7547  473.07224 512.2447
 626.1916  583.9763  623.90106 536.2567  449.6917  513.7472  616.2347
 490.3912  512.3911  545.3379  469.23755 571.0919  514.4842  589.4627
 540.27594 288.9919  567.1521  538.5237  445.04834 600.3003  518.57996
 603.2907  449.26224 424.10056 609.3847  587.0523  718.90894 482.23087
 586.1699  550.633   644.4677  538.1944  546.4644  525.20715 499.45627
 545.3829  571.279   577.3662  618.06134 552.83057 589.5005  566.2505
 427.12552 579.2639  482.61258 574.652   579.363   545.01135 506.39114
 487.5206  717.70874 560.5517  548.911   544.60254 655.4936  594.36194
 489.02408 505.42554 573.3639  510.542   399.84854 523.8409  487.38605
 544.1079  551.7996  540.0299  550.5496  423.0555  569.9926  568.0353
 517.03253 527.27527 586.45166 576.87604 549.9905  550.4238  555.4073
 540.0908  504.57962 546.32336 494.11176 495.018   549.5707  523.14734
 598.00934 507.1934  466.4382  406.9484  599.48706 542.86816 510.41238
 594.31824 657.2594  594.32495 533.2191  557.3023  583.78564 437.36066
 480.43777 549.3922  474.45294 595.069   512.6746  558.18695 540.64325
 517.1391  568.2162  540.3982  623.34674 503.34058 547.18884 549.70636
 526.72186 499.41    845.7483  578.593   642.2705  521.6022  540.5557
 482.1581  523.3307  572.21674 492.85693 636.19617 623.8535  600.9444
 555.5453  465.6255  695.47845 537.25964 462.89758 584.7316  555.65186
 557.801   455.0655  363.92514 526.1216  620.2586  502.83237 505.75925
 690.0298  591.4816  449.7668  634.6057  543.03577 662.95276 641.5328
 451.47186 584.7288  523.7362  544.99286 549.4753  486.42346 527.2081
 548.4656  540.56616 721.491   407.53928 503.96887 463.89722 206.30428
 521.4445  637.05334 610.2021  579.94293 476.14645 674.26776 612.85565
 421.6174  595.27484 581.6356  472.0556  560.5617  540.1166  637.0387
 516.5415  568.4765  554.6388  585.39734 542.1079  611.83325 454.49667
 536.5918  469.68796 505.28897 464.28    551.86334 590.29376 642.6202
 498.52295 490.64572 421.82684 618.1152  538.3096  533.7022  377.61542
 510.07034 510.40564 401.7575  556.62823 545.33954 492.23572 556.5246
 574.6705  531.1268  560.61444 635.67004 545.5478  452.7226  541.243
 452.84903 460.47705 611.1101  439.78955 439.67557 584.64746 451.6154
 447.1714  470.73257 469.7119  455.0939  377.3078  614.5594  576.3202
 523.0604  390.9362  475.13397 556.62787 582.76544 583.8643  617.45233
 597.6859  485.64487 559.5308  427.70312 596.5414  528.77075 463.61258
 559.2991  641.93976 592.8786  578.1784  532.591   484.06183 475.38452
 592.7095  697.1082  596.89233 578.9901  598.17487 540.65344 609.5957
 534.446   486.48773 513.3871  557.96265 479.45007 456.58475 566.44684
 558.1222  546.2496  528.6297  661.6063  612.5359  554.54785 476.66556
 517.583   616.4371  647.10785 545.23645 211.23456 629.3508  464.94412
 562.0885  490.65308 642.1352  565.76154 523.61566]",[6.6347866 6.011885  7.669953  ... 6.375642  6.20911   6.4539895],6.392592,0.1036272040302267,0.3262631367544653
3,9925,Transformation_Matrix_W,"[[-7.3865449e-01  2.9753154e-02 -7.9961640e-01 ...  1.8906252e-01
  -1.8374084e-01  3.9811087e-01]
 [ 8.2685381e-01 -3.1563246e-01  2.2881089e-03 ...  4.5795774e+00
  -3.2304883e+00  3.1639405e-02]
 [ 1.7312450e+00 -1.9293004e+00  1.8031011e+00 ...  2.5816143e-01
  -9.8545074e-01  9.3204863e-03]
 ...
 [-5.4136986e-01  3.0495283e-01  9.3997699e-01 ...  3.4085984e+00
  -2.3202639e+00  1.3380688e+00]
 [-2.0208595e+00 -3.5737318e-01 -9.9803090e-01 ...  9.8600167e-01
   1.9914515e-01 -9.4892746e-01]
 [ 4.1594381e+00 -1.6081629e+00 -2.5361915e+00 ... -1.2603320e+00
   1.3337132e+00  3.3843207e-01]]",,"[575.6734  565.7977  467.65927 461.40228 481.45886 564.8012  556.1218
 599.99756 414.65567 481.74576 443.2127  497.55582 529.36395 510.9185
 492.17923 472.01462 241.90012 610.82666 441.4363  594.88257 427.74408
 469.76102 522.8436  656.36035 459.49512 513.70514 701.6497  497.29376
 494.57306 442.23203 261.93225 453.23047 587.73145 282.0328  553.31134
 502.1867  494.53473 599.46265 468.50742 493.625   586.6209  548.2827
 550.85925 395.22787 517.49115 519.54144 594.5198  541.8708  540.2594
 520.3707  374.71393 607.8234  474.00784 499.8108  429.57135 543.16205
 610.7995  492.49176 484.97195 542.25024 588.18896 642.7748  446.1355
 532.5499  533.6508  544.79785 379.37357 430.15656 482.5357  414.8667
 586.5025  598.8952  495.51868 380.29016 440.88528 495.506   633.1681
 526.4796  444.6025  632.283   526.56396 577.41406 454.1328  613.6352
 464.48767 377.57248 627.5791  526.6385  563.3556  448.33817 445.65442
 610.12524 456.20844 551.63684 518.9601  563.8024  589.21375 652.19696
 466.50516 456.21384 547.24304 547.39294 410.4983  585.18274 469.22653
 466.02335 615.2356  615.2498  528.7209  444.44373 559.2195  510.43692
 425.36172 490.61832 552.41895 474.2575  704.80554 173.48087 515.4201
 500.12622 645.3573  572.3278  486.37372 602.13806 454.15817 452.37314
 467.04495 557.62024 245.58775 519.47577 519.1671  469.3086  561.9206
 564.9702  534.9336  401.90167 466.72302 554.3719  451.1558  484.18692
 475.08133 415.5398  529.29407 435.771   471.43372 560.36786 516.3041
 633.9978  516.5114  506.0066  577.06226 570.5906  601.0947  519.6338
 538.64606 466.4586  534.38983 555.5486  592.3039  545.58154 479.49908
 655.6938  636.8856  475.5561  433.9678  449.41876 486.85522 334.75684
 626.56573 551.7475  545.2504  585.309   631.96875 517.95435 454.312
 455.34564 644.46423 511.59857 520.0572  594.45245 457.0765  523.95374
 483.081   524.7378  462.80466 290.49963 586.05066 599.50366 530.23303
 546.34674 504.23334 480.51648 499.85226 427.1702  680.24963 671.0419
 455.7411  394.33267 612.05743 548.8935  498.21826 679.26697 562.9224
 573.9375  404.29898 531.9729  526.19446 530.3466  684.11884 531.8751
 377.16162 568.42523 391.3732  530.7681  474.5379  538.12134 386.83313
 445.03824 526.4426  536.9155  510.10944 437.29544 268.08005 392.58102
 553.0356  602.9227  517.94745 648.98846 584.95605 505.8419  595.43665
 655.682   416.00278 512.4805  439.62384 558.89825 477.37277 514.9746
 546.91003 643.84314 544.2221  550.97864 633.2986  464.459   520.8866
 417.62347 494.21335 519.7363  537.73303 567.81085 494.2953  597.5998
 533.72314 507.02942 547.20746 227.17586 418.1611  411.30856 456.84015
 602.4307  465.36432 504.26724 484.88797 522.64935 684.98285 545.1794
 527.4842  556.48804 469.85056 600.94946 637.79755 616.3703  542.2986
 369.73975 532.3686  449.46164 520.8186  475.14725 543.41003 446.6795
 463.02673 580.2035  464.35104 447.08105 598.27747 555.3609  510.8196
 578.1673  552.02606 610.05585 536.49963 513.62366 484.95612 532.2062
 512.36383 590.5952  379.305   536.7831  533.2743  468.10107 479.8636
 704.4558  569.3944  578.90076 472.0302  544.3713  551.4106  498.86133
 639.17    371.8909  574.3369  535.68896 507.87192 501.04016 463.07693
 523.311   517.2494  583.5832  541.5642  414.11005 513.0786  528.01416
 546.2229  521.8141  524.7728  574.39636 471.47137 504.58597 464.2682
 536.86224 474.82013 531.992   637.4271  495.37305 525.55133 446.42325
 421.94785 559.6506  570.3359  474.0265  594.89246 199.33228 592.68524
 541.03064 436.59637 683.97095 526.1945  502.99567 466.8047  561.0873
 445.86804 503.72714 471.09378 453.72464 539.6898  490.8677  543.8183
 512.81274 572.28107 550.3976  522.34015 497.74927 552.6497  539.02203
 642.3542  549.0652  537.4336  556.0976  442.4642  420.3496  638.1225
 548.82104 626.21466 549.6125  478.79807 509.77255 499.06372 484.48294
 551.1067  755.5635  526.05414 481.74023 570.1705  515.0009  488.81992
 191.35045 445.8533  489.59515 567.4897  518.0522  545.21387 468.4754
 518.7621  465.02603 425.95117 544.32056 543.28064 511.3815  553.9826
 535.75964 616.3588  585.80725 651.6772  603.9638  562.6651  675.3929
 541.0945  586.07623 497.25208 483.1236  377.4017  513.0701  624.7314
 408.7843  505.79626 540.8597  642.12915 435.01102 523.3113  493.9918
 536.15424 509.08267 566.6258  535.43097 448.13272 594.49164 483.77023
 585.47144 302.74338 652.7683  586.44507 501.1236  537.22375 438.26822
 491.08142 613.7974  472.64313 387.64575 523.0302  439.4169  468.49884
 612.9851  467.7225  433.9289  442.25024 657.81036 482.0583  496.7469
 511.46136 493.75577 540.33856 617.5837  601.864   510.2172  605.6357
 580.5084  507.64484 540.7892  567.9024  442.25095 513.0656  468.33505
 540.085   515.0739  399.1279  567.87256 544.31    629.7533  454.50885
 670.87    585.4236  327.2791  550.42834 557.08777 565.4827  453.14508
 560.9003  486.43832 557.88403 666.3855  529.65125 647.1718  572.8483
 496.52704 472.57077 499.52255 635.7973  507.583   458.3893  481.28067
 589.6091  551.83923 593.09033 519.3717  427.10776 488.03702 587.3826
 474.8722  494.15503 529.8615  454.02466 557.7522  493.59448 559.4336
 525.8987  268.43936 549.5613  516.6611  421.72388 586.5827  503.59305
 579.5146  428.8285  411.988   583.1541  565.5588  688.75085 462.6988
 568.1232  525.0727  605.33734 516.2946  518.94653 507.25992 483.05258
 521.7772  546.9107  557.5252  587.19037 534.2468  575.2983  548.7771
 415.30038 560.7045  472.14124 554.5479  552.074   526.66693 493.2239
 472.31454 690.55945 529.6478  533.777   522.6336  618.03845 574.3692
 459.29208 485.13913 556.7574  488.70465 389.73932 506.5955  473.35065
 518.88367 536.0605  518.01904 532.49786 411.87952 557.30493 547.30585
 495.31784 504.42087 567.9619  561.2488  526.657   522.53265 532.62915
 516.93604 490.42233 524.0161  466.2926  475.2764  525.78174 499.90747
 581.2117  484.77646 447.21085 344.21088 574.6278  513.627   493.4158
 575.29175 629.5185  580.9452  514.29285 530.95044 566.1806  427.0052
 465.128   522.1301  463.18158 556.8425  486.6552  544.27405 512.0514
 501.1119  555.66174 521.4577  602.8158  469.39352 526.4268  527.3105
 500.4574  488.33035 825.79767 557.3092  609.5763  502.54208 523.9153
 471.30054 505.48822 552.5951  470.82285 614.18915 595.13446 589.7105
 537.7291  451.16788 670.12524 511.89148 452.52838 561.47815 543.8482
 541.72266 358.76425 326.75644 505.26364 593.0486  491.45483 492.58395
 673.8028  565.0772  418.26346 604.20465 522.89453 628.8952  619.9272
 435.6129  571.74744 503.03256 515.5383  519.1029  463.10602 506.3511
 528.13525 530.55646 701.1636  394.1245  481.40213 448.95587 189.89583
 500.58923 615.51874 592.90845 565.08295 455.93268 646.3358  594.4122
 403.15268 569.9227  549.32336 452.9676  534.8333  522.2922  610.6046
 504.78125 546.8309  533.88306 555.6023  524.1759  587.21063 439.99524
 520.4743  446.83795 489.9124  451.18362 532.77295 569.28345 615.47217
 477.39133 463.03793 404.68518 602.6939  506.47083 528.9833  364.5691
 493.17844 486.69745 385.9796  538.9627  531.6487  476.27054 523.83386
 549.4303  516.75885 544.88184 606.7596  520.7352  443.37885 524.85815
 439.76572 449.942   588.7191  429.92334 427.03604 561.3305  426.88327
 424.68552 449.36642 454.39114 429.2798  362.33362 595.0077  563.0163
 504.23633 377.94986 406.29703 531.3386  568.18463 555.12445 592.70905
 575.06995 470.50372 541.7507  415.60687 576.7603  508.9682  458.08575
 539.2157  617.0368  572.2191  560.7197  521.2107  455.30502 461.4427
 559.4228  673.31635 578.0348  556.4229  569.6675  529.35175 587.5873
 509.5416  474.15863 489.70013 525.7031  459.51102 440.27966 542.4436
 541.1116  519.31744 517.9124  603.91486 596.0309  538.12695 464.12756
 494.7349  593.516   624.98663 528.1166  187.86371 600.5797  447.72192
 534.91785 474.6126  610.573   541.7043  505.15137]",[6.9410233 5.8100142 7.4154215 ... 5.879741  5.95333   6.3106184],6.2621474,0.15042821158690176,0.37973353285881484
4,9925,Transformation_Matrix_W,"[[ 0.30981544  0.12135333  0.19647868 ...  1.2939643   0.09993255
  -0.13415673]
 [ 0.3721131   0.7095199   1.1349946  ...  0.41109422 -1.3254334
   0.6118884 ]
 [ 0.05810279  0.13502853  0.14921047 ... -0.40947446 -0.01492403
   1.0096104 ]
 ...
 [ 0.9520217  -0.50574106  0.45724618 ...  0.3813762  -0.45504928
  -0.27371374]
 [-0.4749322   1.7729073  -0.26870838 ...  0.5452968   0.02469002
   0.29045194]
 [ 0.9763097  -0.300697    0.10243919 ... -0.89118814 -0.5243856
   0.10202032]]",,"[550.5839  559.4423  451.62866 451.42474 472.94275 544.723   541.47003
 584.4192  402.92844 464.22382 434.24762 471.424   514.54987 497.0386
 479.3919  443.72705 230.37604 581.005   423.94666 576.46356 404.87073
 451.97794 504.51843 619.8589  449.30347 500.4053  677.45764 491.75006
 485.1892  432.34915 253.98018 436.66742 571.13257 270.17258 546.88074
 488.07736 476.7112  589.68536 458.8446  472.63403 565.17065 540.9885
 530.90265 387.9651  497.4922  498.72873 576.39716 517.2511  529.1029
 506.04916 365.03027 592.6692  459.85452 487.2851  410.10123 525.47925
 598.70337 475.0166  474.08664 531.3634  572.66986 614.1961  434.03568
 512.11487 526.32916 525.96    366.89642 427.7051  468.34534 404.2253
 569.2089  587.3884  485.1715  364.74945 436.5526  480.39148 629.0835
 508.02704 432.60617 615.80664 501.62692 537.14276 443.57477 588.1519
 457.22223 371.18677 615.13184 515.58405 538.73145 436.01163 425.82455
 593.35175 450.36765 542.204   507.60864 547.0117  554.90845 634.3008
 458.51804 443.3651  528.17163 533.79535 394.01593 567.77185 452.09363
 455.0074  600.11993 592.8171  514.84326 439.91306 537.799   497.67902
 419.33246 483.27203 534.5196  464.93118 688.4005  163.24251 503.02545
 487.2711  628.97046 555.078   469.72894 582.8751  442.94638 438.73227
 447.17822 545.10736 229.09294 508.721   506.83957 458.67462 553.2109
 551.8387  527.25635 394.14355 453.01764 536.366   446.24072 472.43777
 464.97803 404.35193 518.7972  426.0348  456.28506 536.87    494.34628
 621.8136  496.26535 491.65775 556.4993  554.05316 584.7875  499.46545
 518.9857  457.68735 515.0393  534.2814  565.2674  510.74487 468.8008
 636.976   616.99414 467.04645 426.92642 439.02655 472.47238 308.9717
 611.3167  526.8977  538.2361  554.8944  614.3591  483.46475 442.1092
 439.47516 622.8698  506.74402 499.99863 578.0204  452.19922 506.9712
 469.58972 499.96744 453.55096 281.82437 562.24915 586.69354 511.15964
 521.5946  493.0404  466.8813  486.69998 411.54642 656.1982  634.0843
 438.6124  386.6896  586.3144  527.431   486.68277 647.8868  549.75226
 557.423   389.2099  517.0385  501.4432  518.3201  669.78424 520.01587
 369.8877  544.96124 375.72305 523.1049  466.281   520.4512  377.09732
 437.56616 512.514   520.48553 498.07678 426.94482 261.33032 381.8062
 536.5472  590.5268  508.34073 631.2875  559.9282  490.52942 569.9654
 638.53345 402.82767 499.47565 426.6235  547.74304 461.01135 503.01413
 532.58777 623.60645 532.7762  536.614   615.1616  455.5602  503.71054
 404.44354 477.61166 504.4888  528.97217 540.88477 489.68686 578.3702
 519.434   491.72546 537.4846  208.75803 404.9311  389.8945  444.73395
 588.9393  449.93854 494.3006  431.37823 514.6335  672.5801  531.9259
 506.7616  545.65704 458.93417 582.07806 628.3209  598.5184  525.10144
 363.36533 511.45435 436.3197  512.07196 467.72333 523.4669  434.3082
 446.72983 566.4518  448.00153 429.31506 579.4783  537.8834  493.03516
 548.3813  544.5119  592.9679  516.90216 502.79242 468.51733 514.96875
 499.2072  576.0651  369.61832 522.7891  514.73096 456.93814 468.10022
 670.9108  556.77954 557.6993  462.17703 522.25256 540.7488  484.35007
 616.8073  352.88474 542.8752  515.34546 493.0119  486.86108 454.34363
 512.991   508.9756  572.80566 523.8626  405.02823 495.56577 509.72235
 530.5309  512.83276 515.9045  553.2624  466.11346 494.82532 452.8498
 518.33563 456.84195 506.57947 618.74634 486.56107 517.1607  433.34286
 388.7236  539.59595 555.7298  461.4712  575.09863 191.40396 574.60236
 522.8592  398.7532  666.52905 513.4267  484.7369  453.08496 543.56665
 418.24493 494.3631  458.24295 443.89462 518.8456  477.4494  533.91
 500.1541  560.84033 534.71655 509.8463  477.11145 538.1791  527.9674
 623.3606  530.92535 524.01904 529.29474 432.72455 411.22458 617.2752
 532.7334  602.198   533.83746 463.2353  503.9384  472.35016 475.02234
 516.8718  736.78577 499.6478  469.59097 557.13293 498.235   481.6621
 181.69017 429.48508 470.2435  549.7113  506.7624  526.12286 449.90515
 490.67902 449.47296 411.55142 530.60815 530.90186 499.95654 546.68994
 520.55115 592.6273  564.23535 637.94604 585.97095 551.9612  657.82635
 520.99884 574.877   482.1466  471.82504 356.37268 501.6702  601.344
 396.0698  489.9316  525.8343  628.1564  411.09454 508.07016 478.77393
 517.4325  497.26602 546.1188  520.64685 430.56308 579.345   466.8457
 567.24915 281.15018 632.82367 571.68677 496.34064 527.4605  417.9487
 481.0808  598.5775  463.6446  376.61008 511.61426 428.9519  448.89697
 594.4997  455.679   426.7594  433.45612 635.1002  468.91898 485.78693
 499.17258 483.84967 527.4131  601.6611  581.6448  502.16663 575.453
 553.3514  494.20273 521.2319  552.3056  425.84717 501.26465 453.1986
 524.5719  491.25592 388.2014  542.44666 517.51074 603.40967 442.95938
 646.39264 572.16254 308.00894 526.77057 549.08417 552.0248  443.3319
 551.0533  479.47223 544.20746 651.664   520.094   629.2345  558.0811
 480.70978 433.75018 486.42487 618.65265 498.2474  445.40833 466.33038
 563.46173 527.1756  572.20844 506.37598 409.78885 477.55597 566.9809
 468.11273 475.11578 517.6846  441.09476 553.815   479.30026 547.2439
 506.97208 254.62738 536.26263 494.498   405.00504 575.6743  494.22256
 569.94165 412.05853 400.80197 567.75195 550.1428  661.8115  450.49548
 546.13544 520.7447  581.8589  503.81696 502.62238 486.5758  477.91534
 505.96692 537.45746 540.2114  571.5826  522.52673 563.0677  529.8448
 407.10025 545.5767  459.89664 545.3569  536.19165 516.4435  479.786
 460.13013 665.6437  514.8914  514.0444  507.7574  599.31903 544.99884
 440.97845 467.4029  539.1133  476.5036  382.1925  500.53616 458.62885
 502.185   532.3053  487.81424 518.26117 405.3054  542.46045 526.05054
 478.95877 492.88    557.4109  544.508   515.60626 494.3569  526.7772
 497.05447 476.81018 512.9789  438.57782 469.99185 511.06274 487.6063
 562.83936 470.63394 438.12955 310.08282 552.3184  496.2469  475.7366
 551.3378  607.03156 561.2452  497.76505 512.8992  561.50195 406.18692
 450.97192 506.12326 454.38525 537.26324 480.4668  535.3469  493.4548
 482.714   541.0335  506.9036  585.3694  457.22867 518.01587 506.08566
 478.4515  478.56787 806.93726 544.7334  587.0421  489.38937 504.7316
 460.42004 487.9103  537.7202  459.72455 594.3978  579.78217 578.64215
 511.96088 444.0943  650.0982  495.6001  442.15375 544.726   528.31903
 525.5486  308.7102  304.50543 474.76074 574.83466 476.32654 482.22708
 661.6045  542.84845 409.10986 592.5381  500.73126 603.0008  602.98535
 425.10666 553.8702  485.11575 498.98004 509.47772 449.8274  485.70163
 505.73718 519.6859  679.82886 385.458   464.653   439.99725 180.46394
 486.10403 593.9072  574.7207  540.17346 440.99966 631.3378  578.5716
 391.08087 556.9947  532.9819  441.38376 520.1435  508.63953 591.628
 494.65936 532.6872  522.6472  538.2706  503.9526  569.67566 427.82486
 506.98727 428.28372 470.9495  440.5422  515.7143  550.68066 593.78015
 467.75397 449.02078 398.6973  583.6394  483.33603 522.10406 354.70676
 476.98596 475.2263  379.48123 526.2002  517.14703 462.6531  517.51776
 537.7015  503.88577 538.4293  592.16516 503.74417 433.75192 510.94348
 427.10452 435.1162  567.04236 416.7769  412.46365 543.72974 420.11432
 415.86188 437.77603 436.72083 416.52383 347.4194  579.77    547.0878
 488.2161  366.88614 377.0892  523.4165  540.19604 536.32623 573.56805
 558.5494  459.31723 520.2239  403.8059  557.84265 499.2329  440.50824
 525.31744 594.6957  567.5565  533.4686  506.34747 444.81985 452.42902
 544.02075 648.2954  562.81055 531.5577  545.24493 503.21475 572.7943
 504.40738 464.68707 480.33853 510.4637  453.11005 424.06793 526.0723
 526.2786  503.30618 508.79697 574.81793 569.90894 529.9437  446.52225
 476.87085 567.64355 608.1655  511.43588 177.36035 589.7804  441.74374
 515.0445  466.489   599.415   523.29706 489.17697]",[7.1420116 5.8031025 7.45418   ... 5.5598803 6.602302  6.4466276],6.167452,0.19188916876574308,0.41250530479421954
5,9925,Transformation_Matrix_W,"[[ 0.41844353  0.12277651  0.6342497  ...  0.5305074   0.16803876
   0.7115806 ]
 [ 0.19961886 -0.58227396  0.5646334  ... -1.0773062  -0.3473928
   0.34129378]
 [ 0.12355827 -0.7596775  -0.7160688  ... -0.18902682 -0.7966232
   0.256183  ]
 ...
 [ 0.08879708 -0.9473247  -0.45363286 ... -0.15195423 -0.748843
   1.4920676 ]
 [ 0.1414165  -0.09544405 -0.3016061  ... -0.77421737 -0.21205407
   0.24917006]
 [ 0.95397455 -0.21117052 -0.17924021 ... -0.8538739   0.48209807
   0.44696906]]",,"[524.98846 538.1015  433.8914  433.4795  455.1749  521.362   526.8784
 559.2018  385.77475 456.43115 417.49677 447.85254 496.56433 472.83493
 460.74738 409.1816  217.35474 564.24097 410.03632 546.3386  390.93002
 445.14615 481.46814 575.43176 434.25635 485.03513 649.7879  480.36316
 465.87177 414.4584  237.33325 422.4062  542.46216 254.18913 530.428
 472.19736 452.90125 578.5631  434.41846 456.48758 537.5303  517.73267
 503.99203 374.01312 479.1078  476.32578 541.0094  499.23923 503.90918
 477.07684 352.602   560.108   441.74487 460.11862 383.74664 507.70728
 573.05383 453.661   459.39957 520.4904  549.23004 583.31976 418.27405
 479.358   510.26132 513.7261  348.47577 416.82956 452.8521  389.85083
 542.1248  561.34766 474.76364 345.51343 421.71194 464.88583 606.5185
 490.82947 420.45755 582.1617  484.6732  491.27136 434.9913  556.5084
 438.9757  358.73758 578.4398  500.99594 513.76294 416.1466  405.71567
 580.10455 432.56955 517.11743 486.08405 520.84344 523.2932  594.0108
 444.02448 425.13315 510.87033 503.77197 380.07007 536.1476  428.4363
 447.09512 589.7279  569.3595  497.39032 420.356   516.83417 480.38867
 402.64563 466.2294  502.85873 454.80862 664.3202  151.98071 479.4459
 473.64938 608.4419  533.2727  460.94553 555.7411  422.6621  424.8122
 431.90015 526.537   216.2374  492.4609  488.1057  435.16437 530.65594
 523.62177 509.9375  365.65372 438.13806 520.68823 429.21106 457.6349
 443.92587 397.18262 496.74045 410.99622 436.45758 507.9453  472.61694
 595.16345 471.31073 475.15192 526.36646 530.4316  569.81683 472.28064
 492.36212 449.70312 486.05856 511.5505  538.4184  476.35934 450.97122
 615.53265 597.8815  448.155   411.96204 426.8972  447.87863 276.49377
 589.5317  502.55878 515.28796 534.9982  590.43445 453.02542 432.57715
 418.64618 606.99945 483.575   475.66608 546.37897 431.37445 484.96426
 453.74277 472.451   436.89456 269.49432 537.0116  568.001   483.92593
 499.17258 484.30154 444.82147 466.89832 398.46643 634.91235 599.21027
 420.88913 363.4207  555.19244 501.49826 470.27042 617.0909  525.25183
 536.71075 375.60968 500.88815 480.40387 504.20834 640.4796  506.0066
 352.18518 527.56036 342.1072  505.33774 446.71463 494.07776 361.03665
 420.8901  481.87143 507.81332 476.0416  409.64343 246.15732 370.48178
 516.0193  571.0021  487.27103 613.2104  540.4723  472.16385 554.76764
 611.1912  384.5206  487.73566 416.52765 522.71893 442.8638  486.3245
 510.25293 603.02496 521.75775 511.4576  600.9241  442.4901  485.0961
 383.50436 451.51694 479.98373 502.53094 519.4553  462.80643 542.9297
 499.29803 479.42957 515.19946 186.1597  390.73346 367.73032 427.56888
 577.29614 432.10095 483.67575 366.35126 494.17166 646.7508  516.54926
 494.6286  524.41925 441.59927 567.08795 600.6906  575.1889  501.24503
 345.25107 495.43677 419.6789  489.73175 458.32755 498.99677 422.22983
 428.10397 538.2255  425.85733 407.6958  550.95795 516.0637  473.57275
 529.1045  522.68396 569.53107 502.86572 485.55905 446.24393 490.05338
 474.25122 542.24023 354.64456 503.13013 493.0395  434.62442 448.07788
 625.40497 522.3903  542.49274 453.0021  511.60477 519.96185 467.66757
 588.2921  327.75043 527.9115  487.73862 473.99066 466.763   441.27237
 504.84113 491.81866 551.66644 505.39893 383.87543 466.18768 493.96198
 506.61078 501.73734 497.96902 526.0351  452.82443 478.4595  427.47256
 496.75748 439.5883  495.05603 586.84937 459.92685 507.6097  411.38693
 356.57867 518.6373  526.29987 441.9361  555.7019  175.44374 548.9166
 487.24603 360.6002  639.4992  496.27853 469.65958 439.58646 523.64703
 369.33997 481.93765 442.55472 428.1736  496.06683 463.3353  506.0102
 482.68863 538.7199  507.29193 497.3188  454.89807 515.2653  511.9105
 603.81396 508.94678 510.84985 514.69586 413.62982 399.8305  589.6587
 504.70947 568.16455 516.0389  449.49973 484.1764  438.1227  453.4623
 490.58713 704.06866 482.38562 453.2729  540.6382  470.21643 459.8168
 162.27754 417.43054 451.0271  530.5444  483.9078  496.32446 433.08282
 466.0308  427.7569  394.2837  513.12506 502.05643 483.44455 523.6203
 501.0308  566.6345  543.0937  613.2034  562.96045 522.56085 629.94244
 495.39716 555.238   464.4465  458.32608 326.51544 486.5111  578.34717
 382.44162 477.63754 501.7815  612.951   389.74493 484.21198 464.69766
 482.56577 472.66415 529.122   497.61353 398.37042 550.6281  446.87665
 554.0863  271.17676 607.6677  559.5455  482.46506 501.957   389.84756
 455.54465 584.08795 450.9552  364.0048  490.7975  417.01733 429.68747
 571.4409  435.63525 412.85663 426.04202 616.0869  452.75836 462.24686
 478.74454 464.57202 507.485   577.15314 567.17896 482.2079  546.7709
 531.6928  474.3303  500.25677 530.9881  414.1596  480.36325 438.534
 509.78885 463.40695 383.28693 528.2276  504.98795 577.40894 422.6764
 613.2864  541.48816 288.1612  508.63962 528.72076 525.47156 430.4842
 527.5507  465.01892 522.62244 626.7135  503.27786 606.4506  530.26135
 465.75476 376.41815 462.52878 596.05066 482.0654  427.83496 447.4313
 525.02386 498.08286 549.91864 497.74924 382.38885 467.5889  538.1569
 454.29175 455.73944 496.03098 435.63824 535.1227  452.9669  531.6431
 489.60117 245.24329 520.9428  462.88275 384.40234 562.1962  473.0985
 544.6679  390.16095 384.781   545.05896 528.88434 616.2607  441.01453
 531.82404 506.58832 551.8201  481.3504  472.66232 466.37433 454.9823
 490.59625 514.25116 512.2473  545.6535  507.3631  543.7693  507.52972
 391.7872  539.0778  447.14783 516.89624 509.26236 503.7228  460.08585
 439.2568  618.99066 494.3739  503.8471  486.97778 570.5389  515.1151
 425.03503 455.55435 521.9749  464.6735  371.6327  483.77206 447.548
 496.2163  513.60956 468.38278 502.63824 387.37903 523.9311  498.2513
 455.64615 477.136   532.05255 527.3363  488.6282  477.91476 501.90543
 475.41577 457.28506 500.63782 410.50583 450.80872 489.4567  474.98114
 547.6343  451.82687 423.2684  268.535   520.0454  470.43442 456.14746
 525.2553  582.9196  542.4035  462.1129  489.0126  539.7604  396.85196
 432.47812 481.86118 444.43134 522.3127  470.71808 520.22894 463.4486
 452.43353 525.5906  494.46927 556.23346 440.1405  499.53317 478.64487
 450.5205  464.88583 790.50183 519.1323  563.1028  475.19406 487.24588
 450.3072  475.51514 514.26526 439.30905 568.8393  558.91864 554.8459
 490.53412 422.48657 622.6914  475.00525 432.57227 525.6903  509.45856
 508.7345  280.2107  280.16916 455.23172 552.6857  464.4106  469.60147
 635.29694 525.032   388.87173 558.597   477.95447 561.40125 588.1418
 408.40848 539.39124 464.2738  476.27618 485.7477  419.23785 468.90488
 479.78745 506.58145 659.86    360.74228 447.32    426.17023 172.6177
 467.1629  573.23395 547.96893 516.1492  430.83615 595.04285 558.0153
 370.21597 536.09106 506.22437 430.52353 501.10788 491.3365  568.3832
 481.6998  502.5612  505.66446 511.71695 480.0461  549.399   416.1555
 488.36615 395.8452  448.355   428.54852 488.34683 527.87854 565.4263
 456.59784 422.5162  390.19916 547.0917  467.07645 502.30624 342.94778
 455.27042 457.44064 370.2988  510.56232 488.3095  442.47372 485.8134
 520.02783 486.0545  516.87366 565.0539  485.73535 415.26877 489.44614
 417.29785 420.0862  543.28937 398.10098 394.2671  528.2614  403.48615
 403.00397 425.40652 412.6965  404.54416 337.88318 552.1629  526.1885
 470.1614  358.0767  342.63303 493.33466 529.1085  514.6809  557.1613
 537.87036 452.7132  490.99606 392.05505 533.3305  480.732   424.34244
 502.91208 578.0191  541.712   511.45847 497.4735  428.7431  439.68088
 531.90204 620.2384  542.1743  507.45862 515.33765 486.91452 547.9158
 480.1176  448.69168 462.1389  477.1896  439.06403 403.69528 513.22754
 510.69855 483.60983 488.67252 531.4211  547.38245 511.09116 429.5521
 457.18393 560.15466 591.57275 493.51736 162.73251 562.55273 420.5969
 493.17084 456.288   562.54596 498.15332 471.97473]",[6.787268  5.4629827 6.9209175 ... 5.602408  6.219403  6.408749 ],6.0386558,0.24851385390428213,0.4534861724284684
6,9925,Transformation_Matrix_W,"[[ 0.22045255 -0.36724687  0.06073693 ... -0.41090626  0.3821392
  -0.09487875]
 [-0.7236805   0.3006396  -0.12083646 ...  0.02684734  0.26596943
   0.26663172]
 [-0.03010627 -0.10388171  0.34600744 ...  0.0100501  -0.2720749
   0.01477278]
 ...
 [ 0.24181046 -0.0011217  -0.4833342  ...  0.3667248  -0.1195273
   0.06767495]
 [-0.07929849 -0.0628861   0.14036596 ... -0.5861307   0.71914345
   0.174581  ]
 [ 0.00395237  0.07100394  0.18159431 ... -0.24884361  0.37694332
   0.46135646]]",,"[510.97635 521.62146 425.1447  420.2797  441.80835 498.12384 513.90546
 528.8602  379.59317 442.90802 400.75623 420.11514 478.0015  458.1705
 440.49457 388.75793 206.15971 553.7934  391.91586 536.3678  377.14587
 435.62125 475.09476 552.49    425.0193  477.5214  643.00885 461.45483
 459.7979  407.2992  227.46695 405.49728 528.8006  247.96066 520.94763
 462.60004 445.5367  565.7368  425.33917 437.94324 517.08057 509.86008
 492.32016 356.86087 473.48407 465.14832 528.245   484.07788 492.3348
 470.5734  338.58307 534.5188  432.005   441.242   376.0107  488.59952
 552.8871  435.82715 448.89383 509.96133 536.62976 565.4759  400.3196
 467.7032  496.62537 503.5625  343.81543 401.6963  434.7118  375.44742
 527.25507 543.35144 470.9265  333.33368 414.11526 451.0197  599.4582
 474.6389  412.1821  555.57104 469.29193 452.99387 425.66547 527.9317
 433.4392  351.0956  549.93616 482.6076  497.43216 409.59854 390.4111
 559.18475 425.14035 492.06317 475.32434 505.19006 513.16583 571.878
 430.24747 421.05084 487.98633 492.74567 368.38083 513.74146 423.6052
 438.39938 568.2659  555.9836  483.53647 409.2005  494.49872 468.3499
 391.4296  453.05334 482.909   446.93665 635.59076 141.73645 467.6554
 455.718   581.76855 526.50726 456.695   534.75684 418.43488 410.99408
 429.3304  512.70245 206.16356 485.54953 483.99435 419.62595 504.18658
 517.9151  497.50693 362.36844 425.0706  503.2589  416.60104 445.3703
 433.8239  389.56677 480.80832 399.97012 422.44818 493.78336 460.16656
 581.2283  459.06738 461.40613 516.43195 508.91483 568.2507  454.08463
 473.0682  432.7746  468.3955  498.4267  514.81006 443.37234 441.99493
 600.32733 577.1128  435.64304 399.4575  417.31763 430.39218 261.3918
 574.8255  497.04956 499.27994 515.7984  564.4688  431.9678  418.28027
 394.4752  576.80316 476.4588  466.02576 531.9055  426.77698 476.8062
 438.3619  469.27426 431.50272 261.2581  519.8007  549.19635 457.95987
 484.51132 464.04712 434.9049  456.156   386.05746 620.42957 587.47626
 415.23053 363.06885 542.1332  484.88034 463.5567  599.5912  503.06244
 518.42474 365.70132 492.09497 457.94928 491.09424 628.32007 497.9301
 330.431   514.2159  339.87424 492.21213 433.02832 479.82846 350.59134
 411.13248 483.5851  495.39508 454.09396 404.7885  237.30237 358.69302
 487.0435  543.25275 474.13104 598.37634 525.93616 463.71045 537.241
 597.0241  367.67728 478.61365 409.39246 512.3143  430.5549  476.87277
 498.00977 574.9482  496.8719  504.0793  576.0486  431.7227  469.75974
 370.6574  451.4451  470.5044  495.6387  503.61252 460.13992 522.40515
 494.46008 467.6184  492.0312  168.12062 376.2913  360.72452 422.20242
 566.3504  418.69595 477.12073 328.52402 474.2055  628.83234 507.45947
 478.53708 510.97864 436.70074 552.83545 589.6666  570.34045 492.1866
 329.90186 484.34393 408.24753 481.291   453.32965 478.44507 418.99792
 418.2176  521.3946  415.01346 396.88876 528.59625 507.53522 462.95367
 516.10114 505.54367 550.7338  488.0597  465.80927 433.07022 484.00427
 470.8309  531.7387  344.37418 492.42978 475.91937 430.23312 438.99796
 599.45325 515.19366 527.8628  438.1504  506.47583 507.56006 459.24802
 563.50824 313.50085 511.06683 478.88354 467.42078 455.404   436.06265
 495.2467  482.1182  529.3079  479.80725 378.64026 451.44727 474.2312
 495.7329  488.2764  498.64624 500.8715  443.36893 467.14816 415.16647
 481.05786 441.53894 480.68744 566.9779  457.72903 496.89072 384.42627
 337.63647 507.86954 514.85364 428.12817 537.8978  166.88312 531.0929
 476.54886 327.0045  611.2001  475.56674 460.09787 428.04733 514.3533
 343.37094 468.0766  434.04956 429.95154 479.09875 451.96005 485.58826
 471.77362 534.8929  471.10333 489.96802 442.46265 501.15384 502.86835
 581.8168  489.9644  489.35852 491.33157 405.44696 396.96103 575.84985
 482.94028 542.6567  505.68265 441.9432  465.383   415.56635 438.89938
 467.0476  682.57947 464.09738 440.03012 526.6142  456.44574 442.9959
 153.35359 405.0068  429.26837 519.7087  469.8934  468.9034  414.42206
 446.27972 418.11758 384.91107 498.58813 492.74442 466.0774  517.0196
 491.62732 542.7706  530.8939  592.2912  546.8273  514.88824 623.0723
 484.38443 552.07367 458.89963 450.4784  303.88776 483.80515 564.2908
 369.62885 455.7045  494.95532 601.22327 372.46548 469.65866 447.82114
 470.49106 459.5571  507.4894  476.4887  383.611   537.61536 436.72375
 538.24255 258.18936 589.0157  549.2064  470.20236 490.8062  362.7737
 445.77643 560.7133  441.16672 361.88028 488.39908 407.5983  426.80774
 539.99536 420.4155  399.50336 414.82083 598.2605  443.80136 454.00644
 456.21854 460.48227 500.47604 560.3964  554.97296 467.67453 515.38794
 513.8169  455.50458 481.5993  518.243   393.35843 458.044   425.1717
 488.7279  447.22305 380.46567 495.14362 491.9806  559.93835 404.31763
 602.4267  523.72894 279.7682  489.33243 515.7831  514.6082  424.23535
 521.00183 449.47635 505.17416 605.8544  488.74277 590.4367  510.70767
 445.34207 336.14398 435.6887  574.1221  459.0049  417.92252 426.49167
 506.59195 470.24753 535.6954  480.86774 363.24515 457.57822 528.2202
 446.898   443.51276 488.07108 426.73285 523.6657  442.41837 519.89764
 479.54404 241.27339 503.19382 451.5071  371.64783 547.39355 475.54395
 527.8438  372.52118 370.8673  528.2751  515.62604 591.42285 429.93753
 522.95984 496.86618 523.3654  457.86865 459.16187 455.81213 444.67694
 466.388   496.90854 501.42297 530.70184 488.6764  535.29596 499.93726
 380.55225 523.8787  436.66068 498.99292 492.27518 495.19302 455.74243
 432.1638  596.6529  476.69864 489.75494 473.16608 559.2976  503.4637
 404.27438 443.4618  519.9284  449.4785  360.60156 473.2899  437.28308
 482.04163 505.69724 451.06714 492.07123 379.499   514.7478  462.23416
 444.13293 459.87137 525.07    519.69543 474.43723 458.7288  485.66837
 458.81772 451.57867 481.7076  391.32208 445.7167  480.92892 459.20398
 531.58167 446.04404 413.81738 250.59518 507.96097 448.80936 441.55536
 510.6376  564.9106  536.80194 447.9477  467.97647 524.5648  387.5726
 416.29596 472.2197  427.264   505.97583 455.59604 517.0925  451.10394
 441.72232 513.2618  486.49487 543.0646  429.4874  480.79248 468.4538
 442.9865  451.16794 777.3391  505.4872  541.51843 468.62558 479.1347
 441.55978 461.40457 497.30383 426.97067 554.1449  543.61914 530.89716
 477.3912  415.2358  608.58325 460.2927  429.1014  506.01398 495.75674
 499.0736  265.44763 258.22623 439.0294  539.6562  452.35175 447.4711
 621.25354 515.3071  379.95673 536.7801  466.25882 538.8307  568.64136
 398.85742 521.6883  456.01187 470.1397  469.46313 414.4965  459.17548
 470.10196 487.78967 634.7825  352.8171  437.48956 411.5397  170.5606
 458.36987 562.9602  543.54614 495.34012 417.651   575.76855 527.15784
 365.5635  522.28577 490.61063 411.8988  479.5807  482.10733 546.7732
 471.91403 500.4665  505.66385 502.0891  467.69403 531.988   398.34897
 467.5056  377.6311  433.35916 420.8096  480.4205  497.73917 550.0509
 449.21805 411.69516 386.18732 523.6486  458.90167 493.78488 336.54523
 433.56845 450.71292 361.21732 492.0245  478.45502 429.89017 473.8259
 501.29688 468.82196 512.7679  539.77673 469.79816 400.4862  478.26218
 413.7435  417.23026 526.07837 383.25717 384.92783 519.0743  386.233
 380.7916  414.00406 400.6313  393.8883  331.34854 541.5145  527.3457
 455.3543  343.17685 326.7503  472.67365 509.88135 498.6701  537.3804
 527.9189  432.60953 478.44907 391.10123 506.2415  471.50446 417.19406
 490.36444 568.75745 530.56396 502.4592  484.51038 419.29602 437.74335
 516.6487  602.44476 519.3896  487.0913  501.4738  474.9752  533.787
 479.32715 437.02847 447.9984  465.46964 423.7952  395.65222 496.49384
 495.8949  471.39322 472.70792 501.03638 534.71576 497.53738 420.2794
 445.77872 545.62305 569.9402  485.0431  153.73586 550.419   413.12698
 476.4584  447.93875 554.34326 475.2171  454.9382 ]",[6.656139  5.5864363 7.016746  ... 5.5942707 6.2578096 6.26739  ],5.949241,0.2792443324937028,0.47982218938241816
7,9925,Transformation_Matrix_W,"[[ 0.09018186 -0.58975834 -0.2869358  ... -0.14109296  0.0330549
   0.10663635]
 [-0.04508273 -0.07479598  0.13473432 ... -0.2616535  -0.05150244
   0.04639744]
 [ 0.0426361   0.13113233  0.30565944 ... -0.19991376 -0.37384215
  -0.3234072 ]
 ...
 [ 0.12576698  0.00872467  0.01550592 ...  0.26959997 -0.12476621
   0.26143414]
 [ 0.3078025  -0.16130236  0.15002853 ... -0.16933388  0.36326396
  -0.24196568]
 [-0.10666317  0.08140075 -0.06014857 ... -0.13159522  0.05400189
   0.40006173]]",,"[487.62643 495.24158 421.24908 412.419   438.08698 479.95926 496.12543
 513.0246  357.2234  434.45496 383.82996 419.40173 470.8152  446.37927
 437.5297  359.01526 198.42793 538.7593  381.79623 517.9031  370.5342
 431.47073 465.8737  523.8479  418.8096  475.90167 616.53644 447.7437
 445.661   399.48672 215.31152 396.44766 515.70306 241.47755 509.99084
 457.8753  426.5129  551.60565 414.3893  424.5728  498.97107 502.12515
 468.81372 349.272   457.88766 468.78735 507.40118 473.09677 478.3014
 457.679   326.25186 526.42267 421.65442 428.52057 362.78177 486.51202
 530.11847 419.9809  445.34583 497.48    528.47833 554.9141  384.75388
 457.9679  488.1677  492.25342 329.6371  394.11557 421.71375 365.16
 509.59247 539.6704  457.0817  325.5729  401.44028 444.09943 589.0674
 463.36362 399.64996 537.1406  457.9219  438.292   420.2901  518.0748
 417.2974  347.3878  522.41876 474.93106 482.92545 392.89322 380.96344
 551.87115 413.80975 477.1193  461.52783 489.01184 492.34775 550.76385
 413.66232 409.90863 478.77707 480.7639  361.0459  494.47235 395.69287
 427.08475 553.18445 532.819   471.64258 399.41248 474.64728 453.48715
 373.85977 438.63696 461.04114 434.13672 618.6309  137.27237 462.7198
 437.8438  564.8695  505.61453 448.16534 534.51215 409.62885 399.12082
 415.05087 496.4952  199.6765  482.03412 477.23953 403.8602  486.5273
 508.27353 468.36694 345.8102  424.77026 487.7763  411.18454 429.0883
 427.65518 389.8518  457.89862 394.3086  418.60635 474.0918  441.75757
 558.87427 432.5531  450.96518 499.60126 497.07388 554.0177  437.76172
 460.61728 419.71497 458.00467 471.544   500.4906  430.24124 432.52225
 579.0522  564.2061  411.68246 393.51315 409.11798 416.9415  250.01996
 559.54877 478.03122 492.87466 506.327   539.0417  406.86462 413.79025
 375.4639  561.0678  466.8919  459.50888 521.6932  418.45465 469.55338
 426.96423 454.68182 417.46307 252.1738  508.61383 537.7678  443.33945
 480.92548 448.3692  422.2846  446.86325 372.5347  594.0938  573.04663
 415.8902  352.03397 515.83105 486.3116  452.84213 562.6388  497.04184
 500.95126 357.75638 475.31775 446.51416 486.61206 614.4917  482.5452
 326.77176 497.64648 331.88373 477.49966 427.00604 469.48166 346.9602
 404.08377 463.9906  489.17053 439.24146 392.31326 231.28357 351.2089
 478.4689  523.0906  470.58633 579.9126  516.7625  454.01135 523.4684
 570.27515 345.79688 473.17618 411.47357 498.38947 420.22705 467.77893
 487.71774 566.8937  479.48447 484.86102 560.8764  421.45728 456.1267
 363.7487  437.98898 460.57733 479.81595 501.82547 446.39282 504.93643
 478.80777 460.0439  491.0855  156.03136 365.78748 337.4326  421.92957
 557.8266  421.1894  460.22147 290.87653 470.5164  619.84015 486.9831
 469.5107  497.0392  425.95297 531.26385 561.7273  549.8887  480.26227
 325.892   473.23456 397.36188 467.27832 448.64792 466.51007 410.25702
 403.53583 512.2654  409.47067 382.5117  525.89813 491.83392 453.84006
 494.51987 482.11386 531.4868  470.6877  458.37274 413.69513 479.28186
 453.51483 508.16998 345.59122 486.1442  464.27866 411.81287 433.55576
 575.5658  498.74246 521.5003  420.51587 491.53845 494.24005 444.34564
 545.0639  297.37393 503.6489  464.9177  461.68204 445.88562 424.27106
 484.73868 473.07993 526.3118  474.42685 372.07294 435.6742  471.70148
 487.6838  470.45212 480.9466  485.03445 426.17776 452.1107  405.743
 474.3564  426.99487 470.7443  543.2473  448.1613  489.25912 371.63663
 323.3306  497.38382 499.52875 406.65842 533.5049  160.8502  531.69824
 458.37427 308.79257 576.252   467.98224 456.11124 419.9446  502.21915
 319.2131  466.1307  430.07828 415.3522  474.8806  436.758   472.01486
 456.41537 528.09796 455.44727 484.32016 440.51062 495.50272 489.24368
 569.2025  474.03116 487.29205 474.9478  394.96295 388.47437 540.87213
 468.35663 527.1496  495.08322 437.07013 465.7647  409.4411  435.66498
 445.98642 663.16626 461.5294  434.89108 525.85236 433.06378 433.86432
 147.26407 393.08557 413.26608 502.36774 466.26486 457.2092  416.51602
 426.226   401.58295 382.31027 494.9091  474.80106 462.8878  494.25244
 473.7945  534.108   526.32153 579.3952  525.8002  486.42838 601.55945
 480.02643 538.0761  447.05438 445.96127 286.33804 471.0153  543.0882
 359.62512 449.5667  475.3192  589.0955  360.36716 447.55844 434.23227
 458.55115 444.4145  499.64166 474.15933 363.45807 516.6526  420.9461
 525.00916 249.44353 576.47363 540.71875 457.54254 481.32455 354.46384
 434.91022 546.4191  435.12634 354.7483  477.04474 398.52756 412.89368
 518.7106  409.74475 391.404   405.0028  564.6228  429.38095 448.2912
 454.4995  457.49777 497.24164 546.6972  536.219   456.85095 494.45593
 505.25787 439.78638 481.603   508.14203 381.36456 448.94708 416.9742
 482.07172 441.13654 371.58347 485.77972 464.24597 533.64417 400.9323
 585.5634  502.04926 274.7894  479.47086 505.28442 498.32547 414.75137
 510.91647 439.07877 487.3736  594.6901  470.67715 573.42926 501.44348
 439.90323 304.00232 416.9047  563.5263  456.42462 410.32108 410.1569
 494.0104  462.50266 517.81525 465.5162  347.4682  453.64053 514.9281
 435.52142 426.85822 473.2548  413.0118  519.05035 430.92715 492.46756
 473.84613 233.79153 483.39383 428.9625  356.4353  527.64374 456.50162
 520.72174 361.77798 364.55896 528.7912  504.5761  584.84393 415.73672
 512.29724 480.4074  510.618   455.07733 438.58182 441.26462 431.80206
 454.26028 491.1332  476.38596 507.72495 475.34668 518.8813  485.5232
 373.85815 515.09454 422.9174  480.98975 476.71515 487.94937 447.45886
 427.02393 580.1041  460.37872 480.2978  448.05148 542.8493  476.5835
 391.9095  436.3632  503.71344 437.2929  356.9638  458.20654 422.8965
 469.36996 495.9051  448.5594  485.13635 365.79028 495.21906 456.18973
 431.0363  453.7121  510.4301  502.14694 462.55716 452.83902 481.14108
 442.83356 441.3167  478.72427 360.23874 427.9819  474.57886 444.9739
 526.35547 437.30615 405.21127 227.35513 507.94788 421.69202 434.5396
 498.66333 548.9039  524.71686 428.00122 450.89648 516.37537 377.36838
 405.36404 444.883   423.73013 493.30576 444.3738  499.50278 433.6695
 430.04535 505.6631  473.8983  518.40283 425.19815 469.06396 456.1948
 433.63943 441.7892  768.75275 495.4317  529.6229  453.73544 466.1028
 430.4201  445.47604 485.21188 414.6188  539.4045  521.94104 513.23987
 466.48157 405.65787 598.4135  451.53113 413.91504 481.79434 487.84186
 483.76157 248.64825 249.17621 433.2971  526.9304  440.87875 442.90057
 605.8956  512.09534 372.65762 513.0655  452.14334 527.27704 552.32544
 389.51666 512.8401  435.4385  448.32782 449.5615  400.38467 444.86603
 458.8589  476.092   620.6652  347.83237 423.7216  410.65958 166.73393
 456.37283 543.67834 527.95447 480.92703 408.84213 565.7123  511.34766
 348.3095  504.59488 485.71973 404.8059  468.35672 473.2945  513.5645
 459.44656 481.59708 487.54782 486.20447 462.5491  521.9484  394.2932
 459.39606 360.57965 428.27374 419.76825 461.41965 486.88702 528.8722
 441.70862 398.3427  373.9943  513.8118  442.31808 481.94977 330.57736
 423.6855  440.06512 354.9225  482.32645 468.39172 425.142   464.5544
 492.70627 452.55505 484.45154 523.04114 451.34488 389.9613  467.39954
 408.09747 406.80798 510.48438 372.55972 375.65845 510.8902  373.6256
 369.67773 401.715   393.1876  385.69727 322.98666 516.55646 512.60406
 442.96124 340.39404 297.64618 468.86285 492.43408 482.45944 519.02435
 510.86594 432.90665 464.8381  378.78558 496.8148  473.4964  399.59735
 470.73398 556.9682  519.72656 486.00238 462.59634 408.33856 424.37146
 490.4302  581.5805  514.38165 482.03705 493.6583  455.10342 508.76517
 466.73685 425.6379  444.30905 452.00418 413.99194 390.637   486.92065
 486.89136 448.46484 459.69894 477.71918 502.06644 491.93845 407.03854
 429.14047 538.1497  555.00995 477.0042  146.39139 541.0281  404.11502
 469.66867 436.592   526.67676 444.5398  447.79578]",[6.629795  5.6553955 6.767325  ... 5.087259  5.8796816 6.202662 ],5.8670206,0.308463476070529,0.5034470412508851
8,9925,Transformation_Matrix_W,"[[ 0.40285295 -0.19404571 -0.04055839 ... -0.32632473 -0.06759076
  -0.06795009]
 [-0.15494812  0.2226973  -0.12377243 ...  0.231861   -0.12081569
   0.06392299]
 [ 0.06485236 -0.08003794  0.1859561  ...  0.02019948 -0.42378888
  -0.08521537]
 ...
 [-0.08403035  0.130978   -0.06607629 ...  0.14476822 -0.3095173
   0.03925855]
 [-0.05862128 -0.08556587 -0.02048212 ...  0.02790942  0.3898811
   0.01639746]
 [ 0.1180366  -0.04254165 -0.01509609 ...  0.23596042  0.03178989
   0.5423126 ]]",,"[444.72488 457.26712 387.96283 388.06442 402.55368 430.25754 452.37662
 462.75287 327.83704 399.19202 358.5142  374.83752 419.01642 401.2334
 396.37997 313.7732  176.72116 498.6081  345.31125 482.60257 336.9304
 400.96957 437.95447 465.62744 378.0632  428.92276 550.2365  418.81802
 408.52112 361.07733 197.66908 365.58014 465.94815 221.8777  464.7253
 416.20038 395.944   505.04642 380.18494 379.68625 456.7618  465.04208
 425.1312  320.06564 420.043   426.35815 462.41885 426.30283 439.66708
 419.137   292.7551  472.9826  388.1383  382.76434 330.71603 440.37375
 492.02148 372.1545  406.72043 449.15405 491.24854 489.03418 358.9133
 411.84058 460.8073  457.47507 300.2766  369.52414 392.7293  340.2142
 460.1077  500.8454  425.59644 296.6021  369.79688 403.66064 543.97595
 411.3332  366.74356 490.7486  423.32065 385.4642  384.15002 463.0762
 371.5734  320.19827 474.30637 430.85886 436.66235 356.26843 340.41446
 508.33966 389.56183 428.35153 414.27368 451.58325 438.07877 501.13437
 389.28705 375.3003  445.33383 442.79492 338.1877  450.31818 367.2939
 396.1108  495.83002 472.27203 434.12686 370.4721  427.78268 423.31442
 346.10236 393.8082  432.608   400.1842  581.728   130.66824 430.70615
 403.79935 519.1154  468.48032 410.06934 482.95273 370.2674  363.85455
 384.5508  440.27127 175.8646  436.2386  446.1454  366.0472  447.77176
 466.4371  428.67923 319.2977  394.4688  448.6066  374.00067 389.9003
 398.8776  361.20627 420.23682 363.40335 382.1718  427.7145  407.4572
 524.9473  397.74496 420.97858 446.6137  449.1891  507.08563 400.17294
 420.7118  397.88522 410.71387 429.58298 450.2914  364.5716  392.419
 525.408   514.71936 377.05484 366.27878 370.50555 369.26443 215.59998
 499.9274  420.58478 452.69412 461.01492 491.68744 363.92157 378.73672
 335.5466  491.90552 437.48553 413.97253 473.45627 383.8304  433.6274
 384.28476 423.8163  382.5385  228.43562 452.23215 481.386   399.628
 437.90875 405.0859  387.78223 416.2836  342.72034 543.49713 517.6919
 376.87625 321.4707  455.99396 439.8296  419.96252 494.10007 455.0558
 448.24127 328.49274 435.4191  403.89392 449.32956 533.6931  446.58893
 300.71106 470.99084 299.34323 422.66248 391.23584 422.81406 314.4334
 369.5079  426.86414 449.9355  395.4968  371.62906 212.64041 323.9496
 439.41223 473.89368 437.2649  526.12683 472.21222 416.30014 484.43607
 521.649   313.40417 436.2001  376.48608 459.7016  384.22592 426.4965
 439.62378 501.79584 420.42688 442.42548 506.87662 387.85938 415.3199
 328.58545 408.8354  423.04623 439.29236 459.27997 415.5528  470.1457
 445.9662  427.4546  453.64786 135.62527 333.4541  299.91495 385.71298
 519.0367  381.34357 420.32047 235.73003 429.43134 573.99036 444.41754
 425.37686 468.4732  391.67532 492.48752 504.84048 494.8211  439.46436
 291.39902 428.88684 374.06433 428.46844 418.66928 420.93106 375.92102
 374.14145 469.1895  375.24686 342.15536 470.52896 450.95798 423.63986
 445.97156 428.9647  485.76315 431.97507 406.89136 381.9488  443.41824
 420.4212  462.82617 322.074   441.9557  418.03186 382.4422  394.2264
 508.3909  444.4298  474.64078 387.88297 443.28656 448.5372  410.48996
 479.43716 264.43027 462.82516 418.04715 415.80597 407.15378 403.2231
 447.56027 443.00082 476.53543 429.8572  340.18964 411.1223  422.31912
 446.52786 440.16028 443.39645 431.25717 400.3073  423.3135  371.22906
 436.79108 392.90417 446.66214 498.02832 421.48868 445.6412  340.00598
 284.5327  457.77972 450.56314 370.68823 483.23016 147.27928 486.74335
 412.2887  263.9516  529.093   423.51068 412.3688  386.3412  467.20462
 271.0963  432.89398 405.30386 382.02557 436.9866  408.71902 419.77548
 419.82272 478.49634 400.2143  449.61087 397.16513 454.74704 443.82236
 510.23892 436.62347 447.6873  435.48935 363.60913 360.48013 500.0228
 426.5068  465.9523  456.35138 400.47147 424.53    350.6467  390.49673
 396.54788 595.85    423.49313 403.23807 481.4104  388.4655  390.86542
 131.23587 354.60117 363.70694 466.35132 419.48334 403.9887  375.82123
 391.20026 370.28787 349.6312  449.59067 429.41925 427.96472 451.29202
 442.7459  487.08798 481.44202 519.6225  487.38712 443.47263 542.1066
 436.0785  507.25827 408.7371  419.93738 249.81702 430.80597 487.8382
 321.4884  411.23856 441.78552 528.7308  329.3995  412.08414 397.94977
 405.47275 410.7303  473.4596  423.1924  317.3537  476.88394 385.80948
 483.78003 224.0984  514.9571  499.87878 421.54553 440.0644  314.02478
 394.66888 501.37585 403.55637 323.00513 447.78635 361.1338  376.49258
 484.0403  361.80826 365.648   377.86478 499.1881  391.42935 407.31204
 405.05386 417.08392 440.97113 479.983   496.13675 431.77258 426.1246
 458.85007 387.73355 447.842   465.85687 351.28812 419.29816 386.56308
 437.94147 390.72653 346.62823 455.25412 427.69913 486.35022 374.09357
 522.8391  448.89005 252.66156 428.37073 457.75894 450.98505 390.2294
 473.7442  404.15103 430.47824 536.10156 436.41202 526.8899  465.77588
 404.39954 254.57434 362.93692 510.80023 412.1394  369.64713 368.34503
 447.19815 406.4399  469.34195 433.10083 314.09625 417.69318 470.71884
 407.7673  374.6741  436.90576 389.62067 486.8681  388.32736 467.91867
 435.27954 209.41179 454.24658 399.16852 315.4838  499.1677  425.7262
 465.36765 331.25165 343.40976 475.76517 460.95117 526.1202  374.51154
 468.36346 438.98428 451.11108 416.8703  391.3801  409.32956 397.613
 415.7439  453.22516 438.7799  470.41043 440.08353 477.0214  451.28424
 342.7255  476.33548 383.52823 437.89307 442.03503 452.98126 411.1208
 392.88614 524.284   417.77826 446.2494  416.37177 477.47964 435.5567
 352.36826 402.77286 466.10397 410.17493 336.5707  426.248   389.50504
 429.64148 466.48648 412.0214  444.15576 337.68277 459.702   417.04956
 398.42398 397.42633 467.2599  446.52637 418.9792  408.78485 439.2516
 408.2852  399.60822 440.2336  322.7947  387.82425 439.6084  409.54483
 489.5837  401.3993  373.89102 194.24094 470.4439  384.46817 390.26382
 454.85895 493.95474 480.0031  384.5408  398.15744 476.99747 346.48764
 381.62662 406.99213 393.41135 452.08636 414.2133  458.56448 382.71576
 399.929   467.6215  450.02142 463.04984 384.6557  432.94876 421.69235
 397.86484 408.81467 732.1591  452.6148  474.2455  411.52826 428.36462
 408.8894  404.73645 432.0269  380.44934 481.54974 471.7898  474.12543
 433.31683 378.964   536.1397  414.59363 378.30182 439.23544 454.91382
 446.21118 216.09846 221.15797 402.27972 472.99655 409.39542 410.62134
 555.0055  476.29483 341.76996 462.57523 404.6645  471.64792 500.74155
 364.23346 464.80725 398.86392 423.05548 408.43774 364.7204  407.87192
 418.9565  440.19077 553.7088  316.73087 389.54456 380.72705 155.22983
 410.80658 488.94238 469.72644 431.77576 373.12335 493.83884 457.3072
 322.31274 462.48087 445.4284  365.6274  424.2759  437.7192  467.71255
 427.77982 436.16336 457.1678  449.43002 424.02243 477.16263 359.92123
 415.7224  324.44507 404.90015 384.0002  417.32227 435.88702 473.21133
 409.19043 370.261   349.0117  463.44257 405.49753 449.4673  314.59946
 394.2773  417.7581  328.61124 457.43784 423.04364 393.63022 420.45996
 443.41187 408.12424 458.24402 477.99396 418.7865  358.12418 433.33444
 383.46597 369.4568  468.02872 335.66284 348.76797 475.75018 333.6826
 344.55533 371.03757 357.4121  354.02365 300.8641  465.69562 475.12668
 411.41553 314.0983  257.6138  428.96872 464.36334 436.37296 473.19748
 474.7643  397.24722 426.7677  346.81613 451.9632  431.85477 369.59772
 426.28705 507.75415 473.1363  439.319   428.332   377.47888 391.98434
 437.7072  521.9115  477.39032 445.34515 442.95743 414.2895  479.44183
 426.7038  392.50156 405.64713 405.60596 375.92645 341.79385 446.72617
 447.94678 425.462   432.6817  421.5147  458.40173 452.04077 372.22647
 386.88867 483.78003 500.73087 432.81705 130.65729 485.51944 376.9547
 418.73288 405.53836 468.26593 414.3411  413.34354]",[6.0575027 4.972742  5.872427  ... 5.338479  6.065864  6.190245 ],5.600653,0.39360201511335013,0.5699937012034597
9,9925,Transformation_Matrix_W,"[[ 0.38939083 -0.20080562 -0.02869465 ...  0.03160238  0.03367377
   0.04882454]
 [-0.04010949  0.4167277   0.00834804 ...  0.12750174 -0.15368833
  -0.15380342]
 [ 0.07841121  0.00339135  0.32851902 ...  0.16981584 -0.12467614
  -0.02136184]
 ...
 [ 0.12432418 -0.10987766  0.15677257 ...  0.43550068 -0.05380661
   0.06150184]
 [-0.10505218 -0.1301985  -0.17766634 ... -0.04178232  0.55981493
   0.06352638]
 [ 0.05399987  0.04609567 -0.06370405 ...  0.01816776 -0.05957663
   0.55828315]]",,"[361.85376  367.26727  316.12665  318.0752   327.84222  357.8669
 362.50613  375.36893  271.4938   333.7119   294.4733   311.45224
 346.23682  316.4224   310.22995  253.26688  145.4619   398.27377
 287.41608  398.61862  279.1938   337.67734  349.65106  374.8289
 312.9507   362.91293  431.81186  342.67288  334.2025   306.0149
 160.62453  305.0766   359.5126   179.21881  392.3829   332.7493
 334.40723  394.2194   328.9733   311.1982   378.25842  392.85538
 357.9766   269.2925   350.93256  335.38113  372.34448  329.05127
 356.55493  352.50677  232.95012  395.99957  309.41742  312.68704
 283.15274  358.9015   403.1487   297.0229   335.13266  361.77896
 415.79218  396.17496  294.02054  325.4051   366.05917  384.57483
 246.54572  307.48895  327.73148  270.8348   362.4077   413.2019
 359.679    238.2224   300.00827  332.9535   431.72797  336.3066
 302.22226  387.04788  347.88492  302.4669   321.46024  354.86322
 305.74277  270.2487   367.12253  346.99338  347.4302   282.69342
 288.51904  389.41196  320.82764  347.5368   327.8293   360.33566
 346.94888  417.34393  305.76706  300.54156  364.38556  355.1961
 277.9548   372.1737   303.4019   321.93207  387.55756  372.82745
 357.21466  313.78296  355.42795  349.60773  287.93607  329.0864
 357.33926  332.68353  455.44318  110.78932  344.25372  331.82477
 395.27563  384.56595  330.0115   391.3044   293.5011   295.57034
 323.27972  357.4729   149.43657  368.1971   358.78677  298.5556
 348.78726  372.1597   346.47046  257.8738   310.75525  376.0801
 292.13522  316.10068  333.25327  303.79358  344.1528   299.2232
 321.453    338.6279   325.11285  423.21152  326.80518  352.24185
 364.48834  355.2814   408.52875  333.87283  339.18164  342.34277
 336.82684  342.12897  353.6145   271.14536  312.24673  420.29837
 439.34467  305.2652   303.66788  316.7137   300.20993  175.92259
 414.21127  341.14066  371.43512  370.76514  400.30438  291.8772
 309.05112  272.8632   393.7253   352.10126  350.35715  361.01205
 328.9059   353.00842  314.64355  349.85995  313.58383  187.46634
 369.07263  378.3879   325.1604   358.54367  331.2179   316.8836
 335.4284   288.91125  434.95175  418.42688  308.88736  278.69876
 366.60922  364.54602  334.3288   388.394    377.4234   359.53207
 268.2509   354.42206  340.6976   357.95566  430.3137   372.9718
 248.79834  379.357    243.78181  343.6029   320.42676  332.8242
 264.4847   307.81766  360.41364  378.52377  326.37903  301.45142
 183.00443  278.50085  351.35507  393.25696  360.16864  431.716
 376.10342  339.87442  395.11966  417.09235  257.76273  342.98065
 311.54483  372.50482  315.81134  358.63358  351.3431   399.2227
 338.4207   360.29333  404.5758   310.63293  347.70825  274.4385
 318.87244  355.2798   355.08115  380.3274   334.50592  371.80365
 357.005    356.716    372.48706  112.564514 274.24216  245.46565
 305.83377  420.6265   301.12927  330.79123  186.7659   341.9173
 455.75476  369.20474  342.68674  360.7717   313.30203  410.98386
 382.8917   387.9882   361.79907  241.8153   353.07303  312.3455
 354.91245  334.37042  348.57336  314.27228  300.71582  376.88733
 312.59875  283.93698  386.5954   373.57693  344.75983  369.4742
 352.31888  397.4865   356.80783  332.45868  310.32422  356.80942
 344.33835  381.8058   267.7648   373.2576   344.11475  311.73517
 321.02185  399.80798  354.3549   387.47482  315.91382  363.17062
 352.6809   334.98212  363.11417  214.43498  377.07883  328.70108
 347.65488  335.35916  327.25763  367.1176   365.5208   387.33392
 347.02005  280.0748   355.87518  326.779    370.92087  363.324
 364.381    357.7281   325.07697  336.7125   302.90036  366.81607
 316.25705  352.3162   398.5898   349.4072   370.52133  289.311
 226.76628  369.1305   377.06647  302.22388  385.99802  121.85695
 406.7903   323.32394  210.91435  418.91568  341.2711   341.6483
 315.48306  380.30032  214.27847  360.19382  335.57983  315.2947
 357.9515   330.06076  345.73654  336.29175  400.3934   320.7665
 367.94824  325.53778  375.64923  355.80273  418.8346   343.38217
 371.7453   351.48404  304.72937  287.16238  394.88565  346.26828
 366.70364  373.99692  327.29163  349.63513  270.1274   315.66577
 322.37057  475.93628  342.82623  333.24722  383.50684  314.5414
 327.02518  111.70473  303.9373   294.8069   376.7315   342.4733
 326.40628  313.08417  306.59116  307.28357  279.5088   378.74432
 342.86548  335.79395  363.01807  362.31903  390.12512  395.75052
 413.19153  403.86716  362.86703  428.5156   359.9553   400.92523
 337.4318   344.18246  206.2434   348.57037  374.19547  259.5402
 339.41928  367.1001   407.55777  268.8926   325.07568  314.81686
 338.22543  341.7554   388.382    341.42294  251.37326  371.31305
 318.66113  395.68304  186.81615  411.64786  398.67102  351.87454
 349.03677  259.23813  323.27252  411.28033  342.10956  278.4971
 373.59317  310.9007   311.8166   394.13037  287.36768  302.37238
 308.06534  399.117    321.41324  315.65976  320.48776  347.59167
 353.95642  385.27075  421.7294   358.82462  344.6041   388.6066
 316.6268   355.33316  384.70642  292.87857  350.25467  309.53992
 348.80038  307.2724   297.61395  353.88916  349.6157   391.39334
 306.7228   428.34845  377.30115  207.86018  353.76425  387.7431
 361.44025  335.61493  381.00275  343.36774  339.4005   421.284
 356.06934  397.18112  387.52823  334.07108  199.84814  277.14865
 419.84274  340.34888  305.95618  291.17554  361.67642  330.9539
 374.37573  355.48944  245.8117   360.89603  380.4237   336.01306
 306.724    344.70047  309.41397  401.839    308.82748  374.67194
 358.75574  183.83914  370.9762   309.13016  251.40215  415.11475
 340.63058  373.90268  272.07544  274.7415   376.583    368.89502
 415.37457  312.32062  385.17136  376.60706  363.34586  320.10275
 306.7882   334.88986  324.91928  348.4295   367.5743   342.15143
 375.7634   361.40753  390.99426  373.8526   287.48657  377.3638
 332.92828  355.00552  362.47702  360.7012   336.562    320.77286
 394.74847  327.05362  365.6099   329.66577  374.21707  344.44373
 283.40433  326.6858   382.56195  346.43433  280.92688  350.38544
 322.80743  338.7199   379.74405  335.63358  364.7444   281.81747
 364.2183   316.2809   333.58432  325.72263  364.1692   367.93854
 335.76672  341.76224  365.25085  326.89374  316.09897  370.55264
 247.1077   322.11136  349.98288  337.7857   404.28943  310.8776
 300.98846  155.1084   379.94458  311.43646  318.9331   359.4025
 401.93283  411.12204  310.77466  321.1      392.94482  281.74112
 314.9023   343.42706  321.34927  354.57248  335.5456   365.00958
 315.15192  345.68964  375.35114  365.87305  370.79022  308.13672
 354.52957  345.10794  329.3306   332.5773   668.01196  366.0127
 364.8117   332.0242   334.0209   328.01996  316.05258  352.61575
 316.26263  376.2972   385.0675   395.84995  354.11877  310.91916
 425.99228  329.52765  317.0667   355.62354  373.36276  348.157
 172.22342  181.19824  328.90683  387.52243  336.61493  335.99182
 440.9387   384.25436  284.3556   363.33453  328.83063  386.5336
 406.71445  284.4558   374.44202  333.7183   342.702    338.54877
 309.28122  338.374    338.80984  348.51163  448.28336  266.2267
 323.72568  308.9848   123.73925  314.57867  392.63367  375.97028
 350.57962  302.4224   405.91446  380.95462  264.81943  374.54724
 363.1353   293.563    346.05502  363.42654  359.6316   340.8504
 350.74298  375.0459   356.8242   345.50293  387.80368  296.7654
 337.4907   252.34752  326.28647  319.49603  356.33896  356.58356
 375.90863  336.21262  292.53522  285.48846  363.58508  328.66464
 377.02148  259.26865  316.94113  345.7594   267.44443  359.36624
 323.66946  328.44382  346.40225  366.86423  335.5209   375.86908
 393.90247  337.8748   304.17532  362.31992  311.43915  307.58133
 380.594    283.90564  280.31036  401.3658   284.50488  276.83398
 315.70187  304.9546   295.49908  244.59601  377.73993  386.77747
 327.8853   265.9088   205.42447  352.52533  372.09842  356.79807
 378.2743   375.7555   332.6263   356.13318  291.18213  372.1203
 353.30457  303.05734  344.30954  414.69916  382.35022  332.58167
 365.00537  298.90927  324.9809   359.2264   408.6378   384.7653
 354.8837   369.07455  344.93402  394.1366   342.24872  322.61896
 330.15512  324.75595  312.79187  292.28677  367.74026  351.40405
 341.5081   354.56277  327.65085  371.86377  373.14484  309.29492
 327.68335  377.55325  389.6507   342.85736  106.8372   388.66888
 322.18292  345.9554   332.9388   370.08728  323.3674   343.19177 ]",[4.5160446 4.7882805 5.573965  ... 4.898697  5.732409  5.8011026],5.035989,0.547455919395466,0.6803135925550553
10,9925,Transformation_Matrix_W,"[[ 5.5045336e-01 -6.3592188e-02  6.3879319e-02 ...  2.4474101e-02
   9.7218804e-02  6.5783542e-03]
 [-5.6326035e-02  5.5731988e-01 -3.3501543e-02 ...  4.7070865e-02
   1.4239538e-02 -6.6014715e-02]
 [-7.3660538e-03 -1.8865656e-02  4.6778286e-01 ...  5.1356196e-02
  -5.3344112e-02 -6.5163821e-02]
 ...
 [ 1.3683012e-02 -6.3232251e-02  5.8140323e-02 ...  5.6372094e-01
  -7.2582245e-02  5.0463818e-02]
 [-6.9765151e-02 -2.2278503e-02 -7.6913305e-02 ...  3.5838172e-02
   5.6634390e-01 -1.6795700e-02]
 [-2.9025728e-02 -2.1945283e-02 -4.9998216e-02 ...  3.8673892e-04
  -5.6014616e-02  5.0670129e-01]]",,"[249.34428  245.22493  229.06676  213.85223  218.26157  247.11209
 251.06598  251.17355  188.85017  222.51839  206.00748  206.26717
 224.37228  218.81013  214.28792  183.3788   106.768555 271.40173
 208.21875  254.46962  191.09369  222.72685  240.87128  252.17302
 216.39986  242.97888  284.8488   228.29655  222.61072  212.7815
 118.81394  203.46324  250.43922  135.15982  254.53194  224.27684
 221.18512  266.6092   216.8859   224.82977  258.47446  264.09842
 237.9052   184.41476  236.22449  230.8492   245.63876  228.57841
 250.73355  237.43195  161.37917  243.50766  208.99243  219.41266
 200.54755  243.42278  264.2262   195.09845  231.31877  241.27788
 264.28616  258.7495   198.88655  225.45393  235.90347  246.10938
 165.9184   210.79791  227.15341  191.12599  236.29523  279.4569
 229.75627  173.6545   203.13712  224.61269  278.0318   224.64204
 204.91202  243.98975  240.00519  216.22383  219.8938   236.58199
 219.80472  178.67882  234.15718  225.05103  239.46753  192.44739
 201.70659  265.92923  205.6901   241.93776  220.76645  244.58025
 249.21724  279.66028  192.89743  214.38448  245.87012  236.68689
 184.43037  247.70972  216.37596  225.95186  260.5188   258.85156
 249.98997  213.4774   251.39261  229.09505  194.41083  230.95741
 245.19975  220.82407  301.3082    92.12738  231.84038  215.22884
 266.75116  249.80411  222.55115  262.1618   194.64342  212.25797
 234.92282  250.76965  117.50313  245.16931  235.81007  204.70886
 236.39038  257.88232  236.92545  182.46211  206.95068  265.58112
 205.64162  234.01947  229.98567  210.42674  221.51566  205.94296
 215.72707  214.6151   218.46703  264.7962   225.47626  235.45325
 237.80392  237.72804  277.0176   223.22423  225.5995   228.0189
 230.94624  233.85684  233.79198  187.94214  210.86299  279.89008
 285.9234   212.06602  212.91321  217.30951  203.82367  134.96767
 281.6196   227.53459  254.48033  247.74228  280.54187  198.63745
 217.76024  199.05556  277.9548   237.70123  236.14232  253.37155
 232.5244   246.79736  212.09912  217.83728  216.84987  142.04463
 236.32596  241.75237  233.73518  235.63496  231.56082  214.96472
 234.2503   193.25314  271.76013  267.892    206.46942  208.61847
 256.71762  244.8785   224.1895   242.00502  254.75899  226.31439
 191.90587  238.67964  229.17128  229.97461  276.70526  245.9771
 181.51927  259.68057  180.02306  245.94841  221.70636  235.25682
 177.05457  220.46375  237.0903   241.8576   218.41333  211.90059
 140.59834  189.36502  228.70857  264.26123  248.21751  272.6067
 251.96262  227.48836  272.5948   270.18835  175.19728  233.45218
 216.16031  228.50558  220.97623  231.43681  225.89418  276.11664
 221.15822  242.99817  254.11798  218.3917   227.92377  190.74036
 225.58147  223.16554  227.55592  245.70088  221.75316  258.24323
 232.7157   240.7205   245.01141   88.44101  190.73407  175.77489
 201.33153  288.1381   198.39273  226.87581  140.82033  218.36308
 280.67233  236.53157  240.1509   236.52144  212.29242  278.6844
 260.68683  253.19717  233.46445  167.47433  243.0131   219.62997
 250.7734   214.97023  238.09738  215.93141  207.03598  244.55974
 210.32912  206.12793  276.31458  247.1766   228.844    247.01047
 230.81958  258.32028  230.68367  215.80103  214.88359  238.70726
 243.98445  249.98067  189.48422  239.62543  236.25554  223.88368
 218.83827  274.2777   225.22873  253.40614  213.79784  257.8139
 232.52122  228.81201  251.27266  158.58142  252.50212  218.89368
 232.39427  217.96783  208.76996  243.72015  241.83952  262.2359
 250.16687  188.46234  247.93814  218.31313  247.03964  242.59201
 234.69693  246.72662  216.77142  220.3844   209.61708  259.80923
 213.3318   235.97168  268.74954  223.9544   250.07866  200.69835
 166.26549  253.35359  258.53378  208.03082  255.56412   92.85142
 264.8089   223.94353  154.59044  257.41867  230.72427  233.7433
 210.34874  255.65198  156.0964   236.9563   224.3684   204.31664
 251.0063   212.57584  224.75812  226.19669  260.08466  224.73982
 237.03929  221.11803  244.49434  245.06206  275.0808   232.55173
 250.377    232.87994  209.11406  203.27211  267.4774   223.35007
 229.67189  236.3287   222.46393  232.0369   186.6044   215.786
 210.03586  311.92502  228.63776  219.10518  245.07729  210.32086
 220.00676   90.77359  206.55057  206.07536  240.44319  244.45364
 221.15941  203.33452  214.8463   225.3678   193.33333  256.1823
 231.75624  230.45355  253.24513  242.47275  270.1785   245.45638
 267.87283  275.8562   245.22878  298.19995  247.599    273.90247
 233.15155  227.86227  154.31566  220.59734  254.59145  184.89314
 231.42949  233.88573  268.69095  202.54819  215.96632  219.75845
 222.77249  226.01106  262.251    233.67654  182.17099  244.98033
 221.98137  266.51285  128.44151  276.92926  257.1597   239.49431
 236.92178  180.5881   229.26712  281.43478  215.23088  195.26541
 256.1594   202.38908  218.76096  274.4605   205.30226  216.1638
 207.45265  262.09973  214.76372  217.4071   215.01355  238.29646
 238.36928  251.305    278.16565  232.50262  226.99666  265.8262
 217.14037  215.41524  251.59698  206.68405  228.51227  215.86833
 244.55899  206.73991  205.83548  234.84396  240.24814  265.23364
 213.89511  282.622    262.39633  144.67972  233.0588   251.48941
 242.3173   226.0385   251.73454  244.0704   222.69316  266.91092
 235.64268  267.6557   261.72464  216.27765  153.19543  187.47856
 268.4145   223.11722  219.20123  208.55959  241.96664  220.81139
 265.12823  231.16112  178.8862   244.66412  240.39859  222.10992
 216.01051  234.04077  204.74982  278.2558   207.52428  248.98926
 239.43329  132.79324  256.1616   220.95302  169.81194  275.7925
 220.57524  244.22157  187.49303  185.40184  256.6207   239.46037
 276.5719   210.73344  253.48564  254.29321  231.96652  212.68245
 222.25356  239.58958  237.13136  238.04478  235.0654   241.97675
 269.33514  247.91676  256.6277   244.57062  211.44383  254.4853
 228.46056  222.04207  234.89558  237.57654  227.53944  219.74518
 272.99432  218.0266   241.77579  228.08401  254.42294  228.79782
 197.13634  221.22986  253.94547  218.42896  193.92322  246.09904
 223.71205  250.67448  257.3893   233.28621  236.82477  196.333
 240.432    220.85004  234.35782  231.16287  251.21132  234.08165
 239.79382  232.24869  236.91698  216.61629  217.73833  233.40724
 172.06181  211.78696  238.5169   224.45386  275.92297  211.69583
 203.7229   121.99312  252.53287  221.90823  208.39232  236.13022
 261.72366  258.5758   219.87148  217.51657  252.62009  190.0442
 226.09586  245.88602  227.37613  249.98671  232.03604  243.39507
 207.84003  228.5082   250.55042  241.95813  250.51093  198.51376
 240.79214  235.35101  225.62149  224.61241  540.4825   242.38672
 246.48947  218.74113  234.98024  221.76656  220.3623   229.90564
 210.59193  248.19171  258.28824  257.13657  233.94055  202.67221
 286.02417  214.60405  218.70247  249.81943  252.5649   228.65994
 129.98994  138.14464  213.7729   263.3163   225.23524  235.5477
 286.2834   260.00473  194.95976  248.21294  210.03429  249.13731
 265.1451   190.3903   235.58434  221.91751  219.47797  226.6418
 216.36617  221.33577  243.07892  241.97368  294.06277  188.86292
 214.96037  212.03638   94.75009  214.65027  267.53235  253.111
 246.26492  210.17836  255.32834  264.54364  176.62099  250.29372
 250.51141  204.0873   237.57353  238.64362  244.77397  227.09407
 245.00528  251.80772  244.97673  229.32193  250.48326  193.09024
 223.99402  185.57481  226.62056  219.84274  249.50052  237.14758
 251.06969  223.95137  201.2534   188.34496  245.19308  231.31175
 252.04872  183.33499  215.95155  240.68878  188.35231  243.03133
 226.56642  222.87157  234.32454  243.86559  222.61926  251.8449
 270.65225  225.16035  208.25467  241.06935  208.86992  211.2447
 264.5551   201.54707  199.41722  260.48682  194.41405  193.62045
 221.27278  202.9577   193.86882  172.95627  249.03284  270.9169
 233.46413  179.38632  148.67694  231.361    251.48264  233.70305
 242.65433  250.76003  228.02893  223.57779  189.38956  230.89748
 244.92403  205.05576  225.63228  273.11627  253.07936  228.75716
 252.18988  207.92072  222.64165  238.2538   271.68323  266.09573
 242.81094  251.56189  233.25214  266.16827  230.41032  218.46596
 240.25404  221.231    209.89734  197.6356   250.38902  231.67984
 219.74452  251.02202  214.56511  246.45644  251.31511  224.89314
 228.0341   239.4409   253.78389  239.56714   84.295105 259.34915
 229.67644  245.59721  231.73222  246.32916  225.86847  236.49849 ]",[3.1199675 3.5769012 4.6377487 ... 4.1472654 5.495775  3.2663004],4.1253314,0.680302267002519,0.8015858759067449
11,9925,Transformation_Matrix_W,"[[ 0.63575107  0.00914768  0.00310538 ...  0.00466769  0.04684123
  -0.00181269]
 [-0.01467223  0.60670817 -0.01500057 ...  0.02814124  0.02180889
  -0.00995231]
 [ 0.00692607  0.01544785  0.57186455 ... -0.01421226 -0.01439606
  -0.00900224]
 ...
 [ 0.00615455 -0.02661451  0.00553869 ...  0.6522591   0.03849171
  -0.05365481]
 [-0.02694366  0.05409452 -0.00754424 ...  0.01779061  0.6482493
  -0.01473981]
 [-0.01008189  0.03397205  0.00211963 ...  0.03365052 -0.04839361
   0.6320466 ]]",,"[192.17953  200.7871   177.95517  169.0857   175.31921  193.87155
 196.81258  201.41814  152.76633  168.48273  158.24866  164.10051
 177.16963  173.45523  170.61143  149.58202   89.62901  215.15407
 165.57132  191.96707  148.99658  172.54466  183.54489  197.3643
 164.96451  186.62294  219.39798  175.00894  177.47214  173.1095
 103.630905 160.98361  192.9789   102.72831  199.98454  177.66393
 170.55602  209.50432  172.29457  170.55261  204.3169   195.70758
 188.42476  146.60965  182.59343  178.5907   195.51262  171.36996
 185.55045  181.07014  131.17218  188.03491  162.18971  177.0366
 159.24196  185.38142  198.88184  154.04863  175.23729  182.08473
 215.46667  193.12141  153.38829  186.04132  181.05421  180.88927
 128.29893  175.47943  175.2752   145.33125  187.76457  215.40868
 179.52289  145.28941  160.58226  180.58383  212.2877   182.28082
 162.75133  192.88445  188.28014  173.79959  168.80627  181.66911
 173.351    144.35551  189.94719  181.83734  188.76147  150.04988
 158.71515  204.13173  156.8161   189.12279  178.26515  190.27211
 188.28748  213.73497  153.0023   163.02487  192.4403   187.90338
 150.82587  197.59427  170.52614  169.8631   205.34055  200.40488
 190.32182  165.60316  188.3594   180.89494  152.77853  174.05898
 188.66331  168.3115   231.13315   87.503555 185.55554  173.60182
 212.1364   193.61832  169.78041  201.69499  149.59233  172.85924
 186.96928  206.09248  102.28454  191.25948  190.89914  163.75795
 180.18677  196.22385  184.60133  139.52367  163.98111  196.84904
 164.6019   178.24324  178.03058  159.71637  175.59119  156.15749
 162.92073  176.91794  172.98001  204.12233  172.96016  183.43416
 191.53766  177.7915   206.85243  174.07657  176.15791  177.61638
 181.23624  182.2673   191.74904  155.347    170.85379  213.81133
 213.42696  162.84047  168.1937   171.23103  160.56299  110.914406
 209.24834  177.50996  197.23697  198.13751  210.41109  163.48587
 169.88168  153.08813  215.39095  179.30153  187.22615  190.64444
 185.56418  190.18042  170.09666  171.29317  166.17581  116.95376
 182.78986  196.35818  182.7449   183.18669  181.95201  172.87085
 185.30234  153.61624  208.11974  216.24527  165.18097  159.84662
 204.04514  193.80678  174.33932  192.88281  201.03764  179.23277
 150.42424  183.88869  179.09486  181.29094  220.61003  181.95715
 143.36832  199.3041   141.47849  182.7002   173.52823  179.34949
 147.6951   165.17763  190.28871  183.26784  174.40485  170.38525
 118.83331  149.2257   188.15277  206.81175  181.85425  208.85222
 195.49562  177.28664  204.99806  217.00479  140.89066  183.73038
 169.85489  178.84622  171.87688  178.75922  177.98135  218.52634
 174.22716  185.92662  195.04584  162.63725  176.95456  151.94618
 168.12875  181.58195  180.99019  194.29832  174.65492  195.26616
 183.31479  190.69226  193.28387   84.0059   148.9118   139.65968
 158.15608  206.57037  160.19424  176.95956  124.326126 170.37225
 220.27338  187.0103   184.10216  186.19081  172.85165  220.8366
 204.17752  197.01514  180.65863  133.70844  186.75774  175.21367
 195.1496   171.4545   193.204    167.34125  162.65466  194.79816
 168.95084  161.3403   211.83118  184.80048  170.47298  195.14394
 182.69977  197.94827  178.65341  180.451    165.34308  181.55002
 184.2759   198.00024  149.28098  188.55502  180.82225  173.0241
 172.57307  213.07953  180.61412  190.73148  168.81747  197.38118
 184.56438  175.13754  192.17018  130.64082  191.47821  174.85605
 179.24117  162.24915  174.50078  184.36398  196.01888  201.94101
 197.02428  153.09268  184.60155  173.34676  190.5579   189.49901
 175.79335  190.87524  166.79996  176.40588  160.27681  193.04831
 169.4501   183.58936  218.27887  180.42882  192.62187  160.7613
 139.94124  197.71124  206.73405  172.79094  196.61449   84.95109
 205.27785  179.80408  128.2817   203.88972  181.51561  186.01007
 167.37993  201.52116  128.41144  188.13895  178.35542  156.31915
 190.63954  169.67717  178.37294  176.51945  193.9904   179.01646
 186.70532  174.61482  190.21083  187.83154  209.71756  183.54749
 183.98364  180.84651  159.29202  159.1476   214.63855  165.50244
 186.24005  179.12018  182.06561  187.67892  154.20732  166.48073
 171.11154  229.14124  177.75899  169.86063  197.3786   168.93202
 172.80917   85.54781  165.7763   160.89647  190.38843  187.0564
 173.24149  165.51308  173.31699  170.61794  152.24164  195.55254
 183.87158  179.68623  204.69876  191.61409  206.40802  191.16461
 210.59161  217.98485  194.71425  228.73103  193.59251  216.77438
 172.00499  181.43648  122.65736  167.7345   198.28967  146.73642
 175.75528  183.37294  202.00273  146.9237   164.65645  174.38762
 177.00009  170.38045  195.92767  181.84233  144.52008  199.47
 172.16191  206.22388  108.6274   219.998    194.17612  178.9954
 191.2201   147.00159  175.5285   223.97667  169.6145   152.21906
 202.81488  165.87062  165.24306  199.25208  156.45142  164.56805
 165.53668  202.26347  172.59933  168.07687  169.7699   185.246
 182.97644  192.12704  208.48842  184.27457  172.13812  209.49355
 165.21992  173.12329  198.72739  168.23486  185.20468  164.76125
 189.81792  165.37973  156.0031   188.72482  187.11633  206.34111
 164.92632  213.3886   202.92133  115.99976  184.2227   202.09122
 191.63512  175.7836   188.78879  189.16583  182.71024  217.04341
 180.92464  206.40932  199.77252  167.71204  123.92586  150.22429
 207.5279   177.63354  169.11719  168.4597   190.90273  184.02219
 198.52498  183.54553  146.5045   190.36346  187.2743   171.75897
 171.56781  192.7207   161.34541  215.6891   168.65602  201.30717
 186.30762  106.06207  189.24057  170.16853  139.06866  213.66333
 174.70363  191.11305  149.06303  146.78557  193.40942  192.80197
 208.36967  170.56715  193.23152  192.9159   188.20352  170.53807
 177.1234   185.16328  179.10849  183.41019  184.91049  185.97476
 207.13054  193.4585   196.66849  183.88681  160.1629   193.48552
 175.14258  175.787    186.04819  185.59421  181.0169   175.53064
 218.68597  174.01804  186.36789  177.48817  198.47162  185.27028
 158.51169  176.53323  194.98189  172.59503  155.72218  182.6906
 176.94983  194.82814  202.11699  183.81093  191.31088  150.48193
 188.35683  178.25128  182.264    182.61038  194.25563  182.33928
 182.50002  193.18576  177.40031  174.84938  171.20544  186.50717
 144.36604  166.36256  186.47437  177.14508  206.38174  162.79211
 164.37073  109.36894  196.2319   181.27022  167.28362  182.15092
 202.22473  201.10509  168.54637  172.87102  199.19669  148.10336
 175.82687  189.78836  170.47499  202.23473  181.80147  193.17708
 164.98816  174.662    188.26247  189.03589  200.78407  158.50212
 189.4899   186.58096  178.03601  179.67111  437.0194   191.14125
 190.31783  178.15761  183.01349  177.31766  175.83757  183.21642
 157.63795  195.28513  193.23947  206.60326  179.32141  163.26305
 222.04874  171.05183  167.68883  204.65012  195.20818  181.55705
 112.43966  122.37359  173.98557  201.26558  170.46999  187.87871
 227.94485  198.42494  157.48618  189.92596  168.37366  197.9627
 208.4471   151.19508  188.97821  175.74309  169.75998  184.92517
 169.4206   177.17305  192.07979  194.20473  222.11357  149.8868
 168.73325  164.5729    79.82558  167.04239  204.12527  196.32735
 188.15004  168.05086  194.58682  196.19225  143.5739   193.4719
 196.26862  161.04506  181.14645  186.015    197.36972  175.36641
 193.057    193.51944  191.7242   189.4579   198.36702  160.35825
 178.93788  143.94868  175.61148  168.66873  193.21089  188.59193
 199.25409  178.48772  160.7861   150.6827   192.9706   177.54636
 193.71455  147.42079  169.21385  177.36755  149.54234  188.84293
 180.81763  174.87291  181.46602  189.84267  176.11855  196.5423
 206.2783   177.68295  161.49274  187.72005  166.85822  166.2808
 205.30803  149.56068  160.08713  204.92027  156.375    153.72513
 173.16895  160.60951  152.62746  132.98921  195.43985  207.85606
 183.0688   143.87546  126.81798  182.99886  190.86823  191.16289
 197.15868  203.10431  171.41179  173.87564  150.081    187.25603
 191.95699  164.42046  177.33073  216.08278  197.2239   177.70265
 193.89975  167.56183  172.87814  184.34868  217.48045  204.12581
 194.86923  190.67241  180.08046  202.31602  182.61716  170.7472
 190.81943  171.9305   165.94589  162.22238  189.62944  181.36023
 173.5968   197.59471  178.12712  190.8329   195.15967  174.67433
 185.96323  187.55884  200.89688  189.36354   73.81162  200.81125
 176.66086  195.10953  184.32712  205.21483  172.60538  184.5577  ]",[2.9887629 3.4695437 3.6724224 ... 3.4223244 4.39147   2.833881 ],3.6383777,0.7191435768261965,0.8534682103675278
