,Train_Data_Size,Transformation,W,b,Residual,Residual_Norm_All,Residual_Norm_Mean,Accuracy,Co_Sim_CLS
0,4764,Transformation_Matrix_W,"[[ -2.6095567   -4.3818355  -15.2314005  ...  10.801834     1.3074206
   -6.741269  ]
 [ 13.957439    11.351934     1.807517   ...   1.5407127   -1.0694
    2.3119001 ]
 [  5.5393267    0.7859858    5.42866    ...   0.745116   -22.988405
  -16.708502  ]
 ...
 [  0.24619228  23.872944     7.7886715  ...  14.767926    -1.4621772
    4.257512  ]
 [ -0.14770702 -17.107456    10.863717   ...  -3.0292842  -22.397358
   13.533273  ]
 [  1.6938075   -0.67982674  -5.617017   ...   5.0247455   10.294638
   13.743031  ]]",,"[274.7546   265.89023  234.01457  225.5677   229.72923  281.06052
 276.2754   294.03873  207.24364  223.30026  204.08102  257.1734
 249.1372   265.35037  236.0192   238.46175  131.32481  300.0077
 221.5328   283.04874  200.51503  224.54906  239.94681  321.9513
 215.20013  235.46602  346.03842  237.19824  234.87651  212.92703
 141.99638  214.46362  278.32245  158.24919  267.72638  235.92606
 238.65112  284.5198   215.77396  242.20436  288.53168  264.38486
 271.97955  191.17795  242.1043   260.4554   281.8485   268.68295
 261.7474   250.54756  180.94946  284.65778  224.8068   237.81543
 224.7253   259.29486  296.48764  243.77493  224.66158  256.3978
 290.4485   307.86252  215.6777   268.77853  248.70735  261.59357
 203.25316  206.72206  230.90233  205.6694   291.4432   288.59338
 238.95915  189.67838  203.98679  230.97443  301.99948  259.27634
 222.56102  312.47855  254.22258  305.9236   222.67471  283.86954
 221.39154  178.45766  310.5271   255.95609  272.31946  213.72841
 209.69421  294.82208  206.88622  264.3429   254.53804  265.59012
 287.61865  319.58136  223.8971   217.91656  272.40668  256.17752
 198.52226  285.0054   237.66234  220.85684  299.63974  295.77087
 255.02661  215.96751  280.2717   243.12276  206.78499  236.7457
 278.84732  228.27678  329.5237   132.90605  256.10336  242.53227
 307.01727  271.7071   225.21182  293.26297  229.09512  216.2493
 230.31827  269.26074  134.62993  239.18001  250.56097  234.8227
 274.75592  264.28458  251.24155  210.18353  205.77455  260.89172
 222.10901  236.98172  225.32838  195.37819  259.48337  214.65587
 224.1122   268.37344  246.06856  308.21768  243.9988   240.21864
 285.78366  264.02203  283.80618  259.55905  270.6045   224.84552
 255.26506  272.93442  291.40442  268.91125  231.14804  311.1128
 307.52368  235.51247  204.52594  210.93198  234.9369   205.95232
 298.47537  261.9754   260.97827  295.39102  310.27103  279.15366
 223.23901  224.61731  317.06152  244.87387  247.9226   292.418
 219.68585  248.89114  225.36627  262.8175   215.37549  143.288
 281.52313  287.73624  265.36172  263.90405  237.21484  237.38492
 246.14955  210.50876  326.91965  330.47955  221.44424  214.74039
 289.74506  264.02228  239.34933  325.87173  271.77316  269.31967
 192.70282  252.6696   252.65656  248.4319   322.40652  253.96355
 185.17227  268.76572  207.85268  250.44067  226.97893  257.865
 197.58852  211.01192  257.27118  257.43713  248.45625  201.8465
 137.87408  185.85681  272.97983  288.1431   251.88779  313.4238
 275.16803  243.1695   280.37204  318.67316  205.006    247.2745
 207.4095   279.319    229.90337  247.14574  267.38525  304.69604
 266.00598  260.222    304.74936  221.50339  259.9528   203.08679
 239.42413  255.24629  255.00775  271.39948  231.41147  283.13788
 255.46164  258.6413   265.14194  156.80223  200.76122  243.05222
 224.89072  286.17474  224.76054  242.9894   307.85358  238.56886
 325.98416  257.74033  246.79282  254.61865  223.31464  296.3822
 304.74088  299.82507  265.5076   184.8843   248.18936  215.76625
 257.63037  222.77739  267.1706   208.33972  230.29941  279.53397
 233.4082   219.65836  293.0869   264.03183  234.42583  277.61728
 262.2636   292.32523  254.01688  247.74753  235.97334  253.56656
 240.9172   290.3127   175.79529  266.1711   260.86856  232.87524
 228.10301  354.08398  280.81592  280.8363   224.47528  265.19852
 274.81567  239.96506  330.98215  197.84834  290.36044  263.26468
 237.59459  251.86981  221.02283  246.56792  237.87436  275.17545
 252.71104  197.96355  245.10045  264.01288  268.26532  249.44249
 246.24232  279.40427  228.5115   238.833    224.2734   269.90054
 227.52887  246.26897  300.5657   238.60085  250.89001  212.91748
 242.06932  268.2438   282.38416  231.60951  289.1813   109.61898
 287.33417  267.5926   261.20474  325.0035   250.55586  238.48364
 223.5615   279.00858  259.82355  232.9082   220.34744  214.98131
 259.117    228.24452  271.80624  247.93394  262.97073  276.93948
 245.3558   239.0863   261.41644  258.94547  308.2616   266.98636
 248.98969  263.99927  210.41699  197.3943   300.16492  267.92828
 300.27762  264.72095  226.98972  245.83144  237.62088  236.34314
 276.8004   355.70132  256.69434  223.26976  268.2077   244.76779
 225.85875  113.262825 212.84312  243.28485  277.9218   250.20285
 270.41562  227.70972  256.17938  224.69678  200.04785  259.91406
 264.05286  248.58488  269.48093  259.03226  292.55103  274.95285
 313.72705  285.31677  267.87936  351.92273  257.5816   287.99216
 239.23335  218.80048  190.9695   234.4711   297.98672  197.49829
 237.96077  256.56195  309.78955  219.06468  250.91708  233.51308
 263.05426  253.90106  270.32126  257.20627  241.74213  283.67767
 237.15892  272.51474  155.81679  304.7425   276.58505  236.61038
 259.8423   228.44592  231.09843  295.78375  222.42561  183.29971
 241.57458  214.62715  224.92659  305.1742   226.61966  208.55795
 212.11626  311.23004  227.35228  232.58496  256.56894  237.28572
 256.70206  299.97534  287.41406  247.0581   306.20538  277.69214
 236.95624  260.8595   267.5673   212.32062  248.38728  232.0593
 251.99237  244.6757   186.87454  264.91653  261.34915  312.01355
 218.2216   336.6973   297.4477   182.04565  261.8236   268.2695
 280.60086  212.18658  262.36133  238.70973  262.87076  303.09784
 265.48297  300.65717  280.82043  236.14648  299.00708  246.04681
 299.55902  247.43053  220.13022  254.16527  286.25806  282.81155
 282.07846  252.81609  218.8145   234.24858  288.15765  227.40305
 244.61061  247.13956  217.89487  258.47028  234.27344  266.84695
 256.46936  154.4241   268.93652  244.96402  218.88696  274.24316
 237.35696  272.95386  208.87068  190.83958  288.05746  268.8549
 325.7069   223.33394  277.28146  255.8511   301.87436  254.5725
 254.1332   231.35506  230.37822  255.05324  259.83325  262.05972
 291.62415  245.99037  267.42032  266.34857  190.69075  274.34314
 219.80318  265.31198  267.9539   264.36475  228.68835  226.77106
 319.85437  256.14093  251.09138  247.9155   307.39075  273.492
 229.33119  228.63693  260.8851   233.32169  184.2525   239.81
 221.41997  244.37572  248.83025  252.48482  253.71942  202.85992
 259.13754  258.46298  247.61163  238.64638  264.60385  255.32141
 251.7714   253.7292   256.3915   259.05905  227.46971  246.01611
 241.74934  222.94193  257.75937  238.51012  280.03638  237.70674
 216.04799  249.43117  278.31116  261.01837  235.64369  272.73816
 304.77133  270.46014  242.51654  258.99808  268.27258  210.57202
 221.97267  257.09256  218.65482  278.13693  238.98288  254.05049
 266.98755  241.47702  264.93234  245.97475  284.26877  237.0487
 258.12195  255.82018  257.80038  225.81764  379.18427  271.5463
 304.4028   240.85988  252.01588  220.21521  257.07016  262.94537
 226.70598  289.65607  276.6957   282.40753  268.0119   214.22365
 335.70468  246.9246   213.5873   269.2438   251.661    258.6553
 300.7021   201.8847   238.25426  283.33356  230.38988  229.41135
 305.55746  282.88092  209.10722  292.5048   260.7713   311.074
 303.47183  212.65788  271.092    239.38045  255.30234  249.93858
 238.16841  241.54807  248.88348  242.66185  339.32825  191.78412
 239.29643  204.51193  104.43199  241.44456  295.74283  287.39612
 266.48828  215.64755  315.87146  282.7149   197.42847  269.95444
 274.30673  221.76791  253.15219  248.7357   286.8625   237.5569
 273.07343  257.30893  269.41745  250.36044  300.80774  210.9862
 250.41736  243.2095   225.85257  213.23167  262.84988  261.31705
 307.50528  228.23923  229.60283  193.5017   287.9223   247.71127
 245.22978  170.75897  231.361    231.62097  179.9176   252.05809
 252.00035  232.55392  256.00674  269.30792  237.8883   247.74522
 296.98465  246.58086  213.30011  250.1653   207.74324  213.32611
 280.07547  205.15712  216.01035  265.8718   211.70195  212.19423
 219.89993  217.58907  212.56935  178.56302  298.23956  263.06882
 239.84021  179.54805  272.3308   266.11948  267.844    266.77728
 287.2059   273.2137   220.41664  254.04239  200.85936  272.66464
 236.05075  217.46999  257.83585  294.4092   269.58777  265.77197
 241.30743  227.50153  217.12814  279.25497  312.97092  277.8778
 271.2646   276.59317  242.66411  274.34933  252.77278  213.23512
 238.87703  259.8357   216.22261  217.34164  263.31735  259.30646
 250.09404  235.43576  325.15552  287.30313  257.18683  222.93353
 237.26303  284.866    295.86765  249.12769  110.746155 286.94565
 213.73337  260.56262  227.34903  298.34003  265.33652  239.28268 ]",[6.3096514 6.802974  7.0734677 ... 5.1706314 7.8366275 5.8548083],6.301815,0.03410579345088161,0.1877883211784424
1,4764,Transformation_Matrix_W,"[[ -2.7155724    0.80436575 -12.351718   ...  -5.418688    -0.33400673
    4.4306135 ]
 [ -4.1905594    2.4956741   -7.0489674  ... -10.1671295    9.370384
   -2.4194796 ]
 [  3.021598     5.4476533    3.9756603  ...   0.82446027   3.594595
  -11.516317  ]
 ...
 [ -2.7905703   14.415198     8.082934   ...   1.7125506    9.594375
   -2.5005293 ]
 [  8.017753    -3.1858022   -4.34798    ... -11.792949    -1.0330708
    3.6643243 ]
 [ 11.6570635   -7.8861814   -1.4062625  ... -15.592129     8.11771
    0.7607129 ]]",,"[270.9226   262.86722  223.16225  220.70038  225.41214  275.33105
 264.80878  288.86197  203.43442  219.22533  202.26302  246.56052
 239.30527  253.93474  238.44168  232.55501  120.71158  290.81854
 215.97012  272.359    196.4674   221.58762  233.61627  307.22897
 213.66214  232.0944   336.7405   234.1238   222.97499  208.64958
 132.4916   212.25682  274.42996  143.53247  260.99667  230.2167
 233.62012  275.71194  214.39859  238.53302  285.2634   259.32635
 262.62665  184.62973  237.51848  248.5842   272.92065  257.55115
 252.70297  247.97966  175.83128  282.20792  219.92593  226.39786
 214.85887  254.34618  289.99527  232.66019  217.25839  253.77144
 284.18237  299.7283   211.41443  259.64804  242.21455  255.60114
 186.67137  206.1472   223.75507  199.90637  286.4103   279.50766
 234.48064  183.24747  201.05234  229.32301  290.75525  250.32661
 216.23596  303.25958  249.67667  288.1376   213.74294  280.65417
 216.00735  177.32231  305.55096  251.92035  264.73526  207.64977
 207.2277   280.50146  205.30145  257.1187   248.83167  259.12085
 278.4531   316.3735   218.23936  210.60768  256.81967  254.43651
 193.97507  281.41156  225.88     215.35388  289.10226  288.09286
 251.32954  210.64966  271.4727   237.14996  200.66089  232.5163
 264.5746   226.2207   322.96436   99.8814   243.20845  236.80347
 297.28894  268.0295   228.21463  287.66534  219.15175  208.97302
 223.55922  261.7214   126.594505 235.83154  246.42409  221.25499
 269.6664   253.92326  242.723    186.2825   203.55374  255.59773
 218.30734  232.27165  217.90639  193.50087  248.07663  209.34885
 220.27046  262.44025  238.19617  300.061    241.2369   231.6683
 280.29202  261.02505  279.30585  249.37561  262.8203   219.99025
 245.29758  265.37982  288.7232   256.8724   223.4062   303.63
 302.12085  232.17868  202.26285  204.96051  228.15723  188.59132
 290.66565  259.21765  254.25676  285.16443  299.25574  258.39767
 213.67775  218.9024   303.2894   245.22578  243.90048  288.5811
 216.3085   246.01816  220.29568  256.44473  215.79836  136.67192
 279.43597  284.02698  257.80316  259.12048  228.12662  233.3051
 240.79887  203.42986  317.761    321.0308   213.71332  192.74706
 288.32056  258.97763  230.329    314.04224  262.6452   262.65472
 187.33966  246.1813   245.1501   244.65802  314.28888  250.36057
 177.65025  265.24097  195.39212  245.26976  218.43094  252.59763
 184.15775  207.73895  246.71661  247.98785  240.13847  200.34921
 132.85802  182.92212  257.6063   279.90677  242.8857   302.0946
 269.7224   238.83453  275.48645  311.74707  201.64722  242.52716
 203.33199  270.23618  220.81876  241.9212   264.79398  297.21893
 258.4111   250.53     301.62802  214.33661  254.75903  201.75945
 234.66481  249.54675  249.06235  270.75574  227.046    273.9882
 247.70457  243.7278   258.0971   138.20393  192.78514  218.72069
 218.75813  287.8524   221.59207  236.40138  281.27643  235.22372
 316.9685   253.1108   240.07562  252.32811  215.75586  288.10678
 291.414    288.9003   261.64374  179.22047  247.13763  206.45538
 249.29726  216.02583  260.44855  202.32426  219.4789   271.9173
 227.30125  208.12682  279.79047  257.5893   226.52995  273.02573
 255.97966  285.82794  245.27347  244.56241  232.16847  246.01248
 238.25818  277.45813  170.894    253.179    253.89078  223.16098
 219.60971  343.8305   267.45645  276.244    220.6714   262.05948
 269.1303   235.84264  316.13037  186.79091  283.18958  251.87193
 231.81235  246.31697  217.29509  242.16655  231.78548  269.80984
 251.76724  194.69342  244.31264  255.83047  260.97446  242.17847
 245.09747  275.6133   220.64359  231.14581  219.27695  258.28195
 227.0725   242.26373  296.5614   227.04224  246.95688  207.64426
 227.97542  260.877    270.16684  220.66982  276.85822  104.08095
 272.4981   262.62302  234.26497  319.9202   244.09251  231.89328
 217.17     267.5174   245.6998   228.09955  218.52782  208.39542
 256.42065  224.62013  267.83414  238.88408  263.19153  263.15112
 239.91179  236.20386  255.35483  253.28369  302.50256  254.58757
 242.40865  264.25186  205.45459  194.14435  296.92255  261.8837
 293.48145  259.55457  222.93085  238.23999  234.12965  230.86789
 264.9689   351.4251   245.7333   218.49605  262.31952  237.59808
 226.69061   98.38     211.90765  242.15349  266.2882   244.43977
 262.5011   225.83476  252.3449   219.4223   195.5499   254.98364
 254.65724  243.36359  256.62003  250.62425  283.12558  275.68735
 301.11523  285.9919   256.68835  324.7746   255.71913  275.16592
 232.57646  214.31274  185.50104  232.66983  288.9859   193.26926
 229.88626  252.46909  301.68335  214.00111  243.87994  225.486
 255.9827   243.88922  260.87393  249.81776  228.34079  273.2328
 229.66353  268.13037  148.42274  296.09842  269.08365  231.28006
 253.39769  220.7568   225.2081   290.51788  220.05495  180.67291
 236.8558   205.57774  222.76799  296.57172  222.8615   202.28163
 205.13034  303.3955   223.56409  229.22276  247.0158   230.07857
 252.36667  291.58228  277.70483  240.33104  295.3839   267.73593
 233.1213   253.88559  262.641    209.24403  238.46309  224.7729
 246.75832  237.21227  182.5503   262.80402  253.06175  302.92084
 214.32016  320.89218  290.56445  163.92062  259.5884   256.56027
 273.2162   209.34953  254.97482  228.03531  260.25644  298.13458
 253.06058  299.70624  270.31616  234.33922  264.32867  239.43571
 292.88837  241.24982  215.3465   239.69809  277.1799   266.2449
 271.9636   244.73912  202.89922  230.93677  276.40244  220.74016
 235.76607  247.43921  212.8542   253.44824  227.9129   262.06592
 249.07698  139.29794  263.3755   243.95432  208.79973  273.18015
 233.0031   272.1777   203.52776  188.80977  279.19778  262.68372
 316.0472   218.97507  271.15042  251.5897   297.39017  246.79193
 248.8817   227.48048  224.65208  245.61653  254.01628  256.62234
 281.8412   244.71318  261.02914  259.73907  184.423    262.71677
 211.16428  261.81934  260.16132  250.61235  224.5469   222.13022
 317.65167  249.14764  246.95337  247.3298   301.86502  267.29218
 223.52594  222.50761  255.11859  227.84448  177.01512  233.52193
 218.20853  241.08502  240.99338  243.04144  249.64578  194.94199
 252.07437  253.95006  239.78197  234.5359   260.94373  258.1662
 242.35509  249.75894  251.1585   238.71913  224.1597   243.32799
 225.49025  217.19574  248.35709  229.95418  275.3991   228.76692
 211.1056   210.28874  273.2739   250.5817   228.37306  266.742
 300.15768  264.3041   236.06665  252.58754  262.27365  201.8996
 218.414    250.5329   214.32411  266.70444  232.096    249.22215
 255.0369   234.10806  262.68552  235.28258  278.5616   229.69359
 240.48657  246.45789  244.18909  224.23792  371.63162  261.3375
 286.63913  232.54102  243.80971  215.51004  244.13538  256.54196
 222.70029  284.76456  274.9206   277.02713  260.63522  207.40207
 317.78406  244.15312  205.22888  260.6561   246.70271  248.51447
 256.70953  183.37349  233.81488  276.3207   227.12006  223.41257
 303.4669   272.99606  205.55013  288.07205  253.99852  303.18756
 290.53232  204.03458  266.3257   231.24814  248.87982  243.60107
 227.0449   233.08786  241.53273  238.79646  334.98904  181.66405
 231.55795  203.98473   97.65121  231.69064  288.3944   278.56296
 263.10373  212.74425  303.169    277.44833  193.35631  261.8998
 262.41754  215.07523  252.23239  241.8508   283.85852  228.54367
 264.0988   250.77328  261.9073   243.26195  287.0119   208.58238
 243.01678  218.4133   224.08493  205.87569  252.05472  256.16544
 300.49783  224.23506  222.9145   189.55759  273.93982  243.95868
 240.91698  168.73055  228.31296  228.446    181.53072  250.14366
 249.7242   225.957    252.40353  257.53665  236.78793  246.02135
 290.44553  241.12271  204.44893  243.04366  207.00635  204.42523
 280.31058  199.93556  206.87596  256.9769   203.68698  206.30992
 212.18999  214.98434  204.98636  173.64886  285.91428  257.7254
 238.50862  175.5635   237.61626  258.6385   260.3138   262.34128
 281.4023   267.6815   214.15306  251.17831  193.44835  261.378
 233.98907  207.57863  252.10918  291.24643  264.92862  254.90672
 235.82709  222.43297  214.51242  267.10458  306.23398  267.7892
 263.96054  264.775    240.76991  270.71268  242.52126  212.77515
 231.61679  251.84633  209.24815  212.41006  260.64355  253.62958
 250.27328  233.68117  308.83804  283.9123   250.85536  215.02092
 231.305    286.52628  293.69553  244.79344  101.414444 282.30045
 211.10637  251.9486   218.8538   288.97772  261.16806  233.1509  ]",[5.8829627 6.731562  7.065138  ... 5.379928  7.410885  5.7231226],6.214819,0.0526448362720403,0.2315343124402681
2,4764,Transformation_Matrix_W,"[[ 4.2315435e+00 -5.8919911e+00 -2.2963028e+00 ... -6.2215421e-03
   4.0439401e+00  1.1084901e+00]
 [-2.5866961e+00  2.9561083e+00  4.2828269e+00 ...  3.1741211e+00
   3.6283295e+00 -5.1370168e-01]
 [-5.2393919e-01  5.4781241e+00  1.9224546e+00 ...  1.8089375e+00
  -6.2873608e-01 -2.0048835e+00]
 ...
 [-4.6260631e-01  9.5342135e-01  1.5306722e+00 ... -6.2648745e+00
   6.6274495e+00  1.1417035e+00]
 [-3.8855631e+00 -2.5852964e+00  3.3194665e-02 ... -5.5550013e+00
  -2.0777111e+00  1.9846706e+00]
 [-3.5614910e+00 -6.2647824e+00 -6.1709080e+00 ... -6.3847036e+00
  -2.5197366e-01 -2.7535539e+00]]",,"[260.87268  256.9852   212.2177   209.70102  220.75417  261.92322
 252.04675  281.28137  193.97823  213.90268  196.09308  232.31245
 233.4771   237.91437  231.02887  221.63495  113.79805  276.36597
 204.96481  268.9043   190.16068  213.15125  225.94897  301.79935
 211.97076  232.34532  325.65192  224.71024  217.2444   205.39978
 123.196815 208.20312  275.05328  134.19748  250.27153  225.0136
 228.9278   269.6733   208.64078  229.00235  270.87762  252.08803
 254.01266  178.56262  233.34529  239.01593  265.18973  244.13426
 244.7597   240.30576  171.77821  276.91254  211.62144  224.67319
 202.84743  250.65659  278.01797  225.19876  217.51726  248.47842
 272.48956  287.90424  206.46161  245.16916  239.67395  241.85052
 173.04323  196.69359  217.72653  192.15712  270.87482  272.06772
 228.58893  175.04018  196.03484  224.08952  288.93622  238.28378
 206.19914  293.30612  239.07556  276.41028  208.26535  274.5458
 205.84822  173.6822   299.12955  242.45221  259.46637  203.4995
 202.7173   275.49246  201.91904  251.04208  242.57379  252.03091
 270.88525  302.86685  211.23238  207.3219   243.67188  245.60564
 184.4974   272.83395  221.1923   210.37569  280.2268   280.10236
 243.9378   204.94841  260.17383  232.11058  193.65732  224.78264
 255.74887  217.65346  318.27097   84.46826  237.78787  227.4815
 290.74316  263.96854  219.18343  266.60898  207.93051  203.09538
 215.12381  255.04912  117.88305  230.94382  235.50307  211.52872
 262.1398   249.81223  236.90611  182.83952  201.51729  251.21645
 209.52689  230.53526  214.13757  187.21033  238.17213  203.46082
 214.98618  251.59274  230.62746  291.18674  236.65617  226.18544
 267.56543  252.9356   269.28278  242.04933  247.72986  214.07298
 237.98122  257.7095   277.6745   248.00768  216.11607  294.862
 292.3231   223.87053  197.49745  201.54805  223.00691  172.6672
 286.63232  249.65546  245.86098  271.35587  289.75375  246.17912
 209.0485   212.05972  291.93835  234.02583  238.30951  276.75226
 209.06482  238.9584   217.70345  244.06726  213.96939  133.00848
 269.1883   270.71182  251.1874   248.45332  225.90697  220.92682
 228.43849  195.55872  306.01654  304.4627   203.00536  184.52322
 279.00314  252.19511  226.31236  303.2684   255.33644  259.0139
 178.48248  238.63293  242.37764  240.25476  300.34647  241.47386
 172.06859  258.43762  185.53069  240.08308  216.38083  248.88823
 177.88353  198.47385  240.16742  242.72218  231.56293  197.12448
 126.65939  178.9862   249.42532  272.6365   237.05582  293.30286
 257.5739   232.68555  270.76526  305.5622   195.24496  233.74472
 197.44962  259.43417  216.1656   233.91083  250.47476  290.4921
 248.69395  247.62434  290.20407  208.25748  243.16809  195.08179
 225.12866  243.26674  244.16335  262.58023  223.91461  266.9748
 240.64815  234.5236   252.77194  117.75969  187.08154  201.12943
 206.27779  278.24414  208.40112  232.42747  254.1648   225.20418
 306.64655  247.39395  229.99815  246.48135  207.12544  276.87234
 286.61487  282.2316   250.8499   171.42577  244.08107  202.07861
 243.4461   210.08221  252.60596  199.57472  210.65068  262.7178
 217.2794   201.97998  278.18954  250.6407   221.90907  258.52438
 252.69086  278.92932  239.90736  237.88374  221.67062  239.01411
 230.19572  273.36536  171.3506   240.7334   243.45438  217.05058
 211.22055  329.9485   257.64587  268.41827  215.32397  249.56662
 259.72217  230.40637  300.7312   175.38573  270.4645   245.40874
 225.35243  236.7178   212.24559  236.3713   229.73552  264.58618
 249.17982  192.29697  236.71088  252.60922  253.80382  235.19833
 235.68633  267.5218   216.3197   224.65402  212.18518  245.28905
 218.27078  239.98518  292.28735  221.93217  237.64342  203.75415
 210.04199  252.22891  261.19864  218.11392  272.36182   94.855545
 268.85336  252.04088  206.73802  312.208    237.50826  226.20706
 210.78165  253.2365   223.20749  222.60585  209.99663  203.70238
 249.73077  222.28636  254.77905  231.428    259.69366  256.26477
 235.72267  230.26318  243.60216  246.21196  288.39502  246.71017
 236.85349  253.4261   197.36415  187.04832  286.95026  253.75919
 287.72162  254.395    219.30977  232.75893  227.66515  223.77655
 253.63724  338.20764  236.94443  214.6704   257.6004   232.90627
 220.95828   92.607605 205.36934  231.82887  259.62125  234.46748
 251.58978  217.40578  243.89375  210.10812  188.83751  246.50928
 252.362    233.1578   251.38322  241.8959   276.6216   265.557
 293.52722  273.4243   250.414    311.0635   251.23174  262.93808
 224.01646  210.25043  174.71024  228.7092   281.97424  187.36455
 223.35512  245.6773   295.1731   200.82516  238.62323  219.36443
 249.69312  240.02292  257.16135  238.2171   211.2886   267.9437
 222.40268  261.25702  140.36761  297.5445   265.3674   223.89595
 244.92221  204.08026  219.65182  281.6707   215.50275  174.15834
 234.07283  201.01102  216.55011  288.37848  215.4546   198.41844
 204.61465  300.49713  216.6535   215.93788  237.46635  227.84343
 249.20131  279.7873   271.9332   235.54622  277.50946  259.06287
 228.89159  247.05093  255.20244  202.15805  233.82152  220.4438
 241.65898  235.9096   180.71202  256.6225   246.20949  293.48798
 204.3319   311.93768  280.52917  152.48308  248.62195  252.19238
 259.048    205.52658  249.90685  220.36272  253.17604  289.47687
 245.11888  293.87335  260.5759   225.8591   244.03177  237.7197
 281.7795   231.743    206.69456  222.98378  272.61353  255.42561
 264.7186   235.3186   196.27177  219.3237   265.25558  211.96901
 226.11597  239.43327  206.1631   243.64629  220.29048  253.3349
 237.3928   127.01572  248.71332  231.3694   196.32356  263.5663
 225.57326  264.13913  198.80182  184.36272  266.08206  253.89917
 308.27078  212.22536  263.56522  242.00044  287.6428   236.89653
 240.00842  223.43579  219.54903  238.48726  243.64972  249.04193
 269.25146  239.70717  258.354    249.11646  180.63612  252.89558
 208.74655  254.49512  251.8083   239.61209  217.00787  211.58102
 312.51352  242.40907  242.40462  241.1721   292.10278  257.1012
 208.79376  216.3704   248.44127  222.17094  171.73195  225.91382
 215.7679   235.68234  234.63037  230.00795  238.81381  186.61879
 249.39786  245.61299  228.05542  232.05981  255.38902  252.33463
 236.39497  242.63641  243.07678  231.39803  220.82181  230.86423
 216.47803  216.18105  240.94699  224.3613   264.63614  221.04707
 202.6038   173.45207  264.77737  238.80797  226.39615  258.04413
 291.84662  257.11722  230.89003  243.19559  254.6265   194.7889
 210.16655  241.4068   207.06985  258.51663  227.74011  245.65451
 240.70062  226.54826  252.73875  230.31259  274.7318   221.11241
 236.92679  237.9306   233.08524  219.32823  365.55753  256.83478
 279.89893  228.24326  236.21234  211.60478  232.79713  252.01009
 215.20638  280.36798  271.04767  264.36786  249.76813  203.62119
 302.96432  235.76503  197.97939  253.08438  239.33693  243.9661
 205.64357  159.05658  227.10637  263.99353  222.0848   219.01915
 298.27798  261.59253  197.9159   278.35205  238.13266  296.96506
 277.28284  198.29762  257.172    219.04932  242.67467  234.79443
 217.3636   232.87506  233.29944  232.74803  319.42584  177.66606
 225.62544  200.12276   89.52981  223.43767  279.1367   270.6316
 253.32549  204.39476  298.60977  271.18997  186.33267  256.8629
 254.73     208.57103  243.84329  233.15222  278.6135   223.0328
 250.89262  244.80833  255.18307  238.45618  277.6943   201.24513
 240.0646   209.66989  218.37314  198.38524  242.06607  250.11884
 287.43286  216.63316  209.96306  186.42169  266.35452  235.12639
 235.88708  163.18163  221.943    220.06406  176.90555  244.72281
 242.29921  216.10298  245.93144  247.61118  233.3764   245.24573
 279.37088  236.78238  198.10428  240.35796  198.63054  199.17665
 272.28702  189.60657  196.60867  253.30234  197.91663  200.1955
 206.92091  208.47015  200.08766  166.23163  272.42734  253.93134
 229.58714  172.46977  202.34998  248.79047  251.33899  255.59067
 274.02792  259.5394   210.6781   243.07207  187.80023  255.17473
 225.68312  205.42754  245.27698  280.84393  255.33157  248.55202
 228.63983  210.56125  208.37473  257.12778  297.46225  261.2341
 253.39923  262.71783  234.48615  266.532    234.77309  210.7345
 222.26195  240.37982  203.51881  205.44064  251.52336  247.5851
 239.28851  232.48785  291.0428   268.15115  245.80385  206.20007
 224.11877  275.99628  282.34927  237.45009   91.779366 276.44913
 208.06279  244.16023  216.16637  288.66965  255.76474  229.64465 ]",[5.672335  6.2587194 7.0782213 ... 5.447903  7.819024  5.8711433],6.113691,0.08125944584382871,0.273771329708038
3,4764,Transformation_Matrix_W,"[[-1.7106097  -0.7315516  -2.8038409  ... -0.41146097 -0.34317675
   0.4117604 ]
 [ 4.9399056   2.5580385   1.7913818  ...  5.403855   -2.6783025
   1.1063569 ]
 [ 1.0782487   0.17427382  1.3387548  ...  0.9454196   0.79391485
   0.2482761 ]
 ...
 [-0.6045796   0.5984455  -0.6175574  ...  2.5946949  -3.0892437
  -0.4990852 ]
 [-4.41363     0.10554732 -2.5400052  ... -1.2457942   0.7561791
  -1.7383432 ]
 [ 2.61154    -4.6138234  -2.4287324  ... -3.818615    1.2611431
  -0.5662849 ]]",,"[255.37103  249.91634  203.59721  198.65099  211.23196  246.79724
 238.57951  263.39792  179.94258  206.04262  190.1686   220.31757
 230.71622  228.87794  217.33476  205.53517  104.59381  260.588
 192.76065  257.7054   184.37022  201.98297  224.64578  286.62216
 204.14256  223.82835  313.27408  215.60922  211.54036  192.42746
 113.384384 197.99155  262.39566  126.807045 243.56032  218.7471
 219.46388  260.6286   206.05539  218.96822  258.92584  241.45033
 240.42245  172.68321  227.30328  225.91284  261.95312  239.28023
 235.4996   231.86726  163.30348  261.91086  208.06586  217.9491
 185.66765  244.20084  263.7998   210.28343  207.23154  238.38704
 260.08905  274.23788  197.21638  233.81728  231.13045  241.68227
 161.97423  188.36923  216.26836  181.27429  258.52405  262.86145
 221.48882  161.76408  193.72012  219.19879  276.2326   232.02206
 194.48071  279.99066  232.0555   254.75482  201.10754  264.16296
 199.81107  167.38853  278.37918  229.13617  243.32164  194.57117
 195.97127  261.92926  195.13158  242.6158   230.35927  242.07019
 259.2626   285.74487  201.63591  202.93791  234.89058  243.11652
 177.19704  255.51668  206.96349  203.94528  269.90833  265.7602
 234.7385   195.8269   248.07771  227.9725   186.94818  217.95665
 240.42238  211.2857   309.6545    74.61423  230.4548   218.6232
 282.338    256.1031   213.5893   261.77536  197.45197  194.82469
 205.93536  245.59616  107.86044  224.80492  229.83571  202.98524
 243.38356  243.34859  232.6297   175.00398  198.09196  241.08139
 202.49773  216.85541  205.09009  183.35072  232.15623  192.50488
 206.67126  240.52881  218.47044  274.87103  228.22665  216.85909
 253.16205  243.08559  261.26794  229.39195  236.13617  209.08685
 226.83517  245.98117  257.02463  235.14217  207.2501   286.79083
 284.59293  211.41684  190.31154  195.351    215.46356  149.43552
 268.2703   240.941    239.7437   257.52432  272.4118   224.01784
 200.93501  199.64189  279.91855  222.93271  230.0695   265.27267
 199.20422  226.26585  211.36914  228.78246  204.12332  123.59655
 262.5115   261.66965  239.1872   238.56302  218.70734  209.60378
 218.66861  188.91716  295.90802  292.2155   195.36835  171.1566
 266.53992  237.4276   217.56982  292.61038  248.34772  251.11378
 177.07747  231.9979   228.20993  233.24554  289.71365  233.66927
 166.10027  252.345    170.7672   231.47299  208.00378  237.91953
 167.1535   195.73192  231.75896  234.41003  222.44067  190.67989
 117.19463  167.70412  238.39177  260.606    227.60951  280.88077
 252.4205   225.89027  259.69287  288.38754  184.76874  225.12923
 188.80795  249.86827  209.10338  223.52892  240.73389  277.7799
 238.6175   240.03226  279.6804   199.70622  233.83282  188.29218
 217.34143  230.4981   235.6689   248.52193  209.79921  257.2936
 229.20653  225.48865  239.25946   99.51499  180.0949   185.35257
 198.03603  261.86594  203.66838  225.61205  214.63474  228.478
 298.3205   236.67538  226.12094  237.49178  204.58594  265.3687
 279.2969   273.6572   238.27339  163.99673  234.26799  192.664
 234.0018   208.586    238.56688  197.85875  203.19916  251.92458
 206.5596   197.18114  260.14932  246.6511   214.46382  252.97876
 241.63416  265.74353  233.73552  223.92601  214.05785  228.84924
 219.76527  261.25684  167.72401  237.50964  235.86037  203.60294
 204.88971  305.00592  245.20662  257.1442   205.13095  241.988
 240.85498  216.26999  284.01328  163.63324  253.06982  235.55011
 219.91673  218.76805  201.62442  228.42648  227.6521   259.35037
 238.73363  184.00018  222.81836  234.97018  241.84041  225.20485
 228.32143  248.419    205.11835  222.82652  205.29158  234.16368
 208.718    237.4453   281.95557  220.8372   226.06584  193.66519
 183.80566  240.88939  250.2618   207.99107  263.3585    86.85377
 256.7526   239.43233  188.59602  291.76703  228.10178  219.47044
 200.40062  244.55147  193.49133  216.453    203.88892  200.05188
 240.68188  213.6132   241.56236  222.9594   255.45206  238.42798
 229.84932  216.75864  237.51282  230.61342  277.10144  241.21405
 233.38368  243.69771  191.05745  182.55167  276.1784   243.23662
 268.16437  244.4182   211.92029  222.07611  218.83856  211.4522
 245.92366  324.62695  226.5657   206.30534  250.8501   224.8606
 214.24974   83.38336  195.43759  211.43018  244.30287  226.9453
 240.92523  208.8391   221.59705  199.58652  184.85443  236.75887
 238.57991  225.43547  238.87993  231.63284  265.74765  253.028
 285.83087  261.45108  244.56311  296.65668  238.96332  255.76436
 216.70134  208.6256   166.41791  223.53009  270.94565  175.84596
 216.49223  235.96358  274.3391   190.1848   229.26028  216.14433
 235.47255  220.23534  249.0383   231.55154  199.08623  259.5394
 214.43999  252.52982  132.13327  286.184    252.12845  221.6018
 237.07681  191.59882  211.99344  272.41895  204.47035  169.32907
 229.28271  190.61758  209.01555  278.00427  207.24217  190.28244
 194.08008  287.5898   209.56856  213.82384  220.21646  217.91066
 236.58736  267.95157  264.0589   223.13164  263.35837  257.47327
 220.24332  237.77371  241.51067  193.3977   227.80211  204.87447
 238.09058  229.40569  173.50716  245.06917  235.89041  282.37033
 200.9313   293.98096  263.64743  144.49553  239.94441  246.96095
 243.69576  196.49266  242.58667  212.07744  238.52534  287.52487
 233.06284  289.30573  251.8121   218.89587  211.19124  223.67326
 277.0436   223.08142  200.26314  211.77373  255.7343   238.65279
 257.3865   226.33589  183.28265  206.087    251.65292  207.70793
 218.18698  236.80138  199.02174  240.35764  211.98969  243.09312
 229.48918  116.72974  241.15514  224.21797  184.28395  259.66312
 217.34096  248.52605  185.80269  177.44823  252.47563  241.71643
 290.63113  201.48747  257.12045  230.3212   265.2727   224.68506
 224.67415  217.79713  214.43245  226.40062  236.14148  243.65839
 255.19872  233.21495  250.33643  242.1746   177.60796  244.70273
 206.11435  244.7148   237.97972  233.8124   214.15732  210.30022
 298.84665  227.34471  234.82704  229.04602  269.99658  248.87
 198.59648  208.54294  237.34518  214.90182  166.05461  218.16089
 207.96303  223.47566  231.60188  217.83025  231.74303  180.28372
 242.65266  234.13539  216.51244  221.40878  245.22676  240.74321
 226.55873  233.64789  232.32515  220.52353  210.70181  225.44537
 200.34183  209.65399  227.02124  212.50533  256.78116  210.49138
 196.23975  151.37679  257.72574  229.33107  214.06241  249.44254
 279.57004  252.2862   222.38406  231.69188  244.21909  187.71198
 205.92131  232.11885  204.52751  246.17566  216.99196  240.07047
 227.6964   219.45723  248.81032  225.24014  265.6047   206.9007
 226.96971  228.50763  218.14362  217.14638  353.86578  243.44325
 267.0455   216.7956   230.20584  205.71523  224.1283   240.47108
 205.21135  272.6808   258.98627  257.5452   241.47784  196.13326
 290.80933  219.05482  194.4416   243.52513  234.35481  235.89355
 164.22281  142.7445   223.88493  255.09232  215.89047  213.42589
 294.1334   251.57028  183.40384  262.2707   223.7938   280.83984
 270.25577  194.02495  248.25757  209.72652  230.47847  222.14389
 205.28108  223.41284  227.83449  226.14903  308.9707   167.60791
 216.27185  193.86952   84.39214  217.26434  274.94644  259.2232
 248.98044  196.62546  289.54398  263.42465  177.9874   250.54121
 240.79796  198.92674  230.30049  223.16731  263.8702   216.8754
 242.12204  236.42784  238.64484  226.26562  263.3364   194.04672
 230.76405  198.52768  212.12363  193.05435  234.2561   241.8806
 274.35355  208.54132  200.98871  179.95056  264.26337  222.66066
 233.88313  159.55562  213.04286  211.55713  169.8974   241.61464
 231.92885  210.10849  231.1085   238.71664  223.27385  238.55959
 267.84277  226.10168  193.16965  229.98598  197.18121  194.23926
 260.38263  189.35101  189.69211  243.70209  186.6228   187.62177
 199.13068  198.05359  190.26523  157.78992  265.06525  247.46626
 219.3943   166.64812  176.74457  240.26668  247.44833  242.53532
 263.73642  248.43677  204.90198  232.8037   180.9085   246.51352
 217.67375  204.42482  237.71516  268.41965  244.43097  241.37126
 223.39685  197.49913  202.56343  241.16788  287.6897   253.83342
 244.25304  251.22662  226.87051  259.49982  221.60497  204.06908
 216.18755  229.4895   193.72011  194.10048  240.43275  238.98074
 228.38799  227.99496  264.09824  259.9472   242.4925   201.60242
 213.2318   261.56122  274.27396  228.78271   80.69737  258.16467
 199.10968  231.9529   208.92384  268.3087   244.11877  218.9762  ]",[5.383251  6.2283354 7.228615  ... 5.2674937 7.4821453 5.9377832],5.98552,0.12261964735516373,0.32636621144040223
4,4764,Transformation_Matrix_W,"[[ 0.22959682 -0.23395723 -1.239954   ...  0.57216686 -0.5336364
   1.3254311 ]
 [ 0.46217376  1.4055146   1.0922062  ...  0.33132738 -1.6290078
   1.0934137 ]
 [ 1.4457914   0.5248514   1.497388   ...  1.1916431   0.10171574
   1.7242312 ]
 ...
 [ 0.64785135 -0.30662498  0.71225095 ...  0.20230299 -2.1620805
  -0.83926535]
 [-1.2507132   0.99596095 -1.4324667  ...  0.03834122 -0.04110537
   0.3187406 ]
 [-0.7422656  -1.0130033  -0.56827176 ... -1.727527    0.23188372
   0.34478855]]",,"[241.89957  244.88283  196.72107  196.06505  205.47726  242.28174
 230.71742  256.7262   175.83873  200.19263  186.55444  206.37965
 219.37682  221.53333  212.99826  195.99985  100.80463  251.73448
 183.63928  250.54648  173.30989  196.76598  212.64154  271.4374
 200.33058  217.51448  300.41208  216.49197  208.4936   186.9454
 111.1957   191.92076  251.14873  121.351494 245.28981  212.66165
 212.369    258.9256   198.46852  210.98303  251.39084  243.45197
 230.58327  167.73616  217.2319   215.64546  253.0182   228.35738
 229.8322   227.91945  159.11525  254.1643   201.08875  212.41791
 173.56158  231.95662  258.86847  206.66232  204.38986  234.49495
 250.0548   263.72708  188.97575  223.69193  229.0282   234.3757
 155.64957  187.7952   207.57169  178.00198  253.57828  255.50269
 216.27615  159.36423  191.22711  207.03142  274.03745  223.69424
 188.22     270.3907   219.24837  232.29106  196.84007  255.12292
 193.99702  165.47044  269.8003   223.76556  234.44102  190.69173
 186.33037  254.28215  195.86183  235.11539  225.79256  241.03903
 244.12401  274.69522  200.40906  191.39975  227.09267  237.41675
 172.07077  242.59143  199.58144  200.38269  264.3323   256.58652
 225.7233   193.0138   235.66377  219.73244  185.57782  210.33557
 232.62239  206.95549  301.90195   71.2714   221.82022  214.01913
 268.53644  246.00266  200.91608  249.61243  197.87001  190.04857
 200.94502  246.04744  100.59754  220.08875  229.95998  197.88106
 244.9624   236.67802  231.03789  174.85262  193.46866  232.52849
 199.38715  208.92516  200.00685  179.35681  230.98013  186.35735
 198.09554  234.84952  209.6336   268.6327   218.81082  208.75795
 241.9611   236.18567  256.25958  221.1518   228.33154  202.97719
 221.0884   236.73051  245.07787  221.12631  204.66112  277.95944
 274.51035  201.58727  185.44127  186.25598  209.08435  138.80017
 265.15543  233.62427  239.1678   238.5394   264.30283  208.73843
 192.2053   190.8099   269.81677  224.209    222.48001  260.62872
 196.36444  217.97052  203.99121  217.7633   198.02243  120.39982
 249.18102  257.2326   227.56995  225.21812  210.63452  208.71939
 213.5437   178.84564  283.45718  277.3239   188.33058  165.98938
 255.97006  228.96092  210.02907  273.45056  244.64325  245.47223
 169.3177   225.6802   219.76396  230.8201   290.3925   227.89926
 160.77478  238.32265  162.23882  227.04439  208.16711  229.68352
 164.23984  193.7391   225.1399   227.02614  220.78487  186.20448
 111.80769  164.52882  231.05435  261.87195  224.92885  272.35922
 243.69064  218.75246  247.59189  278.26633  178.68196  218.73929
 180.64796  243.793    202.74431  217.80548  235.66466  268.6007
 233.96486  237.9914   274.1778   197.91618  221.35608  180.45427
 211.71228  222.79495  237.04166  236.41423  209.64606  253.72647
 224.02145  216.93658  233.35884   90.771545 175.47511  173.18959
 189.36143  254.85725  196.6623   218.805    188.07805  221.53102
 292.73685  236.34435  216.96532  237.31633  200.94724  256.12988
 271.26016  264.30487  229.9032   162.24875  222.51529  187.84138
 224.3218   208.06721  228.39572  189.22401  196.83006  243.15154
 201.12663  187.24698  254.87221  234.9776   212.00224  240.13705
 238.33083  258.67416  224.94925  219.32158  202.808    221.42807
 215.49368  252.24907  162.77274  228.33969  226.23929  198.37747
 205.64708  290.0283   239.2279   244.16783  201.66946  233.39867
 240.96204  209.7085   269.09064  154.43216  235.00746  225.33977
 210.64592  213.00635  197.84763  223.36298  221.28421  252.53722
 231.37135  179.35893  215.20235  227.843    233.80942  219.71312
 221.93152  240.73749  202.94089  218.04308  198.16095  226.21582
 199.3704   221.64047  271.65146  219.70778  222.81105  190.76096
 171.06259  239.15619  241.64859  201.17195  247.52602   82.98344
 251.60385  234.51993  170.08069  286.77158  220.62383  211.10136
 195.2994   236.56735  181.55911  213.646    199.35481  193.88411
 230.69003  208.88837  238.05917  214.03354  245.73013  230.64842
 223.35858  205.9029   233.29199  226.00113  270.59427  232.71992
 227.27414  234.17413  186.04324  177.44931  266.9252   234.5822
 258.9832   237.6004   204.87561  217.40578  204.10117  207.4744
 230.02696  316.82547  216.83623  200.84193  245.03467  215.52641
 209.6504    79.35588  190.08348  206.66623  241.08765  219.28076
 232.63672  198.15591  207.95209  188.92612  180.384    231.87296
 239.61415  221.26057  235.97064  222.47893  253.51022  244.02205
 280.25125  254.34436  238.78333  289.1787   227.767    253.25009
 210.3042   201.79466  159.7075   216.81223  260.34467  172.42743
 208.72578  232.31802  273.4312   176.85066  222.3722   209.3258
 227.4127   214.75543  240.46805  222.08424  186.807    252.43648
 208.23817  244.76036  122.847885 280.25555  247.72318  219.97943
 233.83171  180.28471  210.285    261.43094  200.22496  168.55637
 224.99966  187.82144  200.35864  270.77646  199.55539  189.09717
 190.56224  278.18362  201.36647  212.24115  213.76831  213.60771
 232.77048  256.42712  255.8405   222.45064  253.49944  246.36104
 213.1744   224.79005  237.9412   189.1597   221.68713  199.35204
 232.58662  215.4954   168.64676  232.43565  227.05367  268.41895
 194.61484  281.84378  256.63663  134.67406  228.51233  241.11494
 240.56229  193.24751  235.30269  208.20544  233.31111  279.00647
 229.834    280.04544  243.04945  213.8881   193.77545  214.56929
 265.58795  219.82277  191.6972   206.84818  245.37175  230.11517
 245.54732  220.84708  180.1688   205.12276  239.74799  203.421
 210.59824  227.40047  192.75815  239.6692   205.38274  238.54242
 221.9508   112.24621  235.48457  211.3499   177.3216   253.6002
 213.85889  243.37009  179.9089   173.68198  244.55789  235.83455
 281.2648   197.36603  245.55243  226.74104  254.49698  220.43282
 218.92772  210.39737  209.63158  217.8796   233.34184  236.18237
 253.95413  229.09573  244.09834  231.03604  174.45221  240.48534
 197.49313  238.92613  238.05188  227.78731  205.6092   205.21779
 288.44653  221.51039  225.05598  221.90775  265.35144  237.00542
 188.89775  203.53468  233.12932  207.51859  165.2379   213.25853
 202.77913  215.49908  226.82263  205.80815  226.32133  180.5451
 238.44168  226.53926  209.86267  214.54604  241.16058  234.78053
 220.94275  220.2588   227.55466  216.63882  206.43611  216.7076
 188.12724  205.69812  222.3751   208.70099  243.68399  204.77779
 189.57367  135.62683  244.54646  216.89798  203.39359  236.89946
 268.91708  244.60042  215.05844  227.49922  241.52185  178.07649
 194.14984  222.52365  198.7131   236.89206  210.99742  235.58145
 219.20348  211.91336  242.32773  217.16676  257.00763  198.06747
 222.16705  221.51775  213.02382  214.33046  347.52563  235.54881
 258.52124  211.76537  222.28334  201.93657  211.611    233.46797
 198.71129  261.22235  249.25237  253.84177  228.24873  191.97789
 280.9287   214.66228  189.13702  234.75784  232.1071   228.14233
 138.28046  133.19948  209.24362  247.64388  207.41902  210.12454
 287.30167  240.11694  177.79527  257.49017  219.4811   271.9805
 263.3012   188.32135  240.21426  205.97722  219.60956  217.48991
 201.71611  209.77017  221.66678  224.12471  296.11066  164.83185
 206.72441  189.27963   80.35371  207.16086  259.91858  248.01828
 235.7289   191.19115  282.00006  254.79361  172.60936  246.09679
 233.99721  193.36691  226.37918  215.44705  255.6      210.9162
 236.03867  229.49637  235.05508  219.13972  255.47661  189.25366
 223.51733  187.82741  206.08975  190.99046  229.02692  237.0788
 265.48877  205.53455  193.43527  172.60443  260.72778  209.7398
 230.99509  153.10976  204.73157  207.84866  167.66159  233.18597
 229.75232  201.85289  226.66374  237.58704  213.52188  233.15407
 264.3651   214.46384  188.35118  224.545    190.19818  188.49309
 251.49452  183.91182  183.49252  235.50656  181.30746  183.57007
 194.3444   191.24217  183.34793  151.91148  260.8299   241.70267
 211.53546  159.54953  162.28352  237.6677   235.41562  231.13658
 257.09198  244.91742  197.31964  221.17123  176.71286  239.36107
 211.44475  195.92169  231.37483  258.61765  248.88939  230.59082
 217.25989  191.09056  195.32317  235.26656  278.45706  246.62088
 236.03102  237.90001  219.92233  252.24103  215.62057  199.65837
 211.5091   217.34573  190.19417  184.81184  235.34435  227.92601
 222.38582  223.09549  248.57217  253.49661  234.65884  194.81319
 208.85043  249.47112  265.77478  221.02214   76.39146  255.61157
 198.29681  226.81316  208.33125  264.3893   234.13043  213.36978 ]",[5.4046593 6.361282  7.053733  ... 5.4592557 7.4194427 6.2664285],5.893176,0.15707808564231737,0.3603665155996464
5,4764,Transformation_Matrix_W,"[[ 0.7837042  -0.4886419   0.19688234 ...  0.272953   -0.11366244
   1.4978361 ]
 [ 1.2183563  -0.15111262  0.82755893 ... -0.6536314  -0.21629499
   0.6692326 ]
 [ 0.8064322  -0.45133597 -0.4252262  ... -0.01291528 -0.19585772
   1.2199554 ]
 ...
 [ 0.1904192  -0.34167767  0.0868943  ...  0.37525606 -0.7591807
   1.8692724 ]
 [-0.8070856   0.10135453 -0.23465836 ... -0.64308643 -0.24973834
   0.6123279 ]
 [ 1.364718   -0.70413333 -0.5356105  ... -0.8229305   0.2300246
   0.31754023]]",,"[231.29546  234.85912  187.47264  183.81367  195.95525  231.92342
 227.40767  245.98116  171.09386  201.40804  182.57593  194.02438
 214.25531  211.62636  201.7336   178.40161   94.959335 247.01375
 177.09372  243.5196   167.51228  193.90134  206.0813   249.11517
 194.87973  212.2758   286.51093  209.5364   203.16103  180.50436
 104.51247  183.61073  241.47696  114.69695  240.34555  200.74324
 200.84569  253.2147   188.11943  202.1182   234.75958  233.73817
 217.17891  162.03952  209.21364  207.6814   236.85957  219.13435
 216.84294  215.74197  154.14186  238.78876  194.74078  197.98474
 163.94199  222.80153  246.82835  199.99326  197.95448  231.59766
 238.79062  252.98358  183.95839  207.06639  220.19121  228.54391
 145.80292  180.74464  202.24957  171.92107  240.85887  246.30373
 213.39105  149.62628  188.39803  197.38803  265.62244  210.89578
 184.55107  257.6919   212.63469  206.52315  196.29144  241.62415
 189.88148  159.19966  252.1623   216.67212  224.18892  183.31955
 176.60594  248.46161  190.47327  221.87398  216.47797  226.63159
 230.67206  257.52203  199.1765   185.916    219.20929  222.8498
 165.76492  229.51312  189.74635  194.50468  260.54932  244.21854
 219.99251  184.73346  226.64226  210.29239  178.93413  200.1962
 219.82318  205.56717  291.08264   65.48203  215.05484  208.03958
 259.04962  235.5055   196.42128  238.89207  188.18893  184.04399
 192.49231  234.84314   94.941345 213.74214  216.78706  187.89793
 235.55704  228.0863   222.80695  161.1043   186.06848  226.62541
 189.64833  202.25467  191.04471  178.66449  222.45474  181.33836
 186.47905  221.92343  204.15373  261.56323  208.5041   203.67543
 228.01031  225.45097  249.7747   207.62976  212.23969  201.81378
 209.20598  223.09535  233.13918  200.21666  197.7134   270.05618
 265.28287  194.20265  177.97525  181.0387   197.88718  125.44509
 261.3591   221.54893  227.13419  233.5047   256.48322  192.75189
 189.62099  184.86371  262.53214  211.71674  210.03714  243.07549
 188.29709  207.88509  198.90187  205.05342  191.48795  115.8432
 238.66463  245.08989  213.37102  214.98404  207.00458  198.50061
 204.66469  173.35542  269.2628   257.8128   179.8175   157.47581
 244.40033  218.68005  205.99509  262.09396  232.16454  232.96873
 163.41173  216.56854  207.6665   226.49257  274.59097  219.03375
 154.32741  227.0885   149.64088  220.66057  201.50153  218.57272
 154.65271  186.87378  208.94595  223.17447  209.21947  176.1913
 104.73936  160.59901  217.30362  254.87239  215.95624  267.60098
 231.80525  208.60349  241.52321  264.87125  169.57877  214.70769
 176.6487   235.78267  194.95609  210.08864  222.32153  261.14468
 226.26912  227.88951  264.86432  191.75871  213.32237  168.38002
 204.1083   212.43277  224.61057  223.93083  196.54764  236.78181
 217.23409  213.87468  225.21405   82.18857  170.59933  162.49437
 184.20749  251.83084  190.12555  213.91393  160.05737  212.16638
 280.0204   231.47385  211.73749  224.85506  194.0836   254.63272
 260.32892  256.02307  219.54005  153.59814  215.73108  184.04079
 212.95149  203.50781  218.95705  186.24904  184.92862  236.55919
 190.66325  177.4104   242.1328   227.43576  197.82988  232.1661
 227.80185  247.3803   222.29715  213.9178   190.93839  210.22704
 205.97472  240.6458   155.66032  217.96104  216.21013  190.89749
 196.83766  268.39523  224.13678  242.2306   197.43507  229.70175
 229.69742  201.38428  257.71057  141.9092   232.84198  214.05846
 204.39006  205.06491  194.58833  221.91234  214.66595  243.08824
 218.33691  168.65297  200.25545  217.70465  224.90552  217.48088
 216.10031  228.62102  198.47386  210.72049  184.62297  222.19887
 192.31487  218.50249  261.51004  207.81044  222.48419  177.64648
 155.48294  234.7849   231.03043  194.08266  240.20389   76.94261
 238.51295  219.3202   151.89816  272.09998  217.31674  206.53526
 189.79861  230.42055  164.26562  208.72859  195.36177  184.03311
 218.49986  201.71599  221.24506  204.81604  235.95755  218.6577
 219.19632  194.09654  225.83139  224.96606  260.4001   226.7816
 221.1331   230.28053  179.08788  170.7334   252.54515  223.19376
 247.60484  228.01399  201.40901  211.93843  190.6652   198.13083
 215.77307  301.5147   209.4475   194.79922  236.63957  205.37466
 202.82501   70.75801  182.59863  199.62978  231.42697  210.4121
 220.38084  188.6569   197.48235  181.26163  170.21494  224.13397
 221.9928   210.44405  227.8901   218.98436  239.77774  229.3216
 270.52612  245.92488  228.10881  273.2403   217.76993  244.34727
 204.66531  193.51083  146.36581  210.98041  251.92574  166.50157
 205.35143  217.7384   265.02118  165.88905  214.94292  201.46214
 207.8379   208.52116  230.22241  219.20308  172.55373  237.26712
 197.50435  241.38771  117.22454  266.17563  246.57182  216.35876
 223.15738  169.11082  200.52928  258.03986  194.89944  159.6714
 214.72029  180.77943  190.74089  257.97025  189.5585   180.76118
 187.61972  269.32864  193.21469  204.13777  205.39183  202.1397
 219.56308  246.21272  248.19466  210.73624  240.47398  234.60814
 204.5869   219.77623  228.33344  183.81636  210.99951  191.77815
 225.71716  203.24252  166.78091  227.01251  220.00777  257.4551
 186.63231  271.9887   239.37332  126.985756 219.3813   233.38632
 226.6788   187.8711   223.52242  202.08073  220.06525  268.11435
 221.0929   267.31775  229.40796  206.33551  166.3135   209.54604
 254.33727  210.964    184.44566  197.09451  228.12022  214.56535
 234.95256  216.7302   167.9525   201.87955  231.73557  199.08372
 202.80035  217.83972  189.41525  228.29861  195.231    232.32962
 213.35558  105.365204 223.7913   194.88799  167.04475  248.60146
 203.81633  233.71619  170.20041  167.95186  236.88214  223.97754
 262.421    194.44771  235.16264  220.99464  240.54788  212.70609
 206.95934  200.7066   200.34581  215.15158  223.24576  225.15245
 241.74408  220.3276   238.79524  221.00197  166.13876  236.6809
 192.86928  228.73225  228.2205   222.11546  200.80368  196.92369
 265.28745  210.73619  225.63937  210.20715  253.59497  224.00804
 182.10939  196.90242  221.88762  200.49342  159.96446  206.17932
 196.22185  212.73003  220.1729   197.1952   221.52109  171.97252
 232.07655  215.9718   200.73936  206.90146  231.35612  228.20605
 210.93217  209.04507  222.31458  206.44821  198.98056  213.19514
 175.38474  195.73134  211.39394  203.17056  238.64262  195.49008
 185.00739  115.547356 229.59428  207.17026  196.27007  226.92302
 259.1296   233.08711  198.74223  217.02776  234.10272  174.84985
 186.09154  211.2393   197.5926   228.63774  204.91833  226.55247
 206.9006   197.296    236.5969   212.45891  245.35094  192.93216
 218.63995  211.20499  199.91095  203.89612  340.63855  222.89105
 249.558    209.4854   213.63768  197.57996  209.043    221.76228
 186.36092  244.18248  240.01343  241.64664  218.34645  182.98781
 266.00537  206.45328  186.37482  230.12602  223.72157  223.01212
 124.11473  122.115395 201.57999  238.93062  201.94215  200.10413
 277.43973  231.65579  172.06943  238.40582  207.28131  251.85522
 257.369    182.9421   237.39761  196.27731  210.43666  207.1663
 186.95631  205.11208  210.24765  216.02187  291.39554  154.71628
 200.0038   184.3003    76.396416 200.80307  250.85168  235.38684
 222.30374  187.33287  262.94955  242.57455  164.49834  233.65901
 218.14774  187.19888  213.06856  209.51468  246.90227  211.21368
 221.27907  222.7711   220.64452  211.8258   246.15091  184.25003
 215.07834  173.9975   195.8822   185.02979  214.32396  227.13536
 252.04306  204.20139  178.51389  170.44633  242.18173  207.2604
 221.71794  147.02988  193.53264  202.71617  162.90134  226.99828
 214.22424  195.02832  213.38223  229.97668  205.08809  223.85898
 250.65945  209.23546  184.61331  218.11414  185.74072  183.07109
 237.47253  174.53638  173.8362   228.70985  175.75757  179.86073
 192.14935  181.8029   178.75085  148.98572  247.82841  236.14508
 203.75989  156.82384  150.66821  223.67387  231.89226  220.56116
 248.38675  239.74724  195.73473  208.61497  171.83536  230.65196
 202.42696  190.33748  219.8455   251.24129  232.6433   219.73073
 214.34024  187.33856  190.23781  230.58736  264.73788  237.08812
 221.53703  224.88142  212.99266  245.16661  206.23386  190.67653
 202.15157  207.2811   184.09616  177.7043   226.21886  220.89961
 212.79161  216.02315  234.82591  244.48831  226.7957   184.74532
 198.98315  247.2446   258.42746  213.73715   71.26715  240.9646
 186.7614   217.29495  202.17229  248.91708  225.14267  203.06145 ]",[4.966408  5.5895095 6.6112084 ... 4.8635683 6.8873343 5.729488 ],5.769864,0.20821158690176322,0.4014818137481665
6,4764,Transformation_Matrix_W,"[[ 0.16690816 -0.20707384 -0.07799163 ... -0.17455642  0.30534187
   0.05874066]
 [-0.80064523 -0.03570657 -0.34879503 ...  0.21274282  0.3376512
   0.44764793]
 [ 0.05449016 -0.12639311  0.34660232 ...  0.40325147 -0.47924793
   0.27491224]
 ...
 [ 0.5019189  -0.10371301 -0.50814724 ...  0.30437762 -0.04086019
   0.39606768]
 [-0.04373997  0.4150131  -0.16311319 ... -0.5529841   0.912549
   0.35383698]
 [ 0.05922846  0.09137386  0.03638469 ... -0.09944566  0.3590323
   0.8328463 ]]",,"[223.61021  228.6083   185.3032   175.80789  195.00383  220.20285
 225.91022  235.07446  164.00676  191.0245   173.89629  182.67558
 210.50993  208.63033  190.99141  168.02783   90.12258  237.56738
 171.37505  237.81993  162.89648  188.48457  204.8472   242.66008
 187.80331  209.05403  289.36438  200.42511  197.20549  177.61116
  99.33978  177.53593  235.21962  111.21862  233.16873  199.82745
 196.2125   250.62206  187.45557  194.11002  229.27065  227.54056
 208.66122  153.19493  204.7906   202.12894  229.37039  212.8816
 213.90318  208.72043  148.53677  230.89774  191.96165  192.29485
 163.56644  216.69833  242.62932  189.3046   196.1317   222.85138
 236.02385  245.68066  177.06242  203.89983  218.0242   219.22888
 148.26173  174.7102   190.76508  166.37984  232.20866  242.85623
 210.49121  142.44865  182.01973  196.17822  263.37225  203.18945
 182.2534   245.76103  204.47906  189.86838  189.6444   227.82744
 184.97427  154.15416  242.10959  210.71017  217.72278  178.40387
 170.86496  240.52762  184.26514  214.1279   208.43858  217.06837
 227.03423  250.5793   192.85686  182.3284   213.17384  219.94516
 161.3796   220.37831  188.19853  192.22028  249.72604  239.86464
 214.52785  179.20888  216.63316  206.70845  170.73895  197.57187
 208.51866  201.27907  274.04333   60.754745 207.04565  202.32025
 253.67741  231.08888  196.46777  233.36325  185.73817  179.81023
 186.03195  232.84627   90.86928  212.36937  216.38167  178.36491
 226.0907   221.26924  219.81033  156.78558  184.86418  216.43628
 184.06999  196.72125  188.32991  171.19547  216.40674  174.54694
 184.26807  213.63715  197.3557   256.0805   197.77605  197.90062
 225.15881  219.84872  248.63257  201.03964  204.93819  191.92981
 198.20502  220.84943  226.19208  193.68034  196.10988  258.8569
 258.76596  191.99982  171.84074  179.2181   188.01196  117.96384
 252.94289  219.19534  219.28079  224.6583   247.34999  184.30135
 181.1223   171.5888   249.97998  211.02777  204.4745   233.86258
 188.475    205.49321  191.40497  203.92654  191.39432  111.53522
 230.12857  243.25854  198.32425  204.02951  198.64626  191.9923
 200.38379  168.39851  263.776    256.27786  177.9587   156.09164
 238.61655  212.5421   200.30315  256.95364  222.9695   225.87039
 158.8685   210.90349  199.29807  217.10191  268.77286  217.59705
 145.49225  219.36902  148.62767  217.73761  186.5977   212.86104
 151.01718  180.21292  209.82368  216.83867  199.59306  175.4913
 103.11088  157.61792  205.851    238.20528  212.45987  257.54398
 230.90779  201.68124  240.45421  258.5122   162.03194  206.95412
 174.49629  229.22665  185.65283  205.87958  217.89241  250.65688
 214.82765  217.58296  257.80392  184.85844  208.65457  167.78896
 199.0822   206.72409  214.62682  219.44287  194.55354  229.0236
 216.62979  209.32622  215.83698   75.10428  164.28976  160.95015
 183.48198  252.76384  183.7627   211.75232  143.71677  204.64119
 269.28137  224.98747  208.01129  217.23012  195.0872   248.17546
 256.81808  250.76874  219.59784  147.39102  209.4639   174.38966
 210.92355  197.9965   209.37726  183.45251  181.12903  231.1649
 182.99127  173.19789  233.42433  223.70634  199.69487  226.16646
 218.29608  240.42348  212.1189   204.37279  187.93315  208.48163
 205.59547  236.3486   152.83861  213.31378  208.19176  190.28947
 192.85495  266.84418  219.94827  239.03552  188.99997  229.58997
 226.87344  196.26985  246.02478  139.249    222.30038  211.47662
 201.67912  197.11467  193.27396  216.79388  208.1009   230.55591
 209.07155  166.26048  195.22714  213.43593  220.47807  209.62642
 219.42587  217.72896  193.14484  204.64513  178.47034  212.82176
 195.47246  210.44214  249.58359  203.41734  217.73347  164.61778
 147.02135  222.17368  223.0282   188.57095  235.6834    72.48169
 230.12643  214.38608  140.82793  266.8981   208.15262  200.92903
 187.39272  230.0625   148.6002   201.21883  190.56746  188.76158
 213.83682  199.63011  213.81165  201.48975  232.21672  203.87976
 216.93344  193.06697  216.35535  218.81407  252.8288   218.38316
 210.71027  216.2906   175.5523   169.16202  249.44829  211.80402
 233.43965  223.40695  196.70073  204.06642  176.34561  195.19987
 206.45284  291.96274  203.28673  193.83722  230.22772  200.88074
 194.27188   67.279686 178.38391  192.1361   226.6743   206.0069
 209.70564  183.70451  192.92     177.84698  170.17906  220.0363
 219.86018  203.0676   224.45259  213.6441   229.22385  228.04756
 261.39777  238.0887   224.23946  278.11252  214.55452  239.78975
 198.90558  194.75397  135.77994  211.13158  245.25119  163.006
 196.39778  217.05716  253.72145  158.32512  206.99748  194.72589
 205.23209  197.0215   222.94846  208.48918  168.03633  238.30124
 191.42328  234.93793  112.042015 264.4181   235.80965  209.45268
 215.84589  155.40741  193.67929  247.00906  191.92278  159.86806
 215.63225  178.03174  189.72026  245.99336  186.2137   177.64685
 179.96864  260.40225  194.14815  200.24954  196.58682  203.12308
 218.80292  247.67567  243.59648  203.18451  223.9159   224.36183
 197.40285  209.52834  222.41472  175.41266  202.76054  184.37555
 215.40698  201.39561  165.44135  211.9254   214.9344   253.49695
 176.00055  267.26266  234.56999  123.95544  210.31093  228.64807
 227.4659   186.39969  224.04843  193.87955  214.54628  267.9452
 215.32904  263.18176  218.91702  199.87762  147.29594  200.0272
 246.91428  204.32817  180.00189  188.90007  222.59988  205.55186
 229.47044  209.07112  158.479    195.72002  232.07779  194.71912
 196.48148  215.46182  183.90826  223.12196  192.2135   227.29126
 211.3958   103.399216 221.47525  189.70126  163.787    241.86566
 203.47511  223.77164  162.01878  162.59885  228.14479  218.11124
 249.25983  188.05443  236.10535  217.18983  228.63914  206.5443
 197.98592  195.73834  197.27014  204.79938  215.67088  218.3381
 238.27591  212.50146  235.91432  222.9249   160.12782  231.02667
 187.13095  218.18167  215.42706  215.04208  200.23036  193.78091
 262.36307  208.55106  215.10835  206.80124  247.8187   217.65355
 173.67502  192.41315  224.24577  192.16466  153.48322  203.93959
 193.66948  208.71754  216.8524   194.401    215.83864  168.96854
 226.81166  199.45682  197.07423  197.49626  227.12007  224.79097
 207.72636  199.05586  211.86407  198.28     197.00334  202.52826
 168.74579  193.63968  212.48604  201.55704  231.45123  196.12166
 180.7176   108.7884   223.91714  197.8211   191.99214  220.71635
 248.81575  237.18282  192.65083  208.92198  227.63496  171.5139
 178.4648   203.67622  189.20027  223.01782  198.01991  224.0602
 199.54474  193.7611   231.42514  208.9731   243.90233  187.38603
 208.9537   206.21391  195.47812  199.44865  336.64383  223.77919
 241.06987  204.70975  207.54167  193.04324  204.14417  216.77248
 187.61263  240.60983  230.19232  230.46944  212.91905  178.29173
 264.90002  202.37282  184.35254  219.25417  215.55258  218.12589
 118.05276  115.04999  193.08784  230.34557  195.92688  193.56552
 271.19025  226.9638   166.48434  231.09146  203.93793  241.21626
 248.98288  177.08508  226.46321  194.61269  207.3306   197.40993
 183.92442  201.71513  203.43903  210.8514   275.42844  153.32678
 193.39862  179.01495   75.65446  197.04907  243.7071   239.71219
 217.41893  181.23439  255.43036  234.03764  160.89708  225.44167
 213.43768  182.14906  204.64595  205.86107  237.90833  206.42181
 222.55031  218.8896   212.48737  211.3272   235.49051  177.01866
 205.007    168.02406  185.4241   181.53436  208.5712   211.99306
 243.10149  200.24861  177.21223  165.93579  226.65828  201.63322
 219.27298  145.69406  184.80957  196.7329   158.81088  219.4306
 205.18748  191.67323  205.97163  217.94966  200.71223  224.14319
 243.1795   203.13087  182.21692  211.58212  184.03084  180.57373
 233.3941   165.62437  170.55417  226.80154  166.5229   167.36531
 184.38339  176.59631  172.84386  145.67555  240.72021  230.77698
 195.74037  152.56548  140.18631  211.98248  224.04233  218.75635
 240.6684   230.93031  186.56868  203.53555  170.9507   220.23601
 201.2246   184.02753  212.1593   242.99353  229.37428  215.70741
 210.83217  180.14279  193.1079   221.49377  261.20825  227.66782
 215.1349   217.60805  206.77544  233.35526  205.60634  189.74997
 199.47194  199.93665  179.354    174.75122  223.26982  218.85385
 206.87947  208.022    219.55045  238.40375  223.70285  184.95615
 194.1445   240.2076   244.74503  211.50784   67.14355  239.33252
 184.05513  207.34282  200.82823  247.36699  213.68109  195.32365 ]",[5.037487  5.444199  6.969861  ... 4.895162  6.836284  5.4042783],5.6878767,0.2466498740554156,0.4302767078209537
7,4764,Transformation_Matrix_W,"[[ 0.02624498 -0.72536415 -0.42213303 ... -0.11124434 -0.00351487
   0.02501063]
 [ 0.06178601 -0.09031437 -0.06593045 ... -0.3490658   0.0498275
   0.07596528]
 [ 0.19014664 -0.08116336  0.44678906 ... -0.10338752 -0.64004093
  -0.26313898]
 ...
 [ 0.0732675  -0.05715752 -0.12163162 ...  0.24218939 -0.11909517
   0.28204095]
 [ 0.22231597 -0.325399    0.5652729  ... -0.50600797  0.37280163
   0.05143319]
 [ 0.1549752   0.19483958  0.17599393 ... -0.24154414  0.01457973
   0.46665633]]",,"[213.50659  220.22546  183.60268  177.17284  191.95886  213.8819
 210.21909  226.89049  152.91522  187.85889  164.11723  180.02892
 201.87306  202.80595  191.97784  156.51732   86.50666  230.25673
 170.4118   226.41884  160.7366   185.3944   203.53555  226.5048
 184.97495  209.50034  271.9906   195.08797  193.30379  173.57808
  92.40626  170.2788   226.01239  107.87286  225.72325  198.0931
 187.94592  244.57109  179.45184  187.63359  222.9942   223.13673
 200.70067  150.20587  197.94624  204.62022  223.55826  207.04799
 205.92993  206.54784  142.91681  228.61955  183.38121  183.73228
 158.63762  214.18657  234.6591   181.84006  190.35713  215.11963
 231.21744  239.09756  169.14946  197.26837  211.3846   216.41174
 141.32175  172.43231  186.92271  162.67775  222.4588   239.87833
 203.21397  141.81519  176.55463  190.01428  261.16956  204.43947
 174.54823  235.58568  197.22443  187.31     184.79156  221.03653
 181.2122   154.2513   225.79474  204.71284  211.28055  169.31052
 169.36696  236.7615   178.29787  206.67282  203.53719  210.45712
 213.17453  240.73431  184.11826  178.28908  205.47032  212.79604
 156.31471  212.94514  178.22418  186.56439  243.12294  231.54317
 207.93843  177.3811   206.13048  200.62447  162.95328  191.75726
 199.59709  192.22998  269.7684    58.645863 206.8429   192.57338
 246.27054  221.30339  195.00931  226.17558  179.3495   176.3435
 182.86288  224.52437   88.52398  209.76654  211.10333  170.36183
 214.74352  217.23268  210.44354  148.14719  185.00551  208.21861
 181.38701  189.17006  183.55653  169.56244  201.87646  171.70598
 180.65924  205.01242  190.92683  248.15356  186.94812  196.15079
 213.09799  210.85596  242.23045  194.92816  203.0958   183.10939
 195.76154  205.99753  216.74062  185.1933   193.94571  250.96262
 250.29654  179.66293  171.41898  177.67653  185.18736  111.02008
 243.2615   208.57806  214.81609  221.05183  234.78723  174.89626
 179.15477  165.64064  238.23114  203.57951  200.69315  228.8343
 184.36482  202.38538  184.17993  195.40843  184.43141  107.434616
 223.19992  235.37576  193.40697  210.58424  195.95924  184.16354
 193.51302  162.38342  259.7293   247.15994  178.36565  153.26077
 223.65965  210.66771  198.76114  244.70161  222.93336  214.95651
 155.38902  202.68317  194.13882  212.08943  264.2076   210.76964
 140.21921  213.22157  144.90349  209.48744  189.96721  206.6822
 148.96222  176.10782  198.58241  210.71936  194.3785   169.35617
  99.91593  151.85567  206.4242   229.0833   207.28383  252.24619
 226.69035  200.36324  230.88844  248.47787  152.42249  205.52034
 175.0092   224.37856  181.23192  199.01779  211.70673  252.06187
 205.52266  212.86319  249.48863  181.70975  201.36717  161.78787
 194.19083  202.7116   210.9009   216.90315  191.57376  217.23746
 210.31471  204.88283  214.36342   69.49982  158.13757  151.28424
 183.14877  242.30827  185.57768  205.05664  126.3185   201.80757
 264.07474  213.75105  204.23068  210.56648  184.63513  238.21547
 242.6931   240.05928  212.74419  142.21735  202.65273  172.55269
 208.58911  197.40033  204.62077  177.40143  174.8334   228.59328
 179.83873  167.27933  234.45642  214.69566  195.05011  214.51799
 211.54868  226.0946   204.49489  201.7476   181.80583  211.36525
 198.16505  223.15532  151.14699  207.46654  202.81253  182.33034
 187.784    252.1449   215.2619   234.52583  184.0074   219.75766
 214.35712  191.3276   232.25214  132.55978  217.75374  206.11702
 200.44305  196.47949  186.1641   211.6613   205.56343  228.1458
 209.33054  164.60983  188.12491  214.3982   217.44667  202.9306
 211.04253  212.85474  185.8008   199.62546  177.74605  207.3443
 185.51279  204.16806  239.46405  199.29521  214.48868  162.40965
 140.38586  218.07373  218.3848   180.8837   232.98494   69.544876
 228.58376  202.80649  130.86693  248.62302  205.67561  198.73546
 182.94926  221.1675   137.69618  196.9045   189.52216  182.97212
 211.21237  190.64252  208.56133  191.29591  230.44286  194.9249
 215.25403  191.1861   213.91745  212.90501  245.97638  208.40553
 209.83475  209.84576  170.42555  165.35263  232.41548  199.38997
 228.04645  217.62964  196.29393  201.086    174.60416  191.93951
 195.02197  286.01074  202.05219  189.23941  230.90343  188.1065
 191.98586   63.59101  172.70108  182.06442  218.8027   205.90591
 205.72023  184.4107   180.57973  171.82704  167.8266   216.88704
 209.11803  202.8608   216.05159  208.1341   225.48877  222.02618
 251.81827  228.76492  210.93024  261.79034  212.1181   236.31017
 196.47336  190.52121  127.72962  207.13626  234.9454   158.46768
 191.44925  207.9904   255.89574  154.73273  197.84988  187.13055
 198.45438  193.9271   216.18475  205.7405   157.9071   227.44644
 184.45526  229.42604  108.34312  258.25748  233.87044  208.19528
 211.78285  153.01462  190.73654  235.74162  186.59233  152.17458
 208.18163  174.83926  183.44615  232.82487  179.92157  173.04353
 178.94017  245.76555  188.20973  196.10599  194.73334  199.41609
 215.74077  239.28316  237.7939   200.63383  216.02875  221.54213
 193.24352  209.96371  216.02007  170.73846  197.5168   179.86713
 215.32338  193.59773  160.92816  207.50725  203.19858  239.04994
 176.16382  258.0719   218.75539  121.066025 206.00093  225.82425
 220.82693  180.4487   224.00363  189.55125  210.79617  256.57278
 206.52364  247.62996  214.00298  190.5471   129.78844  186.95274
 237.82138  199.90492  177.79474  177.82382  211.13716  205.73087
 223.29762  199.75746  151.55641  195.5553   221.29729  188.08623
 189.73921  208.67046  179.26457  220.79854  186.3444   216.1655
 205.34299  100.11087  212.19012  182.25851  153.56337  234.70415
 198.40477  222.19305  158.77325  158.23773  229.52269  214.8519
 245.6443   181.13956  227.64699  214.02757  223.95708  199.3097
 188.84857  189.76482  189.45808  199.21263  210.5067   207.92397
 227.01079  206.62733  227.35065  214.78615  161.34895  228.26866
 182.70369  214.21915  210.55228  212.4842   198.68921  192.22568
 250.23125  201.37444  207.94894  192.11755  237.11221  201.82436
 171.65027  185.45457  215.97435  186.91377  151.71954  197.2157
 183.90997  202.42548  215.8203   195.30656  214.08931  161.84023
 217.36067  197.30838  188.32037  200.13235  220.89612  219.40465
 200.33582  198.52333  210.32875  193.27652  186.92314  202.43459
 157.99193  185.87395  209.49988  191.40382  231.12073  191.95918
 177.56956   97.09272  220.60666  188.02945  187.39113  215.29771
 241.6631   225.76506  185.31418  196.97543  226.01466  163.7314
 172.88686  195.81696  183.60382  216.71463  192.57634  215.49968
 192.44762  188.438    227.67426  200.80344  228.98926  186.54204
 204.85785  201.39648  192.83461  192.14496  331.01535  216.25063
 236.00154  196.69789  198.46335  188.37862  197.00957  208.03017
 181.0883   229.9753   222.24887  224.2801   205.70587  175.81091
 258.1248   196.80186  178.50087  210.17151  212.47781  212.37503
 110.06917  108.9358   189.5027   225.35168  192.17055  193.51294
 259.2522   222.91855  163.10435  219.17172  200.78384  235.6267
 242.04195  174.89748  222.60303  186.40166  199.71472  194.6512
 174.92775  194.36082  195.98308  206.97714  272.56152  149.18147
 183.43706  179.04553   73.63077  196.13464  236.89793  234.53818
 209.32468  175.9556   253.68156  224.21558  153.26515  219.69019
 211.56589  175.75833  202.57814  199.98552  222.55026  200.09155
 210.80113  209.5956   204.01555  206.28197  234.05247  176.13545
 202.98787  158.67369  181.99825  179.7118   199.71986  206.62178
 232.9148   190.93015  172.07552  161.817    221.59303  198.01863
 214.57724  141.29395  178.23282  191.82184  156.15134  213.24713
 203.59375  188.22066  206.55551  216.33864  190.14214  210.55507
 232.43906  198.8793   173.60599  202.88298  181.5925   175.91292
 224.18279  161.39171  164.49054  217.28778  164.13214  163.89796
 177.93608  171.25328  169.36693  140.00676  225.09833  228.93784
 189.8132   149.09079  130.35097  208.85143  216.41849  209.25783
 226.53     222.12436  186.43922  201.08208  164.20284  216.05249
 197.92882  178.65497  204.22038  238.54776  222.27936  207.77219
 197.12163  177.94289  187.99901  209.31064  251.36743  222.22969
 209.77208  214.17477  200.07735  221.76508  201.44286  181.63292
 196.03036  193.43538  173.23885  171.57568  219.75058  214.62822
 197.59265  203.21309  208.34071  218.9497   221.94849  176.74922
 185.24457  236.45044  242.83736  209.96898   64.216896 234.35516
 178.21057  206.85902  193.94897  235.24673  196.249    191.8615  ]",[4.418672  5.4704504 6.567562  ... 5.206234  6.682046  5.6924596],5.602111,0.27546599496221663,0.45521363529745024
8,4764,Transformation_Matrix_W,"[[ 0.23915976 -0.2252105   0.02992849 ... -0.28001013 -0.26988596
  -0.01463664]
 [-0.16202012  0.16787939 -0.27626383 ...  0.26287174 -0.08979578
   0.19514044]
 [-0.01684219 -0.04510078  0.14590089 ...  0.07631211 -0.5647419
  -0.10081168]
 ...
 [-0.0573256   0.03927227 -0.2816575  ...  0.2696368  -0.37316394
   0.24735393]
 [-0.05751367 -0.06381243  0.21073689 ... -0.03636663  0.17425387
   0.1043166 ]
 [ 0.23454817 -0.06928266  0.20956981 ...  0.23959757 -0.27317378
   0.307168  ]]",,"[191.14322  198.71664  168.55667  167.54828  174.42223  189.57353
 195.82335  202.05408  142.38821  170.9552   156.0831   161.1489
 178.43536  178.20627  173.13309  134.35696   76.13428  214.00566
 156.0546   208.96132  145.53246  171.50813  192.00975  199.41696
 166.05977  186.58902  243.53722  181.74638  176.34319  157.25552
  85.639694 157.88985  207.89304   99.74817  206.6892   180.28633
 173.53563  222.45767  164.98381  166.13931  202.23895  207.6775
 183.94443  135.6056   182.11868  186.73871  204.53     186.94139
 187.45233  190.3866   125.951614 202.61012  168.29683  168.12158
 143.20465  193.50763  215.56284  159.6086   176.92554  198.65909
 214.68765  210.10742  158.71494  178.40659  198.16338  199.43503
 130.10768  161.86583  173.56271  149.6858   201.5942   221.44466
 189.02042  128.15942  162.21555  172.13425  237.61989  177.35504
 161.34335  217.58022  183.31293  165.48012  169.4839   198.31572
 158.71016  142.91513  206.80429  185.91194  194.40642  155.9888
 148.70331  217.6398   168.42783  186.13225  185.07602  195.09029
 188.4188   215.40233  170.27689  164.6649   192.34378  191.9329
 149.95352  196.19913  165.92395  172.48799  216.28853  207.8971
 191.40067  164.80585  184.60678  185.82613  151.32011  172.24895
 188.06519  176.84418  252.01065   56.413624 189.59212  176.5016
 222.56549  203.72556  177.8804   206.79802  165.08199  160.34167
 170.0445   201.29807   77.53953  185.458    198.8537   156.36224
 198.95782  199.42409  192.35378  139.33492  168.3716   195.49507
 167.33281  174.11113  171.20227  154.93117  186.64572  159.50531
 166.49457  185.35718  178.2458   228.13979  172.96854  183.43361
 194.17175  192.51285  225.18213  177.90689  182.29173  173.8443
 179.71529  188.21425  194.53517  153.69316  174.80975  229.29884
 224.62251  165.70657  160.44504  158.64096  162.1892    93.35276
 214.88066  186.31775  202.1654   197.86719  212.02202  156.19316
 163.85745  149.21909  209.15283  192.67488  178.24161  204.17703
 169.34752  186.3487   167.38768  184.5777   167.33858   98.81533
 196.80034  212.83812  173.81921  192.24004  176.12457  171.49194
 183.34763  151.31537  234.89821  223.66908  159.16011  140.23183
 199.61278  189.6885   188.69528  211.59227  202.99275  196.77464
 139.50058  186.15787  174.84541  198.7976   230.84479  192.69412
 128.18065  206.29068  129.36491  183.3605   170.78978  186.27196
 136.51047  161.66359  183.4508   189.56754  174.02513  161.60684
  90.92726  141.00887  188.32465  209.8229   195.1594   230.50423
 205.49146  185.88594  216.69315  229.46756  138.4124   187.43661
 160.30327  208.10762  165.29553  183.28764  191.90218  223.09782
 180.94244  193.65207  224.49362  167.8627   181.69943  147.2803
 179.08632  185.2073   193.05516  195.32304  178.76569  203.18997
 198.39351  192.1554   197.34439   59.689663 145.29007  133.88364
 162.22336  224.30281  170.2436   187.94498  104.738525 184.17369
 240.27213  198.54768  182.80594  202.7255   173.77715  220.78387
 221.1052   217.64638  195.09077  127.058624 184.99945  160.92532
 190.96806  183.31139  185.3004   162.13602  160.47064  204.40489
 164.37102  149.13962  209.22185  195.13928  179.58652  193.00325
 191.47845  206.94524  187.0602   181.09602  167.82445  192.3525
 185.55022  201.1841   142.68271  191.34308  182.70375  168.73349
 171.49986  222.88272  192.84799  211.75587  168.31091  195.38177
 195.87463  176.37141  207.80688  117.29324  199.27861  184.08919
 176.36519  181.79102  175.97127  196.65634  192.4475   206.76378
 187.81313  150.76402  176.7843   187.53139  196.17723  188.41974
 194.99376  188.41902  173.38504  183.5153   165.98625  191.63556
 172.39105  197.00633  214.24112  185.8258   193.98009  147.09215
 122.34243  198.91965  198.45569  164.56471  209.55295   63.54075
 205.91925  181.5757   114.03872  222.9701   184.7727   179.52194
 166.30199  207.36221  119.00554  183.6299   178.48581  168.44083
 195.5901   180.40987  185.33464  175.25035  208.8145   169.88744
 200.18184  171.78995  196.26892  191.03006  225.3048   189.44954
 192.9114   190.08298  159.24431  157.52573  215.97964  185.83212
 202.17816  201.09917  179.85641  185.603    153.10886  172.06966
 171.39531  255.8426   186.12689  173.46056  209.51418  167.32582
 171.4387    56.1978   154.29324  160.00246  202.17497  183.16353
 184.60153  166.76016  170.57664  158.37816  153.56802  196.87073
 190.85985  185.84346  197.77176  195.19797  210.54509  204.28601
 228.37483  212.10236  195.87729  240.58516  190.61313  220.3987
 178.76959  185.01482  110.72572  187.45044  210.64896  139.66447
 177.37018  193.11876  235.5554   143.697    179.74847  174.74919
 174.407    178.16418  204.54555  184.98447  139.90996  206.32297
 169.05463  211.09514   97.60975  226.02602  216.72476  188.68741
 191.98726  136.73653  172.79247  215.13829  173.38965  139.5762
 196.06187  157.769    165.00201  220.0625   157.95541  159.98648
 166.11815  213.58122  171.88824  179.406    170.74504  182.6672
 191.56592  210.49565  222.10506  188.29774  188.50412  202.47586
 171.1843   194.13724  196.98079  157.37952  185.22841  171.1787
 196.06755  171.92064  149.50497  194.07109  190.96312  219.25368
 162.71713  230.12854  199.52301  112.00701  183.28915  201.07129
 196.86433  170.50201  203.31647  174.64215  183.99261  231.5726
 188.22595  228.83633  198.7422   177.92497  111.074905 160.74535
 216.84741  182.64133  163.33345  159.09306  194.10919  181.11646
 205.42487  186.11034  137.32886  179.40334  202.7636   176.85315
 167.57166  193.8926   169.38002  210.65204  167.3833   203.54915
 188.00041   89.45951  197.65593  168.71283  138.41287  222.33528
 180.20107  195.64624  145.2042   150.34917  208.17026  197.0811
 221.50398  162.88254  208.45189  193.07303  195.81279  183.83961
 167.83473  177.98354  175.82587  183.61002  197.3574   189.05531
 213.9373   189.5496   207.66733  200.87764  146.98291  209.15384
 169.47781  195.33777  194.11823  196.24615  179.94385  176.3668
 225.17227  185.09734  192.17537  182.52715  207.89362  186.49641
 156.13419  175.91232  200.70547  177.86963  141.75972  184.83228
 167.79674  183.87805  203.08524  177.572    194.46935  147.14455
 201.45425  180.05075  176.39635  174.1757   199.22711  190.07515
 181.08926  174.6102   192.33237  177.15376  170.96805  190.16159
 140.93199  167.24698  190.54266  178.61859  214.43066  176.37318
 163.38551   82.46702  205.30028  172.6629   168.09067  194.96025
 214.36696  206.75084  166.09354  172.89343  208.6675   152.63835
 166.83287  179.39551  170.39201  200.53305  182.14441  200.02309
 168.03297  173.01305  205.72989  192.45155  202.65543  167.23848
 189.78365  182.7727   174.39114  179.45705  315.2481   199.98419
 209.81294  178.24829  186.34578  182.78607  178.13971  183.8279
 166.36014  207.16173  201.05083  208.0631   188.8882   162.60725
 233.8219   181.15714  161.61981  192.01134  199.63399  197.54973
  95.15939   97.21244  175.49701  203.19148  175.40135  178.08961
 237.15353  210.14316  149.53732  198.42664  176.0785   208.62846
 215.61113  162.2193   205.89195  172.6814   187.68428  176.27313
 159.18582  176.69533  181.23698  192.1858   243.16373  137.31111
 174.54703  163.99565   69.23767  175.44835  211.9643   208.02339
 188.32094  161.25528  218.19833  203.9188   141.25877  197.91736
 194.47496  157.39508  178.61101  186.94177  200.556    182.34761
 190.68149  195.77173  192.02676  183.9561   212.36823  159.067
 186.8387   143.11209  173.70834  163.41872  182.39352  185.40181
 209.33423  177.9381   157.77374  152.3605   198.25757  178.13316
 199.11813  136.35776  166.49348  182.93355  144.86243  202.22281
 181.19215  175.0114   184.30408  194.40254  172.53244  197.88013
 209.30528  184.17035  159.3647   191.90509  171.24084  160.21272
 208.29465  144.43896  150.74223  204.35406  143.85246  151.66809
 163.25333  156.64067  153.43954  130.60092  204.85217  207.51732
 180.70099  136.5527   111.47329  191.12457  204.97337  192.23897
 208.60448  208.37537  171.43018  187.29681  150.79562  198.89081
 181.78116  166.71909  182.0768   217.33853  201.94844  188.59311
 186.72697  168.44571  171.52753  181.10088  226.13791  206.26651
 192.53699  193.92879  180.72421  206.37787  183.17859  169.45572
 177.91867  176.69708  162.999    150.02821  201.08502  191.52599
 189.386    192.86784  185.88713  202.63896  201.08417  163.0117
 168.33658  216.85123  216.84024  190.27757   57.107822 209.44345
 161.68648  183.95331  178.97765  211.80864  180.3015   177.03867 ]",[4.3798327 5.611411  6.856415  ... 4.728839  6.7589827 5.4985394],5.348716,0.3694206549118388,0.5254018980398822
9,4764,Transformation_Matrix_W,"[[ 0.28060654 -0.23273112 -0.00490108 ...  0.10367977 -0.03197648
   0.08815204]
 [ 0.01870024  0.5089628  -0.12176738 ...  0.21035    -0.16268219
  -0.06610879]
 [ 0.09937089 -0.11137937  0.3683296  ...  0.23345187 -0.18414696
  -0.04018846]
 ...
 [ 0.16256085 -0.10721301  0.06291807 ...  0.4287695  -0.01783552
   0.07557182]
 [-0.16238192 -0.14187565 -0.01280054 ... -0.04685827  0.51657456
  -0.01036685]
 [-0.012797    0.04072285 -0.00499266 ... -0.01517394 -0.09553949
   0.40473995]]",,"[160.67381  160.14508  141.39348  137.88512  147.12927  160.70561
 159.12575  171.01805  118.13941  145.5801   128.6273   135.75
 148.67574  143.09335  133.91565  111.27126   62.899082 173.3881
 130.31766  180.05307  121.87541  148.42928  153.37495  162.2404
 139.3485   159.50925  191.90128  152.44395  143.82005  133.98715
  70.90015  134.10527  159.15144   80.8004   174.42578  144.41606
 150.18883  174.90154  144.0148   133.77531  166.40805  173.82057
 157.27449  116.52687  153.34465  144.67854  162.69817  143.03258
 155.47864  161.39511  101.13658  172.2739   133.42589  136.62367
 123.63588  160.51321  178.71329  129.39003  147.00758  159.32661
 180.26112  169.44872  130.52087  140.98386  161.35715  170.59445
 107.45631  135.30307  145.14995  121.35917  160.84363  180.77754
 157.10596  103.66093  129.89558  142.22427  190.167    146.7511
 135.24178  170.2806   155.8393   129.34546  142.6942   152.03299
 130.95218  120.77446  160.98247  149.54814  152.70534  125.363495
 124.80317  166.46132  139.85577  148.97417  145.38242  159.303
 148.85736  181.6559   134.01048  133.27179  158.46872  159.48994
 120.78999  163.17035  138.33672  142.69089  171.54909  164.69884
 155.69708  138.30269  155.2752   158.51439  125.752655 144.10861
 155.5876   147.53325  201.50082   47.97436  149.57812  145.3872
 173.18105  165.96135  145.56387  173.975    131.43626  131.30951
 140.41704  158.84859   65.79514  160.5247   162.62376  128.34366
 154.38739  161.31587  153.58434  113.394295 134.45267  164.33359
 128.39055  137.77338  144.92833  132.157    151.63724  132.55362
 144.7024   146.01953  141.29501  185.26385  142.96841  155.86739
 158.48915  154.2742   178.42947  149.6734   149.83144  153.49884
 142.41006  150.35378  155.32094  117.96275  138.26186  185.27092
 195.24033  132.6158   133.68762  135.78958  131.9361    75.78983
 177.80592  152.61028  161.69746  156.20827  173.76929  123.17366
 131.73409  119.490974 174.00168  153.64626  155.53992  155.83723
 144.211    151.37256  135.59695  156.05713  137.92406   81.54859
 161.91502  170.31291  141.61539  156.84402  145.92702  138.47122
 150.05037  130.02702  187.84871  183.72789  132.82031  121.85219
 160.77507  160.58066  147.8386   166.50233  165.00949  156.60516
 119.0614   155.70874  144.69377  152.20232  184.09439  163.30847
 108.569145 169.23256  105.951515 151.16823  140.76457  145.3346
 115.4989   137.65443  156.32515  162.7308   144.14737  134.31497
  79.90914  121.6522   151.09872  171.81116  160.19322  191.23581
 163.84225  151.17024  174.0655   189.19553  114.92795  150.49028
 133.5892   165.3398   137.96121  152.68523  155.93863  179.67564
 144.79688  160.45819  179.55571  136.6684   153.36122  123.46418
 139.70003  156.32164  158.39185  163.5      145.97316  159.33228
 158.05817  158.95291  163.46936   48.567497 117.79663  109.98874
 130.79395  185.8045   136.6636   144.5113    82.32524  143.17404
 194.39476  164.79185  145.74493  155.16997  138.13046  186.0885
 166.23012  172.31818  162.84251  108.48975  154.16531  138.01192
 157.9611   147.25795  151.62708  137.51686  130.37035  164.83861
 137.19664  125.56371  168.96715  161.41557  149.27104  162.74399
 153.94865  168.20634  154.01825  148.97751  137.14246  152.11307
 151.4811   166.6382   120.94659  161.67456  148.65723  139.2814
 139.83896  169.3038   153.38225  171.99481  138.82231  161.39302
 155.50772  143.02512  158.44884   94.79677  163.30852  140.6029
 147.65877  147.24261  142.06459  164.3658   158.7968   168.99464
 157.0866   125.52666  154.22269  144.56662  160.16643  157.28336
 161.29544  157.15024  140.29416  149.08687  131.6257   159.03477
 138.95518  152.33023  174.42502  157.82649  159.9271   127.116264
  98.4255   161.05658  165.93124  136.11873  168.73929   52.79588
 174.78926  146.38687   90.842476 178.76337  147.99069  147.68153
 135.21532  166.63959   94.85758  153.73587  147.32886  140.30295
 157.9629   145.9325   154.28166  144.57742  174.19972  140.06801
 164.54495  140.70302  160.55176  154.32959  184.94386  151.22156
 159.7239   153.72198  129.73344  124.56796  173.56508  152.43768
 162.4712   164.1279   148.43658  153.07715  115.47832  135.54231
 136.65271  203.9325   150.829    147.87996  165.10745  137.26144
 145.33276   48.53728  133.82562  128.85196  164.56929  151.35431
 148.32242  140.25142  129.61221  131.91307  120.6689   168.90472
 154.06128  147.9647   161.20908  160.58751  169.76434  173.59338
 181.85414  176.86812  159.80966  186.03935  161.81458  170.94824
 148.9932   146.8896    92.30374  154.4313   161.38771  116.355156
 146.03358  159.66623  180.76816  117.91857  141.01866  137.3489
 146.42131  149.61995  170.21199  148.99187  110.14577  164.61333
 140.65182  171.88414   82.00633  184.19199  175.40314  157.06052
 153.58109  112.31242  143.9059   179.00914  149.93459  121.83998
 160.77597  138.54716  137.11896  174.73018  127.31557  131.98894
 135.71251  176.48997  142.69333  139.85744  137.94931  153.41486
 156.03949  164.51067  189.93367  159.41551  153.97975  171.75821
 140.29381  152.38297  162.99054  131.66333  155.94995  136.99652
 151.38757  135.72993  128.56693  155.65732  154.78764  175.7128
 131.84787  183.50919  166.33969   90.859215 152.77055  172.28043
 157.51236  147.42146  166.35733  149.94086  143.69931  187.42354
 155.98756  172.83351  168.40845  145.9224    87.344025 124.260605
 179.76712  150.63509  135.87259  126.43287  158.88283  149.66718
 164.87532  156.04546  105.48373  157.34145  164.602    144.4603
 136.25685  158.50157  137.03903  174.64499  134.58723  163.998
 156.49559   79.83567  162.09258  133.92627  110.44508  187.53645
 149.52191  165.73744  120.01423  121.9387   165.10811  158.03513
 173.7949   139.33751  169.33972  169.46014  159.6606   141.18776
 135.40024  144.51712  138.94019  152.39351  161.27704  147.40872
 170.88933  158.42159  171.90767  163.32304  124.27984  165.11292
 145.72243  158.60428  161.32004  157.7858   150.13437  143.22919
 172.13914  144.35637  159.62996  143.82361  165.84882  144.693
 124.967316 143.5631   165.25502  147.11244  121.054565 152.48743
 143.31496  144.36443  165.21231  144.37357  161.652    124.244156
 157.62302  139.62141  148.00719  139.9764   159.75392  159.58794
 147.38806  149.36852  162.97614  144.10161  136.61533  158.35234
 108.36969  141.60526  155.26509  143.24529  182.02524  136.9228
 131.3649    65.82617  168.54729  138.04228  140.7908   152.60045
 178.14726  176.11649  133.33913  142.22241  170.4367   125.95384
 139.14806  149.21664  145.2638   158.53201  147.08185  159.93207
 139.9234   153.29028  168.48152  158.8822   162.80225  138.38776
 153.25818  150.72198  144.46092  147.93411  287.27994  161.04468
 162.28154  145.41055  146.69388  144.27318  140.12767  152.88025
 141.0363   162.50461  166.08052  173.45462  154.9795   136.60483
 186.43391  144.97299  136.78261  158.4529   162.15282  152.43727
  76.848114  79.34777  144.34637  166.60956  148.76172  144.0195
 189.22519  169.0616   126.114876 157.4153   145.48102  174.55153
 177.98953  124.9878   166.55829  144.1577   151.60739  143.93335
 135.88702  146.83968  148.09583  151.45221  197.39912  114.45651
 145.98267  133.04852   54.93878  137.96349  173.2519   168.50792
 155.19307  129.74924  182.91296  167.39317  115.257195 163.55667
 161.16345  129.50471  150.6496   158.57161  157.04085  147.34166
 155.41617  161.43747  154.9685   152.5946   173.89497  129.37265
 152.98138  112.92313  140.52492  134.18694  157.45003  151.8083
 167.67984  145.38895  125.92868  125.354256 157.86911  145.71085
 167.81642  112.565956 137.10036  153.80518  117.35589  159.74306
 141.41966  147.8519   153.28955  159.82257  145.45354  164.84056
 171.84294  151.33179  134.85474  161.18512  139.61246  137.16362
 171.10506  123.95174  122.929276 173.22243  124.56904  120.628555
 136.93498  134.84012  130.65341  105.74682  169.19844  171.96588
 146.82645  116.680695  89.67968  155.08922  165.08644  154.94608
 166.60094  166.24014  142.40256  155.27826  125.28426  164.05544
 150.51428  136.35353  150.2492   179.05426  169.75197  145.01537
 159.89989  131.81284  144.11841  150.00381  179.24597  166.80812
 155.26558  163.24278  149.49081  174.34975  148.3164   140.51265
 143.97684  141.57242  133.37057  129.59163  164.70622  151.87712
 149.69077  156.1047   142.06314  162.26337  163.56062  133.4798
 143.7705   166.68481  172.10193  151.81459   46.384514 170.94064
 139.09332  154.8566   148.08794  164.7286   143.26897  149.51273 ]",[3.9575105 4.8730903 5.6063457 ... 4.5901113 5.471882  5.3257236],4.8225083,0.5265994962216625,0.6450271985921829
10,4764,Transformation_Matrix_W,"[[ 0.55166066 -0.09012821  0.09380489 ...  0.05116709  0.08744091
   0.05451883]
 [-0.01934261  0.6315382  -0.02599321 ...  0.08334329  0.02400352
  -0.01517635]
 [-0.02981393 -0.03554678  0.4749876  ...  0.06613582 -0.06035291
  -0.05829015]
 ...
 [ 0.06728794 -0.06277142  0.00797357 ...  0.56513643 -0.07033506
   0.09533326]
 [-0.14435588 -0.05886225 -0.02127283 ...  0.0144836   0.5479827
   0.02357243]
 [-0.02278312 -0.04636547 -0.07384244 ... -0.01525339 -0.05769559
   0.48767093]]",,"[108.29418  107.44033  100.70419   94.54004   98.03893  108.16612
 109.28849  114.1187    82.772865  96.66065   90.93011   89.81813
  97.7795    95.850784  94.388     80.60246   47.335693 120.600815
  95.636116 113.41113   83.47923   97.83429  107.06866  110.95144
  95.367836 104.88774  129.73886  100.97569   96.299484  91.42008
  52.15973   89.58924  109.41931   60.485    112.715164  98.38839
  98.64417  114.07115   94.84901   97.69537  115.332756 118.666855
 103.32759   80.00729  103.91083  101.94635  110.46474  101.208244
 113.438065 109.729256  72.74225  108.26991   90.62531   98.01686
  87.14797  109.76098  115.71718   84.6167   100.57317  106.40228
 115.516624 106.1727    88.5953    97.10962  104.34267  108.16916
  72.7026    93.23866  100.912315  85.81702  106.4758   122.10328
 100.61623   75.61718   89.74156   95.182045 125.799675  99.97301
  92.67366  108.78467  108.32885   93.98687  100.50179  103.19748
  94.507385  80.98201  103.41839   99.67421  104.54195   85.191246
  87.37768  118.42531   88.9263   107.363884  99.34473  107.46303
 111.52424  122.34931   84.742096  95.83925  108.88625  105.26788
  79.333046 108.531586  94.13351  100.84995  116.73681  117.05165
 111.22733   93.79918  109.485245 101.30161   85.56041  103.18861
 108.50255   95.28775  134.63496   39.98936   99.28694   92.65694
 114.921074 110.18444   97.58524  113.60042   85.29658   95.656235
 102.741516 110.69775   52.39333  108.432365 105.430374  90.29211
 105.53761  112.427704 104.21182   80.10052   90.69502  116.14844
  90.159035 104.29265  100.11505   96.51764   99.97035   89.9644
  95.9617    92.51944   94.73504  115.97441   98.61995  106.31023
 105.545235 104.36772  120.57292   95.55102   97.27252  100.80098
 100.05714  102.16752  102.54045   81.79416   93.231125 125.01005
 127.4308    93.31098   94.19006   93.43054   89.1202    59.83215
 123.332886 103.43906  111.410194 106.846054 123.30015   86.001656
  93.3529    88.868996 120.86216  105.95216  105.92833  111.50109
 102.237076 109.677185  91.931206  95.41882   96.97253   62.25691
 103.76968  108.63273  103.58879  105.1673   102.447914  95.73174
 105.93004   84.08662  116.4972   117.64337   91.28181   89.00239
 111.52785  106.70505   99.14314  106.14612  110.51349   99.90805
  84.660385 103.87005   97.72752  101.090935 120.45866  109.16618
  80.05     114.78299   78.194786 108.53389   96.699394 105.87296
  77.369     96.39771  103.11526  101.89707   95.90925   94.13254
  61.413166  83.37568   97.78415  115.03199  110.984474 120.86844
 111.31734  102.16618  120.2677   121.7625    77.65759  102.05732
  93.4313   100.02199   93.89974  102.52264   98.535614 120.366325
  96.02648  106.622246 112.6326    92.84661   99.21359   85.60845
  98.906136  97.75748  100.77071  106.19915   97.47642  112.431885
 104.05491  107.34123  107.1422    38.534428  82.399994  78.223946
  84.88589  125.75216   88.92006  101.34991   61.315357  96.075424
 122.372345 105.84075  104.46752  103.90299   95.135315 124.46819
 115.48551  113.96054  104.680046  72.423035 106.869995  99.48929
 111.84947   95.088455 105.22452   94.654396  89.25384  106.21001
  93.789474  94.68155  121.2334   110.07882   99.50565  108.39355
 105.23377  111.84991   99.75783   93.79451   96.3799   102.643776
 110.526184 106.69784   85.755615 106.85656  104.3885    99.587875
  96.73545  115.236176  97.946724 113.818016  94.16053  115.67846
 101.72948  100.746704 110.68387   69.47963  109.68167   95.95882
  99.523384  93.2748    92.05928  107.320045 104.66686  114.70975
 112.38495   83.57413  110.43063   97.39192  106.36722  103.97214
 104.87467  109.99303   94.13059   96.46297   91.74257  112.30479
  93.11218  100.91219  117.60729   98.986435 109.00487   87.36735
  73.34594  112.14768  112.91553   93.18961  112.63355   39.535313
 117.37165   99.93423   66.71289  113.06304   99.18523   99.05108
  90.64978  114.62482   68.377975 101.55202  101.00774   93.44403
 110.25319   92.56733   98.731285  97.417366 113.953735  98.61681
 105.36065   95.255394 105.726135 107.12242  120.85623  103.02009
 107.468864 102.00643   92.91881   87.242485 117.167915  96.93878
 101.33919  104.4013   101.861694 101.52104   81.27117   95.6647
  90.534065 134.64156  100.75433   97.49798  105.32991   89.61588
  97.502655  40.31194   90.85895   90.304855 107.435    109.50299
 100.28285   88.352516  95.190315  97.70073   82.24509  113.5946
 103.048996 101.89519  109.35925  104.52681  120.23988  107.2819
 116.765854 122.829865 109.93743  129.94363  109.41841  119.369934
 102.88015  101.031334  68.66579   99.46612  111.521774  82.83336
  96.47581  103.35633  117.979614  89.46448   94.51497   96.55368
  98.771736 102.43891  116.67489  101.605484  79.311295 108.2105
  99.14416  114.75857   56.943005 123.82286  112.68608  105.76562
 107.93042   78.61199  102.35377  124.03112   95.344925  87.48045
 111.34256   87.921295  97.034134 121.8737    90.14053   92.16474
  93.186714 118.09382   94.03599   97.58252   94.34809  104.545
 103.86091  110.472885 125.79928  102.96469  100.511795 120.06839
  97.60763   94.99252  109.7879    89.72306   99.5134    95.778366
 103.56551   89.57883   88.74229  101.34448  106.67729  119.35325
  93.12195  124.35797  114.64209   62.114277 103.07539  110.265816
 106.58966  101.187965 110.35375  104.670685  98.70903  117.93447
 103.87635  113.73442  114.79918   96.83432   68.126114  84.68119
 118.386475 100.879944  96.930046  90.20963  105.26696  101.86689
 116.936005 104.34757   78.49923  104.670364 104.231514  98.21854
  94.53122  104.78067   90.69496  123.80304   90.678375 106.95778
 105.68631   57.894413 113.17531   95.077805  73.7745   121.47556
  95.8698   107.16778   81.27899   80.24407  114.44117  103.793106
 117.61642   91.143364 111.91129  114.04119  101.166794  93.8852
  98.762794 104.194016 100.95973  103.998375 104.336235 105.02434
 120.28247  107.26118  114.99949  108.14508   93.81397  110.695366
  98.05898  100.79038  102.047646 105.21436  101.26183   99.02924
 118.60012   94.99372  105.44924   99.77234  109.244194  97.25707
  85.801575  96.711334 110.023094  93.35517   81.895485 105.40396
  97.082115 109.29103  110.16547  103.32472  107.8743    87.22769
 105.611984  98.23019  103.28156  102.00812  111.068306 102.08804
 104.382866 102.35997  104.0464    94.59025   95.811134 100.983505
  75.02355   94.57121  108.66726   97.64118  118.031975  93.58135
  89.68592   51.75703  113.8241    99.701866  89.52234  100.44047
 117.69583  109.64746   96.06111   97.54592  111.953896  82.06662
 100.39166  110.69649  100.75452  110.10728  101.620514 107.69513
  89.90223   99.375206 111.798996 104.18201  109.58154   88.442154
 104.98119  100.82615  102.09598   99.31864  235.20845  107.82109
 107.55908   96.96051  103.85945   97.213974  97.7259   104.17144
  90.17035  106.412605 112.60635  111.81695  101.88056   90.82544
 125.36902   95.76269   94.57715  109.9975   108.91902  102.265755
  57.39461   60.89015   95.122795 111.62544   97.21596   99.90639
 124.422935 115.28271   88.481804 107.59571   92.795586 112.58835
 120.149826  82.92883  104.30096   97.997986  95.40349   96.44695
  96.13806   97.809235 103.52588  105.866745 127.698235  83.13966
  96.49644   92.00962   41.576225  93.75713  116.22233  111.28724
 107.00423   92.20227  114.817635 120.57333   80.16429  109.7386
 111.497345  91.33184  105.32609  103.543106 106.892654  98.35439
 106.7821   111.92888  109.51044  101.12482  110.887695  86.44309
  98.86612   82.18213   98.82922   95.54788  107.55637  101.61284
 113.978134 100.54425   88.54489   83.90044  107.276695 102.40533
 112.82718   79.901375  94.49882  107.48559   83.68521  108.819725
  98.96463   99.7902   102.468864 103.44472   96.15053  111.19304
 117.96079  100.13668   89.77021  105.82781   92.715744  93.870384
 116.67804   87.82679   88.5693   117.75994   85.57839   85.23613
  96.742836  88.449356  86.32417   75.25177  112.02067  119.19951
 104.53112   79.67136   64.74817  105.83413  110.6528   103.24344
 106.19366  111.69226   99.029274  97.54814   80.63754  103.5282
 102.57167   90.65678   98.392075 120.121735 110.54183   97.6384
 111.54412   92.51694   96.50876  102.47314  119.94725  119.197365
 105.70709  107.38602  100.435    119.579926 101.7129    95.143105
 105.29954   95.11688   90.98681   88.29996  111.07976   99.59128
  94.35501  111.631874  92.424706 110.2588   110.18866   97.97672
 100.71206  105.815315 112.65488  106.557526  36.642162 113.35675
 103.11717  110.923004 101.58441  107.763374 102.4655   103.69073 ]",[3.798375  3.4328532 3.239038  ... 3.1891096 3.232675  3.5477254],3.9581668,0.6736523929471033,0.7783281473484837
11,4764,Transformation_Matrix_W,"[[ 0.6349088   0.01901448 -0.00613447 ...  0.0207484   0.06539907
   0.02097049]
 [ 0.00189373  0.63780075 -0.01775905 ...  0.08011991  0.03055646
  -0.00525831]
 [ 0.031767   -0.00373872  0.5500764  ... -0.03079814 -0.02071761
  -0.00175183]
 ...
 [ 0.03474484 -0.00789685  0.00141001 ...  0.65016586  0.05301005
  -0.03918892]
 [-0.04080068  0.03739916 -0.00836718 ...  0.00583747  0.63246053
  -0.02518363]
 [-0.00650376  0.02097834  0.00351294 ...  0.03942105 -0.06342234
   0.6165244 ]]",,"[ 84.98687   88.24598   80.91144   73.78684   78.96836   86.896866
  87.60123   88.579666  67.547874  72.53832   70.40827   69.142525
  78.96799   76.280106  75.79149   64.54712   39.30954   95.794106
  74.754585  86.45768   65.13129   75.40302   79.34341   85.15792
  74.26914   80.48681   97.96056   76.0324    75.55264   75.72064
  45.74315   72.03121   84.31951   46.44311   90.76075   77.652336
  75.90622   91.72597   75.92247   75.78254   91.91889   87.71304
  82.99764   61.766167  79.51618   77.83269   86.892296  74.39988
  84.078606  81.57264   57.131233  79.78775   71.53061   79.46915
  68.74079   82.26506   86.02229   66.422295  75.176315  80.76901
  96.39323   78.93999   68.19051   80.24612   79.00896   78.75216
  56.203915  77.16075   76.422585  64.89743   83.27319   94.21537
  77.05417   63.874527  72.228745  76.86367   95.14071   81.28513
  72.89118   86.927895  84.41468   75.77929   76.05876   78.430756
  74.614876  63.719086  83.909615  82.103584  80.80439   65.9273
  69.35486   91.92287   69.845764  83.49583   80.484055  82.945244
  83.83554   93.8934    66.91824   73.393616  85.15049   82.205475
  64.451065  87.026695  74.82531   74.55907   93.016365  90.20775
  82.34815   72.36635   82.103546  81.22967   66.09821   77.98819
  83.671715  73.44359  103.313484  38.226437  79.75418   76.19241
  93.23914   83.16654   73.94257   87.491234  65.94462   79.23735
  82.23029   90.0228    45.412033  84.21509   85.04767   70.935074
  80.15596   86.35564   80.3912    61.99446   71.34046   85.65521
  72.0375    81.54369   78.283966  71.19195   79.66553   69.329506
  73.4969    75.88116   73.970314  90.600914  77.66044   81.16933
  84.9126    79.51803   92.54686   73.66235   76.97988   77.92976
  78.47347   79.367325  84.22596   69.330086  76.76851   96.22731
  95.39866   72.40524   73.66833   74.25294   70.55352   49.58427
  93.561615  80.797676  86.24009   86.65682   91.15563   70.17273
  74.46866   68.22184   95.68478   77.65825   82.31604   80.86727
  82.207886  84.04167   73.22575   73.78144   74.25126   51.95894
  81.11645   86.19882   80.89818   81.163445  78.983986  77.009094
  82.79546   67.208244  89.013985  95.39409   73.09651   70.30321
  88.854324  86.301285  75.67932   85.673584  87.160774  79.749825
  66.22498   80.21175   74.61166   79.05595   94.82558   80.56051
  62.764545  87.05767   62.423603  79.2977    75.697266  80.32405
  65.12404   72.73662   83.27767   80.58264   78.35855   75.40407
  52.14921   64.03017   79.71708   91.33916   82.00761   91.71183
  85.333046  78.94882   87.75138   97.23008   60.99636   82.429344
  75.550766  77.804245  74.53254   78.16401   78.19586   96.673035
  76.19979   82.88447   86.37671   68.57751   75.120094  67.110435
  74.71025   82.94195   80.469376  85.966324  76.67268   84.76583
  81.85746   86.28891   83.26744   36.636887  64.41699   62.221844
  66.67866   91.83076   72.17624   79.56968   54.755856  72.60029
  95.349075  82.55407   79.77608   83.43706   74.37286   99.87628
  90.67973   87.9748    79.88027   57.093037  83.70138   77.92655
  87.89594   75.17255   83.27852   73.87443   69.656654  83.37278
  74.95251   70.699875  94.12894   82.93189   73.07327   84.480705
  82.05794   85.18183   76.597916  79.07267   73.3859    77.491196
  83.38395   86.95611   66.16952   82.69387   80.19414   77.43395
  76.03184   89.042366  77.98863   83.57394   73.83076   86.70484
  82.01739   76.34057   82.8471    56.921726  84.07431   75.89784
  77.76312   70.11265   77.005005  80.73927   87.67234   90.47016
  87.633865  67.30497   80.20036   75.35736   82.966934  80.31293
  77.131546  87.299164  73.08357   76.87624   70.77342   84.35262
  74.583305  80.26502   96.01153   79.00322   83.978584  70.82383
  61.761444  86.42289   92.24891   76.37825   85.95354   36.33076
  90.7915    82.46441   55.307537  88.7967    78.7385    80.80039
  71.31838   90.14939   55.7053    79.47443   80.267     71.51786
  83.34664   74.85011   76.87789   75.646706  85.51117   77.49461
  82.58758   76.09552   82.558395  80.99239   92.63056   81.58748
  79.15218   81.21255   70.23862   70.60472   95.95993   72.42859
  82.57806   78.7829    82.52245   82.38795   68.741714  74.070595
  72.54863  101.08718   77.36516   74.35918   85.47804   72.14255
  77.18211   38.08317   72.1775    69.92537   83.37896   83.20995
  77.721725  73.3694    76.710655  74.75299   65.63274   84.859505
  82.032776  79.3648    89.79544   81.71545   90.521     84.27895
  93.07558   96.08066   86.962906  98.67972   85.632996  93.62856
  74.16782   78.36866   54.051716  74.374084  87.95837   64.09723
  74.03075   82.98423   87.77979   65.46328   71.41442   75.91434
  76.90579   77.49059   88.9019    79.17265   65.15767   87.39455
  76.62383   90.049675  47.688488  95.63184   83.52649   78.579
  86.95576   64.26301   79.0759    97.91799   76.53755   66.689384
  89.491264  71.695076  74.12461   87.16867   69.80635   71.34519
  74.02301   89.974045  76.78983   76.034134  73.46729   81.704155
  79.161644  83.5796    92.787766  79.96122   75.569664  95.3468
  72.870445  75.52956   86.545204  72.16882   80.53121   73.57659
  79.971344  70.73623   66.88249   79.02407   83.534744  94.66152
  71.16219   93.71064   90.46744   50.165745  82.75466   90.414925
  83.71522   78.2038    82.82842   82.209175  80.628204  94.14825
  78.601494  87.13731   88.23711   73.12947   54.38645   67.31864
  92.02774   78.778946  75.340996  73.443     83.43169   83.37795
  88.60897   82.04266   64.549736  82.045296  82.8216    74.420555
  74.08141   86.88354   71.63394   94.42347   73.90989   87.28082
  81.898346  46.84011   83.95604   72.10227   61.534554  95.91935
  76.9614    83.0937    64.4576    66.35124   85.08445   82.72779
  90.545296  73.48836   85.87734   86.10471   82.39087   75.4682
  77.6801    81.67235   76.74215   80.90085   81.02684   81.68107
  93.46033   83.25286   87.601295  81.42227   69.93343   84.07495
  75.89206   78.04837   82.802925  80.9188    81.82951   77.79735
  94.91993   76.23045   80.69213   79.62615   87.35288   79.09214
  70.196785  78.19391   84.90421   74.70759   66.748024  79.08722
  77.01048   83.08549   87.59303   80.04866   86.49677   66.77241
  82.18395   79.221756  81.66765   80.352135  85.827774  79.04955
  79.34876   83.64088   80.55457   76.08678   73.53836   81.47565
  63.71847   74.25438   83.39687   78.0205    88.94814   72.223595
  71.719826  47.11178   88.86579   80.9918    72.55668   77.69846
  89.600494  87.321526  74.34172   76.5602    87.82654   64.141205
  78.666756  85.91991   72.40086   89.23147   80.802246  86.74336
  70.97986   76.79243   83.50799   82.82138   86.44019   69.50425
  82.22614   81.14952   80.60826   79.13121  185.03548   84.88246
  82.9908    75.62332   81.10202   77.97037   77.38174   81.52616
  68.49373   83.0397    85.11852   91.3949    77.90335   73.10682
  98.45805   77.458755  71.58451   90.81042   84.108315  82.17626
  50.056072  54.38835   77.69063   86.90858   74.342094  80.84218
  98.02158   86.80289   72.29011   82.683556  75.70194   89.68301
  92.691666  66.92582   84.42805   78.024605  74.7723    79.75204
  75.93542   77.276245  84.63246   85.717804  97.44571   64.90825
  76.68042   70.61417   34.996685  71.74932   90.58527   86.30753
  80.36788   74.7857    87.74753   88.42443   65.418915  86.06019
  87.50511   71.99007   79.540764  80.63618   86.73485   76.51186
  82.92673   85.48771   83.93317   83.75605   87.96526   70.89349
  79.8942    62.760494  75.81863   73.4957    81.340576  82.78603
  89.752235  79.867905  68.625824  66.29619   85.1011    77.02716
  86.30598   64.83913   72.78328   81.69878   65.6453    85.66323
  77.80883   77.66955   79.14113   84.176     74.92322   85.25827
  89.22188   77.56843   71.842476  82.31775   73.52698   73.71233
  92.203804  66.18349   71.29233   96.51495   69.75598   68.042595
  77.97682   69.307014  67.81105   57.458202  86.00499   92.30518
  81.08587   62.290382  56.09069   83.058205  81.23724   85.39778
  88.284805  91.270195  74.80182   75.95341   64.72834   83.57408
  83.03961   75.08689   77.50575   94.60828   85.33031   74.668526
  86.27804   74.355385  75.69466   79.415184  96.47855   90.277794
  85.58991   81.8415    78.112686  88.3604    81.17287   74.36154
  82.503395  74.11804   72.87768   72.10552   84.67589   77.448204
  76.71586   86.97813   78.22698   84.53601   84.153725  74.70428
  82.51711   84.23404   89.20981   83.7043    31.87549   90.06866
  77.26521   88.88      81.38478   91.29235   75.25626   80.273155]",[3.2608418 3.0417068 2.8887353 ... 3.124195  3.142874  3.0418012],3.4920318,0.7137027707808564,0.8353841260698447
