,Train_Data_Size,Transformation,W,b,Residual,Residual_Norm_All,Residual_Norm_Mean,Accuracy,Co_Sim_CLS
0,5558,Transformation_Matrix_W,"[[ -8.116651    -8.865182   -16.820578   ...   9.526355     1.350555
   -8.231328  ]
 [  8.291006    13.052213     5.2823653  ...   0.2606026   -0.1101089
    0.18887559]
 [  2.7678592    1.5911285    5.3237767  ...   4.11416    -16.397293
  -13.410783  ]
 ...
 [ -3.740553    21.428596     4.4458323  ...  14.579173    -1.2460703
    3.459454  ]
 [ -9.040115   -24.448353    12.965824   ...  -4.1515822  -22.72408
    1.7610245 ]
 [  4.5409164   -4.439952    -2.256216   ...   5.7562904   10.779542
    8.055336  ]]",,"[330.8387  316.73477 284.68414 270.36563 274.36578 340.11063 330.99597
 350.34683 248.16302 267.23135 247.26155 307.54398 298.40128 316.7066
 285.6945  288.47687 157.02054 360.42502 264.6087  337.98093 241.79012
 271.22418 286.14197 385.46484 260.61972 283.15448 410.587   283.43457
 284.31708 257.16684 168.8784  259.2035  335.529   187.29866 320.6145
 287.6268  287.76306 340.05603 261.62637 287.37863 347.19116 315.49185
 329.17252 227.6356  292.01996 306.29657 336.7075  319.05075 311.72205
 299.22507 221.06229 338.87888 271.99588 284.85196 271.36273 308.95023
 354.29547 293.7821  269.5726  307.47308 349.02478 367.09677 255.75177
 326.44104 295.6802  310.2836  246.89731 250.86494 276.94714 245.26656
 349.43765 343.97943 285.93314 226.98236 243.74059 278.40167 358.94766
 311.35974 267.76962 372.06824 302.06003 364.0731  266.3783  344.3922
 266.24084 212.74606 374.12064 306.78317 327.6643  258.27365 252.54512
 353.77322 249.09389 316.56992 307.44418 319.4317  342.0085  380.79214
 270.69223 263.45215 328.42154 305.8205  238.47807 344.24548 284.33914
 264.07053 360.9227  356.7509  306.08792 258.0452  332.50278 291.81125
 248.5512  285.17502 333.51505 272.27902 395.98853 157.50774 305.47983
 289.49023 366.8806  326.23657 273.71375 346.77893 272.9953  259.53046
 274.44315 323.5966  158.19832 284.0514  300.61856 283.80283 326.8498
 319.17477 304.07132 250.29416 252.69177 314.19516 264.5215  284.75452
 269.8542  234.16489 307.90622 258.16022 268.12903 324.22534 295.45303
 363.4555  292.84283 288.49194 343.66183 320.41324 336.7759  306.6113
 325.38153 268.9261  312.99316 326.18494 349.92432 320.95795 277.3134
 373.2277  371.0062  280.0086  246.59418 251.41061 281.1407  243.98502
 360.99265 313.88702 311.94995 351.9453  375.16882 334.7747  267.4546
 266.6855  378.72516 291.97028 295.7327  345.8002  263.00644 302.89716
 270.25143 315.9014  256.7393  173.13641 335.53055 342.6064  320.57376
 318.5929  285.31488 285.1643  293.3521  252.4472  392.87277 396.6814
 264.81522 256.44104 349.6305  318.492   287.88864 393.93488 325.8612
 323.39804 230.47227 308.17633 305.06116 301.54156 392.14056 306.10193
 220.43529 321.67752 250.63533 306.17783 272.29208 306.9083  236.96988
 254.6987  305.86893 308.89987 298.91202 242.8552  163.92892 222.53453
 330.23532 347.85883 301.162   377.51105 333.19778 290.64273 335.04932
 382.19293 244.83446 296.2744  250.85136 327.38782 274.6596  293.06558
 319.77008 363.56442 318.40204 309.13763 364.04056 264.2732  308.08945
 241.75642 288.6078  307.05627 307.29153 325.42422 280.00827 338.58572
 301.40527 309.30396 319.6317  186.2471  242.22572 290.05136 269.75064
 342.42896 268.11545 289.32504 366.9248  288.481   392.0443  308.19992
 298.3661  305.59805 263.67053 350.0391  366.19135 356.0924  320.2468
 220.39517 299.1873  261.23007 306.05618 263.08    317.33243 248.87242
 275.46362 340.0951  277.94815 265.06747 348.17017 318.64792 284.5998
 332.61676 317.08658 353.6265  303.77103 295.26248 283.95514 306.16266
 290.67438 344.75925 208.24779 320.2668  313.25946 279.7396  271.21832
 429.73358 334.3407  335.82574 270.26654 315.17032 327.4496  288.69666
 395.4526  237.66173 342.1448  311.95462 287.36505 303.27243 261.77957
 294.2813  288.58374 329.69998 306.28278 234.61113 291.8221  316.3923
 315.16022 300.502   297.98035 332.4955  273.76288 284.0393  269.4452
 326.59915 273.81622 293.0542  355.69406 286.28467 302.54453 256.83325
 292.11066 320.22296 338.5613  280.26663 345.1581  132.68208 342.79578
 322.7495  311.3891  395.2147  299.9518  284.34296 270.69553 337.39783
 312.08862 281.22482 264.84448 252.16547 311.66037 274.74426 325.94522
 297.16553 314.13095 330.69208 292.59128 283.96994 312.9252  314.64697
 373.09628 318.0473  296.70026 315.87234 250.8625  239.17421 361.009
 320.23608 359.97397 315.32062 272.44083 295.07764 287.60263 285.334
 332.308   425.22537 311.43036 272.96964 321.08368 291.01593 275.9278
 136.0948  255.10355 290.9572  333.09244 296.69412 324.1437  270.06912
 311.83798 273.09842 242.05542 309.6677  316.45227 296.41312 322.8273
 309.66055 350.2031  332.28397 370.51865 349.27368 319.74292 419.46143
 308.97104 342.99258 285.72403 266.98505 230.74593 283.8152  355.2432
 235.18944 286.62506 306.4422  375.80078 268.3519  302.12213 280.7203
 312.24457 304.3919  324.20874 307.24356 288.26303 336.88544 282.73965
 327.4952  188.09982 368.71698 332.05286 282.3486  312.4033  275.91888
 276.5482  357.05066 268.42538 220.75563 292.33554 257.8037  265.77213
 362.9123  272.26923 251.26842 254.09346 370.391   272.68    278.74448
 307.52344 288.02487 305.22516 362.19492 346.79855 294.59344 364.37894
 332.54745 285.96143 312.89496 322.25818 256.86957 297.4915  276.98425
 301.74628 292.31134 223.87344 321.18076 316.68375 372.6223  261.76193
 398.13913 354.02136 218.1381  314.07043 323.77933 339.7685  253.47626
 314.29895 285.03973 315.20035 363.27728 319.06973 357.06454 335.29156
 282.72366 359.58685 292.80948 359.87723 295.73724 267.10123 304.36514
 343.33588 337.8788  341.54498 303.23477 260.6545  278.65808 348.17416
 273.51413 292.97372 294.6054  262.57205 309.48273 286.50186 325.42715
 307.70642 183.59457 322.0655  295.62524 260.06937 327.3535  282.5457
 332.4823  250.64508 229.13902 348.09665 320.6502  391.85944 263.6552
 333.68134 306.11298 365.54025 302.50656 302.11713 276.61392 279.4631
 308.7268  311.9451  316.88596 346.57135 297.76205 320.8065  317.62665
 230.32076 330.53275 263.9312  315.9977  319.89026 312.7098  274.39017
 271.26358 387.03345 307.43384 299.02502 295.77206 369.2532  329.47665
 276.83508 276.788   313.8631  279.45367 219.97922 287.61215 267.3275
 294.01062 298.6249  303.35568 308.49265 243.0929  313.05258 311.46744
 299.2287  282.8907  318.87582 308.3823  301.1773  305.54184 306.80707
 311.502   271.63126 299.07944 288.92227 268.91974 306.91943 286.7356
 334.0628  283.89417 260.21036 296.35318 335.19473 311.50998 282.60504
 329.2395  371.35    323.87946 289.55878 310.76398 322.74902 252.18887
 269.23874 304.8853  260.06345 331.44073 285.8764  303.69672 316.1638
 289.12228 318.75067 293.51923 341.98505 281.35886 309.57596 309.0502
 307.46634 274.7249  458.06342 327.77362 366.41476 287.3472  305.23752
 261.6292  305.9678  315.8358  276.64462 352.5824  332.83264 340.20786
 318.37918 256.21472 402.7034  296.3427  258.78638 323.69373 303.0316
 310.6206  359.38876 243.23535 285.21375 340.2808  275.6698  274.4057
 368.15768 338.15417 251.05144 350.80222 314.0745  375.1141  360.1555
 257.4715  324.05975 287.26178 305.58932 302.90634 283.5901  290.34857
 300.45392 289.8985  408.3243  230.90898 287.70566 247.48087 125.32715
 291.14856 354.9072  342.32086 322.04608 259.31348 377.40155 338.22345
 234.42667 323.3612  328.46814 264.86417 304.30963 300.46448 341.3128
 282.77844 328.32996 305.8746  324.0153  300.20264 353.0594  250.53621
 301.9063  287.01935 274.59314 258.51645 312.84192 315.28262 365.92395
 274.8936  276.98953 230.7819  345.98798 296.98474 294.46054 203.73338
 280.07993 279.45114 215.8396  303.37134 301.3081  276.05173 306.9897
 323.83618 286.3675  294.81522 355.65054 299.03748 255.80772 299.55096
 249.85121 254.39943 339.20502 246.73868 257.28738 324.64343 254.26169
 252.91322 264.594   261.60556 252.37112 213.89287 359.60626 312.6455
 288.854   216.69856 327.7743  314.27338 319.78497 322.01282 345.18365
 332.31146 264.47662 309.3835  239.1116  324.15604 285.88272 261.87164
 308.42163 350.6972  325.27133 320.7517  292.07242 276.97305 258.776
 336.95483 379.30908 329.3034  325.07825 336.41333 291.2715  330.19827
 305.9918  256.1023  285.52472 313.70703 264.27032 261.8285  315.09042
 310.84146 302.032   284.5516  386.49643 345.22314 305.20056 270.0768
 286.941   339.73563 353.14822 298.23782 134.44154 344.7839  253.61447
 311.5148  272.17737 359.7985  318.6977  287.1382 ]",[6.3401966 7.142109  6.3665376 ... 6.319506  8.007483  6.486989 ],6.3876452,0.03727959697732997,0.19809074800497467
1,5558,Transformation_Matrix_W,"[[ -1.2983721    1.34926    -10.959016   ...  -2.2119174   -0.16437851
    6.003128  ]
 [ -4.7137327   -1.3589967   -3.768137   ... -16.438612     9.421788
   -2.0970232 ]
 [  6.144646     3.6397128    2.6205492  ...   0.47893742   1.5934637
  -11.489801  ]
 ...
 [ -5.2228127   11.522473     2.7797189  ...   1.5052978    5.4161367
    0.6326651 ]
 [  8.381878     1.1044198   -6.7968383  ...  -6.8580446   -0.7132452
    2.5082147 ]
 [  6.703057    -3.1217825   -3.6937275  ... -12.083804     5.220857
   -0.9502776 ]]",,"[324.35013  312.86182  270.13202  261.94727  271.01932  329.28235
 319.59406  344.5323   240.29567  263.75305  244.83087  297.25223
 287.74045  301.9575   285.965    281.62433  145.98463  349.84567
 256.69022  325.11484  236.02226  265.49417  280.32022  373.76917
 257.77087  278.7365   402.62546  279.7627   270.27594  252.10292
 157.64514  253.6343   328.9239   169.87044  311.75375  280.42484
 282.43958  331.82324  259.56488  281.71738  341.10077  310.66907
 316.25406  218.93736  285.47372  293.1087   326.8117   305.39215
 300.03326  294.8509   215.14557  335.64282  263.84265  271.9861
 258.47955  302.8776   345.62186  280.78305  261.1028   305.5865
 337.4564   355.217    250.80089  314.80283  289.06345  302.212
 226.0954   249.30115  268.34406  239.11012  341.65842  334.03494
 278.89508  217.90407  242.99944  273.61142  346.99307  299.70593
 259.97882  361.00528  298.85223  342.84625  256.99844  340.18314
 260.9304   210.66612  367.23038  301.72693  319.4883   250.14394
 248.45229  338.00064  245.43428  309.45425  300.4901   312.24814
 331.79974  380.3669   265.00574  252.66643  309.55423  304.5165
 233.39694  336.30566  271.45996  256.20947  353.05746  347.14093
 301.405    249.93779  324.02823  286.21457  240.48885  280.46667
 318.5673   268.3394   390.01556  120.286865 289.7673   282.03912
 356.61655  322.37744  274.90964  338.72946  262.05844  251.52931
 266.57166  314.66367  149.15501  279.99484  295.62524  265.65945
 322.692    308.61224  292.43777  222.86115  249.17174  307.14185
 259.98837  279.97424  261.67688  231.4297   294.66623  251.4124
 262.93976  314.2854   284.83023  355.49033  288.43896  278.97275
 337.44357  314.1064   330.23434  295.90173  316.80716  261.68274
 299.04584  317.82745  344.5844   307.92975  268.94345  363.92776
 364.54617  276.10168  241.6168   243.19664  272.97958  222.51578
 352.24518  308.9735   303.61304  340.58698  360.69653  311.64893
 255.39488  259.3075   363.7886   293.49252  289.9126   341.69766
 258.23758  298.2304   264.19662  309.36014  256.57922  167.09209
 330.46368  340.04547  310.33453  310.2852   276.11523  277.36588
 286.74176  244.20242  382.02805  385.03278  255.26958  229.93579
 346.649    310.70883  276.63687  381.5437   314.20026  314.4327
 223.16187  300.3041   294.05255  296.46436  380.89072  302.01462
 213.16933  316.83472  235.21074  298.76587  261.0787   301.4048
 223.10307  249.37836  294.24084  299.96884  290.05032  242.77034
 158.48451  218.31117  311.49036  335.22086  290.38022  360.57446
 325.7766   284.88812  329.53836  373.4484   240.19702  288.46036
 247.09473  318.87103  264.79706  284.23065  315.59393  354.52423
 308.1043   299.73874  358.7125   254.68158  302.22076  238.19533
 282.07385  298.611    298.18304  324.08313  273.38406  327.58063
 293.95023  292.48865  311.7014   163.80261  232.4109   261.1016
 264.90237  342.45395  262.1246   282.33072  337.73816  283.81973
 379.18164  303.3755   290.0426   302.29526  254.78253  340.88412
 351.32758  344.57617  313.36035  214.76712  298.52573  248.74991
 296.31113  257.7491   309.56113  241.81279  263.09894  331.39166
 269.839    249.33708  332.153    308.84116  274.71317  324.912
 311.15945  344.2696   292.83133  290.04288  278.22223  297.92615
 286.56177  328.01935  204.29305  305.12634  305.01736  268.67816
 262.08228  414.80475  318.67148  329.72348  265.0657   311.72382
 320.01398  285.1893   377.86063  222.74869  337.5992   299.7368
 278.8316   296.9342   258.86255  290.53928  281.06702  323.91263
 304.6966   229.44672  290.8078   306.18726  308.6396   292.994
 294.4129   329.14786  264.15543  275.4078   264.7051   309.53412
 273.10358  288.6474   353.64212  274.30203  297.63824  250.11882
 274.56705  311.1188   322.7061   265.22842  331.69568  124.83902
 325.06805  314.4956   276.84827  387.54507  294.11392  277.3603
 264.42096  323.13043  293.55536  274.33606  261.38593  245.04659
 308.96585  270.06625  319.36508  285.1101   312.06912  317.02124
 287.57047  280.6156   304.43552  307.85287  364.23563  304.45804
 287.4305   316.7917   244.48871  234.10928  353.5802   311.37726
 349.46445  309.16125  266.87796  284.87616  284.21017  277.0273
 317.53928  419.6723   298.1807   268.08597  313.01804  284.38574
 273.16916  118.07237  254.39041  287.59702  316.30966  289.52634
 312.0926   269.605    305.07663  264.8258   235.66426  303.63974
 306.3945   286.83255  306.99344  300.39972  338.63083  330.8327
 358.54135  345.8055   310.04248  388.6551   302.48166  330.54126
 276.19272  261.9385   222.1262   281.36414  346.53085  231.06435
 277.8255   302.01602  361.43256  260.42038  293.239    272.94107
 306.12613  291.04083  313.78534  300.30084  271.85855  325.13193
 275.54742  323.11267  178.81226  356.84753  322.25345  275.15274
 304.08765  266.3549   270.00174  349.55515  265.49356  216.22795
 286.03574  248.51791  261.5054   353.378    266.6653   243.78918
 245.97746  362.28308  267.82822  272.7536   297.315    279.86923
 299.40958  351.14227  332.59317  287.74963  353.65823  319.94797
 279.7825   306.08972  317.08194  253.63705  285.79306  268.49887
 297.36304  283.6715   218.99127  316.49838  306.74692  358.9517
 256.25345  383.70123  349.2077   196.33585  311.1435   309.7487
 330.4309   251.15837  307.9579   274.62952  311.83167  355.35687
 305.77304  355.847    322.8126   280.50745  317.57053  285.75638
 351.5873   288.11395  260.2079   287.29712  335.73944  319.2116
 330.65137  293.04446  244.07004  274.68726  334.1148   265.3611
 280.5227   295.28223  255.50182  305.4991   277.86774  319.8629
 298.0271   166.03519  315.2197   291.60538  249.50511  324.90598
 279.13846  330.7714   243.15854  225.1253   336.53238  313.771
 381.9898   260.5572   325.85498  299.29517  359.07214  292.8575
 296.93164  273.10098  271.60904  297.30646  305.19574  307.62048
 333.89545  294.3996   313.8412   311.5925   224.08028  317.80304
 253.4161   311.46872  311.7639   298.05063  270.1415   265.98087
 381.34378  299.8948   294.79803  295.31174  361.35016  322.24182
 270.28787  267.17007  308.0179   272.09015  211.96355  278.2518
 263.05875  290.59882  289.69977  290.801    300.3808   231.1521
 304.14948  305.83588  289.88333  278.48883  314.03268  311.29688
 288.87857  298.64078  300.35556  290.4385   267.9019   293.66684
 272.18298  260.7519   295.90668  278.60748  326.11768  274.6906
 253.09933  251.85178  328.06287  299.0644   274.46414  321.8986
 363.01443  314.93427  283.6057   303.28824  315.42926  242.4696
 264.92072  298.6035   254.83275  318.58237  278.59528  296.5664
 304.55945  281.32245  314.67886  282.74188  334.0857   271.7907
 288.09988  298.19702  291.65866  271.768    451.43457  317.62305
 348.65054  280.049    294.1753   256.19684  291.92273  307.4801
 271.56912  348.13745  329.59378  331.77097  310.97003  248.93816
 384.13358  292.53113  251.6754   313.1249   295.80115  300.10187
 306.85413  221.0555   280.81293  332.49457  270.77145  268.33972
 367.0381   326.1024   245.4695   346.1371   304.89496  363.96442
 344.82767  247.50693  317.82547  279.46222  295.90826  297.3343
 269.1086   281.28424  291.97495  284.32257  399.42072  220.08005
 277.9514   247.43799  117.60658  279.7437   344.20166  332.2033
 317.79034  256.9726   362.94904  332.0055   230.08575  314.9745
 315.03464  257.86536  303.57373  292.93002  337.81625  274.29108
 318.58325  300.00778  315.22314  290.59018  339.92178  247.71796
 291.3067   257.3858   273.0121   250.32623  301.35318  310.69403
 358.01083  269.9566   268.606    226.95937  330.8195   293.02625
 290.3133   200.03714  275.05362  273.79364  217.9489   300.295
 297.38538  268.9488   304.69794  310.482    283.77927  293.37637
 347.31387  291.07553  245.84482  290.94193  248.56969  243.80693
 338.30435  240.0093   246.05576  311.95532  245.20784  246.54025
 255.6528   257.54086  244.12463  206.7937   345.4674   306.06406
 284.2153   212.65562  290.7975   304.8321   312.97342  316.85306
 336.76685  325.23483  257.10883  302.66974  231.46475  312.1503
 283.88785  251.81342  299.321    344.62283  317.85437  306.2373
 284.14795  269.30783  253.82437  323.37338  369.19202  318.2908
 316.69662  321.3307   286.33658  325.40085  290.8951   254.81639
 277.3632   304.48557  254.15253  257.6898   308.2021   303.2876
 301.17355  280.92526  367.24     338.66342  297.52826  260.12244
 280.57275  338.9169   349.74     293.89417  122.310585 339.84048
 251.22527  302.44058  262.91702  349.78833  312.19604  280.43524 ]",[6.305953  7.2802324 6.1302233 ... 6.300047  7.781587  6.315999 ],6.29865,0.05652392947103275,0.24275936076112115
2,5558,Transformation_Matrix_W,"[[ 5.8863235  -4.8525524   0.61078346 ... -0.48813224  2.3984892
   1.3261687 ]
 [-2.490436    1.8208811   1.9328355  ...  2.3662121   3.5743623
   1.7502034 ]
 [ 0.20744658  3.1712737   1.1433803  ... -1.3418431  -5.2449946
   0.96640044]
 ...
 [-1.1866995   3.259096   -2.0223887  ... -4.5056896   8.267537
   0.74424285]
 [-4.4386616  -1.583832    0.06670746 ... -4.1426     -1.7598754
   0.891443  ]
 [-4.6560187  -3.933355   -6.917435   ... -5.4769926   2.9132867
  -3.4560513 ]]",,"[311.14554  305.40323  258.5023   250.42314  262.71094  313.77725
 304.09286  333.34003  231.4382   257.60733  236.62138  277.9224
 279.9846   282.65552  276.61197  268.8134   136.44832  331.31128
 245.11345  319.1725   230.63956  255.86903  269.62448  363.48215
 255.71072  277.6768   386.6715   268.58966  262.52664  247.17102
 146.8724   247.51761  327.6941   158.7789   301.48544  273.359
 276.02405  321.63232  252.44995  273.24918  325.49396  304.94803
 304.42194  212.48557  280.51743  282.4316   317.46762  290.0802
 289.77313  286.02618  209.42978  329.59778  254.17711  269.73587
 244.94304  297.60178  332.76633  270.94733  261.38986  299.63263
 325.65836  343.13797  245.35382  296.97772  285.40848  288.0931
 211.20848  237.51382  259.5447   229.29825  324.40726  325.0754
 271.93365  210.9714   234.14774  268.01846  344.70724  286.02274
 247.3678   347.6556   286.37366  329.04578  252.04779  331.55347
 250.24976  208.52931  358.21194  292.23523  313.03842  245.6423
 241.69168  331.83014  242.57053  303.08057  289.97592  302.50177
 322.17978  364.55875  252.99963  246.30222  294.49707  293.62817
 221.4491   325.02612  264.1171   250.58942  337.91733  335.14233
 291.27005  243.28642  309.4778   277.9946   234.07625  269.88153
 309.3727   259.0891   380.52756  102.56668  282.362    271.8379
 348.9662   317.01837  262.63428  318.97604  250.3396   244.38272
 257.07874  306.0933   138.9956   277.17267  283.66937  255.3601
 312.9861   302.99414  285.77158  216.74036  247.01108  302.21112
 248.56436  276.17236  257.12042  225.18983  282.00882  243.09802
 255.68842  299.93292  278.20612  345.79996  282.1313   272.84787
 324.66187  304.82358  319.0927   286.78543  296.8969   256.8525
 290.82544  308.228    331.31567  297.746    262.31784  353.97995
 350.83078  266.3021   236.46567  239.84825  266.51892  203.468
 342.4976   297.8853   294.59204  324.5938   349.38293  293.93628
 249.04068  252.15672  350.80438  280.84924  282.03336  330.53244
 251.64395  290.47244  260.68488  292.99686  253.01158  161.74983
 319.18134  324.6754   300.6028   297.78552  271.97122  265.71484
 271.99893  235.28885  368.84308  365.02863  243.54424  219.8508
 335.4711   303.7541   270.35867  365.76706  304.54507  310.0016
 215.74553  292.07797  289.77917  289.2507   367.7878   293.10263
 207.06723  307.88474  221.48097  289.60422  257.8207   294.82532
 215.32393  240.56432  284.426    292.55264  279.25888  238.84596
 151.42294  213.57399  302.47113  328.01987  284.2821   352.06262
 312.5495   277.91513  324.4001   365.05005  231.97255  279.4458
 239.14507  307.7198   258.9349   277.6161   298.42426  346.11578
 297.62875  296.95294  344.37286  246.35654  289.68753  229.60347
 268.74545  292.35306  291.8216   314.42657  270.92374  320.00647
 286.95145  279.38278  301.9906   140.58952  226.40251  239.80467
 250.5168   331.20654  248.98979  275.855    304.9963   271.4868
 367.12173  296.4026   278.6576   294.38638  247.39294  328.41147
 344.43958  337.05823  298.47256  206.50514  294.42303  243.96213
 289.4973   251.36557  301.21268  237.53714  253.44826  321.95303
 260.0522   240.12947  328.48727  302.02374  268.50027  310.39557
 305.8022   335.45535  285.28503  282.12036  265.08572  290.24152
 276.71225  322.97452  203.11761  290.89206  292.43918  262.10764
 252.02945  396.80917  306.22565  320.07303  258.2707   298.7841
 308.8385   277.3705   357.80624  209.29195  321.89154  291.83807
 271.57315  282.2362   252.18855  285.99222  276.3959   315.1221
 298.97073  228.08514  281.70438  300.4065   300.6787   283.74594
 283.69778  320.0391   258.92114  268.19107  255.38531  294.76987
 263.5638   283.3029   347.6674   266.0472   283.97852  244.56952
 254.69998  303.0092   312.92883  260.7639   326.08694  114.054985
 320.3119   300.91864  245.10283  377.11404  283.64566  271.89722
 255.04109  306.4943   265.43997  267.59055  251.11255  239.33485
 297.30103  266.46286  306.5274   277.40335  307.99176  308.13303
 281.87256  272.28818  292.98218  296.0762   348.24857  296.38507
 281.5656   303.67953  237.12903  224.85062  342.5552   300.59683
 342.5541   302.06403  262.15848  279.9379   274.9595   265.97754
 305.34167  407.70673  288.971    261.8362   307.61334  279.4653
 266.11298  110.70183  246.94254  273.57092  308.4679   280.44687
 298.90332  259.85947  292.72253  252.26033  229.89871  296.24426
 300.78674  278.115    298.4501   290.89825  329.76312  320.52094
 347.87802  332.3001   301.09467  371.0311   297.99796  317.7085
 266.4324   256.69797  209.85701  275.87723  335.7154   224.80809
 269.46368  295.72238  352.56287  243.38216  284.41745  264.6667
 298.8669   284.72873  309.25058  285.78046  250.22244  319.22626
 265.2567   314.97876  168.71245  356.14713  316.65265  268.82462
 295.11316  244.42772  264.14     339.06497  259.541    209.43015
 280.4274   240.54552  253.1841   343.8925   259.48364  238.35059
 243.56079  357.47174  260.84995  261.44022  286.47263  275.89462
 297.34454  335.2791   327.0509   281.69272  333.2715   308.87375
 275.65134  298.13324  307.76956  244.55128  279.7852   262.0657
 290.80078  279.74982  216.75208  308.42896  295.8573   347.33447
 245.68272  372.6661   335.6728   183.65067  299.41443  302.3216
 316.04156  245.33484  300.7701   263.4625   302.97238  345.38647
 295.37354  348.7067   312.46143  271.57877  292.73898  282.15268
 341.28427  276.89322  248.05768  267.31024  328.8051   303.35178
 322.6421   282.58688  235.6725   264.3314   317.9221   255.45244
 268.66846  288.00867  248.30696  295.0795   268.08173  309.71973
 284.51648  152.07669  298.66266  280.20047  235.09859  312.91577
 268.2542   322.0061   237.63249  220.71286  320.56064  303.6621
 370.58734  253.00624  316.69196  286.0449   345.72885  283.21713
 285.3085   267.1577   266.2646   287.79166  294.0113   299.57983
 322.2545   287.78558  308.688    298.8049   220.4517   307.0729
 250.81396  304.78598  302.73563  283.0881   261.50073  256.52164
 374.56836  290.75467  289.95505  288.2238   349.96793  308.86713
 251.57936  261.74863  298.75635  264.62973  206.39407  268.31732
 260.18716  285.93982  283.75943  277.12     288.40298  223.59839
 299.78174  298.6038   276.37146  273.84213  308.76273  301.34378
 282.45996  291.90244  290.94342  280.3534   261.9465   282.0552
 258.153    258.77292  287.49567  270.3247   315.35663  265.047
 244.1314   209.59837  318.62927  287.01117  270.3511   313.27902
 349.74106  305.57367  276.68555  293.11423  307.2768   233.55591
 254.19547  287.00845  247.01633  311.5712   270.3882   291.54742
 285.987    271.40726  304.99362  275.7364   327.4765   263.89746
 284.94748  289.9649   280.7582   266.1436   441.00235  308.35254
 339.59363  274.8476   283.9033   253.41527  277.51007  302.5419
 261.02414  339.53412  324.7177   318.6581   296.60828  246.1147
 364.99118  282.53427  242.9513   302.95596  287.4551   293.69754
 243.55864  193.83044  271.5875   318.51382  265.92975  264.14984
 358.35657  314.5227   235.29872  332.96652  285.82156  356.0002
 332.28308  239.79808  307.78088  266.41364  288.9429   284.1176
 256.9576   278.72858  281.66428  276.65292  384.1443   215.0098
 271.03073  243.4229   108.51756  269.94492  332.2437   323.5862
 305.42413  247.09917  357.3102   323.40366  222.69899  310.37558
 303.8123   251.0006   292.31775  280.55814  331.54028  267.92865
 303.57928  293.3791   306.59164  284.76468  330.68262  238.8969
 287.32898  246.40627  265.42746  241.08589  288.43246  303.26566
 343.24255  261.1118   256.08307  223.6574   319.78915  282.39883
 283.7172   193.9181   266.70654  265.8309   212.20758  294.58185
 287.77008  256.65433  294.84018  299.05203  279.55634  292.80164
 338.52692  285.5747   238.95677  286.58987  239.67883  237.62369
 324.4631   228.10828  233.26021  308.47757  238.82657  238.35583
 249.43317  250.1911   238.58055  198.08061  329.52948  301.3656
 276.16336  206.68686  247.68962  293.9204   303.18158  308.0162
 327.29324  315.78427  254.1231   292.63492  224.09259  305.77377
 273.907    248.55997  292.7087   335.30325  305.91223  300.09055
 279.41467  256.32498  246.94853  309.66388  362.1972   309.55298
 304.61563  315.06555  277.80563  322.37527  281.22372  251.95447
 268.23846  291.08438  247.2485   244.37512  303.37268  295.8281
 288.4775   279.2293   345.7982   322.36893  291.05167  248.10263
 273.2927   327.53036  339.30267  285.19196  110.95686  330.41333
 245.11848  292.7994   258.27066  346.1579   305.06964  274.92517 ]",[6.223864  6.8606577 6.1234875 ... 6.2017417 7.6891546 5.9633865],6.195691,0.08594458438287153,0.2863596595368585
3,5558,Transformation_Matrix_W,"[[-2.0230103  -0.81151706 -1.7912463  ...  0.490298    0.03573474
   1.2505335 ]
 [ 2.9755313   1.8213367   1.0146817  ...  4.2814565  -2.1383207
   1.2426944 ]
 [ 1.4401633  -0.3859029   2.153245   ...  0.17685007  0.30326226
  -0.30187887]
 ...
 [-1.2150445   1.1588714   0.25729078 ...  2.9365108  -2.4531388
  -0.7001887 ]
 [-5.3514147   0.5702206  -2.1178916  ...  0.24895921  1.5049766
  -2.641739  ]
 [ 3.4588358  -3.8403242  -2.827688   ... -3.3291943   1.5943989
   0.25340316]]",,"[305.68274  297.2867   246.56133  237.79663  253.10754  295.04456
 290.34262  314.83856  217.43982  246.42351  230.11478  263.28415
 276.1671   271.90457  260.8153   249.16771  124.96785  312.08817
 232.09305  308.593    223.2173   243.83455  268.66498  343.7938
 244.54291  267.67734  372.98386  259.76294  255.24892  231.70656
 136.83647  238.41699  312.25177  151.0655   292.135    263.22693
 264.84494  310.4126   246.8745   260.7109   309.75327  293.90378
 290.22327  203.79224  273.17374  267.49457  311.46207  284.2893
 284.0837   275.90823  197.89137  311.72815  248.59593  260.01974
 226.38446  289.91602  315.83572  252.544    248.84938  286.44202
 312.09576  323.52472  235.33208  281.00122  276.37265  288.12436
 196.57938  228.6551   258.29672  218.2646   308.56305  314.5025
 263.27686  195.89622  231.29471  262.701    331.69336  277.03003
 235.83127  333.83     277.8977   301.9989   244.02989  321.9962
 241.55103  200.2434   333.2493   276.05722  294.65897  235.40189
 234.4288   317.76846  237.3954   293.74194  275.30508  293.7116
 307.50137  342.89435  241.88033  239.7491   282.1325   289.02002
 211.3438   305.25815  249.8817   243.36786  327.23798  317.07898
 281.14407  234.28123  294.97964  272.40073  224.80655  261.97665
 287.61038  252.25656  372.10284   90.22389  272.7746   261.5253
 339.16693  307.966    253.88055  312.2627   240.7709   234.41489
 246.58223  295.46368  128.2831   269.43588  275.92114  247.16908
 288.1113   293.7394   278.77567  206.55013  241.15349  289.25714
 240.82591  258.4254   245.42958  220.36946  277.64514  232.08104
 247.2964   289.0889   264.1175   329.20627  272.49683  260.72226
 305.01413  294.68085  312.9922   272.9039   282.35663  250.02316
 277.02487  293.15326  308.82663  284.22964  248.45749  341.99396
 342.21667  252.18637  226.73128  232.28491  257.28845  177.55742
 320.8065   290.09503  288.83438  307.973    329.19302  269.1479
 240.09105  238.7275   334.94894  266.53568  273.82025  318.61862
 240.4236   278.2763   253.88242  277.14337  242.2588   150.10428
 312.2609   314.91833  284.9391   290.81134  265.76102  253.87299
 260.14816  227.54698  356.1634   350.73654  232.77975  205.55342
 319.28354  285.77344  260.90225  349.9939   295.99292  301.51538
 212.72615  280.97318  274.336    281.71246  352.6826   280.4631
 200.29216  301.38843  204.46056  277.04636  246.95926  283.4319
 201.1358   235.29182  273.83047  282.38303  265.65372  229.09897
 139.58774  202.86263  289.82346  313.01346  272.66602  337.08215
 306.50162  268.78964  312.93344  346.67282  219.47147  268.07526
 229.14514  294.50333  250.39784  266.91745  286.93314  330.1046
 284.51633  289.1739   332.0302   238.36766  277.41083  221.45193
 259.59094  275.90622  285.30994  299.41522  254.66476  309.61386
 273.91095  270.38303  286.03088  118.91661  217.35033  221.8782
 237.88036  314.8912   244.8176   267.20807  257.86942  275.54752
 356.693    284.6526   271.2029   287.58972  245.0493   316.85706
 335.08044  325.7484   288.03696  194.41743  282.9672   234.43433
 277.21286  248.4096   283.96606  235.54042  242.70361  308.802
 246.38776  232.77669  309.8275   297.8182   261.84708  300.8975
 294.44867  317.40967  277.7727   266.35953  257.76694  277.85263
 266.24078  310.69305  199.26656  286.0113   280.24695  247.14735
 244.95628  367.2397   293.73166  307.837    248.66211  292.61227
 288.53406  258.43372  336.9123   196.93764  303.94092  281.40024
 266.63565  263.40976  240.55742  275.85434  273.2404   309.50537
 286.66003  218.66876  266.66064  280.28647  285.54688  272.72034
 275.2053   300.25793  246.54558  266.54843  245.33826  280.2406
 252.74849  278.70645  334.81757  264.51514  271.77255  231.79024
 222.2283   288.32562  301.3129   250.30872  312.71713  104.15056
 306.99896  287.68274  226.4408   354.97336  272.20428  262.85376
 243.12389  295.00516  231.2002   259.8204   245.79074  234.6239
 287.4275   258.3559   289.92307  266.19034  302.4998   288.51852
 274.2314   259.06366  283.73715  278.89105  333.57224  288.75806
 277.10406  293.87503  227.64717  219.60597  328.67896  287.78705
 322.4348   292.52173  252.31982  269.87595  264.32034  250.3674
 296.2413   392.53418  273.22775  252.26076  299.54803  268.40198
 260.90378   99.061584 235.86304  252.54979  293.96808  270.18823
 285.74207  249.21161  269.93588  242.62442  223.22308  281.34277
 284.2163   267.75153  284.99973  280.98474  317.45145  306.14365
 339.13666  320.39044  292.9459   355.2845   282.2897   305.02728
 259.74164  254.58472  199.7973   268.46204  323.96973  210.13083
 259.6059   283.58264  330.378    227.7571   275.67615  259.9422
 281.7567   264.2813   299.7251   277.77792  236.55666  310.9271
 256.0627   303.92853  159.25908  344.58508  303.38742  265.97534
 284.32776  228.7477   255.8279   326.32755  246.96019  203.83435
 276.72156  230.73329  245.69496  330.59705  248.1316   229.34294
 233.0311   345.69623  252.82776  258.3263   264.60458  264.07925
 282.96912  319.7111   314.62924  269.27686  316.72528  306.21677
 265.51785  286.28497  291.2357   233.54114  272.62967  244.33662
 284.70984  273.3172   207.60693  297.23     285.44165  332.11093
 240.61092  351.36026  313.88705  173.54453  285.89832  296.5396
 295.64584  235.17387  290.36377  253.03564  286.77795  343.44836
 280.70966  345.0998   301.4721   262.63956  251.09724  266.7263
 334.29886  268.82025  241.87296  252.75627  307.6916   285.8757
 311.0166   271.88446  222.18549  248.91982  303.0604   248.22949
 260.1468   281.06512  240.54977  289.21866  257.32718  294.98676
 276.94855  139.81831  289.10718  268.27548  221.9893   309.95554
 259.3764   305.25684  222.90361  213.50764  303.28183  290.15924
 350.6329   242.46086  306.56625  275.6193   321.09946  270.83844
 269.0515   260.72443  258.05637  273.40152  284.8796   292.39352
 304.87817  281.57278  301.01538  292.52173  215.01376  294.9561
 246.52782  292.04443  288.50064  275.5743   256.4025   252.0319
 358.24963  273.7621   280.39877  273.73605  325.61008  298.73926
 239.26125  252.48816  286.33774  254.94159  199.78693  260.25272
 253.41557  270.0027   276.992    264.39575  279.04254  215.337
 293.63522  285.75702  262.77347  263.46622  296.97925  288.24255
 269.88467  279.32736  277.7504   269.6424   251.52884  273.05222
 242.85114  251.38353  273.10495  258.98087  306.77286  252.43825
 235.51794  181.54257  307.78427  273.5435   256.3465   302.65543
 334.86435  301.42636  266.27148  278.58627  296.41263  226.90659
 247.60382  276.27975  243.00679  296.10333  257.7243   284.96628
 273.11066  262.71518  297.97644  266.9588   317.08228  246.69902
 274.20947  277.4879   263.64258  260.12933  432.30246  292.39493
 326.4626   262.66916  276.27634  245.00699  264.80966  291.53415
 248.49292  329.91205  310.92896  310.70184  287.39868  236.96509
 350.79736  264.60358  238.15501  291.073    279.90576  285.79822
 192.1189   174.63167  265.72842  306.77582  258.57336  256.295
 352.0264   300.80273  219.1913   314.235    272.1937   336.2302
 321.20193  234.54799  299.6695   255.77835  274.64902  267.57285
 245.76222  268.95386  272.8277   269.9213   373.93387  205.22948
 260.68893  235.9484   101.09754  261.7184   324.78186  312.84186
 300.12628  238.06047  345.2114   314.30853  212.85541  299.13174
 287.61588  238.53752  276.89142  272.00165  315.0006   260.73547
 293.43915  283.21277  287.2791   270.16397  312.6201   230.20255
 275.34396  234.01334  257.86823  234.98055  281.35248  293.7991
 329.00632  251.46819  243.8289   215.48645  317.1996   267.6478
 280.73376  188.84311  257.28293  254.457    204.39053  288.12146
 278.27866  251.24033  276.78113  288.1928   268.664    283.19366
 324.9053   270.65512  236.22928  275.39084  235.6627   233.55539
 310.17468  226.31456  224.96263  297.64243  227.32996  225.77916
 238.95374  239.56415  226.2354   188.33173  317.8177   295.1789
 263.78134  200.82166  213.04471  283.26318  297.85538  292.55112
 315.17203  301.58746  247.30307  281.3141   216.2402   296.99075
 262.9594   246.84018  282.95633  319.54852  292.7161   289.99863
 269.9307   239.88771  241.26611  291.31467  347.3689   301.98935
 294.54895  301.91718  273.37045  312.29745  265.42804  245.81343
 259.67612  277.18494  236.46643  232.71544  289.04413  286.32306
 275.61182  273.27673  314.50967  309.29968  284.71906  242.4954
 261.19946  311.70972  327.74344  274.57803   97.607025 311.0763
 235.5096   279.87976  248.33426  321.10376  292.00986  263.4996  ]",[5.767346  7.0387287 6.1405563 ... 5.854379  7.845652  5.7732368],6.068428,0.13007556675062973,0.3397751357586054
4,5558,Transformation_Matrix_W,"[[-0.36237842  0.44503903 -1.1964362  ...  0.59848315  0.29281425
   0.7128499 ]
 [ 0.63695437  1.1754835   1.2248857  ... -0.4231082  -1.2641684
   0.9414728 ]
 [ 1.4016893   0.13850388  1.1847906  ...  0.54143494  0.2588494
   2.0376801 ]
 ...
 [ 0.4262683  -0.33736482  0.6169958  ...  0.16627231 -1.70058
  -0.8544996 ]
 [-0.8871094   1.8233742  -0.74534374 ...  0.21063678  0.2834536
  -0.15286185]
 [-0.2881189  -0.15341839 -0.42461085 ... -1.6065432  -0.19613896
  -0.11411248]]",,"[286.60574  293.10425  239.39511  234.41162  246.73915  290.02103
 281.1657   307.13565  210.74261  238.82867  225.01994  246.86061
 264.13083  261.64505  254.01154  235.4697   120.000404 300.6755
 221.9432   301.87805  210.19606  239.24054  256.1726   324.89624
 240.57585  261.27557  360.56323  257.4347   250.30093  226.77713
 133.63333  229.50575  301.19815  144.86359  292.49585  255.8888
 253.84795  307.77078  238.87793  251.20992  297.64523  291.5204
 277.45804  197.56526  261.12286  253.98114  301.0459   271.4008
 278.72324  272.46307  191.19936  303.02463  242.11995  252.80856
 210.2905   275.2932   311.26935  246.46492  246.30942  280.30865
 299.66296  310.34464  224.07542  269.46222  274.45374  278.4698
 188.23502  228.18013  246.59105  211.4013   301.19376  306.37936
 257.62097  190.6302   228.10551  250.68939  330.02634  268.65738
 226.48589  323.1044   262.9325   277.75208  241.54301  308.30582
 235.2233   196.6403   321.56766  269.2733   283.4609   229.67123
 224.31618  306.81583  233.63983  285.49973  267.07004  289.3586
 289.1362   327.7224   240.21758  230.19225  272.27127  282.17484
 205.36182  292.71625  238.76001  236.8338   318.97217  306.91272
 271.0792   231.97345  284.11908  262.16495  222.23189  253.40692
 277.02548  246.68404  362.16153   84.94313  263.22946  253.79977
 323.54047  295.61783  241.69743  300.18402  236.77669  227.91847
 237.94261  292.96362  120.02165  264.40585  272.24088  240.00725
 291.95312  285.96558  277.61127  207.04297  234.84427  278.2601
 237.4404   249.65149  239.9335   214.4018   276.02667  225.66537
 236.65572  279.689    252.99693  321.50745  260.3458   252.3368
 293.28397  286.90283  305.68466  261.54416  273.8777   242.55988
 269.77994  282.9326   291.59164  264.37262  246.36093  332.4055
 327.81366  241.4236   222.42044  222.91838  250.40022  163.94136
 317.00333  277.7077   286.25958  285.20856  320.64722  252.0955
 230.86491  227.32175  324.0003   266.92377  264.2468   309.82526
 236.14798  267.5451   244.64037  261.58676  235.43217  147.84064
 295.39297  306.95145  271.2518   271.3741   256.81268  247.85219
 252.38954  216.32762  341.62854  332.57056  224.89809  200.32593
 304.8508   273.40366  252.28062  332.56366  288.56985  295.56992
 204.0633   273.2303   264.55908  273.78674  349.63202  275.4493
 193.1802   285.90427  194.10211  274.2854   245.15366  272.80566
 196.09743  232.23965  267.03503  273.60242  262.67825  223.43077
 133.82797  197.43326  279.22998  314.20975  269.64514  324.7418
 294.8167   258.8175   299.18723  335.96988  212.55542  261.32693
 220.5157   289.20703  241.697    258.84222  279.5272   320.63913
 278.24088  284.3621   324.61633  238.39568  264.03418  211.41055
 252.65038  265.60315  283.09085  285.4457   253.31218  304.04388
 267.51346  259.26224  280.68445  108.26809  210.53984  207.68994
 230.13452  304.20163  237.06955  260.26248  222.98378  265.43463
 349.90924  281.50775  257.9119   283.64816  238.75073  306.78824
 326.91415  313.1959   276.72433  192.16794  270.37848  228.04573
 268.5852   246.14536  272.62326  225.39749  234.80003  297.02896
 239.20514  222.79848  302.26648  283.28293  255.98512  284.7577
 290.0004   310.1871   268.15384  260.82242  243.27574  268.4618
 259.6868   302.31552  194.11671  274.60602  271.5168   239.07811
 242.83861  349.66394  286.2602   291.7042   243.64027  279.7742
 286.81326  253.02654  320.8918   185.8159   282.4396   269.7785
 256.48636  254.97577  237.8935   269.67072  266.38495  301.18552
 279.94983  211.9459   259.21497  270.51282  275.85635  265.75366
 268.61334  288.44745  243.97581  260.68082  238.07497  270.87347
 242.73824  263.13132  321.6953   261.05417  266.73016  226.4309
 205.67601  285.63858  291.605    242.35156  297.60657   99.77693
 299.1361   281.44983  205.03514  344.03632  264.03012  252.31522
 236.53908  283.98865  216.2641   256.75943  237.97603  228.11383
 275.92807  249.67987  283.09534  256.43237  292.63202  279.5511
 268.2772   247.09628  278.3687   274.21997  324.70654  278.97748
 271.10892  281.9029   222.9625   214.71881  319.9969   278.4446
 310.34015  284.57013  244.90073  262.05063  246.06522  246.25151
 276.56873  380.11304  259.59094  245.13799  292.05322  257.58212
 254.67998   94.455826 228.74149  246.42006  287.5323   261.33475
 276.4329   236.00311  251.34483  229.27199  218.68666  275.8752
 283.44617  261.3536   282.22427  269.3399   301.37582  295.2156
 334.46942  311.17377  284.6917   347.92477  269.14     302.00714
 251.6551   246.77194  189.0479   261.0301   313.36584  205.74867
 251.43681  279.02188  326.15997  214.18866  264.2553   251.8526
 269.66895  257.92426  288.28046  266.21948  223.67711  300.79224
 248.72572  294.6576   148.72533  335.7763   297.50513  263.08267
 279.86102  214.6654   250.69067  311.67242  242.36772  201.91823
 269.96704  224.57077  234.97162  317.79172  238.80185  228.05814
 228.73871  330.52884  243.41734  253.793    257.77948  256.91913
 276.511    308.6159   307.83624  265.39746  302.08072  292.72412
 254.02975  273.863    287.00647  226.535    263.00607  235.21138
 277.70724  258.5631   202.3538   281.33246  272.29538  316.80362
 233.6755   336.37097  306.91867  160.8968   270.16193  289.06958
 290.7722   231.45848  281.8023   250.65887  279.17047  335.22168
 277.48065  332.653    293.4512   255.26913  230.27953  255.33093
 320.16388  262.16776  233.29268  247.4666   295.07837  274.6475
 299.58826  264.39496  216.84549  246.82004  290.34824  241.40889
 249.16528  272.48453  231.72815  287.44437  248.1624   285.85315
 268.0166   134.86592  283.19415  254.92291  212.59358  303.4515
 254.92006  295.99857  215.38255  207.50957  294.07837  283.8514
 337.5349   236.4088   295.07346  271.8743   306.1404   264.39487
 261.57663  251.123    253.26785  263.93918  280.63193  282.07236
 301.4272   274.5295   294.1604   279.21805  208.98502  290.56488
 239.27368  286.54257  282.67276  268.13705  248.17503  245.60197
 344.53403  266.40375  269.05365  266.24316  316.5422   283.52988
 226.75873  244.31635  279.8121   245.05157  198.50928  256.91898
 245.89726  261.56345  272.60904  248.32138  272.31763  214.30554
 287.2445   276.16068  252.97609  255.63385  292.0194   281.11032
 263.2846   262.71133  270.79953  260.84323  246.30652  264.9955
 227.58762  247.44838  265.82355  254.77844  292.87778  245.75429
 229.21387  162.979    293.10095  259.69196  245.15535  287.20334
 320.6471   291.4056   255.8281   271.09848  292.23804  212.0942
 236.06467  265.3125   237.39806  283.58383  253.40465  280.4572
 261.9571   252.10127  290.00742  256.887    306.6026   238.20822
 268.21823  268.0966   255.48058  254.75441  420.2157   284.7818
 314.13382  254.29303  267.88168  240.95923  254.70139  281.48508
 238.71127  314.61795  300.22168  302.08664  270.7461   232.45967
 338.97046  257.27603  231.72432  284.11975  275.8437   276.5792
 164.04103  162.43494  247.31868  298.53806  251.35521  249.31706
 341.64832  288.0525   214.38902  309.38535  262.56412  323.68207
 312.10147  226.7649   288.8397   250.54082  262.45874  261.16772
 239.20291  254.1373   261.84512  268.45764  357.16086  199.84157
 248.48346  230.57689   95.82889  250.20935  310.92023  303.36703
 284.61755  230.7364   335.30942  302.794    206.329    292.73468
 277.96417  231.58586  269.00327  262.17105  301.99374  253.25592
 284.2714   276.08063  283.48285  263.179    302.83475  225.53401
 267.5024   221.99725  247.56775  231.18497  273.29132  285.2598
 315.8797   246.35251  234.61145  206.23026  308.20233  252.36073
 276.275    181.03352  248.47905  248.47751  201.30508  276.95926
 271.7942   241.51869  270.19583  285.77927  257.65552  277.33923
 316.8204   259.28738  230.68942  267.87634  226.21233  227.61462
 297.65512  219.82567  219.08078  286.20303  219.65263  219.64291
 232.56372  231.07288  218.96997  181.30856  312.0705   288.25998
 254.45401  190.62123  195.58621  278.04504  283.8297   278.5396
 306.50043  295.0227   237.7846   268.2142   211.11676  285.7423
 256.40234  235.60973  275.1857   308.2165   296.7345   276.83875
 260.7033   232.18523  235.54019  283.64618  336.72006  292.79352
 282.24234  286.5756   261.15424  301.78064  261.30597  238.65665
 254.58746  264.3159   230.7659   221.75815  281.7401   272.70117
 268.4863   267.37485  297.90042  299.20953  278.83322  233.2018
 253.07135  297.9197   318.9438   264.54538   92.793846 308.29874
 232.92598  271.75943  247.8025   316.92975  277.34146  256.4119  ]",[5.570512  6.415483  5.9144783 ... 5.5197926 7.7450666 5.657619 ],5.970521,0.17022670025188916,0.37330891244664455
5,5558,Transformation_Matrix_W,"[[ 0.5221159  -0.38756472  0.7708539  ...  0.04218054 -0.12191553
   0.9840796 ]
 [ 0.8865101  -0.16447182  0.64160305 ... -1.30269    -0.3736992
   0.8941283 ]
 [ 0.7140044  -0.36461544 -0.35439315 ... -0.1799485  -0.19773315
   0.89139235]
 ...
 [-0.29281723 -0.34297922 -0.08485904 ...  0.0481361  -0.86597085
   1.6124479 ]
 [-0.7199065   0.12581256 -0.02288117 ... -0.57675743 -0.44592652
   0.2679325 ]
 [ 1.0922128  -0.4933588  -0.444914   ... -1.0016297   0.12256276
   0.06825478]]",,"[275.68558  283.9089   228.6113   220.72714  234.8569   277.3986
 275.1575   293.32812  203.94493  239.53024  220.00542  232.33476
 256.88803  251.17705  243.12799  217.49928  113.125114 295.16034
 214.96191  291.8769   203.34993  233.20897  247.60905  301.38696
 232.48009  254.89592  347.11804  250.10706  242.75633  217.33603
 125.31211  220.70477  288.31412  136.63042  286.32184  243.17444
 242.79266  302.44583  226.73776  240.8115   282.52655  279.03433
 262.30872  191.01944  251.55423  245.97678  280.30118  259.96683
 262.26318  255.00603  184.89018  289.22452  234.84204  237.06609
 196.87694  265.0945   300.14978  237.03116  239.59898  275.7099
 284.9141   296.62064  219.5295   250.27275  262.30072  271.46204
 179.37196  221.05576  240.57501  205.24516  288.03592  293.55222
 253.1062   179.79227  224.7652   238.89787  316.10248  253.72528
 221.29146  308.12732  253.52931  250.01695  235.8176   293.37238
 227.81172  189.19048  300.81396  263.26086  270.7354   221.0509
 211.70653  300.68613  227.95618  271.41153  258.42197  272.65512
 275.4522   308.83212  238.17386  222.15837  264.78888  266.0404
 197.07573  275.75195  227.49442  230.01918  311.1572   291.35416
 262.47256  220.29077  273.54684  251.82855  213.82797  242.26369
 264.96564  244.71768  351.97998   78.278336 253.26659  248.14816
 312.00342  283.7211   235.86179  286.94052  226.6119   221.64555
 229.87209  281.45694  113.001854 256.17044  257.8519   227.17929
 280.8095   272.44946  268.25714  192.7947   228.02908  270.96033
 226.7046   242.13121  230.65918  212.06194  265.05508  219.84085
 224.40938  265.4396   244.0749   311.788    248.74522  246.55743
 274.91104  273.56888  296.89447  247.82747  256.5748   240.98656
 253.45346  268.7051   278.29886  243.25838  236.18896  323.22385
 321.197    234.19415  213.73497  217.17986  237.76643  147.25287
 310.02396  264.32098  272.61945  277.31082  309.2112   232.91597
 226.8505   219.20479  317.5227   252.85013  248.98811  291.93665
 226.6671   254.42596  238.99187  247.40666  228.32262  140.11958
 282.5774   295.99963  256.7451   259.6746   251.25632  235.2997
 243.58081  210.6843   326.28287  312.30624  214.8962   189.59337
 292.43866  261.25232  246.80598  318.49362  273.9663   280.81958
 197.23924  262.94296  251.20128  269.41425  329.82626  265.27103
 184.95918  272.42838  180.53764  266.3772   239.04642  262.74078
 187.33485  223.73883  250.47797  268.1395   251.48778  210.98915
 126.02441  191.60875  265.7494   303.2034   257.8765   319.638
 281.81763  248.86319  290.71936  321.20828  200.83607  257.15515
 215.4558   278.01074  233.05476  251.03441  265.40485  311.7239
 270.34595  271.60767  314.65582  231.59186  253.8547   200.4147
 242.02946  253.71458  268.811    273.38483  239.57195  284.327
 259.27808  253.38647  270.17032   97.66761  204.72469  194.53735
 223.03484  300.94675  230.15503  256.6656   191.91235  255.11641
 335.9376   275.19513  255.46849  271.14     231.56096  301.96497
 312.4674   302.84888  264.27454  182.86427  260.7626   221.48935
 256.88495  241.86217  261.9024   221.86952  221.94835  288.22195
 227.10712  211.58255  287.65613  273.07196  240.9392   276.20697
 277.10938  296.86725  265.73923  255.05167  230.34315  254.69331
 248.7119   288.03836  185.88454  261.71066  259.97574  229.52531
 231.78548  321.74002  268.80368  287.5873   237.06023  274.2103
 276.27637  242.6282   306.11258  170.78815  278.55115  257.43515
 249.00491  245.9585   232.24594  269.5429   257.98785  289.0015
 266.90488  200.71617  239.2915   260.61075  266.85995  263.30627
 260.2279   275.8691   235.93382  251.59775  222.11237  262.61868
 232.82083  259.85327  309.39847  244.96916  261.49817  213.98927
 186.6051   278.79205  275.3507   232.83437  286.12518   91.776505
 284.9465   262.68658  185.3348   330.17377  259.74084  245.40778
 231.40546  274.00586  194.6155   250.7943   231.94965  216.40707
 261.99664  240.1582   263.1691   245.67702  281.73495  263.86633
 261.7355   235.4345   268.77786  269.2291   313.3947   270.92584
 263.73383  275.74658  214.66498  209.85257  304.67612  265.11273
 297.0115   272.92987  239.84422  252.34593  230.90518  236.98293
 261.08246  364.37305  251.62111  238.74484  281.95215  243.96219
 246.13936   83.907555 220.54266  239.34679  273.88202  251.38678
 262.7251   227.07109  238.978    220.42435  203.75122  267.24533
 265.48444  249.26831  272.03976  263.2858   287.04562  279.1015
 322.50525  298.8483   270.74585  327.7503   258.1373   292.47137
 244.10524  237.23997  172.79066  254.16464  303.84818  200.27051
 247.07805  262.43686  316.42343  200.46869  254.29227  243.38493
 250.61243  249.3109   275.23624  261.48367  205.64566  285.73352
 237.32701  289.4136   141.75517  321.20294  296.00192  256.50742
 265.35938  201.94507  238.00282  308.24988  234.03615  191.33589
 258.13943  217.68987  226.55461  305.30917  228.53642  217.57248
 224.49615  322.78687  232.62271  243.82722  248.18999  242.25471
 262.98706  296.8293   299.0827   252.36563  287.25858  281.0629
 245.41019  265.0322   272.7584   220.90948  252.09995  227.08095
 268.41193  243.64162  200.82883  275.08658  265.75757  303.0441
 221.91457  325.45486  284.32764  152.10527  260.2309   279.67343
 276.40646  224.71552  268.461    243.14539  265.406    321.0613
 264.73636  318.9112   277.09134  246.6677   200.67065  248.20387
 308.04202  252.70744  225.96844  237.30214  276.65707  256.32367
 285.95245  261.1789   200.84486  243.37868  279.7656   236.28389
 240.84277  261.19434  228.11594  273.87064  235.4129   278.03574
 255.38101  127.00864  271.67395  236.15204  200.65799  296.53683
 243.02608  284.84802  202.86523  201.3499   282.8364   270.33545
 314.5857   231.2784   282.2947   262.302    289.75256  254.41931
 245.54013  239.23581  241.82753  258.54507  269.37955  268.8733
 287.4127   265.31467  287.66058  268.07208  200.18126  282.49054
 232.9605   274.04816  270.3252   262.91022  240.0814   234.61462
 319.28537  255.97128  268.40118  253.65698  302.98102  267.596
 217.79974  236.42241  270.00937  238.46123  191.80656  248.59135
 239.39993  259.315    264.80615  237.9727   267.91544  203.8086
 278.77887  262.33655  242.61252  246.38107  279.0322   274.68542
 248.57002  253.24501  263.24542  247.7508   237.0557   258.7025
 214.25755  236.50241  253.79268  247.63235  285.57053  234.69824
 222.20625  138.80098  275.51547  246.76083  237.03543  275.62408
 306.74643  279.88104  235.88548  257.46933  284.05582  208.92764
 227.17484  251.4306   233.77222  276.73505  246.70825  270.97284
 249.69781  235.20175  283.5395   251.99791  293.59595  232.33525
 260.67484  256.0733   240.0544   245.01639  411.93918  269.54636
 302.73312  251.87576  256.02493  234.07288  250.15077  267.4812
 226.28922  296.42258  292.00366  292.87952  260.4096   222.01665
 320.09814  248.12892  228.16785  277.37357  266.80032  269.61462
 148.79132  149.18356  240.62444  290.94397  243.28389  240.08977
 331.63995  277.22305  205.04454  287.27762  249.29015  301.33893
 304.5419   220.00684  284.7113   239.31491  251.95691  250.05019
 223.28606  247.9638   250.95094  259.78085  351.086    187.95937
 239.79944  224.1702    91.46711  243.52675  302.26648  287.003
 268.75446  225.78258  314.43802  291.3027   197.38364  281.93094
 261.47855  224.39891  258.6496   252.58777  294.14914  250.30998
 268.69836  267.41818  265.88257  253.20068  294.1768   220.89594
 256.54742  206.75244  236.32878  223.43277  256.68494  274.792
 299.1424   242.65398  216.93881  204.65546  287.29974  248.60727
 265.75797  174.99232  236.69957  243.21117  195.72816  271.77347
 255.23267  234.96136  254.49306  276.55768  248.01602  267.45673
 299.6942   252.98308  224.32011  259.996    220.38284  218.53947
 286.0568   209.177    207.53847  277.99234  214.62083  215.73955
 228.33028  217.68848  212.41113  179.61922  298.3024   284.04813
 245.42776  188.77113  180.59215  262.81067  277.7027   267.4878
 296.63837  289.3169   236.69292  251.28694  204.79913  272.85516
 246.03293  229.8138   263.99692  302.50668  279.04773  268.54834
 258.19177  225.1172   230.44537  278.37256  319.6143   283.9199
 267.03073  270.96484  252.02528  291.01663  247.60683  231.4843
 243.8877   250.65044  222.77922  212.38142  271.69775  264.71707
 257.5257   258.16223  279.92703  289.99362  268.6464   220.66942
 240.89697  296.30957  309.19354  257.08368   86.019745 293.70953
 220.11375  259.33704  240.74046  298.59552  268.28287  246.78519 ]",[5.1295733 6.2308607 5.820785  ... 5.181227  7.2032065 5.3538785],5.8488994,0.21944584382871538,0.4150008057091397
6,5558,Transformation_Matrix_W,"[[ 0.1794189  -0.12999688 -0.16500452 ... -0.27115887  0.5587642
   0.17894569]
 [-0.7453297  -0.08102624 -0.3092891  ...  0.2411888   0.30066472
   0.3861443 ]
 [-0.05235298 -0.07139508  0.23251842 ...  0.23486467 -0.50480396
   0.20531502]
 ...
 [ 0.3740161  -0.03610503 -0.46737215 ...  0.29077667 -0.028326
   0.3739102 ]
 [-0.16958626  0.34769008 -0.01059075 ... -0.4586912   0.8089072
   0.2903508 ]
 [ 0.2393839  -0.13829185  0.02161766 ... -0.09682918  0.19752306
   0.8712908 ]]",,"[268.5401   274.19772  225.77351  213.47937  233.38234  264.5865
 271.1969   278.61053  197.14603  230.51358  208.79037  218.50519
 248.75374  245.78868  228.34659  204.66022  108.00947  284.90082
 205.96103  283.26224  198.09656  227.47987  246.73761  292.49725
 225.90797  251.01593  345.65     241.56808  239.03012  214.08754
 118.45252  211.54207  282.84396  134.06038  278.5735   241.51518
 236.32605  295.85544  226.44925  231.20778  276.61102  275.02164
 252.05943  182.48692  247.32236  237.88591  272.1569   252.3949
 257.93536  248.31914  178.47437  275.0784   229.50764  228.31262
 195.97958  257.06216  289.50214  227.02765  235.28937  265.66183
 279.9373   292.99597  209.72455  245.82605  259.2432   262.37485
 179.60765  212.85641  228.24327  198.045    278.09036  288.56363
 249.11697  171.0268   218.49303  235.42928  317.38467  246.932
 218.66176  292.48343  244.55989  229.23235  227.94234  275.88913
 222.4655   183.6392   290.27054  253.5867   262.87283  213.80847
 203.61137  289.93237  220.45789  257.8423   247.82684  261.68988
 270.0579   303.03293  228.592    218.2744   255.36603  263.01392
 193.83963  265.65375  225.91527  227.77881  298.38965  285.72754
 255.67598  215.35449  258.50052  246.61378  204.68198  239.10957
 251.4043   238.85219  332.42404   72.63839  245.8756   240.65968
 303.92352  279.35794  235.1026   278.85214  222.1709   217.20049
 224.5805   276.11353  107.912025 252.72386  257.58447  214.33498
 265.97275  268.59555  261.3635   186.55241  224.80432  258.8806
 220.23491  235.84384  225.08124  204.96074  257.07455  210.89159
 220.16434  255.34647  236.94475  308.8767   237.0868   237.67206
 272.13538  266.1984   294.84473  242.1405   247.35309  228.83684
 239.77449  262.9619   269.29996  231.62367  232.99255  312.22278
 310.46207  230.61302  206.60582  214.3719   226.08624  139.85593
 301.46933  261.30164  263.45233  268.51276  300.8038   221.68286
 216.57161  204.95102  303.28552  251.2454   244.37411  282.2243
 226.8097   251.54172  230.45837  245.75688  225.97505  135.13916
 272.13968  290.6533   242.13556  247.92432  242.33922  229.59996
 238.36485  202.1602   318.80508  304.77963  212.46991  187.70763
 282.9475   254.9083   242.98216  310.54016  263.49976  271.4537
 191.49612  256.20505  240.01538  258.6224   326.37924  259.70074
 175.62067  267.29813  176.5969   261.95428  224.08984  251.80693
 182.27968  217.01793  249.06358  259.87793  237.86967  210.05847
 122.87114  187.94601  250.92412  282.91226  252.36719  309.30347
 280.10547  243.42766  289.0857   309.63855  193.74413  248.36253
 213.29927  271.86923  222.26254  248.44151  257.89062  299.31985
 259.12598  264.36682  306.4581   222.72539  246.92351  198.2108
 238.88396  248.24057  259.3988   264.78302  239.92014  275.71094
 256.1497   248.65125  258.68747   89.170334 196.68173  190.90204
 221.13474  299.2981   223.22447  251.68365  173.05196  244.26492
 323.53412  267.78885  249.42143  260.7441   230.52856  294.38046
 306.72513  296.27716  262.65756  174.30229  254.8721   213.45062
 252.64835  237.29008  249.88133  219.16745  216.65977  277.4308
 218.62224  204.52237  277.0345   269.44614  241.68884  271.6582
 265.74255  286.80066  253.05835  244.3302   224.35431  250.65
 245.513    280.52658  182.20592  254.80803  249.5324   228.67393
 227.40596  317.50342  263.44678  284.58987  230.14766  272.24817
 269.31995  238.01659  295.69263  166.56592  267.42786  252.3734
 241.90294  239.28482  230.7094   261.54456  250.59375  275.34695
 252.68515  198.82642  234.09717  254.5073   259.4433   252.34564
 264.88556  262.30807  229.89867  242.6501   215.16261  254.26102
 237.49437  250.73886  297.70447  240.98904  258.38718  197.65596
 178.69182  264.6673   270.44565  227.23694  279.16367   86.85025
 275.45456  254.64787  170.81319  320.5549   247.39597  239.48979
 226.13866  274.31094  179.44624  243.29832  226.18306  223.00607
 256.8672   236.81592  254.44191  240.8242   277.2116   245.27672
 258.2514   229.54134  258.19257  261.49332  302.74478  261.64368
 250.36588  260.0773   210.7713   205.9996   300.60947  252.96295
 278.1357   266.8414   234.77641  245.49792  215.05724  232.63118
 249.967    350.81656  244.50003  234.15086  276.32507  240.2421
 234.13286   80.26006  215.13261  228.42659  271.2266   246.16217
 247.91484  217.45082  231.9275   217.01338  203.6239   262.43637
 260.4173   243.6688   268.20874  257.88635  276.22968  274.5478
 311.80106  289.50354  266.36307  331.40265  254.45602  289.22083
 238.65337  236.19525  161.19215  252.18863  295.44443  194.27876
 237.6222   260.9981   307.13028  191.7907   245.51672  234.11707
 244.46292  236.38672  266.61728  249.91013  200.55136  284.73917
 228.98921  280.58713  135.20383  315.137    283.827    247.97171
 260.18344  185.79132  232.86626  295.8328   231.08891  190.87717
 257.8164   212.83372  224.24388  292.24216  223.25916  212.26678
 217.46466  311.79974  232.84914  240.2485   237.03734  246.2646
 260.6159   294.50626  290.70258  245.29613  269.5145   269.0742
 236.14288  252.36633  266.0326   210.81938  242.316    218.33983
 255.83784  240.10347  198.93657  257.751    258.4098   299.60596
 211.02867  318.84628  281.30405  147.84863  249.27527  275.537
 273.60645  223.5649   268.04065  234.38101  259.82007  315.32202
 257.9097   312.43127  263.70554  237.74059  174.80424  236.5267
 299.3426   242.62227  218.94478  226.02594  267.51453  244.85942
 278.14053  250.91138  191.16234  238.98897  276.81506  233.20021
 233.36769  256.53055  222.49562  266.7158   232.0421   274.7484
 252.47845  124.67398  268.91434  229.91727  195.53621  286.721
 245.0237   274.09552  193.30261  194.36241  276.077    260.8949
 302.68243  223.2604   282.60986  257.62894  272.7059   243.59221
 237.97186  233.1644   235.843    247.48868  258.54596  260.9223
 281.4072   255.2717   282.7059   267.90625  192.9317   277.37256
 225.3292   259.4097   256.53268  257.2639   239.08647  231.36136
 312.89935  251.07239  257.704    247.87164  295.83188  262.3336
 208.30943  233.47626  269.56375  231.4898   184.97148  244.22337
 234.9715   252.08081  259.6971   233.26633  257.802    199.57556
 272.23642  243.94217  236.76208  238.54356  275.50864  270.59204
 246.28006  241.71103  254.2      239.08505  232.85104  248.46782
 205.70848  232.95747  253.40674  244.26492  277.84406  232.19801
 216.77399  130.57939  267.67245  237.84169  228.78183  267.7825
 297.8473   282.25165  229.45918  248.80794  276.33765  205.18105
 218.28673  243.34683  225.2597   268.16257  239.73004  268.6378
 241.31857  232.76598  277.26468  249.88863  287.9323   225.37479
 250.36842  250.1518   235.96066  238.85648  408.6965   269.3589
 291.17612  245.37439  252.69295  230.9298   242.03456  260.73846
 227.09967  291.1815   279.31705  278.55792  253.9071   214.72351
 318.072    241.16423  225.0749   264.7889   257.27798  263.4627
 141.39758  138.92194  230.64064  281.13275  235.47601  230.56306
 325.19406  270.7634   198.66846  276.29956  245.46527  288.77972
 297.544    211.74619  271.5801   234.68958  247.27214  239.52887
 220.54382  244.26381  243.72955  252.19598  330.1153   186.1387
 233.81006  216.46533   90.4929   236.00415  294.54968  287.14804
 262.32346  219.43527  301.90765  280.28857  193.70792  271.214
 254.93042  217.60881  246.29843  249.19249  283.41705  245.45229
 266.0789   262.67416  258.5143   249.38612  283.7255   213.1208
 246.9381   198.46013  227.20183  218.97925  250.61354  257.4372
 290.72345  237.64136  214.42215  199.88127  269.32346  243.26607
 264.0107   173.31781  224.7041   238.87753  189.3236   259.61746
 246.4912   228.53044  246.30948  264.32117  240.76498  269.60217
 288.62164  244.85632  219.05438  254.50078  219.9273   217.94647
 280.4115   199.61508  202.97107  274.21594  201.30122  201.95367
 221.12411  212.92307  207.61928  174.67796  288.15     277.64957
 237.31938  182.84915  169.60956  248.43938  269.0985   261.6546
 287.1536   279.02582  226.9143   244.87515  205.2752   261.07483
 242.41847  224.30719  251.65376  292.9264   274.8146   259.5986
 253.21095  220.63835  230.87076  267.51428  313.68134  272.1744
 257.17715  261.91617  245.91225  280.77405  247.69609  228.05942
 239.77962  241.11119  217.34055  210.9131   267.52463  259.8603
 251.7774   249.52997  261.1536   282.50342  264.99994  219.83801
 235.18358  287.67316  294.1184   256.74518   80.66914  286.57358
 217.75217  247.48312  236.25607  295.5344   257.572    236.13423 ]",[5.654409  6.6726775 5.5240006 ... 5.2124977 7.3999557 5.225408 ],5.764013,0.2543073047858942,0.44310170249157016
7,5558,Transformation_Matrix_W,"[[ 0.03940553 -0.6241529  -0.33768636 ... -0.10337089  0.05282323
   0.06419859]
 [ 0.00310172 -0.15495782 -0.03820633 ... -0.3865413  -0.11324139
   0.16934216]
 [ 0.07836636  0.09251487  0.47282073 ... -0.1934947  -0.6945212
  -0.2687499 ]
 ...
 [ 0.03910036  0.02097071 -0.08303557 ...  0.3764656   0.00253112
   0.37701342]
 [ 0.17779687 -0.29044738  0.460156   ... -0.33332574  0.28536656
  -0.03521574]
 [ 0.07706752  0.05950169 -0.00812481 ... -0.1843974  -0.01884745
   0.4438797 ]]",,"[257.71588 263.4463  223.76726 212.73848 231.72194 255.62894 257.39178
 271.4945  184.32857 226.7761  197.86523 217.55481 240.84369 241.12675
 228.72046 189.99669 102.99398 277.3569  203.09619 270.0996  193.99649
 224.2457  242.74283 276.04196 223.52763 252.62221 323.59277 233.52899
 231.47943 208.29745 110.81405 204.62341 271.58987 129.14069 272.05948
 240.68977 226.61841 288.63315 215.57721 224.47728 265.19424 270.24155
 241.34554 177.86195 237.1203  241.76068 267.21445 246.10832 249.9122
 244.70036 172.97128 268.99442 221.14784 220.21072 188.53383 256.4456
 279.53223 218.6827  228.45871 262.72983 275.64334 286.351   201.61525
 237.81792 251.83966 257.25256 173.30103 211.11938 223.22145 192.80235
 265.34573 283.65967 240.60155 170.37523 212.2327  229.59335 314.86206
 247.0999  210.5084  280.3242  236.45209 225.64427 224.26346 268.8588
 216.74513 183.49397 273.0749  246.61661 254.95361 202.47264 201.18327
 286.60934 214.90215 250.93217 243.19756 254.65926 254.24185 291.0156
 218.52458 214.13383 247.32182 253.87706 188.8042  255.33922 212.2932
 221.28667 291.74924 274.53842 247.97733 211.03044 245.58472 241.42166
 195.99641 229.98637 240.66077 231.31253 325.2769   69.76564 244.61235
 231.5449  296.68152 269.6012  233.03355 270.76907 216.25838 211.629
 219.81898 267.03668 104.86287 250.38991 252.43628 206.81467 254.43765
 263.42136 247.77048 178.33202 225.41705 251.93364 215.81805 226.30536
 221.51468 203.40436 240.91441 208.21745 217.99556 244.17204 229.66945
 297.06158 222.0176  235.14647 259.13977 255.63806 287.82773 233.44583
 245.03087 220.47772 237.33426 247.33475 260.97354 221.41281 228.34901
 301.7838  299.55948 215.48184 204.97786 214.31853 221.06895 132.5396
 290.8076  249.6475  258.91095 264.56506 283.45114 211.44815 213.99672
 197.04436 289.215   243.35031 241.86494 275.64694 221.33925 245.43652
 222.63522 236.71866 218.37125 130.69676 264.82883 283.72726 232.98093
 252.6345  236.83517 220.35965 230.00078 196.89531 311.12698 299.57617
 211.77849 184.36531 265.4128  256.2361  239.08142 295.42505 264.10553
 260.27985 186.79196 249.52504 231.18588 254.2267  318.68665 253.78185
 169.47511 257.0541  172.4767  252.95235 227.37984 248.50311 178.56572
 211.52136 237.75984 252.87936 231.71265 204.25174 119.74186 181.48882
 250.55055 272.03302 248.08585 302.86722 274.84882 238.63445 277.2047
 299.3882  181.90242 247.7004  213.62057 264.49634 216.46767 239.07774
 252.6329  298.00375 247.31615 255.43137 293.77036 219.19032 239.23233
 192.01227 231.63966 242.25377 251.90526 260.7545  234.88264 261.61298
 249.81375 244.37857 257.87604  82.3415  191.09923 180.34521 223.0639
 289.0601  224.86711 242.67334 152.00304 242.43661 317.10062 256.31448
 244.13908 254.19527 217.90186 282.4453  291.09503 286.51883 256.51233
 169.86491 244.47635 207.77173 247.3087  236.10098 245.11212 212.08052
 209.52853 275.81705 215.76466 197.7447  274.7233  258.22525 233.887
 258.40335 255.39449 273.6376  245.54453 240.15741 216.92366 252.28383
 236.88597 267.62558 180.34674 248.20546 244.24028 218.5421  223.2027
 300.43085 256.66013 280.053   219.95345 261.9402  257.70053 230.8646
 279.7849  158.65627 263.17688 246.95146 239.75359 236.34584 221.77957
 253.41132 247.35802 273.7801  252.97916 194.72217 225.29976 254.4894
 257.03134 241.76607 252.69789 255.82153 222.7038  237.62177 211.57664
 246.87402 225.85403 243.45746 286.8511  237.3876  254.79    194.94295
 169.5367  261.91306 259.6599  217.5539  276.9187   83.32142 272.54642
 243.01927 158.16513 301.27652 243.74751 239.87466 222.94902 263.82584
 165.9925  240.0002  224.73598 215.17647 251.76347 226.65298 249.28069
 229.6385  273.93048 236.74416 255.5272  229.75638 256.09006 253.57059
 293.5185  250.41003 248.87943 250.9479  204.39993 200.68716 280.13318
 240.87148 273.1449  259.35355 233.6039  242.14824 214.76343 228.31659
 237.59767 345.02167 242.08978 230.25726 276.70612 225.19315 232.1056
  77.03217 208.41756 217.65804 259.1582  245.91081 243.06787 219.14944
 218.4904  208.36731 200.92964 260.57434 249.43202 241.79362 256.77972
 250.0326  269.60168 269.80698 300.82645 278.96924 249.62718 313.98862
 250.96303 280.77896 233.61223 232.69272 152.5523  245.78134 281.658
 189.86537 232.9059  249.33687 304.0487  186.17313 233.72508 224.55075
 236.2622  230.88162 258.55963 246.77547 190.65372 272.88312 219.6853
 275.00143 131.13602 310.05438 281.66122 244.11363 253.57812 182.8584
 229.5299  284.28168 226.14577 182.7758  250.7924  209.26767 216.13417
 279.64438 215.46017 207.03091 214.03525 296.12723 225.28305 236.12062
 234.55006 240.17516 257.44235 286.03116 281.40717 241.44298 259.60226
 264.97244 229.46252 254.37082 258.74377 203.30966 234.35237 214.29543
 254.1275  232.5092  192.62592 250.38509 244.91118 284.4601  210.78654
 307.25177 264.68097 144.29073 246.59517 268.88907 264.7509  217.41463
 268.9566  227.66914 252.45638 305.48242 246.66653 297.23837 258.69452
 228.14946 154.68298 223.68752 292.2127  239.61382 216.13257 213.20134
 256.31076 241.60742 269.62283 242.13431 181.20042 235.68594 266.4309
 226.28413 225.67375 252.56425 216.8837  264.41217 225.54688 262.05045
 248.19063 120.98033 257.02875 219.61874 185.11191 277.0898  236.01096
 270.568   187.73898 189.15471 277.1442  256.32    296.88712 215.73747
 273.10013 252.62195 267.09723 238.58179 228.03961 227.74419 226.03864
 242.1771  253.96245 246.83    269.06418 248.00505 271.53305 257.108
 193.69339 274.1284  220.37457 254.50867 251.83969 251.43597 236.74457
 227.95038 301.00742 241.57364 249.46718 231.55008 283.56848 243.75175
 202.9434  225.726   259.1925  224.1793  184.08656 238.08684 225.82921
 244.71053 258.26917 233.3422  257.58722 192.23425 260.81906 241.10059
 228.3839  238.26788 267.08716 265.3312  237.79086 237.78702 251.48409
 230.85551 222.86037 248.58444 190.72084 221.95786 251.25708 232.92976
 276.98526 229.14108 212.70882 116.73631 266.5392  223.48271 223.82912
 261.75934 292.30884 271.47006 221.88629 236.34201 274.02875 195.92523
 211.22859 233.77986 221.24629 260.38135 231.00986 257.18295 231.29074
 226.86069 272.20764 239.67403 271.58145 223.71346 246.14674 244.36948
 232.48434 232.81659 398.8022  262.333   283.66037 234.28542 242.06384
 223.03127 234.51627 251.5707  220.3467  279.22546 269.63306 268.95645
 243.95004 211.28279 310.23547 236.5871  217.16617 253.03769 254.01544
 257.62323 131.99294 130.31918 226.2748  273.87354 232.29565 229.54984
 311.0164  266.31888 194.97586 262.966   241.65892 282.2063  287.37326
 209.6258  266.91986 224.79361 237.17331 235.28198 210.69139 235.64919
 236.28882 248.24405 325.84677 180.91592 222.27733 215.4767   87.85141
 234.29013 284.09024 280.41855 251.64505 211.04729 302.61163 268.67908
 183.10922 265.35947 253.89484 210.03143 241.91977 244.41719 264.1396
 238.35486 253.64014 252.53242 250.73311 244.57472 279.83057 209.54384
 243.04344 186.41945 221.2407  218.0854  239.53491 250.78487 279.76562
 228.91713 205.94676 195.07686 264.42734 235.74855 257.46988 169.2873
 217.66083 231.86371 185.63739 253.87692 244.3047  226.15202 245.48767
 261.17368 230.85895 253.73097 276.22955 238.05606 210.02834 244.14488
 218.87602 212.13696 270.16727 194.03192 195.98973 266.36908 197.80316
 195.89792 212.80814 206.41626 202.67253 167.94    270.5045  271.9613
 230.29408 179.5414  157.36124 246.16646 258.51343 250.95148 272.97086
 267.64615 225.96994 241.06052 197.24313 255.58441 241.27559 213.32922
 242.57408 287.692   268.84433 249.33163 238.43092 215.70749 223.89682
 253.8516  300.08884 265.83472 252.63025 258.45538 237.77101 265.77646
 241.15773 219.32565 234.66231 232.23776 210.52257 205.30716 261.48364
 257.32162 239.38158 244.17606 247.8061  259.17538 261.07907 211.79836
 224.58461 281.2524  289.06552 252.12068  77.62422 281.8728  211.28714
 247.06052 229.42668 282.1262  234.48317 231.86485]",[5.9740987 6.6343064 5.7585306 ... 5.2647896 7.4241223 5.7223063],5.678188,0.2836272040302267,0.4675281014281454
8,5558,Transformation_Matrix_W,"[[ 0.19032036 -0.16697626  0.06016945 ... -0.3346129  -0.21806526
  -0.1526082 ]
 [-0.18431379  0.23149328 -0.19316277 ...  0.21422495 -0.24822359
   0.13270202]
 [-0.05770993  0.0081997   0.11331348 ...  0.02681656 -0.53606784
  -0.08630422]
 ...
 [-0.1231062   0.06599315 -0.24788554 ...  0.17869899 -0.34555274
   0.2031054 ]
 [-0.04115275 -0.12566793  0.1676027  ... -0.02828921  0.23890893
   0.15031512]
 [ 0.24169736 -0.11132868  0.1160897  ...  0.30245882 -0.09501141
   0.3878066 ]]",,"[232.08835  237.87782  203.68771  200.54018  210.51332  225.84178
 240.04663  242.16705  170.06326  206.39243  187.0197   195.51733
 214.1687   212.7237   207.08694  163.21655   91.55397  258.09512
 185.64546  251.63295  177.24467  206.50804  228.12593  242.2672
 200.69986  225.03151  289.29556  218.02008  212.08325  189.70433
 102.50855  189.50787  248.40294  119.232315 247.44006  218.6205
 209.60649  264.6596   199.59438  196.20308  239.48233  248.76244
 220.81721  161.38997  217.32166  220.89069  243.46631  223.87727
 226.96011  226.54518  151.51534  241.3813   203.47037  199.70596
 171.16905  230.53133  258.00336  193.23538  210.41095  237.94756
 254.2477   252.47493  188.68887  215.5477   236.78038  236.94281
 158.44226  197.02124  207.06007  177.19957  242.52875  263.12744
 224.5837   155.24483  195.56616  207.76024  288.15973  213.58266
 194.63606  258.552    218.79364  197.27853  205.47621  239.89714
 190.77965  169.82278  249.09164  223.06003  231.86177  185.9303
 177.60715  263.76782  202.85338  223.98195  219.66992  237.44888
 225.73955  260.4233   204.08354  195.74934  231.21095  230.44632
 178.73538  233.5584   198.11848  204.72934  260.10886  247.19557
 226.25584  196.1279   221.0762   222.58066  181.85402  207.33218
 226.31133  212.5324   305.5252    67.34875  224.57216  211.2738
 269.95496  248.48824  213.3898   245.9475   196.60071  192.7206
 203.32375  239.73042   91.630486 225.0332   237.73022  188.63243
 236.71193  241.35207  227.48749  166.75485  203.98605  234.45815
 198.38301  208.96121  206.69038  186.64047  223.53564  192.18048
 200.4807   220.394    213.6577   273.2017   208.07558  220.50772
 234.69963  233.34776  265.23456  215.03644  220.50266  209.92224
 216.33936  225.25381  232.15858  185.67184  207.78499  273.642
 269.08472  200.07237  192.00476  190.31548  194.2285   113.23548
 258.11676  220.82506  239.85811  236.3788   257.34845  190.80583
 198.57747  177.32907  253.75864  229.42578  215.47733  247.90749
 203.14458  227.01508  201.68376  220.75037  198.86412  120.48625
 236.29335  254.51692  208.2469   233.65323  212.58217  204.42458
 218.30116  182.10829  282.4611   270.27222  191.72536  168.45303
 238.17615  229.4295   223.78294  258.49188  241.07501  234.39249
 167.75803  228.68036  211.44255  238.08447  277.49835  235.4036
 155.54004  246.44962  155.30241  223.10217  203.39987  222.71219
 164.36385  193.13275  220.10649  230.67883  208.06807  192.46211
 110.04501  167.53046  228.64325  248.62404  233.03535  274.99283
 248.49388  220.54417  257.99902  275.01865  167.05617  226.76666
 195.45332  246.55568  200.23325  220.0165   226.93776  265.52615
 219.07512  232.74055  266.44324  200.94672  215.89906  173.80327
 215.66576  221.42627  231.0949   238.96364  220.7463   243.9335
 233.81122  227.37032  236.1317    71.1171   173.60075  159.88707
 198.38243  269.16846  204.04129  223.02747  123.75803  222.7958
 288.75684  235.96552  217.4932   241.9393   205.64813  261.32886
 263.85397  260.4162   232.71667  152.4174   222.34854  193.70512
 225.47481  220.19934  222.109    193.57867  192.4609   247.3167
 197.6808   176.64691  246.43506  234.62715  218.01697  231.61496
 227.87515  250.56534  224.56842  216.76857  200.11627  231.4507
 220.8019   239.40822  169.94614  228.66124  219.79538  202.0713
 202.35272  265.54596  232.30011  256.5717   202.87515  233.55365
 233.47359  212.76045  249.2162   140.24089  240.30843  219.654
 213.14209  217.60374  210.71779  235.56834  232.58176  246.9524
 227.61253  178.90297  211.70699  222.34991  231.47002  225.66446
 231.92828  227.58614  207.39114  220.33383  197.20111  230.08093
 208.61272  231.98575  260.22012  223.03616  231.70044  176.70226
 147.75633  239.58623  236.90689  196.97002  251.31342   76.5178
 249.15404  219.282    137.32442  273.38196  220.48798  214.73189
 202.99509  245.94714  143.05733  222.96373  211.7438   198.39676
 232.3035   214.2528   222.11684  211.14851  248.80614  205.4702
 238.42184  205.98691  234.38773  229.12956  268.17984  228.87866
 230.7463   228.6773   189.5447   190.57584  259.06586  221.71405
 243.94305  239.41972  214.64061  221.88307  187.37833  205.12013
 210.22003  308.6673   222.31586  209.61154  251.11562  200.46234
 206.45108   68.33188  187.21011  191.88779  241.53035  217.6753
 217.73196  198.25627  204.52228  191.6427   181.88722  233.69598
 225.86807  221.63911  235.78658  232.90392  249.53088  250.34189
 272.3831   259.56027  230.60817  288.51813  226.72993  263.6629
 214.15155  221.9625   132.28116  224.25966  254.21774  168.22217
 214.86757  234.48828  280.58517  171.49806  212.80367  209.2254
 210.62785  212.73593  245.96445  222.82045  166.39835  249.5076
 202.12689  252.17928  117.60651  273.08344  262.56638  224.40956
 231.41846  163.2157   206.13113  260.31897  209.49292  167.4237
 235.5237   188.65839  196.31993  263.2427   190.24834  191.35225
 199.54684  258.05923  205.41704  215.1651   205.39746  219.91638
 231.42703  250.78015  265.64963  225.71936  224.76721  241.0735
 203.03351  235.79086  236.70186  188.35738  220.48221  201.60106
 231.63751  205.8996   179.50023  234.04852  229.89645  259.37244
 194.37767  276.97058  240.8425   134.39763  219.0306   242.84253
 238.15733  205.86429  247.2852   209.3981   221.93626  277.93845
 226.38689  275.42215  240.15257  210.8763   132.14113  191.70699
 265.80115  217.92174  197.60265  192.32008  234.84502  215.0257
 246.67236  224.41367  165.71024  217.55252  242.43083  211.80551
 198.22844  232.58638  205.68535  250.87547  201.49973  246.06914
 225.45792  107.95721  238.91501  204.51999  165.33423  263.77695
 216.51756  241.68408  173.11298  180.20555  251.98633  236.52603
 266.64792  192.86241  249.10558  228.85156  235.09258  221.17152
 201.3774   211.27603  210.67581  221.62366  237.52078  227.33829
 250.84608  227.55035  248.08267  242.03038  176.90707  251.83653
 201.18033  232.14565  233.25366  233.5306   214.91725  208.70863
 272.86914  221.33482  233.09587  217.9176   249.18562  225.45999
 184.4635   211.90561  242.75644  214.42293  171.00186  221.81822
 204.76164  223.54848  240.90036  213.7173   233.16672  178.02112
 242.21658  221.1879   211.24277  206.66005  244.01405  230.43875
 215.985    212.10428  228.86583  212.96783  203.79048  230.77203
 169.9556   200.15173  230.10648  219.2297   256.1449   210.22086
 196.57623   99.744125 248.06715  205.03935  201.22235  237.46251
 259.29593  250.05643  196.97467  207.95982  252.86786  183.2576
 202.84288  213.44577  204.22166  240.34877  216.91777  238.42455
 202.76794  207.68892  248.48917  228.19693  242.53247  202.32973
 226.59053  221.69016  210.33327  216.47292  378.42538  242.30142
 251.96263  212.70918  227.36313  216.9345   212.1936   223.99217
 202.02367  249.33186  243.33307  248.48022  225.71326  196.6849
 280.287    217.18823  198.8112   230.3312   237.78185  236.88356
 113.908195 117.43128  208.54875  245.92317  212.88147  212.86148
 284.95804  248.67467  178.51505  238.1853   214.47998  252.61826
 260.38876  197.03375  246.37439  207.94743  225.22397  213.9451
 191.10504  216.14833  216.29439  229.59877  290.03506  165.52393
 209.85892  197.99075   81.846725 210.8108   254.65205  250.12952
 226.48158  193.68945  261.282    243.4347   170.42079  237.9106
 231.85648  189.46622  215.46307  226.60936  240.47481  218.8754
 230.74124  235.86143  233.76883  218.21597  254.41728  189.14929
 222.41191  168.55968  211.42836  197.87112  219.87807  225.77155
 253.53473  213.96617  191.44772  183.89333  236.92606  215.03911
 238.91739  161.87311  202.8155   221.45123  172.44087  241.4007
 219.05138  208.82495  219.65231  235.73875  208.78886  239.70515
 251.17447  220.03096  191.9794   228.867    205.24832  193.63155
 248.80928  173.58421  179.89845  248.97682  174.78322  181.84612
 195.85841  189.30533  184.83983  158.75595  245.78995  248.59045
 215.0823   163.62712  135.60878  225.85704  246.99182  229.08595
 249.80429  251.30249  208.10059  225.47487  180.92134  235.02156
 221.30965  200.59268  219.30939  262.66644  244.13608  229.99895
 222.23656  202.59682  205.39482  221.85037  268.10938  247.39684
 231.46907  232.46643  215.42926  248.7576   218.4625   203.834
 213.34001  209.80835  195.40553  181.60876  239.5924   232.97548
 229.37549  230.76007  220.73012  239.38179  238.62074  195.27554
 204.67712  256.7337   261.28186  227.68683   68.39962  252.10669
 193.39513  221.11006  213.84859  252.34395  217.13768  212.67253 ]",[5.674186  5.490378  5.449101  ... 4.687124  7.434935  4.6501994],5.4224634,0.3765743073047859,0.5373193600553409
9,5558,Transformation_Matrix_W,"[[ 3.0686733e-01 -2.0499250e-01 -2.7917942e-02 ...  2.2487750e-02
  -3.5423458e-02  6.1573096e-02]
 [-9.6045742e-03  4.8538727e-01 -8.8105641e-02 ...  1.2742022e-01
  -1.4158233e-01 -1.0226083e-01]
 [ 6.2793389e-02 -8.3503991e-02  3.6541542e-01 ...  2.0292255e-01
  -2.1168016e-01 -1.1970176e-02]
 ...
 [ 1.4301983e-01 -8.6282276e-02  9.8256402e-02 ...  4.6625999e-01
  -7.0764683e-02  7.4346505e-02]
 [-1.3631260e-01 -1.2763253e-01 -4.9350929e-02 ... -2.1880040e-02
   5.1410091e-01  1.3483698e-03]
 [ 3.6754066e-04  3.4358874e-02 -1.1074579e-02 ...  4.8571727e-03
  -8.7562986e-02  4.8395023e-01]]",,"[194.78828  190.3472   169.87094  166.26985  176.88507  191.3246
 193.74606  201.14128  142.24718  174.4458   153.16557  163.38199
 178.70685  170.20238  159.80191  133.59244   75.31307  208.24619
 154.82158  212.91756  148.20226  177.02489  182.87714  195.1672
 167.40344  192.18483  225.88351  181.7691   173.05527  161.12767
  84.75767  159.58397  190.51599   95.67635  210.84131  174.59964
 180.35982  208.27809  173.1665   161.47862  198.69482  210.31993
 188.62672  138.55753  184.13745  171.99466  195.25175  172.42795
 186.55067  191.66068  123.20983  204.93677  161.95854  161.78651
 148.28116  191.10672  212.27591  155.34344  175.23666  190.74947
 215.70256  204.05014  155.34132  169.81265  189.35506  203.53566
 130.24384  165.01736  173.15298  143.27153  189.66498  218.78966
 186.67096  123.38397  155.71758  170.52948  229.00496  176.99352
 160.71342  203.29968  184.85272  154.12292  171.47775  181.51016
 158.1281   142.60022  193.5256   178.44466  184.45625  148.92186
 149.68407  204.32274  168.1221   179.21823  171.7904   191.2357
 179.41714  219.04633  160.59164  158.7482   189.77245  188.14574
 144.24428  193.1583   163.93681  169.33243  205.36884  194.09514
 185.66103  164.22475  185.84303  188.3422   149.55637  173.62863
 189.66437  178.19011  243.60622   57.31796  176.7837   172.67575
 206.11327  201.87407  173.21005  204.14287  157.26178  157.51695
 168.02057  192.38736   78.37805  191.76743  192.11821  155.24687
 183.51323  195.34543  184.37758  134.83955  163.53276  197.15192
 153.56075  166.66571  173.55026  158.9117   181.62149  159.2267
 172.29356  174.12787  170.44804  222.60095  170.78938  184.96086
 189.808    186.66124  212.79037  179.11024  180.1713   184.85907
 172.97876  179.85417  185.93562  142.57558  164.97728  221.4973
 233.31058  157.88385  160.34203  163.13942  157.82323   90.84675
 211.59892  181.84456  194.33519  188.70096  210.78938  149.874
 159.09715  142.59941  211.86842  183.34444  185.8736   191.082
 173.5286   184.89711  162.71931  186.8546   163.49564   97.71115
 194.54056  203.17728  171.26712  189.10403  174.08623  166.4696
 179.13771  156.3247   225.17053  218.48036  159.16866  146.71992
 190.73148  192.47032  176.84766  204.58304  198.89064  188.51755
 141.71046  188.57317  174.034    184.47815  222.2765   195.57884
 130.80617  200.47672  126.827934 181.15248  166.89417  174.98856
 140.19261  162.26431  185.94144  197.49306  171.08582  158.90646
  95.35851  143.37059  184.57384  204.4207   192.32945  227.49838
 197.076    180.67155  208.83005  224.59352  137.72731  179.54459
 162.93521  198.66057  165.88129  183.51024  184.49338  213.60976
 176.32458  192.33568  214.22517  162.76872  181.13635  145.56221
 168.86134  187.512    190.50803  196.9135   177.60661  192.3605
 187.95181  190.53218  194.89613   58.28916  140.51857  131.51811
 159.28151  222.80032  162.75458  174.79346   98.253006 173.79446
 232.34981  196.00244  175.0617   187.15211  164.8798   219.81128
 199.80287  205.21841  194.86365  128.79576  185.81963  166.09413
 188.3055   175.57251  182.44594  163.05948  155.29268  199.3181
 164.84259  148.64604  202.28534  195.7838   179.89928  193.27298
 187.2001   204.06258  183.93091  177.52959  164.29393  181.91994
 180.35869  197.98637  143.39725  192.83066  178.12709  165.74284
 167.27037  203.82372  183.67128  205.7689   167.86148  191.96642
 182.61343  173.62212  189.63202  114.2878   196.73628  170.09688
 178.1799   178.0525   170.39722  196.19576  191.22163  202.97731
 187.62791  148.24374  185.76117  171.70627  191.62685  187.96165
 191.04163  187.21565  169.00996  179.87434  158.36618  192.61292
 165.62692  181.94942  209.47508  187.47021  191.4615   150.60863
 119.2169   194.80418  198.66685  161.95712  200.92926   63.659554
 211.06178  176.3102   108.98048  216.14297  175.26466  177.87636
 163.62689  198.69116  113.95808  185.4631   174.89076  166.0778
 189.0376   174.62689  185.71828  173.07814  208.16957  170.25766
 194.13258  168.29703  194.21861  183.4979   219.69667  181.75708
 191.32106  183.70827  156.15448  150.88336  206.54602  179.84819
 191.01001  196.1011   176.92197  182.98439  141.24644  162.92155
 169.1866   246.84418  179.1067   178.88075  200.49693  164.58026
 174.64842   58.503395 162.59471  154.8653   197.25266  180.2795
 175.69955  166.39925  158.67184  160.8767   144.52347  201.63628
 183.55263  175.93047  191.74832  191.55753  201.39445  210.48804
 219.05527  213.62912  189.21812  225.60587  191.16167  205.10454
 178.08302  179.3983   109.94529  184.61346  193.95186  138.58615
 175.5433   192.11813  215.74098  139.26486  168.83928  164.47537
 176.28087  177.21858  203.87941  178.9622   131.32278  196.93024
 169.22417  205.82884   98.904106 221.08932  210.55081  187.94989
 185.2731   133.83475  171.9012   216.41858  180.19524  143.94751
 194.7489   163.7845   163.5394   210.25331  152.11734  157.7023
 162.00168  212.14874  171.35484  166.59833  164.82806  185.83304
 187.8692   197.34851  224.25206  190.84871  183.70242  203.19382
 168.92525  183.80406  194.71648  157.50833  187.10936  161.45563
 180.27313  160.82332  155.17735  187.08162  186.57848  208.59601
 158.4929   222.05933  202.41841  109.85792  181.95633  209.75267
 190.59258  176.72261  201.2324   180.28876  174.64957  224.17836
 185.0056   209.52377  203.88982  174.51375  103.7011   148.31837
 217.9456   180.30411  162.5601   153.91315  189.59491  178.16716
 197.89539  188.318    128.21446  190.78384  197.21013  174.32741
 161.81322  187.77414  163.58055  208.40405  162.25978  197.12544
 187.577     96.17393  194.5566   160.34612  133.6202   222.57169
 177.60373  200.2486   143.60332  145.06416  197.97652  188.72711
 210.06961  164.74435  203.00766  198.43422  192.89458  169.03476
 162.33104  172.46469  167.50922  184.0356   194.29451  178.48161
 200.4261   189.35492  201.98807  196.91406  150.12125  199.06412
 174.52     187.29422  193.3351   185.90117  178.56113  170.6242
 208.79001  171.29454  191.68208  172.79375  197.7071   176.45935
 147.6286   172.02034  199.3689   177.81386  145.19257  183.45366
 173.23181  174.36226  197.20894  173.76784  193.5781   147.35434
 188.96716  170.226    176.373    168.04935  192.98885  191.51166
 174.94131  178.2571   193.37566  172.43918  161.99207  192.4632
 132.64908  168.99364  186.12231  176.0302   216.45042  163.97107
 155.64392   79.080315 203.15201  163.53969  167.52408  185.03458
 215.22998  211.60059  158.90715  171.33029  205.798    150.05052
 167.42702  178.40767  173.04596  191.3265   175.78932  189.16226
 169.21428  183.24385  202.74358  188.96703  195.39374  165.07878
 184.52794  182.55023  173.69987  176.96635  347.6721   193.22131
 194.84712  172.79118  178.03996  173.05106  168.10571  184.45984
 168.29324  195.97543  199.64313  208.77347  184.13217  164.64653
 222.82811  174.03252  168.88991  189.87335  194.15259  183.80934
  92.2741    96.243355 171.89148  202.87543  178.87492  172.3034
 227.56578  199.5467   148.72598  190.39311  175.27281  211.20988
 213.00266  150.00859  197.46342  174.11684  181.90468  173.62358
 161.35663  176.43915  175.14465  182.09189  236.65617  139.79292
 173.99648  161.67668   65.20042  163.08006  207.09094  200.75847
 184.4722   156.41695  217.6918   198.74991  138.3971   194.0338
 190.99507  154.37866  180.28989  188.99971  185.7152   175.47263
 187.10184  195.53517  188.46567  182.52747  208.68912  155.67743
 180.12274  133.26628  169.3974   164.05574  188.49197  183.95291
 199.89983  175.38948  154.45918  150.88623  189.8166   176.14212
 200.23848  134.41156  164.41707  184.3182   142.8191   190.3346
 169.42465  176.8011   183.66908  191.40407  175.3878   195.87634
 206.35228  179.22302  162.12686  191.54753  166.0103   163.6594
 204.11572  149.46611  145.84436  211.65805  150.4385   145.96538
 167.18256  160.76265  156.9208   128.04814  203.1928   204.54187
 174.19467  140.50058  107.95768  182.67416  197.99048  187.2587
 197.4272   201.62898  173.74231  186.26     152.31912  195.02112
 181.20856  163.95041  179.66742  217.27667  202.40825  174.74336
 190.69771  158.57088  171.07417  184.0757   214.1806   200.29764
 188.05843  195.63289  178.68011  208.95963  177.11555  168.2468
 172.85507  169.70618  161.00972  154.44006  198.00876  183.29486
 182.06969  186.61536  169.50713  193.4442   194.53104  159.37146
 174.49847  197.2705   203.93463  181.37108   55.173214 203.19878
 166.99358  185.68942  177.48392  197.24098  172.6935   180.84584 ]",[5.352002  4.9914618 5.491638  ... 4.5784087 6.0454035 4.2008824],4.884886,0.5347103274559194,0.6547600945092474
10,5558,Transformation_Matrix_W,"[[ 0.5690241  -0.06586047  0.06585379 ...  0.0471229   0.09141257
   0.02948954]
 [-0.04574142  0.62518275 -0.02464964 ...  0.06354205  0.00839892
  -0.02232701]
 [-0.0258976  -0.03568944  0.46168086 ...  0.05750613 -0.08595292
  -0.05773992]
 ...
 [ 0.03014357 -0.06950703  0.02341854 ...  0.56300616 -0.09342569
   0.09301437]
 [-0.10630508 -0.04238451 -0.05195534 ...  0.04379586  0.54135686
  -0.00570513]
 [-0.02607509 -0.06139279 -0.05331378 ... -0.01317906 -0.06558447
   0.4841489 ]]",,"[130.21681  129.4154   121.52806  113.29639  118.0434   128.31781
 132.93504  134.60751  100.39034  116.90665  109.03229  107.148384
 117.4429   114.830215 113.62397   97.5995    56.3841   145.57335
 113.90451  136.67581  100.88945  117.94383  127.78626  133.48941
 115.0279   127.35816  151.51991  120.54968  114.4805   110.9976
  62.8878   107.17401  130.73727   73.21251  135.18204  118.7056
 117.67219  137.16708  113.696625 117.163506 136.5378   142.22408
 125.17872   95.741196 123.1565   121.69334  131.89432  122.0017
 134.26744  128.6357    87.75891  129.43506  109.51564  117.0607
 105.4268   130.85286  139.43869  101.41141  120.84887  128.1119
 138.20053  129.11171  106.38146  117.99906  124.469696 130.32077
  88.208275 112.07516  119.77133  101.30677  125.9254   144.87042
 120.562454  90.42494  108.02852  115.74914  149.49327  119.567726
 111.70213  131.09035  127.53488  112.37971  119.44655  124.32454
 114.090126  95.940765 123.220825 119.3024   124.940765 100.92078
 106.00964  141.65285  106.36614  127.22571  117.6892   129.01315
 131.49031  147.42296  101.7481   114.10557  128.89633  123.95763
  96.01511  128.03523  112.87468  120.64869  140.74785  139.14993
 130.88239  111.75531  134.16869  120.20456  101.72913  125.17499
 129.62389  117.04027  163.61197   48.21224  121.093    111.3625
 139.52692  133.14859  116.9982   135.47256  101.38241  113.13417
 122.39694  132.65495   62.49832  128.12617  126.082825 107.603035
 126.02153  136.44041  124.516106  95.5506   108.3287   139.14537
 109.01504  125.94854  119.98094  113.92682  118.48773  109.45809
 115.089096 110.32138  113.406075 138.99924  118.576126 126.65396
 126.73501  126.22418  145.01917  115.666    117.97921  120.83631
 120.69152  121.61692  123.47127   98.43841  111.47262  147.43365
 152.09033  112.02666  112.48201  113.063156 108.07942   71.1815
 145.74738  122.82987  133.41255  129.55054  147.42088  102.71311
 112.01864  106.073044 148.3518   126.27249  126.12885  134.51787
 122.123985 130.72537  110.20445  114.894646 115.37222   75.41785
 124.921715 129.19756  123.54905  126.915764 122.731766 114.694176
 124.24558  102.375565 140.94435  140.97653  108.318    107.99057
 134.46738  128.38234  118.40465  126.73356  133.3026   118.8223
 100.87216  125.63271  117.500885 122.73664  145.49138  130.90427
  96.752396 137.58334   94.62083  131.11143  115.562195 126.137184
  92.969025 114.304985 122.37134  123.36867  115.23652  112.96785
  72.236595  98.821686 118.900856 136.76218  133.56992  143.34795
 133.31206  121.902145 144.89546  144.74832   92.52016  121.1957
 112.138725 121.56616  114.3486   122.932144 116.884155 143.58687
 115.8173   127.72515  134.82077  111.7099   117.90286  101.38609
 119.53293  117.21002  121.62436  128.97469  118.327126 135.01976
 122.99343  129.03886  127.31336   46.294857  97.665825  93.237076
 103.22534  150.7122   105.892166 121.579155  73.45347  114.65438
 146.13774  125.341675 126.09603  125.475975 112.53338  148.65607
 138.75822  136.29312  125.9626    86.54252  126.63706  117.37909
 134.1682   113.612335 127.05981  112.91861  106.72721  128.10455
 112.18371  110.66996  144.49808  130.86461  120.95405  129.50087
 125.59993  135.66023  119.72033  112.76747  115.350746 123.50108
 132.74426  127.27797  102.24382  125.65544  127.04461  119.592186
 114.1775   139.46925  116.5564   134.80035  112.84296  137.44458
 119.75569  121.141914 131.145     83.050575 133.0177   114.38416
 119.556175 112.319756 110.8872   128.71089  126.46084  137.92389
 134.45279   98.606094 131.00443  115.54477  129.3745   125.05034
 124.76629  132.36482  114.087685 117.09862  109.63939  133.23318
 112.09789  121.91257  141.90337  118.33093  131.79211  103.399086
  88.03969  135.96925  135.9661   111.881584 134.03577   47.77362
 141.08545  119.876076  80.61049  137.14064  118.71905  119.64197
 110.51033  135.20555   82.495384 122.95317  120.39145  110.08115
 132.80681  109.184044 119.32034  117.19025  136.92995  119.943375
 125.04461  115.158066 125.69278  128.02519  144.28876  124.72655
 128.70833  122.2146   111.35201  106.30332  139.59554  116.509895
 121.007    124.83084  119.32856  121.562225  97.92835  115.487816
 110.97354  160.77042  121.40268  117.66621  126.34425  107.90585
 117.94082   48.431225 109.41052  107.48579  127.71382  129.79132
 118.6325   106.66314  114.217865 119.70174  100.91243  137.34985
 122.63882  120.26708  130.4311   125.507034 144.16762  131.45717
 139.56813  146.58586  130.77159  156.85352  130.503    144.79271
 121.01024  120.73948   81.93486  117.74488  134.02702   99.11209
 117.58688  124.02739  143.23065  107.132126 113.81947  116.807526
 118.21615  120.29165  138.27843  121.110756  95.819695 130.02278
 116.68296  139.47049   68.18614  148.87425  134.9717   126.8828
 128.64589   93.46103  121.78791  150.12881  113.98723  103.40973
 133.40173  104.27109  114.692    146.72986  107.00441  112.080315
 110.624794 140.42859  113.8192   116.58644  113.204346 126.51332
 125.48544  131.92862  148.06956  124.073586 120.91536  143.16
 116.79925  112.9205   129.2949   109.34888  120.394356 113.02284
 124.294846 107.27726  107.04778  121.5359   129.1175   140.30331
 111.515144 149.04192  139.83023   75.71044  122.511246 132.70314
 128.685    122.076645 132.39493  128.27505  117.99826  141.40706
 123.94673  139.16956  138.86153  115.93174   81.36263  100.63747
 141.74937  119.763306 116.726715 108.763    126.71352  119.88858
 140.47346  125.73458   94.58252  127.97964  126.20514  118.378204
 113.23195  126.32893  108.55019  147.39194  110.17925  128.39941
 125.82633   68.75586  135.30847  115.01656   88.52134  146.35126
 114.37989  129.62352   99.02871   97.515076 137.76181  123.27925
 144.27028  110.1592   134.93582  135.16751  124.1486   112.96715
 118.35397  124.82242  123.36336  125.161514 123.53759  126.24046
 141.81087  128.67488  137.14514  129.15123  111.75656  133.94885
 117.5673   119.348915 121.89657  125.13492  121.42651  118.06703
 143.88142  113.45181  124.607285 119.03454  132.3891   117.5111
 102.72083  116.70291  132.88489  112.49715   97.77223  127.66266
 117.60392  131.34227  132.48503  123.43314  128.06966  103.33906
 126.71626  118.22252  124.18973  121.91768  134.59906  122.48517
 124.54983  122.34765  124.14703  114.115906 113.7712   122.403694
  91.66513  112.212845 129.4661   118.92984  141.5339   112.7263
 106.52212   62.256886 137.02643  118.544495 108.17754  122.0809
 139.9217   131.52916  113.51262  115.787704 134.3242    99.43541
 120.88377  131.11304  120.72217  132.91084  122.228035 127.37891
 110.08095  120.382614 133.97864  125.57612  132.26213  104.84679
 125.59675  122.23811  122.284775 119.978195 284.11963  130.03848
 129.65302  116.366516 125.647804 117.020424 116.724915 124.57701
 109.82804  129.164    135.30399  133.46095  122.94718  108.407486
 150.5496   114.55811  116.57766  132.1021   129.82587  121.17287
  69.03056   72.935074 113.476654 135.66481  118.355705 121.44085
 151.0833   137.1573   103.89424  127.792114 111.832565 134.46516
 141.83755  100.31996  124.11116  116.45862  113.74531  116.939735
 115.761536 117.54972  124.91133  126.610634 153.51591  100.07242
 115.389694 110.91998   49.62984  111.8243   139.4555   135.0583
 129.48198  111.38505  137.30849  143.15779   95.52176  131.41759
 131.597    109.03503  125.983696 124.160065 128.77109  119.06357
 128.90724  134.48534  132.20576  121.58916  132.77452  103.79816
 117.92863   97.78926  120.27261  116.33377  130.32587  122.249695
 134.57451  120.658745 107.18465  100.4855   129.02455  123.63868
 134.92395   95.1138   114.71256  128.66905  101.752716 130.0907
 118.25691  119.85119  123.129196 124.92402  114.75971  132.77815
 142.69334  120.17536  109.06572  124.48648  111.36222  111.937515
 138.90544  106.6585   105.47338  141.55164  102.32861  102.844574
 117.46917  105.58757  102.73706   90.35279  132.77686  142.2542
 124.058304  94.76125   78.054146 124.545265 132.46086  123.49114
 128.23233  134.32327  119.85536  116.45139   96.992714 124.45162
 125.21328  108.886734 119.534966 144.1012   132.6803   118.04702
 131.73178  110.34822  115.16134  125.75477  145.01035  140.31569
 127.51967  130.00087  118.99913  142.81752  120.804115 115.43343
 126.79636  114.17949  109.860725 106.07649  132.00441  121.52156
 114.85001  134.34842  110.679855 131.40935  130.40048  118.12165
 120.83015  124.70119  134.01578  126.76011   44.65773  137.01094
 122.84674  131.57469  122.73944  128.44063  122.49968  125.23906 ]",[3.808093  4.547607  5.198563  ... 3.8353481 3.4238026 3.292213 ],4.0095043,0.674911838790932,0.7848439412101672
11,5558,Transformation_Matrix_W,"[[ 6.4450765e-01  1.4432032e-02 -5.3584981e-03 ...  2.1045983e-02
   5.9113823e-02  4.2348471e-03]
 [-1.3494157e-03  6.3883227e-01 -6.5510944e-03 ...  6.5266028e-02
   3.4014776e-02  1.9909246e-04]
 [ 2.5683291e-02 -2.0519709e-03  5.6884837e-01 ... -3.8448181e-03
  -1.4231572e-02  2.9478092e-03]
 ...
 [ 2.2216666e-02 -8.4585771e-03  1.1780271e-02 ...  6.6384763e-01
   2.8555492e-02 -5.4178014e-02]
 [-1.9917797e-02  5.5657677e-02 -7.2889896e-03 ...  2.1498214e-02
   6.4803350e-01 -1.5448362e-02]
 [ 5.5444720e-03  2.6152456e-02  1.0782636e-02 ...  5.4056749e-02
  -7.1175911e-02  6.1544371e-01]]",,"[102.32765  105.069244  96.888245  88.26963   95.512314 102.63051
 105.92235  106.22153   82.76722   87.61708   83.4435    82.31832
  93.59197   90.48392   90.630424  78.48912   47.570293 113.82354
  89.618034 103.174286  78.688774  91.254196  94.92774  102.67294
  89.17874   96.95775  114.21997   91.386345  91.274864  91.568794
  54.21471   85.33799  101.369736  56.107185 107.53977   93.67682
  90.81187  109.35231   91.20788   90.306725 107.92581  104.824814
  98.64364   75.26039   94.2455    93.08297  103.870094  90.22919
  99.47367   96.47961   70.01194   97.55774   86.85303   93.83439
  82.53956   97.792534 103.83534   79.802605  90.84934   97.49239
 114.40816   95.918785  80.83143   97.33968   94.09141   95.627426
  67.75489   94.17095   91.13178   77.18137  100.077095 112.44545
  92.88355   75.848465  86.38441   92.72961  113.43688   97.05946
  87.93099  103.57019  100.355865  91.243095  90.26855   94.87924
  89.68915   75.9414   100.71732   97.623665  98.58237   78.857376
  82.89852  108.89244   83.83895   99.07482   95.74812   99.856895
  98.299225 114.23604   80.21884   87.794945 100.98383   97.27961
  78.627716 102.756165  90.561195  90.19256  111.733536 107.784424
  97.80275   86.92045   99.19247   96.26217   79.56177   94.57401
 101.53224   88.27979  124.01696   45.678604  97.791595  90.74793
 111.89759  101.78623   88.55526  104.82939   78.5072    93.38685
  98.716866 108.0079    54.395115 100.05719  101.0553    84.8022
  96.1472   103.98746   96.55244   73.043755  84.94608  102.579254
  86.692894  96.84442   94.0452    85.59525   95.19736   83.4818
  86.58225   90.35821   89.56855  108.66358   91.95553   97.0147
 100.52421   95.267654 111.28015   89.143265  92.94243   92.99874
  94.71855   94.80838  100.45206   82.4438    91.84784  114.251564
 115.22013   87.278046  88.47208   88.821594  85.25522   58.314526
 110.403755  95.38281  104.11809  103.77402  109.09447   83.88612
  89.088196  81.82097  115.46149   93.939514  98.771996  97.82841
  98.31301  100.083145  87.52102   88.8834    89.09879   62.44718
  97.981186 102.65768   97.60034   98.21494   95.826324  91.763084
  98.23417   80.705444 108.48606  115.09778   86.75993   84.861015
 106.921646 101.91861   91.37022  103.21132  105.33297   95.74414
  79.07841   97.36041   90.57992   95.48197  114.20472   96.50518
  76.27938  105.23785   74.18394   97.00509   90.78905   95.865456
  78.17847   86.87162   99.825874  98.27601   94.01554   90.922104
  62.107586  76.10455   96.19041  108.893524  97.886086 110.08088
 103.856285  94.49236  107.138115 115.339554  73.4186    97.99756
  90.49174   94.346725  89.86046   93.60192   93.41681  114.7592
  91.45115   98.34669  103.26014   82.195496  89.16151   80.72245
  89.28992   98.14399   96.69164  103.54586   92.62926  100.71357
  96.61143  102.451004 100.20223   44.080513  76.16414   74.69587
  80.98843  109.42366   85.229645  96.09125   65.912674  88.366425
 112.22354   98.08259   97.05196   99.77781   89.943565 118.07783
 109.01145  105.69166   96.938034  68.76937   99.04084   93.58015
 105.578415  90.09085  101.60152   87.17734   82.72179  102.17948
  89.794304  84.04208  111.3662    98.249275  89.79489  102.07234
  99.39412  103.66567   92.391205  94.23666   88.42735   92.537346
 100.70346  104.27192   79.31113   98.356544  96.71601   91.40449
  90.376434 107.456764  93.37509  100.35652   89.373405 103.898026
  96.96364   92.54867  100.192535  68.718666 101.57209   91.260025
  93.558624  85.14031   92.6729    96.183525 105.18542  107.85109
 104.97751   79.50268   95.271545  89.333046  99.509285  97.35688
  92.61895  103.7615    88.82437   92.098495  84.87798   99.873116
  88.9011    96.353676 116.06115   95.107895 101.13123   84.117134
  74.12093  104.65638  110.41709   92.25623  102.73919   43.941242
 109.232124  98.05617   67.14112  108.23885   93.12912   96.649345
  86.41189  107.73585   67.3457    96.51398   96.13508   84.337845
  99.71178   88.22419   93.05879   90.250145 103.98059   94.50724
  99.62296   91.52883   99.82599   97.053566 110.23599   98.90497
  95.780266  96.826164  83.82503   83.851494 113.99435   86.03105
  98.511444  93.296814  97.45456   99.17998   82.22389   88.152
  89.46218  120.57332   93.69365   89.95709  102.712975  86.6866
  92.72592   45.68383   87.50787   83.648186 100.42839   98.832634
  91.22655   88.95886   92.55905   90.95437   80.29465  102.764786
  97.064865  93.4641   106.729225  99.40199  109.3388   103.27158
 112.40914  115.047226 103.984215 119.49363  101.1139   113.02856
  88.52403   94.16105   63.98274   88.84885  104.06303   76.99474
  88.857285  98.71263  105.88643   78.567566  85.841644  91.85724
  92.86378   91.63259  105.90062   94.756256  78.13152  105.644005
  91.563965 108.239334  57.44348  116.33015  101.88626   94.80495
 103.99558   76.07194   94.06477  118.899414  91.39823   78.343864
 107.42935   85.3244    88.053795 104.94466   83.543655  86.38355
  88.61068  107.86117   91.82887   91.02134   88.3467    98.17416
  96.696434 100.38856  110.565575  96.23491   90.60885  113.44711
  86.49483   89.88006  102.50239   88.50204   97.58316   86.9234
  96.47338   84.761505  81.28555   95.55611   99.979614 110.47682
  85.19866  111.264275 108.411705  61.010834  96.92058  107.5926
 100.47563   94.415794  99.529106 100.22247   95.62206  111.32158
  93.59619  107.81     104.29468   87.58438   65.20999   80.24808
 109.172104  93.57179   90.880135  88.84941   99.8366    98.98784
 105.42862   97.83322   78.316025  99.76723   98.74827   89.06754
  89.72438  103.739845  85.753494 112.48187   88.78619  105.15298
  97.24847   55.481377  98.66693   87.65245   72.61166  115.40063
  91.4063    99.685455  78.794334  78.77201  101.443924  98.568565
 108.8179    88.8188   103.15955  102.36729  100.87394   90.130775
  93.76851   97.37563   93.486824  97.29197   98.060036  99.13341
 109.85941  100.63525  104.7452    96.68089   84.28743  100.44567
  90.06237   92.97261   97.78659   97.42374   96.88381   92.80921
 114.64      91.2016    95.5987    94.28738  104.50956   95.17933
  84.01274   94.19519  100.704765  90.20126   79.7876    95.24077
  92.27089   99.865265 105.37786   96.09542  101.58477   79.96445
  99.53712   96.18258   98.161194  96.12166  102.9076    94.58216
  96.03022  101.29864   94.67689   91.69568   87.919685  99.22615
  76.54154   88.45051   99.7325    94.60085  107.1216    86.65125
  85.79458   56.265537 106.17746   96.731926  87.20328   94.08597
 107.008385 105.68368   87.70498   90.78806  104.47418   77.41125
  93.55239  101.29629   88.65835  108.14151   95.88547  102.23584
  86.895744  91.57878  100.731514  99.860275 104.559715  82.279854
  99.51511   97.93245   96.55475   94.652115 225.33873  101.9512
 100.28222   92.74895   97.33594   93.088234  92.597725  98.34518
  83.548965 100.96944  102.800865 110.02232   92.86425   86.3539
 117.6598    92.067154  87.41878  108.63141  101.47669   96.78219
  59.819885  64.06458   92.6747   105.56434   90.784584  98.11266
 119.89767  103.68844   85.44402   99.41978   90.11666  105.80067
 108.72418   79.90386   99.97545   93.387924  89.48894   95.57572
  90.30123   91.791046 101.25269  100.954    117.099754  79.19097
  91.15896   85.66466   41.886543  85.664635 106.84194  104.07111
  97.158264  89.71001  104.51832  104.784996  77.32186  102.14292
 103.0018    85.50561   95.87982   97.18548  103.46225   93.22427
 101.67933  102.97135  100.76257   99.685486 105.634995  84.96093
  94.936386  76.23043   92.02925   88.94121   99.64881   99.12843
 107.296776  95.702805  82.97242   79.74361  101.193     93.15361
 103.94849   77.35407   88.97327   97.25296   79.80811  101.90234
  94.070816  93.60596   95.16464   99.99271   89.77405  103.618965
 107.561485  93.71839   86.090355  98.07535   87.76108   87.37265
 109.7397    79.03844   85.37215  113.922745  83.3705    81.21807
  92.41676   82.5685    80.959656  69.00356  102.82202  109.71177
  96.891304  74.26984   67.18943   99.149536  97.66342  103.4188
 103.85548  108.33792   89.28219   91.050476  77.2804    98.62975
 100.70566   89.265854  93.564285 112.8927   101.097046  90.84042
 102.59939   89.6245    91.12522   95.944885 116.509514 107.442986
 103.916855 100.1114    92.87758  106.28244   97.343605  89.80079
  98.86013   88.28401   87.53021   86.42948  100.88724   95.12413
  91.83257  103.19507   92.46668  101.62458  101.10252   90.870346
  98.500565  99.72043  105.874115 100.06911   39.21998  108.388
  92.37789  105.396706  97.57383  107.581665  90.67756   97.27439 ]",[2.9175994 3.8645294 4.962575  ... 3.5949373 2.7279208 2.998358 ],3.5368261,0.7141561712846347,0.840543994566252
