,Train_Data_Size,Transformation,W,b,Residual,Residual_Norm_All,Residual_Norm_Mean,Accuracy,Co_Sim_CLS
0,13877,Transformation_Matrix_W,"[[ -2.9053073  -11.558716    -1.7377918  ...  -6.8557      -3.4403555
   -5.6741967 ]
 [ -1.504369    15.776327     1.490001   ...  10.319377     2.584381
    0.05362534]
 [  1.4370403    3.1254997    1.3807973  ...   9.434715    -8.695914
   -8.716026  ]
 ...
 [ -2.1109374    9.040114     5.6496534  ...   9.755357    -1.6639426
    4.3880286 ]
 [  7.9812737  -12.50555      9.093056   ...  -4.974308    -0.23920143
   13.075086  ]
 [  2.1171799   -0.8205644    0.3004789  ...   7.38587      3.589635
    5.8042    ]]",,"[ 893.76624  863.59015  774.7101   727.3079   749.3914   912.0139
  907.1957   942.0734   674.0118   740.3618   681.58417  842.6262
  827.16785  866.8984   775.32446  778.4115   434.57935  989.5509
  709.2481   929.30634  660.4231   743.48236  807.92065 1048.0485
  696.12024  789.54224 1101.839    762.5523   790.13916  705.56104
  464.32898  712.9602   911.9728   492.74152  867.5361   793.4672
  784.17303  937.0271   715.7921   774.5213   952.5375   849.3367
  887.96423  636.38513  799.5885   835.8818   949.6936   865.08356
  841.772    809.3913   604.83826  937.24963  742.13403  791.82635
  752.2001   843.36163  982.0867   816.5259   749.14996  836.5594
  946.5509  1027.411    705.6612   879.0141   818.62103  843.2653
  679.54016  681.0708   763.09296  665.0195   945.4805   931.108
  776.1597   626.5052   669.6944   769.2947   987.3084   845.28955
  729.3832  1021.82104  815.6596  1004.07043  715.5544   941.30804
  737.0128   594.7848   995.25433  841.14465  893.17993  700.2476
  697.5437   961.8081   687.07227  864.33496  830.50854  876.47235
  936.65735 1050.2776   748.7612   721.3507   886.5722   838.8455
  656.4303   957.11676  766.3505   730.4694   967.5666   983.6531
  821.5254   698.0787   916.7878   791.9616   674.5483   786.2918
  904.99     729.6724  1074.0964   434.27344  845.40137  790.4712
 1004.57294  880.2761   756.174    948.7147   729.80896  712.14075
  734.7682   867.83246  440.38507  796.0517   807.876    768.9112
  895.7629   884.3449   838.4627   676.6922   704.71466  863.2129
  711.35004  761.4197   753.295    632.0447   835.7732   696.86975
  726.34607  892.3635   810.2196   992.04144  808.9448   795.48413
  915.72107  878.708    938.4672   832.0382   899.6318   713.0115
  872.6032   874.97327  949.97003  886.39606  768.2342  1013.06696
  984.5376   769.1556   685.326    704.9252   768.7337   666.92285
  977.70087  871.5611   849.1233   979.20544 1011.94147  924.071
  729.52716  726.16473 1040.5199   805.35016  805.78674  911.72314
  710.6277   822.2513   732.25854  856.60376  704.8024   467.58493
  905.1175   926.0038   876.2511   869.13354  787.2819   771.7503
  811.74677  676.5661  1057.9888  1056.9777   741.4279   710.0887
  953.01715  873.21387  788.6523  1073.4272   890.8751   885.2056
  628.966    840.17145  837.14014  812.55304 1085.5289   831.95624
  601.0751   873.13464  678.8512   843.89154  748.90295  836.55566
  663.0604   692.9851   832.40076  831.9432   813.8355   676.84607
  455.3167   623.4822   897.3142   946.1858   822.1457  1034.7576
  915.2467   788.07196  906.375   1033.6787   667.7306   816.8986
  697.22784  880.19324  753.8757   800.81464  876.5133  1011.0435
  867.57025  852.1852  1002.6148   726.9302   832.2454   657.3009
  780.37994  830.53644  821.1091   875.7832   768.4364   939.2764
  828.76013  836.7986   866.03577  503.53387  663.07367  781.0307
  738.5226   932.46826  717.8497   773.7645  1000.7229   801.712
 1061.2289   832.0507   827.7895   849.38135  715.60504  966.03546
 1007.50555  993.1723   856.9904   605.6532   822.15204  721.9925
  833.2091   736.9378   862.28186  680.62006  751.1844   933.7408
  750.42346  725.3756   952.0096   867.1575   776.1672   913.5645
  852.4715   957.00146  823.7076   807.5758   766.6158   848.82324
  808.60156  933.1239   578.52704  875.66797  838.4584   759.1874
  761.58215 1175.5873   922.2309   906.23315  748.39734  868.8389
  893.97253  790.9626  1062.6012   660.06854  930.4291   842.1958
  799.8277   816.085    717.8934   810.52985  788.96844  894.56213
  821.41516  639.2595   792.0907   875.0274   861.88776  812.2887
  817.68353  921.76117  750.40985  779.10706  733.20905  907.60767
  740.41315  806.6766   983.04175  779.9795   824.9133   707.95013
  797.85876  865.7738   905.204    766.1925   950.46173  364.01907
  930.83246  874.2191   848.93414 1079.5793   823.49896  776.6788
  741.14655  924.7408   850.5213   768.441    731.8767   691.2291
  839.4085   748.48553  893.3481   822.69995  867.7514   907.6206
  795.1674   789.9132   855.99493  867.4336  1034.1179   861.56134
  817.34784  863.2035   687.4675   655.2254  1003.93555  869.95605
  998.1663   850.09656  735.6441   805.6641   788.9276   783.25824
  892.08527 1172.2573   857.57544  747.7262   886.36847  802.6512
  743.76666  370.57895  683.43823  793.17316  929.65     821.2098
  890.7033   739.6132   857.7577   744.6499   657.3593   857.2423
  869.173    822.70886  881.3673   842.2545   970.65295  913.95306
 1015.3256   939.1481   879.5633  1129.2462   850.2122   933.9363
  791.82916  720.1629   624.1209   800.2408   974.3182   648.843
  792.5712   831.60223 1038.1925   721.38226  841.8611   764.7924
  854.30206  840.8106   892.4942   836.64355  784.97876  924.28174
  768.357    912.3686   506.50595 1003.717    919.14166  770.1823
  840.76544  769.76056  757.6582   967.34235  743.4101   611.2348
  801.3329   702.7824   730.834    975.47943  733.5619   682.067
  688.72186 1025.59     759.212    761.71405  848.8246   763.67194
  837.3427   996.5646   949.7027   801.8968  1002.9023   910.88556
  788.29047  850.9269   905.94305  686.55414  816.10516  747.4309
  837.3125   791.2698   618.20703  881.1968   864.64496 1006.3917
  699.13586 1082.1328   945.82654  589.3598   864.11     885.02454
  924.5619   695.0708   869.4342   789.2326   869.8915  1007.3711
  866.6883   985.6153   924.56067  778.5218   966.9019   794.8622
  984.326    806.77026  723.5667   823.38135  949.52277  919.2956
  952.7264   818.70184  714.48627  777.27246  961.746    736.0748
  788.4394   806.353    708.8104   861.24854  783.6976   882.877
  827.61334  495.374    875.63544  823.426    703.9614   890.5183
  782.90326  897.64496  684.2263   626.3007   951.396    902.5439
 1093.6943   728.6572   903.12506  841.5541   973.75336  817.655
  833.65454  779.2725   748.9258   840.4571   861.56     852.9727
  949.63306  820.4134   879.80493  842.18427  647.4429   898.88586
  734.26434  854.5736   873.3773   844.0443   765.3625   736.8012
 1066.5938   840.85657  817.2717   801.80115  996.844    912.49414
  768.0736   761.7398   868.109    771.18207  614.5396   803.1677
  728.8487   801.1977   830.7671   827.72253  844.10956  657.2044
  841.898    854.9134   802.36566  783.2425   873.3028   863.87897
  848.26886  826.9264   838.676    854.8288   745.45374  832.4616
  795.1934   743.51587  834.7258   782.4366   901.53845  775.9833
  710.4344   817.38165  906.2869   835.4588   774.3961   889.4705
 1005.9906   899.0405   804.6803   852.35486  893.8547   673.72906
  723.2175   836.2752   710.06995  905.54095  777.5348   835.2272
  853.16925  785.8102   851.9708   829.89667  927.19104  763.33276
  857.30133  834.3399   826.28705  733.6092  1244.1035   872.65076
  990.65826  787.3544   842.6235   716.14374  815.468    859.60266
  751.5415   973.1141   922.976    920.28656  851.49426  710.5355
 1086.8096   805.7941   709.5747   880.4398   837.7843   832.1928
  972.18976  651.6998   782.3628   922.14     746.79913  760.50415
 1024.8412   902.98096  678.5618   953.78876  847.81506  982.7228
  972.03613  688.04504  883.6642   805.8808   840.0071   837.5835
  765.6627   799.3674   834.3728   811.13446 1111.9412   635.02264
  764.48364  684.20593  347.8702   797.0118   978.08057  925.9987
  871.4071   729.32275 1026.3077   927.2072   631.7437   898.05945
  911.219    718.2421   848.541    830.18646  962.79694  776.56
  876.24524  835.6466   879.24274  824.1537   947.16406  689.685
  814.61914  780.18695  753.5513   707.06854  863.17163  896.82074
  982.28644  747.1304   763.199    629.96716  940.61206  809.6761
  795.3835   566.8221   774.389    772.69055  586.01843  825.07166
  820.0132   742.0294   827.4811   864.9797   785.31226  824.1663
  954.33704  819.6471   693.1586   805.24854  675.3669   698.3757
  928.74677  672.5275   699.6976   890.34143  685.14246  691.90894
  715.7592   707.91034  690.2146   580.0224   968.14795  851.6239
  787.84985  598.1054   902.8658   843.29395  881.7889   873.04834
  930.29504  900.8773   722.7932   857.0147   662.6175   901.9473
  803.1947   706.71545  842.0663   955.23505  908.92566  882.7411
  805.7427   743.9498   724.70105  909.7216  1039.546    898.1828
  884.44794  922.9621   816.8328   905.9485   837.9948   714.0314
  786.66583  875.99664  732.61017  721.0823   858.6505   847.07
  831.83936  791.50507 1073.2598   931.07074  826.77405  745.00653
  783.6052   918.6718   976.9736   818.06854  357.53644  953.2665
  686.95734  854.0519   742.21875  972.4393   856.9766   782.6143 ]",[5.2960954 8.656124  5.519805  ... 8.123775  5.4080567 6.018384 ],6.6735134,0.04775818639798489,0.2515085733396831
1,13877,Transformation_Matrix_W,"[[ -0.1005857    0.7144767  -10.4529     ...  -1.2993962    4.356179
    3.2168047 ]
 [ -7.420538     1.5462232   -2.7438822  ...  -0.5475229    3.4569268
   -1.5054655 ]
 [  0.89105195  -5.7222443    3.9956672  ...  -2.4945977   -2.0760121
   -5.318673  ]
 ...
 [ -0.77643377  -0.6330805    3.8561554  ...  -2.628182     1.874452
    0.41124707]
 [  6.4437385    0.08747946  -7.4226966  ...  -0.7572596   -0.6742915
    3.2968829 ]
 [  1.5033635   -2.6815155    1.7736655  ...   0.18849109   1.7209282
   -2.522861  ]]",,"[ 875.1973   850.61707  733.8534   713.9805   738.6958   879.7206
  878.1594   926.1977   647.7231   725.75653  674.2714   802.958
  807.4521   822.7164   761.2304   756.89307  405.50723  967.94775
  687.6574   893.47833  647.0537   717.57806  788.6715  1022.1664
  688.20245  773.19604 1069.8811   752.99963  759.92615  690.36487
  432.07892  698.1196   895.6071   443.65076  844.151    772.8784
  765.6791   918.9898   702.8709   757.43646  924.73456  831.6186
  865.82043  610.93195  781.5358   807.688    920.59595  837.96857
  815.5124   794.5801   589.5948   919.8224   723.3772   762.4697
  704.8115   824.4463   958.6915   783.3928   736.3581   826.8758
  918.17755  997.53735  694.2116   848.0375   801.42114  825.2261
  625.764    670.42096  742.31226  647.9578   923.30444  912.7884
  756.93286  601.0857   662.65643  755.15515  961.36206  823.65027
  707.3971   993.033    803.83954  942.4551   692.61053  917.58704
  715.6762   586.23346  977.27     828.17065  877.655    683.7861
  684.0954   934.9472   676.53284  844.0968   811.79834  855.8696
  904.1044  1041.6888   723.741    698.52246  847.68195  829.40015
  636.17584  921.25616  735.7857   708.0253   953.88086  960.74567
  808.9373   681.7986   891.6634   773.8721   649.98914  754.4842
  852.3811   710.1232  1056.8795   332.54874  800.03864  776.70886
  986.5163   868.1146   750.4988   925.776    701.92395  690.3119
  709.1495   847.9594   411.46762  784.32635  790.1373   720.9363
  873.3832   862.78534  810.8166   621.52954  691.78644  843.5193
  689.4653   752.619    732.16895  620.69324  809.2818   675.82416
  710.05835  856.9817   790.2552   963.6117   793.2964   776.2465
  895.005    857.1307   910.1566   797.9898   865.3404   700.39734
  834.206    852.30774  931.0021   852.52563  741.9914   996.10144
  963.5472   753.0653   669.10944  686.53503  747.68677  608.8116
  957.4546   859.8402   829.18286  946.4645   968.2377   858.80615
  706.7286   703.67883 1009.11804  794.3155   790.9319   896.5758
  689.38763  811.0592   717.27277  827.901    699.0185   452.4184
  886.30255  910.8005   839.51636  848.9359   765.31366  748.87396
  787.134    659.01874 1037.6101  1026.3928   719.689    637.1492
  935.98914  852.018    763.7832  1042.7823   862.4086   871.73444
  611.65826  820.4627   812.3674   800.3128  1056.8768   816.25073
  584.88275  854.2656   634.109    815.6843   725.95953  819.0394
  620.31775  678.39905  805.7642   818.4435   790.0555   665.00366
  440.2945   612.7483   855.74854  918.2355   794.5299   992.99646
  894.6007   768.17633  892.72327 1006.3212   646.2604   794.0539
  676.101    854.0975   730.12195  783.76996  851.84033  978.3758
  835.6097   832.1689   978.22314  703.0128   808.20325  645.20184
  760.7938   813.75745  801.79517  863.8752   753.54895  909.3346
  809.2482   804.8723   842.772    432.95047  638.922    699.61017
  709.963    922.9757   707.67017  755.90045  921.1514   788.75354
 1031.4353   816.1766   800.10394  837.85284  696.24725  940.00104
  981.1261   963.25494  842.41406  584.1332   809.5531   687.8963
  809.6448   723.2933   844.1032   667.32324  719.41797  906.9265
  729.2369   694.8565   917.9725   844.10724  756.67     888.9329
  835.0637   927.75006  811.9814   793.01904  750.5556   820.23517
  790.24023  896.64246  563.47797  837.1609   823.94403  729.7182
  733.0054  1134.6321   887.0291   885.40283  733.2737   850.1383
  873.46173  773.4984  1017.31055  614.6326   912.92236  817.30914
  777.5194   792.70166  706.16394  800.8576   770.2108   881.4153
  817.22266  624.4035   781.1249   847.8894   844.0184   788.29956
  797.51215  898.30176  727.69055  762.2511   720.24713  859.04407
  733.444    788.0062   964.16656  754.67474  810.1256   690.2373
  742.3608   847.31323  871.3476   727.41644  926.26886  342.77145
  901.5694   847.8556   763.1878  1061.5437   807.6665   760.70435
  718.34796  889.6088   803.92365  753.7356   718.9687   675.79144
  820.5445   737.47723  871.94257  796.19946  853.1628   867.7683
  780.939    778.22125  838.0365   848.66724 1003.35785  832.6549
  796.97754  853.0427   670.24164  634.8226   981.96875  843.10114
  970.59094  825.47394  720.8656   775.7279   774.7045   754.56396
  847.7174  1143.745    818.45984  727.6394   861.3611   785.23944
  730.61     325.0954   673.3581   773.98895  883.82477  799.18713
  844.4347   727.39966  835.3282   724.0927   643.7701   835.68304
  843.7397   802.87006  845.9542   824.4408   936.92065  906.0054
  983.75085  919.356    859.71686 1054.3005   828.77673  900.72687
  769.495    703.0166   597.0285   792.9883   943.82886  641.5669
  765.84766  825.59186  994.10443  693.62775  816.48346  739.5859
  833.5288   804.52094  865.49164  816.02814  740.46405  901.05237
  746.91125  899.20966  485.10507  982.3615   885.9373   748.2551
  810.95233  731.2394   744.496    948.3242   734.91223  597.9691
  787.05334  682.7386   716.1568   946.1237   712.2951   664.0241
  668.879    992.35254  739.6937   747.19495  822.3434   737.04224
  820.0342   963.67523  917.82874  780.6117   952.0719   880.8915
  766.7334   832.8525   882.7487   672.504    778.9924   731.6819
  819.9095   768.3962   606.7585   869.7039   836.59625  968.65814
  681.1835  1049.1046   925.3773   537.356    843.94934  847.39325
  894.2281   684.0043   846.428    764.1044   854.41614  988.1994
  828.90607  971.4619   896.6124   761.30396  844.38995  779.4662
  962.4884   783.9042   703.4267   772.6409   930.3881   871.2746
  917.6321   792.46844  675.9567   758.4152   922.0761   721.19135
  762.04193  799.64435  692.4632   846.2989   763.9619   858.4629
  803.746    445.2483   857.5832   808.2651   670.4451   877.68225
  769.3156   888.0776   663.13214  616.91766  920.558    875.26843
 1060.8378   708.89484  873.4315   821.899    951.8889   798.646
  808.82776  768.3019   731.6203   809.52637  845.0401   835.47626
  915.2468   805.5037   860.81305  829.4143   634.13776  867.4525
  713.34155  840.11926  850.73914  814.14825  749.1725   723.66956
 1047.728    816.88184  798.7179   797.7235   972.19806  891.4805
  749.4596   743.08685  847.60345  752.6896   596.2379   776.2044
  716.26654  786.532    799.56506  798.7567   815.1996   631.41187
  825.62683  834.7587   770.48755  770.47107  858.7658   855.00415
  814.6684   803.6417   819.17065  801.6242   734.248    809.51825
  752.50006  727.65656  814.67633  766.2326   883.7322   749.09283
  684.4252   690.49255  885.61664  805.1597   757.3758   870.79254
  974.02106  872.30273  784.15466  829.257    867.23346  648.9963
  715.28534  811.3963   695.60516  873.8006   763.7776   820.30145
  815.0859   766.06256  837.24896  798.8143   905.05347  741.2422
  803.1769   807.57324  779.35187  725.1119  1218.5006   850.8821
  954.4552   768.9418   812.20166  700.23083  782.449    837.2534
  727.94916  952.1375   911.49286  895.40643  823.4145   690.2842
 1037.2435   792.59265  692.2927   851.837    818.7297   804.9707
  821.554    587.3185   770.9349   908.8867   732.8064   742.6595
 1015.5032   876.8982   664.24677  931.11224  823.8254   952.5079
  944.2702   666.6715   863.6659   785.36084  811.13696  818.1722
  720.5695   783.4901   813.83795  794.0151  1078.0204   608.698
  741.4507   676.51556  324.40015  771.78485  952.02545  900.7413
  852.6464   711.57654  994.0289   894.1302   616.13586  869.5791
  869.24744  692.817    836.10565  805.9665   943.3616   753.06354
  848.38367  814.5644   856.5159   792.7333   915.89435  673.938
  787.1972   708.38446  741.05304  681.4067   828.1378   873.0437
  962.52936  732.06274  738.1581   612.73584  912.4462   800.0551
  782.2185   555.2827   752.31976  749.0583   581.6947   814.41766
  805.7636   722.2213   818.743    841.7087   779.2428   811.9795
  929.09326  803.18207  669.11694  787.0445   665.1759   678.0462
  914.48315  652.64026  668.1919   867.27466  667.81824  669.2962
  700.7659   696.08234  671.04834  558.90173  914.59186  840.39716
  770.88293  586.0682   788.9051   825.5219   859.3993   863.97095
  907.67236  883.32733  709.5102   835.4421   643.4979   880.5444
  791.1487   691.32574  819.4753   942.62714  882.09216  848.5759
  787.0873   721.4275   707.761    876.8817  1016.09845  879.3792
  858.1683   880.69574  805.55817  886.0688   793.6379   707.53406
  759.0158   841.2481   711.4464   698.8182   837.1558   821.67645
  812.0914   778.36615 1000.5335   906.2112   812.59973  717.0622
  768.6688   909.7758   958.48376  804.8436   332.6921   933.1182
  677.53845  826.3467   718.7916   939.36316  829.4671   767.3457 ]",[5.429464  8.300418  5.1288886 ... 8.035551  5.3649483 6.1915174],6.575901,0.072544080604534,0.2997167698823371
2,13877,Transformation_Matrix_W,"[[ 3.0603907  -2.021798    0.48371822 ...  1.4456422   1.9602449
   0.68845725]
 [ 0.39001462 -1.7008375   2.7768748  ...  5.7004623  -3.5044048
   1.2798696 ]
 [ 0.7352752   1.1642618   3.7933838  ... -4.6339016  -3.7046394
  -0.6205735 ]
 ...
 [-0.73343575 -0.2944708  -1.2635242  ... -1.5381693   3.1282415
   4.019302  ]
 [-0.12783973 -2.9022224   1.2399932  ... -3.2044337   0.19330911
   1.1173532 ]
 [-3.8461246  -1.4344931  -2.8879504  ... -3.2287474   2.7943153
  -1.6228482 ]]",,"[ 843.6938   833.5115   706.47107  690.45074  718.3662   839.98334
  843.65753  897.0932   629.6191   710.8785   656.7934   753.59576
  785.868    772.47955  736.3487   726.45105  379.03207  928.7408
  655.1523   869.63495  628.8675   695.7795   766.12726  982.9161
  675.0708   759.8895  1044.6063   729.2624   740.1846   673.8051
  404.5112   677.2376   878.2305   419.45813  822.08624  752.63586
  738.9987   895.9897   690.0986   739.5674   889.2136   816.304
  835.5112   588.6972   765.00977  790.39636  891.8914   799.959
  795.03973  770.2536   571.5653   905.4624   701.7404   745.6419
  666.45264  804.3565   924.8551   754.934    722.1618   804.88556
  892.96387  969.2903   675.8114   807.7387   787.65625  798.37933
  582.4315   646.2055   719.5121   624.27814  877.3612   884.7431
  737.8973   577.3839   644.2283   736.0143   947.487    786.7598
  674.6219   954.09784  775.8223   892.0116   679.5929   891.75146
  689.72034  572.8292   952.22455  800.9448   853.15375  665.53357
  674.64777  918.47516  664.6769   823.63635  786.51794  830.23395
  881.7793  1012.88007  699.1553   674.66895  812.7275   807.926
  610.7475   893.67505  714.2005   691.75024  918.1214   927.1733
  784.4442   660.0454   851.88257  752.9792   631.83905  733.9157
  827.7019   693.0645  1036.4424   283.20175  779.4393   756.39105
  962.86273  851.3755   730.03436  891.8583   673.87646  664.8198
  687.95294  829.19794  383.05853  770.7903   763.23846  697.72656
  849.4746   839.9098   791.21985  604.78186  679.3726   828.2058
  662.2954   731.03424  709.3992   607.4239   777.5704   657.6667
  694.8097   818.34265  768.7899   945.11475  768.84357  756.9195
  860.0614   830.7477   883.1262   771.41925  810.88684  687.0293
  802.5343   831.56744  900.372    815.9733   721.3869   972.4864
  933.3412   722.4057   654.2898   668.8328   722.27527  554.80743
  930.1746   821.836    804.1805   902.98883  947.393    806.154
  684.97125  681.01917  978.94684  771.5828   770.3794   874.6757
  678.7679   783.1897   699.8549   791.44507  682.05774  436.292
  864.48145  879.1189   811.9814   818.2751   746.71454  720.76245
  758.8107   640.2941  1007.1152   987.96655  690.037    607.09393
  904.7319   825.234    745.8404  1016.59515  843.5077   851.14734
  595.6939   791.7965   790.2218   785.0803  1022.7015   792.02356
  564.09033  830.97864  600.2744   796.6966   713.45844  796.27905
  595.1406   660.505    778.31476  798.45526  767.35974  649.1133
  416.6877   597.09436  826.65186  894.482    778.63043  969.73755
  869.6888   746.239    876.1261   981.1273   626.02405  771.37695
  657.7498   829.4653   706.5942   759.66565  818.38947  952.0482
  808.57043  817.6931   951.12463  685.6321   780.2135   623.8952
  733.7513   784.7464   784.9339   842.4916   743.1166   888.6729
  785.3701   768.654    814.75104  381.4417   617.1263   636.5099
  691.5227   892.0119   682.59924  740.03467  822.54663  765.3819
 1007.80426  798.176    772.92596  815.75104  678.286    901.0611
  954.47876  926.53406  813.708    561.4494   791.8738   676.8317
  789.93945  702.68805  824.77106  653.6597   694.3211   880.50696
  703.4915   671.7578   899.09015  826.2422   741.4      856.99536
  815.8904   899.6346   788.3838   770.1849   722.44794  794.2617
  767.6671   869.3285   553.79315  799.1476   795.6164   704.49756
  712.9882  1091.2003   853.3175   859.90314  708.1009   815.06946
  839.4041   754.9301   968.9343   580.56354  866.6799   798.4937
  753.6417   763.7966   687.88855  781.10205  757.36163  854.9775
  803.0537   612.1324   768.4298   812.55865  815.4944   764.44684
  777.8551   872.598    705.293    743.53906  696.2326   808.69446
  706.24805  773.0376   941.2453   734.59204  786.9409   667.8365
  689.5192   829.4386   846.29816  711.00885  904.63684  311.8263
  879.66156  815.85565  684.4457  1035.2996   786.9198   743.8226
  693.41766  852.95465  737.8915   737.48175  699.8767   662.43176
  796.43823  724.5153   836.6769   771.9362   844.9953   833.41766
  766.7493   748.2029   812.06287  819.8157   959.00696  804.7883
  783.3152   826.20526  649.87317  621.5609   949.3139   818.74927
  942.0247   805.4847   707.8749   759.41693  751.4655   727.57825
  811.9086  1121.2539   785.0726   709.4645   846.05096  761.7369
  719.33264  304.12192  656.95856  743.40216  852.6736   772.62695
  811.8614   698.40656  802.66614  691.2777   626.4234   817.24664
  817.59155  778.89636  833.1722   804.564    905.57684  876.7137
  953.44055  896.4933   833.7745  1006.35626  806.2666   873.82947
  743.5793   695.68427  572.6908   773.30194  919.2475   617.31934
  748.53705  798.60394  965.0802   659.1624   792.24286  721.66876
  809.9771   777.56934  844.8315   785.32025  688.35034  887.69305
  722.6656   872.8122   458.82474  964.2157   867.0621   732.71155
  791.2122   671.6249   726.60736  919.3989   716.47943  578.7453
  767.6926   661.1126   692.75586  924.24945  691.69086  645.8028
  659.7682   976.8341   722.3904   726.6443   781.77905  720.8559
  807.1515   931.4399   893.0018   761.1274   914.3744   848.09344
  754.65216  803.21234  857.85345  648.64557  760.1      704.62885
  801.57184  753.59644  593.8225   842.96326  811.9069   940.43585
  664.7557  1010.82825  893.0481   506.25327  817.40375  820.546
  858.47565  673.052    832.6561   730.4939   834.37585  971.3072
  797.9494   948.2012   862.86707  737.7978   771.54083  753.8081
  930.91284  759.257    673.7719   730.27     905.44434  828.4226
  891.21124  766.6122   649.7235   730.84644  881.3306   701.78143
  738.4579   779.5707   673.73303  822.5461   743.9067   842.81757
  772.5868   410.9976   819.97766  772.6654   640.2034   860.3362
  737.67993  862.67566  647.8993   602.66095  877.2361   850.804
 1027.8599   689.9087   850.7092   794.79175  925.42145  770.42126
  776.7311   749.8563   712.6774   783.9136   822.5438   819.9272
  889.7912   790.16223  844.1498   809.7387   616.1224   837.53564
  700.06885  821.59064  828.3565   778.1065   731.5821   704.2793
 1026.2251   798.0716   784.29785  779.28296  944.9945   861.403
  709.50757  724.35205  824.86914  739.9986   577.2709   750.16425
  699.079    771.964    785.7749   777.89594  789.04443  609.2292
  810.1024   819.69476  741.35754  751.4696   842.521    830.52313
  796.6092   782.2824   797.2008   769.8658   719.0784   789.5056
  706.9964   715.182    786.94226  745.6465   854.42676  728.67206
  666.18506  585.8265   852.7639   773.3778   738.05536  846.89154
  943.43054  850.3184   762.51184  806.5462   844.4546   624.24084
  687.97546  784.99927  685.818    852.8528   741.2539   808.5005
  775.5263   743.67535  820.7611   773.989    886.4335   721.3986
  784.37897  782.9614   749.29016  714.0078  1202.3036   831.36884
  926.10944  750.1784   782.1616   689.4196   743.7176   816.12646
  709.63904  918.3791   891.7173   864.5689   794.08923  676.0837
 1002.6892   769.0492   670.0181   835.0173   797.9175   792.8848
  653.84216  521.7956   755.2594   880.732    713.49963  728.35895
  988.04266  852.3443   638.77484  904.09143  777.9267   937.05176
  920.45135  651.0363   840.5645   755.57086  780.7442   789.68774
  688.00336  758.31177  788.94556  776.1404  1042.6713   589.4627
  718.419    666.0441   300.4085   749.0243   913.9293   874.9908
  832.37726  685.57794  963.09344  872.88477  598.5399   852.72296
  833.77716  674.3645   810.5325   772.90485  919.78143  736.74384
  808.4978   800.1078   836.3866   777.54694  883.11084  655.8702
  767.6475   670.00323  718.34924  667.64343  798.32837  846.4761
  925.4196   712.62506  705.4446   601.70844  887.7285   772.80566
  767.8355   544.3968   729.2447   734.7437   572.1742   789.0976
  782.05566  698.54956  792.4806   816.98755  766.5096   802.49677
  902.56415  779.91205  653.63806  770.9318   646.6924   662.93
  878.99634  628.7614   634.8145   846.5034   648.3161   642.3224
  678.83856  674.4477   649.39014  541.1721   887.5197   833.07306
  749.58264  570.7095   680.1217   799.1921   837.91284  838.71783
  886.5028   860.5923   696.43176  809.65375  618.02094  861.8682
  769.7776   672.0426   798.9435   918.6565   854.11346  827.5106
  771.1487   693.6399   689.2677   846.71124  998.11115  850.64526
  827.8404   854.8355   779.8718   865.83093  763.1198   697.5155
  730.40875  804.30444  694.305    668.5015   816.11505  796.199
  775.1563   764.5289   946.9797   873.7055   796.7467   689.8396
  746.3813   881.58295  935.9113   781.9475   305.17343  907.76764
  660.814    793.77295  707.5382   913.59576  811.9262   748.64874]",[5.151083  8.036416  5.397516  ... 7.90581   5.1611505 5.733127 ],6.470646,0.10962216624685138,0.34432142541722854
3,13877,Transformation_Matrix_W,"[[-2.3025732   0.76370174 -0.8577795  ...  1.3309904  -0.61988413
   0.8471642 ]
 [ 1.9972253  -0.49469408 -1.1851646  ...  5.368138   -2.7672925
   0.6449192 ]
 [ 0.8969848  -1.683801    0.4789234  ... -0.7574544   0.36895847
   0.90977484]
 ...
 [-0.88298786 -1.403301    0.26414153 ...  2.9566798  -1.6517774
   2.250442  ]
 [-1.7242222  -0.6277727  -0.00637062 ... -0.5573258  -1.7452383
  -0.02542458]
 [ 2.6711862  -1.5188535  -1.3730992  ... -0.59116054  1.4582708
  -1.9805367 ]]",,"[ 817.79974  810.1637   671.8781   662.2914   690.29767  807.89813
  802.49634  860.5973   593.78595  689.3791   633.84045  713.3977
  760.2644   729.70624  699.27344  672.38525  347.98     894.04675
  627.3675   843.9582   606.8465   667.72784  751.7751   940.94794
  657.97     732.64514 1004.9811   709.6547   706.56494  641.86066
  377.6255   654.7954   839.22345  399.84412  798.2947   722.23364
  706.7873   857.3031   665.53705  709.2071   843.15247  789.80786
  790.30396  564.47656  746.6658   745.5064   862.7144   773.10114
  770.37024  740.12494  541.62555  863.1126   680.1812   713.0981
  619.7396   782.23535  878.9191   705.12866  693.4702   775.5002
  843.8234   924.78064  638.1536   760.3432   768.90753  780.9164
  542.25684  617.024    700.8448   602.0985   839.0781   852.8956
  715.68225  541.85547  625.2066   715.78186  909.8139   752.7938
  640.7096   897.0046   750.72784  826.7725   659.8777   865.1463
  664.9374   546.0292   898.62134  758.0353   802.4517   641.9571
  649.5213   880.1481   649.0284   791.1849   749.33167  802.17334
  845.84845  949.59375  675.06836  654.9713   776.3674   784.5204
  589.46594  839.23303  682.7784   667.5083   888.42914  886.08685
  756.2513   633.7405   807.6208   726.11414  610.66327  709.3207
  791.76996  677.2755  1006.13684  250.24976  748.9635   727.5969
  930.96796  824.36847  700.17535  856.49066  654.9132   642.72406
  665.286    796.1972   359.83765  746.87103  742.548    667.9033
  813.1303   808.8371   770.06006  575.8302   667.6337   791.7636
  633.365    697.61456  679.63165  591.6584   755.25116  631.90424
  672.4466   790.0868   732.26984  903.743    743.071    729.2172
  817.0781   807.80756  858.2085   746.17816  776.3888   663.4391
  762.3545   799.48346  846.09454  768.5199   688.35565  935.4399
  911.6592   685.94507  620.6305   648.8702   699.2143   481.89255
  888.6766   796.0882   780.57544  840.54785  907.2368   740.6913
  658.0942   647.27124  933.8096   740.8459   745.50366  842.27594
  657.0865   751.622    686.3132   744.7778   665.2969   412.37753
  838.12427  853.705    762.0509   783.6196   720.25085  690.7524
  727.9423   613.46356  963.14716  947.801    656.4114   567.56793
  865.88446  791.28577  720.6945   974.85693  811.1725   827.2145
  575.48584  764.5111   753.4846   758.8606   978.45105  760.36304
  541.9457   808.29456  556.4042   758.7866   685.38226  770.6937
  554.6793   642.1896   751.0902   761.7061   730.17694  624.64777
  384.02744  565.4869   788.34143  854.89014  750.06506  934.58966
  843.8149   717.2544   854.67975  933.6674   597.6373   735.7728
  634.5392   797.6069   685.57117  733.01447  788.2162   920.4092
  781.4348   786.1325   922.83014  660.2806   740.1488   597.0889
  706.8648   747.0926   767.22455  807.1581   713.19794  855.4535
  758.47314  733.15247  781.3239   322.09723  598.37     586.28455
  659.6733   859.94257  663.7541   718.4058   691.52386  749.8898
  983.63446  771.64703  753.2483   794.216    666.59674  862.6054
  920.03516  879.3301   779.8749   531.7979   762.57574  649.5488
  745.7099   687.101    787.0105   644.58356  656.9818   840.1114
  667.2805   639.85486  851.9929   798.26697  723.2474   824.0734
  784.5331   861.7741   771.6634   745.81445  689.8333   761.87537
  738.9156   835.8608   539.1516   769.17914  762.2785   669.9307
  694.5334  1007.59644  820.3682   835.2055   681.7204   786.6214
  795.683    714.38525  910.4982   533.891    816.73895  768.7209
  727.2853   717.8815   662.5617   756.2668   742.7787   832.76227
  773.4475   585.8147   737.2054   760.15826  777.0651   741.32947
  753.5987   825.30664  676.2781   723.5819   668.2966   765.8226
  674.6395   755.4278   912.8425   710.0936   766.228    632.52185
  605.1452   799.7514   815.27655  679.5274   858.596    282.91376
  844.67334  778.2319   622.27844  978.02893  750.7514   720.40564
  667.14374  811.35236  647.51886  722.6813   675.9487   648.42395
  769.043    703.355    786.188    739.7877   821.672    787.8526
  749.058    710.9801   785.95984  778.0802   919.0564   780.11536
  766.75366  799.62354  630.9175   608.432    923.2335   780.3126
  889.5007   784.1296   685.077    729.14404  710.96     695.2029
  781.72736 1080.4149   752.16724  689.0565   821.94037  730.26654
  698.9897   273.9336   631.0755   702.8357   815.8419   741.4083
  778.1349   670.66223  744.4007   667.5129   605.70557  783.07996
  775.447    742.01556  800.4824   769.41254  882.5577   838.07214
  927.6474   856.28253  807.81415  960.753    777.65796  841.3425
  719.02014  684.9265   542.23395  745.96716  892.7236   589.2963
  724.44727  767.14777  920.1986   617.9637   760.4568   706.1027
  765.1011   728.38776  818.0252   762.77216  645.79626  854.96844
  692.1551   842.9459   434.97363  927.0083   834.2012   718.1778
  765.88513  629.23596  705.8817   873.9497   686.3168   560.61273
  757.64746  632.69525  668.8451   877.76886  669.1791   623.6996
  632.06287  944.6562   697.19403  705.8038   730.99115  698.9101
  776.8656   893.2587   862.3967   727.96326  865.8954   825.3727
  728.86707  768.331    815.74084  623.7118   734.56134  674.33093
  769.01654  733.2173   575.75714  818.32153  779.05505  906.37805
  648.42426  962.2909   836.10785  471.95908  786.7689   796.55475
  806.29663  651.32416  803.7002   703.4999   796.2855   950.124
  758.8102   931.5857   823.89844  709.7692   671.1245   720.3964
  904.91046  732.67035  651.1191   687.83014  852.56714  783.1235
  851.88007  747.419    613.6934   699.9326   842.70386  680.08215
  712.634    758.4607   652.3847   802.72455  712.452    803.527
  751.0502   380.60562  792.584    738.8015   607.4223   835.98584
  717.801    829.6835   616.7014   585.3841   838.0875   816.8249
  983.4291   660.6647   823.8182   763.83826  867.8266   738.18756
  737.3612   718.99695  688.58813  747.575    788.6814   792.42535
  841.5765   765.0915   825.45087  776.6218   596.9704   812.2574
  683.8509   794.38586  788.2734   747.93256  706.27344  681.3195
  983.0385   755.9409   766.32745  746.2956   897.5715   823.8159
  664.7657   691.8305   793.23645  706.248    565.24036  725.883
  676.3861   742.7032   767.852    746.5356   763.49414  588.0845
  790.9263   787.3775   711.4083   718.32355  815.1463   803.14435
  763.71     740.28467  766.42426  733.557    700.35     754.6333
  662.5851   688.9804   753.0412   718.94354  829.9032   696.1563
  640.50214  494.36743  817.3288   730.0124   710.4436   815.2704
  903.06134  832.09155  736.3793   768.9402   814.8231   608.7073
  665.8795   748.2936   667.9932   794.33344  709.9309   788.1636
  731.84393  713.41187  803.37714  748.536    855.5691   678.1797
  757.585    753.7915   712.46655  696.55176 1182.1141   798.24414
  879.8752   724.20105  756.00793  674.7041   720.3229   787.1174
  677.69165  883.3394   850.62665  839.51984  771.2224   653.3725
  965.35693  732.8573   650.00397  802.1164   776.99304  766.55994
  515.64954  469.63318  723.88275  851.6138   696.5381   706.5077
  964.62555  814.51     595.874    863.5968   746.79486  894.4792
  882.5714   629.4652   822.0537   720.8838   740.37225  742.1013
  654.7832   725.8384   756.22424  757.209   1013.5214   567.0447
  687.90186  645.11554  276.55682  716.83453  880.29333  847.15857
  806.8773   656.49194  917.519    846.1768   572.49567  817.1173
  785.5237   647.4971   769.6453   745.6631   881.07196  716.9292
  781.1647   769.8442   801.5133   748.427    846.23645  634.92694
  742.02734  634.407    696.18365  645.67175  767.6831   817.1403
  881.4399   683.5649   665.5754   577.3841   859.0461   725.2152
  758.05457  523.867    699.33563  699.0541   552.0298   763.2091
  759.0082   674.0837   749.073    776.32104  743.99005  779.0661
  862.66003  747.43054  636.5508   747.97235  625.9677   646.9057
  846.1504   614.09     615.8772   821.12354  620.6833   608.2639
  648.86066  644.538    614.0649   519.83295  856.48755  810.2967
  723.9487   548.24396  581.6731   759.9673   813.7973   798.7355
  851.3003   831.3451   671.0744   782.95575  599.8269   830.7117
  745.69965  657.3306   769.05164  883.0834   827.45325  797.02106
  754.27576  653.05176  664.1503   801.57446  967.40436  822.8013
  794.5047   815.0534   763.111    836.84686  723.1956   679.54047
  695.93445  761.7057   663.138    641.24036  777.6437   769.8203
  741.8663   745.672    862.90466  848.4338   772.5298   668.69336
  717.89844  845.9963   899.2481   756.36584  270.9095   867.7229
  639.3395   753.86505  685.3433   871.2053   776.707    722.0996 ]",[5.2993817 8.049448  5.848472  ... 7.3730545 5.430229  5.467719 ],6.3365755,0.15994962216624686,0.3967207186283406
4,13877,Transformation_Matrix_W,"[[ 0.01979839 -0.23310108 -0.07602567 ...  1.2597756  -0.23097546
  -0.07592632]
 [ 0.52377415  0.2634117   1.0352805  ...  0.660104   -0.79648554
   0.2871295 ]
 [ 0.01559329 -0.41054928  0.4359416  ... -0.61821806 -0.04557902
   1.0130571 ]
 ...
 [ 1.3073264  -0.92006713  0.42864177 ... -0.26960787  0.0370829
  -0.25680277]
 [-0.60139817  1.3491465  -0.04145046 ...  0.4126765  -0.69166255
   0.68709224]
 [ 0.7533572  -0.4870067  -0.12859125 ... -0.5404711  -0.76876533
   0.06172824]]",,"[ 785.03265  800.31506  648.7852   647.4464   679.3741   777.8042
  779.2811   834.4246   577.18097  660.7972   621.6149   675.8211
  741.91144  711.37115  681.06866  635.0647   329.69122  855.5179
  600.91486  822.90643  577.43146  644.41406  726.75653  885.6403
  640.97516  711.6115   969.6066   704.81036  695.29956  625.45325
  364.61783  628.41223  818.9224   382.42682  782.524    703.0262
  683.43756  845.5519   653.8542   679.9014   812.9042   779.6525
  754.84247  553.7528   716.6379   717.67224  836.48676  738.6248
  749.61017  721.5101   524.7514   844.96063  662.22375  699.03015
  591.59595  753.5889   858.0509   683.8665   680.5068   762.2186
  815.60547  880.7359   619.0382   729.0187   758.28455  758.65027
  525.3263   611.80115  678.6544   586.77576  811.94147  834.6195
  696.6678   521.5627   619.1975   693.9246   898.1172   727.7514
  626.66943  870.05914  717.59985  768.45953  644.46747  837.8131
  652.0683   534.3788   875.675    737.6827   765.3643   629.21466
  624.7841   854.2021   638.6921   774.024    729.0851   782.2524
  798.38696  918.23615  662.3758   638.9581   748.0289   767.1928
  567.3854   813.588    654.51404  655.8979   872.7905   856.0585
  732.5606   628.2068   776.77954  705.5661   597.05054  692.6758
  765.1989   666.5289   982.4136   234.70448  728.2704   707.61865
  907.1493   802.5093   678.90155  829.9392   641.8747   624.5627
  639.7177   779.49945  335.25638  734.08826  727.0769   651.8078
  801.9212   793.7644   756.70526  560.69824  650.4334   765.9125
  628.1743   680.36383  665.8271   577.2604   742.52563  614.6626
  649.7657   761.4448   703.6735   886.7921   714.40454  705.2393
  790.91595  784.9597   839.4049   714.21857  753.4637   653.46716
  734.0613   768.1783   810.0072   725.31714  668.59717  906.3515
  883.4479   670.8071   609.7612   631.03613  678.36884  442.60535
  866.19525  765.1409   767.2853   799.3407   878.2609   690.7659
  642.4615   624.3369   902.4771   732.19556  718.83545  819.39105
  644.8345   729.5827   666.2679   709.84406  652.1506   400.00815
  806.0214   834.5676   733.4545   752.7282   706.6584   671.16125
  708.19653  593.35144  933.35895  897.76526  636.0996   552.8643
  823.8459   760.3685   703.75586  927.60913  789.06165  801.32434
  555.2504   743.4197   720.0493   741.52747  958.072    743.2364
  529.6844   780.2189   533.1651   747.1535   671.0904   744.5034
  539.06067  630.1697   728.50543  739.2434   713.12946  607.68634
  374.18677  549.6155   765.5244   835.74664  733.77026  905.9616
  804.96265  698.3886   817.46375  909.80493  576.0918   718.1597
  617.61884  776.52686  664.8012   723.026    765.46344  891.4717
  760.08185  765.14545  891.394    651.23706  717.7611   579.5624
  687.4868   724.81915  751.6708   769.8777   700.71185  831.43164
  737.8221   714.55505  767.6327   296.67404  577.6261   560.59406
  641.934    840.52026  644.8149   706.469    617.356    732.2313
  966.82715  752.3129   722.5277   778.6912   652.653    837.71967
  902.6706   852.8097   752.51495  521.08984  733.9007   629.163
  727.5955   677.6118   762.3096   632.4607   639.08575  821.88025
  640.9934   615.74554  820.65356  776.6196   699.90063  785.4325
  771.1872   842.141    742.5504   728.18494  662.1084   736.7184
  719.9216   816.4423   524.77954  747.4625   733.1321   655.9301
  672.7865   959.0585   803.77026  806.0211   666.65686  753.97174
  784.17926  698.0458   876.4822   509.1681   771.24225  741.2989
  702.2096   695.0758   653.80585  736.4865   736.0804   815.37445
  749.6055   575.0449   707.2642   735.7972   752.3442   727.71826
  737.78937  793.8381   668.75305  711.03564  649.2324   741.86304
  653.66736  723.483    887.271    697.6312   746.3221   611.54193
  557.7902   776.01434  790.5962   658.73456  829.1423   271.61844
  817.69965  752.65173  570.0404   952.3381   734.01166  698.0486
  647.78186  788.84143  606.4587   709.5598   659.08954  633.6775
  740.35443  684.68396  769.0922   723.2119   801.41284  765.98883
  732.3459   684.00745  767.1496   758.7153   891.3182   753.08295
  745.5395   763.74445  619.72076  594.83093  888.9537   751.93475
  860.11255  766.45044  662.69586  718.5939   672.6524   679.1921
  732.7373  1055.826    720.4433   669.27484  802.265    709.27966
  683.49005  259.3479   610.7298   674.55865  789.1352   722.728
  750.7918   639.88104  706.1215   644.2637   585.31604  761.34894
  757.9046   725.6982   783.62524  748.3058   844.674    810.4383
  904.86383  825.90625  790.73505  938.7734   749.4783   822.3588
  696.13367  673.1893   508.79587  728.29895  863.4285   569.95886
  699.6707   748.04474  903.63196  579.8101   730.85736  685.48987
  740.22     709.87683  789.92206  741.24316  616.1418   831.8707
  670.0338   818.1826   403.909    904.09155  814.09033  708.1082
  749.7318   598.78033  687.07385  853.3442   674.55096  540.7418
  734.819    613.7404   642.61743  848.17645  651.3044   610.34467
  621.677    910.0078   678.77264  688.9224   712.5385   685.2367
  757.86053  865.90857  836.9155   714.2841   825.36115  790.3215
  705.56506  745.3655   790.7722   604.33905  717.0372   652.8954
  750.684    704.86475  559.06494  789.9824   746.09015  867.5508
  635.5462   930.77313  815.7098   441.51602  756.78705  785.87
  791.0078   639.5404   787.2131   690.05145  775.08673  930.3729
  739.59973  904.06335  798.97174  688.5896   615.48505  692.74744
  878.988    716.8096   638.1427   666.6397   811.27576  747.4224
  818.6205   727.3279   590.9243   683.1834   813.9473   672.0305
  684.76184  743.7023   635.4086   796.6819   688.5102   786.6823
  724.36926  363.29086  772.7792   707.98126  583.6345   822.70276
  702.8253   813.991    589.8479   572.0892   815.5559   791.3291
  947.97815  641.7252   794.21497  751.7052   827.45496  715.7449
  713.7977   687.9877   675.478    722.8375   770.408    770.7326
  816.3362   746.0987   807.9903   756.12744  580.87994  790.1031
  665.8435   778.55396  764.99475  729.5708   690.43396  661.02734
  952.11896  731.0951   738.4254   721.8483   867.83997  783.4833
  635.24     670.53033  769.6787   688.16956  551.236    714.14056
  656.50385  722.40796  759.87885  703.76373  743.4095   574.8572
  770.36206  756.30664  687.73773  701.5275   800.14954  777.8533
  745.251    701.81586  753.4816   707.89154  680.84564  735.64764
  626.7939   679.3196   731.751    699.946    799.50305  679.30023
  627.81976  440.2248   786.0999   707.6689   682.12415  786.16
  870.49097  803.9789   710.46027  739.65344  806.76776  581.312
  642.8596   724.5035   653.8166   769.13104  698.39307  769.47296
  702.41656  690.31445  779.56146  727.1842   830.8619   657.51685
  740.6387   727.62933  679.03406  681.3701  1151.162    775.5564
  847.28076  702.4887   732.77313  663.6132   695.7949   767.81104
  661.64874  852.87994  825.9258   822.4235   740.1147   641.60046
  940.32007  710.37915  636.83746  778.64435  756.0742   746.08435
  443.37128  439.72372  684.2287   824.17535  681.361    690.64374
  946.4326   788.62634  582.4621   841.8749   713.45154  862.4561
  857.554    613.9134   799.3266   695.9213   714.7261   724.22345
  636.7151   694.40796  724.5318   740.9494   984.1024   553.94147
  666.774    630.8208   262.48416  691.13434  852.29034  822.0016
  774.93524  636.738    899.3928   828.5057   555.9448   799.2934
  763.01526  632.6603   746.2825   728.3065   854.2673   703.991
  756.70667  753.25214  774.10724  714.5928   820.42615  620.1159
  720.08093  606.2092   671.7341   628.6884   739.5641   788.2541
  850.9681   666.4795   645.91016  565.69183  830.21027  695.3022
  742.2105   511.1237   681.1057   680.5686   541.1904   745.7798
  742.7115   656.1435   734.0391   759.0066   726.2103   768.0683
  842.983    723.7025   622.334    726.7455   608.3758   628.5396
  820.1475   591.9738   592.3329   786.8739   605.6873   594.86414
  633.9822   623.4454   597.7707   497.82877  839.0934   791.59686
  699.7046   529.4428   536.69977  745.44434  777.567    771.29834
  826.3718   801.05963  656.38727  751.7945   583.76105  799.34973
  724.2838   635.31256  754.4922   854.646    814.3521   765.56696
  736.78986  635.6163   650.5303   780.4545   930.1571   802.9517
  758.5212   780.54596  728.1214   816.2702   712.88934  665.8492
  684.6768   738.1644   649.8694   619.3643   756.8787   747.9773
  717.67664  730.957    817.2489   811.9721   755.853    642.4782
  693.7564   814.2369   874.5274   732.3825   256.05557  848.2073
  628.45483  728.9043   673.04553  857.16565  754.6449   701.46063]",[5.304109  7.714314  5.9179463 ... 7.094504  5.2125    5.5193543],6.239844,0.20130982367758185,0.42900433235613095
5,13877,Transformation_Matrix_W,"[[ 0.08104522 -0.21019326  0.37500882 ...  0.4675689  -0.05911191
   0.5445484 ]
 [-0.01571485 -0.5693331   0.13381128 ... -0.83906764 -0.29410958
   0.39449692]
 [ 0.24434061 -0.10957462 -0.42663348 ... -0.15060559 -0.44248664
   0.0200044 ]
 ...
 [ 0.06143864 -1.2168543  -0.6558544  ...  0.00739405 -0.56702507
   1.370091  ]
 [ 0.10424487 -0.28507447 -0.1954118  ... -0.62177    -0.30466413
   0.09031181]
 [ 0.7573739  -0.01957819 -0.18593043 ... -0.7866793   0.1708602
   0.32386953]]",,"[ 748.5096   771.3363   622.06354  622.8223   652.35974  744.7781
  756.23566  796.84686  549.4654   649.3096   595.48456  643.6657
  714.71686  672.3758   652.26953  582.1241   311.17566  821.0309
  578.8195   785.4114   555.3694   631.9877   694.71625  824.98553
  618.2207   690.5937   926.73883  683.06067  670.19293  597.0276
  339.91034  606.8719   784.242    357.8084   761.16174  678.6684
  651.1472   826.1565   620.45667  652.7199   772.5053   742.5915
  724.0284   532.9826   686.9943   687.771    786.3073   712.3197
  716.0433   681.98505  504.75525  797.61304  635.48425  655.259
  553.562    730.10187  822.48334  650.13544  659.68066  737.4732
  784.88794  836.9947   595.7561   683.217    735.09424  740.24713
  498.76758  594.2324   655.5264   564.89746  775.8646   796.21704
  679.34406  489.9804   600.08997  669.70496  868.56744  700.422
  607.0475   825.06134  687.74335  708.6656   629.6147   794.39935
  630.0697   516.16846  823.88556  711.42426  729.36993  595.76154
  592.68744  828.5879   612.5224   738.92     699.0965   746.0724
  747.74475  861.3933   640.37164  617.36334  725.38904  723.99176
  546.1071   767.746    619.73773  639.17334  851.2272   815.47375
  708.9216   599.64307  739.2795   680.6425   573.7739   668.59076
  720.1722   647.42664  946.50757  217.24908  691.576    684.8546
  876.64606  769.01135  662.4954   791.2936   610.95374  603.15906
  619.0577   750.8874   312.19736  712.77014  696.61566  615.73663
  762.0101   752.1837   730.7733   524.8348   629.6012   742.5975
  604.6701   657.60767  634.336    565.9572   710.0937   589.67084
  624.5625   722.54083  671.613    852.1628   679.8758   676.848
  750.13995  754.8434   812.25323  679.017    712.8998   639.9509
  693.3439   731.50757  767.9443   674.5985   644.7188   875.8319
  857.26794  641.41     590.2742   614.2883   643.40784  394.7985
  830.7861   730.5088   732.5044   770.0897   848.3896   650.60815
  621.8321   596.34515  871.40015  696.5664   683.2069   772.26575
  621.1276   699.6632   643.61816  670.161    628.73755  382.67422
  769.38153  808.6584   687.3212   718.4493   692.22156  643.80383
  682.3372   570.5528   902.3587   849.39197  605.83203  521.0031
  786.1599   724.66516  679.2859   885.6031   752.3056   771.8966
  534.22534  720.22626  689.17505  714.93475  916.6867   725.8927
  503.78766  752.5371   489.6089   721.7233   641.69617  707.3196
  515.53595  606.69653  684.72345  724.2282   679.36914  585.30774
  353.7654   531.3594   737.1295   804.21674  703.1434   877.6395
  781.9002   671.71936  796.7362   869.8443   544.18585  697.1404
  600.59644  743.92584  635.2595   697.72345  734.25525  861.07043
  741.192    733.05414  870.711    629.3899   688.51385  553.86584
  650.93634  693.16034  716.858    738.36707  667.55304  779.9962
  708.07635  691.3607   736.445    265.08224  557.99225  531.20087
  617.1667   820.4108   616.09937  687.2145   523.3704   702.5333
  931.92694  728.02106  707.69934  750.8888   628.48755  812.4786
  862.83624  818.9355   719.50366  494.77112  707.8816   602.41254
  699.137    659.72174  720.2729   611.89594  613.6209   780.102
  610.5466   587.54376  781.75165  743.7458   672.4224   758.52625
  745.1298   813.0101   722.46954  703.6176   632.755    699.3293
  689.36993  773.139    506.0794   718.2146   699.1468   626.8565
  643.03827  892.8453   755.37396  780.7726   646.9848   738.1563
  753.7296   668.02216  835.30023  476.07144  748.23944  702.76135
  678.76447  672.12274  635.19635  723.39557  707.94037  781.12646
  725.4025   549.20685  667.42206  713.3413   720.3609   711.8505
  712.1758   750.42786  647.30853  685.82025  613.50946  710.23645
  630.54785  703.0094   843.3071   664.7192   731.8254   579.7888
  508.85925  743.6226   750.47974  630.47015  798.66125  249.83388
  783.73224  702.1575   512.2122   909.8574   712.378    673.96497
  633.45886  761.1855   537.0673   690.79614  630.02423  611.1773
  705.44635  662.5365   729.7687   694.82947  773.87897  727.45667
  711.2441   654.99097  729.05005  730.1533   860.1427   716.0107
  723.087    743.14655  593.89453  578.1922   850.0177   709.3833
  806.71985  737.362    642.5698   689.01227  623.2774   648.41534
  694.5202  1011.5398   692.9015   643.90656  776.03235  670.6469
  651.8063   232.50204  592.89844  647.7119   761.5369   694.88715
  706.51404  616.54895  664.94617  608.3597   568.4555   730.0586
  713.8535   695.1855   754.2149   722.03186  807.2335   777.2799
  867.32434  794.78284  747.8877   895.98804  711.2601   797.93225
  663.87946  655.3511   466.55103  707.26196  826.2202   548.9779
  683.0138   716.59393  874.8687   553.77954  695.4137   659.43744
  693.0422   675.87787  761.4815   708.1518   572.4132   786.7863
  637.85266  797.6679   386.71347  862.69855  793.6015   686.9641
  716.06757  558.4522   654.36566  830.1222   651.0515   521.46124
  710.3929   597.276    615.44507  814.0353   621.48413  592.868
  609.5931   881.1267   653.9155   655.54376  683.8074   658.9522
  727.6604   833.50183  813.2464   689.36346  780.76917  759.4452
  684.2258   714.51434  761.7244   585.57623  686.683    628.78827
  728.0236   668.1259   549.9433   758.69135  721.9843   838.59576
  602.9604   886.46674  772.4391   412.65317  722.7187   759.9121
  755.6186   618.24866  755.24304  665.2295   745.63275  899.03296
  717.8105   873.1022   761.5141   664.91144  537.10205  657.79456
  849.67487  691.96014  616.9219   638.6249   756.4261   699.6909
  788.7838   710.1567   553.60626  665.5244   770.4546   651.13666
  654.5566   706.57477  623.8654   772.6501   651.0341   755.7922
  697.6803   348.34232  752.20386  661.7648   552.06354  801.1106
  671.5206   781.3644   556.5275   546.41626  779.79254  761.38556
  882.84155  622.78937  770.7871   728.8153   783.5027   679.00867
  673.3565   658.4714   645.2096   697.36804  737.3599   731.3658
  784.15027  720.3726   780.39703  724.0485   558.4629   774.14374
  646.1021   741.94006  725.9823   712.45447  662.1737   630.8619
  887.167    703.6294   722.4618   692.8426   825.84796  745.74036
  608.5407   650.3098   746.81995  668.3857   534.6826   689.4008
  637.8814   709.27277  734.79175  678.9803   718.1509   553.02264
  744.33496  714.4832   657.68585  677.18445  764.34094  752.1531
  707.8288   678.78613  719.72876  680.72784  655.55634  716.6725
  589.6261   653.8696   698.7575   680.4462   773.1468   647.76733
  606.0105   382.02692  746.9159   668.74426  650.88446  747.4852
  833.5167   775.8303   658.85474  704.5153   775.4364   563.4091
  617.6226   689.18823  635.58765  747.98895  679.8333   750.35767
  660.81915  648.4589   750.8494   708.04584  790.0671   631.53973
  712.52515  690.579    640.82605  664.626   1124.2214   738.2359
  808.7593   679.7116   709.1291   645.984    674.69916  736.03674
  634.87054  813.9092   795.51917  787.59814  701.7043   608.9573
  899.0846   681.01447  620.1578   746.877    727.6705   715.962
  399.86322  403.2633   655.6528   791.9552   662.11865  672.29846
  906.8679   767.31866  550.87225  795.23706  679.99133  800.5448
  835.34924  590.1375   772.363    663.8969   681.9013   693.94495
  596.7829   671.0041   685.8248   723.4009   950.3816   521.8764
  644.2139   610.9929   250.13673  664.4189   819.70087  787.7269
  743.117    614.351    850.5213   791.8462   525.5313   772.918
  729.4088   615.5578   721.90045  702.2479   818.96124  684.8649
  713.07715  724.0112   737.65674  683.5413   788.895    599.2283
  694.7203   561.06226  642.2968   613.2859   702.08093  758.1598
  812.58826  651.6919   606.4741   554.5953   781.73956  668.94495
  718.77936  493.32812  651.0816   656.71136  529.8941   721.4953
  700.8085   625.23914  690.7542   734.50775  700.9461   736.5222
  801.5187   694.2002   595.4095   698.60016  593.0691   603.83093
  783.7526   565.00555  568.9299   763.63837  580.29663  574.39777
  612.75916  590.8894   576.6272   481.2049   798.99945  756.3625
  674.44775  516.6082   485.42496  703.43555  759.2398   739.38983
  801.2028   772.66815  645.22675  710.7975   566.4807   766.01514
  695.2058   615.95233  718.529    823.9163   776.51587  732.2928
  717.64606  609.6707   635.88806  757.7599   889.9763   768.2122
  725.1359   741.7714   700.8679   784.8236   683.3467   641.13226
  657.0976   691.6718   633.61707  585.2742   735.2348   724.39453
  689.89435  703.45984  753.49677  782.7425   727.7729   614.35376
  663.11     795.2633   846.24274  703.5442   235.86646  813.2892
  596.66235  698.9608   657.76483  809.21344  712.54016  676.717  ]",[5.1038465 7.945177  5.9336495 ... 6.687861  5.750422  5.4206276],6.1071963,0.2561209068010076,0.46831515460152334
6,13877,Transformation_Matrix_W,"[[ 0.17727685 -0.3138345   0.06991763 ... -0.42783096  0.23323517
  -0.09131797]
 [-0.55131286  0.20546907 -0.08051246 ... -0.04056836  0.20615363
   0.27610606]
 [ 0.14859411 -0.06674358  0.24420035 ... -0.14866899 -0.05053751
   0.05251217]
 ...
 [ 0.11694399  0.05724895 -0.26640907 ...  0.46287614 -0.03987258
   0.07483103]
 [-0.14094892 -0.23363313  0.10413299 ... -0.4600012   0.5215066
   0.22476378]
 [ 0.04228649  0.19023977  0.2007213  ... -0.18382442  0.33892864
   0.35101515]]",,"[ 727.79877  751.66034  612.2188   602.6669   640.15924  715.00934
  739.29034  758.05396  540.4909   629.7717   577.87555  608.38556
  686.574    653.6481   626.7707   552.9271   296.81433  799.0001
  553.699    768.2307   538.25775  624.18134  682.92126  791.91315
  606.2241   679.2345   918.2037   656.8191   661.8983   589.47406
  322.81238  584.51575  758.644    349.89194  748.98346  663.46436
  635.25073  813.53827  604.85187  629.83435  748.0626   731.6719
  703.21533  511.62064  675.4098   664.67505  762.24414  693.8158
  698.39496  673.52374  485.31223  766.12695  622.34106  628.0513
  538.8929   703.178    794.3163   622.233    645.4547   727.85736
  771.40717  810.8334   573.05194  670.3529   717.2388   723.2051
  492.51117  574.87616  632.49133  539.3731   753.32776  778.75085
  670.95355  471.73233  589.22345  648.78455  854.03033  680.2417
  595.5924   796.0571   665.4969   652.97     616.2625   756.4504
  618.0595   505.08023  781.7314   691.09296  704.53284  585.33203
  574.1221   799.0834   603.4993   707.01434  681.6381   725.92633
  734.12726  827.95166  617.72125  610.4983   698.45703  707.6718
  529.67444  730.3572   610.34595  629.69965  821.85345  791.04175
  690.74567  582.47797  702.39325  667.2567   559.07513  650.3318
  691.8809   634.6241   908.9966   203.18333  673.45435  661.5173
  838.40375  756.0288   651.7475   767.5163   602.39     587.21497
  607.7535   731.95953  296.50745  696.24316  685.79565  598.2082
  729.2606   742.0842   711.7444   519.58545  608.6083   719.6344
  592.4568   640.18646  624.302    557.8213   688.97565  574.15936
  604.7682   698.9655   655.10284  829.0805   658.18634  663.26886
  738.0896   724.0836   803.1033   650.7826   680.0677   620.3372
  670.7026   715.13306  735.07623  632.99774  631.3827   849.1914
  825.38074  627.99646  572.8416   597.687    619.0348   376.6233
  811.65485  713.4579   713.64233  746.5193   814.4602   622.3225
  604.4521   563.6409   822.0362   687.85486  668.6453   755.1121
  612.96204  684.20135  625.6376   669.5112   619.56415  369.43362
  746.24634  782.66016  650.43384  695.5206   665.0526   623.67035
  662.5026   551.5155   881.2801   832.51447  599.7111   520.2376
  765.1524   698.2382   666.5214   861.695    725.33856  752.3364
  520.71985  704.0119   658.4569   702.30176  901.1525   711.05255
  476.42593  728.8807   487.00113  705.3386   622.94257  688.4621
  503.69025  593.7765   687.16003  709.54395  652.5215   577.3081
  340.1078   515.8271   699.45184  769.91547  682.3363   857.8706
  757.9224   658.1112   772.14056  842.7393   523.97284  684.87274
  591.60486  726.5292   619.34357  680.5836   712.0473   823.9708
  706.2948   717.1475   838.93475  613.6772   670.8564   535.53784
  647.61774  677.4072   709.00806  715.3813   661.75305  748.3312
  700.66486  672.15674  703.62604  240.34355  541.39087  517.4404
  607.70294  802.90466  597.81775  677.9007   467.27682  681.4661
  906.39954  721.56586  684.50323  735.47046  624.10016  792.37225
  847.07104  806.9893   703.2457   472.91766  695.43726  589.5339
  688.73914  650.4545   688.0951   603.54974  597.1666   757.6636
  593.75183  571.37585  749.83307  728.0549   657.3798   736.295
  723.71594  789.96265  701.5476   681.11505  615.7808   691.3071
  677.95386  751.3058   493.7781   704.7139   676.22876  616.7133
  625.11255  858.5467   745.3263   758.90045  627.4645   723.41986
  735.0885   652.2136   801.2117   452.27753  726.14124  690.77924
  672.08545  654.7815   626.47363  712.78217  694.3738   751.329
  686.627    539.772    646.8685   688.42975  709.3573   694.53424
  711.2937   717.42456  636.2052   668.5328   591.9989   690.99506
  632.1343   688.8888   811.1637   661.3097   714.6203   546.1197
  475.74503  721.2757   734.68445  613.7011   777.4764   237.60233
  757.4775   678.86395  470.58133  869.8254   682.88696  655.3022
  614.35236  748.8795   497.83032  672.0749   617.6943   612.2878
  683.4075   645.9967   698.09625  679.7475   765.21515  677.8037
  701.11707  641.0793   717.05347  716.09326  831.9649   696.60754
  700.2413   709.8266   580.91626  573.1695   832.39606  683.391
  774.149    726.1819   631.737    666.07294  588.71674  627.5635
  662.54675  978.40173  668.18726  632.564    760.8871   650.49854
  631.26263  219.3381   578.18854  619.4134   747.4066   670.8473
  666.1554   594.443    641.465    593.0191   556.04535  710.443
  696.1152   673.5508   745.0312   705.60364  781.8653   758.2267
  846.3849   773.38763  730.0187   886.6643   692.19995  788.0665
  661.5027   639.07806  435.66345  699.83154  802.2294   530.102
  653.75684  704.37634  856.9062   525.06683  677.1771   637.35333
  671.8998   659.0682   734.9779   687.94934  552.1159   766.3437
  625.4087   776.81024  367.29095  842.3557   782.4949   673.7759
  698.4008   523.65015  636.65906  801.60156  639.3587   520.04456
  701.8796   584.05426  610.75085  771.3936   597.7268   572.9729
  594.8377   854.5202   641.5114   646.876    656.16534  653.35944
  721.3763   802.36066  792.0811   674.4868   735.94293  729.4694
  653.8263   690.3866   742.10187  559.0986   657.18854  611.144
  698.32275  644.0921   545.3649   708.67847  701.6468   804.4393
  580.06354  862.1721   749.8122   404.8558   701.43756  738.2678
  739.8824   605.7959   741.1347   645.71747  721.8253   867.43335
  702.2969   848.7837   733.2448   639.54987  484.36978  622.1449
  822.1616   666.35876  598.88293  605.8698   727.9904   663.7264
  767.2662   693.11914  527.4111   656.05334  750.7475   640.0533
  640.71326  699.2197   609.7164   755.29913  636.98865  737.568
  684.1684   341.2016   723.841    644.7211   529.9304   787.4585
  672.3627   756.4634   532.8429   530.1946   758.9036   742.1584
  843.2692   609.54645  759.4326   715.6613   748.83466  651.5085
  651.473    643.49585  634.63794  668.3875   717.55194  716.4397
  758.1267   694.8626   762.6233   712.63385  543.56116  756.16077
  629.5975   713.75244  703.06335  701.0189   655.655    619.169
  857.5277   681.0682   701.0789   677.70905  799.6705   727.8331
  573.5181   634.00006  740.7954   646.75165  518.97455  677.46185
  619.8356   688.1256   723.5985   656.0192   704.48376  545.04065
  735.2189   668.49866  643.1139   656.2861   751.7253   740.9971
  678.5371   649.9619   701.40485  659.2617   645.3096   690.69916
  562.98834  644.36304  685.7259   657.88196  756.6525   640.46106
  593.9804   355.74658  729.77295  645.8095   635.73975  722.7065
  809.56116  766.08466  638.38275  673.69086  762.0991   553.4095
  595.3223   680.09827  613.1228   723.3426   658.4097   739.7468
  641.75073  632.971    735.85     695.58777  777.4944   622.30273
  689.21234  671.4425   634.5501   643.0364  1110.1019   721.30725
  780.71484  670.0646   691.063    632.4826   656.41516  716.3857
  614.3184   796.2071   773.73376  760.0541   686.40265  604.56
  875.8079   662.1337   611.7527   720.5256   709.1478   704.73285
  379.25848  373.6478   629.98175  770.7022   640.972    649.9572
  891.71344  748.05835  537.50214  762.1661   665.63196  769.1482
  808.62616  574.46875  748.8393   653.9272   666.6376   672.6148
  585.88257  654.3153   671.13617  692.0896   911.7334   509.13098
  626.7699   589.0795   245.04155  653.3619   807.0018   779.10626
  708.4003   597.1504   829.53937  751.2399   519.442    751.7091
  705.3095   592.46924  694.2185   691.0249   780.1475   671.509
  705.86914  722.0138   718.2569   667.54034  763.84076  572.6385
  666.56354  535.83276  621.6152   597.85767  685.2396   719.3969
  792.1047   643.8688   590.0128   549.0083   749.594    657.53705
  705.8243   482.34143  619.3328   646.2325   514.71027  698.1198
  685.9682   610.13293  673.77997  707.81836  675.92316  727.62463
  775.8625   672.41724  578.1816   680.69135  589.119    600.968
  762.18896  546.0792   551.26465  748.4776   553.07306  547.8523
  591.65753  573.124    563.9359   472.28497  782.67255  753.057
  653.3455   493.50714  463.68512  676.39746  732.98175  717.3948
  774.42114  757.14703  617.3839   689.36395  562.6522   729.0348
  682.20624  600.0756   700.9315   810.31757  758.5509   719.36194
  703.05066  595.4506   623.17474  735.6142   861.89087  740.9289
  696.5364   717.06036  683.4722   762.4832   678.1187   623.2799
  638.48346  675.2499   614.1826   574.9955   718.6198   707.59436
  672.7293   680.15753  714.83545  760.11346  714.5295   604.584
  646.46484  774.9836   817.66846  693.59906  223.16275  796.1223
  587.22253  678.1904   639.7822   792.85016  683.79803  655.54535]",[4.6786714 8.019051  5.289025  ... 6.957774  5.1546326 5.074066 ],6.018547,0.28906801007556676,0.4944513464088992
7,13877,Transformation_Matrix_W,"[[ 0.12812975 -0.46944258 -0.20554829 ... -0.07146733 -0.04024471
  -0.00090318]
 [ 0.03851167 -0.01351282  0.09546229 ... -0.29143342  0.01005472
   0.04076165]
 [ 0.03890569  0.2028341   0.28292    ... -0.21794347 -0.26840547
  -0.3437053 ]
 ...
 [ 0.11322919 -0.03300219  0.01741055 ...  0.28717777 -0.08396171
   0.24560302]
 [ 0.27428725 -0.0634628   0.15435615 ... -0.23064749  0.37589327
  -0.26519954]
 [-0.1461232   0.05531126 -0.07027504 ... -0.2303669   0.11331176
   0.37880522]]",,"[ 693.88495  716.19867  602.3616   590.77423  631.8729   687.0638
  710.5634   738.82825  510.71704  615.7564   553.72406  604.27344
  673.2477   638.51135  616.4442   510.06876  284.44647  779.42804
  540.9611   743.0998   525.7928   615.7212   669.979    751.90906
  593.4752   671.99603  881.1352   640.17285  639.8585   570.77826
  308.76807  571.669    737.5762   341.56235  731.5321   657.9921
  612.8649   791.8791   588.76685  609.02594  725.366    721.3798
  676.67694  495.79596  657.16626  668.3753   732.8925   679.5126
  678.01263  654.6467   468.9798   758.0264   605.7977   612.6904
  524.27466  699.6248   766.4623   601.73553  639.31036  711.15814
  755.9372   793.9443   554.6648   650.00165  704.2888   706.51984
  473.77353  562.88696  609.469    530.98517  732.7713   767.91956
  656.7816   459.8171   573.6071   638.14386  843.68744  664.1188
  575.4394   765.39874  648.775    630.5939   608.4456   741.6626
  593.5061   497.21896  744.7559   679.12036  686.56384  562.7228
  557.45264  789.8669   591.2121   687.96515  663.03217  705.6228
  700.71246  796.4981   596.5545   591.8931   683.7669   690.57434
  517.41296  710.68475  571.2328   609.2204   795.3345   763.4245
  670.7127   572.8042   679.8603   647.3033   537.4494   629.5517
  660.3376   618.08295  881.24805  196.43987  663.6374   635.796
  812.5129   729.3688   640.52545  756.4772   585.63354  568.7436
  591.05865  712.1266   287.4474   689.92255  676.48114  576.20874
  700.7798   722.44336  677.0603   499.15387  603.4537   697.4135
  580.9519   618.1097   611.49255  556.1826   657.8779   565.67737
  597.11084  676.34564  631.9356   799.7176   623.194    648.8385
  713.21924  708.5601   783.0882   632.1864   657.53674  602.3647
  652.4713   677.1566   716.93115  612.7494   616.9063   823.49554
  812.06213  594.91486  565.3286   587.14844  604.30054  359.0398
  793.27295  693.67694  706.0836   729.9244   785.6187   586.7426
  595.30524  534.3726   801.045    672.6408   661.0625   739.28253
  598.9098   675.1115   606.18024  647.0789   601.01526  356.57303
  728.8996   763.8171   638.92725  696.3887   648.8842   605.7115
  647.2592   534.1619   847.4524   807.3073   596.4731   504.8377
  729.5443   700.5175   649.3638   815.2709   715.3364   725.66833
  505.5294   680.4437   640.84033  693.8461   882.045    690.07166
  469.8271   715.9265   476.46414  683.68005  612.32074  671.5296
  493.83212  581.97003  662.4268   698.8957   634.6484   562.5984
  329.16168  505.4605   687.29895  737.26587  675.7133   837.41644
  741.96796  641.6758   755.86255  813.30707  493.5309   675.4639
  591.30225  705.16595  602.12225  668.9587   697.81946  806.7693
  684.4663   696.2038   810.29675  596.4805   653.4787   522.0852
  623.80524  660.6422   685.8611   710.3131   643.28046  726.6592
  678.2578   660.59174  699.4561   223.72017  521.773    489.234
  607.3268   791.5489   598.39465  653.24066  413.5569   674.2154
  890.99817  692.97864  667.1993   711.64624  610.5708   764.1112
  811.82733  784.8194   688.3902   462.7207   675.3957   573.2408
  672.2907   644.7559   674.68384  591.1733   576.61194  738.2302
  585.46277  553.39923  745.3088   707.7812   640.0507   703.77234
  687.9524   761.3307   677.00665  665.6645   585.9902   684.81854
  655.99695  720.5873   493.4562   699.72363  660.09143  591.6551
  617.0628   823.29065  723.3986   745.75824  605.6481   702.8479
  718.8572   636.36096  774.9382   429.46042  710.0936   672.01874
  662.4952   638.3984   609.0216   696.1023   686.5468   747.22473
  680.87195  533.48755  625.2503   675.78595  698.99176  671.9195
  690.78     692.68726  611.6651   648.13403  583.02277  679.2038
  612.61523  666.8799   777.6982   645.66223  707.8561   529.9334
  457.84225  708.71533  714.02924  586.33026  766.8105   231.41812
  759.0661   653.78656  442.42737  822.90393  669.7374   649.1919
  604.48126  730.218    462.52823  666.2918   615.6037   593.76605
  672.2227   625.2326   680.5608   656.49097  754.8924   655.53925
  693.11914  636.9184   701.321    695.437    813.6473   675.9487
  695.6051   684.83264  563.5565   556.6114   786.631    665.1751
  753.3645   710.2841   625.6627   664.7507   585.13824  625.2388
  634.25854  950.57416  657.8985   620.82544  757.7782   619.4377
  620.6347   210.95345  560.62024  594.99384  720.1448   669.2707
  652.67     591.1974   615.12006  571.95276  548.84656  701.55896
  669.6506   670.16534  712.98083  680.57605  766.85406  749.47943
  824.395    743.016    696.0571   855.49976  690.33075  770.04
  647.7488   633.4789   413.98352  682.24756  770.7748   518.1634
  643.23773  674.00684  839.63763  511.7319   645.60486  618.2854
  654.7853   636.4523   719.5488   678.4805   522.8531   740.9301
  604.0448   756.49585  356.16486  816.79584  770.0268   656.44324
  685.55664  512.8361   623.63477  784.49896  631.3851   507.82474
  690.44946  571.5836   588.4159   743.03204  584.59937  560.15015
  578.89215  810.05023  620.6981   639.6304   649.95197  648.1865
  710.8655   792.5005   769.8191   659.5284   709.8326   721.18427
  628.5697   689.01953  734.23676  542.30005  644.86163  595.81744
  688.59644  631.3449   532.29895  697.5635   665.57916  770.3871
  575.7026   841.1452   718.96497  395.8746   683.2452   722.0473
  714.3834   593.5448   729.673    632.7178   698.02374  851.2528
  676.75653  824.7631   717.58295  626.2367   436.72568  596.56415
  805.1453   656.2454   584.92566  586.3721   708.99695  650.9962
  739.5568   673.40515  501.3645   650.24786  727.21893  624.2857
  612.1727   676.0239   593.45685  748.237    621.5844   703.8697
  673.61224  332.18884  698.91486  614.31006  512.2815   760.2183
  650.8371   738.4932   518.4042   517.81396  760.8197   726.75604
  833.8322   591.0856   741.63324  692.8891   730.0087   644.6521
  627.903    632.6707   614.27594  654.6866   708.8386   680.5066
  726.0672   675.3899   738.638    694.7949   532.60614  738.48846
  611.0735   689.69727  675.1838   687.3557   640.8215   612.48895
  835.00995  657.4421   690.645    645.68085  777.0629   686.8272
  559.33453  627.62286  722.0479   635.6624   511.14447  655.49524
  605.3117   676.0996   710.3061   649.18994  694.6902   527.72766
  709.62573  656.6493   624.69604  647.2066   730.2647   717.38257
  667.19446  638.0123   689.9679   637.8068   636.7782   683.4313
  520.46277  617.1239   677.6771   635.00836  744.60516  628.95483
  579.42633  323.62015  722.32733  606.7782   623.3131   707.03937
  780.07513  750.8226   611.3178   648.9675   753.71735  538.6399
  582.0666   642.50397  606.44086  707.7621   640.75055  715.6213
  621.6779   614.4122   724.0062   674.2135   746.47986  613.49005
  670.4577   658.3498   623.8469   631.42554 1099.9171   708.29724
  761.40027  652.1554   679.1766   616.1015   635.2327   699.12775
  592.635    767.94714  750.11993  732.2193   669.05536  591.76337
  854.7943   649.10803  592.40704  688.5748   700.35205  687.4601
  356.41614  358.96112  620.99426  749.544    625.6122   640.73834
  869.03033  739.7529   527.5175   729.05536  644.7495   751.28625
  784.2729   560.387    737.99384  620.73285  639.2124   648.7359
  568.80994  638.347    652.7311   673.05597  892.0536   501.04565
  608.43964  589.2273   239.00607  650.4352   785.2437   756.31573
  687.65106  585.8009   803.7419   728.07043  497.43033  725.7755
  698.9128   580.22754  671.3079   680.3983   738.4418   658.3362
  680.9446   698.5866   697.2338   662.2246   748.695    567.6088
  652.16705  513.611    611.183    595.3722   664.56744  698.2947
  763.3066   629.34796  572.55255  533.40027  735.17676  636.0215
  692.1186   474.6374   605.05444  630.9042   503.96024  684.91516
  672.09     600.4244   658.3157   695.38306  653.00824  697.1687
  748.3675   645.87775  564.1527   668.1786   581.0784   587.3533
  735.9655   528.75134  538.3221   736.5609   539.66864  530.64374
  572.7923   559.7587   550.16766  462.4765   750.23303  734.7178
  633.0624   489.69962  425.12128  668.29425  708.2653   691.1101
  752.6599   733.00903  619.27844  668.297    547.35645  722.1225
  677.454    576.9522   673.1841   795.94336  739.6658   701.33875
  672.96606  579.698    604.4427   699.6467   833.72064  733.3785
  686.99695  704.6533   653.19403  730.01276  661.6157   607.76483
  630.1556   655.0239   598.2645   566.2811   700.9024   696.2984
  642.26166  661.5116   679.3884   715.6565   701.00714  588.6846
  622.75555  760.639    798.07214  683.10175  212.4356   782.50574
  576.45245  666.87604  630.80817  753.0175   641.7769   643.27386]",[4.412579  7.9759912 4.894065  ... 6.7887635 5.3133426 5.29737  ],5.9363155,0.31743073047858944,0.5170400671636943
8,13877,Transformation_Matrix_W,"[[ 0.5000943  -0.1939906  -0.03178537 ... -0.1864507  -0.06134757
  -0.04154301]
 [-0.16386661  0.18956584 -0.13169521 ...  0.18491428 -0.05133667
  -0.00820726]
 [ 0.00861454 -0.04509269  0.13350055 ...  0.01847621 -0.30748352
  -0.12516887]
 ...
 [-0.08185331  0.09193201 -0.05352873 ...  0.22884956 -0.33254772
   0.02407052]
 [-0.10894281  0.04111803  0.01926344 ...  0.04104546  0.4263634
  -0.02498858]
 [-0.01882092 -0.07860669  0.04019266 ...  0.15102327  0.03198023
   0.5363192 ]]",,"[ 629.1808   657.1064   557.1747   554.24585  580.68835  617.8653
  651.28235  661.6597   469.32758  567.505    513.9857   541.95886
  602.5215   567.77783  562.31866  447.10638  252.52663  721.3437
  489.49738  694.1326   477.1101   573.33417  628.76276  667.324
  534.9921   608.6034   780.0211   594.8252   587.11334  522.0614
  285.139    529.2897   663.9511   313.86774  669.0198   599.0324
  568.0038   723.78485  540.949    544.198    663.3975   671.25995
  614.92584  455.3574   599.1823   607.0275   669.0002   611.412
  622.94617  597.74426  418.78934  683.5942   557.3382   546.6511
  478.5748   629.1156   712.7282   533.016    585.2136   647.2078
  697.52246  702.82764  512.73505  589.8015   666.2868   659.4141
  428.60934  527.60443  568.8665   488.7686   659.76886  710.0791
  608.6724   416.9551   529.0021   578.96875  773.41895  590.02686
  527.85596  701.347    603.90015  555.20935  555.8706   661.2472
  529.425    463.41568  677.9964   615.2003   630.27637  504.1881
  497.8719   727.30347  557.1641   620.0521   593.41705  643.9954
  626.6825   726.8615   560.9396   538.8083   629.6941   634.874
  483.61847  645.7554   531.4198   566.45917  715.4343   678.3478
  617.45483  521.73987  611.2348   609.15533  496.95062  566.0421
  620.708    575.33185  829.02313  184.5856   620.6361   583.6206
  744.1483   674.14233  585.01764  688.3262   531.2508   518.9281
  548.3116   635.7085   253.91406  628.26245  638.5224   525.4585
  642.0914   664.6818   619.40924  461.49338  558.8406   641.9511
  528.15784  559.9798   569.1859   514.8519   605.0048   523.50916
  548.7633   610.0304   581.79694  748.43164  576.8979   606.2753
  638.19446  638.581    719.4062   573.10236  604.5306   569.7548
  589.0848   615.9269   641.91626  519.2285   560.852    749.109
  736.9883   549.2344   525.7441   535.1141   533.37885  310.18307
  707.86896  607.3323   650.13654  663.5626   708.76733  520.589
  541.575    476.81384  706.89813  627.49426  596.0395   672.5287
  555.1648   623.5342   545.5891   603.9465   546.2781   324.7277
  656.1845   686.5718   574.17816  631.7033   583.20386  550.4405
  604.51965  487.45197  777.4292   736.555    546.4796   458.81232
  645.14453  635.8747   600.36176  709.82605  651.73236  644.57556
  466.14114  625.6971   582.19586  646.34827  765.66547  641.6506
  434.89105  672.53937  430.11694  605.62775  560.7133   605.89197
  449.9302   531.98914  610.7794   635.25653  569.79865  531.2565
  305.39075  466.34634  632.3124   670.7628   628.49164  756.93964
  677.85944  589.97455  699.19403  741.79944  448.1299   622.3056
  541.49164  647.21545  552.98145  610.9035   629.46826  713.26245
  602.98083  636.8165   731.53314  549.4855   592.44617  471.96933
  581.8994   603.9619   626.4975   650.3523   595.7833   671.78107
  635.8922   615.1682   647.76447  193.74132  479.30048  432.20328
  557.1227   736.9322   540.59467  603.6819   336.3289   613.5277
  827.9664   628.4149   609.6283   666.7792   561.8875   713.3551
  730.15735  701.5378   628.68774  419.51102  608.7456   533.6088
  614.31964  602.337    609.68054  543.8684   531.6979   674.1088
  537.77454  493.49353  669.52594  649.1409   597.3688   639.09375
  612.3708   698.30145  624.66766  592.024    542.59314  634.0589
  609.6822   657.8506   458.20724  630.54535  598.0224   547.78644
  561.3707   722.29126  647.229    678.21375  554.2917   637.05896
  649.093    587.9731   685.1542   383.54343  652.8415   604.4995
  595.85443  585.3899   571.7446   639.7981   642.2703   677.3638
  614.9958   489.7362   590.89655  605.9329   637.43054  627.0821
  632.22565  615.17285  573.0814   610.63434  531.6824   624.22205
  561.409    632.98517  718.00134  607.46295  645.16736  482.94437
  403.1686   654.00977  645.3525   533.8666   697.0054   212.6113
  694.1592   591.54974  380.43466  752.44653  610.05945  592.5404
  553.7782   674.3303   392.57626  622.3957   581.487    544.7241
  625.52655  583.943    600.5536   604.7087   689.8636   577.01514
  641.6386   570.5382   651.32416  633.8753   727.11176  621.07025
  644.15344  624.2052   519.1219   516.0507   722.6872   606.43005
  669.3911   658.1193   574.1194   605.32117  499.918    558.6848
  566.0241   847.2929   602.57074  578.55237  692.0387   558.2433
  559.57086  189.2444   506.4712   527.1228   667.6122   606.6514
  582.08923  538.4073   563.7351   529.76184  503.315    633.44604
  606.3473   616.7422   649.2522   636.789    699.63074  689.37964
  740.07544  692.0647   634.67975  775.0794   626.9189   720.2617
  588.04956  595.0819   358.56418  620.8117   693.47845  466.62085
  592.7879   627.0385   754.4675   463.99017  587.13873  562.2893
  576.02356  586.74536  679.0394   607.3182   457.5087   681.56964
  553.0869   695.7647   321.11276  729.3174   706.8844   605.9433
  622.81274  451.08276  566.8224   723.38385  584.23804  467.87296
  643.7189   520.2838   540.4868   692.99915  517.18835  526.7384
  537.14     718.10156  567.8561   580.8526   579.3155   591.942
  637.25793  694.9591   712.82513  620.47595  609.9761   659.6218
  559.7994   637.85     667.94995  498.21024  602.21423  553.77057
  622.81274  560.7637   498.7707   649.00354  615.14825  693.42816
  539.6447   753.10114  642.6722   363.10187  611.41003  653.9374
  641.6896   558.8792   678.06464  581.2122   611.29767  768.41595
  623.27527  756.43115  668.4866   571.7866   367.82452  519.8319
  737.53253  595.04816  527.4685   526.36993  644.5479   570.30646
  667.57764  620.14606  450.90604  597.76166  670.88916  580.63086
  541.6634   622.3857   557.81354  701.40204  553.46643  661.66437
  621.899    297.9601   650.17993  567.172    454.23596  713.83636
  602.146    658.0133   472.4058   487.34586  683.79504  662.5245
  751.30035  533.8222   683.8131   634.2378   645.4087   588.20605
  560.20264  584.1949   562.9621   597.86664  654.6169   624.8497
  667.17596  632.2572   676.68054  639.00226  491.4422   681.9716
  554.34033  625.84705  626.4298   639.3189   585.7397   564.96326
  754.29004  595.99396  639.1504   599.50006  684.69836  624.7436
  505.65253  573.2655   667.9893   593.00323  480.83926  605.45337
  553.4693   618.54065  668.0387   597.5441   637.6609   485.53867
  656.13574  601.62244  577.0617   568.5203   668.11615  643.6138
  603.2083   582.2796   625.87164  582.35474  573.0592   627.89886
  464.4409   560.8367   628.8367   588.0577   693.3824   576.3439
  534.9093   277.67023  669.2229   549.8625   563.08057  646.93896
  703.60754  682.8138   547.86163  572.60956  691.4932   493.34503
  546.97174  588.2517   563.68854  645.96564  600.264    656.3998
  550.8359   566.8081   667.82     637.7779   662.51166  554.9781
  614.1853   605.1637   572.9136   584.85126 1049.1483   648.69885
  687.668    590.9928   619.9355   584.61     576.7287   622.6944
  545.34204  691.51917  679.4921   675.763    617.70746  549.5119
  771.75745  594.9006   546.2971   629.4756   650.7245   629.49023
  308.99023  316.7872   579.7907   669.86957  579.4359   592.51624
  790.32605  688.0736   486.7351   657.49396  579.07684  675.9723
  716.1648   523.3613   668.4788   568.8206   601.0254   590.828
  515.99146  579.62006  593.376    629.3291   797.9298   458.0944
  559.76733  542.91364  220.6191   586.93256  699.5663   679.7021
  619.60974  535.05634  702.7375   649.6165   458.03195  662.9744
  646.70953  528.0442   610.28125  624.70667  667.80115  615.442
  616.9184   657.19086  640.78394  602.20074  687.1344   518.5477
  592.1818   463.51364  581.5277   549.0055   599.26447  628.8271
  674.4581   585.31555  533.5808   497.58517  666.5589   582.11194
  640.8934   452.1849   566.2329   598.2587   465.095    647.4279
  602.3023   558.57074  594.3038   629.0605   592.628    655.6552
  684.3318   594.2965   521.2194   615.5989   540.8544   528.44165
  675.55164  479.28156  498.68378  688.7502   482.43286  492.75992
  531.271    508.1868   503.0227   427.96848  674.0843   686.2719
  585.43304  453.88495  365.599    608.6623   662.7295   620.80743
  685.0647   688.8938   574.1881   609.3502   499.14865  654.55585
  629.89703  534.3037   608.3299   721.53     677.0421   628.8383
  623.8996   535.42365  558.894    625.5039   745.0567   679.2252
  634.2413   634.1126   593.7049   686.0204   606.041    563.72656
  576.5384   585.3189   543.0894   496.512    642.8066   637.47375
  604.5128   619.99744  597.73553  654.5022   640.1459   538.48517
  559.8355   688.89105  719.0574   618.7106   188.94447  696.2265
  538.3568   597.05206  582.5153   668.8018   600.60046  594.77203]",[4.2710733 7.8616734 5.2335773 ... 5.8101053 5.18984   4.6226077],5.665777,0.40181360201511335,0.5820348448692028
9,13877,Transformation_Matrix_W,"[[ 0.39235273 -0.20731032 -0.00374203 ...  0.05802441  0.04654616
   0.02740376]
 [ 0.00477718  0.41176894  0.0122096  ...  0.10365944 -0.12285529
  -0.1399971 ]
 [ 0.03466709  0.06551115  0.29297516 ...  0.17636356 -0.07687488
  -0.02946196]
 ...
 [ 0.11544552 -0.07830879  0.1058447  ...  0.4433459   0.03240582
   0.02903268]
 [-0.09349152 -0.14250316 -0.12810458 ... -0.06102007  0.5717015
   0.08628523]
 [-0.00106831  0.04255329 -0.03049757 ... -0.03436087 -0.0491963
   0.5746769 ]]",,"[517.6342  527.5671  454.24445 456.29648 472.2679  514.14185 519.207
 535.95123 386.20276 478.75815 420.60187 445.2654  493.6386  448.86746
 441.85666 361.28195 209.66888 575.24176 407.08774 576.78687 396.34366
 483.53113 506.2216  538.89215 448.38995 514.5826  618.0312  488.62134
 479.52167 440.3997  228.96591 439.95566 511.76056 253.97948 560.5072
 481.3746  477.0988  568.30115 467.4833  445.87186 550.6703  568.3534
 515.20233 379.80157 495.53586 480.3897  536.4395  473.634   507.8912
 502.1884  334.642   561.01306 442.8267  451.39615 407.72354 518.10645
 580.8361  420.75912 482.78192 518.55206 591.2742  565.98865 420.00024
 466.46225 524.66046 552.1199  353.4462  440.08612 468.9099  391.82367
 520.9726  586.5732  516.3654  336.46295 428.7377  476.1185  611.65076
 481.72485 437.02365 557.1593  493.68887 435.34314 464.69122 505.8114
 438.30658 388.6984  525.4201  495.32123 500.69556 401.75198 420.45157
 559.0921  459.90854 505.01868 472.1427  515.364   498.74576 606.2104
 447.59567 432.15482 515.2161  512.2479  401.5214  529.7818  437.37268
 461.63147 558.5171  532.7844  505.7579  445.66348 508.89655 495.5969
 409.51764 474.96497 511.30298 478.33105 650.84314 157.7778  499.46307
 476.7365  567.6557  550.94196 469.1432  561.8516  422.75436 421.0514
 460.5218  515.74603 213.80638 531.807   515.2047  423.45743 502.3317
 536.6459  498.098   369.27325 442.54068 537.8579  413.4777  452.85846
 476.99185 435.3437  492.21033 430.26553 457.2455  478.68887 462.01468
 605.58044 469.26904 505.70212 522.6392  506.866   579.793   480.16455
 483.77045 495.68713 484.42206 483.47696 509.51862 386.3824  450.00165
 600.32544 621.3179  440.84183 437.90845 455.29257 436.79858 253.40076
 583.39465 489.23285 534.21246 529.4695  577.685   414.1316  445.33084
 389.4096  567.9624  503.48804 503.33347 520.05023 470.19244 509.24045
 447.57144 499.81274 451.20795 263.9282  530.22284 543.3411  465.8319
 517.4667  479.63116 451.86026 486.05887 414.64642 616.18945 591.3099
 446.09372 399.4517  515.9617  527.1208  482.4782  560.4081  545.5698
 521.03796 381.5858  506.2466  488.45648 515.0086  614.23895 534.0937
 360.02625 542.1424  347.45352 492.2974  462.553   472.93912 379.52682
 444.61575 512.06525 537.60876 471.6602  431.7384  260.49286 396.68356
 507.2668  557.1514  515.9643  621.58105 542.7327  481.83728 571.3767
 594.8714  370.02292 492.07498 448.4241  526.6253  454.4013  513.06616
 503.06006 567.15063 483.7427  519.865   583.17926 442.81445 495.58902
 396.77625 458.02438 509.15527 504.6385  537.3879  475.60934 531.49524
 508.74527 510.21695 530.9487  162.8194  394.8437  351.1872  435.7816
 597.57544 430.2772  477.0166  267.69855 491.73935 656.3333  520.44476
 496.2255  513.18933 450.39987 594.2774  556.0939  551.8401  520.7084
 346.43927 506.51187 451.1421  511.09805 483.4513  499.4375  453.6936
 423.2425  539.939   449.701   408.8666  547.59686 541.48193 487.3673
 527.04517 504.22168 570.893   507.93982 485.41708 438.45596 516.4049
 498.93503 542.0464  381.13376 533.7073  492.69012 448.09518 459.2772
 576.11676 511.4871  558.4474  459.30954 520.0938  508.1225  480.4618
 516.2508  310.96985 532.5067  472.88593 495.0033  482.8195  469.16653
 531.0103  529.2503  550.8946  494.5576  401.52017 511.94397 472.1549
 532.46936 515.115   518.9194  506.8155  466.74432 486.6597  434.66467
 527.28687 450.6673  499.1632  573.7725  506.21677 531.6026  409.27716
 321.6913  528.1494  536.2783  436.65536 559.32556 173.3617  574.7691
 469.8363  302.40567 598.1434  495.05087 487.85388 448.63895 547.3878
 308.13782 511.96246 482.24884 452.26865 511.57797 467.72012 492.6497
 481.2137  575.08813 462.3289  529.1175  465.9643  538.9293  505.94757
 594.53595 484.81894 526.9081  503.68335 440.32947 418.74902 570.45856
 490.50446 521.2744  538.8181  469.3548  504.39905 389.17038 449.3916
 458.76874 681.7288  488.95102 473.54025 550.0406  453.8591  466.217
 160.22585 431.11685 424.8559  538.33386 494.62598 470.21136 444.0591
 439.81992 435.506   399.8041  531.91235 487.65857 481.2005  528.03186
 518.1806  560.2193  565.19904 584.8377  572.37177 514.3708  609.9134
 519.6964  574.13806 486.8263  489.24374 296.65695 503.45114 535.2443
 375.9438  484.07758 520.4973  583.1618  377.92465 466.09717 448.71365
 483.90826 489.0287  556.4667  487.73538 358.96573 533.03577 453.62317
 569.49567 264.95068 583.4233  571.90106 505.99405 502.56168 375.55994
 462.08405 590.68195 487.71985 402.44095 537.72797 443.28598 447.68512
 567.5764  414.3031  437.2933  437.962   573.70337 465.1267  456.6807
 459.0601  495.4508  511.79465 555.4072  605.83984 513.8697  489.94647
 558.4133  455.78403 514.1504  557.1211  415.80884 501.92105 442.66852
 501.99872 442.60602 427.29382 511.44373 499.02435 561.0738  439.9712
 613.4994  539.6557  297.83188 505.0648  556.8695  522.72797 475.87018
 547.0171  496.76462 488.82428 600.32416 509.78494 570.72253 557.34076
 473.40506 289.85852 394.33087 606.0312  493.44885 435.79117 416.0302
 519.83905 467.17102 537.86487 507.47818 354.67743 514.55365 541.3422
 476.94174 440.78503 495.38864 442.8482  572.4221  445.25598 534.16223
 514.68677 260.43915 532.17194 441.01233 362.7086  597.3611  486.89386
 530.77    389.69385 389.67664 542.29364 537.0368  592.5824  443.67325
 557.9591  545.66724 517.7023  453.59235 440.56067 477.31693 459.66052
 498.7002  525.4866  485.3304  535.8863  516.2424  556.2929  531.7714
 410.1906  543.675   483.0394  506.89667 511.0006  510.92255 481.72864
 462.70825 561.8625  462.85315 521.5113  478.12003 535.29865 499.85678
 406.35587 473.85107 551.25446 495.548   404.43948 499.9366  460.58447
 481.44772 542.3893  491.06262 524.93774 403.03015 524.6206  458.94275
 486.29715 462.8738  523.95447 530.83527 481.28745 486.14996 523.38226
 464.74527 452.8154  522.3857  357.15045 463.22284 497.64053 483.2373
 572.5387  448.98593 430.56293 222.7517  539.926   446.2173  461.79715
 515.1266  574.2413  586.6879  446.4615  456.1016  565.8276  401.80225
 449.75473 495.8881  458.30423 505.88748 484.27908 525.5377  450.22275
 490.0696  538.37305 522.0978  532.30096 444.0556  501.2697  495.91913
 467.95053 475.6997  951.2459  521.2758  523.8691  478.92557 484.79282
 468.04764 449.66907 506.5642  453.0176  536.70264 544.5319  562.19464
 511.0166  451.47943 619.0418  477.89264 452.85593 511.44836 534.2385
 497.34335 244.81735 261.54044 472.9976  546.7457  476.278   483.3614
 629.202   559.0088  405.7076  519.13245 470.7145  547.6063  579.2469
 408.8855  540.3799  478.96893 494.8834  485.06583 437.75766 482.8936
 482.47495 496.6529  647.1979  387.60767 465.89166 442.94232 178.0307
 446.52295 561.1923  546.0966  503.62744 432.02515 577.3881  541.7274
 375.14194 537.4018  527.4017  421.08545 497.55743 517.02936 518.1539
 488.46194 496.18335 540.60376 511.87076 492.4542  556.20013 426.98505
 478.47778 357.09192 470.06464 456.29572 514.476   512.55493 540.01196
 482.31357 420.6681  405.84875 520.2334  473.47632 539.5389  374.16647
 455.2994  496.50946 378.3207  511.35852 459.34973 463.4701  487.47803
 520.03314 487.48123 530.0805  568.61    482.2666  439.6021  514.5569
 440.4196  439.94064 549.1625  403.81094 401.82434 574.4122  405.85385
 397.6268  452.35898 435.74048 422.0993  350.64304 544.00073 554.2164
 470.86807 381.50992 293.57404 501.86594 536.2675  508.02    549.34314
 545.6181  478.63617 506.75644 420.1426  536.6828  514.97504 437.75308
 498.02505 590.6158  550.521   479.0104  530.5027  428.82352 464.88287
 506.17303 587.28564 549.592   503.70044 530.60675 493.7028  568.2184
 487.8171  461.951   473.01077 470.5042  448.75256 422.8982  525.0849
 500.74905 487.01892 508.0654  466.446   529.7355  531.4994  446.4016
 472.56564 540.2239  555.4737  494.43573 153.40318 556.9624  458.20663
 492.92905 479.35474 527.8483  467.1881  495.3571 ]",[4.720073  7.0935764 3.8986158 ... 5.001767  4.8055644 4.0761595],5.0948367,0.5480604534005038,0.6894447307111367
10,13877,Transformation_Matrix_W,"[[ 0.5288396  -0.06215865  0.07841554 ...  0.02376838  0.08692375
   0.00772422]
 [-0.05873519  0.545125   -0.03582773 ...  0.037437    0.01765609
  -0.0554738 ]
 [-0.01535885 -0.01004758  0.47130856 ...  0.04463306 -0.02311954
  -0.06451669]
 ...
 [ 0.01277386 -0.05207387  0.03828326 ...  0.5515571  -0.068139
   0.04001005]
 [-0.05936828 -0.01509708 -0.07048245 ...  0.0187179   0.5517002
  -0.01589852]
 [-0.04878313 -0.0327848  -0.03884467 ... -0.01645397 -0.04539359
   0.5276438 ]]",,"[352.78867  354.57578  326.83423  306.71085  311.77972  355.97897
 351.90555  359.81802  267.3221   316.81668  290.39465  297.25204
 318.43564  310.1375   305.74615  258.99332  154.77025  393.24945
 295.79517  364.85037  273.73932  318.5904   346.74127  365.0674
 306.18753  345.6189   408.24777  326.27786  316.6935   303.3194
 169.61244  292.3423   360.2534   193.10034  365.0417   320.14627
 314.3556   379.43735  310.1381   320.91052  376.35776  377.53577
 338.28082  260.89407  336.47375  328.89844  352.7295   329.57022
 354.5525   338.33307  233.37476  342.34708  304.6583   311.79242
 289.6423   351.84943  384.0026   276.7874   330.1232   342.80347
 374.1245   367.09894  286.47998  321.87463  338.07315  356.86002
 236.74664  303.71472  327.37228  273.9114   340.37128  396.26596
 329.1454   245.13208  291.29684  322.5987   395.5669   324.91922
 295.6392   349.4229   342.12195  311.11237  318.0033   337.83597
 314.66965  258.31122  340.53107  321.8451   342.7222   272.505
 291.45496  384.1422   295.68246  349.63083  318.63943  349.23224
 355.6723   402.15375  280.07703  307.99622  345.21747  337.0222
 270.4971   352.7471   312.2289   323.94843  372.34714  367.5508
 353.61368  307.10483  357.3751   326.38666  281.35776  330.7968
 349.32632  312.95963  429.23447  132.34651  338.35016  310.59464
 379.0155   360.06165  318.25983  373.09067  278.1634   299.1289
 335.4839   357.16452  169.10509  350.67706  339.03085  289.36728
 338.0855   364.4205   341.37122  258.89758  297.0352   380.96375
 291.1523   332.6534   328.1091   299.6636   314.59262  294.8098
 307.404    308.90204  311.86884  374.23666  318.3441   336.8588
 341.80878  336.56747  392.4436   318.95923  322.6164   327.53986
 330.12424  333.3113   332.49283  268.48727  303.25342  397.3144
 402.57068  308.81027  307.12964  314.08215  292.07095  192.75777
 396.7187   325.93167  365.98685  356.41818  396.52353  283.25165
 311.88007  284.46375  397.862    338.7652   339.4949   362.54962
 331.938    348.015    302.55106  310.26114  307.40012  197.9617
 342.0856   347.11847  330.2694   339.61707  334.38525  305.97156
 335.56967  278.8397   385.6052   384.18015  294.881    295.80396
 366.09686  349.45392  321.043    349.8188   366.00632  327.62344
 272.9225   337.94302  326.61908  330.07388  399.194    351.0044
 261.02057  367.85745  255.29704  351.66138  320.40448  335.9022
 249.86711  314.70358  337.03012  344.0432   312.16833  302.81705
 201.06404  270.10074  331.82025  375.97098  352.99863  392.88336
 361.11224  323.82593  388.07205  382.2151   250.14961  333.57266
 312.2644   325.57724  315.81512  331.003    326.98126  392.7565
 315.83923  348.4347   364.8801   309.719    321.6973   273.99918
 320.43393  324.7999   325.56735  351.0416   314.99493  368.64227
 334.24655  344.0286   348.40778  127.49116  273.65253  250.74008
 287.11246  408.74945  284.49106  324.29437  201.29123  314.89468
 404.32712  331.45575  341.14642  338.2119   301.96414  398.61102
 374.94678  361.52142  332.89658  239.41139  349.53888  316.99124
 360.24338  312.60654  341.95532  308.15878  294.638    352.6998
 303.9129   294.17874  390.05566  357.80252  324.33795  349.2912
 330.53293  371.3059   329.31332  311.55353  302.39435  339.79105
 347.74738  358.92105  269.73843  341.0674   339.68036  321.08844
 312.32608  392.51404  319.91318  363.01242  306.46558  369.38037
 333.75708  328.9139   355.26297  228.00206  356.6434   314.24094
 332.41144  314.34198  297.864    350.3818   352.60086  372.95236
 358.80664  272.2621   353.08972  315.90665  349.88174  344.6241
 334.8078   349.84378  306.5524   318.6247   297.4342   369.00528
 300.84756  337.33322  383.70282  321.34674  360.04947  284.80597
 236.45491  359.802    371.95236  300.88565  367.04883  132.09746
 379.01346  323.9902   219.86783  368.83264  330.88882  331.97104
 300.356    363.56067  223.19707  338.98868  322.33514  295.44348
 358.7488   302.8238   321.98587  328.2851   375.5057   320.71783
 343.55783  317.74127  349.88358  352.06055  391.19974  329.83304
 356.93182  336.60223  300.63638  294.11264  387.879    316.229
 328.98776  338.90546  316.8156   333.80618  272.356    309.0644
 298.96875  443.99442  326.1908   315.49557  352.70963  296.48856
 315.87393  130.32034  293.17227  296.14355  343.01105  352.46997
 318.6162   287.258    306.04984  318.9532   275.63174  362.23807
 329.6888   330.2332   363.26324  344.78613  391.63718  351.9666
 378.28754  389.67072  348.05615  431.38602  352.3055   393.6703
 335.35098  323.48953  219.34512  313.49173  361.10175  266.61447
 331.16327  336.25726  386.1627   282.74713  308.947    312.70865
 318.28665  319.86536  370.6504   333.72455  260.50162  351.56958
 314.12006  386.0093   183.63882  390.03964  371.72818  342.04858
 337.06085  259.4703   322.68942  403.27832  310.7813   280.40286
 368.53683  286.2214   310.25986  391.33084  290.01022  309.9595
 296.15204  376.25314  310.82892  312.17102  305.7191   339.92645
 342.26855  358.64078  396.8445   336.31454  322.4883   378.9919
 307.08685  312.19476  363.94278  296.50464  332.16577  310.5995
 350.41943  296.53235  297.9651   340.1157   342.99902  379.74915
 305.18863  404.70996  373.43692  207.6037   334.66876  358.95844
 347.83286  316.35898  357.77573  355.7437   318.89847  381.83167
 339.02713  385.49377  375.1728   310.40497  221.20346  267.1375
 380.98392  322.75455  312.60507  298.75443  347.01514  315.97125
 382.8813   328.66348  256.99326  350.63565  341.81668  312.89944
 309.72214  335.3377   291.7969   389.05222  294.1088   358.42685
 342.439    190.28264  367.28137  313.58072  244.34813  390.61957
 317.48166  347.58658  265.14557  265.00095  366.9649   347.80362
 392.2282   298.70898  367.47977  363.93054  333.85608  301.3002
 319.43704  339.32037  334.5017   342.02722  339.3067   343.46918
 385.45306  351.84192  362.2765   348.70135  302.6762   364.36353
 331.68567  320.344    331.3417   340.5489   322.26587  314.6445
 387.00748  308.11945  346.8772   330.00278  361.27322  331.17227
 281.77084  318.6282   359.19476  313.58673  273.76022  348.19547
 317.31027  357.57855  368.32663  336.5772   341.4544   280.873
 341.87112  320.84824  338.58066  328.18945  359.92148  340.34827
 343.82742  329.9261   339.6706   310.4919   312.91193  327.72122
 249.32198  302.79474  339.42062  323.3339   391.97504  304.91263
 291.46796  173.87752  362.859    316.9447   300.08215  338.25656
 376.23706  370.28384  315.9435   310.7944   363.08044  270.46338
 321.8357   351.44995  319.72125  350.89743  338.75552  345.68552
 300.71     322.79202  358.98993  345.1509   358.1446   285.77112
 340.52866  339.69263  322.12238  318.8048   762.17944  346.2394
 353.57498  311.36932  335.32062  315.53705  313.8535   329.5515
 301.8271   355.478    365.81042  366.54465  331.45877  293.1069
 412.82245  308.43628  312.01575  356.64117  354.62827  327.69156
 183.37558  198.51562  305.93185  374.0381   318.81534  339.461
 410.6291   374.1697   276.62006  352.34122  301.99664  358.17654
 378.81802  276.29016  338.21417  317.02527  312.56268  327.97562
 305.04053  315.87747  347.12143  344.3488   417.40207  272.52274
 311.33118  299.04758  134.9804   303.8785   381.35764  365.53296
 353.9653   301.84186  365.95798  377.56506  251.49675  362.28812
 363.01035  291.0316   340.54898  339.45145  348.9801   323.491
 345.3973   358.5899   354.8662   324.1078   353.51935  275.7838
 319.7946   260.44296  325.4625   312.5656   354.72165  345.643
 354.99097  318.25702  284.36014  268.69394  354.74246  331.63388
 356.01712  264.5022   310.05612  344.67722  264.8017   345.39108
 322.61197  316.41827  328.29144  344.13727  320.13422  355.48563
 385.49213  321.49136  302.92844  346.41412  298.9989   301.74094
 380.6983   288.62354  283.68835  375.941    280.82596  273.39938
 317.99103  290.98526  275.87375  247.78357  357.33328  387.3237
 331.75894  258.4441   214.29504  331.56052  359.33505  333.63492
 351.44614  363.2612   329.11166  319.36194  274.97766  332.27414
 351.6      294.44296  324.84747  393.50705  366.02148  323.07947
 364.48953  297.9216   317.77634  337.43854  391.42703  375.97745
 342.2132   357.12848  335.01935  382.45312  326.6805   307.07523
 346.03076  316.75375  303.91644  283.34222  360.5136   330.94363
 312.31024  362.2782   298.67307  352.555    359.0489   316.91217
 327.87183  341.04828  363.19983  341.1391   121.209435 371.76062
 328.06403  351.31616  334.47375  353.05658  323.56866  337.9381  ]",[3.9869277 5.662298  3.2489347 ... 4.864139  5.518006  3.3073869],4.169079,0.6827707808564232,0.8071964869928513
11,13877,Transformation_Matrix_W,"[[ 6.4641327e-01 -1.6518270e-03 -5.1789652e-03 ...  1.9204767e-02
   4.7961421e-02  1.6944453e-02]
 [-1.5877219e-02  6.1012405e-01 -1.2402126e-02 ...  2.0869208e-02
   2.4865581e-02 -5.3682686e-03]
 [ 7.4714245e-03  7.1339319e-03  5.7379717e-01 ... -1.7767537e-02
  -1.3051276e-02 -1.4327073e-02]
 ...
 [ 3.3727912e-03 -2.5665713e-02  3.8192368e-03 ...  6.4627707e-01
   4.0987574e-02 -5.2160908e-02]
 [-1.8420748e-02  4.0718168e-02 -4.3402091e-04 ...  1.2249792e-02
   6.4990008e-01 -9.1624623e-03]
 [-2.0820828e-02  2.1459050e-02  2.1725462e-03 ...  2.7531471e-02
  -4.6553850e-02  6.4134783e-01]]",,"[270.77405  286.58093  255.51581  243.98236  251.11697  281.1032
 277.48633  285.6172   218.43677  242.11168  225.28564  233.58975
 251.62344  249.84526  241.39874  212.12332  129.51518  310.83356
 234.27374  280.24896  215.05673  245.8188   261.7624   286.69888
 234.4617   266.81058  313.7668   251.38426  252.95995  246.22343
 148.02808  228.54124  277.5832   147.66982  284.77353  256.0822
 243.7507   298.46848  247.30948  243.85292  294.72974  280.282
 268.05493  209.5558   257.74545  253.6407   280.1788   245.97815
 265.62436  257.81177  188.73383  266.50876  233.58058  251.88962
 228.63449  265.19287  290.72452  219.33173  252.51541  263.88892
 301.98123  274.1704   220.5312   263.38437  260.60156  261.19016
 183.71352  250.11511  254.14003  208.05998  270.36615  308.04138
 256.62634  205.28899  227.63406  257.69904  301.61163  262.1006
 231.7878   278.1635   266.98972  247.67006  244.86044  259.61096
 246.54602  208.02164  272.6387   258.18253  268.68423  214.29004
 229.27446  295.8103   225.09695  273.3601   255.40703  270.2621
 267.77548  308.54208  222.47748  232.93596  271.67615  269.07004
 218.54895  281.18958  245.10031  243.45235  296.0855   287.81107
 270.54077  236.50327  267.865    256.29596  219.01575  251.65059
 268.20242  242.24103  323.9349   125.59581  266.99957  250.52905
 305.06454  277.2695   242.9007   289.1963   215.61761  244.49701
 265.64224  292.91     147.11504  272.63773  273.41998  232.33069
 255.15579  278.76675  264.76868  198.80766  234.81836  281.2253
 233.81233  253.8709   252.09578  229.45045  249.8907   225.84639
 230.19586  255.6338   246.44965  289.49106  243.51375  260.8875
 273.29965  251.4035   296.32196  249.59007  250.70021  258.77902
 262.06818  260.35324  273.30896  224.28719  244.56601  303.0093
 301.44717  235.76689  241.56795  246.17543  230.07663  160.78668
 296.926    255.96335  282.7823   284.74042  301.91635  232.44696
 243.3889   223.76167  306.3307   257.84082  268.27817  273.1994
 263.50348  269.69046  243.14848  247.95859  239.32869  163.4092
 264.70178  280.6146   256.03244  262.5509   262.85962  247.34317
 265.8467   222.33075  297.76395  309.60596  237.2628   223.2989
 291.16965  279.43634  249.00609  280.75482  287.61     258.6262
 213.66577  260.83517  256.75272  263.02026  318.34436  261.53125
 206.20134  281.9694   201.21248  261.04727  249.97186  255.37407
 208.89653  235.17134  268.65414  262.80414  250.0965   242.58752
 168.4643   212.21948  269.13025  294.83395  259.11172  299.0118
 280.87848  251.80957  294.43738  308.44083  200.63612  260.7667
 245.75711  255.02867  245.49977  256.56903  256.32196  307.91086
 248.54869  268.75937  280.4052   230.09085  248.16302  218.7452
 242.28493  262.06458  260.79984  274.95615  249.32898  279.80313
 265.10907  270.78513  275.29102  120.3987   214.67686  200.55841
 227.97374  294.37088  227.83313  255.6065   179.1538   250.99773
 315.54987  260.71906  264.41495  265.52853  245.14395  316.27625
 292.7461   281.16635  258.7068   191.59497  270.3581   254.404
 281.09073  245.00922  275.16547  240.22241  233.64578  280.42642
 243.73538  231.88419  301.13843  269.0377   246.46886  275.74484
 262.52066  285.2481   254.88148  257.55856  233.36041  260.1197
 263.00986  281.89114  210.27803  264.60605  257.61136  247.93553
 246.41524  309.18222  254.75534  277.32983  243.52034  284.1251
 265.3343   250.15736  270.29382  187.6693   272.5223   250.77222
 259.04623  234.78682  247.66814  267.86966  282.85712  287.6367
 281.12534  219.26976  261.4737   247.9384   271.56314  265.52426
 255.50708  273.73123  238.07704  250.22601  227.1582   277.20142
 238.6798   262.76654  313.0295   257.13162  279.6155   228.71454
 198.8077   283.7202   297.41266  249.99228  286.01266  121.946335
 294.05725  258.0801   185.08725  294.50797  259.44278  266.91553
 238.78203  287.5961   185.70929  267.46445  254.54237  224.52368
 273.7957   243.69154  254.53093  256.70657  278.2816   256.45953
 268.82318  251.93602  273.49152  272.31924  299.17758  262.05087
 263.8019   259.7061   228.61906  226.24731  310.25534  236.16422
 264.80258  261.0974   258.56262  268.57898  223.98746  240.53917
 245.48352  330.7009   252.13412  243.0758   280.08356  240.08664
 247.5187   122.53343  237.33647  233.11012  273.86563  268.25555
 246.0476   234.93095  244.39374  243.53807  218.0861   280.04538
 261.37585  256.95636  291.19897  271.78616  297.65735  272.86005
 299.55872  308.8202   277.46484  328.39523  277.36954  310.29816
 248.99037  256.83234  173.50113  239.37486  278.09137  211.5103
 250.835    263.7635   295.31042  205.67569  238.44579  248.8695
 253.87482  242.80185  277.5724   262.37692  206.87634  286.95413
 244.78102  298.15842  155.83357  313.6187   283.535    257.29977
 272.10266  210.3505   251.7572   320.1966   245.39507  218.22964
 289.43686  233.81987  233.98674  286.02106  224.41916  237.71695
 236.2749   289.59308  247.27092  242.21951  243.36394  263.23822
 266.11414  272.77853  294.84143  266.97607  245.73625  300.51465
 235.10364  249.22302  283.98123  238.25291  267.09323  239.42746
 273.6126   236.82588  226.22578  269.4302   268.58157  298.8317
 235.26967  304.60602  288.75336  167.07639  264.66092  289.53616
 277.6386   246.80705  267.4461   272.1667   259.54678  305.79303
 260.7064   296.91724  287.87817  239.8555   180.12741  214.90851
 297.14648  254.95815  241.44237  237.04567  271.81265  261.23526
 282.7247   263.53397  209.5072   269.8834   265.50778  240.64334
 245.33803  275.28568  226.94736  303.30078  240.5528   289.40283
 267.288    151.5814   268.77432  243.56567  196.69936  303.22073
 251.83844  271.2851   209.39803  210.38264  281.87073  279.3653
 297.014    239.50937  282.66415  279.50546  269.23505  243.29404
 254.28963  260.67862  254.73769  261.21176  268.35995  263.1371
 296.3857   275.53452  280.0381   267.5757   229.75876  276.36908
 253.99889  252.55322  264.65057  264.2954   260.19724  250.23376
 310.20535  246.93733  268.00082  257.28473  285.38333  267.90887
 225.68294  253.82935  277.1745   249.39296  220.8341   257.2742
 251.64034  278.70944  284.82147  265.63586  273.95334  215.9215
 266.90756  256.5443   262.87637  257.9135   277.84943  264.83484
 262.19058  269.27563  257.8919   250.62854  246.14456  261.59573
 208.91708  239.10222  264.70084  252.82918  294.2772   235.90498
 236.07901  154.51254  281.1607   258.98816  241.54657  262.23822
 292.0851   286.72205  241.3839   244.54906  284.8485   210.41475
 248.84729  269.86072  241.0528   286.82977  263.6458   276.0247
 237.4654   245.11267  271.46194  271.4342   286.66302  228.64424
 265.01868  268.89157  253.42389  254.94972  617.3698   276.36063
 272.53134  253.70847  260.59143  252.03268  250.2083   261.4478
 226.693    283.4585   274.15167  292.08313  254.56586  234.23965
 318.042    248.51965  240.62689  291.58862  277.08893  259.4695
 158.95346  176.65031  247.22624  286.247    241.21648  266.19754
 326.6233   283.257    224.9357   270.50327  243.24399  284.42535
 296.49905  215.93484  267.40607  251.06769  241.2913   266.12637
 239.17502  254.04324  274.28683  273.0769   312.4687   216.77197
 244.5301   232.64958  113.144035 236.4276   291.3442   284.2456
 269.26556  243.28471  277.73242  281.87277  204.98155  280.3663
 287.23016  229.59491  259.67783  265.15173  278.69092  249.44115
 270.5808   277.4397   274.50214  268.30743  280.66565  229.35786
 255.61676  203.79263  252.70996  240.62335  277.58612  273.5963
 283.54315  253.38916  230.49326  216.26274  275.79797  256.30164
 273.93802  211.9565   241.87543  251.24007  211.14024  267.5564
 258.84268  249.41927  257.90677  268.47842  252.2023   278.51483
 291.4016   254.51128  235.73756  269.87262  238.92474  237.08131
 294.9391   216.2583   226.96597  292.75967  221.42798  216.78416
 248.54808  231.69656  217.57071  189.81807  283.4705   298.84195
 259.76114  206.90163  183.37366  262.0383   273.06204  272.46692
 282.9898   291.85504  249.57715  249.03131  215.24503  270.50803
 275.88477  235.37152  256.15298  308.98874  286.91364  252.0493
 279.51562  237.89801  247.44594  263.95346  313.09616  288.00473
 276.90906  273.37933  258.23502  291.84918  260.4913   240.2868
 274.9661   248.7067   236.40097  230.28409  270.6684   260.44635
 248.0406   284.33194  253.94696  272.3571   275.10464  250.39612
 265.30048  265.03345  287.26038  269.5596   105.946846 288.03964
 251.55247  276.4329   265.87195  293.1067   248.1773   262.2024  ]",[3.4491107 4.5217    2.9026928 ... 3.550473  5.424284  3.0473146],3.6772711,0.7186901763224182,0.8576552865972856
