,Train_Data_Size,Transformation,W,b,Residual,Residual_Norm_All,Residual_Norm_Mean,Accuracy,Co_Sim_CLS
0,3573,Transformation_Matrix_W,"[[  8.435793    -7.5939755  -21.344446   ...  15.472399    -5.6447673
   -5.0341954 ]
 [ 19.120272    16.380308     3.6936448  ...  -4.0068617   -3.0652173
    1.8742296 ]
 [ -0.51019186 -10.636029     4.5065727  ...   0.05156506 -23.170235
  -13.544309  ]
 ...
 [ -4.206203    28.462145     8.243414   ...  14.797238     2.8860376
   12.126501  ]
 [  0.23372082 -16.441788     3.863285   ...   0.03667147 -33.676155
   -0.35260296]
 [ -2.1510224    1.5693411    0.8428726  ...   9.735845    11.091634
    8.907624  ]]",,"[193.9903   187.49725  166.9643   158.52553  163.24384  199.47678
 194.90695  213.43253  147.17603  156.60123  145.18999  181.1905
 171.06262  185.583    166.72147  167.60942   92.4551   206.89862
 158.19301  199.08427  140.74258  159.34363  173.43077  223.51295
 151.30806  165.91066  238.30067  169.00783  168.2548   149.71158
  98.29713  150.50401  192.9643   110.53894  188.76593  161.79436
 166.6282   200.74721  153.51086  168.60529  204.93495  186.91313
 191.27078  136.97235  171.91751  182.92705  193.91985  190.20682
 183.09161  176.3088   127.131935 196.12459  159.48299  169.06895
 159.79498  182.39217  208.3514   174.57841  157.0818   183.01129
 205.02565  213.13603  151.49649  188.09242  176.26892  185.13506
 140.40492  144.79134  162.14777  148.0295   203.98798  202.46432
 170.78174  134.6133   141.568    159.5781   210.12253  180.95044
 156.5552   221.90144  176.94165  212.3684   151.48952  199.49644
 155.47824  125.628685 215.91124  177.00276  192.31577  151.04802
 149.26804  210.54666  145.00304  183.78897  181.55888  191.48839
 200.57185  225.58269  154.65022  155.21237  189.71336  183.77345
 138.13387  198.378    166.28995  157.82332  211.35774  204.22346
 180.58885  151.99483  195.11765  174.86284  146.1303   164.99582
 194.294    158.18411  229.98462   94.2637   179.59862  172.66302
 216.71896  189.60785  160.70976  207.30252  164.55542  149.92024
 164.87494  187.95323   94.36702  167.07338  176.27263  165.80774
 193.45201  185.3374   173.5398   150.20038  142.36516  182.36176
 159.34291  169.29045  161.17451  137.08647  182.68439  152.20114
 153.32791  188.56035  170.13016  214.93367  172.7768   167.9049
 198.91562  187.08781  200.43805  179.66003  188.77403  157.17462
 181.59448  190.08809  209.40228  189.53642  162.1975   218.01538
 220.65813  167.21587  138.047    150.5833   166.28206  141.43271
 206.38686  181.99146  181.8278   211.32901  218.7832   194.16306
 156.69492  159.008    215.91418  172.82178  172.95956  205.7743
 157.92247  171.86868  159.75848  186.10907  151.64832  101.61949
 195.54764  198.72385  184.64604  184.89017  164.03743  167.777
 174.9388   148.87267  228.61017  238.06772  155.99857  153.34697
 204.72968  182.91586  169.31944  227.34525  193.16623  186.31233
 136.12271  173.11543  178.25851  175.2534   227.08894  182.38979
 129.67593  189.73416  146.91289  175.00067  158.11252  183.07623
 138.13574  146.93402  175.43294  178.85796  173.028    142.79494
  96.179855 131.3339   193.47057  205.4015   177.6137   220.75906
 189.54404  168.81921  197.2112   222.98512  142.65602  174.94666
 146.49911  190.83627  159.84497  175.03198  190.9148   211.14651
 188.19171  182.73683  216.98135  151.29488  183.64224  139.78787
 172.16507  179.9991   179.51971  191.5606   164.62758  201.16592
 178.81213  178.99854  186.07173  110.68713  135.9702   171.72038
 156.02997  201.75337  160.73552  167.60626  217.29619  168.36937
 233.43419  178.63461  169.80496  178.66817  157.63335  207.80159
 214.1523   211.54956  187.80286  132.94019  179.23344  153.21689
 185.35922  156.45082  189.713    143.9753   161.6381   197.29097
 161.83704  156.49556  204.68956  186.4527   167.5096   196.52574
 182.0984   205.74303  176.17093  173.46426  167.40408  182.39543
 168.61426  203.62302  121.57717  187.76794  181.48508  164.89891
 161.72841  242.50786  201.16853  198.45163  158.25064  187.18033
 195.87807  172.24213  230.39462  140.03246  201.48788  183.079
 168.43983  179.84242  149.72131  175.15971  168.25601  194.67691
 177.30025  138.76585  171.83922  184.19511  189.08203  177.23141
 174.3215   194.15544  162.11324  168.58371  155.5458   193.06639
 158.45755  171.20972  213.29134  169.66893  174.4412   150.13208
 169.68657  186.62854  198.40256  162.18413  204.32986   74.25698
 202.0264   185.54234  182.81627  222.74622  175.86612  167.06389
 157.0875   195.8439   180.41022  162.85739  156.01813  150.33795
 182.7842   163.12091  193.46425  173.28352  184.00995  198.42471
 168.87244  170.61742  183.68924  184.11732  215.0779   187.92206
 176.37047  184.7832   145.25108  137.62068  210.88293  189.96375
 211.09422  187.17633  157.1184   172.61862  167.10823  166.03697
 196.60152  250.41476  178.17177  158.50316  190.43837  172.83762
 158.17244   78.654465 150.13965  167.78047  197.77432  173.13184
 186.50111  163.09123  177.4421   156.99992  141.57964  181.74026
 185.07625  173.87508  187.40608  180.61694  207.3517   192.2712
 219.82117  201.75047  189.26933  246.39935  183.75888  201.42482
 168.0915   151.40451  134.61356  164.30959  209.8323   138.74022
 168.08658  175.57526  215.78215  157.22523  178.51845  161.49579
 184.96953  176.1086   189.08295  179.46338  167.16962  199.0255
 170.1129   191.715    108.51051  210.89264  196.30025  168.34865
 183.52106  161.84366  163.14949  208.83786  153.69644  132.6772
 170.86519  152.61436  161.14185  215.23813  158.05167  148.73088
 146.90752  218.92197  161.34697  163.05673  178.26491  166.17186
 180.0093   211.81973  200.1786   174.37498  213.70741  195.772
 167.56099  182.74669  187.85217  148.13539  174.26369  163.91492
 177.0503   173.69566  130.24483  186.04495  183.28879  220.01776
 150.91853  238.9663   208.5959   127.59815  186.58989  186.66415
 196.20813  152.28592  183.94908  161.6402   184.86554  211.73466
 189.9745   208.71538  197.55377  166.79506  207.70393  172.62965
 213.14592  175.43332  156.07866  176.66159  203.46284  197.0721
 198.20659  174.56178  152.39151  165.89319  198.17288  160.32504
 172.18297  173.76625  149.14664  177.6827   166.00974  187.18167
 179.7042   107.347404 190.84155  170.03084  148.49402  191.8667
 168.8423   191.32275  149.59477  133.92291  204.02495  190.26338
 231.57579  158.58365  193.08298  181.49365  214.27179  178.86053
 179.67654  161.06026  164.03773  181.91783  181.98804  183.51585
 206.07475  172.19102  189.53581  187.96925  134.96541  194.46996
 152.24814  187.44061  185.23218  186.61833  162.67427  158.74301
 224.356    176.14223  175.52551  172.47128  217.2773   190.6361
 163.03966  159.12512  185.18944  165.37802  129.10233  167.53177
 152.43826  170.67638  178.57431  179.19714  178.42458  136.97997
 181.231    178.4557   178.09746  167.62444  184.55612  181.34653
 179.84782  181.99864  183.84834  184.30325  158.55768  172.43742
 165.44626  158.09723  178.44086  163.35942  196.22217  171.22191
 152.72305  179.26361  195.56683  179.96323  167.54678  194.7321
 208.83723  189.11964  169.57632  179.52904  188.29326  148.18605
 153.84349  182.01306  153.47734  192.2818   171.78983  177.68394
 185.67606  167.44987  188.79669  177.02275  197.00163  166.04509
 181.58961  180.11575  180.15094  155.45558  265.85635  186.55244
 211.52722  168.98695  175.2679   153.97102  180.84825  183.97214
 160.48335  200.92769  192.67125  198.05673  187.26865  152.45561
 231.9664   172.10175  149.95692  187.50444  178.14552  179.0222
 215.94354  140.11331  169.04308  197.56567  162.69911  161.66931
 214.0122   198.23294  151.62283  209.19423  184.81273  216.71587
 213.78098  148.7115   189.26465  170.35547  184.42493  175.34222
 165.12097  168.58278  172.00027  170.83098  238.41583  137.20082
 168.52524  143.13715   72.44434  170.73618  207.85072  205.28023
 184.41438  149.3507   218.4073   197.0607   137.62125  191.16222
 195.28905  155.58556  176.76645  176.52553  201.18478  168.22565
 191.4744   184.59993  186.141    175.07216  212.50859  150.3926
 174.7428   170.28511  158.31256  151.18706  186.20273  183.66153
 217.3788   161.14923  163.53761  137.90482  206.70515  172.90211
 173.85384  120.279    158.76895  163.80911  125.2687   179.41377
 174.53087  160.44     179.2736   188.68568  166.67152  174.93369
 207.65184  173.28122  151.21593  176.58154  143.44264  146.99522
 195.60393  143.64876  152.08699  187.71338  147.86395  149.26367
 157.4484   152.23076  149.64182  124.7357   209.76677  185.5323
 168.09857  125.72953  188.99327  183.81374  183.6983   185.85849
 199.83914  194.80562  156.62823  179.45322  140.93619  192.84526
 165.88065  151.45026  178.13985  208.05397  189.39803  184.29903
 173.77196  159.40489  153.1835   197.10658  215.12938  198.19081
 192.11989  194.10059  168.83244  196.87764  178.79341  149.52762
 163.48706  184.1153   152.98064  155.00209  185.32634  182.81871
 174.2296   166.08556  229.1847   197.95773  178.7801   158.16582
 161.15791  205.61948  210.11633  174.73546   77.906    201.31435
 149.20966  185.23174  156.4975   206.08115  186.40125  167.02324 ]",[5.641073  6.8864026 7.0767174 ... 5.9511285 4.9701343 8.598577 ],6.1022096,0.028816120906801006,0.16620016236972196
1,3573,Transformation_Matrix_W,"[[  1.7343023   -3.4462438  -10.605995   ... -10.0473795   -5.6911125
    3.4995499 ]
 [  0.28586102   4.064149   -10.025025   ... -10.9854       3.4907172
   -2.1083043 ]
 [ 10.871451     2.377595     7.5498023  ...  -5.922096     0.86379546
  -14.942211  ]
 ...
 [ -7.122869    13.401748    12.203467   ...   0.3389879    4.47038
   -1.2850453 ]
 [  6.8669033   -6.2189884   -0.614592   ... -15.747215     0.38509887
    1.7128688 ]
 [  8.906182    -4.0456934    2.5698538  ...  -9.325264     3.585095
   -1.9632075 ]]",,"[189.2107   186.71977  158.99477  155.80907  161.59573  195.05733
 188.78221  208.39166  145.86621  155.36493  144.91005  174.56976
 165.98648  179.67299  168.19116  163.50917   83.61857  203.65051
 153.13773  190.5281   135.41602  157.0329   169.70805  212.66203
 150.56584  164.72176  232.18932  164.23807  159.98288  146.81024
  91.68807  147.46251  190.4925    99.882034 184.38196  159.34846
 163.92007  195.47641  151.81479  166.75648  204.06111  182.47081
 184.21509  131.30423  169.31105  175.49336  191.06885  182.5859
 176.2341   173.92358  123.56621  194.73265  154.80957  160.71107
 151.0627   178.20381  200.4147   167.23221  151.5968   181.07118
 200.75279  207.81776  147.25293  184.25482  170.28796  178.8398
 130.49812  144.63446  158.9749   143.18086  199.53856  197.47098
 167.5135   130.54507  139.34273  156.58304  201.07028  173.7991
 151.4177   215.58069  173.25069  200.68947  149.22668  194.65813
 151.31047  124.511734 209.94402  176.06656  187.0192   147.27316
 146.95293  197.53702  141.98314  177.80873  176.20267  184.75323
 191.21509  221.8836   150.79419  150.72197  179.84055  182.12447
 135.11288  195.1557   156.4207   153.40482  202.94598  200.6768
 177.13875  148.90822  189.48964  170.66965  142.79568  160.6844
 181.81348  154.86559  224.15245   70.720085 170.55542  168.29228
 212.44415  184.15527  163.82463  203.53867  155.2544   144.28218
 158.81258  180.58723   88.13283  164.0969   174.12851  156.93816
 189.00366  179.15263  166.50085  133.47504  140.45522  180.16223
 155.31908  165.05373  155.3612   135.578    171.54932  148.35886
 151.10892  184.12585  165.96515  209.51973  168.59943  162.124
 193.898    183.31052  198.53859  174.12813  185.69286  153.21146
 172.34248  184.32156  205.63571  180.85634  159.41577  209.84178
 215.98593  164.24258  136.59117  146.04872  160.61569  128.51369
 200.66237  179.77776  174.90619  201.56448  207.90215  178.55966
 150.64009  155.53113  207.91606  174.05988  171.53296  204.07584
 156.21709  170.6259   156.45534  179.7687   151.61412   96.940895
 191.89708  199.54924  179.0124   180.93431  155.72182  166.6371
 169.75856  143.29254  220.2916   227.25526  148.72285  134.71057
 204.7969   180.82384  163.01543  216.85568  186.11447  180.9675
 133.3043   167.32071  173.02113  171.89159  222.99686  177.64642
 123.57818  186.05734  135.72285  169.14932  152.47334  175.85014
 129.21776  146.1938   166.83696  174.89017  166.00436  141.73683
  91.742256 127.76379  181.28665  198.08331  170.55928  211.97281
 184.7474   165.36287  192.88367  217.45377  141.09407  170.4351
 141.99307  186.08118  154.44167  168.4034   186.57323  207.1504
 179.66357  177.09924  214.07213  145.92451  178.9732   141.18239
 169.59819  176.1845   174.84398  191.9498   161.92622  196.27245
 173.58801  168.4809   181.01796   96.53161  131.17133  153.28438
 150.80081  200.02666  157.78253  163.00583  196.28642  166.11617
 224.09962  173.61972  167.26689  177.09375  153.32898  198.5061
 203.63766  201.8534   186.57268  127.77209  179.65062  144.9994
 177.74817  150.94766  184.86769  141.55962  153.81342  193.27464
 160.50252  146.04227  197.23032  181.53452  160.82787  192.88092
 176.70247  199.49704  170.47076  172.41597  164.41806  176.08142
 163.69458  195.97704  117.1996   178.11604  174.58887  155.31366
 154.10413  234.86166  189.14658  192.91856  155.40219  185.67058
 189.16989  169.31635  222.52632  134.02553  197.9183   176.63704
 162.99054  174.79735  146.33813  173.45367  164.18713  187.41847
 176.71397  135.65584  170.20259  178.46506  180.89583  170.79668
 172.99121  193.04903  157.09743  163.37816  152.58249  183.57394
 157.68068  169.7237   211.0195   160.58519  172.4745   146.43192
 157.71965  184.1847   189.18596  153.00067  194.64587   71.045204
 189.5687   180.49985  164.34868  222.13802  170.6071   161.73576
 153.40797  189.71959  170.68636  160.11293  155.02124  146.61678
 178.2539   159.71783  190.86372  166.16745  184.85931  186.89984
 166.11507  166.77542  177.26244  179.7577   211.47914  178.96207
 171.43546  185.7662   141.84961  136.61224  209.56514  183.46504
 205.95464  182.05981  156.96906  167.3177   164.93953  165.09016
 187.21417  244.88097  171.1865   154.89403  184.17824  167.2801
 159.0102    69.140686 147.69592  167.2172   191.18561  168.2804
 183.78094  163.2815   175.83162  154.23402  137.30435  179.7262
 176.30354  171.46103  177.05028  174.65205  199.3819   192.82222
 209.66121  199.6398   180.33656  228.93808  182.68214  194.61603
 164.30182  149.65504  130.31007  162.6826   202.09386  135.04518
 161.53706  172.28352  207.7548   153.04921  175.38351  156.21779
 178.21198  171.50359  183.3786   173.55705  156.66093  191.11948
 163.38419  189.25076  104.7534   205.17548  190.36726  165.42325
 180.72438  158.89835  158.51108  204.86958  151.44604  132.00476
 166.96858  145.38184  159.4355   206.14511  156.54628  144.54378
 142.85457  215.03711  157.17886  162.6358   172.04233  161.17561
 177.64935  206.16463  194.16034  170.8636   204.97276  189.47395
 163.4779   176.63245  183.74382  146.53525  166.4321   157.07082
 172.29173  168.66855  127.511604 185.33377  174.94409  214.24344
 148.72961  226.1227   203.73114  115.70885  182.51123  177.12132
 188.8339   150.20589  180.19994  157.34824  182.9653   206.42227
 182.58635  209.19627  191.61804  163.60986  183.18831  168.83905
 208.28674  170.80888  151.0716   167.71481  193.64989  186.63272
 190.11716  167.71309  140.27946  162.75826  192.45035  154.40292
 166.21173  172.04523  147.9112   174.53383  161.10707  188.24403
 174.31741   97.48362  187.30185  169.95148  143.57935  190.61165
 165.48535  189.95042  144.63704  131.4363   197.73972  184.7116
 221.46272  155.57918  187.74132  178.8169   211.25317  171.88263
 177.2955   157.80038  160.91765  177.04079  178.02144  181.43925
 197.01118  169.88063  183.66643  182.77719  130.7922   185.93443
 146.92047  185.81732  182.82597  176.3659   159.41495  154.54655
 222.19693  173.02904  172.12363  173.54865  211.53362  185.97012
 158.13223  155.03256  178.44688  161.70235  125.652306 163.22734
 150.51474  169.7233   171.47826  171.64017  174.17952  131.70004
 176.99577  177.09854  171.26857  162.7814   183.01826  181.65298
 172.95464  175.72157  178.47905  167.18265  155.87755  169.26695
 156.35439  153.85513  173.72968  157.51796  192.70142  163.33783
 148.70384  150.1092   191.06563  173.97774  162.71648  189.67436
 206.5238   185.21294  165.59174  175.86101  183.9714   142.72388
 151.02522  175.58105  150.51378  184.93842  165.54216  174.19896
 179.4177   164.05064  185.09999  169.53279  195.02342  162.0928
 167.24484  173.67815  171.20454  155.2722   258.6607   179.57718
 199.00688  163.04704  171.3207   150.2323   172.04234  180.24042
 158.53937  198.59793  191.80473  192.5804   180.50049  146.66312
 220.84087  170.84328  144.15935  184.37697  173.13042  174.261
 181.9291   129.02359  166.74855  195.00334  158.46246  159.323
 215.22629  189.57501  146.47575  204.33751  178.26175  213.46582
 206.79034  143.24704  185.15445  162.11166  175.9417   172.98381
 155.93188  160.46417  167.55252  168.17563  234.64595  130.17355
 161.60564  142.95125   68.95499  162.3207   202.32011  196.86333
 180.80684  147.91833  207.77467  193.88802  134.31723  184.53105
 183.15071  151.01653  178.17581  172.85782  199.38887  161.51132
 183.18378  181.05902  180.86987  169.24438  202.07462  147.67316
 170.01036  154.30354  157.45064  146.56416  178.03046  179.5919
 211.0537   157.32243  155.39156  133.41008  196.76364  169.64531
 170.83945  118.955124 157.73933  160.33232  125.474846 176.63475
 173.47395  154.98137  176.4895   182.41302  164.64734  172.9752
 204.60727  171.70479  144.77559  169.3274   142.54564  141.46494
 195.61636  139.25934  145.54169  182.77649  144.61987  145.57164
 152.65088  147.69208  144.92886  121.417564 200.9423   179.12598
 166.87215  123.73838  164.61075  181.01205  177.48013  181.4793
 195.70685  190.10164  152.43309  177.03825  136.18872  182.8067
 165.08078  144.48076  176.18     204.85362  185.23401  176.53769
 171.42732  156.47185  152.62253  188.03378  211.32495  191.14836
 183.9358   187.14658  166.64084  192.30836  170.02936  148.00215
 158.01575  175.35303  148.18466  151.00415  180.30374  180.64966
 173.60951  164.36569  215.08734  198.10873  173.4939   152.17296
 159.34457  206.8545   205.49556  167.59909   70.75516  197.46344
 144.22092  177.60019  151.63539  202.61273  180.8597   161.06432 ]",[5.5333786 7.242546  6.9395275 ... 5.6658816 5.2541976 8.498015 ],6.014029,0.043123425692695214,0.20764043186925998
2,3573,Transformation_Matrix_W,"[[  8.88228     -9.821034    -2.0895395  ...  -0.4766511    2.8251922
    2.2245476 ]
 [ -4.353209     3.9327464   -0.34111217 ...   3.1201215    7.456112
    0.21608078]
 [ -3.8249497   -0.5940526    7.693095   ...   6.83024     -2.8107858
   -5.6018753 ]
 ...
 [ -6.8826437    1.2482135    5.6148796  ...  -6.617054     3.8955433
   -1.4716682 ]
 [ -8.122078    -6.3132386   -1.1932276  ...  -9.486072    -2.1344438
    2.1836321 ]
 [ -2.96858     -7.617692    -7.4881477  ... -11.191561    -1.9905186
    0.69030535]]",,"[182.18456  181.78416  149.12791  150.06296  160.06729  184.40141
 174.77287  202.99443  136.80388  150.14821  138.41364  163.80362
 162.43419  164.69478  161.99916  155.47055   79.059395 193.1673
 145.28809  187.56502  131.7253   150.35036  162.252    210.05205
 148.767    163.11102  226.54807  157.30133  156.2959   145.30603
  84.250595 144.24632  193.14554   93.51299  173.4462   155.7692
 161.2252   190.46635  147.35683  160.48123  189.22186  177.75209
 177.42444  126.49251  164.27051  169.45103  184.58765  172.87244
 168.21826  167.73172  120.271866 191.06248  148.1046   158.39043
 141.40009  177.69495  190.52618  161.1813   151.04417  175.00093
 195.90361  200.2429   143.45593  172.45383  167.85587  170.79938
 121.24872  138.77762  153.37175  137.12552  188.87958  192.76924
 163.61346  123.84208  136.58784  152.46504  200.45569  168.17665
 144.52658  209.62932  165.6519   193.86682  147.55824  190.19664
 144.63423  121.620895 203.85097  169.35298  183.81311  144.10188
 143.24956  195.33852  140.85486  174.169    172.80457  180.05981
 187.5277   214.97595  146.3119   145.62404  171.1523   174.31299
 127.01778  188.91563  153.29564  151.4374   195.82547  195.30936
 170.42474  145.71356  178.70734  168.81812  136.37636  153.69629
 177.91727  151.32483  219.61218   59.938957 167.10844  160.8602
 208.31113  182.1874   156.5691   188.52232  147.07571  141.83849
 152.21384  177.62193   82.24542  160.4714   164.27275  150.7774
 184.5951   175.91425  163.2679   131.00691  139.45976  175.68338
 147.6156   164.19246  151.70097  130.42542  168.61505  144.47234
 147.3839   177.17297  159.88864  206.14977  165.15787  156.27687
 185.63675  176.80779  189.7269   168.80014  175.18094  149.15598
 168.12143  176.50258  195.83742  174.2625   153.01802  210.55095
 209.21432  157.46588  132.89772  142.7379   158.97368  118.566185
 199.50488  172.77628  169.126    189.38297  205.30537  172.04694
 146.97543  150.68939  202.9698   166.14801  166.514    196.4588
 149.96736  167.59775  154.55946  171.37793  149.25134   92.949486
 188.95093  189.28261  175.06984  171.7342   156.7898   157.68762
 160.6641   138.08075  212.25899  218.08713  142.1066   129.14687
 195.78595  176.61235  161.29947  210.67056  177.32886  180.90378
 126.7016   163.76767  171.01936  168.45863  209.48555  172.16809
 120.583824 181.68965  127.86907  166.275    152.66838  174.98332
 124.736824 140.17403  163.58566  171.05232  160.25104  140.60132
  88.36134  126.30126  175.9593   192.91812  166.49998  207.91405
 180.03963  162.56639  190.21013  212.96004  136.50768  165.6134
 137.91545  179.61699  150.65303  161.51237  177.05586  200.43803
 172.67816  173.17458  201.35478  145.3509   172.88116  136.13823
 163.13211  171.89648  170.89326  187.10509  158.61522  189.76767
 168.13988  162.17738  176.77844   80.94167  128.33896  140.30829
 140.73885  195.21815  148.30606  159.75764  178.63608  158.58095
 216.58492  173.85976  162.15561  172.70296  144.43102  190.55502
 199.68073  197.07417  176.28749  123.76788  177.11607  143.69035
 171.47598  150.54643  180.81294  138.53743  147.6028   186.87474
 154.76793  140.51907  195.18588  175.1277   157.97668  182.86127
 170.59596  195.70544  166.25726  167.33798  158.53137  170.97331
 158.8107   191.15472  118.0004   170.90111  170.44081  150.62914
 147.49513  230.06436  181.39113  186.07477  150.3699   177.80148
 183.09656  163.1737   208.76129  125.13111  187.23033  171.1671
 158.26218  168.12416  144.2335   169.83429  163.03906  182.60074
 175.32692  131.97182  165.22226  174.01007  176.23427  167.4853
 165.8864   186.86063  154.0701   158.75928  146.75343  174.2586
 151.693    168.15108  208.73161  156.87637  165.26448  143.29794
 145.48216  176.64474  183.3399   152.80453  195.56885   66.34404
 185.14595  174.30151  145.03212  216.86674  165.3577   157.11111
 147.22382  180.61142  157.77129  154.92427  148.13272  142.84828
 173.883    158.00177  179.35455  160.66786  178.7748   183.47542
 164.9937   162.71382  170.90178  173.89278  200.3883   176.383
 167.21631  178.01672  136.49596  131.67238  205.63199  177.79012
 201.97374  178.57382  153.84436  162.74808  161.76381  159.34709
 179.93102  234.40097  168.27441  151.63892  181.98354  163.60027
 155.23634   64.169815 140.98674  157.7015   185.38345  162.53621
 175.42279  155.68214  168.19116  147.52982  131.20683  174.01328
 173.72797  164.76393  173.91028  166.15112  194.56027  186.13843
 205.26096  189.3479   174.41013  215.68518  178.38129  184.11833
 156.8032   146.20013  123.15658  160.51018  198.59215  131.14177
 157.18274  168.09395  205.64876  142.73355  170.65623  152.82468
 174.02448  169.68497  179.16422  164.80647  144.05956  187.10287
 157.99652  185.04688   98.537636 209.71837  184.66904  157.7373
 175.22134  144.70781  154.05765  197.0252   146.83945  127.44614
 164.33315  140.86632  153.01813  203.21298  150.46796  139.85399
 140.48195  210.73727  152.57486  153.32329  166.96423  161.3721
 176.20132  197.08282  190.55959  167.0879   192.98502  181.59929
 161.25996  172.62788  179.27977  141.0899   164.71103  154.3787
 168.20921  167.6889   127.23702  180.88919  171.33841  207.37186
 141.61302  222.3963   197.54628  106.48005  176.20016  173.68187
 182.29832  146.2315   178.75443  150.82208  177.96323  201.76578
 175.59041  204.38982  184.99431  159.19203  168.48387  167.05376
 200.65266  164.8965   145.6529   156.23225  190.41934  179.19011
 184.11388  161.28636  136.48718  153.52693  185.13982  149.14578
 159.8273   167.3802   145.53265  165.77206  152.00583  181.42998
 164.87558   88.961876 179.99078  158.21577  136.13219  181.53604
 162.2783   184.7173   139.29085  127.82287  191.14629  179.2285
 216.74959  150.98625  184.14772  168.07973  202.08711  165.44658
 168.49106  155.56682  157.0445   170.58546  171.48935  172.61263
 189.05878  165.64508  182.52686  174.8742   127.80669  178.39659
 144.19258  182.0542   175.99187  168.33528  154.44601  146.56575
 219.36713  170.42285  167.15398  168.78204  204.42523  178.21696
 148.32481  152.01141  172.9035   157.51073  119.71141  158.55885
 148.57805  164.85623  164.99135  161.0583   163.5393   126.998344
 170.83464  171.87209  162.7413   162.71297  177.53581  177.21912
 168.19351  169.84227  172.97147  164.68277  155.0007   162.9161
 151.87862  153.17543  169.08856  154.54054  183.09526  156.61899
 142.03351  121.106125 186.0587   165.77806  158.06941  186.28503
 202.58229  180.11206  163.84871  169.71675  179.41881  138.14265
 143.86188  169.13547  145.83354  178.61053  162.11012  171.42046
 171.63708  155.31374  179.68378  163.2757   193.16992  156.25108
 166.54112  166.20364  164.46217  151.56448  253.86105  177.01115
 195.71289  158.32988  164.96362  147.20663  163.45576  177.30428
 153.75978  197.3929   189.39787  186.21341  175.41351  143.91093
 208.92616  161.49379  140.35976  178.42259  166.59578  167.27695
 144.6985   111.86393  160.91495  186.98555  154.33466  155.04814
 210.29958  181.64824  140.25328  195.48622  167.0367   207.76028
 197.05014  141.4679   178.4057   153.44083  173.72267  165.71657
 151.38554  162.00494  161.56712  162.72583  222.47585  126.257706
 156.2171   140.7317    63.657803 159.00087  194.91147  190.7385
 172.75926  143.10123  208.44112  189.42406  128.80244  182.73656
 179.13316  146.44907  171.18738  164.25131  197.05785  156.949
 171.65816  177.08353  181.30592  165.49231  195.43738  141.862
 168.7632   147.09741  154.19629  140.28467  170.64001  175.73491
 199.76218  151.46146  145.62003  132.9242   188.00647  164.04793
 168.38853  116.15166  152.81224  154.21722  123.93054  174.40247
 169.88615  149.50665  171.73138  174.94864  163.19565  172.87483
 196.4173   165.12039  140.70714  169.19102  136.96199  138.37158
 189.34116  132.61061  137.46777  176.98344  138.9827   140.79953
 147.89337  142.97804  140.01689  117.79305  191.4993   176.77368
 160.57149  120.0324   140.56844  174.69604  172.11978  177.35985
 189.63504  181.67123  152.11162  170.33997  132.67714  179.93135
 160.1985   143.45035  172.01768  199.23154  178.15137  173.1855
 165.97153  149.19327  147.22702  181.35307  206.72025  185.66258
 174.62782  186.43869  163.52626  187.94734  162.86444  145.80609
 153.71541  164.94363  145.29051  146.05452  177.51463  175.8882
 165.59357  162.61624  200.84325  189.4951   170.82143  145.9523
 155.81885  198.8427   199.13965  162.85083   63.535397 195.44069
 142.96243  173.95486  151.02002  200.06567  177.397    158.26814 ]",[5.4180574 7.6625214 6.8870316 ... 5.9613514 4.891569  8.266334 ],5.9159236,0.06987405541561713,0.24784482747220532
3,3573,Transformation_Matrix_W,"[[-3.747317   -1.505805   -3.3217998  ... -1.7129556  -0.13838647
   1.1154884 ]
 [ 5.3668723   3.2413092   1.6546402  ...  4.730808   -2.1861398
   1.528811  ]
 [ 2.0834482  -0.20620571  2.1204138  ...  3.2325583   2.491638
   0.7921237 ]
 ...
 [-0.8943414   0.41027018  0.19641961 ...  3.8884108  -3.7149966
  -0.14041835]
 [-5.3751836  -2.9282873  -3.507408   ... -2.9227588  -0.883123
  -2.3181002 ]
 [ 2.7001069  -4.04128    -4.4769883  ... -1.5619721   0.10741492
  -1.0882595 ]]",,"[180.64621  176.58383  143.60599  141.83969  152.43184  175.59734
 166.94542  188.0083   127.40915  144.33119  133.0377   153.44003
 160.29517  157.98862  152.09702  141.66608   72.25731  180.39374
 137.10875  179.19276  128.71436  142.36972  161.45038  202.62503
 142.2283   155.88864  215.22215  152.3374   150.54848  135.62328
  79.34254  138.77208  182.87744   88.32213  169.33752  152.11166
 154.12265  188.33606  146.51152  154.83876  179.75992  168.61818
 166.95784  121.284256 160.25296  158.50688  182.99017  168.77673
 163.82253  163.07458  115.61213  183.05196  146.16219  155.0934
 129.59615  173.75073  183.22627  152.88113  142.573    166.85838
 185.34816  192.61034  135.75687  164.51743  164.07664  169.86125
 113.29082  133.4485   150.77104  130.39748  180.86429  185.3021
 157.09984  116.56295  133.58144  151.5263   195.03775  163.32849
 137.39122  199.49678  164.9865   179.43279  141.14244  184.64648
 140.0738   117.68948  191.43608  160.90425  172.62083  138.06825
 139.77249  182.61406  135.73666  166.09595  164.02635  170.62476
 179.24007  201.74164  142.08606  142.47568  161.76488  172.40436
 121.70067  178.34259  145.99657  147.21872  190.9755   184.7052
 164.64478  139.2157   170.93124  161.15347  131.28287  152.3596
 167.98624  147.3275   215.2449    51.899017 163.05553  155.96878
 202.39305  178.5437   154.17761  186.47804  141.66011  135.92828
 146.1829   170.74435   76.1957   155.57478  161.2167   143.14853
 171.05414  170.20091  160.85342  122.320984 140.1683   169.8817
 143.24922  154.8602   144.98958  127.56153  166.08308  137.37617
 142.3341   169.92128  152.4203   189.69545  160.71202  150.43362
 177.83977  170.4487   182.04254  160.96432  164.81467  144.83499
 160.73276  169.8506   184.50389  166.1854   148.0076   203.35141
 201.69688  149.55736  129.62997  137.33244  153.80408  102.65347
 185.11024  165.93364  168.86125  181.07141  194.47905  156.96092
 141.8405   143.1809   193.40144  157.82689  160.83932  190.9632
 143.31186  157.63458  151.50534  159.57603  145.8244    85.74412
 183.12834  181.72171  165.43163  162.44708  152.44711  150.36424
 151.32314  133.88437  207.29877  206.947    136.16121  120.34145
 189.88252  167.13065  154.82132  201.59494  174.33873  172.90723
 126.36894  161.57893  164.3604   164.91507  203.81049  167.71756
 115.95894  177.29456  121.16112  161.10303  149.87439  166.73944
 117.49677  137.61581  157.30614  163.28032  155.4024   135.41528
  81.83449  118.4509   170.89348  181.8971   161.81084  194.65076
 177.0034   158.9884   176.26706  200.66833  129.56033  155.3332
 132.90231  172.10904  147.69955  154.1253   168.90475  190.72707
 167.2888   168.44533  194.27203  139.48419  164.96516  130.32358
 155.26904  161.2715   167.595    177.42043  149.37463  182.60725
 159.834    158.4128   166.05655   69.05729  123.948494 129.65916
 135.8234   185.37642  145.39369  157.81873  151.394    160.93764
 210.10445  165.63939  159.55939  165.78757  144.4367   184.17957
 194.24896  191.84087  166.60724  118.73751  168.39221  139.01657
 164.27159  148.30276  170.29417  137.66933  140.89285  178.24564
 148.99109  136.45738  180.8798   172.15807  150.49489  180.7813
 169.3822   187.46136  162.49715  158.97672  151.53752  161.48293
 153.67935  182.0451   115.4182   164.9649   165.14865  143.02818
 143.26932  213.06407  174.11009  177.87212  143.62053  171.1878
 173.15231  154.84557  199.68512  116.67553  176.09167  166.14241
 153.09317  155.553    139.35706  163.15573  161.46384  178.38168
 166.4821   128.63538  157.2266   162.7766   164.85257  163.07541
 157.7053   175.3486   145.4935   157.17262  142.58081  169.29861
 144.40341  163.0845   202.71416  155.4784   157.3871   133.95027
 127.18994  166.46925  175.25172  147.39496  186.40381   61.359062
 177.9576   165.5603   133.08647  201.02238  159.9348   152.05858
 140.42235  175.4291   137.13895  149.04317  142.62006  139.24132
 167.58276  151.0126   169.4123   155.72728  177.82133  167.13304
 158.51952  150.59732  167.46791  165.9153   193.06027  170.96904
 164.67332  172.54373  132.78868  127.19802  197.52641  170.20467
 186.31247  170.32484  148.66992  153.24957  154.3077   149.44295
 174.26103  228.77539  158.5272   145.8925   177.7136   161.10545
 150.9327    58.26328  136.63686  145.486    176.45209  157.12143
 170.1788   149.71896  154.69824  138.64293  128.82597  164.93083
 165.70459  158.19331  165.31265  161.85199  190.74022  180.00551
 203.90321  181.2234   172.0926   201.02052  168.64804  179.11429
 152.25584  146.82451  117.07024  155.42354  192.04999  123.00002
 154.94266  158.49544  191.39948  135.38281  162.33203  150.84283
 163.04514  156.71658  174.30142  161.32414  135.7411   182.08195
 151.83955  181.40411   92.81203  203.5486   175.89632  154.89519
 169.17578  134.58853  150.85538  189.75417  141.14929  121.84966
 163.81015  135.45586  146.87877  195.26271  146.44254  134.65004
 135.45142  202.26744  149.25406  149.33762  155.2448   154.21048
 166.29173  192.23674  185.07913  158.0031   188.0634   179.18053
 154.8862   169.03017  168.92845  133.94345  158.7627   142.94038
 166.4043   162.86661  121.71586  174.7065   164.52374  200.62773
 139.27824  206.94644  183.61862  102.39239  170.53638  173.42671
 171.65002  139.63982  174.33269  147.8004   168.99416  203.97823
 167.41977  200.52052  181.05458  150.71495  144.64386  157.83469
 194.58426  157.36328  141.23177  148.97063  179.1149   169.48778
 180.5108   151.32095  129.04372  145.05469  173.89424  147.55959
 155.1271   165.64035  137.23341  161.94524  148.49588  172.86073
 158.65668   80.80977  171.45409  153.4304   129.65634  183.53195
 153.3682   175.13608  130.33397  124.43517  179.95897  171.66492
 205.03279  142.13397  178.73967  162.54321  188.56569  159.64333
 158.96863  152.29008  150.53296  160.18867  163.97653  169.84998
 181.17188  162.27275  176.32158  170.50317  124.56713  175.3978
 141.46486  172.4173   166.75458  163.37395  153.8698   148.3261
 210.4789   158.4871   164.95164  159.13841  187.08813  173.6337
 140.05247  146.7641   166.49232  151.64206  116.85002  152.05669
 144.66644  155.68668  163.67323  153.15285  158.44623  124.157036
 167.5      162.4558   154.53456  157.49973  171.20358  169.631
 160.03139  166.77838  163.86235  155.81393  149.71533  158.60786
 141.73886  147.80222  161.52742  147.09541  179.5908   149.7526
 138.93565  106.61913  181.88857  160.86145  151.36205  178.06581
 197.96661  180.58716  157.81546  162.65154  175.34003  132.8044
 141.88506  162.97562  142.82246  169.63577  152.788    169.74036
 163.49268  151.5859   178.68913  158.96135  183.33827  142.86656
 158.60965  160.92102  154.33319  149.63272  246.14163  169.63264
 186.59592  150.29025  159.65324  145.2284   158.26187  170.46834
 145.57869  192.37947  181.41315  181.57404  171.47678  140.83168
 200.48178  147.56496  136.47026  172.33765  165.42262  165.62198
 118.001884 101.33493  158.0577   180.42752  147.80093  149.85025
 205.65921  175.54591  129.98514  182.91046  156.89764  198.6239
 193.6362   136.69716  171.59813  145.31667  162.62311  153.9987
 143.04456  156.33575  157.8024   159.2303   217.26456  119.17541
 153.49196  136.08534   59.92834  153.04993  193.02727  185.77516
 175.52286  139.06413  201.93332  186.2644   124.01867  175.64664
 168.35176  140.87892  160.39584  157.61221  189.27826  149.9989
 165.19868  170.8848   168.39459  156.83061  185.13098  135.59029
 160.90968  138.50401  152.05597  135.59317  163.9396   169.18318
 188.77911  146.15378  140.77477  126.76633  186.56808  154.30457
 168.223    113.4726   147.91325  148.68288  118.33279  171.46161
 161.34615  145.97337  162.69496  169.99979  159.92827  168.28015
 189.4692   160.8444   137.46078  162.53665  135.8268   135.0841
 181.57997  132.66103  133.27744  168.41681  130.78664  132.97261
 138.77881  138.07112  133.53493  110.496284 185.87817  171.04518
 151.4609   117.82698  124.02783  168.86543  170.31523  166.87788
 183.92227  176.0865   144.32826  161.51256  126.93363  174.28787
 152.67873  142.75414  170.58644  189.47835  170.81148  167.39589
 162.08989  137.87321  141.41907  170.21858  198.51425  182.09714
 168.28178  176.20172  158.52397  182.47363  153.92642  144.99187
 151.09132  160.70279  139.39307  138.0486   169.14586  171.38379
 159.7968   160.18536  182.53215  182.75256  169.82794  144.82385
 148.29556  187.74957  192.70114  159.39601   56.45341  178.70813
 139.50433  163.778    147.02888  187.72775  170.57895  153.93733 ]",[5.549164  7.4668913 6.6911964 ... 6.156571  5.344409  7.8879814],5.796458,0.10644836272040302,0.29943886849657897
4,3573,Transformation_Matrix_W,"[[-0.10577282  0.7646643  -1.6434088  ...  0.4264397  -0.48793808
   1.3227946 ]
 [ 0.968427    0.7963035   1.1130354  ...  0.69921565 -1.9548339
   1.2685199 ]
 [ 1.3151584   1.3508941   1.7443708  ...  2.3890457   0.90497977
   1.3427358 ]
 ...
 [ 1.0807046  -0.6686866   0.0455831  ...  1.2823709  -2.4638653
  -0.4222946 ]
 [-0.10491797  0.84106094 -2.0985365  ... -0.6130847  -0.37621066
   0.465333  ]
 [-0.87612885 -1.6247168  -0.95516676 ... -0.9272117   0.6019736
  -0.70264375]]",,"[171.06834  173.64961  138.84741  137.05391  147.265    172.21515
 162.70343  181.10966  122.185974 141.17451  129.52887  146.93912
 154.80649  155.19313  147.74956  137.84642   70.79737  174.79346
 133.43973  176.17694  121.27542  139.428    152.73251  193.12628
 141.36919  151.76172  210.92525  154.46967  150.12947  131.21523
  77.4833   134.58838  174.72919   84.03929  170.23283  148.1221
 148.80725  186.32568  139.07706  146.45113  176.99716  171.21747
 159.40196  120.01794  154.15154  150.89917  174.89197  160.20073
 159.41684  160.10864  111.924255 176.49039  141.83595  152.88193
 122.041405 166.01744  184.33456  150.24443  140.50938  166.6264
 177.13417  186.46776  131.98619  157.56421  159.91826  166.19566
 108.34225  132.82616  145.03366  126.94351  177.74203  180.2544
 153.0995   112.92655  133.02835  144.8768   192.97775  156.75433
 129.53828  191.07722  153.73346  164.7085   136.41946  176.79184
 137.21123  115.44074  184.38205  157.47647  164.9295   134.57338
 129.9108   177.43365  136.52109  163.28354  161.85562  169.96233
 172.3336   192.72733  142.39444  136.07057  156.8419   169.55403
 119.24542  167.51163  137.60428  144.23517  185.52858  180.74124
 157.14313  138.47157  163.43219  157.68077  128.31686  145.64653
 160.6731   141.36131  215.9198    49.57004  156.32767  151.95532
 192.2157   172.05869  144.17448  178.54773  143.82791  132.60074
 143.68573  171.46007   70.671875 152.40648  160.40837  137.72029
 172.33315  163.92441  160.64703  123.45679  135.13399  161.29204
 142.52896  148.74118  140.26503  124.248146 163.86255  130.24149
 133.66779  164.53354  146.15756  185.25374  154.1323   143.9296
 169.85161  164.24153  181.10274  153.82935  158.58344  142.30193
 158.22446  162.00346  173.27992  156.61781  143.4293   198.44925
 193.57848  141.38362  127.64898  131.47038  146.4238    95.54545
 181.8732   165.86778  168.28249  167.87276  187.24994  148.31752
 136.29132  136.76431  184.00288  160.8135   157.87997  184.98872
 140.54301  153.53293  144.54875  153.83392  139.57404   84.48711
 173.21432  177.63234  158.05293  155.80888  145.22534  147.96759
 150.33945  129.03395  198.56686  199.02858  131.1123   117.75275
 182.76843  160.71217  149.74757  190.0997   172.22896  167.66919
 119.50344  155.79756  155.98409  164.05396  205.32497  163.58223
 111.50434  168.03618  115.61742  156.15736  147.9002   162.62895
 114.35379  136.19838  157.06236  160.14613  158.88016  131.25676
  78.322945 115.04725  163.92503  185.03445  157.29903  193.44817
 169.62282  154.15369  170.86774  190.13422  126.0753   152.22821
 127.78293  166.87143  142.80257  150.9117   165.14932  188.4686
 163.09465  167.21848  191.83337  135.72525  156.29443  124.82252
 151.11815  156.14998  166.74774  167.57837  147.31128  180.18787
 157.51324  153.397    161.17543   62.74197  120.52963  120.08808
 131.079    179.73149  141.27882  151.74045  131.19612  156.28185
 205.38934  164.23357  149.38762  166.56796  140.05171  180.84593
 190.59569  186.35677  163.9888   118.381256 158.97823  135.14395
 158.07452  148.695    160.914    134.9035   135.76997  170.94147
 145.58234  134.21422  179.33932  165.475    147.90834  173.34296
 166.71458  181.46577  154.13545  156.36563  141.95076  157.75856
 152.23253  177.38356  113.938194 157.6968   158.73604  137.87473
 142.90877  203.24983  167.1608   169.71947  143.1859   166.14253
 171.2989   149.86305  191.13614  110.74146  162.69035  156.09912
 148.36354  149.41772  136.07481  159.29416  157.95743  176.1169
 165.08382  124.221504 152.34233  158.30942  162.32362  160.32924
 154.30833  168.80191  143.34123  151.42146  135.32787  160.9259
 139.09038  153.59805  193.7195   155.3632   154.59483  134.03085
 118.275345 165.32674  170.68074  142.4768   175.89746   57.689507
 174.87448  162.36496  118.5555   196.69878  154.17621  148.09871
 135.37746  166.76402  128.07991  149.05959  139.08133  135.75311
 162.34421  146.6381   170.24332  150.49861  172.25995  160.10292
 155.40959  143.18074  164.11658  163.72362  189.24739  162.36899
 159.52751  166.06432  128.00917  123.87963  191.67567  164.32916
 181.0548   168.58281  144.64946  150.93727  144.75102  148.00613
 161.98035  221.3916   154.45226  143.08441  171.38647  153.637
 149.46681   54.7561   132.95398  144.14922  176.045    152.92146
 161.96815  140.33049  143.88934  132.8382   124.74746  163.28018
 168.53145  156.8457   163.08302  155.71803  183.60736  171.11354
 196.8008   173.81119  171.32224  197.96332  157.83145  175.9558
 146.99158  140.73845  112.582214 150.4087   184.06096  122.56378
 149.27742  160.58662  188.03442  125.99742  157.37616  146.07785
 158.63506  152.27634  168.72224  153.83691  129.44987  178.26122
 144.9732   176.43773   87.9714   201.5483   171.57784  154.94806
 166.83357  128.02599  149.93242  182.3059   138.08798  121.35602
 158.36803  132.96329  141.27277  190.03935  141.91483  135.64157
 132.493    197.78473  143.19249  149.33585  150.82338  150.3823
 165.52983  185.57973  179.5653   157.45709  181.04146  169.27328
 149.94429  159.6546   165.20512  131.00732  153.84352  137.82185
 160.05704  150.75644  117.600365 164.58513  156.716    190.95006
 133.9894   199.28905  180.2128    95.75705  163.22144  168.3123
 168.62144  137.31912  168.1411   145.84834  166.6603   194.59207
 163.91711  194.02055  170.90831  147.54443  137.83012  153.43594
 188.95934  156.31548  135.32083  143.90366  172.76364  160.1252
 175.24762  150.81746  126.85506  141.41348  165.46231  143.97237
 149.2777   158.97563  133.80603  165.57492  143.28404  170.73605
 154.38548   78.2377   167.19579  147.01674  124.61303  180.53064
 149.92027  171.62672  124.03525  122.42938  171.84     167.24611
 201.28143  139.28186  171.25873  159.53201  178.85516  154.18585
 154.96368  147.57521  147.49583  153.25731  165.20328  165.41179
 176.71333  161.4585   175.30716  164.1491   124.120026 173.74669
 137.7176   167.42657  165.78407  160.02382  145.70465  147.04079
 200.8741   154.72333  157.25723  155.1669   186.92287  167.99434
 133.69218  141.94801  164.15042  145.4783   115.98953  147.71864
 142.05861  153.18779  157.6762   145.60805  157.2119   123.23244
 166.68259  158.64886  148.45209  152.7506   167.21104  163.6758
 156.29955  155.18872  161.3622   152.12383  147.55783  154.05128
 133.7235   145.29567  158.93816  145.6694   169.06065  145.52802
 134.54272   93.66301  172.53207  152.6674   145.84018  167.32802
 188.57216  170.16151  152.52156  161.03679  170.79297  124.90189
 133.02766  157.89601  139.75072  164.05319  149.44585  164.47217
 155.29863  145.8367   172.23288  153.32463  176.98715  136.71703
 155.15224  156.06465  151.39728  146.66081  243.81538  163.50633
 179.20381  144.87881  156.13026  142.17708  148.64568  164.63188
 139.43643  181.91249  173.88766  177.16193  160.3815   135.54636
 193.98717  146.53952  134.62616  166.77745  165.79314  160.82423
  97.30298   94.1181   147.79288  174.55614  144.07483  147.98593
 202.29265  169.90742  128.60382  180.6941   149.0229   194.04974
 187.53088  134.89581  165.93224  144.59947  154.79907  152.73512
 142.12173  146.04341  154.68927  158.58961  208.17676  117.0437
 145.89067  133.42001   57.26242  144.75589  180.10179  179.66351
 164.37436  133.21419  197.47255  181.36964  119.5546   173.79488
 162.89426  136.98952  158.94836  152.84682  180.74052  147.58444
 161.89774  163.93564  162.91042  150.7955   177.79646  131.2729
 156.83614  130.9977   146.99515  134.84167  162.71626  164.39603
 187.0508   142.77509  135.92137  120.95801  184.35846  147.31244
 164.64522  108.44813  143.19211  145.59366  117.75132  164.88127
 158.33751  142.35541  158.48264  168.99341  150.08643  164.104
 185.22914  150.41968  134.91225  157.35016  131.782    129.954
 175.45534  128.55888  129.36734  163.04526  126.21623  127.240204
 135.55693  133.17339  128.6025   108.14914  182.82727  168.53873
 146.59264  111.259605 112.28049  168.37938  163.20015  158.25627
 176.78151  176.44095  142.16566  155.34244  123.35875  168.65985
 147.3128   135.62029  166.99216  182.34627  173.72955  159.62532
 156.20308  136.86993  137.60413  168.68109  194.02695  176.88174
 163.66676  166.4738   154.50287  178.9691   149.6603   140.93642
 148.51791  154.65167  134.91579  131.4235   165.91394  160.0898
 153.24019  158.60963  175.75528  176.89317  161.16458  136.43422
 144.66302  177.25124  185.43175  155.1035    53.68293  173.15051
 136.20467  159.89778  148.05667  185.9754   166.31924  150.00948 ]",[5.292117  6.860687  6.5706    ... 6.181094  5.68537   7.9895215],5.707975,0.14065491183879092,0.3326084232406984
5,3573,Transformation_Matrix_W,"[[ 0.937564   -0.02014422  0.25959066 ...  0.7974553  -0.47440168
   2.5129516 ]
 [ 1.4964038  -0.7993254   0.33746877 ...  0.26646078 -0.30439118
   0.33643538]
 [ 0.68403786  0.08196795 -0.13559467 ...  0.9890193  -0.96180296
   1.3629624 ]
 ...
 [ 0.29127342 -0.5521395   0.69551164 ...  1.2156829  -0.8395578
   1.7523587 ]
 [-1.3268192   0.49574605 -0.755035   ... -1.3693783  -0.596594
  -0.06703314]
 [ 1.7568777  -0.73871773 -0.19949189 ... -1.8046885  -0.05783744
   0.06156739]]",,"[162.5724   169.14674  131.38547  128.64296  138.8557   163.16643
 161.80438  174.72414  118.63468  140.90346  127.88528  136.70982
 151.6059   146.68387  140.29517  124.11268   65.91079  173.2689
 125.42974  173.3699   117.51449  138.37875  146.4339   176.88406
 136.36931  146.64453  200.85506  147.87764  145.13618  126.82062
  73.68211  128.8402   168.7773    79.46682  166.47632  140.54459
 140.90698  178.5298   131.39644  142.58011  164.19664  167.74724
 149.84732  114.58694  148.51335  145.49966  163.87267  155.7973
 151.24857  150.85938  109.09562  165.67369  137.63081  142.60051
 114.44351  158.6013   172.6573   142.3637   138.98079  164.4076
 168.72325  177.597    127.13008  146.58087  154.84535  160.31476
 101.70626  127.560875 141.98085  123.103035 166.94931  172.13756
 152.73886  104.7311   132.87463  139.2787   187.22243  147.39917
 129.02855  183.17796  148.86653  145.09373  139.20642  167.98615
 133.66022  111.35094  175.93225  152.33253  157.26921  130.1531
 125.36898  175.25076  131.43309  155.63875  152.66325  158.97276
 162.77817  184.09975  140.0115   131.6558   151.14769  159.61795
 116.20806  156.7102   131.5852   138.84685  184.89613  171.5812
 153.7464   130.54904  155.61751  149.8934   126.05625  139.7133
 152.67128  142.34074  205.81741   45.123806 152.16951  148.12283
 177.84813  164.93112  138.06981  166.81754  135.78433  126.80692
 137.35042  163.82973   66.283195 146.9022   153.48074  130.98817
 164.65663  160.99225  154.40508  113.83944  130.2271   157.75075
 134.84843  142.67073  135.72014  124.052505 158.78557  127.26197
 128.90631  154.49623  144.13426  182.22842  147.16823  141.1998
 159.10454  158.3198   175.2397   144.21756  147.55348  140.65038
 149.36404  152.6525   167.38069  141.6238   139.99239  190.2867
 186.67482  137.57059  122.145164 130.82428  138.69403   86.474434
 182.88957  155.9192   158.34647  163.85197  179.38756  133.40106
 134.02945  132.1753   179.57338  150.83672  148.20633  172.43515
 133.31126  149.88916  139.63863  144.48183  135.77075   81.0602
 163.52701  170.23904  149.92181  149.0541   144.14671  141.81693
 143.02617  124.868546 186.83325  187.64732  125.327545 110.4993
 172.65823  154.04066  145.98567  181.13823  163.88412  159.9797
 114.75435  149.44524  147.66226  158.40189  192.04568  155.90695
 108.37085  158.59796  105.093315 153.43295  143.0578   155.04384
 109.42553  133.2927   146.15399  156.98662  149.75562  124.685074
  73.484955 113.55382  154.06755  177.83188  151.30003  189.16031
 163.08592  147.29564  165.66003  184.53354  116.99538  153.20027
 123.0852   160.29095  137.8907   148.115    158.62079  180.95497
 160.1499   159.82747  184.46451  132.5023   150.98592  116.27085
 146.71088  149.05742  156.73718  157.72745  138.49687  167.70448
 153.60399  148.72836  157.47795   57.46655  116.16987  113.61827
 126.86691  177.33807  133.26904  149.47511  111.7764   148.62798
 196.1156   159.89989  147.07976  156.12857  133.50932  176.74918
 180.81622  180.99942  154.49504  111.9075   154.15622  132.65956
 150.30766  144.39767  150.6753   131.22453  128.6759   165.41437
 137.5302   125.28049  168.68895  160.60907  139.50682  164.91837
 157.65947  173.51143  151.87236  152.80396  133.20189  151.23447
 145.78967  168.54202  107.91584  153.97319  151.54301  133.30774
 136.72328  192.11499  155.70558  169.44177  139.43361  163.23167
 163.83525  140.82124  183.35896  100.9464   159.43759  148.86707
 143.33278  145.1555   134.12843  159.62022  154.87796  169.67398
 154.00948  117.40707  139.95444  149.67767  155.98318  156.05673
 150.8992   158.04575  141.28676  146.12114  126.541534 158.3787
 134.46875  152.23682  186.89287  150.24184  155.749    124.424805
 109.80878  162.22108  162.75648  137.13147  172.3724    54.154408
 165.87901  151.28638  106.76116  187.09708  150.81844  143.65736
 134.63951  160.7006   114.02835  143.1807   135.66309  126.49202
 150.08565  141.2331   156.44319  144.59985  164.68327  152.48459
 154.63472  136.38405  157.1006   159.89215  180.50575  157.87035
 153.76685  159.24178  125.862915 120.28067  180.17024  156.39586
 174.3161   160.5468   141.69492  146.43288  136.28868  140.21878
 150.70442  212.43408  147.33176  138.79169  167.50255  145.88048
 141.52576   49.20809  128.40639  140.6941   167.53923  148.25629
 152.24101  133.66429  138.60873  128.94153  121.04267  158.01428
 156.10146  148.84596  156.78609  152.78827  172.96698  162.68503
 193.74178  170.90883  163.06412  190.11182  154.03171  169.88054
 143.72087  137.2934   102.61943  146.61154  177.04094  115.22508
 146.84367  149.1379   186.42542  119.704506 153.60156  142.33672
 142.88109  146.85641  162.3957   152.41211  117.21899  166.14278
 138.5667   174.04222   83.33994  189.5508   172.74763  153.0193
 157.24594  120.42442  142.02086  179.69316  137.00449  115.471985
 153.14737  128.79927  135.13315  181.56442  137.22699  127.59432
 129.6703   191.17746  137.30728  140.68169  143.56004  140.13663
 157.33598  176.90753  172.83162  148.28558  170.67482  163.1428
 143.12077  155.16089  160.40765  129.69519  148.17792  132.2696
 156.11026  144.64175  117.54734  159.41017  153.07866  181.58145
 128.54497  191.68597  168.51561   90.45587  154.55019  158.98686
 158.28693  132.43756  159.46257  140.24986  155.374    186.56891
 156.778    183.56998  164.6241   142.47536  117.815895 148.00923
 181.16423  148.74722  129.50786  135.83109  159.58284  150.53825
 166.84375  148.77745  116.169365 141.7302   163.57512  141.36656
 141.35117  151.42004  131.48032  156.5746   137.20445  161.4952
 148.85497   74.35705  158.10306  133.53015  117.02526  172.58102
 145.58293  162.72368  118.7614   117.304924 169.09332  156.9831
 185.27426  138.01134  165.40813  155.04868  168.05917  151.02913
 146.89629  139.26616  141.25928  152.14319  157.66565  157.96886
 171.78665  156.36502  170.94067  156.87845  115.69278  168.72554
 133.54355  161.85338  159.24025  156.25058  142.74376  140.01833
 188.25015  147.99379  155.29388  145.03252  181.05315  155.10185
 129.7652   137.71907  155.0607   139.90565  114.174446 143.69312
 136.25993  152.55536  151.1928   138.9646   154.17848  118.47348
 164.80806  152.28656  139.71901  147.58435  159.93039  161.24565
 147.77417  145.05241  154.62724  147.3429   140.20622  151.3227
 122.28192  138.88777  148.37169  143.0728   165.20139  138.72427
 130.73347   79.35423  160.74475  143.3467   140.5278   158.67522
 181.9045   166.14737  140.66983  150.98746  165.47733  122.54578
 127.25067  149.15694  139.99904  160.83499  144.8106   159.77425
 146.45851  135.93637  166.51828  153.8886   171.81923  131.18942
 152.97498  151.16693  140.01334  140.60951  238.07152  157.28915
 174.13342  146.12259  147.75056  137.97227  145.13907  155.17622
 131.74849  173.43149  167.21648  170.79959  151.62358  129.70601
 183.12363  144.04599  131.44917  164.47296  159.55075  157.07654
  88.1398    85.367805 141.35909  168.66217  141.016    141.0842
 195.11029  164.24367  121.074814 166.71544  144.48517  179.64409
 181.41046  130.48647  165.05449  137.59128  148.28195  143.95369
 131.37857  142.57115  148.78143  151.18997  201.83745  110.38432
 139.58217  129.30936   54.894638 141.90683  175.32817  167.7471
 156.2742   130.9301   183.67531  172.484    113.95288  166.32674
 151.76651  132.61783  151.35274  149.25703  175.74902  147.23859
 152.50214  158.67719  155.0274   146.392    172.78102  129.4363
 149.33835  120.980316 138.07541  131.25726  152.70245  157.94678
 179.28688  142.82312  125.496796 120.00177  169.02069  141.92084
 155.06047  105.18079  133.65433  142.18597  114.88756  160.09879
 150.12378  136.58412  147.65936  163.12299  145.6191   157.64598
 176.08238  148.33414  131.14665  152.3225   129.2347   123.35204
 163.97849  123.1557   120.71332  158.98459  124.0768   123.27225
 133.90556  128.91269  125.56443  105.35405  174.52924  165.33241
 141.15012  108.729294 106.206665 157.62076  161.19826  152.79337
 171.71156  171.35263  139.47717  148.30121  119.646965 162.0208
 142.45981  133.6336   157.27713  176.20816  163.53871  152.43262
 152.95628  132.20537  133.76616  164.30199  184.93762  170.87631
 155.64108  157.61919  150.23018  174.26614  143.67136  134.25626
 143.61644  145.26125  129.45036  125.700356 158.02388  155.71382
 148.19864  153.40959  165.29642  168.00839  158.86977  128.95312
 137.52788  177.06253  179.17017  150.88608   49.898563 165.50705
 126.77521  152.2712   141.939    174.2733   159.24467  142.6795  ]",[5.538946  6.330433  6.088782  ... 5.796812  5.2352023 7.1122937],5.5870385,0.18901763224181362,0.3730150576189783
6,3573,Transformation_Matrix_W,"[[ 0.01152152 -0.23345162 -0.15115468 ... -0.30656838  0.10244265
   0.00213715]
 [-0.6242897  -0.17086193 -0.4709034  ...  0.10108525  0.35630715
   0.42955825]
 [ 0.15396163 -0.24439998  0.5284523  ...  0.69899875 -0.58716565
   0.39031902]
 ...
 [ 0.46944088 -0.09772481 -0.6904548  ...  0.4660104  -0.07669969
   0.39880478]
 [-0.02438529  0.6459099  -0.226996   ... -0.7021746   0.5679709
   0.32602495]
 [ 0.13501215  0.16137324  0.13165247 ... -0.24709961  0.5314782
   0.750071  ]]",,"[157.84859  162.32909  129.51465  124.6517   137.59691  151.00713
 159.53616  168.74663  114.56793  135.20566  122.65557  128.34499
 148.5743   146.16737  132.80563  118.885994  61.152805 163.34366
 123.99629  167.46954  115.83691  134.79507  146.24416  173.38786
 133.59268  146.33453  203.61572  143.57625  139.98929  125.25031
  68.54376  124.96736  166.0011    76.27359  161.4162   141.04643
 140.31525  176.02727  129.73956  135.17252  159.51926  162.23189
 147.25697  107.84171  144.71007  143.02313  160.22844  149.07799
 148.48651  146.31624  106.11451  161.94049  135.4512   136.79405
 114.53995  152.52795  170.32033  136.1616   136.12549  160.5169
 167.01657  173.76582  121.35873  143.38768  153.12666  154.17354
 103.47054  121.737915 133.2366   118.133125 159.57664  168.52498
 151.27483  101.82568  125.96148  136.03792  186.48012  147.82825
 127.92373  174.52257  142.1557   134.0167   133.7004   157.97552
 129.8435   108.58293  168.19128  147.36124  151.52423  128.0054
 121.77343  170.20277  129.43242  149.48096  148.53847  152.94492
 159.87206  181.21921  134.51555  126.67336  149.53043  157.1935
 112.93766  154.8347   130.57745  138.35617  175.26425  164.47212
 150.072    127.94711  149.90637  146.32217  119.79528  138.84566
 143.33284  138.76341  194.23463   42.265694 147.68741  143.9147
 179.79832  161.75233  140.77325  165.43494  134.64194  125.15572
 135.58127  161.77083   64.03312  149.42958  152.93945  125.996765
 159.01123  154.79288  153.59044  112.17061  129.06154  151.44554
 129.71106  141.6653   133.1062   117.908516 151.02496  120.89352
 124.720276 148.68799  138.59627  178.7198   139.01595  135.80533
 156.43161  154.76463  176.38272  141.47232  144.237    134.50916
 142.34412  150.55064  160.97052  134.46063  139.60173  185.24359
 180.79129  134.99199  117.57467  126.74009  133.06122   81.43698
 172.56232  152.77971  154.10922  157.98727  172.53023  132.22307
 129.1124   120.5997   172.01384  149.56909  143.17589  165.41469
 134.01224  146.96838  135.1028   143.37958  134.84215   77.47846
 160.6338   170.68994  137.61281  140.25145  139.66646  134.94656
 139.12627  121.83198  186.76915  182.39842  125.775375 110.431114
 170.87424  147.3136   142.09406  176.12317  155.66312  158.8924
 111.38342  144.75768  142.14085  151.60762  189.29706  154.0621
 100.72464  154.49762  105.47933  150.29285  128.13487  149.01007
 106.408165 127.00238  143.85338  152.49638  141.30545  123.42623
  72.60573  110.95295  147.08388  171.4103   151.13818  180.35155
 159.87004  141.19516  164.81522  177.91226  113.00381  146.20207
 125.08669  159.25449  128.48366  145.91846  153.83064  174.76158
 149.41135  151.62512  182.01376  127.18809  147.59422  115.2126
 141.45201  145.42334  150.97937  153.20232  136.26476  166.05432
 151.09256  147.68811  152.51445   52.567352 113.02903  112.63453
 127.212944 177.56288  128.11166  146.89496  100.92328  144.492
 189.53888  159.45396  146.07358  152.90405  134.35988  170.76123
 176.4757   175.61324  156.21454  104.08738  147.84746  124.410034
 147.49706  139.32     145.56532  128.14957  127.530914 160.70053
 130.4647   122.78001  162.00755  158.42229  142.90541  159.99857
 153.35814  167.5284   147.39066  144.57443  132.8854   148.23917
 145.8198   169.23013  106.059784 149.76866  146.41019  134.9349
 136.7765   187.48875  153.23239  169.80174  134.81223  161.84424
 160.57126  139.33076  174.01532   99.36456  156.3881   145.73491
 143.54137  139.92174  133.2319   155.31607  148.84616  161.19394
 150.86221  116.20887  136.9834   148.2188   153.47397  147.97742
 154.78122  151.06381  136.76982  143.53215  122.5838   148.95837
 134.13133  143.77861  177.5926   143.15915  155.64038  114.70607
 102.74185  154.8747   158.74382  131.92058  167.0841    51.361427
 161.12077  146.8619    97.41233  185.03789  145.22496  140.21106
 130.13249  163.11504  103.708496 138.81659  133.78278  131.87299
 152.68765  140.40298  151.43695  141.7902   164.38013  145.52924
 150.60483  134.77989  151.23506  155.20683  177.8688   152.1235
 146.88574  150.81862  121.22993  117.01086  175.89784  146.783
 162.21721  155.65227  140.28781  140.39499  123.73501  140.85294
 145.45033  205.40515  144.13527  139.77614  161.42831  142.20073
 135.92969   46.94499  125.56418  134.18553  164.79599  143.60153
 147.47336  130.4765   134.34288  125.41593  120.94486  155.88515
 154.76878  143.75879  155.02191  147.23715  161.01329  163.44363
 185.97112  165.70241  156.04347  192.7142   150.67114  169.14053
 139.51717  137.98079   95.49567  149.03064  173.35289  113.93244
 139.94705  147.26793  175.53156  112.36744  148.30284  136.57455
 143.76802  139.71967  154.5598   144.03879  116.15592  166.51678
 136.15276  166.9113    80.03097  186.38591  166.16841  149.78827
 151.97673  111.71416  137.06718  172.65996  135.72054  116.100266
 150.84755  125.537155 134.08865  174.66595  134.19855  126.040695
 126.306816 184.2772   138.73688  135.40189  137.069    140.21819
 156.34843  176.93715  171.93942  142.62071  160.20949  156.06564
 137.07767  147.36778  155.19266  121.13852  140.9579   128.60498
 151.29254  143.24788  116.17938  152.11868  150.05116  180.97183
 122.5845   186.61377  165.7998    86.90647  144.48863  159.2479
 159.03615  133.03873  160.59772  137.07727  151.77388  187.36871
 151.93768  182.92104  153.83551  140.12274  103.605316 139.86641
 178.17612  145.12366  125.44566  132.11131  155.82397  143.67299
 164.9125   145.4667   110.34288  137.4499   164.2705   137.64423
 140.88235  151.73692  126.77638  154.56158  132.36748  159.99052
 147.34355   72.14806  155.11046  131.45628  113.26083  168.48935
 142.68121  157.1453   113.81973  115.67031  162.3195   153.36034
 175.1464   131.00514  164.15204  152.77975  160.56377  145.13217
 142.1162   139.15419  138.15804  147.72983  151.73326  153.01329
 168.59073  149.92683  168.58098  159.8861   110.691765 165.44229
 129.67142  153.67426  149.60086  152.07402  141.50925  136.42625
 183.8868   145.55444  151.82167  142.64655  173.1949   152.16852
 122.930595 134.44595  157.28577  131.90887  107.56773  143.96892
 136.28314  145.9243   150.16664  137.39915  150.30527  115.62544
 159.97557  138.40483  138.82706  141.37306  158.77301  157.14325
 148.54378  139.53387  146.29839  142.33751  139.85931  144.16287
 118.77972  136.11142  151.55923  140.01633  159.15324  140.37857
 124.826836  73.52209  155.98932  135.94923  136.33012  155.21486
 174.8434   167.58273  137.45125  145.15648  156.94652  120.01592
 121.269585 143.60863  135.65198  152.26752  141.84889  158.24893
 139.5957   132.35088  163.61307  148.71094  172.3258   127.93414
 143.19717  146.99086  138.3959   137.5883   236.1354   158.39043
 165.61176  143.62958  145.8367   138.52733  143.00697  152.3885
 134.29839  169.12213  160.47084  161.0397   147.19409  127.34287
 182.81253  137.54407  128.97435  154.7751   152.81105  152.93303
  82.97673   79.23586  135.58762  164.76105  138.19838  137.36841
 188.24341  157.26842  116.06062  162.83162  142.22948  171.98772
 176.79877  125.74164  158.35498  135.63243  147.91083  138.38971
 130.18733  143.0555   144.34126  148.81561  195.20795  108.99032
 134.64081  125.60516   53.608295 138.12576  171.47456  173.11682
 151.88039  128.3183   180.29552  164.96242  113.10179  158.38474
 150.76921  128.22575  142.91031  146.51857  170.3203   144.58865
 155.43642  156.88976  146.91208  146.46892  168.6      124.381325
 142.56937  118.61339  129.8615   129.0954   147.91888  145.81317
 170.61533  139.64108  123.41759  118.01345  161.89192  140.28658
 154.51361  102.87148  130.482    139.4796   110.96054  153.49548
 144.13947  135.86786  144.29414  152.3429   142.7882   155.60828
 172.68698  142.22173  129.87242  146.23065  129.57477  123.5357
 164.58257  116.081345 121.15504  160.76196  120.46252  115.803795
 129.54062  124.279655 122.66808  101.15074  167.33656  162.27742
 135.21783  103.47117   98.24628  150.31223  153.38095  152.09856
 167.43321  165.04512  132.53654  142.44684  119.46588  154.98763
 142.47813  129.55324  151.46548  170.83195  161.04727  150.45047
 149.59962  128.63895  134.70317  156.40947  182.40001  160.72974
 149.4589   152.14413  147.32799  166.92728  144.20955  134.68864
 140.7699   140.24515  127.52337  122.36471  156.8213   158.20299
 145.20978  146.32426  155.69608  165.22548  156.55856  129.58435
 133.44643  171.67078  170.98273  149.47662   45.96847  167.3613
 127.35445  146.10304  140.19374  172.75575  149.48631  135.44754 ]",[5.156412  6.5048923 6.3533425 ... 5.652254  4.787435  7.126306 ],5.509223,0.2241309823677582,0.40134096778090744
7,3573,Transformation_Matrix_W,"[[-2.07987517e-01 -8.35603118e-01 -3.98840487e-01 ... -7.83015490e-02
  -1.89813092e-01  1.06939435e-01]
 [ 1.77934140e-01 -1.48421430e-04 -8.52648020e-02 ... -3.67995888e-01
   1.16434293e-02  9.26526356e-03]
 [ 3.40322465e-01 -2.72439748e-01  4.95807916e-01 ... -3.08667600e-01
  -5.99094748e-01 -1.89208657e-01]
 ...
 [ 2.68644184e-01  6.24989942e-02  1.31295919e-01 ...  2.59442091e-01
  -7.92805031e-02 -7.60422200e-02]
 [ 2.34273463e-01 -2.73165889e-02  9.06122029e-01 ... -5.96804738e-01
   4.55781341e-01  1.80042341e-01]
 [ 2.02556834e-01  2.02484474e-01  7.97745213e-02 ... -5.76927125e-01
   4.19363864e-02  5.98876774e-01]]",,"[149.16519  155.98691  128.1953   126.45566  135.6433   149.14886
 147.68022  160.90224  107.02369  131.5479   114.31606  126.46759
 139.50496  141.30283  134.05144  110.13338   59.67198  159.6338
 122.15496  158.75294  112.41116  129.89514  143.05142  160.58827
 127.93807  144.207    186.43585  137.53372  136.92943  123.24908
  63.80449  118.93813  159.1129    74.15504  157.18796  137.87862
 132.53477  172.45226  125.91127  132.91783  156.46126  160.74812
 139.84814  106.35692  140.77206  143.19505  156.7957   148.02275
 143.0849   145.97493  101.69247  155.60632  130.00497  132.4694
 110.25223  149.83661  165.11899  130.07536  133.2678   151.96208
 165.24495  169.73218  117.077866 138.49011  150.10663  151.71477
  99.38212  120.472404 131.7441   114.94402  153.09695  167.74174
 146.54248  101.374954 123.940994 133.59828  184.22336  144.30226
 121.22427  167.03767  136.08067  131.32439  130.93863  153.91919
 128.35971  107.341835 158.04453  141.07777  147.37431  120.69113
 120.20953  169.05893  125.64982  142.13116  145.06322  147.76318
 147.24734  173.13744  130.15125  125.73972  144.4225   149.48305
 109.40974  147.27748  123.75659  134.23935  170.55756  160.40967
 143.14473  125.31356  143.4862   143.03903  112.610504 134.40291
 137.69556  134.50685  188.75333   40.517315 147.34389  137.29707
 174.5856   158.90036  140.0288   161.52115  130.04326  123.87853
 131.16508  155.96416   62.793476 145.20416  149.34999  120.82792
 150.79385  154.82625  146.41344  104.53261  131.30188  145.66623
 128.37315  134.67982  129.91794  116.633934 142.41148  119.63554
 123.092064 143.23216  134.16101  170.41731  131.8395   134.858
 145.64853  149.09349  170.00996  137.89374  143.06075  127.18432
 139.6234   145.35336  155.64244  128.48514  138.81306  178.6406
 177.26888  128.25714  117.86888  125.42751  130.3633    77.15779
 167.59091  147.5164   152.29274  155.5922   163.55989  122.98478
 125.65499  115.05744  165.74484  145.53485  139.99605  162.79875
 131.08853  146.13681  129.80911  139.10262  129.30145   74.96086
 154.2626   166.35132  134.44884  145.13228  136.12845  130.65274
 134.64804  116.50992  180.79535  178.02965  126.71364  105.78417
 161.86546  147.47179  140.1916   171.07347  156.03983  149.42258
 110.57889  140.93466  136.86674  148.38647  189.1306   147.6817
  97.930885 149.73799  101.94852  142.2429   134.47093  144.32857
 103.70696  122.643364 138.01462  147.82117  138.75542  120.77743
  70.17549  107.10869  146.41069  162.39748  148.81157  176.03601
 158.92755  140.3937   159.87654  169.90932  106.936775 144.58417
 124.105545 156.46078  128.15395  138.86783  148.28542  176.22437
 142.12279  148.96313  177.35052  122.38442  142.26233  110.53099
 140.42471  140.71165  151.39188  150.44359  134.76071  156.36559
 148.80818  143.08727  149.76785   48.808834 108.68966  104.67486
 125.01396  172.11407  129.72565  143.54427   89.11203  139.24263
 187.44427  149.33865  142.6929   147.87958  128.87979  163.27362
 170.80106  170.01837  150.923    100.73495  144.70615  120.22652
 148.41579  140.90929  143.65135  124.390076 123.70555  161.00844
 126.95729  118.16293  163.06648  152.70406  139.14552  151.1066
 146.96864  159.3106   141.80649  145.77812  128.9745   148.65211
 140.85577  158.36613  107.63243  146.33421  140.34416  129.01683
 129.91634  179.71315  150.14388  163.16904  128.40935  157.19682
 152.26279  132.06396  164.03784   95.12315  152.26819  141.45137
 140.81029  136.93633  129.32764  149.0751   143.8024   160.9263
 147.85213  114.6098   132.42833  147.46877  153.22522  143.65613
 146.55002  148.68558  134.24585  141.47823  121.68528  148.298
 128.76723  139.04333  169.46503  140.72412  152.98558  115.00934
  97.85957  154.10521  156.65753  128.33665  163.70552   48.361244
 162.47325  138.92386   92.895485 175.05304  144.85822  138.64568
 127.77586  157.48297   97.38442  136.58363  132.49112  127.92418
 150.01521  134.74968  147.89488  133.46957  162.86563  136.16801
 148.3307   133.11421  149.61041  153.89677  172.40936  147.33759
 146.32118  144.99551  117.595375 114.492325 165.81113  139.48396
 162.26167  151.24142  137.06165  141.6337   122.91777  135.51828
 135.64363  202.45251  143.98192  135.75     160.76695  133.14911
 134.58861   44.44883  120.50285  127.27274  157.89767  143.78369
 143.0431   130.74011  127.08362  122.90277  118.743805 150.99553
 147.81956  143.88724  148.90001  144.07864  159.39146  157.38911
 175.46622  158.37167  148.71214  185.40932  149.45305  167.29605
 137.48584  135.177     90.76428  144.73738  162.26375  113.07062
 135.96542  141.88007  177.57812  108.37743  139.52512  131.7938
 138.17966  135.82162  150.1348   141.35526  110.24374  159.82028
 130.02522  161.91219   77.451256 183.91779  164.49713  147.66653
 149.06349  106.35611  133.3434   161.4294   129.54141  109.25288
 147.96385  123.03745  129.60788  165.13689  128.23592  122.67066
 125.87719  172.80635  132.37714  135.22289  136.12352  137.90968
 151.77534  172.7446   165.94858  141.74715  154.13206  155.62015
 133.61417  146.3011   151.18292  116.33426  137.70294  127.52991
 149.53697  137.7475   112.22127  146.72168  141.76578  170.61896
 122.24074  181.58287  151.56303   86.21596  143.87102  155.746
 154.70496  127.9663   161.16638  133.0574   149.66968  178.80873
 145.25699  169.37311  152.26468  133.06848   90.886215 129.29575
 169.5388   142.3813   125.64625  124.82099  150.53589  143.09793
 160.51605  137.2657   106.57664  134.2394   154.85649  131.83409
 134.59116  144.46078  124.15284  155.2384   131.7857   153.43976
 141.19722   69.809364 147.3329   126.58407  106.91013  163.86964
 140.41794  153.62326  111.55039  112.00796  164.07344  152.32597
 173.50064  128.44319  158.37158  149.7543   154.30049  139.75902
 132.40488  131.03717  135.37892  141.38258  148.41492  145.92691
 161.25664  144.73195  161.44876  149.16321  112.06575  161.55898
 126.22339  150.87714  143.97218  149.13045  141.23174  135.927
 178.26216  142.02774  144.76392  133.36394  162.60318  141.02737
 121.36164  129.99344  150.75371  130.55734  106.87663  137.11044
 128.28651  141.48065  150.2052   138.9974   147.85352  112.50072
 154.20732  137.19753  133.29735  140.05183  153.09167  154.28462
 142.24242  136.42361  144.59148  137.04036  131.5359   141.9781
 110.51568  129.87427  148.55028  133.95676  156.98323  136.97517
 123.60183   66.16574  153.04402  132.10088  131.31654  152.86108
 169.67654  159.67496  131.6044   139.58664  158.79022  115.15063
 118.92114  136.47874  129.57631  151.17656  136.54741  149.32088
 134.94038  131.02135  159.21263  143.79893  159.53804  130.09793
 143.26051  141.56786  136.9598   132.2156   229.85541  153.62471
 164.32298  137.78445  139.50955  131.51884  138.63463  147.83723
 128.48628  161.72685  154.29382  157.16428  144.5824   123.53101
 177.99129  135.28026  126.91673  146.55965  150.03835  148.8873
  77.876564  76.25389  132.58543  159.3059   132.29744  138.3554
 180.52449  156.40602  113.07779  153.45975  141.2593   166.41151
 171.18156  122.482994 155.84619  130.49977  142.12303  133.88286
 121.18148  136.61626  138.02731  144.69337  193.01004  105.59872
 129.5036   126.26643   51.800552 135.69417  165.02756  165.79057
 146.78186  123.42571  180.73706  156.21815  104.501305 153.47801
 149.038    124.06992  141.15074  142.24995  157.16913  141.01448
 147.15562  150.04538  139.84508  138.50508  165.84084  121.95744
 142.03975  112.5391   127.09451  128.33931  142.13206  141.64902
 162.17381  135.82172  120.195335 114.383934 155.85115  136.31163
 151.47661   99.33234  126.53618  134.17137  109.33885  150.74373
 144.80164  134.05646  145.00299  154.84789  133.90216  147.35544
 163.66518  136.51268  124.494095 141.99844  126.418945 121.81972
 156.92014  112.43307  117.74545  149.19919  117.87775  113.310905
 125.77036  119.444046 118.072754  95.98738  157.35683  160.80922
 131.3327   102.43624   88.858185 148.09521  150.6689   143.80128
 156.3921   159.69215  132.64186  142.86276  115.26087  153.73518
 140.62347  122.978516 147.82556  166.99503  155.2365   144.23097
 139.52893  125.84981  130.88818  145.76613  175.96768  157.61964
 147.6758   150.50494  142.63545  156.91624  140.66747  127.52018
 137.73834  136.30815  125.600365 120.98768  153.70247  151.54208
 141.22334  144.9156   146.96384  154.682    153.98448  122.47656
 131.63763  168.44931  169.86064  149.9268    44.73487  164.45021
 122.42188  146.1736   135.56143  163.42142  137.55219  134.28255 ]",[5.0361037 6.7048216 6.669848  ... 5.369627  5.026104  6.7384043],5.4236856,0.253904282115869,0.4261652382623728
8,3573,Transformation_Matrix_W,"[[ 0.19620217 -0.33353543  0.03650378 ... -0.28943208 -0.4725997
   0.12024392]
 [-0.06422157  0.18525603 -0.32856956 ...  0.30857423 -0.24814929
   0.00584957]
 [-0.04363646 -0.07076331  0.130583   ...  0.10381079 -0.5707406
  -0.13006951]
 ...
 [-0.06610672 -0.02886632 -0.37342653 ...  0.35838506 -0.5861386
   0.25080144]
 [-0.08610348 -0.03978536  0.26728463 ... -0.03905105  0.19356602
   0.29890978]
 [ 0.16732213 -0.2923241   0.30736306 ...  0.10286276 -0.3424031
   0.43032882]]",,"[135.03355  141.1784   118.57915  120.30672  122.48053  130.82695
 137.01018  142.23717  100.20405  118.49902  109.39442  113.48793
 123.827934 124.668175 120.87048   95.49299   53.14839  148.48369
 112.23894  145.42717  100.68274  120.6506   134.06934  141.02652
 116.45193  129.34428  167.76497  128.41135  125.19677  110.91387
  60.087982 109.28792  145.32033   68.91253  143.29317  126.12599
 122.73579  157.25243  116.9029   116.65869  140.52147  148.47217
 129.24513   97.376755 129.76564  134.34181  142.19768  132.03372
 130.47606  133.0089    88.92706  140.29282  119.59298  120.39292
 100.46969  135.38036  149.11113  112.96054  123.82856  141.76332
 153.2032   147.1507   111.17067  125.68194  140.3771   142.09834
  91.678474 113.27883  120.88982  105.79082  137.76358  155.13379
 135.13211   91.01188  113.67863  120.1883   164.75768  126.32541
 111.016846 153.2801   128.90053  116.96221  120.04794  136.66591
 112.92387   99.69597  146.4695   128.8437   135.3727   111.724884
 107.97203  155.37512  115.4087   124.26298  129.19649  138.42685
 132.03749  153.88196  119.882095 118.10511  132.75899  135.11295
 103.96705  134.53024  115.755394 124.21363  151.47685  144.00801
 132.83533  115.7977   128.93916  131.8955   104.17779  118.69897
 129.8566   124.24388  174.35384   38.702805 134.35674  126.721306
 156.57867  142.33804  126.93168  145.63695  120.76012  112.61921
 123.34023  141.15257   54.4747   128.15538  142.00143  109.57246
 140.53914  142.904    136.81448   99.814705 116.88065  134.40405
 118.8006   123.33326  120.65789  104.61421  132.18253  113.08795
 113.51196  129.34346  123.85191  157.56532  121.46302  126.731346
 136.65964  136.43887  159.56317  125.84965  127.05563  119.95068
 129.10466  133.47557  138.43561  108.21624  123.38021  161.79646
 157.50412  116.86612  110.948074 111.291504 115.99364   63.894806
 147.86981  129.77455  144.11053  140.33887  149.4129   107.99397
 116.54705  104.902596 145.65718  137.38164  125.86445  145.11317
 120.45046  129.60394  116.98212  131.81787  121.22781   69.61612
 136.30823  147.3718   117.603935 131.95927  123.52587  119.91406
 127.85546  108.35699  167.26305  158.95038  109.93247   97.39124
 142.33122  134.87415  132.83975  145.95308  143.05273  137.9717
  97.97552  129.76031  124.10259  139.51949  164.25148  133.0991
  90.67385  146.05705   91.49694  128.13792  122.82099  130.71172
  93.83034  113.96712  125.39351  130.27563  122.80708  114.23183
  63.914917  98.42771  132.37003  148.48984  138.04768  162.45682
 142.53453  129.68927  149.4454   156.44058   98.7367   133.04901
 113.856735 145.97067  115.45026  127.98505  136.09299  156.85477
 125.22764  135.44975  160.23863  116.90763  128.53838  101.9913
 129.83066  128.57187  137.80338  139.06358  125.0085   143.40558
 139.50388  136.6807   135.25842   42.1426   101.00369   92.160995
 111.02241  160.29999  119.37872  131.60626   73.44171  125.46014
 167.10182  138.15327  127.61893  142.18248  119.77758  152.64232
 155.73595  153.28865  137.74516   88.718925 130.73848  111.218414
 133.2166   132.30818  128.31418  113.52968  113.364105 143.00394
 116.665085 105.13387  144.71129  140.7847   128.69124  136.54501
 134.83391  143.09195  129.15965  128.9689   118.14497  136.59663
 131.5367   143.05487   98.52981  134.44432  126.44768  119.13011
 119.27331  158.3578   133.57303  149.7514   117.815636 140.94617
 139.00673  123.88392  143.10527   83.628044 141.65787  126.285416
 124.1436   129.37794  121.50238  139.69621  135.34686  145.57312
 131.51031  105.58204  125.2108   129.04941  135.76625  131.99655
 137.25877  132.63353  124.610115 128.47672  113.343796 135.66698
 120.28979  136.82092  151.58533  130.67365  136.1001   101.47984
  85.45413  138.47371  138.07814  116.39655  149.36003   45.197826
 142.70667  124.76633   80.816315 153.9298   127.97806  125.76655
 116.50832  146.58917   84.28254  129.52599  125.97927  117.201195
 136.10983  126.56546  130.38809  122.99653  145.21225  119.33058
 138.1885   119.83295  136.36494  135.81387  157.62962  132.19579
 137.55449  131.59941  109.224754 110.88484  149.51358  132.14612
 142.47758  138.96545  126.62264  130.35007  108.81753  123.23461
 121.32577  180.8747   130.41588  124.2701   145.5192   117.19043
 121.94455   39.366505 107.03622  110.03906  145.17087  126.72622
 129.64389  117.4295   118.36448  111.915115 107.27301  139.25531
 134.01576  130.45985  137.59106  136.57951  148.57962  142.40022
 161.44836  148.90675  135.99237  169.94658  135.39308  154.82275
 126.45463  131.05098   78.21378  130.04744  146.14676  100.32546
 126.01024  132.41144  165.22067  101.3252   129.38112  120.22231
 123.03442  125.349304 143.12076  127.68103   96.82513  142.47537
 121.114555 148.95485   69.30209  160.91559  149.44278  134.0582
 134.57745   95.12297  123.111305 151.07675  121.75006  101.007355
 138.08264  112.23118  116.628204 157.91255  112.751884 112.51729
 115.46342  150.98897  124.844444 124.72645  118.66646  128.13074
 134.45528  147.87602  155.25601  133.41383  134.29628  142.18553
 118.93367  136.01541  138.6932   108.10844  126.563995 118.21299
 136.90106  118.86028  105.508514 139.27005  132.40485  154.88083
 113.89348  159.32483  140.2759    79.24557  127.914505 141.04869
 135.69406  119.26633  145.31642  120.7646   129.81093  162.88292
 132.28427  158.07738  142.42947  123.98995   76.83701  110.9769
 152.54051  130.3269   115.510025 110.15772  139.56827  124.42308
 145.34242  129.38419   96.63008  122.58738  140.16948  124.2424
 119.35442  135.2365   115.8852   145.68314  117.35943  143.1504
 131.90358   62.5993   138.16821  118.23531   96.76492  156.43073
 126.50365  134.8459   102.11328  106.38394  149.58713  138.83131
 154.98114  114.00537  146.36725  137.13544  138.46986  129.46837
 116.24575  123.36833  123.11447  128.7371   139.36671  133.28793
 149.28687  130.67787  150.02847  140.94635  102.56985  145.01906
 118.67643  135.66557  134.3595   137.5599   128.69217  124.73585
 160.13673  128.54477  136.14117  125.95765  142.7916   132.38249
 110.61193  123.16037  141.28659  126.137794  99.53667  131.01488
 118.07727  129.14525  143.02722  126.83722  133.11812  101.21406
 140.60005  127.762764 125.8045   121.6963   135.54576  133.74959
 128.83766  120.355965 134.23195  127.032295 120.910645 134.11276
  98.52337  118.259155 136.96043  124.69904  146.75325  125.78468
 116.567406  55.921806 142.52383  119.713394 118.39286  136.79092
 151.09377  145.08777  117.00575  120.78521  144.16782  106.50405
 115.674995 126.357895 119.47194  140.19772  128.96548  141.52336
 117.58406  118.3066   143.05553  138.59142  141.68303  116.11652
 131.72482  128.34975  122.1908   125.0497   219.93298  138.97102
 146.87105  123.133415 130.0702   127.15087  124.20862  127.83428
 118.4071   145.8781   140.7645   145.78114  131.31255  114.25216
 162.56795  124.306015 116.48347  134.46107  141.40224  138.57329
  68.74354   66.88014  123.89423  141.80927  119.36816  127.50467
 166.88371  144.50006  104.76511  137.90096  122.51579  145.68625
 152.41513  113.91684  145.231    122.10673  133.70525  119.94159
 109.754135 123.91614  123.55707  135.1181   167.85211   95.15579
 122.75126  114.20171   48.450317 122.41368  145.24431  147.70695
 130.31879  113.99545  154.16373  141.25401   98.5842   138.87727
 138.32587  111.51644  125.116776 134.19681  142.93312  129.98405
 131.46498  139.62271  136.12337  128.03587  149.45631  111.300415
 128.52869  100.36366  120.60049  113.415146 127.55721  124.80469
 147.2499   123.42023  110.72219  105.93517  140.97063  125.545425
 138.64694   97.53193  116.25811  125.77178   97.933205 144.20926
 127.73259  121.645065 129.60811  134.14635  121.6054   138.70218
 148.34204  128.57018  114.45605  133.89526  120.08185  109.31048
 144.02652  100.13004  106.35852  141.64542  102.76934  105.526505
 113.3108   110.29881  106.37567   90.97537  145.13805  143.9511
 123.40184   94.19427   78.07879  133.88077  142.36327  133.59805
 141.88394  148.82677  121.93161  132.6331   106.12478  141.44624
 129.9808   116.10407  130.84857  154.43517  141.20288  129.41905
 131.2247   118.04629  121.03449  125.815575 155.82288  147.53671
 133.47676  137.15105  129.91895  149.19882  128.66072  119.78749
 123.89004  123.754555 115.84616  106.10492  138.5126   137.56303
 132.2281   139.05951  130.13779  143.43007  138.79109  114.27616
 116.16632  152.93486  150.71753  135.95511   40.14842  146.74081
 110.48589  130.30493  124.50969  145.59447  127.978935 123.97867 ]",[4.7154484 5.524443  6.168518  ... 5.252463  4.887705  6.6309533],5.177197,0.34816120906801007,0.49736863432206524
9,3573,Transformation_Matrix_W,"[[ 0.2856994  -0.2281118  -0.01973582 ...  0.18151912 -0.00546648
   0.02544264]
 [ 0.02914871  0.43950316 -0.13363329 ...  0.17752463 -0.1822448
  -0.07971786]
 [ 0.17100759 -0.10932767  0.3616786  ...  0.21150832 -0.17623636
  -0.08306386]
 ...
 [ 0.2234892  -0.05684727  0.03969539 ...  0.4701634   0.01252905
   0.05024578]
 [-0.23739552 -0.12810582 -0.05505556 ...  0.05766996  0.5320579
   0.0331708 ]
 [-0.03285515 -0.07829788 -0.01740383 ... -0.00845089 -0.15688124
   0.44668534]]",,"[112.7184   113.91758   99.013954  96.544235 104.71191  110.96222
 110.10968  120.581055  84.757484 103.07251   91.625984  96.31623
 105.23026   98.89114   93.680275  77.63648   43.148792 121.81608
  93.06992  126.83128   84.80362  105.08022  108.67811  114.71761
  98.586    110.400826 134.86017  108.99135  101.58654   95.98143
  50.276787  93.144356 112.182495  55.45725  121.67794  102.04815
 106.89353  124.38596   99.84028   94.25962  116.92311  123.11142
 112.0005    82.034134 108.99815  101.58268  113.73347  101.45975
 109.74364  113.40613   71.523636 121.38862   95.38913   97.55357
  87.43661  113.80013  123.2786    92.25678  102.58137  113.87361
 125.85525  119.80306   91.45806   99.50255  116.210335 121.06454
  76.02008   96.361435 103.01294   88.24465  113.33705  128.16298
 113.80009   71.826004  90.77618   99.04288  134.31912  105.73975
  92.95492  119.4155   111.81989   89.70473  100.838974 109.04298
  91.49054   85.616165 113.63497  105.95844  105.41694   89.035164
  89.75447  118.50243   98.039955 100.94923  103.03025  113.613304
 103.59477  131.57211   95.71408   93.83045  111.02764  112.39688
  85.20653  113.8352    96.189354 101.79109  121.27866  113.716354
 109.2087    97.58395  108.161835 113.04447   87.48992   97.73021
 107.59199  103.41952  142.39253   33.402092 104.83522  104.8386
 122.80455  118.90215  104.97234  120.9532    94.680466  92.2863
 101.6207   112.26436   47.394257 111.70422  115.14053   90.39158
 108.171875 115.299675 106.156654  80.85119   93.1385   114.41004
  89.5195    98.435776 104.79279   91.21686  106.26731   94.66085
  97.877304 102.39026   99.65203  128.89532   99.44102  109.68355
 111.18006  109.17665  127.23315  108.00789  103.37448  105.78963
 101.054886 105.22366  110.1333    83.44867   97.337524 131.48973
 135.16447   92.415726  91.70101   95.02582   93.31217   51.992607
 123.29095  107.76325  113.49016  110.72454  122.334404  86.63186
  92.62319   85.20758  124.33686  110.181725 110.892075 111.59764
 101.14878  109.06577   95.97497  109.57247   98.789276  57.7635
 113.13162  119.47046   97.62416  108.48784  102.94484   97.55892
 105.359474  94.95903  133.2959   129.7975    90.7525    84.11777
 113.68861  110.51651  101.752914 117.87458  117.52134  112.17656
  83.28979  111.62165  102.85338  107.53536  131.5095   114.52621
  77.40429  118.86285   74.913864 106.97735   98.60392  104.2171
  80.74131   96.88148  105.069435 113.48477  102.68111   96.78671
  56.87789   86.52878  107.23346  122.91458  111.94309  137.76778
 114.103294 107.06944  121.203896 129.35219   82.8625   106.99816
  93.056725 115.42805   96.77441  105.621735 110.85522  125.946144
 100.24753  113.97138  129.0354    94.597244 108.73769   85.91648
  97.982475 109.20538  110.36497  114.93388  102.724846 111.273125
 110.6452   111.49736  114.4418    34.06632   81.43122   76.42281
  91.03784  131.8789    95.686966 101.9612    57.392124  99.23403
 134.0819   115.42584  100.386406 110.171425  96.47563  128.70905
 121.19455  118.948715 115.8216    76.96435  108.143524  96.249725
 111.184296 105.61613  109.36366   97.89279   92.91999  118.253395
  97.41208   87.59242  115.67937  114.89207  106.803894 116.43033
 109.27551  117.49211  106.58872  104.00073   99.09147  108.42427
 109.52968  118.338615  85.941025 113.93407  103.50468  100.079094
 100.12537  119.3636   107.28153  120.44359   98.87972  115.022064
 112.09959   99.510124 110.30717   66.21248  114.55296   98.417435
 104.00764  105.70923   99.251724 117.57361  112.467606 118.72234
 113.50933   88.04269  108.53949   99.88068  115.18317  109.529625
 114.383965 109.39432   97.08794  103.891045  89.6717   114.48698
  98.02165  107.26262  122.73056  112.1035   114.07066   88.423904
  67.77178  112.41633  117.019035  96.49656  119.02033   37.581375
 120.01219   99.98809   64.308716 123.340294 102.463715 103.268486
  94.21343  117.116486  66.48162  107.27213  104.527275  97.10514
 112.01779  102.930725 109.82688  102.244644 121.30332   99.40694
 116.013054  98.90179  112.82426  108.52961  130.33176  108.17959
 113.64072  107.84434   89.75963   88.96755  121.03526  108.53297
 115.23049  112.775345 104.291695 107.785065  81.277626  97.099174
  97.3831   145.10054  105.625755 103.90654  114.81179   94.629555
 103.09049   34.363483  90.07154   89.256676 118.29357  104.74938
 104.59555   98.6759    91.86719   94.299866  84.24812  118.5648
 109.26952  103.859695 112.51917  112.808464 121.49306  123.71643
 128.95352  124.504524 112.77914  130.0905   116.60724  119.876854
 105.99496  102.65057   65.07167  104.445496 113.57454   82.92037
 101.836815 110.07477  125.98223   83.3128   100.98594   95.83951
 102.87127  106.33922  119.95387  102.93726   76.87877  114.526505
  99.07276  120.67771   57.875637 127.73355  123.81847  113.27695
 111.475075  78.93529  103.07444  126.55441  105.08933   86.82882
 113.78669   98.168304  96.6067   126.73062   88.428535  91.63203
  94.911224 125.63861  104.09515   98.014755  94.75373  106.75395
 111.524506 118.21165  133.91653  112.58119  108.31663  119.8575
  97.7947   108.67036  115.811714  91.41483  109.598     97.20613
 103.61198   96.25822   89.272446 110.2409   108.731476 124.84658
  92.148895 129.16055  116.82294   65.42484  108.1542   120.28788
 111.16047  105.09895  120.95419  104.71938   99.017876 132.11397
 109.34671  117.45038  122.45261  101.969215  59.59724   88.7622
 128.97995  108.00784   93.61634   87.375565 111.669075 103.6981
 117.43243  107.81916   73.90191  112.09595  115.6      102.672554
  97.08116  111.87733   96.213036 122.63053   94.57799  114.956276
 111.12084   55.762985 112.72407   93.41447   77.50042  131.99748
 105.87534  115.53034   85.69578   87.60284  119.24627  109.700005
 123.81274   96.963936 119.19836  117.86751  114.73446  101.41967
  95.506935  98.49312   94.955956 108.63041  113.338524 104.72807
 117.74587  110.21859  124.298004 115.12671   86.85995  118.7568
 102.908325 111.2431   113.383835 109.93178  107.43692  100.40331
 122.981285 103.97225  113.14595  101.24544  116.54027  102.36968
  90.52877   99.51505  117.08962  104.79718   85.15853  106.49283
 100.33082  101.22069  115.15081  102.24246  113.3345    84.50762
 111.75242   99.684235 103.64826  100.12845  112.87346  114.273865
 104.79703  103.27225  114.00858  102.712265  97.05997  112.673035
  75.98464   97.530464 109.17142  101.988525 129.51125   96.897865
  92.71696   46.24521  118.12304   98.04146   99.11416  108.40404
 126.46291  124.02565   95.00362   99.44059  118.46038   87.98025
  98.93201  107.27682  102.497314 110.568825 104.3484   110.36923
  96.88489  105.54431  118.831436 113.02977  113.69277   95.62367
 108.534    106.16265  102.34158  104.38663  200.66165  111.64777
 114.21718  102.526764 103.49478  102.88166   97.90791  109.65602
  98.898766 114.412254 115.228134 123.843414 109.20475   96.84874
 127.20959  100.30688   97.296936 109.494865 114.0375   106.75614
  55.142303  54.63838  102.74183  116.14379  103.947205 103.37676
 132.88426  117.45496   89.0349   111.14174  103.118065 125.19243
 123.92512   86.88616  116.63741  101.22634  109.20079  100.22504
  95.90978  102.58197  104.549385 105.82353  137.13239   78.70413
 102.82408   92.09201   39.258877  97.318924 120.80152  120.88435
 109.340675  91.23512  129.14458  117.87187   79.44161  113.301674
 112.629555  91.33173  105.69946  112.578636 110.63837  105.94124
 109.06249  115.00696  107.93693  107.52552  124.0087    92.224106
 108.06852   80.26301   97.2879    94.54176  110.22586  104.2704
 118.373405 102.59118   90.39058   88.406296 112.41115  103.37222
 116.1353    80.860634  94.44998  108.14376   80.219795 114.488144
  98.889305 104.98393  108.196915 110.61523  101.98157  114.79385
 122.97353  105.95015   96.33081  112.36532   98.55509   95.802666
 118.49909   86.526665  87.14826  121.121544  89.4707    84.27042
  96.13059   93.61282   92.01786   73.46238  119.42493  120.02709
 103.05742   81.945175  63.32326  109.82735  114.943375 107.093285
 116.082535 122.035576 101.00142  108.42064   87.03393  116.85207
 107.766     95.999985 107.88966  126.39401  118.408844 100.82324
 112.6958    91.57113  101.901726 104.60115  125.713745 118.23351
 110.26468  116.805725 104.12423  125.51512  103.12359  100.31215
 102.53018   99.736176  94.59795   90.97858  114.574936 107.23708
 104.021515 111.586     97.61275  116.350464 112.5691    91.92573
 100.04702  120.882286 119.69426  107.914696  32.964314 121.64932
  97.90915  111.34708  104.90127  114.361626 102.21733  104.14413 ]",[3.9380453 4.267285  5.434208  ... 4.765288  5.0361648 6.123595 ],4.677257,0.5142569269521411,0.6213942049400599
10,3573,Transformation_Matrix_W,"[[ 0.57987773 -0.09704662  0.10349113 ...  0.0545092   0.10336889
   0.04376802]
 [-0.04736607  0.62991506 -0.02200426 ...  0.11392032  0.01331281
  -0.05714872]
 [-0.05172081 -0.06242249  0.48724294 ...  0.04334789 -0.09597268
  -0.07005829]
 ...
 [ 0.07373609 -0.05839258 -0.01584743 ...  0.5761685  -0.06159077
   0.07882044]
 [-0.17304353 -0.01280276 -0.01084485 ...  0.01982729  0.55449384
   0.02239687]
 [-0.01077112 -0.05178772 -0.05850274 ... -0.04105426 -0.03780823
   0.4748608 ]]",,"[ 77.6627    76.19631   71.05739   68.03166   70.78073   75.330414
  77.911835  81.713356  60.125984  67.86505   64.779076  64.28779
  71.094315  69.11461   66.86275   56.922207  33.370953  83.346466
  67.93826   79.77487   58.89874   70.06372   75.30712   78.79278
  66.02496   72.71328   91.383125  71.9992    68.42187   66.378586
  35.80836   63.64408   76.33641   42.46354   79.71167   70.39523
  71.02188   79.5548    65.94426   68.35813   81.471565  85.17751
  74.81232   57.276592  73.991646  73.87155   77.29793   72.078896
  80.9853    77.69045   50.930557  78.30106   65.389015  70.25262
  61.013496  78.43082   81.45055   59.812206  70.55581   76.09283
  82.36714   74.79846   62.969234  68.20543   74.35458   75.03605
  51.204723  66.77144   73.43503   61.960556  73.96065   87.06751
  70.69077   52.75885   64.51031   66.828705  89.92599   71.282295
  65.990326  78.03593   78.84538   65.64711   70.35736   72.03626
  65.50132   57.83903   72.25723   70.99703   73.23447   60.858776
  64.078545  84.87338   62.70683   74.12058   72.09026   77.12566
  77.64368   87.635056  59.916134  69.04494   75.33508   75.63292
  56.36399   76.21211   65.61507   72.07603   82.84432   81.187706
  79.89628   65.483154  75.675865  71.969055  58.771706  72.86936
  76.974396  67.26049   96.3707    28.067347  71.15792   64.21505
  81.0964    77.68484   69.707565  79.162766  60.981567  68.46007
  74.1394    79.46122   36.870026  77.7945    75.50939   64.14499
  75.305405  81.61387   73.68622   57.20327   64.77047   81.241745
  63.759468  73.75779   70.78171   66.88505   69.29911   63.962414
  66.159775  65.52688   66.78783   80.19725   70.38411   74.465256
  74.45102   72.87      84.60764   68.20055   67.69883   70.306496
  71.00051   71.41645   73.91379   57.822044  65.57377   86.178474
  88.168655  65.14181   66.908806  66.847244  64.14267   41.06523
  84.79622   72.24624   78.88539   75.670395  86.53226   60.785526
  66.12017   62.458664  85.275505  75.0297    74.57446   80.268814
  72.463646  78.47009   65.382965  67.97276   68.71749   43.425724
  73.97887   76.73182   72.44368   73.38204   72.20676   67.909096
  73.242645  60.68095   83.18167   83.02512   64.27929   62.69051
  78.54738   76.91101   70.84032   75.47188   77.50922   70.782394
  59.683     73.474625  68.93094   71.89564   86.19082   76.44701
  57.282906  79.70615   56.220463  76.512474  69.1746    74.1439
  54.548893  69.7874    71.23222   71.43116   68.36768   67.2379
  43.14552   59.18469   66.5292    81.78083   77.99662   85.69981
  77.64062   74.25046   84.80863   86.52013   54.90362   72.81371
  65.3215    70.529785  66.797455  71.5592    69.481804  83.74452
  66.16015   74.96831   80.05366   65.05979   70.8767    60.75425
  71.78349   68.27511   70.9653    76.20523   69.893555  79.02555
  71.58143   77.2205    76.43953   27.555927  56.85979   54.53775
  60.854717  89.70682   64.04001   70.97104   43.372334  65.99027
  88.08831   75.20452   73.95314   73.8332    67.753456  88.76947
  82.62812   79.66525   76.95286   51.222115  76.95675   68.85748
  79.755165  70.357376  74.45717   66.22795   63.669163  75.77496
  67.23623   66.01857   84.57878   79.03204   72.055885  78.10039
  75.25968   79.57275   69.6542    65.45838   69.38171   71.60895
  78.65638   75.30538   58.880352  74.68283   73.42634   70.80786
  67.92123   83.25653   68.20461   81.69963   68.3456    83.077034
  72.14196   69.69959   77.37463   49.3897    77.0103    69.098045
  71.56905   65.95621   63.54174   76.0746    75.24446   81.447075
  81.49377   59.37616   77.708206  68.93972   76.57725   73.492714
  74.42477   77.66838   66.96167   68.01929   63.471478  80.031296
  66.44285   70.7593    82.07084   69.55642   77.42166   60.2996
  51.599854  79.95002   79.19053   65.15941   77.42037   27.532948
  83.17986   70.88727   48.047768  80.22349   68.96965   69.50037
  63.363983  81.037865  48.502922  69.94401   72.41472   65.89179
  77.32473   67.34288   71.74667   68.88029   80.722145  69.99345
  75.03476   67.29586   74.799965  77.28527   84.90288   72.24861
  76.06289   70.28657   66.0932    62.43241   82.69161   67.61994
  72.661316  74.597466  70.90399   71.57418   58.159004  68.47595
  64.07968   96.71656   71.901024  69.372856  74.41505   61.683002
  70.6008    28.548233  63.15318   63.191315  76.0081    78.45257
  70.249146  62.233917  65.35246   69.160576  59.161297  77.9481
  73.95082   71.186165  77.291245  75.03006   85.06975   76.27579
  82.7604    86.486084  75.87436   92.009605  77.47141   85.617775
  72.86591   72.38194   48.664238  70.06952   78.05859   57.119606
  68.51291   73.818726  82.83352   63.602245  67.66447   67.90475
  71.33679   71.95465   79.37966   71.173065  55.27433   77.20947
  68.708015  80.768135  40.50086   88.47986   82.099945  76.612686
  77.88877   55.64913   72.48714   87.989456  66.25897   62.751358
  80.087685  63.545185  68.89871   86.86766   65.17893   64.72339
  66.41492   83.42942   68.69779   68.93682   65.070755  73.02999
  74.56659   79.39499   88.61315   73.55828   73.25135   85.80307
  68.700356  66.7817    78.24946   65.12732   70.01318   67.44931
  73.99566   62.251217  63.356644  72.47772   74.33085   86.69328
  65.973694  87.11169   80.968025  44.394028  72.90439   76.579865
  74.11624   70.69173   77.549255  73.31182   70.40486   82.240486
  76.33354   79.30315   82.76941   68.76489   47.54427   60.927345
  83.91674   70.663445  68.0568    61.741783  76.85718   71.6364
  83.04258   72.37675   54.887356  72.98581   75.397804  71.17551
  67.38725   73.17393   63.90877   88.02786   64.75321   74.27099
  75.54417   41.59262   79.96946   67.89233   51.879982  87.31482
  66.90148   76.728874  58.32998   56.772717  81.88156   72.560814
  84.830505  65.538864  80.331375  80.771774  70.9301    67.63671
  71.72454   73.08576   70.26735   74.14989   75.46448   75.19314
  83.5572    75.26058   81.69157   77.05837   65.43135   78.06916
  67.5927    70.68579   71.23449   74.79209   72.46741   69.227745
  85.76434   68.52306   76.31379   70.42466   77.20888   68.13419
  61.153225  67.03726   77.98398   63.44049   57.631943  73.698105
  67.221825  77.73066   77.99415   73.88369   75.14749   60.90088
  74.81808   70.40903   73.26718   73.275635  77.02199   72.463005
  75.71134   71.022125  73.19871   67.08848   67.68083   71.81394
  52.226097  66.79893   78.45392   69.140755  86.112755  65.58179
  63.32845   36.71844   79.04396   70.86438   64.87719   71.65751
  83.915115  78.57216   69.37401   68.02631   78.23822   58.733536
  69.50158   79.41203   70.896416  77.84545   71.31173   76.15371
  63.56413   70.43881   77.09213   74.045715  77.87958   61.952526
  75.258865  69.16736   71.70677   69.44144  164.92976   75.58501
  76.6302    66.60852   73.92967   67.989265  67.50186   73.60652
  63.253403  78.499084  80.20362   78.80747   71.07297   65.64598
  87.190475  66.81592   68.02396   78.087326  75.3063    71.55748
  41.92981   41.96976   66.789665  78.77532   66.76362   71.39651
  88.0092    81.59872   62.940998  75.58344   64.83029   79.71432
  83.60764   59.504852  75.499985  67.403534  68.15102   67.758896
  67.41627   69.65602   73.91716   74.041084  90.86277   58.676735
  68.377594  65.136246  28.958284  65.9649    81.02715   81.047554
  75.749794  65.62953   83.29802   84.6547    56.201     77.378525
  78.90933   64.51087   74.53466   72.55912   73.72314   70.23902
  74.12176   79.21841   76.7889    69.66452   77.47582   60.473545
  69.28044   57.11845   71.14953   68.193436  75.80841   70.38786
  78.60201   70.5036    64.387566  60.367218  74.95562   74.33555
  80.45029   56.76176   66.27403   75.387405  59.314     76.904854
  70.356445  71.44737   71.32237   73.24217   66.045425  79.64044
  83.99612   70.68184   62.783443  74.65878   64.22233   65.370804
  81.25209   61.72525   63.60809   83.340034  61.38609   57.890472
  67.58472   62.94254   61.334396  52.246468  78.53126   84.86364
  73.79464   54.67622   45.394928  73.98474   78.54567   72.49095
  74.3085    79.66572   69.44827   67.37683   56.736923  74.38658
  73.96739   63.993942  71.74735   82.991035  77.76091   67.99986
  78.75251   64.75006   68.15231   71.61677   86.169014  85.32379
  76.57694   75.31933   70.545166  84.223305  72.18683   68.58035
  75.98452   66.67745   63.708824  62.5091    78.296455  70.11365
  65.805756  81.2369    64.0121    80.030235  76.39469   68.077705
  71.77078   74.88466   80.18806   75.467026  26.081736  78.25417
  72.58308   79.382675  70.216095  75.89584   70.98063   72.279175]",[3.0524588 3.6145265 3.191745  ... 3.5228992 4.8985615 5.382965 ],3.8483095,0.6683123425692695,0.761848339122208
11,3573,Transformation_Matrix_W,"[[ 0.6489206   0.02437448  0.01315471 ...  0.01178954  0.04673778
   0.00711464]
 [-0.00148956  0.6440971  -0.02297715 ...  0.08537969  0.0297233
  -0.0053573 ]
 [ 0.00597774  0.02270352  0.5493002  ... -0.02458822 -0.04450342
  -0.01306668]
 ...
 [ 0.05088064 -0.00352961 -0.00406962 ...  0.6209058   0.04834707
  -0.04239151]
 [-0.05245669  0.02877274  0.02072695 ...  0.01866657  0.62475085
  -0.05412928]
 [-0.00278077  0.0119962   0.03446208 ...  0.03221049 -0.0668015
   0.6215932 ]]",,"[ 60.865837  62.536922  57.377537  52.199497  55.203182  58.09108
  61.72688   64.7007    49.09748   50.961353  48.90116   48.91863
  55.836937  54.12315   52.68182   45.401573  27.871738  66.45373
  53.603363  62.097065  46.602875  52.77381   55.335186  60.154472
  51.44489   55.952213  68.05072   53.6525    54.007713  53.79259
  31.588062  51.53717   59.2595    32.44677   62.00564   55.66869
  53.982437  65.08193   54.237915  52.360752  64.51318   63.002026
  59.30534   42.767803  56.231403  55.21912   60.373997  52.606052
  59.33448   57.493214  40.047466  57.231316  50.471092  57.286682
  47.51468   58.33647   60.30106   47.871536  53.299107  57.680706
  68.70873   55.376125  48.246597  56.994244  55.82132   54.853115
  40.55974   54.797764  53.423225  45.390907  59.25512   66.67524
  54.04497   44.18297   52.295273  53.427788  67.00137   57.05767
  51.63908   62.65446   59.744667  53.421257  53.286667  54.457474
  52.421154  45.304222  59.357647  56.913723  57.671295  46.63233
  49.885326  65.59646   50.47913   57.07271   57.67703   59.35074
  58.510334  67.93471   47.513718  52.304802  60.95715   59.117195
  45.74223   60.809498  52.504456  52.480816  66.26867   62.463654
  59.15867   50.125015  56.18375   56.852715  45.73167   54.643913
  60.099094  50.751778  75.130936  26.538668  57.561096  53.64975
  66.24763   58.857357  53.804977  62.22355   46.7073    56.72667
  59.06734   64.70678   31.958431  60.018303  60.657166  50.56372
  58.401756  61.99229   57.094788  44.43246   51.052418  60.07175
  50.730835  56.548893  54.237743  49.471672  55.772495  49.863544
  52.039898  53.92613   52.66573   61.909706  54.292183  57.631783
  59.450447  56.7718    64.370415  52.83774   54.11111   55.2024
  55.04443   55.164204  60.51619   48.509052  54.54125   67.53732
  67.039604  49.73825   53.07855   53.86427   51.1342    34.27732
  64.67636   56.4183    61.247787  61.403538  63.32153   48.814377
  52.48171   48.37801   68.6406    56.27838   57.660847  56.629726
  57.76146   58.17603   50.223206  51.733475  52.191692  36.036465
  57.34354   60.779247  56.41063   56.883625  55.921734  53.95786
  57.651897  48.070713  62.354134  68.111244  51.66172   50.377377
  63.633377  61.951225  52.683823  60.758743  61.136658  56.5031
  45.695797  56.74284   52.515182  54.813316  67.05317   57.449627
  45.46872   60.835518  44.73451   56.10457   53.20028   56.819283
  46.282967  51.23459   57.502888  55.34687   55.469025  53.897827
  36.633545  44.111824  55.23005   64.7319    57.968403  64.64588
  59.37375   56.969933  61.590645  69.821     43.173466  58.52047
  52.982998  53.322395  53.97849   53.843292  54.308773  67.09087
  53.204136  57.86916   59.50078   47.36909   53.008286  46.13891
  54.6745    58.086254  55.94406   61.652653  55.277065  58.75297
  56.63402   60.173252  58.984566  26.11784   44.557407  43.440487
  47.117336  65.57943   51.796047  56.705677  37.743587  50.22316
  66.5733    58.361183  57.2914    59.703995  52.747444  70.62387
  66.02721   62.427322  57.12145   39.943428  60.068916  55.734306
  61.197105  55.536972  59.500824  50.231323  49.142662  58.381855
  54.044018  49.319344  64.08798   58.685654  53.892982  60.01531
  60.30755   60.95557   53.63921   55.99266   53.05472   54.497982
  60.861214  60.791317  45.86357   57.64221   56.011993  55.442528
  54.498558  64.20884   53.92242   59.898136  52.629753  61.692307
  58.141712  54.962696  58.473648  40.76469   58.820213  55.505352
  56.22337   50.063156  53.17352   58.342403  63.743404  63.29225
  62.481693  47.639774  56.654533  53.08207   58.806984  57.069366
  53.925697  61.177635  51.760246  53.612637  49.29021   60.745243
  52.110573  56.374123  67.4368    56.45206   59.089718  48.652817
  43.322582  61.744778  64.86036   53.554024  58.67275   25.3268
  63.79451   59.62892   39.995304  63.640724  55.202793  57.38448
  48.400482  62.442375  39.15588   55.388714  57.105396  49.74435
  59.32716   53.783287  55.145462  53.92928   60.063377  55.604614
  59.297897  54.396828  58.065422  57.856995  64.52665   58.17985
  55.274982  57.77359   50.157337  50.42385   68.88605   51.519825
  58.693607  56.5087    57.358788  57.94689   48.96714   52.43131
  52.007175  71.00015   54.69573   52.484955  59.071743  49.1767
  54.150867  27.096542  51.04003   49.031956  59.202106  59.24543
  54.48363   50.874382  52.577843  52.832172  47.889954  58.93899
  58.694923  55.671658  63.000675  56.42995   64.57315   59.656082
  66.05811   67.77932   62.214176  68.437416  60.89742   67.70894
  52.56826   54.955986  37.93812   51.816914  63.007027  44.23824
  52.123688  57.303596  62.53985   46.12117   51.448772  53.20045
  54.29575   54.927303  61.775913  57.064575  44.90527   61.963444
  52.384872  63.693554  34.05013   68.11805   60.40197   56.485855
  62.211433  45.597378  55.89514   68.34045   52.439648  47.44432
  63.0036    52.57368   52.79737   62.98227   49.04343   50.513283
  51.607616  61.949265  55.50706   53.727177  50.653526  57.10866
  56.36793   59.511913  66.04637   55.796757  54.372528  67.60062
  51.184784  51.45414   60.946182  51.16831   55.815083  50.816216
  56.42378   50.41273   46.317764  55.765884  58.915993  66.624825
  49.651283  66.32108   63.529926  35.2304    59.949142  64.13437
  58.939003  55.81043   57.47115   57.30749   56.193268  66.33735
  56.12449   59.88089   63.193253  51.533478  38.67317   47.95911
  65.75975   54.706543  53.51114   50.56053   59.705097  59.563103
  62.53045   55.325703  45.060604  56.194935  60.164738  53.385414
  52.999138  62.247807  51.140896  67.33582   52.581722  60.28221
  58.0067    33.57443   59.44859   50.93536   43.435833  65.50392
  54.03825   59.02386   45.460854  47.22079   60.531193  57.42594
  65.847176  52.74693   61.970493  60.60334   57.467945  53.96547
  56.214573  56.894554  54.073776  59.203762  57.8854    58.62346
  65.59653   58.512043  61.61982   58.935257  48.83429   58.90862
  53.061314  53.98121   58.26922   56.086742  57.188053  53.86876
  68.06563   53.433422  57.512302  57.8654    59.508984  55.057022
  50.01858   54.120674  59.365444  51.441975  46.554752  56.22774
  54.111565  59.295937  62.73474   57.0987    61.110195  46.036453
  59.769608  57.656086  58.561867  56.08216   60.148853  56.199577
  57.162888  57.03154   57.1031    53.203804  52.291424  57.476105
  45.053364  52.566322  58.67535   54.911263  64.52905   50.95073
  50.26992   33.08275   61.97862   57.995144  50.667244  55.241493
  63.120693  61.557625  53.128166  54.833206  60.28956   46.115692
  55.541656  62.425034  49.578117  62.076363  57.421146  60.964058
  49.464493  54.218563  58.655228  57.88265   60.26795   48.523308
  57.88632   56.057575  56.75057   56.10503  131.267     59.1843
  58.310196  51.87516   57.321716  55.518044  53.311363  57.597397
  46.992577  58.733418  60.11218   64.334076  53.899033  52.49165
  68.652054  53.56832   50.32212   64.50061   57.907436  57.250214
  36.092636  38.15221   54.80024   61.203793  50.778305  56.88612
  69.98343   59.68841   50.45227   58.7663    53.964382  64.30149
  64.78484   47.579006  58.557186  53.15884   53.7051    55.25537
  53.267155  53.48662   59.24086   60.318115  70.01951   46.33075
  54.245766  50.101673  24.193304  50.10959   62.894466  61.41942
  56.08992   52.59669   62.44822   61.46552   45.15884   59.797092
  63.064056  50.438747  56.636166  58.018234  59.393578  54.54074
  57.869156  60.907745  58.096325  58.246025  62.113224  49.965004
  57.06959   43.666615  53.76738   51.837963  57.24355   58.00765
  63.08718   56.117664  47.973663  47.23808   61.539993  55.542862
  61.62116   45.838505  51.67998   58.893135  45.79825   60.16732
  55.34322   54.727196  55.49634   59.076756  52.492416  60.133915
  62.059517  54.35035   51.24661   59.576515  50.740925  51.796135
  64.39978   46.450485  50.822815  68.47389   50.16591   46.99849
  54.1479    50.130135  47.486763  40.404564  60.86078   64.663506
  57.692657  44.444885  39.409813  59.73334   56.329903  59.10845
  61.767334  64.532425  53.388977  53.422474  46.190845  59.382
  59.237198  53.042213  54.98515   65.78333   59.75767   53.53082
  61.03716   50.894844  53.284763  54.676514  66.47425   64.75457
  60.600636  58.699764  55.087036  63.148167  57.556705  52.829456
  58.71299   50.941532  50.5255    50.667686  59.779312  54.942074
  54.666374  61.628544  52.536476  59.477005  58.55776   53.56341
  58.222607  60.01722   61.841595  59.67613   22.83668   61.98743
  53.95245   63.47821   56.580013  63.8778    54.058636  56.935116]",[2.8638897 3.023882  2.9012542 ... 2.9764132 4.904564  3.922307 ],3.3926132,0.7099748110831234,0.8219405295764518
