,Train_Data_Size,Transformation,W,b,Residual,Residual_Norm_All,Residual_Norm_Mean,Accuracy,Co_Sim_CLS
0,5955,Transformation_Matrix_W,"[[  1.4061097   -0.6718893   -7.330278   ... -18.37985      7.9314785
   -1.8601378 ]
 [  4.7750254   20.210558     6.1317115  ...  16.633505     8.789828
    3.8501735 ]
 [  5.4078174   -7.4943714    6.236023   ...  11.058233    -9.635854
  -20.353642  ]
 ...
 [  6.471557    10.682992    13.015607   ...  25.123604   -11.132657
   14.918613  ]
 [ 18.809452   -17.000477    14.243735   ...  12.507177     2.3197396
   21.2183    ]
 [ 10.241808   -15.966705     0.12678128 ...   8.300633     0.72981966
   10.593157  ]]",,"[358.0857  351.54626 306.201   295.0812  295.0514  371.79956 350.11328
 371.09055 276.12036 288.18915 273.4117  335.72232 342.85873 339.95224
 308.4602  306.80798 170.87451 397.88834 278.9557  367.17007 257.12125
 295.0349  314.4878  414.81693 285.73007 319.3053  442.19968 303.26306
 313.05453 277.84262 180.00002 280.02725 365.80103 201.94597 345.98312
 315.07736 318.7118  371.51013 282.64474 306.6013  378.86078 337.0505
 345.94315 256.17072 319.13416 331.87125 378.6965  344.30615 328.6289
 326.60373 243.53262 367.98926 287.61258 318.42807 300.43063 331.1173
 381.84744 322.04767 289.53867 338.6677  388.32043 407.25864 286.0264
 344.9382  325.138   326.62042 266.04312 270.43073 309.0155  263.05115
 375.96817 375.0557  308.33118 251.57104 271.0389  309.97153 390.45035
 335.00177 282.77493 402.69778 329.97388 399.08792 282.1815  371.41672
 292.50912 236.99341 402.0865  333.1271  351.48596 270.4627  280.01016
 382.7604  283.35843 345.04214 326.47888 352.4849  372.62924 415.7398
 289.4472  289.97852 351.13077 329.47815 263.00525 390.09753 301.6867
 291.29227 393.2317  394.91437 330.1124  270.77036 362.18817 315.73148
 271.6063  308.36984 362.13626 280.40768 432.60535 169.17377 344.01675
 314.65985 402.5988  357.45462 300.4399  365.97952 287.7391  286.53656
 293.81677 349.70694 175.14929 324.26227 323.9769  304.908   354.2845
 354.04913 326.04172 268.64395 277.26318 343.74167 287.5021  305.75772
 300.19427 246.55609 332.2961  275.4634  286.9868  352.3507  322.2661
 396.47052 321.22134 319.07687 360.07874 349.5319  370.14438 334.47495
 351.79056 276.6543  344.8011  344.27948 388.49646 359.62433 301.46396
 400.6794  382.88715 306.9858  270.95944 277.36066 308.98584 264.69455
 383.94946 353.36154 341.9225  389.99994 412.97217 371.60904 289.98782
 286.04346 407.26486 316.22766 319.90952 366.26935 286.8779  329.009
 295.52    331.2184  279.48868 187.46422 358.88635 368.816   348.8871
 352.5497  314.7557  308.39645 325.87848 264.14325 418.27527 419.11346
 293.30115 277.05945 374.7831  352.36475 298.7868  424.0303  351.46234
 338.5001  247.08986 333.77737 334.1507  326.5168  427.29642 334.28256
 237.48953 340.83536 271.44122 330.421   299.24704 332.0428  269.4179
 268.33994 328.87244 330.34375 315.9222  269.09744 179.33223 247.21558
 352.41333 373.5396  320.4798  396.84683 375.84515 311.63416 361.53802
 415.31924 261.45917 325.56696 276.96625 349.2339  304.0972  318.51196
 345.3614  405.7772  344.9759  333.2542  390.76    289.06036 323.72382
 259.92596 311.56732 324.056   326.95764 345.75488 306.1136  366.44702
 331.49493 322.98135 338.2566  201.66017 261.02188 316.51953 289.25235
 369.6032  281.16602 307.2791  389.50467 315.15436 417.06064 334.3281
 326.18903 341.94196 284.2316  386.0238  398.04303 398.14978 341.47293
 243.78764 326.332   291.6254  332.19293 295.0892  342.42038 269.76663
 296.54636 375.24557 300.6174  287.8905  373.17004 339.274   315.8924
 365.29132 335.21048 373.75574 326.8263  320.91916 304.66183 341.76617
 316.91864 369.0489  234.26817 349.4732  334.86093 302.60745 308.21774
 461.06616 357.6618  361.33044 296.34506 343.66254 353.9245  317.6355
 422.6969  265.03287 371.52725 339.117   319.73798 325.05188 280.13452
 317.9799  314.56262 356.70517 330.27795 254.02832 322.32742 348.21222
 339.816   332.88004 324.14368 371.24323 293.93927 313.7053  291.5732
 365.681   308.27783 311.7468  401.2841  315.70578 329.19797 283.4614
 311.3712  335.3117  360.63956 294.21826 387.88065 142.95142 375.8279
 340.22473 336.70096 430.16318 324.76022 305.87012 292.778   371.41074
 323.94904 304.7913  289.76196 266.50095 341.95685 296.10028 358.04147
 328.30432 339.09222 358.2958  318.64435 316.12045 338.68225 350.62772
 407.34415 346.01297 323.82965 346.59677 269.47772 261.28503 408.7377
 338.74872 395.24084 334.4868  297.15765 321.57025 317.6721  310.29633
 353.8483  461.82275 346.25177 294.46277 352.72052 317.09796 293.77924
 149.13084 265.16028 312.74326 371.35394 328.99133 351.18628 293.93982
 343.70132 296.09134 261.3255  335.56726 342.42764 329.39218 345.3651
 331.6875  383.57928 362.0307  404.6317  375.32523 347.43146 440.26297
 336.59985 370.4811  302.09967 284.70276 251.84962 314.06982 390.40973
 250.90407 315.5831  331.58218 414.6523  282.84796 335.79855 305.94186
 340.61246 332.77426 355.99533 328.89944 309.66144 364.45807 300.2209
 358.51166 208.43198 399.02036 351.04184 309.06674 341.88507 310.66763
 304.78436 388.8889  298.21597 242.83528 323.5373  277.18665 291.3
 373.53668 291.04977 267.32394 272.21487 402.7911  301.822   307.31934
 345.3521  306.0733  322.08154 390.38757 374.37305 318.8244  400.9495
 358.5593  307.3596  328.4369  357.9505  274.76202 330.70523 299.7443
 326.40634 309.23196 246.24294 348.88483 344.5104  396.12445 278.54953
 422.58072 374.55933 237.28304 345.52032 360.58664 367.57782 278.44586
 341.07532 317.12006 350.0988  402.14236 344.17963 390.1834  367.02066
 315.09824 383.58847 316.8888  387.60013 318.3606  285.7407  326.7241
 382.9117  368.35532 372.74277 324.8068  277.1911  305.63638 380.56784
 291.5676  311.49084 317.30243 279.85178 340.1839  315.6102  346.08112
 327.59982 194.57924 347.22693 325.34174 275.7501  357.7135  308.88358
 348.3904  269.98267 245.16605 381.93045 352.73544 437.7851  288.54877
 353.8643  333.43127 382.47275 329.16037 336.7174  316.9435  294.5566
 336.32675 336.1644  338.13913 375.79044 322.34174 347.837   329.73654
 253.96385 360.64752 284.1293  341.16626 350.37518 328.65225 309.64136
 292.28375 420.29007 333.079   314.8711  319.23465 392.3452  368.2218
 307.12518 303.3478  344.59537 310.19583 244.09705 322.04196 289.22394
 321.7684  329.55554 331.6099  330.24283 264.31592 333.97113 338.9094
 320.20428 311.94946 346.06424 343.98117 334.46332 325.88177 329.06863
 346.80698 299.92648 327.12354 320.73465 296.96378 333.45306 313.99634
 354.29742 308.53778 278.59644 329.39816 362.06226 335.28818 314.56415
 355.97662 401.54175 358.50394 322.872   332.53366 355.97003 271.46707
 291.7281  334.12598 282.88074 356.7501  306.6575  337.5321  336.26263
 321.1364  333.01813 331.01852 367.90305 300.54468 336.5702  328.23175
 329.21783 289.28305 502.7872  346.84686 396.98657 310.97635 335.64563
 281.1453  324.8962  341.4237  291.83643 385.02075 371.4156  370.0737
 334.3782  281.6511  434.89084 321.71646 283.06808 348.10248 336.09943
 330.46878 391.3494  258.00937 311.09717 361.81158 295.44638 304.3227
 402.184   359.503   270.2461  387.2854  342.21906 387.4168  388.97266
 273.07443 356.89178 324.02365 334.41953 334.41382 302.3633  316.39178
 328.07224 323.1663  448.33182 254.24352 303.37607 275.78018 139.83012
 312.56842 395.39038 364.6958  344.82446 288.92538 405.66235 365.46075
 254.648   362.70996 362.72195 290.14752 332.92285 329.9921  383.19025
 305.88422 345.7346  339.28177 354.09534 322.04333 377.08307 275.24585
 322.8987  307.78903 297.28168 277.10306 338.03638 354.66354 387.311
 294.83713 301.35074 253.54254 369.41702 322.65228 320.34625 225.22308
 312.9576  306.2343  232.28102 331.41467 331.0521  296.35724 334.41324
 337.80362 306.15894 330.1724  378.1914  329.2503  270.58716 321.5225
 266.7884  283.7663  375.88058 268.7619  279.61972 356.2242  275.51303
 271.2438  285.26044 282.78583 271.48108 233.25743 383.89795 339.69846
 318.8988  234.1148  354.41855 334.23114 351.1904  352.0815  374.10037
 355.37985 285.99542 342.7933  268.04843 369.643   320.00488 278.24213
 333.42465 377.31216 372.61984 351.4375  320.13953 305.67365 290.459
 354.41562 409.31696 358.60004 354.0126  364.96625 329.42328 359.65695
 332.70868 289.05023 313.7034  345.71762 292.19522 286.7551  339.01703
 337.7354  329.04434 313.44086 423.42734 372.5798  323.00085 298.0779
 303.4758  369.39105 383.681   326.75174 140.89621 384.0611  267.27484
 339.5894  293.36337 384.8007  335.49277 309.86703]",[5.0924506 6.742925  6.6737175 ... 5.399487  6.897008  4.2158155],6.4280114,0.0381360201511335,0.20301095959266283
1,5955,Transformation_Matrix_W,"[[ -2.239664    -0.61230206  -3.9238343  ...  -2.668161     1.5838672
    6.3156996 ]
 [-10.233441     8.668448     5.7364826  ...  -5.201899     9.283714
   -0.5471665 ]
 [ -2.0989482   -5.424217    -5.148177   ...  -0.92467815  -2.8890848
    0.6385227 ]
 ...
 [ -2.4037466    1.5210509    2.7630134  ...  -1.0222936    5.516353
    0.6708071 ]
 [ 13.107333    -6.6616883   -6.647674   ...  -5.2404156  -10.440066
    2.4908776 ]
 [  2.2074575   -2.858157    -2.1260977  ...  -1.0119458   -2.1248922
   -2.4043806 ]]",,"[352.23315 341.85745 293.56207 286.9416  289.85403 355.40616 339.09778
 365.84708 263.79785 284.5618  268.72168 317.2829  328.1734  322.17194
 302.10318 298.5795  160.88269 385.95892 268.2683  351.41214 252.28142
 285.42142 309.56763 403.17642 279.17178 309.6955  432.84906 301.20462
 303.83386 273.18777 169.27019 274.54062 357.30978 179.63496 335.41574
 306.21786 308.1496  361.99146 277.86652 299.55573 366.46487 328.1735
 336.4566  250.94048 312.21432 323.3858  367.13257 340.82733 322.48184
 316.75696 238.50916 362.56302 282.60696 303.18814 286.0683  324.93698
 372.3501  310.5469  286.56302 334.1834  375.37683 398.84076 279.44574
 334.40616 319.91785 319.13654 247.22206 265.29333 294.27325 254.4541
 367.0701  366.05084 302.46832 239.67542 270.41516 303.76746 383.92612
 327.19354 273.50275 387.99805 321.98618 367.02698 275.12457 360.94547
 284.98257 235.32394 396.3171  324.5162  345.97403 264.78546 275.63156
 372.76913 275.83444 333.84045 320.2638  342.7148  364.0799  416.4512
 278.4265  280.52536 333.63306 325.1398  255.14041 374.0997  286.11414
 281.60782 384.55637 386.43094 324.35022 264.32956 346.99615 308.52835
 259.9815  298.5788  339.98367 271.32663 426.9362  130.64322 323.14816
 310.13232 391.0255  354.0941  297.15475 356.02594 279.07916 273.17343
 283.00708 341.86636 165.54501 321.25888 313.403   287.11053 345.3443
 345.12057 319.12662 245.30952 274.2493  334.20163 277.17566 303.57095
 292.21945 241.30228 319.10767 268.5261  279.86472 334.61557 314.7222
 387.24933 315.27966 307.8638  350.27805 341.50366 358.13034 325.52313
 340.27426 271.14133 327.9191  329.43857 374.19067 340.35873 287.742
 394.76773 372.92596 299.01392 261.16254 269.53848 300.16745 242.47482
 373.46295 347.18677 333.19788 382.44254 392.2275  344.46606 284.4563
 279.1655  394.4564  311.5543  314.71344 361.80063 276.21368 324.18207
 288.76624 324.47098 277.45978 178.37704 351.1812  365.72577 332.85663
 342.09445 306.8145  299.97687 314.25153 257.11957 408.00745 408.05692
 284.85403 249.21942 365.71262 341.4177  290.86172 417.0018  342.9207
 331.79556 243.29704 322.46048 323.77454 322.96808 416.26755 328.4678
 230.16496 336.19122 254.04027 316.30566 290.7038  329.73734 251.91505
 265.18784 319.64093 323.6877  307.74573 262.15982 176.89131 243.825
 336.53052 359.0403  309.59473 384.8845  370.49963 306.53784 358.38937
 402.5154  252.87407 316.23108 266.73978 342.63367 294.4868  312.124
 336.76285 393.11395 329.70154 323.45483 385.1409  280.13858 312.29007
 252.76915 302.8722  320.28638 321.61172 337.85257 295.63965 352.3869
 325.57916 311.6943  326.88983 171.35464 251.64944 282.41367 280.8809
 373.54953 278.66666 300.45996 361.265   311.61423 403.3554  324.4041
 317.9357  333.48203 276.67258 371.0022  385.09494 386.41797 335.87888
 233.47774 324.83978 275.89465 321.6115  290.39926 331.7059  265.8664
 286.28888 360.44437 291.54297 274.8072  363.3304  327.92874 309.7914
 354.72775 330.51306 364.87854 323.88702 314.63617 298.27426 327.64532
 311.29477 356.12427 227.2571  332.81256 330.87106 292.20474 292.65616
 444.8095  344.22543 353.7114  291.2375  339.76062 348.88052 310.8543
 405.19348 246.20485 366.6486  325.3566  311.0834  318.2377  276.62827
 319.2839  308.2144  353.3559  326.77475 249.10657 316.71033 336.25372
 328.99173 327.16974 317.9138  360.56274 284.35773 308.48062 286.0677
 345.6038  303.893   308.75677 393.33057 303.47137 327.10858 278.51373
 292.50378 327.13205 347.48468 275.28986 376.49567 134.58142 362.84964
 333.26703 299.95694 422.39032 319.64426 301.97772 285.16132 358.41888
 312.79544 297.01288 281.0073  263.35703 336.68784 288.5955  351.2281
 315.1384  334.27048 338.7531  314.58783 312.6889  331.16736 341.86218
 393.39798 334.46976 315.7082  339.74338 263.78314 254.14107 400.56332
 326.31995 382.19742 323.9094  289.64838 307.7331  308.11404 298.58792
 340.29886 449.51172 329.91602 287.08646 341.20776 312.14865 286.07034
 132.35504 263.3272  308.3706  354.87524 321.6021  335.6365  286.59152
 331.16318 285.16882 257.27795 329.98383 333.3692  321.08493 331.0807
 322.4426  368.68738 362.88998 389.99548 369.51895 339.71436 414.17563
 327.96994 355.9794  297.36896 276.52664 240.54073 309.29977 387.04996
 248.29825 304.87628 328.77545 393.3733  270.19284 326.04648 297.41083
 330.5307  319.11087 343.5288  321.71725 288.1743  352.93884 291.16248
 357.58853 197.35901 395.57635 341.8191  300.00372 331.58698 295.52924
 298.8904  381.20825 292.73914 239.65694 314.7673  269.69543 283.50656
 363.91656 284.6478  258.85925 266.05862 393.42    294.4951  298.36343
 334.20847 294.9437  316.07135 377.50186 364.91672 310.4287  385.06802
 340.5191  295.6526  324.163   347.92984 269.213   316.05508 290.50235
 320.19852 300.3814  240.6823  342.2175  335.3001  382.59058 272.2704
 413.0504  364.09784 213.21057 341.89862 345.80283 352.4925  274.5809
 332.6103  309.1056  342.93546 390.48495 329.50293 384.88477 356.9031
 309.54196 332.6933  312.81516 381.93112 307.6002  274.5886  304.95966
 374.8449  343.5103  361.35764 314.79837 265.1675  299.79114 366.80084
 284.5472  303.21783 311.78546 272.39252 334.18835 306.134   338.68735
 318.71802 177.3625  339.84406 319.1649  262.91638 350.1724  303.50525
 344.3906  262.49527 243.9259  373.51797 345.428   422.99277 281.12695
 338.90646 324.7897  368.99405 319.81595 325.98306 310.21213 287.1268
 324.97937 326.57144 330.67404 362.30457 317.9755  339.92224 328.11896
 249.79047 351.46967 279.06006 332.96982 340.5431  319.9255  302.65552
 287.6651  410.64127 323.03183 309.32095 316.05585 385.57358 364.4612
 298.64288 293.4712  340.75674 301.22342 236.6082  309.0498  286.20172
 318.63394 319.65628 316.77536 319.21207 255.16052 328.9914  333.89725
 308.45303 309.23392 341.03595 339.48444 317.35785 315.75516 320.94183
 321.39758 293.40884 317.99496 304.06018 289.04828 328.5003  309.457
 345.38565 295.70374 273.8699  277.60837 356.1388  323.40268 306.67053
 345.93967 385.5826  347.55536 308.6626  321.5738  348.40588 259.577
 289.07855 322.65445 276.118   342.3005  298.3172  330.32947 322.40933
 308.1185  328.14243 318.7902  355.41626 294.61526 311.60785 316.1159
 314.28073 289.79898 487.11447 332.3194  384.5503  306.3726  323.43713
 272.1633  314.6331  333.3798  280.5128  377.8257  362.7006  359.89664
 325.282   275.3123  418.68115 313.20367 275.354   335.84543 326.23605
 320.4107  332.84973 230.18799 309.17535 355.85516 290.57648 299.10663
 400.42596 345.4386  266.7324  373.74585 330.17575 377.23782 379.86728
 265.52576 348.66925 308.8493  323.3867  324.91156 285.58182 307.58008
 320.78345 316.84488 431.153   245.42082 294.56924 270.04407 130.10568
 304.47235 387.87552 357.1267  338.86768 280.60645 392.5953  352.74777
 247.03268 352.15036 349.7699  281.20554 324.05957 321.98843 371.19885
 296.94138 338.62296 331.0865  344.07123 313.42358 364.09152 268.63095
 313.61035 279.0509  291.0621  268.1648  323.0164  343.29242 380.25882
 289.60678 288.69852 245.92613 356.93872 320.15952 315.21817 223.4102
 305.04602 295.91815 231.00705 322.3245  319.11588 288.8284  328.95663
 329.81592 304.40222 323.17642 371.31946 319.81384 263.403   317.76553
 263.36533 277.71164 367.59586 258.41772 265.40585 347.175   268.1346
 261.583   279.63992 278.80838 266.62625 224.8418  364.80167 334.3529
 311.1525  231.99556 307.47427 327.5601  338.47787 345.31378 362.98856
 348.32108 281.63452 331.82483 259.89713 362.0421  316.0672  275.04626
 324.11472 370.96118 359.9979  336.70392 315.26807 293.68243 283.36063
 345.7878  401.143   351.29602 338.59402 346.06052 320.65094 348.83878
 314.79178 286.7916  302.5354  331.98123 285.48413 279.79337 332.68158
 326.24023 320.04553 303.74615 398.7883  363.91373 321.10077 286.56384
 298.88455 366.85767 374.95276 323.83252 130.73839 377.76794 265.76266
 332.4435  284.0309  368.61865 330.2312  305.60428]",[5.519     6.69063   6.599726  ... 5.2940216 7.003496  4.0102534],6.3340287,0.06085642317380353,0.24876073831722284
2,5955,Transformation_Matrix_W,"[[-3.4083228  -2.8613153   5.0689297  ...  5.548701    3.614297
  -4.688105  ]
 [ 2.4011517  -6.089107    2.1807308  ...  6.095523   -2.8426588
   6.8748865 ]
 [ 3.9114895  -1.7326616  -0.38568217 ... -3.728379   -3.2735875
  -0.5297062 ]
 ...
 [ 2.6337206   5.2445197   1.2455398  ...  3.05324     3.214087
   2.3363886 ]
 [ 4.9909163  -8.210423    5.426729   ... -1.0398755  -1.5860064
  -0.1987761 ]
 [-5.3657327  -2.609525   -0.46018642 ... -1.1942044   1.4419296
  -0.44316623]]",,"[340.94345  335.6812   286.67218  278.59875  281.1286   342.51514
 326.5641   351.65973  256.15433  277.33997  262.2054   300.2953
 323.825    299.48843  293.4061   283.72092  150.95807  373.3765
 258.24713  342.19537  247.02087  275.4898   302.91458  387.69604
 270.3686   302.698    421.25766  292.79907  295.36505  267.13095
 157.31767  269.8677   347.5416   170.13606  323.98166  299.1656
 298.44937  356.08646  274.3607   291.6845   355.72495  321.70856
 326.82324  239.5136   301.04416  313.60938  357.77118  320.2003
 311.70035  304.1376   229.74593  352.0234   273.59128  300.66727
 269.6155   316.7424   360.99057  298.18655  284.5856   322.69217
 363.91687  387.00565  271.81024  319.90723  310.29437  304.7528
 233.2487   254.57191  288.8171   241.8536   348.81366  355.24
 295.02063  229.6117   265.25555  299.0764   377.62286  317.5431
 262.86026  371.3148   305.14117  349.71396  270.48596  349.31415
 276.6217   232.62073  389.71866  313.4504   339.7572   256.33524
 271.2375   365.1368   271.18365  331.77322  310.839    331.66742
 354.27655  402.1503   271.93146  269.00052  321.2171   319.48514
 244.81279  360.4211   279.0715   275.219    370.74298  372.78253
 313.77405  258.50305  332.6454   299.74515  251.79575  289.8307
 332.0177   266.38986  420.18414  112.379616 312.40103  302.3329
 382.05637  347.74918  291.1771   341.47763  266.44095  265.0904
 274.64618  336.36853  153.80142  314.5338   300.88843  279.15613
 335.1198   335.51913  310.20724  238.59908  267.85242  330.02884
 267.4827   294.6817   283.1161   234.74728  309.81522  260.2938
 272.9524   324.0259   302.29126  380.12482  306.9872   301.62662
 332.39594  329.65936  348.64893  311.3284   319.96747  267.03537
 317.55066  326.69864  359.31345  325.46585  281.24496  385.58038
 364.51465  286.54147  252.92697  262.50748  289.10907  221.48016
 365.3561   332.05054  321.27054  364.63678  380.50864  323.14716
 272.7453   267.91943  382.09506  303.28574  305.1079   353.32297
 269.93402  313.2522   282.7673   313.54834  269.78168  169.02417
 345.7861   350.37427  319.9606   327.74417  299.26782  288.67062
 304.73495  253.43225  394.04572  398.26727  277.46005  239.61868
 356.22375  328.71335  283.14304  399.88153  336.4835   328.27286
 236.69365  309.8255   316.773    318.40225  401.42282  319.53595
 218.17033  326.4565   243.61182  308.78864  283.0679   319.54315
 241.80266  255.59647  312.67883  318.6914   299.9229   256.2938
 166.75134  236.72833  327.3362   350.51187  300.03513  379.766
 359.04468  297.739    349.09564  394.93137  243.21709  304.53412
 260.58347  334.02377  284.9236   302.08972  322.33655  382.56403
 319.4148   313.26874  374.14566  273.04565  302.61588  245.17316
 288.35846  308.894    313.1987   326.37308  292.8847   344.52234
 314.26495  299.07706  320.5654   151.40733  243.12401  257.06198
 273.82648  364.6421   269.66083  293.18594  324.1448   299.05576
 392.41647  319.18262  306.93774  327.8784   267.93655  358.4047
 375.32315  370.121    325.5825   225.56769  317.676    271.66916
 312.70984  282.47586  324.99777  258.54724  276.26706  351.22302
 277.47516  266.1544   356.99377  325.01004  303.29428  342.43436
 320.46005  355.2574   315.39606  300.76898  286.8009   316.47333
 304.62146  345.51395  224.34344  317.9461   321.76974  284.13443
 287.12912  429.1754   332.9702   344.0911   283.2911   327.1181
 334.08582  304.5254   385.20847  233.84984  345.84924  318.20023
 302.87277  306.17636  268.9961   305.38867  298.60275  345.46893
 322.62802  245.40053  307.28116  320.28372  319.71777  316.38397
 311.25113  347.1575   280.0384   299.13513  275.32498  327.79343
 292.55923  301.27307  383.43295  297.73334  315.48312  267.57364
 271.76807  320.0746   337.3599   269.11765  370.23062  122.823685
 348.87146  323.191    264.5092   409.86487  312.7877   293.84225
 273.87137  342.00214  287.81995  289.16254  273.71893  258.60388
 322.84753  283.93018  340.40033  303.69107  331.15518  325.45526
 307.39917  297.39694  322.0966   332.0158   376.6739   323.76596
 307.82303  325.96396  254.83223  245.66977  381.84744  316.73416
 375.25833  314.24036  283.27322  299.2536   298.94232  289.03806
 324.2444   441.61917  318.34784  277.991    333.99115  302.9241
 283.1004   122.82168  253.03587  295.12192  344.26462  309.31348
 320.03528  276.7113   317.1419   270.69406  252.05104  323.7835
 321.02325  315.773    327.93396  311.41574  356.94116  349.14758
 376.56256  353.7217   331.96753  401.46024  319.71826  347.78915
 283.82568  273.02145  228.61768  299.33698  376.61627  238.23615
 299.7088   314.5592   385.60898  260.15442  317.0321   289.5116
 320.7287   309.73087  334.8721   309.16968  270.30264  348.82123
 279.47452  350.27774  186.61821  386.6289   334.37125  293.5718
 321.5393   271.29858  290.02124  368.51968  286.2079   232.07434
 303.17194  255.66995  275.6042   352.59885  275.2155   251.73184
 261.62418  386.81955  287.38376  288.13217  320.1805   294.42227
 312.38785  363.64795  353.44333  305.63016  369.1497   332.91006
 296.54642  308.2865   338.4942   262.94193  306.03616  277.97382
 316.14166  295.75745  235.0536   332.3197   324.35458  371.8464
 263.69186  391.29416  353.17953  200.06241  328.48917  335.37543
 343.5342   270.33453  327.37274  293.77872  333.76685  388.27106
 316.98517  378.40152  343.86197  297.58243  304.0553   300.9639
 369.12567  294.57895  263.5512   288.1283   360.8995   327.0112
 351.31082  303.7784   258.24887  290.2523   349.01004  274.50674
 291.56134  308.88885  266.0709   326.16916  297.51468  331.37692
 303.62057  165.03482  326.0287   303.1596   249.8268   343.11328
 292.1274   335.60315  256.45334  238.33006  356.89316  333.72308
 409.93988  274.70715  329.62573  314.9065   358.1251   307.16516
 308.96768  304.9619   281.56613  312.3161   319.33722  319.7085
 350.99332  309.7172   333.97137  319.29062  243.8787   337.34753
 274.68094  326.57666  333.42545  303.8467   298.08533  280.0239
 402.29968  319.53506  306.6534   311.5802   376.97134  351.28314
 281.19244  285.4219   331.7135   296.39377  228.05577  297.2673
 279.65134  313.52463  312.75674  307.72458  309.72958  244.92729
 320.49844  327.74585  297.6714   303.96884  336.01706  331.84464
 312.1646   305.5563   311.34015  308.71646  286.36362  315.29047
 284.82236  283.63327  321.3553   301.4349   334.67822  283.27414
 265.708    234.81503  342.48343  310.03024  297.7002   334.467
 376.22565  342.20728  299.20334  314.77206  332.81815  251.1048
 277.28275  312.1819   271.94836  333.25797  288.37766  326.41733
 304.05334  299.8748   321.59943  307.6384   349.85165  287.79248
 309.60132  307.5464   303.40668  284.16904  478.43756  324.13046
 376.56735  295.71875  311.53772  270.2156   297.293    326.4543
 275.83862  364.3058   359.48816  349.28598  312.54996  273.18466
 403.28812  304.56223  266.6694   329.4606   317.9127   315.54538
 263.5757   203.86734  302.80038  347.57614  285.02844  295.3425
 392.4014   335.99374  257.97614  361.8107   310.73837  369.68802
 368.97266  257.25586  331.22086  300.54468  316.87326  311.13562
 273.71466  296.98425  311.66537  310.9815   422.36075  236.52388
 284.29547  265.1297   121.31713  295.57996  370.07846  346.5057
 328.6535   273.2396   384.99606  344.96844  240.43259  345.40076
 338.05624  276.4663   317.9734   307.43887  358.5814   288.0761
 323.30365  322.93356  337.2023   307.82465  351.54044  260.9596
 305.99182  265.43314  282.64325  264.54034  313.30536  331.23578
 366.11282  280.98837  279.19296  241.72684  349.7096   310.0026
 309.1437   219.22534  296.08658  289.28296  226.61891  313.5718
 314.6944   281.8101   317.4552   319.9515   295.3066   318.10086
 357.98685  311.03995  254.26927  311.53134  255.20465  268.09897
 354.71704  249.84544  252.66357  341.79898  257.27444  249.95412
 269.821    270.39557  258.03094  216.10323  354.7387   331.11584
 300.5081   227.50067  261.84796  315.8748   329.87247  329.1211
 358.67343  343.57526  278.49414  321.50488  248.71135  350.39124
 304.8677   266.8579   313.37646  364.93768  349.1406   330.50052
 307.45163  281.5706   274.69736  334.83844  393.41122  344.3818
 331.70395  334.89877  311.1024   339.5646   304.92264  279.97006
 289.7559   316.00336  281.03577  265.88745  321.20703  314.1557
 308.7713   296.79694  372.14157  350.34268  313.576    277.907
 288.47153  355.94336  367.28217  312.9369   120.45423  364.64288
 257.55087  318.63718  279.64056  360.9543   321.89633  297.851   ]",[5.7003045 6.5748935 6.5903616 ... 5.030636  6.903775  4.1076474],6.233554,0.09103274559193955,0.29276355473366583
3,5955,Transformation_Matrix_W,"[[-2.1836605  -2.966492   -0.5338599  ...  0.5774243  -4.40985
  -0.51638424]
 [ 3.8238394  -0.70939004 -1.8461331  ...  3.8336117  -1.5775208
   3.4101615 ]
 [-0.8200921  -2.2210019   1.1496418  ... -1.1433192  -0.4523281
   2.1329737 ]
 ...
 [ 0.6506146   2.0589595   1.205552   ...  1.5277619  -0.12379333
   2.0546794 ]
 [ 0.97249746 -2.8957515   1.161068   ... -0.4040383  -1.4011153
   0.64989203]
 [ 3.3082435   1.442435    1.0158143  ...  0.2755358   7.0253935
  -2.3155503 ]]",,"[332.08685  324.82364  271.2303   265.839    271.5063   325.9232
 309.3354   337.9482   239.1276   268.31293  255.7413   284.63266
 305.8665   283.02798  282.0675   264.36496  138.93617  360.5629
 247.00005  331.0585   238.17027  266.78882  302.06845  369.72977
 268.92776  288.8941   400.24854  281.78418  281.9172   250.30844
 147.35803  260.73563  334.98605  159.73216  314.33823  290.11896
 284.87784  341.7757   257.68997  282.87314  334.28488  313.7962
 310.1655   227.11192  291.47577  296.83017  348.69244  311.47925
 304.6028   294.6524   215.45436  334.9187   264.5692   289.1434
 251.93301  312.2314   348.50928  278.6644   271.4069   311.8359
 336.76535  371.6062   255.19232  298.6375   303.0669   294.79764
 217.88116  242.72403  279.0683   230.99045  324.5922   342.63907
 288.44754  213.7988   255.62433  292.36908  363.50302  303.2477
 250.54     350.3594   296.5248   323.10693  263.08905  341.10156
 265.4702   222.33936  364.5406   300.22043  320.6133   249.73706
 257.50183  355.46866  263.90097  316.68103  296.50778  318.87494
 339.64795  384.13052  261.89514  259.4989   301.91025  310.0125
 235.24315  339.9428   266.23373  267.54205  357.8997   361.80667
 299.0325   247.19336  317.1628   290.19418  243.9946   281.5005
 319.92615  265.43015  404.18033   99.6842   298.47665  290.9089
 365.83527  333.9768   282.23163  336.35675  257.48984  258.03366
 267.76294  321.43784  145.54668  305.7046   293.364    269.02267
 326.9746   323.22192  302.77844  227.19176  262.61893  314.8313
 257.84238  281.0171   267.85934  230.72888  300.26422  249.54895
 262.01443  306.64154  291.05734  353.4148   293.81177  295.88397
 317.61563  319.74966  338.09842  301.19058  302.00345  258.22617
 304.48517  310.9458   335.68646  301.90375  268.52966  372.0667
 355.77603  276.2158   244.61154  258.81036  282.16855  192.90773
 352.63156  321.6648   312.17606  335.65088  366.1011   302.3021
 263.63858  255.44173  371.1858   294.01578  292.1502   340.6204
 263.99057  296.68726  274.72232  301.09634  262.347    158.64363
 332.1898   341.47318  298.74857  315.70724  286.14645  274.37003
 290.282    241.57481  380.15298  376.29932  265.03592  219.00104
 338.87622  316.8574   279.55316  382.72086  322.4691   321.30783
 229.60324  294.8584   295.73288  307.3776   387.18146  303.87595
 212.78186  318.73984  220.1262   295.92517  276.6916   308.02
 225.36296  246.31311  297.01898  305.26965  289.2948   250.34155
 153.83896  225.9546   318.28894  337.30344  291.51773  365.62787
 349.22366  287.66083  340.83365  374.27277  233.09514  291.14926
 252.66898  323.49396  275.70416  293.55002  308.00125  366.62274
 308.24506  303.98148  362.60052  261.12634  285.11844  235.36559
 282.0287   293.6828   309.1425   315.66165  283.4681   333.56262
 302.31003  290.43805  305.5273   126.56793  234.31601  235.5879
 259.12936  348.93167  264.9196   289.45154  271.49133  292.96024
 383.07828  312.89633  296.17023  320.36148  262.15472  343.77872
 361.7129   347.62958  308.4736   213.20079  307.0525   259.9894
 293.66556  278.04645  312.8193   258.05408  260.52917  330.5976
 267.80545  255.07669  343.3023   312.69388  295.12814  327.45425
 309.00388  342.87357  306.7908   293.6981   272.30576  303.46506
 290.0225   329.54266  216.23512  305.71667  308.70844  263.80725
 280.58923  397.3913   317.21405  330.01825  273.78897  314.28873
 320.0637   286.24167  361.17792  213.1798   326.38248  307.46536
 291.43884  283.13934  257.57394  300.7094   293.54834  337.08383
 311.0936   235.46217  295.86432  301.20746  308.24042  304.37646
 303.31427  334.0671   267.23215  288.2679   263.72372  311.2819
 275.4806   296.27136  369.87708  289.55573  309.00177  254.80775
 233.5675   308.2363   328.9145   257.58597  349.3458   110.505424
 330.66516  307.4537   244.24802  388.4959   295.25565  283.55963
 269.06006  323.88574  255.23537  289.55746  263.43616  255.37549
 312.92767  274.53073  317.9375   291.4328   324.3023   308.63623
 299.13458  284.40372  313.80148  314.35672  362.52136  312.62445
 302.19183  321.2316   246.4772   243.67108  373.28094  304.89224
 351.32883  306.16452  278.3743   287.36807  276.7634   273.19434
 313.99136  425.55478  298.37283  273.407    325.8049   290.4267
 276.62408  109.21808  246.22519  278.50763  326.60483  292.95694
 306.42487  262.5866   294.88153  262.61075  240.83957  314.01138
 306.72882  299.0209   315.70978  296.6686   352.81357  337.03094
 371.85287  335.07077  318.58347  384.2733   309.2959   340.2417
 274.04764  269.6686   216.91048  291.57098  362.35278  223.04587
 288.5461   302.83887  369.13412  247.61133  300.88828  281.64838
 301.81018  290.32776  329.55206  298.80066  250.97054  337.67636
 273.3194   333.35803  177.41576  372.21988  321.43207  285.91162
 308.80905  256.33353  281.20096  351.1153   271.5974   224.57422
 298.5364   245.69057  266.52078  333.75867  263.16367  243.86987
 252.77235  376.3876   277.95993  279.1363   300.9373   284.93768
 302.4671   347.94406  342.88547  292.287    349.76303  322.49072
 289.21457  298.8906   325.76364  253.75319  295.79343  269.6841
 302.8315   286.41678  226.37094  322.84244  309.8116   359.1038
 258.42935  377.93015  330.45782  187.32689  313.12805  325.26843
 326.11627  262.91296  318.6326   285.3426   320.15762  379.70483
 302.9652   367.89474  328.3252   282.39774  265.79977  288.90845
 357.69495  288.5797   254.02184  272.72314  338.0677   308.8649
 332.74316  296.3408   241.33173  277.6082   336.9968   265.47128
 276.9085   303.4255   258.592    321.50098  281.79095  313.93082
 298.95605  149.50412  314.84213  290.3369   235.60808  336.6115
 282.5082   319.29083  246.015    230.20464  335.9667   315.108
 394.82092  260.39682  322.9296   300.43192  338.60767  296.80283
 292.2479   294.25037  273.618    293.07587  306.67197  306.55606
 331.23694  299.52142  322.3315   305.73404  235.92886  329.21292
 268.55518  316.00067  315.35168  297.5628   286.6442   272.8654
 384.9947   302.51126  299.2049   294.6028   355.30374  334.9157
 263.3562   272.95694  318.51764  286.18936  223.31651  290.15045
 270.54727  299.58905  306.12332  293.1412   298.70892  239.45934
 314.18478  312.1516   283.5873   288.6786   323.09998  322.6981
 297.4022   287.43604  301.52002  291.49753  280.08374  301.92465
 264.1292   272.4714   305.19168  289.2322   325.09348  272.88095
 255.03833  200.956    324.36282  292.48398  282.24728  324.03915
 358.70224  334.63748  287.9491   301.46902  323.34045  243.36551
 268.16974  300.06995  262.09198  314.0822   276.91537  320.23938
 287.53372  291.66965  315.1166   296.87573  337.69922  273.82785
 299.13687  294.617    288.20697  275.86685  472.6377   313.90005
 356.42596  287.80927  299.04715  266.12964  291.0694   313.34097
 260.92783  351.17975  341.81378  336.49936  307.01498  259.32724
 388.51434  289.67767  256.62305  314.4563   307.2702   304.22412
 207.56592  183.34032  294.41522  333.6627   277.7638   283.63986
 384.2574   321.29675  242.61433  344.39584  297.3344   352.92712
 351.76065  243.79733  329.6787   289.33167  296.58435  294.76764
 262.69775  283.77493  297.5443   303.7334   415.83588  224.114
 272.27313  259.42026  110.62116  284.9555   353.21783  331.29468
 322.04922  257.72858  361.6386   334.23782  231.331    328.82816
 314.127    259.99557  299.35455  296.49323  342.90442  280.238
 310.4954   310.645    322.6501   295.6945   338.10135  251.95218
 294.14285  250.40459  272.41824  259.78735  305.6064   318.63495
 345.1021   269.40115  266.68365  231.38599  334.11258  287.23087
 304.19052  209.95169  284.4425   275.75537  219.43745  303.51236
 300.83118  267.42535  296.8168   302.69876  292.04916  307.6741
 343.79224  298.79498  249.70615  299.0291   247.79753  262.20343
 338.9468   244.20901  247.17558  333.39355  245.62189  237.14319
 259.78183  256.1919   242.76187  205.6496   345.8921   321.20428
 291.5097   218.41508  227.10837  303.66934  319.0968   314.4191
 343.65747  335.18436  268.23306  313.6307   240.81262  342.0782
 295.4552   259.6483   301.03705  349.9039   340.8844   323.25897
 300.40747  263.19574  263.83804  317.67603  376.69702  331.90805
 321.84637  321.6044   303.61926  330.40958  289.83548  272.5625
 280.68246  293.2333   265.9389   255.87181  307.5117   304.46292
 291.5561   286.99008  345.89926  339.1357   302.95728  267.62427
 280.4833   342.05994  349.4984   300.3789   107.0791   347.79202
 248.52637  299.2484   270.5476   342.43243  308.13602  289.95688 ]",[5.4348636 6.1426935 5.9652762 ... 4.9085393 6.3714595 4.035663 ],6.103997,0.1361712846347607,0.3462509461154508
4,5955,Transformation_Matrix_W,"[[-0.16727056 -1.4079343  -0.50631946 ...  0.5767163  -0.9473776
  -0.51364577]
 [ 1.1794157  -0.50044096  0.38740373 ...  0.01715112 -1.0424125
   0.3894021 ]
 [-0.53012955  0.23168916  1.0167108  ...  0.5344271  -0.5421511
  -0.69207335]
 ...
 [ 1.4411663  -0.04470567  0.2617234  ...  0.31979713  0.16508968
   0.46046755]
 [-0.4499352   1.366898    0.21297054 ...  1.0931956  -0.21049564
  -0.8392819 ]
 [-0.04430278 -1.4049902  -0.64582485 ...  0.14904514  0.89009404
   0.13269332]]",,"[318.41373  317.85446  261.1108   258.1386   267.3356   314.2388
 301.04184  320.99686  233.60796  258.89175  247.54292  263.95078
 298.17035  274.87012  273.28012  245.55525  129.9457   340.1447
 237.5868   320.81387  225.85626  255.87375  293.88666  347.34863
 262.06964  282.04477  385.4292   277.7748   274.70224  243.89879
 142.02278  249.11737  327.3814   152.52849  308.9359   280.25525
 276.9672   337.08752  255.53624  275.33682  319.4247   305.22678
 295.2988   222.09451  283.1968   287.38962  333.4648   298.29428
 296.85364  288.28604  209.5528   327.2332   253.90761  284.95462
 241.6541   304.12033  340.68384  273.83905  264.82993  307.35016
 329.11432  351.48184  246.7972   289.51627  296.7118   285.96957
 210.71184  240.02573  270.4572   225.54239  315.8797   329.21567
 279.1163   204.01013  251.78354  282.7463   361.98325  291.71524
 246.27025  339.68277  285.37433  302.7277   256.519    331.87106
 262.12015  215.9497   349.3911   292.50122  306.25037  243.83179
 251.58665  342.86566  256.6185   313.5678   285.05023  309.15222
 323.7092   367.7489   254.05049  256.95145  294.6171   301.6917
 228.33365  324.1827   251.90536  264.8736   353.13406  345.47662
 294.11777  245.24211  303.62146  277.82886  236.67368  274.957
 309.39304  258.57214  396.26285   92.58883  291.3661   283.6731
 358.94315  327.5305   265.99374  328.63907  254.14984  251.52428
 256.44614  313.43185  134.81288  301.5944   293.18887  256.91513
 321.33948  318.32315  294.34586  217.35097  257.6939   307.56696
 254.83481  272.67505  268.06256  223.86958  293.82117  246.08139
 252.68895  297.72192  281.43402  350.2001   284.76764  287.141
 306.2471   307.2424   325.75003  288.3927   291.6759   253.48283
 295.2187   295.422    322.5927   292.3292   268.3407   358.0572
 347.99838  269.3544   238.40804  255.56773  273.7076   177.10545
 343.9226   311.30508  305.39294  319.56686  353.46347  280.12634
 257.08472  244.85806  356.96954  292.1448   283.35397  327.98502
 254.6517   288.8699   270.41885  287.04025  256.2464   155.3594
 318.98532  326.65417  294.0392   304.76035  284.1293   268.60678
 279.54456  233.89854  372.1754   360.16858  252.75996  214.79706
 325.0902   301.7386   272.44272  368.7531   312.83575  303.28122
 218.58467  289.78134  283.0782   296.095    380.89267  296.24036
 209.28496  307.1603   210.32498  291.2448   270.9189   293.62823
 216.18011  243.03316  291.98178  295.0088   278.8748   241.02202
 148.8256   214.5439   308.40768  330.3962   285.77     356.84042
 332.4715   275.21017  324.4748   365.73535  228.29285  286.41544
 245.2853   310.27893  270.03543  288.1837   301.198    360.57352
 297.32242  299.4312   356.28592  255.20361  276.28564  226.61475
 277.6667   283.2114   297.91174  304.1765   281.40616  321.83115
 295.53006  281.2342   303.38824  116.55513  228.40295  226.90312
 252.18059  337.60776  255.12196  287.00644  241.08276  281.27362
 383.15918  303.73206  287.94608  311.52792  258.22778  331.7718
 355.71774  335.26978  295.42996  206.47647  293.06824  251.31607
 285.4563   271.56393  305.81665  253.21457  255.49687  325.2501
 257.9593   242.50578  330.31     304.5041   283.64807  312.21683
 306.29865  334.94705  296.44907  287.07193  261.50098  296.62598
 285.77246  318.48166  213.08195  295.9453   298.06058  259.36887
 272.12753  380.99948  314.09183  321.87024  265.47336  308.58426
 311.77347  275.51172  348.65295  201.91338  309.9733   295.3736
 281.24783  273.63055  254.01292  289.39145  291.37592  329.52478
 303.0567   228.37054  286.9082   288.94495  300.03046  297.91663
 297.1171   316.21967  265.43042  282.57306  255.54457  301.6155
 269.9316   284.90564  359.17868  279.79315  300.2221   248.91908
 220.98628  298.2461   316.3712   253.24123  331.95276  105.16115
 318.75104  295.04892  226.32373  378.2516   290.90933  277.88507
 260.97726  308.40305  237.54092  284.56732  259.10385  253.42715
 304.0679   268.92947  312.83215  286.22302  316.5228   301.5149
 291.7664   272.88245  309.571    304.73688  354.6377   302.52417
 294.7125   307.15582  241.40569  237.70279  355.65115  290.2452
 343.8473   300.43192  269.23032  276.83347  265.80362  267.1447
 293.80698  419.4329   284.44656  266.1899   323.17752  282.19418
 274.57654  103.296875 236.9959   271.11572  319.98053  289.7878
 297.97705  253.85335  280.6399   257.11243  235.88705  301.3664
 298.64706  291.60574  311.4205   288.32742  334.59152  328.6804
 359.32092  323.48288  309.84406  374.3692   299.95682  329.34552
 266.90024  267.1202   200.32028  283.9386   349.29498  216.9586
 282.20938  293.38504  363.93433  231.10887  292.27625  274.9101
 292.92694  281.01773  313.36728  289.90958  237.4372   329.71704
 267.6428   327.50278  163.97684  361.15616  314.53583  281.38696
 300.12683  243.23111  274.09213  344.44     266.01065  215.28387
 290.8728   233.18312  255.69371  324.80753  258.28488  239.58643
 245.03036  361.6809   264.78024  272.72174  291.63885  276.66318
 298.11752  340.50894  332.40768  281.75998  334.72842  311.2816
 279.81802  290.23782  310.30667  249.1773   284.6056   263.32437
 296.40494  279.0081   219.2187   312.53406  295.95828  339.78998
 251.20009  365.37515  324.78018  174.68495  300.79272  321.5137
 313.56137  259.095    313.85147  275.2979   309.24802  369.027
 293.365    356.85767  315.31024  275.2811   245.5558   278.11285
 347.2822   287.59512  247.95291  263.56305  320.5447   293.4384
 316.36017  292.55667  232.63808  272.3973   326.27164  265.92722
 266.2953   299.59897  251.89493  322.69455  272.15164  303.3148
 287.11432  143.11618  303.86923  277.20322  226.86212  332.61935
 276.96902  317.37262  233.67387  225.98157  328.31625  306.1611
 378.5617   253.5405   314.49387  299.77078  326.17987  291.39056
 284.14096  279.24966  267.05405  281.63953  297.71628  303.11328
 321.65295  293.14615  315.28668  296.94214  226.01157  319.09528
 260.9683   311.45767  304.02295  289.30826  272.5242   264.68076
 374.01114  292.01642  287.46097  283.431    343.12286  310.7548
 248.55777  266.038    306.81625  276.8751   218.46275  283.66498
 265.33926  288.31665  307.29453  277.17932  292.71594  228.70934
 302.0671   298.9399   272.92822  279.54282  314.07935  312.03363
 287.85794  276.16928  299.68304  284.07062  268.1894   292.16315
 250.65732  270.12863  297.49747  279.83548  312.32138  268.55753
 252.26616  178.60323  310.888    283.03186  274.46036  316.96722
 344.61252  320.88214  279.30588  288.4368   318.39587  234.69852
 261.00797  292.15814  255.76765  303.8763   276.82846  313.76996
 276.9008   281.3885   305.55185  285.79053  323.75317  261.5669
 290.81003  284.6635   272.28436  274.8856   459.18027  305.03735
 341.21387  275.23395  290.37485  261.72516  277.67426  300.60767
 253.07687  338.6474   331.44592  326.8358   291.57587  254.2037
 371.80975  282.83286  253.26517  306.15927  298.82013  296.06625
 182.69695  172.98741  275.5137   327.3001   272.5047   276.7704
 378.04254  314.62457  236.99835  336.50424  284.0357   340.9135
 345.37433  241.79053  321.02548  280.3402   286.45187  288.6632
 256.4659   272.6861   285.05078  297.4508   398.85526  223.66885
 261.80026  253.66864  104.40666  273.3831   339.738    322.24573
 313.11392  255.79077  350.14984  327.78366  221.91093  322.00778
 305.80045  252.19026  287.8646   291.4669   337.4251   276.02637
 299.93796  303.2346   312.50018  286.69525  323.54056  244.23344
 287.236    239.00447  263.34744  251.12659  291.32974  305.18146
 336.25848  262.77045  258.8874   227.72124  325.25995  280.28415
 298.3489   201.4044   278.44623  270.5093   212.85944  295.0333
 292.6845   259.39722  291.48016  295.3985   287.88272  301.4903
 338.19476  290.67535  245.69177  292.75903  242.17442  255.86708
 326.7724   232.2656   235.67906  313.9521   239.23184  231.93408
 256.4969   250.89075  237.64185  195.57103  339.28473  312.41162
 280.76962  210.05167  210.16524  291.80173  305.00574  306.2204
 333.31024  319.92398  260.5159   299.21957  232.65529  326.17352
 289.7893   253.8339   294.85437  337.16702  331.18216  306.949
 291.71817  257.37146  261.15906  308.6284   365.20645  320.46118
 307.05212  308.36612  289.58978  322.877    280.75043  264.1
 279.5074   292.5042   258.9858   247.28165  301.71863  296.61398
 283.68036  284.8558   329.04865  325.77365  296.3901   258.3833
 269.34723  330.6065   340.78143  291.1988   101.34635  338.8769
 247.43001  289.0671   264.60718  337.10718  300.2263   280.30563 ]",[5.809727  6.4607763 5.4197774 ... 4.8101444 6.4183965 3.8387847],6.010401,0.17027707808564232,0.37964632254321473
5,5955,Transformation_Matrix_W,"[[-0.33457083 -0.7736194   0.6097261  ...  0.7808119  -0.84041137
   0.4932678 ]
 [-0.03472189 -0.16101861 -0.11364529 ... -0.6853418  -0.05256981
   0.98490375]
 [ 0.02644746 -0.17897575 -0.7337539  ...  0.77157116 -0.39712477
  -0.13093564]
 ...
 [ 0.53642195 -0.3620371  -0.67167026 ... -0.1518318  -0.6726649
   1.983699  ]
 [ 1.374018   -1.0958564   0.15697254 ...  0.10808125  0.04335261
  -0.6940451 ]
 [ 0.20197006 -0.09711982 -0.6325104  ... -0.6875546   0.7913004
  -0.10303035]]",,"[303.39078  305.56528  251.2675   248.71196  256.84384  298.8366
 291.85138  309.27115  220.34769  253.70926  241.56302  253.69867
 286.59656  260.61206  261.78952  230.584    123.69283  326.23886
 227.30843  311.20505  218.92567  247.88036  278.24274  325.71365
 252.03236  274.1608   370.8928   269.75433  267.94922  233.72789
 133.26694  241.38754  313.9453   143.47882  303.32877  267.42847
 260.35944  326.1355   240.46834  255.73686  302.87222  289.94385
 284.18262  218.13716  272.0885   274.73166  314.36813  290.30078
 282.5602   269.52115  198.11172  306.2509   249.68608  262.52185
 224.3779   295.57654  328.9007   260.18933  259.11267  293.7446
 316.01382  332.5497   237.35887  270.52994  292.12686  283.42664
 201.03255  235.30331  261.9858   218.05403  306.77548  311.2071
 270.88235  194.60658  243.9004   272.73752  346.18112  278.4183
 240.00153  323.4334   272.00333  278.87787  246.53824  312.52194
 252.17688  207.7813   328.9742   282.21088  290.34586  229.22153
 239.04553  330.6916   243.3789   296.81915  276.40424  293.58005
 297.22916  342.02798  246.53899  249.05988  283.13663  287.8934
 219.20992  301.8859   241.95363  255.79088  342.25418  327.7174
 283.13983  234.97035  292.64627  265.349    227.27452  265.40454
 288.1319   249.53737  383.5054    86.31081  278.32477  272.61768
 347.97147  313.17703  260.3953   309.07327  242.35779  244.31755
 248.35707  299.572    127.304634 289.05154  280.9939   244.25104
 306.7688   301.4584   284.56464  206.20363  248.86966  293.54977
 244.88194  265.37674  254.70459  221.19191  278.2706   237.6328
 247.12306  283.34656  264.51285  333.76605  268.56955  275.58264
 288.37448  298.70612  318.43198  273.90326  277.93137  248.90495
 275.86414  282.29977  303.2797   269.28503  254.53166  348.26196
 335.8362   255.0277   232.01396  242.97258  259.7921   158.54381
 329.60617  293.0561   291.73282  303.03287  344.9142   261.47055
 248.46368  234.67166  343.54565  274.7436   268.49567  307.75684
 247.96353  273.3424   263.2999   270.746    247.81535  150.1264
 302.58936  320.8468   273.70172  290.03726  278.09302  257.396
 269.9235   222.64514  355.39337  343.70514  243.40935  202.66217
 311.99585  285.33594  260.5947   353.45703  303.28732  292.8371
 211.44513  281.76645  273.9054   285.5153   356.38873  292.5201
 197.8419   299.11145  196.26543  278.6379   258.49677  281.97055
 206.12999  232.16628  278.36356  285.52118  266.02396  232.30719
 141.87465  206.88763  299.8036   317.8678   270.41782  349.26657
 326.0429   266.42007  316.95358  351.88516  211.23055  274.20587
 241.13629  298.9892   261.3039   278.42047  290.3749   347.57336
 295.7236   286.85327  343.89355  250.71095  268.92908  218.97423
 261.17188  269.096    287.27765  289.03857  267.50912  298.459
 284.57056  273.42285  295.04337  104.11635  220.37837  216.95686
 247.03983  326.63358  242.13728  274.57608  205.87831  275.00436
 368.1705   290.93613  277.2032   298.78894  250.7656   317.3899
 337.84564  326.81033  285.41818  197.61638  284.3702   241.12952
 273.95428  265.68616  288.09216  246.96916  245.72913  308.80386
 247.6995   233.55707  315.1072   293.76294  274.14014  299.3048
 297.56735  325.70404  288.02414  275.36902  250.62836  285.09607
 268.47214  306.99457  203.44966  282.9589   283.3508   252.62524
 263.48227  355.2476   295.41446  313.50082  261.60745  300.32672
 299.082    263.53574  334.22275  187.16563  297.05823  273.9567
 272.00452  266.87775  250.22307  287.5644   281.22922  318.35434
 290.25253  218.53827  272.757    281.28873  283.45493  290.98883
 281.9974   299.92044  257.25858  273.20605  240.57527  291.52267
 257.41315  277.31488  336.7661   269.88785  295.94882  231.83153
 200.85387  287.86993  301.85742  243.2182   327.70398   97.661194
 311.74164  272.99152  205.51102  365.91974  282.4461   267.56284
 252.96976  301.4367   211.78432  274.9304   244.70628  241.30978
 287.73404  260.16064  299.77942  276.33032  305.26675  286.45404
 286.26303  262.2312   292.99756  293.0958   345.41293  291.04385
 284.98462  298.67587  232.09843  228.67496  340.71332  274.50116
 324.2219   285.23618  261.38766  270.9192   247.47856  254.47429
 278.0669   398.03668  280.97925  256.42416  309.9152   266.28024
 259.708     92.8015   232.04362  263.3081   298.10938  277.56815
 278.57916  241.46266  263.65222  246.8475   227.92488  292.2516
 278.65805  280.38348  297.88654  279.75134  322.25168  313.797
 345.82346  312.72238  293.13974  352.98032  284.44397  319.4587
 257.07898  258.27798  181.87372  277.04822  333.0828   211.19307
 274.60336  283.18182  347.5972   224.3245   278.68735  265.67966
 270.59097  270.09866  303.3368   276.74545  223.2471   314.57608
 251.2739   315.6476   157.20656  340.91592  307.97665  274.72952
 288.01392  224.98994  260.79178  330.9977   261.1442   208.9506
 280.8965   230.24599  246.2165   316.59625  248.06474  230.02893
 238.96419  355.0862   255.2841   261.53354  277.41376  269.72897
 280.42877  327.16052  323.6669   276.0785   316.26352  297.79343
 267.61194  280.04947  303.22586  241.58455  277.33276  255.30063
 282.91248  262.97586  219.166    299.0791   285.12186  328.4005
 238.0087   346.22925  307.59372  166.56006  288.51025  303.7514
 300.0614   252.79196  297.674    266.0105   293.08264  360.11725
 283.0616   349.88275  297.72223  267.01877  212.01909  261.29132
 334.97473  278.07877  240.63557  256.04865  299.1604   276.70065
 307.65033  286.55927  215.4144   268.79007  310.94022  258.59116
 255.71295  283.25113  249.9345   307.86633  255.02142  295.02173
 282.23807  136.71765  299.33118  260.65436  216.40266  320.6336
 265.86032  302.01483  222.31383  215.07304  308.07407  302.33405
 354.5178   245.07047  302.4862   286.4749   309.6128   273.09518
 267.53827  268.80292  257.15265  271.47403  284.3171   289.6954
 313.75427  281.4158   304.00452  287.17624  221.58421  312.6183
 253.16418  297.0482   290.91364  279.54962  264.19098  255.77667
 349.92664  281.8329   281.41617  273.7715   326.017    295.5043
 240.07036  257.6803   297.84622  269.0077   211.88567  272.06094
 254.38234  284.13635  295.2573   266.1636   280.88437  222.66919
 297.86478  277.6762   262.81116  268.16455  307.67444  301.1559
 277.51816  264.80475  285.35623  270.29108  260.57547  278.43985
 236.77481  257.1976   284.2613   274.148    298.57233  256.79773
 239.86823  151.03152  295.49048  268.73575  260.73853  295.94467
 329.65616  310.50024  262.01294  273.7288   308.09464  225.8231
 251.14862  275.53143  250.08691  295.00998  268.01132  303.94757
 262.24796  260.39883  293.93848  275.1156   305.194    252.22874
 282.7247   269.08188  260.09775  266.53027  447.1735   291.56723
 328.76816  267.64584  280.72763  252.58942  269.2177   287.56317
 240.09856  319.77457  320.66824  310.90305  274.91687  242.29459
 357.46426  272.39584  248.15775  295.18796  290.31546  281.24084
 159.06297  157.13263  265.2863   316.11432  266.8389   268.03323
 364.4525   302.49216  222.63315  316.6809   273.27713  317.79108
 337.42966  234.05762  309.763    261.76428  272.42157  275.35883
 238.49968  262.88046  271.9397   288.47058  381.813    206.23532
 252.0191   246.50528  100.79426  262.17157  325.53195  308.43033
 293.67746  251.41943  337.59995  310.8773   210.05582  314.99973
 290.21762  245.03625  280.46344  279.56763  324.5093   268.48645
 283.60062  288.61172  295.2325   271.52335  312.5489   234.43579
 278.01343  221.79652  250.18027  243.38037  277.1764   295.14615
 320.71762  258.10953  244.01863  224.12599  306.27057  268.9463
 289.5444   196.04007  260.36932  258.72485  209.24112  288.1643
 277.26196  250.71751  272.36993  285.045    274.41504  293.78772
 319.14487  278.07358  237.01639  278.69092  235.69563  241.54347
 309.8979   222.57379  227.94826  306.9181   227.46184  226.05994
 243.53998  235.16837  228.66985  191.00587  324.26666  300.21014
 268.7994   202.27129  190.47833  278.87976  301.3439   291.83752
 321.1852   306.944    252.52579  286.51068  224.23404  314.2062
 279.1846   245.343    281.60043  325.2807   313.57965  291.86676
 285.1423   247.32587  255.135    303.2744   352.25656  308.0766
 287.2709   294.99326  280.86118  309.81088  268.71075  254.73479
 267.94543  272.771    254.17139  228.47406  295.65988  285.89957
 272.32034  268.5619   302.1451   312.6312   292.7586   244.46378
 254.55     318.90808  335.23325  283.8246    93.62836  326.07022
 235.4481   276.13303  259.18042  317.747    285.15918  271.83463 ]",[5.7324867 6.718974  5.239698  ... 4.5559936 5.90063   3.771431 ],5.883027,0.2230226700251889,0.4197231126751547
6,5955,Transformation_Matrix_W,"[[ 0.09895945 -0.37302276 -0.01737549 ... -0.6017341   0.4176935
  -0.20855482]
 [-0.23765853  0.43883103 -0.16040577 ...  0.24375856  0.46722308
   0.14220272]
 [ 0.32181615 -0.02931768  0.03511841 ... -0.16661261  0.01713108
   0.10320161]
 ...
 [ 0.21903889  0.1814789   0.2358557  ...  0.5379003  -0.21288395
   0.20875092]
 [-0.18282849  0.193393    0.3063386  ...  0.17150855  0.733914
  -0.10506628]
 [-0.30975118  0.12608632  0.00111499 ... -0.16863614  0.40892076
   0.13860543]]",,"[294.35397  293.05304  245.22008  241.69339  252.41318  288.87344
 286.32254  293.46466  215.43823  246.51956  230.6283   246.54716
 274.21948  257.77487  249.62529  220.89055  116.304756 317.83716
 222.03804  306.8633   212.58104  246.10834  273.46432  310.57846
 248.12318  269.98642  366.58066  259.97348  262.40652  229.30199
 126.183365 230.75905  297.93198  141.48825  292.8909   261.48184
 253.78499  316.6575   236.92834  247.92184  294.8088   286.91992
 270.54276  204.31447  272.4989   264.50116  305.994    282.617
 279.7203   271.23947  192.15013  295.36774  243.94188  248.1508
 220.88483  282.84073  316.7603   244.87437  250.06683  288.95053
 308.74744  318.41434  225.50916  262.86673  285.82578  277.98557
 197.98672  231.83179  250.64523  206.12595  303.2602   310.57037
 271.80673  187.8967   237.77818  264.13956  342.6366   270.19476
 233.63417  307.6013   262.82178  252.24431  245.73866  299.11053
 248.07584  201.14809  313.2266   270.7334   280.10898  223.29315
 230.31276  313.98788  241.11026  287.62454  271.8665   285.6485
 293.27332  332.2506   241.34999  245.00461  269.35678  279.73743
 210.53029  293.25247  241.51811  251.33981  330.58835  317.51627
 276.90225  227.23012  278.40366  262.64618  222.54103  260.254
 275.81134  244.07799  374.17963   80.69864  277.4952   260.53436
 335.3628   307.30676  259.86197  298.69043  238.75725  237.78662
 243.34093  292.86728  122.20983  280.27762  276.6584   236.69568
 293.32608  299.33878  279.7614   207.21999  242.65297  284.65723
 236.80334  256.17282  248.71571  216.38914  272.2449   233.09079
 240.25252  271.94113  261.566    332.4171   260.51154  269.91248
 278.46918  288.7703   322.423    260.10175  264.19067  243.60547
 261.95517  277.01443  299.22186  253.26537  251.46751  336.28372
 318.7418   248.47475  227.90436  237.48538  252.62447  152.23436
 316.33096  287.94498  281.54288  297.86035  332.79935  250.84402
 237.96768  223.02861  327.40585  270.18414  267.56412  301.11392
 245.4206   272.4634   253.62543  271.05933  243.75543  142.6154
 296.09067  309.43704  257.38904  278.45288  269.91287  250.43848
 261.82358  214.57256  347.35098  335.388    238.51765  204.39563
 302.9362   278.81027  255.57944  344.54245  290.8882   294.97525
 207.76785  273.75287  261.58865  283.08615  354.38116  284.30246
 190.70322  285.74484  191.4736   274.05093  250.93977  268.3308
 203.42348  224.848    272.82593  281.1533   254.35681  226.69034
 136.93318  202.1886   279.91626  305.38733  265.8478   339.70712
 314.4483   259.64435  311.02533  339.7318   202.7299   272.03964
 237.78917  292.41745  250.71796  274.133    278.39673  330.22052
 273.98486  282.5504   329.7248   241.5905   259.41806  209.70724
 260.70477  263.8435   282.55188  277.9336   261.15726  288.5216
 277.7711   267.84778  279.89648   94.53854  214.92397  207.89418
 240.92592  322.29153  238.51462  267.70874  184.59018  270.71017
 358.14505  290.8135   271.2883   297.38428  246.75453  304.89322
 333.44064  319.6594   278.80887  188.23651  274.09982  235.60457
 271.14636  259.13712  276.61655  242.7726   237.53357  298.90167
 238.46085  225.82503  293.64496  286.54425  262.08057  289.17288
 285.71008  309.69266  279.7446   267.75705  249.81938  282.31583
 261.88974  297.18942  195.91968  276.32556  273.03986  245.8488
 254.80711  339.99582  289.82504  301.17746  250.3104   285.2582
 295.6533   260.03375  321.47397  179.25186  289.6139   267.52664
 275.89108  255.82481  245.8016   280.928    275.70267  306.8921
 273.70773  215.53732  260.97653  268.89273  280.23788  283.87537
 283.75235  287.00278  251.756    262.677    232.89265  283.82355
 260.90918  271.61783  326.29675  265.78375  287.3105   218.44995
 189.87823  282.13617  294.7513   232.33896  314.2751    93.14184
 297.9511   266.51117  184.58147  350.65295  270.1255   259.22314
 247.15941  293.7263   197.63435  268.15262  241.43504  244.91748
 272.5123   255.51225  284.18353  269.96606  303.30978  262.1261
 281.3707   252.15152  286.12994  286.50156  332.46188  282.61786
 272.8575   286.06897  227.33086  228.12054  336.22476  262.33258
 306.78192  280.63147  253.89795  260.8802   230.40419  246.83714
 269.18423  385.31744  268.1506   253.13496  305.48416  263.26398
 255.37366   86.60765  224.76442  252.04974  295.27896  270.2025
 263.53387  234.88692  251.47005  239.32516  223.13895  283.2548
 273.16205  273.38354  295.74484  276.457    307.97147  304.297
 333.35028  303.82144  287.26544  348.44775  272.6632   312.68045
 255.81282  252.74153  170.59995  279.73218  328.9807   205.65562
 259.90738  275.75433  347.01517  209.98447  266.2861   255.29529
 264.91602  266.2044   297.04337  271.32318  215.53354  305.11752
 249.11128  310.6573   145.777    334.04837  306.16864  267.93137
 278.31128  208.31003  251.1901   320.33603  254.99715  210.37207
 272.72568  224.97812  242.55368  301.27353  236.69292  224.5243
 238.56302  339.67883  249.32474  260.0554   266.9336   262.7682
 278.84457  315.05627  312.28738  268.12692  292.02435  288.9205
 262.1099   270.55527  292.52216  226.54648  261.36005  245.16263
 276.01044  255.78525  217.34932  281.47708  276.6492   313.5509
 229.65227  334.9513   292.3603   160.96732  275.6338   299.45334
 292.21948  245.22827  299.05905  260.54114  287.25375  347.71518
 276.37244  335.42813  290.11877  259.5628   191.45273  244.74248
 323.09436  268.96313  236.28493  238.75746  287.38187  262.17444
 303.49567  279.0887   208.80453  263.44885  299.60016  255.63889
 253.49487  276.18735  242.68437  304.50656  249.6033   288.7434
 273.08212  134.678    285.8051   254.36974  209.1186   315.09692
 266.33026  288.67325  213.20065  208.98146  304.5759   292.20392
 337.24985  241.61375  294.3577   283.6791   294.8606   261.99466
 256.42496  258.54825  256.6034   261.27774  280.48505  284.77084
 301.14777  272.21634  296.6437   282.53976  211.8854   299.26425
 245.47699  286.0561   279.30676  276.60764  259.6615   249.12334
 340.25452  270.14966  276.44894  268.12088  319.65274  289.19778
 225.43875  255.0244   299.26764  260.80765  204.79324  269.78125
 248.05319  276.1269   290.01205  254.24358  276.5549   221.18904
 294.2543   264.88223  260.44168  259.99582  300.27286  295.4114
 267.897    253.43018  276.1512   261.8222   257.26166  271.39462
 224.97787  253.30527  277.65375  264.1257   298.40836  249.79004
 236.87138  139.5128   292.53162  252.353    257.90866  289.11343
 319.77844  308.0686   252.27559  260.33932  303.92758  220.43637
 237.39099  267.6317   241.64233  285.63428  260.19986  297.30035
 252.04948  251.60124  289.1934   269.7546   299.3217   249.16933
 270.02243  261.7791   257.84335  260.01733  444.65842  284.84622
 313.32056  265.50287  274.8102   248.29912  263.27942  282.4719
 235.56416  316.7809   310.80603  305.99576  269.10764  240.58182
 348.8683   263.92197  241.02829  287.278    283.5247   277.2916
 151.79987  146.08461  254.18027  304.93848  257.2267   258.38242
 351.63248  297.20645  220.82466  301.88486  259.6064   301.66135
 327.51758  227.77565  299.07812  256.45505  266.08984  263.74396
 235.01302  260.3005   262.97934  277.6297   358.45694  204.71828
 242.98245  236.13594   97.0922   254.96367  320.67084  300.41232
 278.4113   242.61887  331.90683  297.6574   206.47255  301.92987
 284.40173  234.93405  269.16696  275.87128  311.2434   265.0778
 279.0508   290.22324  286.27094  266.27808  301.2929   229.1501
 267.45392  212.15773  243.39975  236.97426  269.10934  274.54803
 310.43372  255.17532  238.01167  218.44867  296.98566  265.3685
 281.61804  191.99635  245.7009   255.92456  201.32857  277.3007
 275.6382   245.49817  264.43472  277.07422  267.66797  287.38605
 307.25537  268.30646  227.76944  268.0038   239.00188  239.75133
 302.0457   214.93835  220.216    302.5394   218.18855  212.60687
 234.96964  230.47476  222.1718   183.94968  313.18958  299.56076
 258.96472  195.61491  187.25693  265.56744  293.46573  288.06464
 309.60437  301.94913  245.02869  277.6993   227.55418  298.24237
 279.9587   241.86606  269.74402  325.6906   305.2398   286.91263
 279.95944  239.84782  249.11707  292.12067  338.75708  294.95236
 279.32336  285.57825  269.66028  297.06854  271.74564  249.40576
 257.34012  266.8912   250.23767  227.9736   285.4505   277.7793
 265.51978  262.0315   291.21216  296.73462  280.7486   242.45554
 250.83235  307.62997  320.95923  274.38916   86.94373  322.3769
 231.37784  267.95987  250.56116  311.47028  266.77548  262.00497 ]",[5.4804378 7.025875  5.189472  ... 4.936581  5.679387  4.110548 ],5.796615,0.25712846347607055,0.4478264297703071
7,5955,Transformation_Matrix_W,"[[ 0.09235681 -0.92186415 -0.12636653 ...  0.1713577   0.12511012
  -0.06136648]
 [ 0.25375977  0.00823395  0.17957285 ... -0.24719338 -0.03708593
  -0.02856329]
 [ 0.23771985  0.16388904  0.17423834 ... -0.20382504 -0.27937755
  -0.03523494]
 ...
 [ 0.07744538 -0.20357679 -0.08324844 ...  0.28053948  0.07063723
   0.2970128 ]
 [ 0.48352394  0.01116337  0.25526917 ... -0.2673532   0.45372736
  -0.22581851]
 [-0.3581685   0.05565616 -0.3471966  ... -0.38573676  0.14995305
   0.59102356]]",,"[276.61786  283.22092  243.22716  238.3632   250.09795  277.25085
 278.17133  288.67825  205.30978  241.40373  218.79916  241.43083
 271.1012   248.54506  241.4145   204.0709   113.88589  307.68982
 213.62828  294.17856  207.3404   243.57655  266.77554  296.96448
 240.72955  263.02438  348.2669   256.6349   258.5188   226.19122
 121.53319  223.10129  292.1818   137.93651  287.42273  262.34036
 242.77005  308.71478  232.55325  242.19022  284.37198  285.24503
 257.72345  198.61295  262.45544  270.16833  296.05487  267.82965
 263.08997  265.86194  185.20447  294.12448  237.31068  240.87787
 210.79297  276.3066   305.36307  237.93585  250.86905  282.14856
 303.7658   317.0024   219.16417  253.17516  277.0556   280.1417
 189.57228  225.83714  241.86707  206.27321  292.26788  308.28055
 265.1721   185.10114  231.31383  255.28896  336.46188  263.69855
 229.46252  296.1879   258.33905  249.07475  245.27731  291.20776
 237.50519  201.79532  302.1742   266.2717   275.19708  218.73602
 224.27762  313.30536  234.22707  282.76172  269.07504  281.27527
 279.05264  313.35162  233.10698  234.96992  265.40115  273.32635
 207.34482  278.77127  223.88126  245.39496  317.3973   311.20288
 271.49323  224.87177  265.2982   252.71014  213.86772  250.77673
 261.45917  237.87794  361.0653    77.99037  266.8699   253.10887
 317.74237  291.702    253.28734  293.0311   234.6574   231.35324
 238.70432  282.56006  117.70218  280.56595  275.76416  223.62344
 275.4948   293.27145  262.9859   196.69963  239.27248  277.69412
 228.67146  245.80524  243.77982  214.40988  259.8185   227.3417
 235.15344  263.4966   251.93193  317.97726  245.12129  262.37253
 279.98544  282.8606   307.39172  251.2442   255.64314  238.01216
 258.59366  262.7813   288.57233  244.9011   244.23624  327.61795
 316.77914  238.80852  223.37547  233.91814  241.57712  144.25633
 316.2635   285.12775  277.90677  295.45462  314.78842  232.75667
 233.69012  212.61557  319.35986  265.5891   262.4508   294.8464
 242.49905  268.81284  243.43523  260.74817  236.48997  138.30421
 287.5183   308.3191   251.45546  280.6253   256.78622  245.74092
 254.08548  209.48753  336.7095   323.7936   238.4312   195.24652
 290.65805  277.8801   253.76755  328.37958  281.5112   281.2098
 201.36595  265.62482  256.16284  276.98166  345.4909   274.75397
 188.37817  284.52396  188.13107  263.4053   247.63945  263.0023
 199.92026  219.9206   260.78003  278.49084  251.20607  221.45242
 130.42676  199.36435  274.6762   295.00684  260.72107  332.73416
 303.5449   256.9065   305.513    328.79877  193.91252  267.93243
 238.04951  284.90952  243.71408  272.1706   266.74307  327.0741
 266.41855  268.20703  322.01016  238.1391   254.27618  207.96292
 255.9811   256.197    273.881    276.90247  255.96272  282.41498
 273.4683   262.87674  276.65128   89.00526  206.4207   198.04465
 238.28267  311.94012  236.37547  259.02216  162.98767  269.11246
 351.18762  279.7755   265.45483  280.60345  240.05177  300.34564
 315.0886   316.49213  272.89706  187.75226  265.41135  227.03929
 267.09796  258.52725  268.24536  239.9345   227.33923  290.81766
 233.485    222.52032  296.76483  279.4104   256.7063   278.96695
 273.13034  300.25146  268.78497  264.52225  234.03114  276.536
 261.20062  281.7317   198.06723  275.20044  263.95917  236.95314
 247.14828  328.59488  283.5557   292.74188  245.07002  282.50482
 287.49533  251.00645  309.61218  169.16374  279.87082  262.0186
 266.5912   252.03026  241.28441  274.30667  271.83084  299.46475
 271.5636   212.18002  257.02158  267.73923  276.0228   279.6694
 274.43927  272.84702  244.87524  262.03937  228.70734  281.00748
 250.15193  269.81757  317.73746  262.64038  284.0817   213.80714
 178.79768  277.19946  285.18494  228.40822  308.60474   89.88077
 303.4517   262.46164  172.4979   325.61746  264.735    261.62415
 242.47185  284.04178  183.5235   264.97824  242.29086  234.91954
 267.59268  247.17552  273.48526  259.51102  297.56546  256.21106
 278.41205  251.49223  282.9161   284.09375  321.30255  273.30872
 275.87646  276.56146  218.98802  223.47441  315.72275  258.1746
 304.9113   275.15723  253.68898  261.07266  227.6269   246.65216
 258.83902  376.0485   262.62735  249.68767  300.78845  249.20424
 246.10837   84.00243  220.79372  244.37895  283.45856  268.66608
 257.2413   232.79077  240.6819   228.31445  219.21745  280.46716
 263.03308  271.2443   286.62375  265.1276   304.92227  298.64258
 323.491    296.42792  274.49472  337.26102  275.12918  305.35168
 250.23741  251.1767   162.0934   267.4444   313.81503  203.42131
 256.9785   261.6157   337.13788  205.68964  255.05301  241.70346
 260.933    257.5515   290.43317  268.62466  203.13766  290.38702
 236.20514  301.4519   142.99426  319.15533  303.2996   260.8016
 271.67438  202.01108  244.91182  314.2917   253.73325  206.95566
 266.71985  224.55197  236.01257  291.67627  232.14635  225.44121
 231.51416  320.11316  242.49287  253.75105  261.75314  259.65698
 278.8748   311.44632  303.85956  263.03442  285.32007  282.67722
 249.42845  268.47375  289.80588  217.86118  254.57347  238.70422
 272.36624  249.69023  211.32356  278.1255   269.06146  304.57275
 226.12592  327.1872   279.01346  158.7338   270.79922  294.4811
 286.061    238.53316  288.62463  253.16156  282.5587   344.37976
 271.33734  323.94894  290.07117  252.89378  172.60295  238.22627
 318.62802  261.02908  232.68575  234.08746  282.70673  259.43466
 291.2241   272.33185  196.30153  259.07022  290.62158  246.93755
 243.7083   272.4543   235.76672  301.21463  247.61293  273.02948
 267.73026  132.06021  274.30344  239.46909  199.08452  300.58313
 260.6639   281.44592  204.24925  205.85306  303.93127  290.85303
 340.0059   235.69435  292.60156  274.51355  284.3931   258.62476
 245.32103  254.27972  245.38023  257.6228   276.2021   272.0846
 287.59595  265.2361   288.1731   275.0236   211.41821  295.40897
 238.91206  275.65915  264.51413  272.91043  259.17322  247.36168
 329.84198  261.31915  270.8421   258.09036  308.71884  276.86923
 219.0597   250.29887  291.01102  255.7994   203.51872  261.776
 238.84927  268.86975  285.14645  255.60974  274.74353  212.53172
 283.66068  258.6756   250.61319  257.49304  287.1021   286.99084
 262.9331   248.8442   267.8512   249.66777  250.9703   272.46808
 206.16342  244.3298   271.8304   250.07417  295.35974  248.8912
 231.94952  128.14008  290.7876   242.82707  254.12764  276.1863
 308.70917  301.6553   238.91916  253.95691  300.38333  210.61694
 235.6349   251.43404  235.34764  281.67523  248.10922  288.63232
 245.07878  244.14236  279.53064  261.68484  284.79608  244.28094
 260.40854  257.91183  248.7123   249.28874  442.10025  281.46255
 307.20358  260.93762  269.23453  242.60165  255.24153  278.8442
 228.35385  306.18835  296.505    294.37848  266.39334  235.97346
 342.18042  260.53613  238.43544  273.58182  279.71173  272.46222
 141.49504  141.2861   251.97552  297.1451   247.63304  257.99075
 346.81104  290.70706  214.29036  290.2722   251.89171  297.1702
 318.46927  222.83965  291.23685  244.74103  256.8616   259.49194
 226.97206  252.84673  256.48206  273.01938  355.84863  201.44414
 240.77994  237.39421   94.83295  254.5983   311.03265  293.2541
 277.46295  234.12923  322.1119   288.1446   200.46637  293.86386
 281.0787   233.23431  262.01282  269.62558  299.47238  257.29636
 270.88358  281.9475   275.90585  264.1127   297.8911   223.25397
 258.45773  202.52805  242.07886  237.40282  264.8218   269.2824
 300.069    248.67688  229.56569  214.42372  286.53305  253.13208
 281.77753  189.0074   243.82773  253.16933  200.71632  272.7357
 265.0196   241.52226  258.82422  270.7221   256.61224  275.09763
 298.96442  258.04364  224.13458  267.5552   232.37328  235.53056
 296.08713  210.76266  213.39072  301.92526  212.03123  206.96262
 225.66502  230.69115  217.12279  182.76512  299.2895   293.75565
 249.80722  196.18709  171.3176   262.5736   274.28674  270.75818
 301.59537  297.30118  245.64363  270.66788  219.18039  297.0478
 274.71246  230.21344  263.1816   315.99258  297.28564  277.04297
 267.68033  238.05093  245.09262  272.23297  327.85547  294.66965
 276.37378  285.64542  258.09973  293.553    262.5044   243.87221
 255.02344  257.22583  242.47069  225.8237   277.11627  276.33246
 251.76407  257.62604  278.05438  284.75238  275.91644  236.8534
 243.17021  304.2689   318.18622  266.59332   83.173775 316.1655
 226.57227  261.55118  249.49568  295.66168  250.29292  257.96823 ]",[5.8402433 6.547524  5.3173304 ... 4.6598444 5.6265283 3.6860049],5.7197366,0.28574307304785895,0.47213379238579434
8,5955,Transformation_Matrix_W,"[[ 0.3888243  -0.07729259 -0.06809276 ... -0.07836818 -0.16303729
  -0.3192399 ]
 [ 0.1391226   0.31640145 -0.1924924  ...  0.08743772  0.15506788
  -0.03574714]
 [ 0.00623656  0.03299622 -0.01380178 ... -0.03205731 -0.11952426
   0.21015626]
 ...
 [-0.27515662  0.19502094 -0.29358408 ...  0.18120976 -0.19368906
   0.07088915]
 [-0.046405   -0.04151903 -0.05664112 ... -0.2003853   0.5163351
  -0.09987881]
 [-0.21221495 -0.07933692  0.06269915 ...  0.17202653 -0.09728809
   0.5176029 ]]",,"[253.41963  257.814    222.94489  222.00049  233.44173  252.27922
 255.65529  259.36444  190.80109  224.23589  205.07101  215.26057
 240.57277  223.64558  220.30518  176.39807  101.673225 289.29855
 195.53058  274.96057  188.67436  221.81468  250.85342  265.64978
 217.35365  242.25032  311.9311   236.00507  236.11372  207.31668
 110.607765 209.2177   270.36835  127.505226 264.77966  240.87086
 222.59673  284.70343  213.35286  216.86572  259.12662  264.14337
 235.2838   182.42665  237.58664  244.97166  271.67007  244.43698
 239.50534  236.56358  163.73756  263.49802  214.85677  217.34048
 193.1595   251.03972  285.5609   208.75728  227.29744  257.3571
 279.23074  281.25723  204.5881   230.68695  263.2072   258.1171
 172.44693  210.791    228.11925  192.73866  262.3394   283.6264
 246.7031   168.38272  211.2164   228.18346  309.22836  234.6124
 207.94551  274.21988  240.64334  215.24316  220.14099  260.02808
 214.64452  189.46802  272.4006   247.4277   250.8331   195.24858
 197.60655  291.30878  221.23271  249.58847  239.58138  253.50662
 249.41608  289.34125  219.54425  214.33057  245.36577  250.58531
 193.51054  252.84203  208.59871  225.10599  291.34064  276.5546
 245.03197  204.01967  235.01297  239.96971  197.97072  226.12938
 246.33577  221.7457   331.55325   74.06699  247.62714  230.74281
 290.77444  269.48312  230.32463  271.54657  213.63611  211.71153
 219.57532  254.17184  104.19949  253.08173  258.09787  203.62733
 255.70868  270.32825  242.26428  182.18863  218.62283  258.0344
 210.97882  225.46306  228.2795   196.26697  239.3196   207.97939
 215.78723  235.40797  233.7657   293.94803  226.53871  245.59438
 245.93024  251.75497  285.00925  230.4991   233.12689  222.26984
 236.93433  236.68193  257.61493  208.11423  223.3086   299.40588
 286.74637  221.77884  207.62352  211.95782  214.33823  123.54656
 282.5638   248.33176  260.68396  263.51666  282.35635  204.80617
 215.13306  187.29     282.5256   250.70757  238.00496  271.3942
 225.49748  249.39378  218.55208  245.87592  218.24956  125.235466
 258.74402  278.2071   227.08066  256.90866  232.10123  226.20905
 239.14677  191.45164  312.74155  293.5479   219.62059  178.86203
 257.9473   247.95813  233.29443  283.85388  256.25464  250.14792
 184.38385  244.93622  230.03236  255.93674  305.0267   260.34558
 175.37294  267.80243  168.86922  237.13538  225.4351   235.57748
 181.50087  201.10233  242.80577  253.34389  222.26866  212.52104
 121.13835  182.1115   254.00014  268.60757  245.17221  301.19537
 279.14624  237.01253  282.22617  302.36252  175.78404  249.11514
 216.93082  260.6383   226.11143  243.68314  244.44151  287.67398
 240.07849  240.39748  287.46323  220.44795  232.55724  185.9391
 235.67067  239.85446  247.61331  255.8672   236.65544  259.94894
 255.0582   244.28226  257.36914   76.209755 188.81906  174.835
 223.6639   294.57013  212.34239  240.48027  130.43018  244.93565
 325.32123  256.33728  240.61882  264.71036  224.50131  278.32727
 289.24915  278.68777  251.98178  165.72261  242.48962  213.67761
 242.85718  240.31737  245.54956  219.11658  212.7468   266.0361
 212.36737  198.7251   266.23303  256.20648  241.58897  251.13962
 241.9801   272.0718   249.34863  237.08197  217.47736  256.83978
 243.43596  259.8843   185.81998  249.3631   240.05162  218.28552
 227.29803  288.0487   255.66766  266.59723  221.55148  253.61382
 260.7266   231.87822  276.38968  153.47163  256.22784  236.69336
 238.41853  232.04187  223.56134  253.55957  258.04816  269.94278
 246.45529  194.11728  243.39992  236.86243  252.64453  260.18796
 253.36281  245.42265  224.49048  245.16519  209.16307  254.05702
 228.32213  251.7659   287.52792  243.3552   259.2408   195.23189
 157.6772   255.56102  262.7943   205.45683  283.54416   82.4871
 278.91342  234.45206  152.45197  297.6165   241.59047  237.19257
 221.03905  265.92715  155.84409  248.25786  229.61287  218.23213
 252.86084  229.01898  247.3831   238.282    272.43427  226.93024
 259.15527  226.39426  260.32532  253.98566  286.33975  250.96004
 248.45569  246.01198  201.39659  209.64082  286.75864  236.14119
 266.96378  254.56323  232.30733  235.7766   197.05965  220.06216
 227.75479  338.44403  239.98576  227.98943  274.88983  221.07173
 222.25981   74.510666 199.91258  212.24352  261.35406  241.10582
 222.37274  213.4686   224.28706  210.71278  201.6234   251.99799
 238.2868   249.17773  256.63022  249.14462  275.42615  275.17273
 288.2385   272.20978  250.68419  302.0045   248.91057  287.5739
 229.26727  236.9563   141.89922  247.11214  280.02667  179.36208
 236.49127  244.71884  302.54645  186.06853  233.86351  222.93721
 229.23738  234.86179  267.056    239.85895  178.58037  263.04553
 222.48871  274.81906  129.76869  284.6392   278.4713   242.9748
 250.62192  177.51752  226.61368  288.24078  232.46982  188.66968
 249.78896  205.20737  213.65959  273.64078  208.48285  210.33205
 216.48674  286.24167  222.68312  227.34564  240.02084  237.44083
 252.07387  271.15347  281.69254  246.05563  245.65927  260.00003
 220.92015  254.62035  266.9036   199.5922   239.06252  222.2502
 248.42769  225.22174  197.84863  252.65332  248.37245  272.6877
 210.46277  295.97968  252.19263  143.79695  242.3834   266.97092
 256.3842   224.58281  273.80496  235.64485  244.15407  309.1769
 250.44604  297.30713  266.00143  228.27052  149.43018  208.30244
 293.58832  239.21785  212.16034  207.93904  252.83675  228.4952
 263.51654  254.66307  175.54999  236.97725  266.21423  228.47015
 215.96783  250.54295  220.63841  280.4706   219.27852  261.73654
 247.7005   117.868614 255.18109  222.80334  176.39096  279.84268
 241.13603  251.21115  189.30325  192.02287  277.39728  263.6792
 307.95496  210.338    270.51138  252.675    250.65416  238.20741
 223.9494   234.0902   221.54353  238.9027   255.85657  246.60437
 261.93936  249.84505  261.8443   256.89185  193.29396  272.65662
 218.66956  250.89294  250.06648  253.62015  232.34401  226.78334
 293.6184   236.09128  251.51633  240.59184  266.8194   248.27592
 198.43788  231.16687  268.6701   238.01488  190.81577  240.96457
 219.02676  247.20586  270.0254   242.93497  252.95312  195.92514
 261.8345   238.34915  231.6579   227.00961  265.2385   256.79175
 235.89378  227.29266  248.2424   231.06612  225.35533  250.1606
 182.5986   222.16257  257.63626  231.70914  277.983    227.37822
 214.99559  109.93748  268.20908  216.884    231.14746  250.31612
 281.04532  275.1868   215.69421  228.80977  274.3133   195.94298
 222.86473  231.21178  222.97456  255.24545  234.76353  263.3297
 214.21161  224.43858  260.3535   246.39685  256.1867   220.60596
 237.26283  236.54807  232.06717  234.1488   421.14795  253.38881
 277.98276  232.24176  248.29712  229.81885  233.44533  242.97356
 212.28183  270.76328  273.07666  272.24854  246.85353  218.18575
 308.37994  237.41225  216.22084  244.953    258.30722  250.62746
 121.72508  125.63908  237.49591  264.59927  230.76263  237.95143
 317.3726   271.12225  199.35295  259.39825  227.42134  265.95862
 288.17737  207.956    259.737    226.42928  239.73868  232.28458
 205.57468  227.30774  231.62807  253.55518  310.79642  183.8441
 217.7935   215.5265    88.02144  230.91548  279.3506   269.36395
 248.31627  212.61778  282.80438  259.80157  185.5414   263.097
 261.90924  212.83824  239.24501  248.36179  267.56177  244.09227
 243.90237  265.8172   256.42105  237.67157  270.27295  206.41371
 233.58603  183.29057  229.22772  220.10902  239.00346  238.06757
 264.77264  232.38504  214.21979  198.60287  257.3714   231.57977
 260.33337  179.28918  229.12102  235.89693  183.29407  257.2279
 243.69536  222.21669  233.72078  245.57613  231.40344  258.42026
 275.18738  231.89381  207.96935  251.3515   216.13785  212.81946
 272.00217  191.79155  199.71396  280.5902   191.99498  193.04805
 210.59319  204.82776  196.09154  167.73749  268.33203  273.9527
 233.97101  183.08768  145.68555  240.43457  259.98486  246.63606
 270.1897   280.85095  228.79686  244.32866  196.84145  268.31027
 255.04393  212.22986  240.68329  287.14832  268.3347   246.45428
 243.52243  214.12167  224.852    244.73389  290.6461   272.52234
 252.12952  256.7      230.41513  275.41144  244.05206  225.09688
 231.14674  237.00514  219.15735  200.90155  254.06166  252.29822
 240.25415  245.06015  245.85878  259.54517  248.33443  216.67973
 218.74362  273.61365  283.42792  243.8228    74.0828   281.11115
 212.54485  238.59389  229.53416  264.5629   233.77509  234.33412 ]",[5.1399884 6.4561357 4.8027105 ... 4.3314605 5.625064  3.660195 ],5.4603834,0.37863979848866497,0.5422637017976816
9,5955,Transformation_Matrix_W,"[[ 0.3732933  -0.07800858 -0.00668649 ... -0.0089503   0.02927724
  -0.04316889]
 [ 0.0514971   0.43921575 -0.06639219 ...  0.08314833 -0.11779685
  -0.13295619]
 [-0.0215098  -0.01313853  0.3184814  ...  0.0806924  -0.03433061
  -0.06811758]
 ...
 [ 0.03932611 -0.12859333  0.02262551 ...  0.43517262 -0.05007941
   0.02705204]
 [-0.1772929  -0.16352883 -0.16771209 ... -0.13426816  0.5958506
   0.03249845]
 [-0.02919876  0.2352324  -0.06497479 ... -0.00342815  0.04365721
   0.5130212 ]]",,"[208.58887  204.52852  177.89021  180.90677  184.20653  210.14627
 205.86203  209.09933  158.90477  186.71124  167.80713  177.57693
 198.92741  177.90579  172.27177  145.31386   84.08381  228.22118
 161.0646   231.80017  155.10532  187.26552  199.14888  210.3143
 182.96042  204.45753  251.87447  195.171    191.64064  173.88687
  88.53198  172.81654  210.42172  103.25746  221.14543  197.47353
 188.10808  223.30388  185.9877   179.63026  219.7921   225.96164
 198.30685  151.44121  197.90382  197.00967  215.13878  189.42923
 199.27762  201.8773   133.90433  217.65318  172.33809  182.14285
 163.19022  209.7134   227.32039  168.35655  191.88597  208.35915
 234.73996  227.94966  168.68779  185.96901  209.2413   219.5914
 139.98296  177.66238  185.64629  150.36986  207.70074  233.21161
 214.02118  135.09053  173.03743  191.06029  243.31541  195.1701
 171.3077   217.961    196.14503  173.1748   185.67094  200.47873
 177.69322  159.21724  215.15909  198.01126  200.51398  158.0334
 170.54166  227.04198  183.24158  204.35857  189.94592  206.25407
 198.86249  243.0945   177.61125  175.27011  205.57687  201.37917
 159.71593  209.77898  175.08699  185.84955  229.55875  216.1734
 199.72446  175.57901  200.30463  193.69492  163.39026  188.72443
 203.1622   184.55489  265.16388   63.83737  202.94887  186.50381
 224.3054   217.6874   185.42798  221.57222  170.55217  168.01877
 182.0349   206.32292   85.27634  214.80188  211.06876  169.11829
 197.62308  217.53851  197.76872  145.08194  176.54872  211.1174
 165.43997  183.83498  191.72678  169.18001  197.74255  172.36292
 182.01364  189.13733  187.86105  237.9088   185.49649  203.85797
 207.43791  204.34332  234.0874   194.25316  188.7306   195.6143
 197.26633  189.48975  204.48907  155.89684  179.055    236.80496
 240.87143  174.73701  174.87389  181.88866  173.59007  100.16253
 234.82204  202.18736  213.49472  211.71977  231.04552  165.30031
 178.94286  156.91772  229.49757  200.49658  202.07887  209.52438
 191.93912  205.17203  177.36769  202.2903   179.317    100.954704
 212.35269  220.67436  179.72865  208.64255  195.09944  184.88521
 197.56075  163.09784  252.62578  237.91504  179.51018  158.28601
 206.3193   208.10304  189.5468   222.26132  216.23917  202.66214
 152.68083  199.581    191.95369  204.70122  248.28337  215.63147
 142.50436  215.26233  138.45897  192.01366  189.0281   185.28404
 152.62216  166.72641  207.80798  213.7207   182.83371  174.19919
 105.31995  158.85132  205.3798   220.2952   200.68715  242.2354
 226.27068  191.59512  227.46918  238.75197  144.37296  198.29648
 181.1889   208.69962  185.62152  202.93123  199.71318  227.77438
 195.9084   194.08946  228.19681  177.47289  195.23251  156.4857
 183.83289  201.06702  202.09148  209.6352   190.80058  210.40866
 205.3313   204.61238  205.31187   64.76003  154.3933   145.77025
 175.17654  237.91302  171.68347  187.9728   105.90912  195.74529
 259.00046  211.5146   196.94943  204.37752  181.64493  231.83835
 221.48846  221.69624  204.68332  141.16524  202.18243  182.03897
 202.70467  195.10466  201.5106   180.4796   170.51022  215.62209
 177.84592  163.2794   217.02063  209.1886   192.3507   208.47893
 201.03772  226.20245  204.54846  192.09901  178.85178  207.5159
 201.17064  215.89267  155.66193  207.90527  197.9549   181.17075
 184.56573  230.40857  201.63176  214.81628  183.46153  209.73041
 205.13785  190.36607  210.08612  124.977974 211.44632  184.15576
 199.2866   193.81543  186.80116  207.61623  209.74753  224.04225
 198.1598   165.3639   207.35822  187.09172  211.4498   212.53473
 202.73561  202.28497  182.92775  191.96637  171.96513  215.00969
 182.66359  198.71265  230.68262  204.32103  215.37123  168.28282
 126.4158   209.40375  221.51414  170.6245   225.99353   69.14464
 232.14565  188.00543  119.591484 238.11128  195.29877  193.60411
 180.9202   219.15126  120.44832  205.01892  189.67804  179.79942
 208.46404  183.0524   197.87941  188.25623  224.536    182.05066
 214.92136  186.07098  212.65788  204.28967  234.50764  197.89828
 208.44322  202.60178  171.42056  168.45334  227.38171  192.1456
 208.6739   204.53827  190.52477  198.94627  154.51082  177.40782
 183.71573  275.42404  190.5028   189.66959  222.25456  177.96068
 184.57004   63.409492 172.18375  170.7443   214.15472  196.16376
 184.41454  180.27603  175.44922  176.05978  160.82547  209.78711
 194.62376  196.81776  212.90025  208.54033  218.65482  226.07579
 231.25731  229.149    207.332    243.28207  208.37576  228.88701
 189.22592  195.11317  115.41704  200.03877  217.12292  144.15999
 196.0363   199.4736   230.1012   153.56847  185.44168  178.5649
 191.43127  194.34798  221.04216  191.71823  141.37975  212.09987
 179.97415  225.38246  103.54606  230.10873  225.43085  202.16452
 202.81917  144.7785   184.96596  237.39493  193.56683  162.16313
 211.42596  175.60573  177.8369   221.74313  168.62451  175.85048
 175.00189  228.85619  182.40887  183.31258  190.01384  201.70758
 202.02654  222.61804  241.21568  208.91557  199.2386   222.03583
 178.45566  204.89445  222.98053  168.54242  203.37018  178.53539
 197.9465   178.97362  168.0498   206.10834  199.14655  214.40675
 174.63695  243.30713  212.32495  118.4687   197.39766  229.1901
 210.63051  194.1517   224.09541  205.16586  198.83817  241.15135
 204.00433  229.82402  219.55986  195.409    116.198425 155.34218
 241.41208  198.14569  175.59746  166.74829  205.76945  185.98816
 210.59895  208.6998   142.09325  203.7753   218.42313  192.95833
 176.47711  202.06865  173.11652  226.1723   178.75804  211.48207
 207.8681   103.84502  207.72041  176.33273  143.95593  237.00487
 197.29832  205.73048  157.28009  153.57816  216.87222  210.74649
 238.43863  177.51715  221.0031   214.6062   203.37735  184.50623
 176.69574  195.9204   185.23811  200.45032  209.91473  192.0187
 213.2455   205.18056  218.78352  212.07082  159.14995  217.77936
 191.76607  201.66093  202.08621  206.78111  192.91603  187.54196
 228.11748  183.69196  208.3906   193.32394  212.36069  201.72986
 158.79016  192.06837  221.85873  200.78459  164.57883  200.29408
 182.12134  191.19115  216.82082  200.1576   207.16013  165.76634
 208.67497  180.63783  193.11642  184.67172  207.70946  209.8392
 192.0489   193.30151  206.03502  182.75957  181.38594  205.7828
 140.72195  185.0206   205.83174  191.06487  227.8197   179.93558
 170.4767    88.936325 224.34633  176.29617  185.23161  204.44656
 231.70491  237.3706   176.07906  178.66553  225.98071  159.35774
 182.1272   198.89978  180.86082  199.7524   189.86032  211.84149
 176.50938  194.78197  208.1688   204.79623  204.651    178.04538
 195.84946  193.05049  186.68103  192.01088  386.59787  207.87883
 215.79422  189.04866  191.26138  183.75055  186.17938  200.42429
 178.19998  213.76515  216.232    225.1779   203.34262  178.53511
 253.2348   190.03435  182.3515   201.9058   207.87468  198.7192
  94.9154   101.61991  189.70654  219.34157  188.72244  194.05592
 256.35675  218.47247  167.78859  207.7386   187.07277  215.92949
 232.36943  161.24237  214.93027  192.612    201.34943  190.39732
 173.50017  189.69514  189.00786  202.83316  251.9577   151.81767
 178.97142  177.01122   68.82626  176.26115  225.44307  213.4661
 200.16248  170.272    229.84991  211.77647  152.67169  218.57794
 211.25255  166.95412  193.68332  202.60696  212.76517  190.98427
 196.70044  219.08139  205.6311   199.45062  218.1841   170.93698
 189.26941  140.05339  186.43959  182.66968  203.5361   196.90022
 213.39871  188.89293  166.6761   163.15125  204.64406  187.62514
 219.0498   149.41074  182.1337   195.50006  147.09123  199.29135
 188.80884  188.95209  194.73256  206.50087  191.50456  209.37132
 229.19266  190.05067  175.64003  209.40768  177.25027  177.79
 221.99356  158.0374   162.43422  234.43706  161.06357  156.89682
 179.38951  174.1766   166.62486  140.54988  221.72495  217.70015
 186.83469  153.76     114.530815 196.38278  205.81328  206.55864
 220.3041   217.2489   190.48254  204.24255  170.11406  221.71744
 212.26645  176.32208  190.43591  239.31628  221.5339   188.87408
 210.93106  170.71132  186.9247   199.8649   230.36082  218.05362
 202.4706   215.49736  194.93483  224.04213  193.69876  188.6906
 189.52962  191.34843  178.86098  170.21648  210.88232  199.66086
 190.84042  202.05661  188.97226  212.09004  212.35173  177.82423
 185.44339  211.4574   220.35661  196.88293   60.77296  224.91673
 182.42993  197.50586  189.53659  207.29996  184.14261  200.55862 ]",[4.005245  5.3694015 4.5849056 ... 3.830934  4.536171  3.5447345],4.919171,0.5326448362720403,0.6584421198851043
10,5955,Transformation_Matrix_W,"[[ 5.40539026e-01  5.56326064e-04  1.23965204e-01 ...  4.44192216e-02
   1.28997147e-01 -1.72146950e-02]
 [ 4.71281447e-03  5.50960660e-01 -7.64642060e-02 ...  5.03489412e-02
   1.15899295e-02 -3.08725871e-02]
 [-2.46048253e-03  1.98532417e-02  4.79369342e-01 ...  3.72631550e-02
  -1.37201454e-02 -6.08671047e-02]
 ...
 [ 1.63364764e-02 -6.84024021e-02  4.00070883e-02 ...  5.79352140e-01
  -8.01072568e-02  2.62568519e-02]
 [-6.30623177e-02  7.24264048e-03 -8.35718587e-02 ...  2.14540716e-02
   5.40011466e-01 -4.66408990e-02]
 [-3.68814147e-03 -3.39526422e-02 -1.01235718e-01 ...  5.52239716e-02
  -3.24491113e-02  5.65695226e-01]]",,"[141.95274  142.04607  132.72354  125.16002  124.22011  143.65094
 139.69164  141.80545  108.53264  122.76188  116.08045  117.377266
 127.587975 120.42004  117.90474  103.061615  62.138924 156.28874
 121.87861  146.02785  109.11055  124.234116 139.90268  144.98622
 122.91804  138.61035  159.85445  127.55934  127.37586  121.15743
  65.99623  116.61828  145.4287    74.614586 145.56381  131.3891
 125.64859  145.3342   123.55499  126.8675   151.43387  148.03014
 132.7848   106.25023  135.72449  132.77654  137.52316  133.87856
 139.70628  137.38974   94.392845 133.50674  119.225784 126.394516
 116.99401  141.60944  154.1012   107.585915 132.62439  138.75766
 148.78534  147.61992  113.09761  125.69362  134.23634  141.68987
  94.36044  121.00388  133.54373  106.13201  136.45818  155.10587
 133.37834   95.81587  119.99648  127.34496  158.81627  131.31116
 116.64543  134.98128  135.65936  121.48057  125.6938   133.27658
 127.61343  105.30746  139.2572   126.38928  136.06305  109.6626
 116.36109  153.71608  116.703    137.52228  125.90817  138.40952
 144.47379  162.45305  110.00641  124.62262  137.70775  134.39209
 109.34998  139.15604  122.43911  128.08644  150.4937   151.68027
 143.60219  118.09505  140.90495  128.02185  113.17712  131.84824
 139.08931  122.76641  170.97905   52.92009  137.48766  121.984566
 152.84325  142.42648  126.52311  150.71802  110.93367  121.70027
 133.58183  144.06725   67.68545  143.98146  135.20184  118.63463
 138.06607  139.25278  136.56499  101.934586 116.334854 153.1486
 118.50199  133.55888  133.0372   116.96733  125.29871  118.057045
 118.627144 121.26944  127.567566 143.89407  126.9615   136.27353
 134.2638   135.79167  158.86252  128.70811  128.91827  130.2847
 135.09325  131.06786  128.18575  109.47136  120.03494  158.87512
 156.65541  121.92533  123.228134 124.00805  117.23933   76.601906
 161.68108  127.246956 144.90773  140.48903  160.89613  115.74934
 125.637924 116.10513  156.55725  135.17346  137.83311  143.19852
 135.3532   137.23216  119.578476 122.46132  119.83249   76.73997
 134.35269  139.39575  127.05298  135.9181   133.17152  122.50513
 133.3682   110.56576  156.01761  156.22368  117.916245 115.15631
 145.30125  140.11855  124.90234  141.41257  142.59932  127.243996
 108.70301  131.28497  128.09087  133.65332  162.67146  141.21175
 105.27338  144.97363   99.60908  139.34563  129.99355  133.39438
  99.5209   121.96902  136.39066  135.25363  120.80188  121.914856
  81.65487  107.437614 136.41727  150.98106  140.27289  158.91145
 147.64426  129.16537  154.64297  156.8039    96.75363  137.19847
 125.708824 129.73653  128.03473  130.33429  129.03427  160.81517
 128.10861  135.99944  144.18965  123.58953  125.6417   106.787315
 126.8404   128.33717  130.5757   137.59377  128.74901  145.88527
 136.49944  133.3653   137.35039   50.303467 107.05999  104.37211
 115.765884 161.13792  112.7553   132.74763   79.392166 124.63678
 162.16661  133.08803  136.6988   132.23688  122.04179  155.98843
 148.60675  145.12154  132.7521    92.04899  139.416    126.25347
 142.49962  123.19892  134.68025  124.34823  119.26398  144.22813
 121.35734  117.127235 151.8752   139.13814  127.55748  137.72142
 132.94841  150.69788  133.392    120.90719  121.13443  137.02055
 135.94435  143.3627   112.1401   132.10385  137.78218  130.45197
 126.62497  160.79547  123.73432  143.43753  122.800705 147.0903
 134.5955   126.796104 139.98659   90.94371  139.69519  125.24799
 133.00098  125.87588  116.75389  138.73378  139.50485  147.12126
 143.09056  109.730446 143.68575  123.22885  139.15775  139.6132
 136.4821   138.63896  121.39427  129.68521  119.85029  148.7766
 122.25633  132.03418  153.0016   128.4595   145.25983  117.421104
  90.40103  143.68361  152.68196  117.51694  146.06314   53.255825
 149.20894  128.97603   86.74384  146.3724   130.07314  132.29225
 117.06077  146.58679   89.11158  138.5024   128.61734  116.26337
 145.52603  117.85644  130.83731  131.51468  150.28506  125.49523
 140.06723  128.55307  140.00018  143.20659  156.00285  136.05049
 140.7255   132.71373  116.70661  117.23822  153.20438  123.87843
 134.64188  127.47754  124.97092  131.7081   106.76758  121.35567
 123.03857  177.81639  127.18214  126.52792  141.7313   115.501976
 128.798     51.00327  115.598076 118.26282  132.7046   137.3408
 124.27046  114.389404 120.644936 125.02274  111.77833  145.9339
 131.53401  136.08751  143.77124  140.03394  149.70238  139.46065
 147.60622  155.21431  138.3905   172.96777  140.53528  155.31216
 131.62907  129.95592   85.69517  125.69486  146.05876  103.556
 131.27295  130.50772  156.07584  113.4809   123.411995 125.43128
 129.5584   125.73459  150.07594  133.70941  104.90975  139.63528
 125.93759  151.42159   73.537025 154.2141   147.47978  133.14745
 137.23132  101.36532  128.87799  158.17838  127.598526 112.0026
 144.02608  112.86635  126.311455 154.43166  117.95351  122.653694
 120.281784 149.53867  123.6213   124.598434 125.6742   134.87648
 136.88277  144.53714  158.85439  135.33232  129.6962   150.80464
 121.27171  125.85242  142.02936  120.90241  135.35779  121.7871
 138.93527  120.26235  121.140724 137.06577  137.50583  147.2805
 121.698006 159.78325  151.50545   82.43551  133.65186  145.28442
 141.11316  126.7597   146.37059  145.38905  128.62831  151.0148
 136.29532  152.14857  150.41289  125.88522   90.967834 108.905334
 150.85059  128.82109  122.92361  120.86761  139.65353  126.09644
 154.435    136.6259   102.15492  141.29962  139.0208   125.36305
 124.364876 137.13235  116.45674  152.04793  118.65971  140.90773
 137.91185   74.90789  143.82056  123.39226   98.25502  155.40244
 132.50795  138.43796  104.500786 104.442795 147.99487  136.81831
 157.47154  118.85501  147.33505  148.4899   131.66176  119.91738
 127.379395 137.60455  132.3058   137.59987  135.09384  137.21144
 156.19804  139.97072  144.26086  139.47723  120.87373  144.45715
 135.18109  126.409195 134.42493  135.47316  130.77432  125.22343
 154.8695   124.05043  137.86392  132.70467  138.26738  136.85536
 108.922676 131.41968  143.51971  126.05281  107.89613  137.01222
 126.098564 140.6883   145.5914   136.06415  132.51152  115.045166
 134.52318  128.39601  137.34659  132.02974  143.10374  134.18655
 139.12616  132.25089  134.52792  123.31106  125.058304 132.55927
  99.688034 124.60871  139.13803  125.134865 157.80257  119.59205
 115.20837   68.911156 146.91551  124.91121  119.98271  132.92555
 152.8346   150.64925  126.90001  121.68041  143.50508  106.37769
 131.83014  143.35907  123.94415  136.40288  134.49731  137.13171
 119.67771  123.918526 141.3858   133.63493  141.55975  114.62391
 135.1038   134.00208  129.14035  128.28172  303.5645   138.08363
 140.49332  121.97444  131.0432   126.42149  127.47802  127.19614
 121.84838  142.39061  144.83716  148.72726  133.93718  115.083626
 166.9289   123.11105  127.08761  138.94598  141.02605  130.42444
  71.70942   75.59385  124.836555 148.55466  124.880615 137.44197
 166.57584  147.01735  113.23652  139.83284  120.18132  142.19704
 149.33638  110.971436 134.6855   127.539055 129.04713  133.70961
 120.537155 123.04022  136.13025  137.53455  163.70332  105.34452
 121.07723  117.51303   53.110077 121.08864  154.21419  144.64778
 146.40839  119.59642  146.32224  144.27017  101.317184 148.40771
 144.96292  118.20993  131.7102   135.01912  143.94966  127.75919
 136.10799  145.54124  139.99016  130.72923  144.77325  108.647285
 131.01596  105.176125 128.36598  122.68649  142.35703  135.65701
 141.82863  124.81698  113.72108  106.29816  139.08672  130.75337
 145.30743  105.64001  124.242134 134.20062  101.48767  137.85193
 132.9155   125.82237  132.44101  136.10706  127.11781  140.3532
 154.95903  124.58657  123.65082  139.78899  118.90277  126.52224
 153.23564  113.55873  115.76292  151.38303  110.83067  110.83017
 125.53215  116.95175  108.365906  97.883736 143.6317   152.52275
 131.73083  104.04869   84.068954 131.43387  143.30502  135.57574
 143.46754  142.87149  131.75832  125.63017  112.23197  134.77795
 142.02359  115.70964  128.51889  159.44571  145.6107   126.99876
 146.57976  123.2526   128.83755  134.43825  158.02623  150.81783
 137.28276  142.21497  133.16327  153.58473  132.02098  121.73114
 139.71458  126.97985  120.974335 113.65722  145.74394  134.47208
 124.81979  143.88431  123.015526 143.16934  144.51381  125.09677
 130.39111  137.77417  144.10744  135.59402   48.148    149.59196
 126.819145 144.46257  133.24797  137.71753  128.5305   133.24944 ]",[3.9391444 3.5227664 3.389745  ... 3.0736384 3.1758485 3.0420856],4.027456,0.6770780856423174,0.7875575310164326
11,5955,Transformation_Matrix_W,"[[ 0.6577278   0.00749462 -0.02461976 ... -0.00128552  0.03820973
   0.00586555]
 [ 0.01586541  0.6365796  -0.02577023 ...  0.02078656  0.03394956
  -0.01208779]
 [ 0.01193074  0.01259908  0.5664622  ... -0.0087832  -0.0145241
  -0.02850562]
 ...
 [-0.01226685 -0.03075166  0.01184865 ...  0.63452613  0.03038421
  -0.07014005]
 [-0.04254542  0.06691783 -0.0263488  ...  0.0151326   0.62652934
  -0.01481375]
 [-0.00846352  0.0248004  -0.01558705 ...  0.04841127 -0.04776617
   0.66303474]]",,"[108.634476 111.939064 101.6913    98.85851   99.88922  114.31941
 109.0015   112.74718   89.92139   94.6246    91.987495  92.55753
 102.37544   97.843765  94.680275  83.654305  51.47806  121.818146
  94.13666  110.9669    85.560715  97.22546  106.26618  109.564125
  94.71945  106.46226  123.85327  100.644295 103.471344  98.975815
  58.06113   91.31728  110.225296  57.958973 114.17212  105.25429
  97.78988  114.23288  100.35141   99.88757  115.50425  111.110756
 105.36974   83.68006  101.92918  103.60487  107.31849  101.477295
 106.12616  102.63918   74.74035  103.51975   95.243004 102.49424
  93.63058  107.564224 113.076096  87.006195 101.537796 107.29666
 118.09444  108.51807   86.25797  103.01921  105.0747   101.855225
  72.869255  98.26232  104.722115  79.99941  109.30492  121.24909
 103.60585   79.705284  92.023155 102.480965 120.502045 104.27197
  91.23051  107.69953  104.21431   96.09451   98.84264  104.27608
 100.46607   83.56085  108.12473  103.45648  106.499954  86.499084
  91.282166 117.49064   86.15148  107.735435 102.547295 106.50882
 108.428734 123.59755   86.55032   92.8757   108.66181  106.71752
  87.9508   110.89222   95.43839   94.47744  117.99828  117.91544
 106.51148   92.136765 105.211945 100.88595   87.10871  101.627525
 107.112686  95.288414 128.06496   49.956215 111.25943   98.81892
 120.78367  110.11916   97.123726 116.21833   85.76331   99.1883
 104.28068  115.48265   58.33269  110.541504 108.222916  94.044106
 102.4797   106.947464 108.5008    78.76781   94.3424   113.43584
  93.996735 100.6762   101.16713   92.254036  97.36505   89.29405
  91.10676   99.08077   96.62504  110.997604  98.15562  103.644196
 107.086334 101.07806  117.707184  98.63164  101.6074   103.14251
 107.23972  104.86982  110.70776   89.941345  97.863235 119.28723
 119.95201   92.44162   97.16518   96.653404  92.69773   63.70468
 121.63189  105.39741  112.27573  112.38302  122.68657   93.38801
  96.90633   92.64003  118.70404  104.50455  106.77943  108.80278
 103.561806 106.97217   95.3124    98.08035   93.29784   62.846916
 104.0386   113.21432   99.68416  104.63546  102.8898   101.296165
 104.24989   86.38858  119.4288   124.465904  93.6004    87.684875
 114.67915  114.51401  100.67465  111.66419  108.60003  102.552315
  84.29905  101.75299  101.89682  103.49114  130.60152  105.41828
  82.641525 112.230415  78.001945 104.433426 101.673874 103.73201
  81.16739   93.086815 108.89912  102.45404   98.33227   96.451385
  68.32197   82.77267  109.74372  117.32643  105.74747  122.10549
 114.43604  102.27878  119.2255   122.79623   79.489136 108.27832
  95.59354  102.14685   99.02856  103.56223  101.28445  123.05481
 101.54636  106.012924 115.30625   93.04388   95.49278   84.27447
  96.964645 104.56278  102.22092  110.73894   99.826546 111.169395
 107.099884 105.36421  108.107475  47.7397    83.82974   82.6049
  89.32928  116.19215   92.05599  102.51865   71.371765  99.97735
 124.783646 105.88001  106.152565 102.92029   98.098465 124.65665
 116.10776  110.169044 103.71091   73.67277  103.84118  102.18656
 108.342224  98.253975 109.42332   95.12329   95.04697  112.83817
  95.5062    91.98116  118.3981   108.83939   98.01017  109.32259
 105.71496  114.55687  102.48145   97.31723   94.49928  105.34552
 104.46577  114.34939   85.31342  102.06797  103.22119  100.55721
  97.01335  124.890305  99.05945  111.656784  95.573395 114.24429
 103.95328   97.65731  104.09024   75.928215 107.03645   99.55521
 104.44562   95.45047   97.95339  107.233215 111.853386 112.1775
 112.69648   87.223495 107.219795  94.33607  112.46117  107.71767
 103.874344 106.43591   93.77062  100.904236  91.42904  111.55122
  96.192444 105.04076  124.01475  102.65603  110.90605   92.44058
  77.71782  115.20266  121.10703   97.01097  111.68796   48.528797
 115.082405 102.20489   73.15318  113.66293  104.27171  108.5015
  93.79197  115.86973   73.27459  105.969955 100.05972   89.596146
 110.61113   95.35346  102.37148  103.02264  107.24339   99.91231
 106.501205 100.71987  110.18447  108.57068  121.38569  107.24635
 104.54257  103.19609   88.24959   89.89029  120.970024  94.05251
 108.970146 101.30634  103.28372  106.34407   87.32811   95.45821
  98.55902  135.9129    98.48076   98.39016  111.269806  94.84414
 100.686066  48.42985   94.18182   94.81286  107.73263  104.943634
  97.893906  92.24727   96.24521   97.59749   86.87837  110.29632
 103.463264 105.18479  115.499    109.18183  114.95338  106.405525
 116.37372  123.6874   112.71325  136.90143  109.093796 123.48397
  95.62604  101.53032   68.5831    94.54234  111.23237   81.071434
  99.03128  102.18878  120.15027   82.0655    94.605316 100.36869
 101.97152   95.838615 109.81493  103.87792   83.785805 111.567894
  98.41878  116.99375   62.26094  123.20693  111.1891    99.21091
 111.043365  83.50693   98.93742  127.14994  100.149124  87.95088
 115.19136   91.244736  93.161095 114.13664   88.574455  90.536896
  94.53809  114.80041   98.737175  97.717064 100.10587  102.05858
 107.21718  109.71473  116.7056   104.65672   98.85852  119.999626
  93.95272   99.15218  111.87127   97.10775  109.889824  95.36
 110.31706   97.42539   91.71269  105.53535  107.20697  115.744064
  96.39235  121.00611  111.731384  65.17173  107.377655 118.0738
 112.15116   98.20825  109.0532   109.58308  103.24834  121.29328
 103.95484  117.26684  117.06939   98.18689   72.7777    87.08975
 116.37397  102.32295   97.315414  95.311325 106.54239  102.44089
 111.54753  108.245186  82.69883  110.53775  109.35362   93.68087
  96.767624 109.54413   90.56471  119.559296  95.69339  113.53413
 108.79467   59.58307  106.32456   94.78309   77.10775  123.8711
 101.96929  111.149315  84.103386  83.6069   114.04543  110.04888
 120.662155  94.4061   114.13692  113.01764  103.89617   95.391685
 101.61252  102.939735 100.08351  105.17574  104.036804 105.34231
 117.56964  110.45021  110.644485 104.82821   92.455315 110.051414
 103.06851   97.791885 102.67231  107.31777  103.36192  100.661736
 125.10999   97.21241  104.94713  105.503914 111.030235 108.35003
  88.17308  104.5738   108.20752   98.90757   89.088005 101.834274
 101.961685 109.43296  110.038475 107.426544 107.00922   85.568634
 108.45399  104.86334  105.31443  104.76609  109.062744 105.54574
 106.33125  108.85726  103.506615  99.79386  102.886826 108.540215
  83.589096  97.235466 107.45383  100.94098  116.94322   91.61606
  95.24489   60.17383  111.45812  102.32619   95.88679  100.184944
 116.31212  113.098755  98.35431   97.10896  115.624504  83.96201
 101.89019  111.124664  96.6517   111.90488  104.85753  109.39002
  96.273254  94.82198  105.68512  105.91669  115.342316  90.52387
 105.615685 104.98926  103.876396 103.978386 241.1208   109.861206
 108.93151  100.18669  102.61006  100.037    100.14128  102.77117
  91.381744 110.534996 107.673965 120.23859  102.76275   92.0216
 130.10295   99.79146  100.41954  116.4063   108.72564  102.58239
  61.413383  68.17093   98.26336  115.318115  96.166794 107.23005
 130.6007   112.40356   88.659904 104.22086   95.52831  113.92555
 117.14464   86.185326 108.04142  100.87742   98.151924 107.44364
  94.87819  100.572876 108.81156  110.30977  123.47358   85.66117
  94.75344   91.48355   44.83023   93.029495 118.05088  112.22205
 112.46211   94.48979  112.08654  111.51555   84.222046 116.7062
 114.64494   92.28909  100.98378  106.318275 114.14175   99.841515
 106.530785 112.13889  109.51115  106.21767  112.62139   91.27165
 103.29229   82.52892  101.79081   96.41493  109.2862   105.3168
 111.29803  100.55978   89.87629   85.27565  106.27525   97.953
 113.071045  82.824326  96.70262   95.361336  81.29705  108.146614
 102.91581   98.872284 103.61556  107.395195 101.58211  110.49559
 119.68106   99.92404   97.004364 106.85653   94.84702  100.69641
 118.91852   85.94434   90.07872  117.90313   88.01286   88.621574
  98.13807   91.45761   85.666115  74.971664 110.94496  117.11102
 104.07414   82.863106  72.49648  107.17498  110.78882  109.42795
 113.82441  113.74313  100.456406  98.83868   85.16227  110.19677
 111.07853   91.89898  100.40802  123.08889  115.23214   98.567696
 112.11427   95.61285   99.218666 107.07068  126.53382  113.63489
 110.78365  107.77841  101.45599  115.04444  102.80567   97.029205
 110.23015  102.40805   93.311066  91.090675 106.68684  105.119804
 100.07677  112.23622  101.89961  109.92285  110.10616  101.904236
 103.934525 105.61523  116.7022   107.3829    41.50346  113.84703
  95.03335  109.88415  107.00486  116.78697   99.33814  104.94214 ]",[3.3554535 3.2828002 2.5188847 ... 2.9579613 3.3679028 2.8538158],3.5511122,0.7160201511335013,0.8425090069556159
