,Train_Data_Size,Transformation,W,b,Residual,Residual_Norm_All,Residual_Norm_Mean,Accuracy,Co_Sim_CLS
0,6352,Transformation_Matrix_W,"[[  0.63997096 -10.1208935    1.4541154  ...   7.205102    -4.491547
   -2.5218236 ]
 [ -1.0032663   24.186905     5.981736   ...   6.8274045    9.569995
   -5.9499197 ]
 [  3.312123    -0.15302123  -1.5751784  ...  21.067518    -7.173857
   -2.5407703 ]
 ...
 [ -6.0449305   21.744434     0.55229425 ...  19.975405     7.1427402
    8.551704  ]
 [  8.203118   -18.654581     9.904507   ...  -3.1924076   -9.414452
   14.347998  ]
 [  6.1342735    1.5308452   -3.7051618  ...  -6.863496    17.033222
   -2.6382635 ]]",,"[369.19653 364.55914 331.8047  309.9455  313.55948 382.43875 387.06982
 393.71118 286.9027  309.85773 289.4815  362.7438  359.50156 366.42725
 330.67368 329.2112  185.84265 429.9033  304.39935 390.24713 278.39484
 313.14557 340.44208 437.6481  294.9066  340.09894 476.30585 320.45468
 337.67532 306.33405 199.61153 305.13623 389.61154 210.22978 371.31937
 341.1401  334.55743 391.4903  301.78662 325.3031  403.56848 347.38394
 378.8591  268.3585  340.0012  352.45566 402.51855 365.46014 354.59848
 341.84146 259.31735 409.98083 312.8238  336.82608 322.99643 361.38907
 416.36713 345.35883 319.30023 355.8416  407.49054 431.36197 304.2348
 371.552   351.67816 362.139   285.10617 287.68558 323.00067 277.09814
 407.19974 403.35464 332.9164  266.27567 285.36124 326.1964  425.67166
 358.18832 314.0911  438.65015 349.05295 411.68896 302.08423 400.11615
 316.80557 254.9468  418.96533 362.28964 378.0288  296.1037  299.7507
 409.8279  296.36548 367.5991  354.14294 370.40967 403.25003 455.67563
 320.4154  306.77454 377.62357 357.4887  278.2678  413.86264 329.7887
 299.75113 415.67337 412.2104  347.62238 297.52774 394.8084  337.1397
 298.08084 328.08728 386.37607 309.9196  456.42175 181.43257 363.79822
 336.86307 429.60138 376.66553 323.0372  405.36343 302.07544 302.65933
 309.52267 367.82562 185.8911  344.46927 341.64865 327.97073 385.37042
 378.18597 356.94482 289.37424 299.10336 363.45932 304.9694  324.7553
 325.96432 269.35916 355.37274 290.57336 303.68353 377.38876 340.41098
 421.3218  344.97015 338.60263 391.46835 364.1388  394.42755 341.60175
 383.3644  299.09235 367.4933  363.80652 411.78525 374.31448 325.67752
 429.61057 412.6453  334.77216 293.3773  307.21262 326.58508 286.25766
 414.75418 367.98386 359.3677  419.5583  441.8257  389.14084 303.873
 318.0665  445.61435 342.14935 340.86777 397.84912 298.12552 351.06702
 313.53375 361.5128  303.84424 194.06654 388.1043  385.31564 374.45474
 375.0661  332.9495  331.8358  343.85922 291.14648 440.9884  455.98105
 311.27908 294.74786 407.47498 378.66013 333.59515 463.5999  379.0512
 376.8146  262.3363  365.2437  363.1816  347.22238 473.87375 349.64313
 257.60498 367.5739  288.5183  367.6584  310.51913 359.20996 282.6656
 299.76352 350.51917 350.10333 352.20517 290.44547 191.45718 264.5323
 378.0388  411.96494 353.33942 436.93335 384.50595 332.15314 387.60617
 439.2161  282.4604  345.12888 290.62958 377.45044 325.23962 335.30988
 374.83813 431.76245 365.4109  369.43695 424.00348 311.37506 354.1173
 274.93646 329.69086 342.29517 348.3157  380.14716 325.56006 395.61053
 354.1473  358.8584  368.9562  215.0031  280.27286 327.39838 315.90677
 390.3169  304.44052 335.01508 425.19403 340.16626 450.09424 356.3032
 346.5649  366.6018  307.05792 412.831   428.11102 412.7233  362.64154
 259.3816  353.6899  301.75208 352.17047 311.79855 374.49612 286.2991
 327.3796  404.25034 323.55838 305.54465 402.15018 374.75638 342.16144
 385.5969  361.68597 408.13046 353.2972  343.00217 324.71472 363.0017
 343.58765 389.74426 252.08923 378.6645  357.51648 323.0906  327.8066
 505.9449  389.92673 389.66617 319.4861  372.0726  375.3205  336.37097
 442.98703 283.2576  403.566   355.22406 343.16864 346.29163 303.263
 343.1544  336.3631  375.134   343.89893 273.53735 337.05542 374.65857
 364.077   355.1107  344.82068 394.43127 320.59503 326.94388 314.98367
 384.4908  312.90543 345.09952 411.62683 333.12296 349.39444 295.14624
 338.44693 369.93695 377.074   324.5379  412.07626 154.8122  393.16498
 369.41858 365.0351  460.46646 351.22028 331.11734 317.1754  395.14456
 364.31897 327.9914  309.83768 294.4766  348.34818 325.90463 379.13266
 351.27548 363.33698 396.59055 342.20584 335.05725 365.0226  366.83575
 437.36172 367.02985 351.062   365.1914  288.649   280.7888  434.21927
 376.16278 429.09134 360.95682 311.9119  341.99173 332.97855 332.40857
 386.5346  500.92545 359.2383  315.1962  380.99762 349.69308 316.07935
 157.93402 285.90063 328.8071  395.62344 340.66003 374.07846 315.95267
 365.68893 316.45544 280.20737 368.2265  361.33502 360.93878 372.0206
 354.68332 411.48465 382.30374 429.4691  403.59103 378.9838  475.81213
 371.84366 392.91827 334.92484 311.13382 266.5887  341.13397 416.47882
 278.49268 339.97458 354.28564 444.73438 311.4267  355.648   332.01392
 361.99515 349.62097 374.6348  351.21042 331.88925 388.80582 325.4269
 387.46414 212.60468 429.33154 395.59082 332.24167 359.782   332.96646
 327.0489  407.97916 322.72446 262.3311  341.04532 290.92926 304.76038
 416.83185 313.50763 287.54437 291.82706 434.26434 326.52124 322.36066
 364.07086 327.6787  353.53638 421.89615 416.30206 344.54758 432.04092
 391.15033 335.01495 363.75717 381.7835  291.9362  346.36343 321.56262
 352.6007  336.02405 266.68524 382.1677  368.62482 430.27228 298.9969
 467.753   404.05258 251.58487 367.91272 371.97458 391.47787 301.54895
 372.10342 335.99298 373.38477 427.56277 371.79224 412.2091  394.7892
 335.05664 406.18616 338.75882 422.2487  344.85858 304.66486 343.47125
 404.4674  399.32874 402.6524  345.412   304.35696 333.13882 410.00284
 309.63455 338.0263  339.8509  303.26743 365.47974 337.89633 379.09393
 354.41727 210.18056 376.90604 351.402   298.29846 377.488   332.43192
 375.8751  288.71057 267.63437 413.06128 385.89185 459.80957 310.09097
 381.14508 346.49176 412.59662 351.34482 346.88815 333.27066 313.61642
 363.7784  369.6584  367.92987 398.49146 348.01758 371.6523  360.47052
 275.7695  377.3034  311.30658 364.1725  367.77676 362.19296 332.5181
 312.28958 450.2981  349.08115 349.25574 345.82797 424.67987 397.09116
 329.58923 322.86172 376.8373  321.72998 256.07962 347.05573 308.66492
 336.6623  351.42932 352.7128  363.56445 277.3734  362.61688 360.31064
 341.3943  330.38657 370.8973  369.09738 356.64587 352.7126  352.73904
 367.50125 320.2334  356.4129  338.02322 318.8041  353.9693  333.3563
 377.32666 333.04984 297.13007 341.0976  378.9501  353.63666 333.81558
 383.53583 425.33112 384.34982 352.41586 352.0068  382.52786 287.34344
 309.8732  352.11005 303.25497 389.9521  328.12158 354.29874 367.465
 336.80722 365.3684  352.94498 393.06256 321.9519  365.2713  359.14053
 340.1665  313.08414 534.41656 371.6204  419.21255 334.5113  362.03555
 304.53793 348.27716 363.8098  320.4177  417.79834 388.84207 390.6798
 363.64398 305.0335  458.53848 342.44513 302.51163 368.96954 350.61246
 356.81427 413.20377 276.43344 335.35678 387.47977 316.76828 328.96252
 436.26447 389.14035 285.03717 404.35602 367.5061  420.78726 412.9372
 289.1564  374.76114 338.57355 360.2713  352.93225 330.81705 341.77994
 354.2789  343.96866 470.64352 266.41568 329.75293 292.98108 145.98923
 342.23492 418.87344 393.54105 367.2362  317.14264 436.11075 388.66888
 269.3706  387.45456 399.871   309.85297 359.751   359.65125 407.19806
 323.41528 375.17014 349.438   377.01556 353.2156  402.7152  293.08096
 347.02612 331.7427  321.5407  295.64966 375.14798 384.63843 420.9924
 313.75327 332.4839  267.9078  400.5925  343.97656 341.2583  248.3257
 329.77814 327.75043 248.19609 353.83972 352.45728 319.11975 350.16748
 371.05975 336.72806 350.73822 406.50327 350.694   293.16354 348.56003
 289.1402  294.626   391.59543 287.8375  289.60672 375.7882  290.22894
 296.4817  304.82977 298.37772 295.87744 248.99835 408.4234  364.44083
 334.44635 260.2761  388.4418  351.0082  377.63242 372.9924  393.4048
 389.08917 308.9271  368.78995 286.74948 381.40585 339.9351  297.3222
 357.89304 406.49158 389.32037 378.7767  341.1988  324.83493 306.33356
 383.7641  449.78235 383.8042  372.52356 401.55563 341.55118 380.47583
 351.9662  304.18823 334.34576 367.83624 307.6005  306.03204 370.67676
 359.70758 356.45258 330.03442 459.75592 403.8627  352.32062 311.61758
 333.32275 395.81766 406.36362 354.3872  153.60573 408.61734 287.11484
 363.50327 319.53204 411.78888 367.795   333.98007]",[5.9776096 5.081779  4.8477244 ... 6.713665  5.9269733 7.118295 ],6.4420567,0.03974811083123426,0.2069024503039394
1,6352,Transformation_Matrix_W,"[[  0.16272627   2.015361   -12.322291   ...  -0.18534857  11.103359
    2.2270503 ]
 [ -8.040713     7.917229     1.5518602  ...  -5.2378964    0.6252283
   -7.8518    ]
 [  7.530623    -5.6164966    7.611276   ...   8.213215     0.50648236
   -8.843932  ]
 ...
 [ -1.1855289   -0.2807412   -2.0736856  ...  -0.5494619    6.438097
    2.648564  ]
 [  8.623148     7.161864    -2.2495277  ...  -4.5377054    1.6275334
   -1.9238105 ]
 [  6.9809785   -2.0839567    1.3700173  ...   2.614439     3.4885943
   -8.296923  ]]",,"[365.11804 360.69144 311.7113  301.2623  307.97202 370.84186 371.0107
 392.2121  275.87476 304.2656  285.04373 344.1854  350.37033 353.38553
 325.75632 320.85608 172.43648 416.6941  292.8845  374.38647 274.53235
 300.60806 331.8002  426.04477 291.92822 333.81644 459.77768 319.5235
 322.80472 301.40668 187.43738 300.44913 379.6952  189.62982 362.04623
 333.04837 327.267   383.6908  297.31815 320.24146 391.7884  339.99762
 368.29648 256.75687 335.46744 343.19708 391.26263 352.2083  344.0817
 338.17535 251.547   400.71515 307.74277 328.3388  301.589   354.5807
 407.49356 330.82022 316.51968 350.3207  392.52216 419.1849  299.11276
 364.06418 339.57068 354.67465 265.12027 281.74396 313.06088 272.12122
 396.67282 395.33487 324.8976  254.51093 279.87555 321.48315 413.85992
 346.65826 306.3014  425.10974 346.47833 392.17664 290.22937 387.2752
 304.24503 254.04442 412.92752 357.10983 371.40134 287.52133 291.69482
 400.30444 292.45712 359.0729  348.57666 360.90268 389.1337  447.18765
 308.28812 296.7976  359.5603  354.4475  274.84286 396.6655  314.9713
 292.13196 411.71896 402.8619  340.70456 290.92395 386.01315 328.72556
 283.51968 316.0955  367.17682 301.1669  450.4847  138.99588 339.5331
 332.59274 420.2032  374.01718 318.4808  397.39926 291.80576 292.56442
 297.88885 358.45734 175.29118 337.2104  334.97482 306.3559  375.3361
 369.10928 342.7687  268.41562 292.73352 355.03854 295.50964 318.56714
 314.60864 265.33093 343.86783 283.7987  296.61758 361.805   331.18216
 405.9102  341.7087  326.14786 385.448   361.21432 380.87567 326.27344
 364.23294 291.48376 354.29147 352.09604 404.4774  359.82993 314.59726
 417.9749  408.04587 329.6897  284.10733 299.7016  317.90964 259.4082
 400.8192  364.84167 352.03986 405.20163 420.88824 357.74832 300.00986
 305.58466 433.18976 339.5245  335.78906 393.57578 293.2103  344.48853
 308.6115  354.2658  301.3641  188.27034 380.3399  380.75464 360.72095
 362.525   321.921   320.06015 329.3504  282.25824 431.45633 443.5952
 301.5605  261.73306 398.29553 371.5297  323.62204 448.99664 366.918
 371.8885  255.02092 353.84296 347.91376 343.63547 462.77267 342.80554
 250.80031 357.85922 270.88388 354.57428 303.191   348.57962 261.4731
 291.64398 337.92297 344.64984 344.41284 284.04565 185.9705  260.17288
 366.71686 401.0799  340.98685 418.80426 378.03336 325.3572  375.6554
 427.58463 271.68063 334.97803 279.5311  366.87518 313.52133 327.68964
 361.75043 415.45224 351.19217 357.6182  423.04968 298.4905  346.0637
 267.95453 322.7815  337.79434 344.81378 373.76892 318.02484 387.34634
 345.62842 345.80444 358.3003  184.11217 269.71118 298.87415 303.6998
 387.02057 299.36697 326.37195 387.63986 337.5169  439.71286 350.0425
 337.90524 363.39694 299.2951  394.78265 415.27264 405.19855 358.63477
 252.87956 345.01712 287.88617 339.12033 307.4393  363.9914  280.7709
 311.37463 389.47528 315.31845 290.9265  390.46198 359.37018 332.09778
 377.4455  354.4566  396.6122  348.13242 334.57013 319.75168 350.05167
 335.17575 374.32993 245.2949  360.79404 353.1752  313.2508  314.08438
 489.1677  376.39813 380.36862 309.1712  364.82773 368.83032 327.1245
 416.88818 263.22385 392.45895 346.81384 335.20865 338.66516 293.9276
 336.20346 329.9102  372.20126 344.3182  270.09912 335.17242 364.5441
 358.5705  346.8464  335.9715  386.15164 311.9791  321.84738 310.2575
 363.72858 311.14545 336.8095  407.17084 322.90985 344.86844 288.46008
 320.082   363.339   361.89832 306.37042 401.37256 144.62247 382.50998
 365.02295 329.0702  456.80212 342.58398 322.97253 307.4408  377.82043
 341.4286  322.08212 302.80786 287.40872 341.0647  321.01953 373.12164
 339.28506 356.7722  379.90656 334.38452 333.35513 359.2413  358.54532
 427.58536 352.5105  343.1296  356.50275 280.273   272.70343 424.50806
 360.85495 420.34055 350.20358 305.43857 327.10123 322.81897 319.02658
 368.83597 491.6262  344.02332 306.72043 371.27432 341.5634  310.16617
 139.06189 283.1599  323.27838 377.6372  335.33102 358.46417 310.42648
 354.5553  312.10526 271.4936  355.74072 351.50635 354.65427 357.88202
 345.70334 395.75278 378.50735 412.96072 394.24316 372.85394 440.20917
 362.6441  377.19406 324.98178 300.96405 255.14836 339.12262 404.20715
 276.43045 328.70538 354.88028 425.32333 298.69565 344.37292 318.47668
 351.72916 337.59012 363.40134 341.41147 310.3221  378.08456 319.76855
 380.95502 202.67111 421.19174 382.61542 319.56522 346.05356 314.54968
 320.36243 399.3568  317.79462 254.20921 332.94644 286.8905  296.2628
 399.48654 305.3122  278.1924  281.98126 417.8766  317.35193 317.57977
 353.45322 314.4754  345.11963 408.99228 394.96814 334.28094 410.04736
 378.7112  328.77478 359.60944 369.9159  288.94135 333.12283 309.87695
 348.75766 326.9911  262.12527 376.3957  355.0342  411.28058 293.61685
 453.0452  392.3906  228.38437 359.45908 354.95087 381.1341  297.58633
 363.1001  321.94113 365.26373 421.2098  356.2895  406.30737 384.07758
 324.69495 354.76953 334.2845  409.9053  330.82693 294.3236  318.6897
 394.39655 373.62424 388.59406 338.71722 286.5323  323.76157 395.33875
 301.26065 324.42487 335.92493 299.49792 359.44675 326.52563 365.3805
 345.25858 191.23116 367.52762 344.33734 282.27234 373.30655 326.4176
 370.02182 282.62115 263.92072 401.8524  377.72018 449.503   301.11404
 370.36383 341.8879  405.74744 345.31476 336.0336  327.28503 306.81308
 353.38123 359.73416 361.5915  383.25928 342.6987  362.82156 353.73166
 271.15704 363.73273 300.90515 356.28076 357.0207  349.27472 328.15726
 307.84363 440.8862  338.89008 339.37787 344.12213 417.27753 389.573
 323.00455 315.246   365.70346 314.4216  248.81375 337.46506 306.26215
 333.695   343.5051  342.9215  346.6338  268.15915 359.71884 349.27155
 328.0398  327.3526  364.9352  366.43954 342.20453 336.98798 347.95856
 344.45294 317.02045 347.65198 320.111   311.66272 346.0895  324.5656
 372.10333 320.7168  290.48145 287.96957 367.764   339.57043 328.02045
 373.98724 413.08408 371.61127 341.1646  343.30084 368.80515 275.98026
 302.00992 338.72302 296.4602  375.20557 323.24472 354.0114  351.80182
 326.34366 360.15475 338.59332 380.6391  316.14392 345.81387 349.92676
 324.39874 309.38434 528.1051  360.89548 405.86615 327.20886 350.47903
 299.46722 336.8863  351.41022 312.3237  415.84726 386.67725 378.22397
 352.41754 296.87    437.49628 338.12173 290.0917  361.41263 346.06876
 345.99054 353.69608 246.07123 330.99393 384.20206 308.92703 319.84235
 433.23532 380.98523 281.32605 397.95    355.56287 403.27972 399.3522
 282.64645 371.64215 329.06912 350.51657 347.85382 310.6653  331.3993
 344.3675  337.87573 458.5702  252.79716 318.15927 289.7963  137.93018
 332.93094 408.7799  381.81897 356.64142 307.56668 426.88312 374.55344
 261.64307 377.963   383.92538 300.63593 356.9723  349.1508  402.7461
 316.09738 358.92117 338.80167 366.94412 341.42395 395.35873 287.28522
 334.97733 299.07687 322.67892 283.13074 358.1555  371.1517  412.4798
 308.70627 320.52185 259.71976 388.08273 341.57593 334.03278 243.96884
 317.0668  322.11322 244.83896 347.41934 345.76852 311.10764 347.2207
 362.7173  334.17606 346.82916 395.27457 338.8402  285.41953 340.41486
 282.29126 283.77313 388.09344 280.83032 277.76758 367.68967 283.2963
 286.56763 300.36862 291.3746  288.64304 237.66826 384.83142 360.17673
 328.99637 255.21872 341.7633  342.45978 366.19794 368.1358  387.98248
 384.12463 303.0532  355.73505 278.85364 371.30408 332.36868 291.82346
 346.54803 400.65482 381.16904 364.17972 332.90253 311.50806 300.13077
 370.8713  439.09717 373.59448 359.81003 375.4791  334.7151  373.4065
 331.45883 301.37054 320.12115 358.3077  300.60907 296.34967 361.07587
 348.8461  348.37473 322.08618 431.51395 389.12555 345.38608 301.26785
 330.00058 392.85944 399.06946 347.38733 143.04128 399.24927 284.49014
 353.48712 312.04593 399.8847  355.32553 324.83157]",[5.663945  4.8036723 4.884063  ... 6.9137616 5.924967  6.984981 ],6.3490057,0.060151133501259446,0.25377529140837324
2,6352,Transformation_Matrix_W,"[[ 1.3320657   1.0718223  -1.9536332  ...  1.0433403   2.0468314
  -0.7035493 ]
 [-0.31341094  0.48848447  5.3238463  ...  6.740705    0.8490065
   2.5417755 ]
 [ 3.427101    3.3158689   6.6423373  ... -2.7512596  -3.1470315
   2.5560942 ]
 ...
 [-0.45582515  0.12410132 -0.17386748 ... -5.231164    1.6112598
  -0.76601243]
 [-4.056806    2.3250513   1.80629    ... -4.6371512   2.679472
   0.52411896]
 [ 1.356414    0.7718983  -3.605427   ... -4.0297923  -1.1097364
  -2.2229252 ]]",,"[355.42062  355.23264  298.75055  291.18854  302.3426   356.1444
 358.6842   376.72845  270.94174  298.2067   276.12683  318.57843
 340.13943  329.6713   315.38486  306.56897  160.48067  395.21667
 280.7508   359.97925  267.74518  291.57098  322.4867   413.54062
 283.3811   327.1119   448.40515  308.10037  312.57272  292.17358
 174.81688  290.96103  371.40778  177.3619   355.695    319.00714
 316.1781   378.10873  294.13275  315.1127   376.20203  333.66168
 352.11993  247.35483  324.3706   332.93457  379.8606   337.68402
 337.1649   325.3917   243.25223  393.67007  299.04062  320.8614
 283.374    347.70142  390.68698  316.95886  309.41797  337.8452
 379.6945   409.05542  290.93732  339.84256  332.63412  342.01868
 246.11017  271.0287   305.00714  261.12054  375.91992  385.30038
 313.55414  244.35666  272.57123  314.31293  405.3791   332.53583
 294.14218  403.4777   333.16205  368.7108   282.3587   376.4301
 292.49887  247.26543  402.31927  347.94012  360.0338   279.43774
 283.87552  393.0024   285.06372  351.43484  338.64655  351.59586
 381.0099   436.73013  297.07486  289.39343  345.527    342.924
 263.80112  383.58255  303.3634   283.86017  390.11404  393.9882
 331.5803   279.09747  369.5731   320.9143   275.93192  309.38098
 352.02637  293.985    444.17844  118.269196 328.69284  320.75272
 414.25024  366.96518  313.27557  381.21274  280.3013   280.2637
 290.06598  351.39166  162.31578  335.2444   324.36496  296.93558
 361.8691   361.6718   332.14172  257.2704   287.42975  347.0234
 282.47485  310.85007  307.47574  256.78546  335.2738   276.9186
 287.57364  343.86844  321.05084  401.6457   329.1279   320.41183
 367.43307  353.06375  373.40604  314.21964  346.62643  287.64862
 342.53702  341.96793  390.18555  345.12823  307.79538  407.18344
 394.49622  316.3788   280.2952   291.32578  304.874    239.65176
 392.4371   354.12347  335.77008  385.66617  410.04114  339.45972
 288.13452  294.29025  421.2073   331.22736  325.2675   387.5326
 291.81454  334.01328  302.93106  340.12698  294.2576   183.66032
 369.39047  366.1959   346.9833   350.59256  315.89032  310.06992
 321.11578  274.1023   422.358    426.10712  292.77042  251.29698
 389.13     359.308    315.44766  435.715    354.68338  362.58075
 249.19482  348.31573  341.514    340.97775  440.9099   332.04007
 240.63847  343.59457  254.46999  347.12442  297.64822  339.2066
 248.1452   285.80682  325.36716  338.982    335.9574   279.45288
 176.5059   253.61604  352.48364  390.00583  331.28015  408.36188
 368.75113  316.54984  367.88165  420.2585   264.48276  323.31107
 269.90015  352.24942  302.6404   317.66937  349.58105  407.17667
 338.5939   351.00327  409.23218  291.6425   330.0181   260.38208
 307.47025  325.89578  336.93942  359.75253  314.31537  376.61563
 336.93234  327.69595  343.69934  165.42763  265.13547  269.48868
 294.88794  376.0876   291.7013   320.369    346.70822  326.90363
 433.22604  343.03268  325.94717  354.3481   290.52057  379.9143
 404.3315   392.06985  344.89838  239.91074  338.4933   284.08325
 333.3441   297.4127   353.88498  278.05676  302.85532  375.85693
 304.8311   279.04422  384.4108   353.89413  323.21283  365.7677
 346.01758  381.6927   339.88934  329.4532   311.0841   335.60123
 324.78986  363.7481   240.67622  347.8705   336.73074  299.3662
 306.558    465.15887  358.56467  366.30365  299.64682  346.35434
 351.3175   317.57822  400.0416   245.25613  376.09595  339.37927
 325.63235  324.83395  287.91153  327.46863  323.07578  362.92596
 338.75482  262.2517   326.96527  346.15857  347.37262  333.284
 326.63174  375.46698  302.1859   316.55753  297.4711   342.81445
 296.8636   332.75143  393.79337  313.40588  332.80615  277.15256
 291.7183   352.35315  351.47278  296.90503  387.87994  132.8407
 373.66495  348.11725  288.9311   448.81836  332.91226  317.0062
 299.44333  356.8311   312.71005  317.59973  297.6942   282.46356
 331.20474  314.2989   355.04047  328.04446  352.378    363.3252
 326.3846   315.63123  352.09372  349.6889   408.11874  341.24588
 337.42245  347.11874  274.6861   266.9083   407.56638  348.1187
 406.46936  338.63452  300.02774  320.421    315.8407   304.6172
 355.17603  478.93393  330.66534  299.0655   367.1927   328.4123
 305.82333  130.01962  274.92722  306.424    366.2964   325.61414
 344.8606   298.58762  338.13184  294.68912  268.34286  345.92618
 343.90915  346.06903  351.41653  337.74026  382.69156  364.08417
 397.37036  383.6228   359.5314   422.39886  351.45135  371.02588
 316.6856   298.52713  242.09927  329.0715   392.6661   263.53134
 325.24985  343.9694   415.8804   283.26633  334.01495  309.99493
 343.52393  324.58673  356.0496   329.3347   288.47946  372.6603
 306.61395  374.28757  193.6352   412.58496  373.7694   315.723
 335.59283  288.6712   314.83762  389.2429   309.19763  245.77727
 323.0746   273.34375  288.7859   391.19156  296.24582  274.0289
 277.38373  412.02948  311.27045  308.48633  336.3769   309.64975
 340.23157  395.00256  391.31464  327.6045   388.88818  361.10638
 325.56784  343.09714  359.8987   279.35175  324.75696  299.17798
 340.9176   320.01288  257.061    362.85107  345.79153  402.53943
 286.43063  437.15646  375.62558  217.05678  345.4372   341.9492
 366.81213  293.37848  358.23508  314.5608   355.31705  415.67123
 348.0229   396.06424  367.49432  315.9303   324.9894   322.47278
 401.83618  321.43542  282.52136  304.4463   378.2781   356.35635
 379.61005  327.0001   273.5671   309.98587  375.56738  293.63885
 319.3057   329.41565  285.6373   352.88058  316.56952  357.70737
 329.78214  176.09978  344.08408  331.96912  270.53735  363.72534
 316.08826  362.1244   273.12985  258.09055  380.91693  370.30643
 437.40784  295.14456  361.90076  332.93234  394.3113   331.16757
 323.0331   316.35654  298.6088   340.16504  351.2131   352.93472
 375.20923  338.34467  353.1943   346.1238   265.40747  351.74554
 296.6965   346.15002  350.60825  335.3343   320.7107   297.9054
 434.20425  330.59634  333.12863  332.27664  407.48053  375.2008
 304.64954  308.32022  354.41528  313.37424  240.38214  324.01385
 296.04224  328.21994  336.37628  332.62836  337.96127  258.96045
 346.80994  346.23734  315.05075  315.7945   361.13074  361.08636
 336.08096  330.38177  339.4336   326.47675  311.0466   335.4183
 300.4091   307.30457  336.21143  315.01898  360.25284  312.5112
 283.39658  248.79825  357.74863  323.89075  320.28555  363.7001
 399.82495  360.93076  329.5658   334.39523  359.77866  265.97888
 290.9811   330.7819   292.05847  367.82428  313.21106  348.9743
 332.5545   315.17276  350.27322  328.90442  373.57367  304.83786
 335.77106  338.35016  313.2034   301.8044   518.6284   353.2149
 389.11246  319.4607   336.6125   292.30945  320.31662  345.5319
 302.9646   399.11224  379.42896  367.05154  340.70367  290.31552
 421.6758   328.624    281.72147  347.52438  335.53168  340.45282
 285.5892   219.14203  324.37698  373.6239   300.32706  313.51022
 424.3746   366.95245  267.2005   388.331    336.9597   398.53616
 391.98587  273.61163  360.38293  317.49408  338.67615  335.20636
 297.50464  320.046    337.33395  334.65417  442.64975  246.33714
 308.15387  285.23563  128.37552  325.31918  389.361    370.694
 348.86575  296.3613   409.59436  367.71713  253.75653  370.15686
 366.11423  291.2844   344.1338   332.93265  393.94482  308.75223
 342.41406  332.97174  358.25485  333.3828   375.16486  281.55664
 328.54843  278.00183  311.94336  275.63858  345.65506  366.25497
 392.66064  297.65308  306.55942  256.34106  379.82013  322.78284
 329.71286  238.9197   309.03958  315.4961   241.95607  335.96997
 336.93497  298.29736  338.21143  350.7986   329.87338  339.20013
 385.47278  330.4753   276.9053   332.64267  274.01013  277.56854
 373.5402   269.13214  268.42432  360.67603  274.64523  273.36188
 292.88052  283.8533   280.47113  230.03508  370.53894  355.84796
 319.9175   246.77773  297.714    333.5038   356.1812   358.40384
 381.1255   373.10315  295.51517  347.52026  266.29987  366.09006
 327.51575  279.9289   337.16153  385.2949   371.26538  353.3236
 324.89816  298.4783   296.64294  357.78397  437.52054  367.39053
 348.99164  363.93008  323.41064  367.75516  322.62503  298.29587
 309.99908  340.50897  294.2602   282.8098   347.5935   335.1971
 330.69473  316.59262  404.31042  373.2476   339.94778  290.23932
 320.0832   375.15747  393.95938  334.5528   130.64336  392.08768
 277.2465   340.54572  304.83133  387.418    347.55463  317.89166 ]",[5.4034843 4.996546  4.6721935 ... 6.6077323 5.5729823 6.9875817],6.246534,0.08942065491183879,0.29825222746160635
3,6352,Transformation_Matrix_W,"[[-0.07182727  0.15205096 -1.8066336  ...  2.6863956  -1.3574269
   1.6997364 ]
 [ 1.6193877   0.6535805  -1.399941   ...  4.5845337  -2.2735775
   1.3466223 ]
 [ 0.44083554 -1.3841591   2.097294   ... -2.1556296  -0.64978504
   2.7653606 ]
 ...
 [-2.6801844  -2.3928149  -0.9067224  ...  2.630178   -0.23637871
   2.9795725 ]
 [ 0.10857519  0.28760082  2.1302588  ...  0.43275347 -1.2557422
  -0.3521136 ]
 [ 1.9055244  -1.5150057   0.23809922 ... -2.0225093   0.4225381
  -3.5629    ]]",,"[344.7494   344.5561   285.52335  280.31516  289.4479   341.04446
 340.8153   361.21634  251.57603  291.72076  268.33783  300.4198
 329.46735  307.71542  299.7701   287.26163  145.48038  384.60602
 268.2101   352.20346  258.01175  283.96844  319.3678   392.77222
 275.2767   314.37128  429.3285   301.93872  295.59366  277.1785
 164.62086  281.63864  356.2609   168.07304  341.83423  306.36636
 302.835    362.80902  281.3031   301.07935  360.11353  324.94348
 331.17392  237.52898  318.38956  314.02405  367.42773  323.24393
 327.60397  311.50482  230.55899  376.16724  287.80804  305.95602
 262.7483   334.89948  371.73053  295.213    296.7983   328.32028
 356.33603  390.05838  271.8277   319.65567  330.4242   332.15833
 227.55493  258.8191   294.9912   251.12222  358.8668   367.24875
 298.9615   225.65466  261.34515  304.77707  387.38272  319.3518
 275.6736   379.11868  323.11838  343.33252  275.73346  363.9714
 283.44452  235.83891  378.5827   326.5107   343.4414   272.399
 274.5264   369.57672  273.5922   337.3408   319.3095   335.90576
 363.41537  399.89334  286.62955  280.64926  331.54034  328.95706
 250.04068  360.2944   288.94458  278.62305  380.71796  377.52933
 319.40714  266.3573   350.35495  313.1661   266.08228  298.73123
 336.64407  289.42426  429.72464  106.11807  314.35037  306.29077
 397.33948  354.41187  297.69168  369.57092  273.1491   274.2901
 279.93802  338.08694  151.83972  326.28857  315.16016  280.4019
 347.2236   342.65088  323.61505  244.31372  284.68405  330.39713
 270.12683  296.1283   291.5995   252.92767  321.91364  268.85043
 282.1196   329.1213   305.4523   373.65143  312.23053  307.17105
 349.3895   342.29825  364.8734   306.4108   332.39017  277.37527
 323.04755  327.293    365.45474  325.59427  291.22134  394.35672
 380.96774  295.1967   265.34116  282.14362  296.14044  204.13498
 374.58444  338.58615  327.88095  359.73273  394.98502  309.97888
 276.0712   278.26053  400.2657   320.02283  313.91864  367.00906
 280.048    313.9823   296.93875  319.08112  286.23856  176.50682
 359.45596  355.7732   325.71722  334.6292   306.73727  299.90292
 308.368    262.108    399.53143  404.50867  275.75787  235.25848
 377.09406  344.756    306.3289   413.4946   337.65155  347.4678
 242.17522  333.7055   322.90558  324.65823  420.65897  324.2802
 227.60368  338.33777  232.07442  330.55646  290.34766  329.04544
 230.8815   278.1768   314.7206   322.72147  317.95178  270.66708
 161.5694   235.344    338.1247   372.05975  315.80197  395.5032
 359.91632  305.00494  355.12943  398.96725  250.53654  310.6391
 264.8488   339.4646   286.53146  309.47922  333.85303  391.41742
 330.2498   339.60013  400.01886  283.75406  314.52045  249.1886
 296.02808  309.1406   326.88193  345.31955  302.26578  364.74854
 322.61377  314.45105  332.30002  137.88258  251.1039   246.85233
 281.7542   362.53857  282.0347   312.31665  290.59543  318.7218
 422.8618   330.0325   319.23642  344.2159   282.52737  358.36163
 387.8131   367.26917  332.94617  225.71385  324.0176   276.1748
 317.01132  291.78754  334.92328  272.32806  285.00232  358.58774
 289.0587   267.69235  364.05103  345.72693  311.4444   347.63785
 330.84686  364.80243  331.49936  312.22537  298.74826  321.36945
 312.08002  349.46945  233.95082  329.72656  325.63712  285.58112
 298.56558  430.05392  344.98004  357.05835  291.56528  339.93237
 337.97562  301.33328  375.21637  224.81226  349.90366  324.74957
 310.7287   303.8631   280.61664  318.2449   317.3294   352.34537
 325.08658  250.39728  312.36646  320.90994  332.39856  319.978
 320.85077  356.2394   292.2875   309.2574   287.3939   325.54318
 283.1204   320.94547  383.82266  300.9051   321.59366  266.88675
 256.17398  337.8456   336.2932   285.38443  366.81497  120.30502
 356.63492  330.15735  264.4918   425.28403  317.8354   304.88727
 287.0974   342.85736  275.033    307.95322  287.53314  274.5444
 318.48843  305.97522  334.94827  314.58286  344.51587  343.05676
 325.0881   301.72687  342.76794  328.68088  397.4314   327.5867
 328.36868  333.81653  266.63358  261.7278   401.6714   331.3648
 387.97656  330.39566  292.93143  310.4262   299.8003   296.4189
 340.84433  461.1795   315.44965  290.06415  353.08414  314.818
 297.6227   118.07327  261.49695  292.63824  352.67596  311.16476
 326.66522  288.5663   310.94135  287.15546  256.83582  337.83865
 321.1208   325.03574  336.13806  325.30634  374.49133  352.5682
 387.38666  365.2962   343.8393   401.85626  336.8377   354.52527
 307.74274  298.07202  227.73833  312.13696  380.26178  253.2877
 314.938    333.4733   397.38867  267.76047  314.57294  297.61096
 321.36603  303.7726   351.8542   315.71658  273.64423  359.84628
 293.42325  358.8798   185.70978  395.46283  357.2949   306.85306
 321.26697  272.1208   303.36044  366.97464  298.30603  241.01474
 318.02756  261.3328   279.98096  365.93433  285.46548  264.1968
 262.91364  397.99475  304.1071   293.17422  313.14374  300.62396
 322.2573   378.63193  372.22952  314.13895  364.1004   350.97015
 315.29382  323.3577   347.24945  268.34216  311.62296  287.28687
 325.60724  310.12036  250.18481  346.84427  325.2679   389.1267
 277.3602   408.40173  353.56357  201.68546  330.48685  332.63052
 344.04224  282.6755   341.85312  301.67496  343.67032  401.03207
 327.6686   385.12723  352.70605  299.5923   280.1744   304.43176
 390.5006   313.5668   276.25995  282.5126   364.37183  335.99374
 360.93515  323.7683   258.9463   292.40833  361.56366  286.05307
 302.9798   320.556    279.18787  343.04062  304.39636  338.9928
 318.35602  162.57639  342.74454  316.9752   256.93307  357.7898
 305.89243  347.33038  258.439    249.32547  361.37946  353.37628
 413.53452  281.1992   349.86673  318.41306  365.22754  313.88785
 308.6518   301.28485  291.78333  323.43823  340.12     341.58536
 355.66953  326.0738   342.65765  331.98337  255.34573  347.11996
 291.90704  337.94183  329.4906   321.89294  308.96594  289.32382
 413.05777  311.8725   323.11978  319.76038  381.0906   357.8646
 282.84482  294.04803  343.7149   299.92975  235.06596  313.5071
 288.7738   313.6058   326.92584  320.34402  328.67862  249.5737
 338.62225  331.10455  302.01523  303.6425   347.37808  344.7593
 320.85104  312.71194  325.1034   312.88406  302.33276  322.7607
 283.07544  294.29633  320.2054   301.52997  343.782    302.0583
 270.1433   208.23264  342.0058   308.68936  309.4016   345.59113
 380.11942  352.08093  314.44037  318.95633  348.7514   258.53604
 281.6629   313.22235  284.3686   345.89023  297.67798  337.1248
 309.40872  305.03043  341.72775  321.65265  362.21262  284.9804
 321.13675  324.41336  296.39307  298.44736  506.48407  338.5711
 371.1887   303.94464  322.05643  285.97543  310.0878   334.36423
 291.05508  381.27155  359.6709   359.8761   328.56006  279.67548
 409.7524   315.00272  274.26978  338.62442  325.45602  330.61942
 217.70633  197.4228   310.46884  358.60098  295.46182  306.0131
 410.99622  349.3909   253.08824  366.53775  322.03223  378.92807
 370.71613  265.6727   355.5728   303.5914   320.8571   314.29565
 281.6781   307.21332  324.29697  324.5518   427.34775  235.28905
 296.41718  272.05228  119.268    305.15347  369.1508   363.00497
 336.18448  281.80786  390.56842  357.5996   242.83443  351.9256
 344.44205  279.0574   329.15955  323.47333  375.3899   301.895
 329.4106   321.8474   341.40497  319.5088   363.7446   271.31345
 319.806    263.76144  298.34103  270.9343   334.02655  347.768
 373.63278  289.19498  288.28348  246.99869  368.72812  304.6041
 322.88696  226.19366  295.09583  293.94333  231.87512  323.6315
 325.8979   287.48114  317.96164  333.9797   320.43256  331.9984
 368.3121   320.0864   267.4346   320.81262  265.27948  269.31284
 359.1258   265.551    253.44891  350.1439   265.54285  261.69458
 277.47183  268.06064  266.5618   219.50505  359.08     349.69016
 310.99576  236.39372  252.8183   319.41678  351.34277  334.24728
 360.4804   359.8705   282.98566  342.1434   253.60977  349.96057
 314.38196  275.0394   321.86707  370.17218  358.45023  340.03827
 319.54395  277.92087  285.9449   338.8443   419.63486  353.15524
 335.86972  349.73526  313.41733  356.1711   302.68924  292.092
 293.09076  319.95828  280.62405  268.5103   333.47702  326.5809
 310.95786  310.1996   369.15976  361.5072   324.67157  283.58453
 304.56982  359.48053  381.21033  321.5104   116.283554 369.46167
 267.37872  321.62524  293.10422  371.9157   331.76675  306.2763  ]",[5.044796  4.959018  4.9455504 ... 6.34174   5.5731587 6.7094803],6.112823,0.13435768261964737,0.35166304374047797
4,6352,Transformation_Matrix_W,"[[ 0.22525918  0.35836038  0.22196363 ...  1.3797495   0.10767367
  -0.52821046]
 [ 0.12201083  0.21135415  0.7973875  ... -0.65796256 -1.1232708
  -0.12544192]
 [ 0.1120247   0.05108672 -0.17817745 ... -0.8125088   0.20054187
   0.77796406]
 ...
 [ 0.77692175 -1.2954268  -0.73761576 ... -1.1841779   0.97987854
   0.5878538 ]
 [-1.4196829   1.4611682   0.20996109 ...  0.5299065  -0.14801784
   0.9656101 ]
 [ 0.41149947 -1.5001006  -0.70644003 ... -0.23666202 -1.7041439
  -0.02515909]]",,"[333.05588  339.09998  277.05698  276.03397  285.3379   326.36288
 332.09808  344.9014   246.96255  277.69156  265.6534   288.46036
 319.95187  302.87814  289.5476   270.94046  139.21722  366.17328
 254.05508  346.67374  244.52058  274.7446   310.3987   370.31653
 268.7543   303.95572  415.20642  296.66705  294.02005  270.34952
 158.90352  267.6177   346.94922  159.99438  333.8021   301.93893
 290.87048  359.18118  277.02713  285.22675  345.3477   320.08945
 308.9098   229.58269  304.37888  304.04132  354.2934   308.959
 319.1423   302.78522  222.46202  367.45172  279.0725   296.209
 251.3536   322.7315   362.0239   285.60422  291.3988   321.96716
 348.72696  373.03232  265.16922  307.20612  326.68176  322.1324
 221.0061   256.2473   283.00583  243.57625  349.3732   360.14294
 292.99762  220.76752  258.79376  294.73068  383.74783  309.0892
 271.4267   360.61694  308.48904  315.86093  270.55585  353.00577
 277.40915  231.10608  369.01215  320.36307  325.1726   266.90283
 264.0403   361.96994  265.8218   330.28964  312.7262   329.71225
 343.16113  386.12112  279.94638  274.63416  319.0789   319.06683
 238.86649  347.66144  276.3501   274.59222  369.64627  362.81302
 305.1867   261.48483  334.9642   307.43533  258.3334   291.23984
 322.54373  277.62878  416.63922   98.46943  308.08768  294.77002
 384.794    339.9389   291.76202  355.48773  267.1152   264.92612
 271.82587  324.08817  141.5118   315.15976  310.0295   273.08344
 341.41315  335.58228  315.21945  239.05118  277.79593  317.92105
 266.5456   290.6768   284.05032  248.45052  319.027    259.8715
 274.3607   313.76337  298.31445  370.015    304.59427  295.4165
 339.638    329.87793  358.55817  295.39832  321.68915  271.99612
 312.6761   316.32132  345.8794   305.3159   283.3344   379.59647
 369.8684   289.05273  259.3917   275.25586  283.77637  185.27527
 361.71545  326.03812  324.75357  343.3574   376.74808  289.6039
 268.8358   270.1542   385.1768   313.393    304.07877  350.4162
 273.27612  304.511    284.73227  303.75555  278.82138  169.92679
 349.0689   349.72983  311.73303  322.98465  297.48486  289.28183
 296.88742  254.49359  386.90662  384.0692   268.16672  227.09393
 351.69403  329.72595  302.93033  393.8323   330.0027   337.68106
 233.47366  319.75763  304.91275  318.8505   409.10107  316.09763
 222.60472  327.13635  222.82541  325.77866  282.9406   318.30792
 226.2543   271.70718  305.7773   312.0218   312.61502  263.44696
 157.61208  227.2522   324.61737  362.75677  312.81854  380.46167
 342.19443  301.2061   341.84213  389.0247   245.60197  303.61905
 261.25266  328.16177  281.02264  305.56586  322.09152  382.53928
 321.01294  326.8379   391.89026  281.11353  307.58798  238.79651
 287.36975  300.3652   322.02335  333.98102  298.1978   350.12265
 316.56146  306.88474  328.25635  127.874756 246.43239  233.68613
 267.47534  348.33783  276.20007  306.09167  261.60538  313.20438
 412.0353   321.57654  305.59998  333.79016  275.44052  348.79904
 383.37778  359.22076  317.06845  219.34328  311.01297  265.0332
 312.4077   286.8314   321.00278  266.28275  273.9833   354.35983
 269.7534   258.384    350.34583  332.96948  301.1952   334.23846
 327.6411   354.8155   319.65915  305.52197  285.85757  314.06213
 306.95654  341.69986  225.97958  319.97766  312.41537  278.7933
 286.52582  409.5414   340.56485  348.79623  283.4483   325.6819
 333.3579   297.15063  361.78073  216.18039  331.67416  309.61755
 299.76932  295.0416   276.586    310.83435  317.0712   345.85126
 316.04968  245.17117  301.53247  306.83713  323.41187  316.92212
 314.7363   342.73776  284.9281   300.13824  276.16385  317.27527
 277.41144  309.89297  374.87827  294.55075  314.18753  258.39908
 235.02058  331.02206  325.265    277.69687  352.89124  114.55516
 346.86377  317.7794   242.88983  403.76453  312.83908  295.31906
 277.24725  339.10352  261.21832  301.19577  278.8756   270.13754
 308.86664  295.4742   324.73987  306.17157  336.61032  330.17282
 314.6915   293.2136   334.0823   319.30194  377.76413  320.04837
 321.0666   320.12753  262.20956  254.9631   388.85272  317.99564
 372.735    320.79037  280.27115  304.1264   280.82755  287.75375
 316.62018  448.9815   299.79413  284.11374  342.65845  302.7367
 290.99847  111.39332  255.58621  278.43906  335.8004   299.5235
 316.4742   274.4891   298.41718  278.82285  248.7595   329.0031
 315.3493   315.80338  331.81885  316.8677   363.83313  334.9211
 381.93015  347.77383  338.3453   393.26807  323.71567  349.9175
 297.17575  291.0415   212.40526  305.45996  365.83353  241.27292
 304.26825  319.76703  384.89606  249.25845  301.086    291.69836
 315.4606   295.20102  336.857    308.28632  263.79596  347.53882
 286.96442  349.13745  172.21715  382.8945   348.91754  300.22314
 314.28976  259.1669   294.53577  364.69504  291.17596  229.2939
 306.46927  254.28462  262.9356   358.1436   274.8499   259.96774
 259.15768  389.40942  295.84674  290.81863  306.21182  292.83395
 315.37445  368.2819   360.7092   304.14267  345.98898  339.149
 306.80347  318.10114  334.38876  261.30023  302.97055  275.38498
 319.65286  297.453    242.65764  335.73508  318.90054  369.43845
 274.17273  399.1991   345.00455  184.21309  320.20764  330.0016
 332.69775  274.77975  332.78696  296.51917  336.47177  394.4419
 314.47644  375.0787   341.19318  293.38998  259.54175  290.78912
 377.60303  304.60803  269.7899   272.23962  344.24084  321.24225
 344.45618  314.55746  253.5205   287.1053   348.6349   284.15216
 291.5511   314.64737  273.68588  334.61996  293.94394  330.5792
 311.6643   155.63431  333.89664  296.86053  246.41212  350.4336
 303.25418  340.9652   247.5416   242.4986   352.28244  339.6169
 393.16302  269.82547  337.41397  312.69785  344.91696  304.74103
 296.2164   290.8852   288.91025  310.79504  330.81927  336.5736
 340.49866  315.60394  341.9812   321.9652   250.64854  339.55734
 283.97806  327.26382  322.7925   313.96555  301.08362  281.68976
 399.1578   299.35     313.2114   306.97327  368.20654  339.50977
 272.80902  286.68604  330.4975   289.60254  227.06859  310.492
 277.39798  304.4419   324.77472  302.01144  317.16443  243.88235
 329.31012  322.21634  287.76724  299.44662  344.58948  332.10052
 311.85504  296.77393  315.57532  304.89957  291.7803   313.44894
 267.35876  289.35385  312.54343  291.34097  332.96747  292.5868
 266.2639   186.43068  329.92395  297.1579   299.5983   334.54
 364.634    342.0668   302.3615   306.07306  342.4044   244.25052
 271.1276   302.00253  278.22888  335.48456  293.64188  324.37637
 295.06226  295.3226   335.1804   311.75128  349.69052  276.6396
 311.07266  311.97525  284.93982  292.04297  499.9091   327.5738
 360.12802  299.85938  311.63312  281.67938  299.6842   327.77988
 281.07816  367.45996  349.36203  347.96872  318.02618  268.93475
 397.48138  305.1516   270.99966  323.80444  316.63385  319.13983
 189.90489  186.08733  295.0636   347.5869   287.22836  297.7544
 401.8364   340.88663  247.80821  359.1222   308.7734   366.16336
 360.43478  257.252    342.79468  294.29376  311.31702  305.5932
 273.086    294.8556   310.92578  313.50247  413.1772   230.79993
 282.96967  266.91104  113.49867  294.7604   359.2879   350.00107
 318.88425  269.90802  373.97043  351.6049   233.22087  343.2636
 331.02194  271.675    317.24374  314.4748   365.01974  293.9577
 321.3257   313.09677  329.98022  303.43326  352.07526  265.5993
 308.5444   253.08759  286.6283   263.68423  317.73538  333.91724
 361.55792  280.89948  279.59036  240.9859   351.54828  291.79608
 321.49225  223.20815  287.69406  288.76907  226.32268  315.53802
 319.07825  280.2836   312.96368  325.43835  309.70718  328.10736
 360.568    308.09732  261.51022  310.5198   256.92383  260.15173
 349.2132   253.91074  243.16222  331.73404  255.32794  255.70776
 267.33862  257.6491   256.60965  209.41943  352.0591   338.77942
 299.47162  228.3997   232.67986  313.55667  337.5856   324.10028
 351.36517  347.6325   282.06952  321.98672  247.75516  339.30008
 305.42624  269.06802  316.58334  359.16452  349.84848  325.10254
 312.02536  271.64804  276.90665  331.25787  401.81998  347.32092
 321.67575  333.11322  303.13812  348.56424  295.56982  284.09933
 289.89203  309.3218   274.44183  260.50253  327.16095  318.84122
 299.39722  304.2567   347.66663  347.1784   314.934    272.86295
 297.87335  348.96173  371.34064  310.24756  110.40663  361.8122
 259.34238  307.56924  286.05283  364.51025  325.19632  299.04733 ]",[4.9051385 5.1587324 4.439328  ... 6.520411  5.3180385 6.7530193],6.0167313,0.17435768261964735,0.3853007012624833
5,6352,Transformation_Matrix_W,"[[-0.33656943  0.27616844  0.44207773 ...  0.17243256 -0.23318236
   1.1656654 ]
 [-0.29945657  0.3967787   0.5247193  ... -0.3079309  -0.9962483
   0.55969393]
 [-0.6668803   0.21089718 -0.4317679  ...  0.0688239   0.13258408
  -0.13933824]
 ...
 [ 0.4981601  -1.1368865  -1.0361468  ... -0.39812127 -0.1032606
   1.1227349 ]
 [-0.23281965 -0.4777734  -0.15781906 ...  0.19186261 -0.6995406
   0.33402485]
 [ 0.6223824  -0.60071635 -0.37203297 ... -0.3048899   0.48457378
  -0.0518955 ]]",,"[316.75272  326.66562  266.79486  264.03632  272.50635  312.66052
 321.55878  331.6293   235.15938  271.875    250.8363   274.86823
 305.46194  290.19974  274.31937  247.58583  130.69609  351.55145
 246.17743  330.22467  234.47867  265.9709   296.4182   342.13214
 258.42493  295.2989   393.5004   286.46225  282.91516  261.8252
 147.78363  255.59903  328.44064  150.405    327.38     290.65472
 275.04828  352.40384  265.84982  277.54272  330.3558   306.12186
 302.375    225.51889  290.22015  290.89764  329.0533   297.02332
 306.41296  283.73694  213.18376  346.53128  270.04514  278.92673
 235.74892  313.17062  347.1169   271.27692  283.52383  314.14288
 329.56497  353.42923  256.59668  289.98523  311.85474  311.61618
 208.16574  250.93124  278.7448   238.40628  333.31287  349.54486
 289.15714  209.94797  250.55597  286.4265   372.04407  298.651
 262.36694  345.8352   296.46115  293.48203  266.80652  337.1416
 265.75433  223.90147  344.75964  309.05563  310.54507  254.62022
 254.01028  351.44214  258.25192  315.46945  297.48862  317.14117
 322.31647  369.60645  268.73154  263.58804  304.15674  303.53845
 229.38046  326.05215  263.68744  265.77863  360.0169   348.7044
 297.13245  250.62724  320.3905   293.636    245.7876   284.10425
 306.55667  273.8297   404.02948   90.87694  287.4486   291.13446
 375.25314  329.13278  282.34457  336.59628  255.55727  255.0809
 262.58286  312.0128   130.45018  306.12192  298.41092  259.40533
 321.27292  319.81125  303.52347  226.84729  268.55545  310.3065
 258.78952  276.51984  273.46805  243.78871  300.3522   250.8497
 262.16635  299.22336  283.0717   354.00446  285.55295  283.1921
 317.63922  316.1705   348.82968  279.77945  306.3775   269.04572
 299.29263  304.18378  331.16074  283.72644  275.1135   369.1417
 361.8284   277.84894  253.87491  267.61545  269.28812  166.36081
 345.28464  310.70142  314.46362  326.44702  360.93994  274.81616
 262.10168  255.00787  375.74976  301.24884  292.40817  329.1991
 260.6871   291.95544  275.60965  285.74005  272.67398  163.42549
 331.92902  339.51907  291.22156  304.80713  294.45993  276.0381
 287.02014  243.56445  375.3248   364.6527   254.26889  216.32707
 341.25485  312.21115  288.21225  382.57465  315.66855  331.66794
 224.82481  311.19113  292.14984  305.17166  387.99335  306.9131
 213.96817  314.07843  205.86478  309.5102   270.39938  300.41647
 216.58374  259.47995  286.14453  304.28534  295.24936  253.66328
 145.83643  224.29794  311.6503   349.01016  297.49307  369.4143
 330.6984   293.29346  334.13638  370.06412  232.60349  296.10468
 254.06647  320.01038  267.79477  299.0655   313.07587  368.8853
 310.6265   314.6154   374.57227  268.33932  291.53662  231.83632
 273.2176   287.19495  304.81522  318.16837  281.61905  328.15915
 303.95236  293.2479   314.9771   113.507774 238.37662  219.37581
 258.1526   342.14395  262.82178  293.52725  222.52605  299.15012
 402.46515  310.89557  296.85605  321.24725  265.21188  340.51178
 361.07492  346.0599   307.66147  209.20137  305.44434  253.91339
 297.9756   279.5384   307.4792   258.54398  261.62152  336.85046
 261.00278  248.35275  332.8423   314.68832  292.31854  325.48904
 320.0966   338.9814   310.02454  296.7675   272.91455  303.00977
 293.53476  325.13443  216.296    310.32852  296.92334  266.06793
 275.06805  386.13336  322.1527   340.65305  275.44742  314.69028
 319.43585  284.83136  344.52182  203.5791   318.53033  295.59805
 288.08868  285.704    274.62448  303.81512  303.29086  331.00378
 302.13535  232.14679  280.73087  301.71378  307.1259   307.586
 305.1321   323.3016   278.3254   292.52927  262.67117  301.55267
 264.1309   300.9269   358.78494  283.59387  311.73065  244.11977
 214.914    317.8636   309.65878  268.23172  346.45615  106.157936
 335.6712   298.3724   217.41043  391.81137  300.39883  288.07727
 273.4766   325.0871   228.95778  295.31445  262.0368   263.79224
 296.23688  285.51953  306.91553  298.70038  328.61725  314.51367
 302.65747  282.91232  315.0566   307.18433  366.35828  304.2347
 312.15646  305.53406  249.80069  250.54216  371.6197   299.56064
 345.854    313.85025  271.74442  297.2916   257.93433  273.02002
 302.8803   434.34604  293.642    269.3141   332.7673   289.7173
 277.79095   98.84392  248.57433  270.504    325.30545  291.03192
 298.16797  264.40778  280.12143  261.85815  239.94322  312.35867
 298.55997  302.9795   317.53412  305.51465  340.96274  327.9206
 360.75458  334.86145  317.02213  378.2456   306.87323  339.77322
 283.4269   285.68042  194.83363  296.96234  350.19525  233.19215
 296.83868  308.87448  370.15128  239.26184  290.6203   279.21558
 295.7477   282.00806  325.7222   294.06375  245.50648  330.5111
 272.17136  338.61902  165.2811   366.45673  340.01367  291.0572
 300.2588   237.20247  279.33145  350.53397  282.8138   224.18457
 299.19785  250.50475  253.24864  345.749    267.2508   252.2723
 256.20728  378.61606  282.48923  275.6888   293.23834  281.95294
 303.8421   353.7178   349.83127  294.14624  330.98074  324.53598
 293.10226  302.85028  321.3574   254.46515  290.67014  266.2238
 309.25613  285.22098  238.29259  321.68304  303.9953   359.744
 254.80542  380.01385  322.18002  176.79494  300.8014   319.02255
 323.04526  267.6021   325.48532  283.39142  320.05978  377.46732
 307.48993  365.9184   320.26196  283.1162   227.23181  273.43073
 363.1626   295.78152  260.12106  257.81058  319.18674  301.29565
 334.6901   305.9518   238.40758  285.98184  329.5756   275.02258
 274.97137  300.78024  268.58948  325.67365  281.63773  319.0774
 300.94696  149.99767  325.74722  277.10657  232.38313  342.07385
 285.82712  327.4008   239.33696  234.87186  337.94815  324.5874
 370.57037  260.23138  324.84357  306.1482   328.3002   288.7361
 283.3842   282.3865   275.24545  298.9702   313.33786  314.10266
 330.1215   307.59167  331.97147  309.47083  238.52942  330.57532
 275.43463  314.12625  302.209    306.8601   284.88504  267.55444
 375.19073  292.7501   306.22638  294.60162  350.3821   319.27914
 259.40396  276.19922  317.49234  277.70493  222.77702  296.59573
 269.9773   301.0053   315.22168  290.98993  303.73788  235.18715
 317.52408  301.71216  280.47702  289.30936  326.80692  319.25424
 297.5606   289.4788   305.26794  294.58713  279.23615  309.2634
 254.83638  280.90887  300.57632  281.36096  324.25806  282.48367
 259.38998  162.76599  314.4447   279.74738  281.52817  318.71786
 354.927    328.35864  282.61615  294.84872  327.6193   240.03966
 266.02045  288.81573  271.40045  324.11023  286.15582  316.29816
 280.7884   277.35895  322.8106   301.75104  333.5008   269.5572
 301.49973  298.0787   268.98248  281.17792  486.29095  311.63272
 344.28632  287.75482  301.52847  277.95944  287.60043  309.38007
 271.03268  352.54523  334.47922  337.71158  304.99417  258.72247
 380.5932   292.30127  262.74023  311.93536  307.07623  302.95273
 171.38596  171.48552  283.0875   340.37192  280.53436  287.95068
 385.14172  329.1406   231.26982  340.1443   295.46277  342.3849
 350.7384   248.64854  334.034    280.6473   297.015    296.8346
 255.12868  283.26855  293.52142  304.8395   397.82483  219.23859
 273.54047  261.47302  106.66356  285.51785  346.85892  336.20224
 307.59225  261.71786  357.9421   337.16714  221.16956  331.13403
 315.75177  264.2874   303.35522  302.82214  347.57785  287.31067
 305.0795   301.74655  311.82376  287.892    336.68637  258.92172
 299.49246  235.47714  276.8173   257.5366   304.56757  321.68283
 344.39667  274.5254   264.6653   232.2962   336.99075  281.8701
 312.7043   217.65413  278.3003   278.94113  220.42465  308.21075
 299.82816  264.78238  295.26962  310.86227  302.0771   315.51627
 340.5742   289.91574  252.46341  300.46152  250.70383  249.25648
 336.48605  241.04346  235.23972  324.2804   247.23715  244.68962
 258.17603  248.6416   250.74567  201.73233  337.6799   321.12323
 286.9136   222.70465  209.62257  297.4934   323.27795  311.71082
 340.25198  334.74738  279.79333  308.34018  239.25438  322.20905
 292.88055  263.4565   301.0489   350.16467  328.55676  310.61148
 302.2376   260.89362  271.20822  318.10284  384.91064  326.34183
 309.14987  318.86798  289.18307  333.06784  288.21274  276.86984
 276.213    291.0971   266.8634   243.89732  314.48828  307.13583
 289.18192  294.69037  324.65857  334.56055  302.93982  261.15472
 284.12668  335.52484  355.66345  302.4839   100.3508   349.05606
 247.37607  291.91934  281.4196   339.6422   303.12726  291.8635  ]",[5.314134  5.226272  4.531945  ... 6.7966523 5.579832  6.9369593],5.891881,0.22619647355163727,0.4259534205079462
6,6352,Transformation_Matrix_W,"[[ 0.11202822 -0.34736878 -0.07929131 ... -0.5826392   0.22723155
   0.16977593]
 [-0.83101195  0.31353247 -0.06003067 ... -0.00100063  0.05838792
   0.13564451]
 [ 0.26382288  0.03463771  0.3071973  ... -0.05829084  0.29383707
   0.18315366]
 ...
 [ 0.2830449  -0.32298452 -0.05591131 ...  0.7990077  -0.09648932
  -0.14567865]
 [-0.07583134 -0.23953228  0.132188   ... -0.35535967  0.93130946
   0.35024765]
 [-0.3745992   0.2549596   0.2876094  ... -0.26264554  0.74008083
  -0.08492196]]",,"[309.35846  318.0449   257.38223  253.06763  266.42276  301.9636
 317.08887  319.9649   231.03012  265.52252  241.94286  256.9016
 297.2089   281.93066  268.58798  237.93918  126.08244  344.39456
 236.45668  320.60715  232.96886  265.44672  288.91003  328.35443
 254.04678  290.1749   389.9526   277.79562  279.31448  258.5302
 139.84668  246.78995  322.57025  145.49321  318.778    285.12976
 269.3999   345.26263  258.34525  265.27365  317.23868  308.76727
 293.18494  214.74825  285.11685  280.04214  323.6978   290.63672
 295.3891   282.63312  204.57655  331.6353   263.26035  266.6102
 229.24239  299.33273  336.18713  261.75177  279.7058   314.58133
 326.9036   343.48087  245.27745  285.57748  308.8472   309.11792
 205.13535  244.97975  268.68835  229.20015  321.27808  340.05573
 284.88733  197.39188  247.00067  272.91187  366.61484  286.69846
 259.1459   338.83325  284.82504  271.73706  260.6436   324.8165
 265.105    218.73953  330.90088  297.1998   301.2537   251.55292
 247.67429  340.02524  253.62758  305.18076  289.71686  310.73145
 310.73288  352.91113  260.36414  261.26868  294.9107   299.40057
 224.8907   304.47827  260.54706  264.40747  350.70178  330.52216
 290.64212  244.88126  300.28412  282.55484  237.09196  273.9228
 295.82867  265.83994  385.21335   85.73754  283.0488   279.8935
 361.16037  324.76166  277.80835  326.40695  250.83601  245.48787
 256.27158  311.0536   126.00154  304.4784   293.99197  251.42198
 311.06375  313.66943  291.98422  226.26706  260.50418  305.3386
 251.48677  267.4058   272.25616  239.82245  294.94302  242.20459
 252.60684  293.0169   278.80487  348.7012   276.0607   278.00287
 313.08783  305.77417  343.2556   264.67712  288.86224  261.27887
 294.37335  295.06607  317.4847   264.90506  267.48917  356.21616
 349.31866  270.75427  245.6457   260.96527  261.48233  160.03561
 339.8554   303.73346  301.50888  313.9427   347.38898  264.55624
 256.26474  244.10606  353.90717  295.69962  286.2952   325.85303
 259.64206  284.27856  268.6083   285.70526  269.35184  159.40424
 321.70514  328.2663   281.93454  297.40717  281.8779   266.58612
 275.2295   237.24695  366.9855   358.94296  247.14981  215.65483
 327.88818  304.98172  283.06702  368.48505  304.24426  322.0378
 218.67177  302.50018  279.7529   302.86862  386.28345  302.26282
 201.5285   304.29187  203.8293   303.15808  264.64612  293.5929
 213.20958  253.51378  290.23898  298.1702   283.26562  247.34596
 140.0151   217.48029  297.45905  336.12073  286.91986  364.46548
 321.03003  286.6833   322.04575  360.7184   221.68033  289.83606
 248.66835  304.02197  261.13327  289.6478   302.91998  351.29874
 300.30536  306.49918  362.17413  261.15128  292.7292   219.22786
 273.31354  276.15823  302.71182  311.7815   278.89792  313.59222
 299.98575  292.33237  297.33536  102.80966  230.4412   216.98155
 256.77673  332.0796   256.80945  290.1786   197.2033   297.1001
 391.95218  308.8494   283.91962  313.03403  268.88     333.89102
 362.405    339.4598   296.30905  197.80307  300.5674   249.15407
 292.96466  276.45255  294.59735  256.88916  257.33017  326.70322
 253.04726  239.61609  319.23514  309.1635   283.67746  317.49533
 308.7093   333.4429   301.2803   288.94034  264.58673  294.58478
 291.04166  314.36115  211.1591   302.54315  287.62854  260.77307
 267.31503  374.4426   318.9626   323.6693   264.59894  311.68958
 310.80936  276.08554  329.5152   191.46432  309.31226  289.7678
 284.15012  278.36853  264.89505  301.43878  297.1711   316.82285
 287.27228  224.07085  273.71082  289.38538  307.2004   298.69812
 300.64523  313.7611   272.92902  282.33392  253.36278  293.7547
 263.3765   295.41104  341.528    282.32812  305.7633   225.40587
 199.03299  309.51593  301.82272  261.80298  330.14056  101.457436
 322.15567  287.12698  200.58582  375.16367  289.77917  275.51166
 260.5331   326.33685  211.74286  286.69238  259.79468  263.9046
 287.84656  278.20813  299.9776   291.09802  321.75186  298.44943
 303.4262   272.52972  313.2958   304.58765  355.8364   295.41974
 299.40698  292.78168  242.7105   248.65457  361.40265  295.77295
 333.5729   303.84534  268.0507   281.97836  245.81384  260.2947
 287.90915  412.9209   284.21313  267.96497  327.73456  280.26572
 270.69925   93.25622  242.60336  259.5891   314.08905  281.28836
 284.29178  251.27835  270.13867  253.72372  237.74187  303.2541
 288.57605  291.70035  311.69635  293.96732  333.5101   319.38385
 351.82275  325.00888  308.31726  375.65823  301.24802  336.1981
 281.1719   280.2361   184.97504  296.0445   342.26816  225.29886
 283.21518  304.59344  367.61536  225.10963  284.29013  273.35196
 284.0319   273.2912   308.61932  290.9328   234.51692  319.3462
 267.38214  330.88266  156.43317  361.79266  334.95322  282.65387
 292.18488  225.80283  274.13153  339.6438   273.14328  222.02202
 293.88672  242.1953   252.76906  326.1319   257.19498  245.76056
 250.14734  367.429    274.14166  269.83557  284.60376  280.57294
 299.37375  343.19736  343.71478  286.9128   307.12604  313.2597
 286.81516  294.1437   305.44043  247.86848  278.15262  258.25922
 296.3935   270.44946  238.05275  296.7492   294.16293  343.49472
 249.25516  369.66165  317.41196  171.64459  293.30637  311.3851
 313.00467  261.70312  317.9434   275.13895  313.48492  366.895
 301.24768  350.61752  312.68344  271.54715  209.00954  254.63014
 349.82663  282.94348  257.49832  249.2363   309.63037  287.4963
 327.59012  297.3534   228.12047  279.9687   326.35184  268.1423
 273.65738  295.54608  257.9366   320.9324   272.01553  309.82654
 293.7737   144.83054  311.76993  267.8523   220.83359  336.45276
 287.7536   317.19196  226.9409   226.08595  327.72604  317.86508
 355.09515  255.82475  321.7298   296.66403  315.95047  279.36676
 273.6366   272.91367  273.5325   289.1509   310.8325   312.24664
 319.69244  293.8507   321.29315  302.73285  231.77937  323.6684
 268.49835  295.32178  291.3123   301.89108  282.30704  262.31235
 359.97446  283.1578   299.0109   290.6393   340.82806  313.85443
 246.49562  264.4301   316.38412  273.19598  216.69084  291.4908
 260.51718  296.6946   309.0244   277.54297  302.2447   233.32951
 313.51462  282.63095  271.92358  275.6409   321.35684  312.91714
 282.64383  277.74557  299.3698   283.36636  275.4551   290.04565
 241.14525  277.03174  296.37686  275.45557  321.4162   279.05325
 250.05545  152.38173  312.48645  271.46396  274.4992   306.43918
 343.68362  324.46194  271.35443  280.13986  326.98007  237.8845
 254.8688   284.18243  262.99237  317.26746  274.57684  312.66614
 272.8018   270.38525  317.81073  297.36038  333.77838  265.29477
 291.09006  288.99124  264.94086  271.16382  482.00394  307.9832
 330.67477  285.41037  293.35583  269.76984  281.04904  300.88916
 263.92136  341.57047  332.79443  320.41885  290.99646  258.6951
 369.56824  283.78607  261.4877   300.6474   297.08386  303.9097
 160.54704  160.86554  273.435    328.84686  271.22253  278.71475
 373.28336  318.1107   224.59413  324.31027  286.82452  328.9475
 335.19226  243.11319  320.94235  275.1223   291.32394  288.60715
 252.55219  277.0377   285.25024  294.99304  388.95505  213.05139
 266.6261   252.27763  102.76823  280.42603  334.63443  331.93854
 294.54315  259.17987  348.4742   318.17648  217.08511  322.46738
 306.13278  254.12775  293.12216  299.0346   329.49884  287.4021
 304.07782  299.52173  305.3675   282.12082  325.7566   244.89793
 281.86163  222.67259  266.04388  248.00092  295.7633   307.06137
 336.34787  273.46472  255.78864  228.55476  320.9428   276.67856
 306.83368  211.30954  262.71143  277.8731   215.15067  299.0623
 291.61954  261.24982  284.39005  306.55087  294.7355   310.26837
 327.44543  279.1657   243.55049  288.9553   249.20349  251.01694
 325.48068  235.34624  228.27724  314.44193  235.49832  233.82654
 249.13165  242.37895  243.7587   198.09682  331.97717  317.7213
 280.05664  211.54958  198.62346  289.2663   307.89148  299.2535
 329.24487  330.33475  265.61295  302.55252  238.69614  304.49796
 281.91345  253.9494   290.4391   344.81628  326.96652  306.72
 296.18936  256.80096  264.26593  312.41074  372.98584  317.76086
 295.96262  306.502    283.82773  323.00476  282.85748  263.22546
 274.5263   284.87946  257.55295  243.06969  311.72012  304.46533
 282.19702  284.47052  303.76447  323.12558  304.8388   255.69722
 272.9733   329.1965   345.28998  292.76495   95.34441  339.83807
 244.88194  284.72113  275.67215  331.13776  290.9438   277.0652  ]",[5.070503  4.913343  4.4296308 ... 6.528429  5.4486837 6.4991407],5.8061967,0.2649370277078086,0.45430619894883256
7,6352,Transformation_Matrix_W,"[[ 0.2366643  -0.53543305 -0.09185958 ...  0.11430226 -0.07467972
  -0.05890964]
 [ 0.09208401  0.10480579  0.11716074 ... -0.26988193 -0.07344466
   0.09602256]
 [-0.10219158  0.32100812  0.39996573 ...  0.05052222 -0.17633663
  -0.42567882]
 ...
 [ 0.28332612 -0.29480523 -0.17717157 ...  0.27933037 -0.02690041
   0.34247264]
 [ 0.40083456  0.02777882  0.16430986 ... -0.18842348  0.47013485
  -0.10458007]
 [-0.05919797 -0.02638201 -0.16642198 ... -0.17393366  0.45520258
   0.14537609]]",,"[293.92786  296.39297  255.87509  250.18745  262.3149   289.4038
 303.18268  307.18832  217.51079  255.46559  234.84201  254.56236
 289.313    275.08746  262.21036  219.7936   121.782005 332.63345
 230.69974  313.5461   224.39034  261.1188   279.31555  312.209
 252.98392  283.0433   366.87564  269.8373   270.86102  246.26057
 133.16733  240.54742  310.7572   142.63257  306.42435  287.73486
 262.3425   331.5192   253.30766  260.13516  309.58478  302.92432
 285.46384  206.90608  280.39563  284.91748  312.2734   279.66272
 287.1058   277.24673  198.23819  328.61234  255.77792  262.03397
 225.28519  294.79428  320.5667   251.54085  275.66122  306.55508
 317.70996  339.95108  240.41028  278.0106   302.06848  304.01187
 195.55528  238.01566  256.55978  224.34756  310.43204  331.1961
 278.09842  196.06726  241.39406  272.31696  365.6322   281.46124
 246.83266  323.31293  276.66092  261.508    254.02026  315.1021
 250.4739   215.54062  313.53757  294.74603  290.79935  239.20654
 238.2251   333.9149   248.62701  293.99716  284.4366   300.3792
 294.0741   336.88348  252.12546  253.81107  288.73917  292.09396
 222.2456   301.54523  246.22972  256.78116  335.14117  319.2112
 284.76752  243.48845  291.16812  273.6257   229.64545  268.76978
 281.36295  258.3868   374.0255    83.29825  277.08765  268.22986
 351.9699   309.79657  276.01636  318.54755  242.72191  238.56436
 249.44743  298.49768  121.12147  299.82208  289.16904  240.4476
 295.83875  305.70328  281.8302   217.58849  255.39662  293.52625
 247.35098  260.911    265.35895  236.22021  281.80176  238.26707
 247.65532  279.73523  264.63416  334.5352   261.1717   271.54044
 307.18243  300.5233   334.23605  260.84885  275.42792  250.717
 279.4501   279.0579   307.46878  258.18182  261.67993  347.71616
 339.3154   261.88974  243.059    254.713    249.85065  151.45964
 331.7606   293.35767  299.40472  310.28226  338.41525  251.0562
 249.28024  228.19653  339.83884  289.73276  284.41833  317.9588
 255.50116  279.2095   261.09775  275.11285  256.0552   152.69464
 314.95493  323.08728  275.43265  301.60815  272.81778  259.69388
 270.34515  227.13225  350.6922   345.76923  247.56052  208.3712
 315.11032  301.9879   274.7359   354.13004  299.88776  307.7356
 214.95215  295.90094  269.99155  294.17908  373.64847  292.9917
 199.47797  303.886    202.4704   290.71954  255.25964  282.89905
 207.44637  246.8154   277.06247  293.9158   277.011    237.5012
 134.38089  215.36053  291.3261   320.2058   282.4372   355.57397
 310.03018  276.57907  311.317    343.60565  207.92303  284.1326
 249.19337  301.29248  256.67926  282.42313  296.41122  344.80075
 288.2538   297.75955  351.14944  251.62874  278.22925  217.95047
 261.05246  271.46887  294.16898  305.99112  271.79123  305.2433
 291.10455  287.58835  297.70587   96.021286 221.84888  205.21463
 257.77365  328.71548  253.70465  278.15707  175.76253  291.34454
 384.03894  294.41705  276.98328  308.3157   261.80118  321.38528
 345.70853  329.42993  288.75934  195.96512  289.95016  240.98775
 289.22287  277.08865  285.67264  249.0849   244.34694  315.8937
 248.64114  232.49228  321.21143  306.81177  276.72598  298.66275
 295.48077  321.1426   291.1496   279.37808  250.69904  291.56866
 281.14594  299.72418  211.33604  300.18848  282.4993   248.79613
 261.35754  349.69638  305.3095   321.3378   254.97392  305.14136
 307.7434   269.40646  322.4437   182.01689  298.4475   280.2368
 279.87057  272.26086  257.0443   295.05817  293.3825   315.34296
 287.5611   221.4335   262.29047  282.98956  297.9862   287.67014
 293.70914  301.09488  262.1339   275.1205   251.519    283.04636
 257.74475  285.6404   326.177    271.3946   303.24612  224.70282
 188.79355  306.6873   295.60413  249.37708  327.90616   98.126114
 324.24985  275.67456  187.73206  354.86908  282.4324   274.77823
 253.93184  317.4064   197.87527  285.92386  258.88654  253.1456
 281.84772  267.5422   292.0244   278.02548  320.9914   283.0771
 295.2771   269.01108  301.34598  290.84512  345.1308   286.87415
 300.0362   287.94662  238.09822  242.00526  340.94788  282.9342
 322.38263  301.45016  263.12177  284.65445  247.32558  261.66956
 269.82388  407.4858   279.12146  258.74875  328.838    266.60535
 265.3495    91.69194  235.71664  253.31436  302.62216  279.78723
 278.66626  247.87558  255.21246  244.23401  232.60904  296.10156
 277.31042  290.95953  300.3361   283.45468  323.1029   316.5711
 345.19012  317.62234  294.62216  359.85315  296.7376   327.47885
 274.89304  277.6791   174.19073  288.66327  326.722    219.05222
 278.25436  289.9416   358.43814  219.64522  270.73892  264.59012
 282.28662  266.1091   306.34924  287.0685   219.53079  308.48438
 257.40848  322.12366  151.98238  348.837    329.46817  277.29318
 286.15543  218.99207  264.2586   333.9997   270.15207  215.77716
 293.83905  234.32806  241.65796  313.02164  253.33871  238.804
 240.2635   344.70758  263.30334  263.57086  281.88104  280.69717
 295.67157  338.05646  337.22327  280.69928  302.4819   313.28085
 271.28854  294.18765  305.7129   236.6273   275.6065   250.84526
 292.60916  268.1674   229.82663  296.38437  278.37622  326.48813
 248.064    361.18338  306.84396  163.11588  283.33188  304.05542
 302.87775  255.22536  313.64597  273.0672   302.60464  357.91745
 290.16476  341.27466  310.63504  267.3618   188.24966  250.00273
 339.32538  278.6526   249.61626  240.04834  305.29224  281.07535
 307.49448  291.93195  215.25478  276.47842  312.62393  265.21957
 259.6596   288.24564  254.97421  312.4739   267.3241   295.28735
 287.16364  140.14037  306.7427   260.2665   219.14282  321.4695
 277.59192  311.44736  216.55559  221.53806  328.6749   311.4653
 350.97388  247.37837  312.7403   286.85812  309.39377  280.89218
 266.66275  269.64886  263.65848  280.21368  305.5088   294.71378
 309.11545  285.35303  314.16376  298.8434   226.69498  316.69296
 262.00974  285.51874  283.0756   292.88828  273.58133  258.61975
 354.06635  272.80817  288.83527  274.85226  331.65448  294.947
 237.9612   264.4935   310.9679   266.84973  214.97818  281.1249
 256.25815  290.41125  297.83936  270.64963  292.28894  225.66968
 303.55032  276.51807  262.2388   274.06683  310.27805  303.90115
 279.83768  269.99142  292.39767  271.88333  270.49826  285.9392
 221.50958  265.66736  289.3065   260.53088  319.0485   272.05322
 243.85597  137.81152  307.86227  254.07378  267.4428   298.75092
 327.20804  314.22272  256.3483   274.50256  319.784    228.9092
 246.90852  271.0833   260.70297  306.70294  268.66953  300.62006
 264.06735  259.32837  305.9668   287.33478  315.36517  262.77768
 285.6024   282.78326  259.86508  266.61835  476.63535  301.965
 322.04755  274.46237  286.41928  261.21732  269.40573  293.51633
 251.27213  327.738    313.45425  310.003    286.41434  251.43301
 363.81412  276.25748  253.01465  291.59036  291.98294  297.51212
 152.07945  152.74612  271.13605  322.54926  265.4775   277.30087
 367.2497   312.37225  218.86559  311.4968   274.89536  321.3071
 326.51813  234.13013  315.6998   261.0601   275.92743  279.24988
 242.3625   274.59256  280.06396  289.191    378.67712  212.52327
 262.16196  251.17215   99.37442  274.5273   328.41977  320.86337
 287.0198   252.839    336.93927  307.2776   207.18127  313.6089
 304.2946   247.78616  284.21933  295.717    315.0815   274.7459
 295.79578  286.89642  290.357    281.26926  315.2584   242.78726
 276.24756  211.71663  262.2568   245.37863  289.01797  297.41937
 323.1526   259.59818  245.06439  223.58464  316.44333  270.82175
 300.16602  206.02959  255.13422  272.06058  214.21109  289.40845
 282.0174   258.2847   274.135    295.46017  281.139    298.6072
 311.36588  265.1166   238.95367  281.53372  242.60059  245.16588
 312.79767  227.90768  222.77554  312.3806   228.95477  227.62927
 242.65718  236.40103  235.33723  191.95514  319.23077  307.43103
 270.00595  207.90088  180.97955  287.26697  301.44217  290.99316
 318.44363  320.28833  264.32043  291.4875   234.0639   298.17938
 281.53574  241.58362  281.7902   337.03046  318.08762  298.7622
 281.9601   251.66676  255.75047  296.21384  356.30002  313.90457
 288.0012   304.30206  270.0779   311.24466  277.9472   258.61304
 273.14417  275.4623   251.8738   236.63281  300.8275   298.95752
 271.17935  275.96484  288.5848   304.9394   296.5861   246.81938
 266.61655  321.64264  337.50357  289.11783   88.70002  333.6555
 239.04219  281.56876  267.85944  319.41507  274.49307  271.06033 ]",[5.1754947 4.625098  4.3214107 ... 6.508912  5.353076  7.0290275],5.7231174,0.292896725440806,0.47876800956066784
8,6352,Transformation_Matrix_W,"[[ 0.42267078 -0.18526292 -0.00917051 ... -0.13536151 -0.2370809
  -0.02583208]
 [ 0.04777769  0.2891455  -0.21569996 ...  0.2310783   0.14661111
  -0.00327498]
 [-0.08666733 -0.0016709   0.05615426 ...  0.12210737 -0.30082577
  -0.03418515]
 ...
 [-0.03635635 -0.02229005 -0.02139008 ...  0.04306189 -0.2375712
  -0.07240087]
 [-0.032523    0.23216586 -0.10759339 ... -0.05226863  0.39113963
   0.00456965]
 [-0.02348167 -0.14798938  0.0703236  ...  0.17718142  0.13724354
   0.4056291 ]]",,"[264.94266  274.0693   234.68198  236.50548  239.04755  259.2417
 277.89993  277.02414  200.93446  237.07166  215.85384  229.66852
 260.6958   242.82664  238.77943  188.73627  107.65765  303.02402
 208.9402   288.03436  205.23383  243.19583  264.983    280.16602
 227.26163  260.5002   327.63867  251.92068  245.00845  225.5659
 123.26101  224.37614  279.5573   130.99757  282.39328  256.67917
 239.61319  304.65918  230.67725  231.35403  279.96585  276.10327
 257.34012  191.27597  255.1681   261.09094  281.57382  253.37312
 261.96338  252.52483  177.5175   290.63123  231.18086  231.90144
 206.27202  266.98553  296.4258   221.45352  252.57724  276.88922
 291.75195  290.84586  217.21494  249.59549  285.66696  284.45786
 179.21486  220.2831   236.02493  206.38643  280.99414  307.66974
 260.337    177.11365  222.33432  246.49557  333.08765  249.04544
 225.64215  298.856    257.25766  229.31445  234.1528   281.9855
 224.31313  201.01768  281.35205  267.974    266.35538  218.73328
 211.25327  306.80344  235.28557  262.29935  252.6822   274.21072
 270.18924  306.85696  235.18079  230.35306  264.29645  266.30392
 202.95552  275.40012  227.80444  240.99808  305.89273  288.41876
 259.04614  219.28969  261.736    256.61996  209.84335  236.21742
 262.51428  240.20506  352.33838   77.832275 257.25015  243.92458
 320.03403  287.45016  251.32307  291.79236  219.1565   216.57043
 228.89487  267.1214   108.727394 272.03964  268.6908   222.2582
 268.88705  279.38605  257.54196  199.30331  237.61821  268.9642
 226.85345  237.6004   242.0188   221.2866   254.72856  217.70604
 231.7443   249.1918   244.4204   312.2375   240.03426  251.5274
 269.0196   270.01917  307.67328  236.34833  254.74907  238.41457
 253.28207  252.06107  279.17245  220.703    236.34921  316.48657
 311.31747  237.57675  224.87039  229.36372  225.14696  130.7598
 298.39832  259.4554   279.71188  282.61972  304.7203   218.83745
 227.1436   203.89821  303.1088   265.6576   252.31544  287.41113
 235.82573  261.8795   231.66809  255.8854   234.02771  137.0051
 279.33633  292.00424  246.17984  272.05298  248.54832  234.74112
 252.96402  207.84357  318.65622  315.84186  228.82587  189.48795
 273.3066   272.8455   256.44775  304.38913  272.545    270.21408
 195.38943  262.46362  243.99294  273.90234  319.1913   269.46857
 186.19922  283.8944   183.97714  259.7155   234.96065  259.86145
 189.17744  222.86447  251.255    265.31665  249.22711  228.5696
 125.17236  196.37578  268.1931   289.33167  264.9998   318.85895
 281.31622  252.42041  287.23465  311.1251   188.56076  264.1743
 228.42085  271.85022  237.24107  255.0659   262.39453  305.2402
 255.38121  277.45975  318.62485  229.19449  252.49841  192.99496
 244.08423  250.73752  267.38596  279.60922  248.11772  278.96677
 271.9106   267.32272  276.53745   82.879715 201.95195  177.46445
 231.61057  304.17648  234.0002   256.73657  142.77393  265.12805
 357.4006   265.2448   256.61804  282.9691   241.21635  298.0609
 310.51907  295.33163  263.39322  178.7744   256.784    226.09009
 258.80075  256.08157  261.06064  229.00717  225.17625  289.9456
 230.49539  210.38852  286.23682  278.96378  256.09174  276.32803
 260.0066   291.15985  266.35156  248.53384  231.54701  267.8726
 260.23947  278.88675  195.80101  273.30005  253.83093  229.11378
 242.90573  307.988    274.50238  287.1857   233.47577  278.68213
 276.51358  249.90082  291.5608   164.35457  274.52435  252.08191
 255.03946  248.79941  243.02516  268.00208  279.17322  284.99658
 261.365    208.35104  247.49419  253.24266  270.388    270.9208
 270.13443  266.56927  246.75722  257.67886  229.04718  260.00946
 236.72464  267.95245  301.3776   257.57877  276.33096  206.1
 167.73282  278.02155  270.3326   228.9034   292.3063    89.864235
 294.72678  246.1866   161.40913  324.1589   256.75833  250.47148
 234.08115  290.53296  167.3954   265.02652  244.30019  233.27777
 262.5126   254.5028   254.0196   254.10748  294.1202   244.3044
 276.21744  240.84319  279.8543   267.21454  305.61945  262.38416
 275.06796  261.77985  217.91885  222.76915  307.12534  258.79852
 277.94064  278.38525  239.5683   258.11136  208.04893  233.8683
 237.53769  363.7458   253.96698  241.2197   298.95703  235.16882
 236.11041   80.70448  215.16571  224.41678  280.36963  254.58711
 248.0895   224.80229  237.95287  229.14876  215.35297  265.97827
 250.93176  270.49673  270.5249   265.3013   295.7575   292.7176
 305.29324  293.734    266.32938  326.0518   264.1231   303.9298
 248.47392  259.05597  150.84283  261.34296  295.1258   197.9016
 253.04642  268.2431   319.81558  199.20587  246.56152  237.07957
 248.9738   244.48773  283.73438  255.69458  193.84418  284.40195
 232.82515  299.71802  136.85204  311.03848  301.59366  258.65454
 259.35553  192.03264  243.47797  306.21857  252.34131  198.05695
 264.1573   215.7798   221.98717  286.67508  222.51184  225.96643
 223.99823  301.40222  241.32614  244.02435  251.04424  251.34915
 266.57983  299.16724  310.10223  266.15518  254.69235  281.95972
 241.44637  270.63425  280.4649   216.75233  258.11047  232.18849
 264.17453  237.17346  214.854    271.55673  260.51968  291.129
 231.37262  318.84744  270.39673  153.2737   257.98135  279.86157
 267.90967  239.77621  291.15027  251.00734  267.36542  324.2154
 266.4186   313.0547   286.5727   238.54755  158.32523  217.31
 314.2188   253.96971  225.2642   216.7117   273.21017  246.86418
 285.51282  267.7914   192.63655  256.55276  287.8283   246.64986
 229.45508  263.67075  236.77437  296.93124  239.39818  280.96503
 264.72348  129.24802  275.5564   241.79453  195.77383  306.21954
 255.03807  272.09793  198.65219  208.47824  294.45477  283.026
 316.75592  221.22417  289.02762  265.27017  270.7532   252.73174
 233.4258   246.8168   240.1668   259.46252  282.68008  273.6642
 280.53217  268.65936  286.4084   271.32953  210.30199  290.1834
 233.20268  261.4425   266.18088  276.9552   253.23508  236.03738
 316.40732  247.84622  272.08212  256.01807  290.44955  263.19983
 216.96362  239.51962  286.053    245.81984  201.93884  263.14282
 235.2383   264.92587  283.1056   253.88292  266.60953  206.38123
 277.80438  253.08485  241.07895  238.95407  287.3665   274.97922
 251.96613  246.33392  263.2451   245.8183   242.38301  267.83334
 195.54097  238.60164  269.07587  245.75874  293.33688  247.40848
 227.5669   118.461006 281.39288  227.99257  240.5203   273.58035
 287.58826  285.63028  229.84521  241.84236  292.85345  210.35002
 228.53223  246.3987   241.72734  280.49075  251.69023  274.17096
 233.20067  235.60822  281.956    270.8682   282.6429   237.57668
 257.18198  256.60245  241.66623  246.03778  455.30432  277.15994
 290.01746  249.52956  262.82584  245.31558  244.9459   261.62167
 234.84093  301.1757   286.6972   289.75397  264.50366  235.83101
 331.16736  251.54944  232.65703  261.3378   269.14185  264.93973
 129.61502  134.22133  251.17511  284.04135  244.27278  256.9312
 334.62198  286.61063  201.33473  282.8564   247.32007  287.9301
 302.57236  223.2474   287.8095   238.54367  259.17422  248.39772
 218.99197  246.95166  246.58723  266.23862  340.9708   191.71913
 242.38676  232.22438   92.13127  247.15715  288.71332  286.64032
 259.82233  231.21806  294.22162  273.23398  193.9423   284.1213
 279.36584  228.98624  255.35838  269.18124  282.36972  258.31006
 266.10156  269.50488  265.02542  254.84554  293.6811   220.14398
 247.56596  191.46318  247.50052  226.64699  259.5724   265.09302
 286.634    244.94495  227.03812  205.70891  282.82602  241.42065
 276.22885  195.50943  240.3826   258.073    194.35948  279.2966
 256.61667  239.60585  250.83907  272.89978  255.16557  282.34958
 285.91104  248.5568   220.09293  260.25217  227.85403  221.5304
 289.10788  205.28668  206.70273  293.4044   203.77339  210.13281
 227.70941  214.2128   215.65302  175.87383  281.43228  284.68085
 247.64545  194.86618  152.02719  263.2519   278.51102  261.29932
 291.45187  299.2351   244.88853  261.6849   213.24681  269.8253
 261.28394  225.51419  253.376    310.34912  290.57193  266.67044
 258.91397  230.98318  234.37198  263.83664  319.99634  291.40295
 264.15286  273.2033   245.64517  291.49075  255.68358  239.90337
 247.37236  250.48247  228.17381  206.71303  269.27982  271.0878
 255.57771  257.28354  251.13652  274.47247  270.0732   228.32022
 233.54861  293.735    300.74957  262.26117   79.02939  300.0908
 228.36406  255.47348  245.83833  278.08087  254.41269  252.8734  ]",[4.2686014 4.240428  4.241594  ... 6.271826  5.0412602 6.000892 ],5.4582024,0.3781863979848866,0.5472038334588912
9,6352,Transformation_Matrix_W,"[[ 4.10205543e-01 -1.12858854e-01  1.08447415e-03 ... -5.03268503e-02
  -1.03891287e-02  9.61116478e-02]
 [ 4.15157676e-02  4.69504863e-01  4.49427433e-04 ...  4.11944725e-02
  -1.47698224e-01 -1.08391106e-01]
 [ 2.23177150e-02  4.35210019e-02  3.35124910e-01 ...  1.67496771e-01
  -3.69485170e-02  1.18812760e-02]
 ...
 [ 1.55893371e-01 -8.64105970e-02  1.61239251e-01 ...  4.41085696e-01
   1.86310131e-02 -2.01489571e-02]
 [-9.74822938e-02 -1.06854320e-01 -2.34655619e-01 ... -8.10263380e-02
   6.31911218e-01  1.60600543e-01]
 [-5.45758754e-02  2.62764934e-02 -4.52737175e-02 ...  4.62039523e-02
  -1.82636995e-02  5.03928483e-01]]",,"[220.13177  221.96318  193.05771  193.65073  196.13809  217.50381
 221.2298   223.53322  165.59946  199.96977  180.44662  188.55428
 212.77841  193.33627  189.12207  155.6476    90.2562   244.1729
 173.21521  244.85619  170.13908  205.48775  211.43361  223.11469
 188.92238  222.49059  262.916    207.33931  204.15506  190.74294
  96.38814  186.99414  213.98473  105.76607  235.74117  209.30685
 202.51501  242.11966  192.9794   189.8103   233.51811  237.36458
 217.4346   159.12834  210.39052  207.8988   231.14955  200.225
 214.80783  209.89217  139.3572   242.80963  183.56651  190.31122
 175.27547  219.0949   244.34686  177.32233  206.02107  220.22664
 248.8536   236.48613  177.55382  193.9387   226.2379   237.75627
 146.93665  186.10703  197.40335  164.53372  220.97588  249.43057
 223.49403  144.83296  180.11069  202.7793   258.17926  204.74902
 186.98883  237.88087  209.1888   182.98439  196.34889  215.71138
 187.52687  165.39899  223.61977  214.65907  215.03052  171.64717
 179.15996  240.83974  194.93561  213.39929  198.30524  220.03961
 216.69975  254.98524  191.00119  182.53973  212.31268  217.31538
 172.20955  222.07487  188.82294  196.06783  239.15007  223.27617
 211.22826  190.16434  218.541    212.11607  170.54932  201.07268
 219.78299  207.72379  277.52142   66.45734  209.63994  200.59062
 241.20682  232.83499  200.34314  236.98134  176.73079  177.984
 191.40384  218.80043   91.29914  230.47115  216.6252   179.9452
 212.41327  227.75221  208.11897  159.78946  188.63043  223.86227
 175.13132  192.85225  206.85533  185.01471  209.66211  176.76416
 193.89268  196.2921   197.51352  251.10162  195.0157   212.89496
 221.73608  218.99033  250.5247   198.2871   203.744    208.7867
 212.43192  197.464    218.84187  159.90544  191.04617  253.45793
 261.04126  188.01202  189.19482  194.83276  182.78911  108.161476
 247.21548  206.98843  226.45648  228.08563  247.10362  170.75354
 188.43025  168.79486  242.74007  214.83308  216.10294  222.22223
 198.95274  211.96976  188.6936   208.00969  196.42673  111.31948
 224.24927  230.5816   198.33698  222.32936  206.50792  190.30083
 205.78322  176.19617  258.66113  262.49567  186.34938  167.78206
 220.39967  226.17299  205.59103  235.35632  232.58824  218.56764
 160.26988  220.08093  206.36429  220.29333  256.09976  227.58006
 152.0576   229.2501   148.93211  211.61943  198.02112  202.48674
 162.66861  188.45319  214.8529   230.43404  207.89143  184.8988
 108.8173   170.41264  213.74301  240.44124  213.57101  258.05472
 230.70155  206.22159  237.79045  251.51965  155.42151  211.36281
 193.17224  221.45226  190.72522  211.06606  212.69066  242.09329
 202.29424  222.37784  248.26755  186.75494  214.2207   159.72499
 192.12743  213.69711  217.80508  231.06279  196.73363  223.55411
 218.91983  221.43642  227.1828    68.48599  166.67404  148.46075
 182.63899  249.50291  186.39964  204.77081  114.1334   204.61595
 282.95786  220.59653  208.45361  217.15926  193.505    251.73964
 235.6971   232.71179  220.00203  146.6304   216.6095   189.5089
 218.2      205.68224  217.64108  190.50288  182.64685  234.87971
 191.31662  171.98984  234.59084  235.006    209.59566  230.80743
 213.28441  239.94095  216.81143  201.78989  186.54602  220.65686
 210.47263  228.6063   163.51921  229.64984  209.7588   190.14265
 196.79547  242.16765  219.84761  232.39555  193.06151  223.06107
 219.14877  203.21431  217.6026   135.73108  227.50313  197.6275
 212.22092  204.79475  201.70552  227.37416  231.11891  230.80246
 212.11584  169.39351  219.04723  197.77824  227.19542  223.15585
 220.79291  219.00752  200.33296  204.85306  185.93964  221.05412
 189.2628   210.90625  241.38075  213.82713  227.38737  173.44952
 133.3116   230.76793  225.31345  184.00746  238.48236   71.635475
 244.82327  196.59355  127.9021   257.65164  209.42946  209.02858
 189.93257  238.63603  130.99881  216.71735  206.00858  191.03123
 214.26434  207.60854  203.84642  201.03596  239.10648  197.64397
 225.0541   193.12811  228.24286  211.89232  249.83215  204.18542
 225.31544  214.39714  186.8792   180.2791   248.27362  207.46689
 218.10852  227.38849  195.67049  213.78482  164.26785  187.49739
 194.68944  294.74454  205.80836  199.45549  237.64082  192.74237
 193.35333   67.26227  182.02222  182.53862  226.68138  207.24821
 197.82114  189.1445   181.62723  188.69588  171.34409  227.19223
 202.54431  208.20409  226.53369  215.40773  239.24037  242.32547
 238.71146  245.79042  222.25227  259.85437  219.94795  246.65863
 209.16138  212.00215  125.44094  209.98692  227.67627  160.78706
 203.55444  227.6065   249.03218  160.39856  196.92752  191.99843
 206.91489  203.16997  233.31169  202.81818  154.51466  222.62352
 192.365    245.72087  110.720695 252.06645  243.22878  214.03801
 212.88724  158.69098  198.32782  249.49922  206.98027  172.27841
 221.37357  186.75168  183.49507  239.40413  177.75887  186.61989
 182.07472  243.52484  193.61746  188.65558  197.64218  210.17111
 213.53366  236.51541  264.00986  218.61954  205.41425  236.88275
 194.44492  222.12177  233.91006  180.98523  213.9971   186.38602
 215.51624  188.98059  182.56424  215.90788  209.40051  235.45352
 191.36899  257.8801   227.39522  127.51178  210.87395  237.87515
 221.62831  204.8951   235.76031  216.2638   211.5719   257.43985
 224.04521  239.36797  241.71576  200.27347  123.80398  165.54095
 264.04437  211.4735   186.44084  170.59882  218.21219  203.09784
 228.38162  218.73611  152.49841  218.65572  230.09016  206.52426
 188.57724  209.98358  187.46164  246.08847  194.89441  229.02083
 221.3786   111.21618  223.84435  190.82352  156.6249   254.23859
 206.96465  219.2159   162.82675  164.3602   231.94505  228.6867
 252.84186  188.46732  238.30414  231.5777   216.43298  194.27325
 186.54247  203.50415  199.64418  217.83945  222.9309   213.35739
 230.76758  217.45505  238.37271  232.92857  176.89563  229.05598
 207.31015  213.82004  221.72408  222.07645  208.30057  199.21379
 236.08629  192.44757  221.42343  203.43301  224.07779  211.20282
 175.8663   199.90953  231.70792  208.47481  168.06682  217.16737
 195.05565  201.1796   229.42664  209.61388  220.91052  170.44095
 225.33452  200.51787  203.86201  197.71788  220.07446  224.80118
 207.25589  205.25404  221.35458  199.2961   190.4191   225.56853
 151.21297  196.83017  214.46815  201.87622  242.4543   194.45497
 180.59294   94.42264  230.08826  185.69296  195.6504   212.62616
 240.07181  246.46921  190.02623  189.67303  236.29712  170.86887
 186.27002  209.4622   192.03036  215.94951  203.62357  219.56613
 189.90779  204.04788  223.35583  216.60025  224.3195   192.83049
 212.43687  211.17     200.29576  203.78323  412.95444  219.8256
 218.27753  201.8916   205.51941  201.2703   191.20192  214.1543
 196.45534  231.65804  231.39189  245.61139  221.00401  195.97002
 266.94708  201.58133  190.7839   212.29474  224.31433  209.50186
 103.358    111.26453  202.52716  235.33847  203.127    208.49991
 261.75507  235.16548  171.66429  218.48734  197.40681  233.29959
 248.87724  172.89284  230.26086  203.7395   214.23138  204.83636
 186.35748  203.72514  205.36925  213.01462  276.77725  163.3046
 201.12291  188.24611   74.82987  189.01889  232.16571  233.44727
 213.11653  190.47057  241.04817  233.27148  157.51701  233.66496
 228.84178  180.9157   215.6528   222.00798  222.06757  205.21869
 214.53981  220.88268  217.92397  209.99922  237.00188  183.06851
 203.47867  151.51964  199.78728  188.95274  223.00539  216.40579
 229.24385  207.30121  178.10449  167.34248  222.08417  198.11646
 234.12921  160.81857  192.8173   213.68619  157.78409  221.46434
 194.29341  196.4942   203.82158  222.04935  209.74387  225.70726
 242.6644   207.55324  190.52933  212.86148  187.84409  188.15706
 235.25974  173.75114  165.70673  244.33307  169.72243  170.10223
 195.09499  183.83931  181.7401   142.80527  223.8275   232.3597
 203.57712  164.41159  121.34682  220.0255   232.5633   217.86137
 236.75334  230.61655  201.74782  220.0376   180.83594  225.86487
 218.37366  186.82167  206.82538  252.23152  235.18205  198.09995
 219.48079  184.1262   199.40413  215.0442   253.97852  231.34111
 215.52164  226.24463  206.23761  237.09756  199.55641  197.09486
 204.36943  198.51735  189.12651  180.98746  220.01585  212.93135
 205.67787  214.44951  199.82298  226.54146  223.38904  189.69783
 196.70053  224.8942   231.92917  210.90987   66.848366 242.04889
 197.5491   209.19437  203.34541  223.45969  201.32008  210.4167  ]",[3.9646502 4.4446044 3.3892925 ... 4.6621914 4.764076  5.4476957],4.9137654,0.5361712846347607,0.6624695482361355
10,6352,Transformation_Matrix_W,"[[ 0.5670011  -0.04909178  0.04955032 ...  0.02137888  0.07522345
   0.04655664]
 [-0.05430806  0.5254579  -0.06421049 ... -0.00276592  0.02347991
  -0.02937425]
 [-0.08590435  0.05315711  0.47839263 ...  0.04063299 -0.02859999
  -0.01690029]
 ...
 [-0.01168027 -0.0362574   0.08738136 ...  0.56205297 -0.06819732
   0.06195791]
 [-0.03805573 -0.03724314 -0.05295436 ...  0.00648037  0.56663084
  -0.03860277]
 [-0.02269029 -0.05061824 -0.07265067 ...  0.01654073  0.00139583
   0.5602624 ]]",,"[148.83473  149.8616   136.82007  132.05173  130.38106  151.7675
 148.61984  152.31522  115.17028  134.328    123.01999  127.079544
 138.38806  133.03763  126.95825  111.85722   65.64707  167.22241
 126.80492  156.01622  117.30168  134.31012  145.75375  151.63667
 130.32251  152.34486  172.29773  136.88261  134.28595  128.6554
  73.17477  124.35929  148.8436    81.62253  156.85596  138.73674
 132.42126  162.99594  125.3988   134.88327  159.00674  158.53525
 145.09998  110.32862  140.12947  142.46956  153.78091  138.64624
 149.13036  144.27553   99.498344 146.121    128.26456  132.1065
 122.802734 150.10925  161.44215  116.216736 141.52872  145.16829
 154.19653  155.0953   120.94225  133.66841  144.29964  152.14621
 100.84616  131.81335  137.80528  117.288445 142.86966  167.95355
 144.11848  106.61917  123.78253  136.38408  165.97716  140.71353
 127.59095  148.42206  142.9104   129.78458  133.95319  142.56815
 134.93378  112.35274  144.88777  135.75067  144.69002  117.451706
 123.82698  165.37819  128.02992  150.49374  134.74901  150.04555
 151.56004  173.68727  120.10792  129.5986   144.96812  144.47644
 117.33997  150.09587  134.99594  138.69461  157.85046  158.80905
 145.6915   134.07399  152.47444  138.26363  120.93283  137.98746
 150.54317  133.66371  184.13593   56.129562 138.3969   128.93973
 163.84277  154.67084  136.31866  158.4374   118.546555 125.76043
 143.80846  149.97964   73.18165  150.92076  144.83978  122.76114
 146.09105  158.1066   141.57307  113.41156  124.81504  160.3907
 123.876854 141.27795  140.4814   127.97529  132.9642   122.87691
 129.51538  129.41643  130.86713  157.1545   130.17967  142.774
 145.04314  140.91261  169.33278  134.08368  138.6882   138.85144
 141.6366   135.58546  140.89647  112.26734  126.6919   168.45921
 166.00482  130.62169  129.44391  135.1553   120.99338   83.6935
 171.31743  135.20534  155.2058   155.36761  172.40443  116.9626
 134.03558  125.56028  171.51389  144.25883  142.2815   159.84511
 143.88428  144.93773  128.0475   131.52948  126.91992   82.73876
 148.42316  148.26762  140.63058  149.78252  143.82625  130.93353
 143.05751  118.7161   161.27911  168.75684  123.94445  125.75085
 151.73405  146.90802  137.37715  146.37997  155.00616  140.04128
 116.09935  144.60265  137.39386  140.3287   165.63934  147.75815
 111.98188  159.5967   109.58767  149.5671   136.66252  144.01471
 108.384    134.17166  141.99037  146.28824  138.7228   129.91199
  83.36713  113.34768  141.86728  162.12471  150.10846  165.14508
 152.24872  138.84682  164.76648  162.48433  106.56298  144.01056
 135.81146  142.64856  134.09085  141.55714  137.56076  163.95357
 133.86406  144.42842  160.30693  133.26344  136.19604  113.3328
 135.49942  136.33151  140.36496  152.7113   132.40585  157.1415
 143.24994  150.08928  151.36075   53.204662 113.660934 108.700554
 121.15014  168.804    122.83152  142.66135   84.30449  131.18509
 179.29172  141.65004  143.26912  144.30702  128.29039  167.46175
 158.96959  151.64433  141.40303  102.36731  147.92056  132.955
 150.72939  133.1059   147.02538  131.89336  123.85831  154.41148
 129.53227  124.94476  166.99841  152.89853  136.74336  150.4954
 144.15921  155.40262  142.7398   130.64412  129.81982  146.13214
 145.68007  156.26332  115.3804   148.2135   146.91437  138.3848
 130.79558  165.72256  137.7165   156.232    131.12968  155.20226
 148.51678  137.85387  150.15285  100.676636 149.39534  133.09616
 139.51543  131.48192  129.1265   150.72539  155.2959   159.8691
 153.09718  114.71265  152.10022  129.16306  147.53746  153.37154
 142.13054  148.2672   131.56073  133.30096  127.84233  154.72617
 127.67939  145.73013  163.14346  138.3433   154.39989  121.45687
  97.84646  159.07954  156.35751  127.12382  153.448     55.377842
 163.42874  136.86998   94.18764  160.83325  136.7425   142.60234
 126.5864   157.98463   95.16782  143.67299  138.41287  124.729416
 149.40521  132.24028  132.37187  139.32736  156.68427  134.98943
 147.76137  132.61298  146.50807  147.92781  168.98584  142.14279
 152.33601  140.11441  126.95301  124.09357  165.85768  136.53976
 140.91164  142.33884  137.15018  142.87779  112.67733  133.01219
 127.433014 190.98753  138.54877  130.16127  151.57744  126.34451
 133.2242    55.777454 123.502144 127.22295  147.9925   148.03415
 133.20755  123.82674  125.9993   137.78416  117.24194  154.28902
 139.60292  142.66736  153.54605  145.22896  166.84727  152.31044
 155.50505  166.05582  147.91309  185.07217  150.55693  165.89996
 144.14673  143.12497   95.91491  135.92528  153.18651  114.79532
 138.63603  146.56943  163.07115  123.27362  131.13374  133.06578
 137.30432  134.01506  158.61476  141.23106  112.44413  146.84412
 131.18901  167.21544   78.58457  171.44504  159.54707  147.42567
 145.02399  110.26775  137.3341   171.30934  134.64214  118.870415
 153.57278  122.00683  129.19958  165.54532  122.821434 132.66064
 124.18017  163.76973  131.03093  128.1354   129.71776  145.37318
 144.09824  151.53125  176.3647   143.95467  136.599    159.0385
 134.26637  131.67928  152.03418  126.29084  143.47954  131.34276
 150.41075  125.92168  126.22855  145.96379  146.63087  165.71996
 130.71     175.0656   160.0462    86.234474 142.00096  152.69342
 147.01866  134.9468   153.75906  157.31537  137.60747  165.2055
 144.80681  161.73108  162.2152   135.68932   93.37983  113.14162
 161.76561  138.12383  133.49593  123.47053  146.2872   137.32544
 161.17813  137.95726  107.2111   149.43982  143.09796  133.99379
 131.6699   143.73923  125.38333  163.32892  128.25943  153.17567
 146.0352    80.30944  154.108    137.02065  104.22758  164.02498
 134.21904  145.8923   108.54669  110.31382  158.1256   149.90637
 169.28139  128.03366  158.44789  157.63857  141.28185  128.08891
 133.72505  141.86218  143.51749  147.48874  142.86905  152.91066
 164.05115  150.61128  153.68953  151.08716  127.93964  156.35565
 141.48827  134.41847  144.69473  147.73573  138.4596   135.10913
 161.34035  129.87115  148.44669  140.0763   148.59875  138.40057
 119.96682  134.893    149.55159  130.50922  116.68797  151.69897
 135.64987  148.96022  161.70839  144.12769  147.26146  119.220055
 145.4351   138.12917  140.27046  140.15623  151.91042  146.80417
 149.87242  136.26677  142.34053  134.47136  133.21193  143.19313
 105.44726  127.71109  147.62044  132.2042   162.84831  131.96982
 121.802414  73.76901  154.13564  131.2906   129.82448  139.50299
 160.92407  157.44814  135.32094  131.86665  155.31558  115.79934
 136.4742   148.51567  137.49371  145.1019   145.80592  147.55537
 126.00864  137.28976  154.4737   147.10466  153.60217  125.07707
 142.23166  147.31088  139.2278   135.91039  328.0135   148.86299
 150.04274  131.18874  143.39091  135.20407  133.89662  136.35815
 129.89903  150.72385  154.84747  156.56203  143.89865  121.84164
 179.35443  130.556    129.54428  148.83043  148.59259  139.62335
  77.03567   86.66147  130.61603  162.2996   133.7642   147.43282
 171.15247  159.62004  116.58425  146.79764  126.58267  154.3792
 161.03915  116.50551  143.10548  134.46509  134.94409  138.25072
 131.34814  133.58572  144.11478  149.3731   178.21849  113.48612
 135.35587  126.689064  56.46268  126.63821  160.33739  158.39914
 150.75328  129.63843  151.91748  163.962    106.08274  155.13379
 155.25821  124.753265 142.64017  145.42036  148.99203  136.50023
 147.30417  149.17023  151.56773  137.14554  148.90265  119.41522
 138.12009  109.224686 136.3135   131.82687  154.82895  146.89293
 149.5022   138.32086  121.15795  109.89607  150.33861  142.72072
 153.46826  112.2471   130.54088  148.86685  110.465935 147.15361
 139.80722  134.304    138.28214  148.61833  136.7181   153.61375
 160.46895  137.95413  129.28879  143.26912  125.37699  129.20027
 163.5418   124.12288  120.172966 161.73053  122.24184  118.23127
 133.59578  122.24943  120.05094  103.14482  149.37169  164.1239
 141.85915  110.828735  88.70562  138.77963  158.22462  141.63322
 150.51262  150.57486  138.5818   136.71033  113.93059  139.63612
 146.56264  121.246155 132.6437   169.02725  155.91327  134.95403
 152.00073  127.74004  138.75682  144.84195  168.46358  160.59732
 148.98807  149.72641  139.1195   159.27753  132.86652  131.68188
 148.02469  133.20363  127.72156  117.643616 152.86565  139.76144
 132.74007  153.74484  129.83514  151.59512  150.38997  132.45236
 137.48831  143.2141   151.29019  145.0307    51.692383 162.01578
 141.20097  149.47836  142.80225  150.1015   141.11385  148.46019 ]",[3.2474964 4.0429273 3.179427  ... 3.604082  4.3834796 3.9181263],4.0239425,0.6761209068010076,0.7897211493403199
11,6352,Transformation_Matrix_W,"[[ 0.67286396  0.02731915 -0.03131454 ...  0.02832233  0.02709917
   0.0286494 ]
 [ 0.00527026  0.6130331  -0.0272503  ...  0.00270648  0.03854983
  -0.02888559]
 [-0.02186942  0.02048443  0.5634671  ... -0.00124144 -0.00859004
   0.01732296]
 ...
 [ 0.00402318 -0.0227255   0.00772569 ...  0.6471545   0.05251671
  -0.04854135]
 [-0.00711241  0.0466582  -0.00829188 ...  0.0200405   0.684229
  -0.02613366]
 [-0.01857809  0.04368038 -0.04229303 ...  0.03331956 -0.02515295
   0.65870196]]",,"[116.340324 119.961945 105.75939  103.18978  107.042534 119.854454
 117.181206 123.20092   93.67325  101.598595  95.96544  101.1321
 108.00432  106.05106  101.46845   89.103546  54.242245 131.77487
  99.53992  117.75855   92.61139  104.13243  108.393875 117.3388
  99.51414  115.66051  131.76067  106.24391  107.19192  103.59899
  63.27921   97.55354  115.94294   63.035995 122.13659  109.86076
 102.398605 127.13248   98.78508  103.85602  124.89026  120.16024
 115.16389   87.67069  108.5319   110.483635 119.68726  103.225525
 113.39617  111.38559   80.16125  116.63481   98.6369   107.97444
 100.37406  114.32928  121.865845  92.61035  107.98024  112.47024
 126.03337  116.327255  95.67399  108.4202   112.021255 109.71299
  77.94662  107.17623  105.966     89.01093  113.2351   128.37056
 110.57404   88.72319   95.7934   110.50927  129.08363  112.36224
  98.814644 119.098694 112.116806 102.75586  105.70873  111.67369
 106.04087   89.889175 117.392265 109.81715  113.707306  92.78325
  98.441956 126.019936  98.55405  117.87565  109.612434 116.79152
 117.566956 133.8433    98.76688   99.10112  117.72288  115.18044
  94.24128  120.40807  105.43904  103.5522   125.89598  123.297935
 114.807526 101.88553  115.10397  110.835556  94.10736  106.92136
 115.26518  103.503555 137.18588   53.229446 113.932335 107.31786
 128.4331   121.563896 104.98879  120.606384  91.80655  103.14698
 111.70142  122.57894   62.590763 117.49354  117.01338   97.29049
 109.49876  120.63744  108.77426   86.831924 100.35397  121.55554
  97.756134 109.55292  108.77773   98.09721  105.698044  94.035995
  97.33518  105.83556  105.40701  124.407524 102.78988  106.86328
 116.58654  108.61616  130.05534  104.26279  106.914314 111.472755
 112.016136 108.826065 116.84999   94.49552  104.130486 130.44495
 124.20499  100.152534 102.863625 106.16085   97.817986  68.26752
 126.18897  106.32846  119.901344 123.288185 127.38091   98.590034
 104.74349   98.836174 132.87123  109.36636  113.82151  117.22236
 113.1361   115.36696  102.85696  103.983246 101.09313   69.703285
 113.23994  118.3604   107.953766 113.673065 114.37195  105.00118
 113.74456   94.65631  124.56833  132.0569    99.33093   95.12873
 121.410645 120.51479  107.92117  118.30525  123.925934 110.78686
  91.66759  111.52311  109.1558   113.49865  132.24593  108.85905
  89.06449  120.320786  87.984184 109.440796 106.475586 109.2711
  88.27485  103.796776 114.59675  112.68721  110.875275 102.358
  71.84783   89.99665  117.38945  127.26631  107.43068  126.82741
 120.278725 107.67272  124.41733  130.5644    88.005875 112.367294
 105.97043  109.666084 105.2559   110.628334 110.09525  129.37682
 106.42481  112.43608  121.9771   100.18044  105.99463   91.53923
 100.73786  110.739075 110.359474 120.16911  105.56075  117.99216
 111.757225 118.13478  122.00017   50.099854  89.95787   85.93614
  97.2547   123.4405    97.54062  110.68517   75.96693  107.48724
 136.02667  111.06558  112.935974 113.920425 102.31108  134.345
 127.46967  118.07371  112.6946    83.47016  113.56257  108.39603
 118.01603  105.12665  116.61214  102.37612   98.12704  121.89551
 104.42646   99.217064 127.94503  116.76891  103.545456 118.43091
 111.8864   121.26935  107.91552  109.05147  102.27174  110.402885
 110.084045 124.45354   90.77376  114.61318  112.331696 102.95435
 104.81004  130.15321  109.09092  120.03751  104.39767  120.66324
 118.52393  107.86827  114.68986   81.77254  117.105736 107.18883
 110.440285  99.93384  107.6326   116.2205   125.09446  123.08308
 120.80299   92.452446 116.10923  102.83334  115.08111  115.621254
 108.49357  118.11606   99.76674  106.65457   96.92987  118.243324
 100.62449  112.13837  134.04437  112.8026   118.35327   97.78355
  83.23914  124.52426  125.50991  105.71908  120.65467   51.260315
 126.88698  108.59351   78.6572   127.27563  108.3194   115.20321
 100.06325  126.88494   78.194145 114.6706   110.68227   95.19123
 114.847855 103.89118  106.07684  110.03895  118.854095 109.32888
 116.050255 104.66078  117.64752  114.65644  127.77091  114.43095
 114.55062  109.414665  96.54112   96.01828  132.83769  101.134186
 110.76312  110.07416  110.62551  113.69337   93.744026 102.0575
 104.226105 142.3366   108.25924  100.67786  119.30201  103.75814
 104.980644  51.899    100.717735 100.31272  120.87633  111.68208
 103.31531  100.497185 102.44168  105.08151   92.425354 120.24079
 108.95248  112.44531  125.20877  115.466354 126.44924  116.828445
 125.38153  131.21758  119.143616 137.92084  117.43318  131.8714
 107.23683  110.69946   75.524086 105.586685 116.952995  89.70552
 106.07961  114.46285  122.75428   87.370186  98.805374 105.21224
 107.69569  101.90174  116.938156 109.59102   89.067474 121.06325
 104.71675  129.08223   67.348656 139.72948  121.424515 115.45804
 119.62271   90.145515 108.57288  137.34401  107.95206   91.00894
 123.28558   98.46369   97.84181  122.85819   95.22371   99.02182
  99.06956  125.59859  105.15874  101.02327  106.23516  112.50489
 111.92015  117.780525 128.50385  114.73576  104.10705  127.170715
 103.256096 105.442375 123.21863  101.41014  116.31704  102.30192
 114.995605 100.76899   96.58307  116.88586  115.4118   128.45206
  99.95536  130.26942  120.87305   71.361275 112.449875 126.03492
 114.90863  107.2923   115.07711  119.8151   112.737755 132.44522
 111.05864  126.76244  124.26653  103.83556   76.7986    89.95886
 127.66806  109.23024  102.74358  101.49844  116.23372  111.70064
 119.32165  109.80672   87.95231  114.17085  111.63229  102.61455
 105.21229  116.58519   97.26796  126.213455 104.40551  125.025955
 117.485725  63.93859  114.107475 105.7674    83.37806  124.35489
 105.91898  114.70754   87.69868   89.41076  124.81642  119.416695
 129.44592  101.8848   121.47117  118.02888  117.39611  106.08671
 107.789764 110.63407  107.30529  113.184555 113.5247   116.76399
 125.37268  118.241295 119.24655  114.30496   98.99099  117.37117
 107.89404  110.07691  116.9336   114.4984   110.45983  105.60656
 128.15631  104.31972  115.201706 110.05874  118.117424 115.55636
  96.0298   108.30853  115.67283  104.97697   94.01644  110.35327
 108.44618  118.05935  123.725876 113.74755  116.203545  94.629036
 114.433044 111.60007  109.12922  111.42364  118.48713  111.21347
 113.37179  114.41695  110.141235 107.180435 105.55394  115.745026
  88.79567   98.513275 115.0058   105.20947  123.44043  101.236244
  98.598366  65.88164  121.236404 110.53539  103.82461  109.98325
 126.26305  121.53469  104.54719  102.746765 124.09691   90.08442
 105.50688  114.25128  103.08123  121.09031  110.866264 115.65195
 101.73115  107.71444  115.88147  115.927864 121.3338    98.28941
 110.846855 115.08918  108.520874 109.54299  260.92792  119.69059
 117.976715 110.95304  111.89369  109.884315 109.54513  110.08713
  97.61835  118.241035 114.73107  125.18238  110.78774   97.60265
 136.98943  103.968994 100.42177  122.9741   118.42811  110.53811
  67.15997   77.50352  101.22564  124.51588   99.53806  114.20412
 138.10486  122.11971   94.7876   113.13174  101.302284 121.84589
 125.22376   92.33695  114.08995  106.130875 103.856026 113.389755
 102.638336 108.171036 114.64185  118.643105 132.25276   91.2262
 105.734116  97.919136  47.05214  100.666275 125.54723  124.41965
 112.5065   105.14176  117.313705 120.78228   86.82903  120.07637
 123.2535    99.52735  108.727615 113.655106 118.63796  108.19994
 117.73505  118.26258  117.10743  114.45317  122.10881   98.88653
 109.30476   85.35586  108.89806  104.29161  120.13934  117.271286
 119.14816  112.421776  97.40776   89.33326  116.60633  107.641045
 118.503914  90.20561  102.930336 110.70262   88.0107   115.32657
 112.09208  106.610664 109.719    115.98735  107.17187  122.26376
 122.637344 108.789055  99.889    113.32084   99.936264 103.15069
 126.93546   93.70641   95.1308   127.71292   96.02144   93.86431
 105.436104  97.52816   93.78677   79.54742  118.41053  126.41536
 113.78001   89.19565   75.63841  112.40053  119.79725  114.212715
 118.806335 123.34323  106.780624 107.65762   90.72129  112.49832
 116.967545  98.2315   104.52529  129.75786  123.433754 106.89667
 119.95633  100.76579  105.68218  112.64056  130.85623  122.4789
 119.06847  114.08179  107.86396  120.58473  108.02711  104.09804
 118.62406  107.964584 100.11605   95.95773  114.696365 113.267494
 106.52153  122.32981  109.61866  115.74483  116.2633   107.616585
 111.53031  115.00838  120.776245 112.88075   44.27269  124.89603
 108.38089  117.22135  113.2929   124.70845  104.14236  112.01721 ]",[2.826519  3.363228  3.3059573 ... 2.8041472 4.071983  3.8941507],3.5564811,0.7165239294710327,0.8442235069642879
