,Train_Data_Size,Transformation,W,b,Residuals_Per_Image,Accuracy,Co_Sim_CLS
0,2050,Transformation_Matrix_W,"[[ 307.7325     -16.4727      77.66674   ...  186.82245    -62.691246
  -150.78937  ]
 [ -70.27386     72.02299     47.86198   ...    2.220653   -29.138626
    33.45521  ]
 [ 195.92345    104.121445  -194.85841   ...  194.42612      3.473988
   211.78271  ]
 ...
 [ -16.463306   -43.48931     74.242744  ...  -10.3913355   69.68392
   -95.409386 ]
 [-122.589424    37.140358   411.73233   ...  145.44012    -18.29863
   -71.723305 ]
 [ 312.9615    -441.0045     188.3275    ...  196.29396   -207.33221
  -254.55609  ]]",,"[ 255.71663   395.1882    190.03651   234.0276    189.51474   222.60233
  241.75075   396.8249    188.31638   458.84122   235.48383   257.02783
  419.75314   255.92671   237.69675   363.82404   110.195625  163.17531
  269.1708    153.72063   372.0016    279.5412    203.17023   232.3151
  326.7941    458.52502   259.95825   195.38103   198.13625   285.25644
  107.27187   283.80783   393.0229    135.74083   236.20638   355.50412
  126.84856   165.02573   138.64189   281.1072    259.04453   231.3908
  175.53525   158.8084    149.91457   248.59047   146.44678   268.16782
  270.12094   209.46252   216.41017   190.4385    361.6446    194.70148
  121.55628   139.97554   152.37975   208.8474    305.4758    458.93594
  249.82417   396.8686    194.27547   132.20728    80.88019   216.51451
  221.9709    307.24545   531.225     271.40158   457.9388    380.34262
  201.42801   177.51013   208.3934    291.30826   108.55247   152.83304
  309.61636   112.083725  194.95103   303.6352    202.32115   295.73868
  212.64577   725.48596   479.30804   213.00372   160.36778   302.22958
  188.63156   213.26875   148.48466   207.91728   142.23836   242.14131
  171.805     243.70424   226.72397   248.53001   425.93576   430.45993
  404.00885   255.16953   134.71138   534.77734   101.66401   588.6819
  191.21376   215.81378   247.51173   218.74455   208.79161   206.14041
  299.5368    261.72324   356.88608   112.528015  204.06578   406.16235
  146.96637   375.53607   161.10336   220.30869   157.19391   160.98506
  236.97934   219.6902    205.08673   123.705025  152.78387    88.75789
  462.22076   124.5281    160.03612   225.8801    252.70169   114.06169
  230.39264   161.74225   183.55544   238.14119   530.17926   224.27936
  539.0973    317.92856   453.46463   184.61455   368.88873   312.64395
  173.50134   280.18948    93.27201   351.78625   188.96043   317.72604
  214.14232   253.45918   298.81506   265.9511    367.7848    219.60478
  233.959      96.02962   163.80826   155.35432   231.95523   129.55026
  323.91418   252.4168    222.7673    218.40698   214.2172    231.42508
  287.50925   313.36548   557.58386   343.47842   233.50421   436.5062
  251.50456   406.89255   325.9592     99.70874   156.18408    69.86517
   65.60175   247.69464   240.70605   241.2795    325.72644    59.272808
  189.6587    117.08938   208.6373    204.62239   294.29095   464.85052
  219.44795   419.0162    109.80895   234.27657   256.63562   377.0567
  415.01758   253.50298   291.21902   321.48846   155.62924   341.38458
  309.59833   310.91586    94.358986  198.06235   312.85248   171.50478
  247.53694   290.99695   195.03241   223.05765   226.85101   323.86957
  121.50122   303.021     450.5721     77.37648   250.33983   211.07877
  215.8309    191.3258    572.23193   108.32154   366.6302    232.48993
  411.12424   197.14178   344.1447    217.65295   152.78148   254.85168
  183.88705   196.87347   101.24105   228.40239   250.30623   104.35962
  162.12546   343.28677   382.54938   195.81961   386.80014   145.97389
  143.10713   157.77992   219.30194    82.91041   173.1624    320.7293
   73.742714  110.94219   286.9857    401.747     129.50009   178.91977
  432.37708   126.366844  247.20238   172.37094   210.35803   218.6004
  160.66321   347.06934   544.95544   114.47624   241.3786    172.77454
  169.91977   243.36868   150.0603    161.2052    348.50418   295.99997
  547.93475   392.0476    165.62018   306.25748   272.3306    140.94629
  267.16418   299.6513    411.92987   232.52806   399.77664   590.4103
  265.54987   215.77458   354.27075   351.4742    445.62518   262.00278
  182.98282   246.92453   201.25757   201.74933   265.5859    111.720985
  231.98138   261.50473   111.58328   119.81867   294.23145    91.85847
  336.869     315.12543   231.70668   151.033     195.23474   275.94965
  271.33185   155.62297   164.08212   134.31264   287.7528    232.6443
  617.27734   234.10709   174.58691   177.62572   200.54976   246.71239
  234.81715   334.16385   192.871     208.01337   355.5866    247.43173
  177.5431    276.76965   434.73456   163.47849   296.44992   107.23927
  139.27219   126.91754   133.11642   510.63382   225.72398   250.30905
  172.10658   475.87143   158.60999   154.42264   421.11227   167.75381
  188.51721   396.41415   123.30811   212.36208   177.86842   246.5995
  263.46115   214.89716   332.68362   133.56891   226.0841    225.32034
  240.2029    172.61029   201.4243    160.59189   300.78085   251.25601
  102.61806   267.37003   480.92276   177.3399    191.60237   280.58157
  254.2045    329.89658   288.71286   176.12231   299.0195    358.4662
   88.968704  157.57733   223.85811   333.2775    452.09143   371.2238
  179.52736   214.01047   228.45428   312.35437   222.78804   248.01947
  269.39447   212.7827    205.36365   214.77187   225.02693   194.53406
  192.30089   185.70285   247.68787   457.29636   179.21724   198.48854
  172.08936   156.84286   139.06418   189.10962   383.0235    273.10602
  240.39166   418.62524   193.06392   267.753     233.20903   305.46234
  456.84427   118.59998   421.92712   263.37518   149.7999    213.40204
  293.35718   364.8937    125.292786   78.04769   198.69919   335.36664
  123.78937   259.21387   289.2242    208.52518   233.47334   525.4964
  145.87387   308.60574   483.15964   295.60492   253.28102   283.49612
  336.79346   192.20502   124.72777   233.73997   263.7107    194.71643
  171.42603   250.95943   262.13895   207.1373    166.13998    86.80182
  546.4146    382.74957   144.27753   376.1462    280.55536   227.09126
  130.69211   303.33847   165.65224   116.16665   131.80965   522.57416
  159.45393   383.13666   507.09106   159.60498   181.28009   178.96445
  241.87617   269.31268   144.46712   307.96277   354.8832    156.47923
  348.24002   271.15167    92.29378   438.89294   141.43102   175.60834
  301.57385   340.86618   281.0739    115.850845  155.65523   390.4388
  175.52745   314.1529    440.70056   147.01405   227.15596   381.84314
  358.02936   214.29846   493.1423    174.17459   255.09518   322.81866
  171.34808   105.05709   493.22754   194.24873   186.81447   137.34875
  440.58102   247.30522   133.26373    94.828575  242.54019   275.22684
  298.06927   264.11813   186.26222   127.070625  228.56506   736.08923
  173.92435   185.54004   694.4261    120.56801   133.14908   294.69562
  124.73223   238.76428   233.50911   257.53622   201.84056   183.20341
  228.33528   261.0874    216.66226   228.744     358.468     414.22128
  330.7778    274.07785   278.37988   256.37253   149.27939   355.81833
  174.61324   214.99332   357.04752   270.50433   142.47089   216.63933
  185.20448   472.59735   190.81781   200.90561   153.65063   104.80467
  116.01224   206.24084   176.30681   187.8187    291.33633    69.58183
  248.7981    128.5721    189.80127   192.52612   308.14407   333.66357
  289.9123    268.98657   424.17313   138.8178    223.95773   534.1493
  162.40033    98.04155   310.6932    128.02547   461.19196   245.58572
  439.65335   146.5518    302.9376    302.9572    347.35776   301.36517
  406.20126   245.93494   547.7778    110.94589   146.37436   216.12106
  162.61957   406.89453   232.38368   193.18355    99.08261   228.8633
  260.54898   231.5833    223.74098   173.66904  4325.422     386.9783
  253.46326   188.07729   154.54823   154.09595   120.987     367.61627
  148.17627   182.88922   201.58112    86.08014   161.59529   331.3699
  135.4867    518.4244    210.68297   280.31412   128.87189   105.42104
   84.13929   127.421196  127.23079   304.52466   202.09917   368.02084
  134.74069   366.08057   267.4528    204.56157   206.03868   209.76025
   60.296246  238.56192   254.21391   234.6658    222.20914    97.32213
  296.24435   151.62402   358.36124   162.19365   298.94745   366.274
  140.00345   334.68866   116.418945  147.63168   279.80957   124.64299
  306.64816   182.5262    180.03236   229.06593   172.80548   181.94849
  191.91252   416.68823   235.46423   333.08298   333.718     271.86987
  458.596     384.92404   293.50723   207.98775   441.34418    98.58317
  438.6479    135.03514   364.9064    343.15994   103.231155  129.64641
  212.50542   126.1133    326.87952   136.2848    299.54956   293.58102
  363.11288   135.04906   128.1698    388.56516   215.02037   271.46292
  294.7709    233.07011   168.86726   179.6324    163.53249    85.15426
  328.80823   156.90137   252.95471   447.59686   392.16583   263.34467
  211.73221   562.1272    342.32468   201.31146   229.86713   329.45413
  275.9904    335.63184   239.37225   190.63327   101.04334   167.77866
  295.03433   276.16022   240.05167   255.96312   157.46516   115.48339
  389.34174   189.59178   188.19603   294.4117    174.18015   134.93695
  223.47795   251.03065   201.848     227.77997   276.5324    129.43898
  127.21442   664.87756   308.65707   363.143     256.17984   277.61047
  120.885704   96.04506   358.75418   485.0636    387.92438    78.025055
  265.81772   149.39825   264.9744    350.7782    181.91284   130.96844
  189.81403   152.02538   267.71384   137.38403   242.05267   349.78036
  181.56839   178.2129    160.41478   321.85233   118.53898   243.30289
  191.50151   224.76958   261.35986   363.87137   145.24193   279.1313  ]",0.16606484326982177,0.4265870884683267
1,2050,Transformation_Matrix_W,"[[ 215.14006    -39.95064    101.65936   ...  169.1447     -77.25851
  -271.53882  ]
 [ 151.09955   -312.11136     52.562035  ...   26.751179   -27.714863
   -79.53834  ]
 [  60.19847    310.10602     -4.6503167 ...   51.489838   126.692276
   108.17461  ]
 ...
 [  -7.382207  -189.32951    -61.505398  ... -142.3265     122.08331
  -140.92067  ]
 [ -87.42439   -108.865875    12.984025  ...   67.062675  -226.67416
   -53.055588 ]
 [  14.983691   108.15256      9.775293  ...   25.959663   120.71255
   -25.026096 ]]",,"[ 230.24922   363.63086   177.21436   225.01726   171.46306   205.36507
  225.76163   373.95325   173.20993   414.6505    223.93652   247.43874
  402.56552   241.90274   225.2583    345.46188   105.92457   145.27095
  253.38947   148.21323   331.59216   268.9519    178.5851    216.05835
  306.2792    412.18964   237.93765   180.57253   181.4687    267.84457
   97.94105   274.09354   344.17355   122.20582   222.81636   322.7518
  124.333435  157.90677   129.0542    256.6746    223.2503    234.08524
  165.01294   155.43051   139.8033    238.1294    138.96179   252.88005
  254.03285   208.03792   196.77925   173.38913   354.21112   190.29265
  109.261284  128.7454    150.06796   199.67082   293.33545   427.39532
  205.02441   380.64145   183.6755    128.99571    80.18455   201.06802
  202.12952   263.5992    469.5609    240.92387   430.20978   347.94812
  195.25223   161.55585   200.62587   267.08542   103.060455  143.76637
  297.42316   102.74595   182.05421   277.16177   182.25787   259.46674
  198.91646   623.44135   458.82068   172.64732   146.23029   271.44635
  174.97635   189.07176   142.44005   198.7574    129.59863   224.1915
  155.92474   224.58098   202.00987   240.23271   381.53903   399.13754
  374.46228   215.51869   132.16992   512.4512     90.85479   509.55807
  168.54434   204.14932   242.8634    213.38066   208.17336   194.4574
  261.0433    246.97069   332.6541    100.37615   190.4946    381.68454
  142.36462   348.78964   159.72171   204.99826   143.85092   140.92436
  215.05936   189.89708   196.88895   116.57491   138.98021    85.86913
  438.22894   114.20396   149.69351   214.22717   216.71758   110.63322
  190.68358   147.24281   177.86607   240.88557   502.65686   208.93033
  460.38422   316.89664   453.24725   175.99748   351.72015   303.04593
  152.07022   261.9387     86.93493   331.38702   176.16391   304.12158
  220.24435   239.19328   266.70685   237.39148   346.0797    217.59268
  212.2732     95.29295   154.91542   153.05049   221.0996    112.89392
  312.3888    243.17499   201.29124   203.2938    197.97581   216.957
  271.39532   305.11664   559.01935   330.46616   220.03677   403.55185
  240.74042   384.3516    306.02032    91.42131   145.23357    65.02612
   62.605785  229.38768   244.74292   223.7299    298.5482     53.539803
  177.01875   111.73644   190.15582   195.07265   256.2278    394.89047
  200.04709   386.16293   105.20449   234.50348   248.62181   363.46143
  400.3036    244.37094   264.25586   296.49615   149.18802   318.0182
  301.41644   289.73138    86.91803   183.95477   285.049     169.18594
  201.77888   284.1124    190.94016   208.10556   198.90344   299.2553
  121.747925  273.89865   420.70856    68.18376   236.73396   203.39105
  211.2295    179.66302   549.5023    103.35116   350.18228   223.69803
  384.54855   170.57921   303.78156   201.8996    138.60814   218.55579
  183.92677   190.47656   101.93147   195.7821    228.93343    99.09596
  159.63506   344.81277   349.47684   194.11353   391.2868    143.44391
  140.70982   141.85063   178.83162    77.76578   161.87602   282.614
   72.689926  101.3694    277.5467    365.7764    119.69424   168.99347
  399.53445   123.198715  226.01411   160.26767   204.96019   207.87846
  143.01143   318.5891    526.1315    100.32618   231.2744    154.23044
  164.50342   226.59044   124.66144   136.01497   339.68546   278.2463
  479.72998   374.6031    157.53503   278.4527    251.3009    132.34122
  251.70865   282.73257   388.0487    222.18771   373.0798    569.043
  249.39679   199.87819   334.76297   324.74896   420.71054   251.12175
  176.15353   221.71436   187.03877   198.32156   245.72865   102.76811
  227.13774   243.8704    100.377235   98.60211   275.68997    80.67262
  333.62646   311.94653   226.55101   138.59431   194.56721   269.7518
  258.37985   148.16747   155.67645   124.73289   259.79276   224.87883
  613.45605   220.47118   158.57483   162.16086   182.58556   232.91257
  203.51945   320.72702   188.87521   193.66891   342.9428    233.74278
  152.53235   256.6566    406.9084    157.99886   267.23575   103.419525
  125.955536  116.09031   121.72551   483.0151    226.45352   239.18631
  168.42249   461.53592   144.0732    145.34647   352.50766   159.24129
  176.38312   361.06363   117.61389   206.49298   166.29216   236.2202
  234.20331   171.93706   317.29645   116.210464  210.36214   198.73563
  225.37799   164.19734   187.51404   149.34128   289.06186   230.66461
  101.341354  241.86542   439.1252    142.60255   181.86537   264.39484
  244.70401   308.05777   271.0161    165.01097   267.60934   336.46503
   86.68953   139.18178   213.58925   317.53738   436.5444    296.2513
  171.89722   201.64362   201.11572   262.80725   220.96332   228.9843
  241.64665   197.18251   202.84941   191.62285   200.12662   185.33803
  179.80914   178.35522   226.11009   437.68924   171.51259   171.41237
  150.16168   155.54953   134.31088   187.934     364.06543   261.3171
  217.76892   411.40338   173.39117   245.00008   221.94974   300.62674
  390.3863    113.33678   404.26385   243.22746   140.0988    211.31651
  264.98087   332.39798   117.8541     73.12705   180.78548   310.44598
  112.43888   236.82982   270.7653    174.79613   222.69629   465.06616
  141.13571   287.3725    441.83475   278.83997   235.17499   267.1662
  321.37543   165.7406    110.64006   221.18448   246.27695   189.70395
  165.11076   241.17029   252.01726   194.59715   154.14166    76.79514
  507.94147   368.0093    140.67604   362.40234   257.62503   210.11436
  128.42625   298.17618   146.0733    104.4881    111.68169   507.10416
  158.47028   363.92834   474.5067    154.38821   168.24956   170.9191
  220.91478   263.48572   141.17778   288.21902   325.2533    147.9388
  338.47513   256.23944    86.64725   435.39996   135.43646   166.15483
  277.11752   330.8259    262.61563   109.99087   147.855     375.32416
  155.5748    296.1574    416.76013   146.04057   211.04129   306.94186
  343.80298   201.43045   475.90475   163.5103    231.22287   285.84964
  171.94196    97.0442    424.53644   189.07861   177.34369   136.05841
  436.73187   232.09302   113.0799     85.92428   224.9637    263.9
  281.4665    245.79346   152.49467   121.55769   207.57768   673.15546
  157.45583   168.92221   664.4075    110.66052   124.82431   270.38864
  117.2257    232.17107   217.9329    246.38033   195.31113   173.23296
  218.5109    231.93495   189.13458   211.02417   310.58847   395.38177
  295.28247   246.23117   267.5309    209.95927   137.635     328.83395
  167.22746   205.53268   303.38      252.32466   133.9932    204.55168
  187.52573   459.09192   183.56378   197.5044    141.70874    92.558464
  103.91858   198.91684   161.39539   182.21806   283.52295    66.42666
  234.84554   114.64249   191.76744   182.59001   295.53506   297.8211
  272.38037   256.2365    395.8036    134.46094   203.50357   521.1096
  156.69568    90.59373   283.10928   120.572464  429.99106   222.33057
  439.13055   137.63463   283.8331    300.9451    305.23233   267.7016
  396.64133   236.46555   532.77716   108.124825  133.16638   204.79778
  150.64824   379.21487   223.12857   183.46893    94.664635  226.26794
  243.41069   220.24216   220.23166   156.06612  3942.6558    371.1734
  245.66731   182.88153   155.2745    144.2059    108.03809   318.021
  135.86017   162.4204    195.4564     83.12391   150.6521    305.86606
  122.209526  466.50705   185.07512   261.471     116.83178    95.9678
   82.04639   113.45267   119.29373   275.80725   168.95917   339.52698
  132.07625   337.0605    246.35056   191.18964   202.20122   181.6519
   56.335884  224.1312    242.62166   203.38327   213.68285    94.69496
  269.2693    142.20085   338.57904   155.61049   279.5638    340.54315
  137.90126   306.88077   102.48002   138.23819   266.19238   115.63533
  285.59988   155.21819   178.84683   216.80135   150.52234   181.90732
  191.16263   382.2909    215.88281   316.04645   305.14822   231.23956
  428.94452   367.76196   257.62076   206.05429   416.4218     94.20498
  394.6275    127.40066   306.36252   311.0014     92.75561   131.68404
  207.94746   109.11879   305.77032   127.62137   271.1488    274.7802
  332.66107   121.39633   119.7435    317.38004   197.56078   259.7861
  288.07596   236.74136   145.59052   168.37488   158.21902    83.135765
  286.82956   147.45583   233.38478   428.39764   382.1937    230.35
  199.15984   500.59842   330.8915    191.13992   202.21606   281.34503
  267.41687   317.32013   223.2188    172.88925    97.94117   148.94073
  287.47595   241.78636   241.62665   240.65039   151.35869   114.11111
  344.6041    187.04051   180.02417   289.68518   163.40271   123.45316
  211.11212   231.138     187.17914   214.07297   263.62775   116.640755
  103.42397   625.86383   284.00235   349.8824    238.90878   262.71585
  113.32758    91.53353   339.88257   447.6719    363.95035    71.89201
  251.72047   143.51373   260.99164   333.71448   173.30098   119.35353
  176.43057   140.80153   250.64241   128.41953   236.67549   340.0481
  171.17151   163.55186   148.97964   286.1381    112.517204  226.52782
  174.5803    213.38419   244.98547   319.70135   138.23509   265.34415 ]",0.2555700676090965,0.48692603434918846
2,2050,Transformation_Matrix_W,"[[ 161.53513     -6.579284   120.96885   ...   24.666637   -19.678364
   -24.577076 ]
 [ -25.41259   -221.9415     -42.876503  ...   68.828575   -95.957535
   -67.409355 ]
 [  55.707508    98.93421    109.83863   ...  152.06523    -42.848404
    -7.4407363]
 ...
 [   6.528798  -189.15518      2.4864507 ...  -23.62852    -24.450722
  -119.68256  ]
 [ -58.587807   -49.967953    33.677044  ...  -40.055153   -45.700287
    78.82826  ]
 [ 159.2821      37.167576    -3.7693958 ...    1.0917625   75.62369
    85.20448  ]]",,"[ 213.56766   341.12607   174.61908   208.84206   168.44574   196.25719
  212.6949    336.6119    159.98042   401.66336   217.67934   238.28499
  386.5839    230.16757   210.28978   315.66718    99.47917   135.44656
  240.539     143.03842   318.11642   253.12585   166.47202   210.4949
  291.3682    382.15997   230.8857    169.26938   172.8612    254.52855
   89.52047   260.59653   323.60962   117.76994   219.88432   306.6941
  123.443436  145.97601   125.714005  242.78897   206.9914    223.85893
  155.19101   147.54591   131.16248   218.1888    130.08371   246.67218
  241.86977   198.04994   178.4987    164.21194   324.1994    174.79636
  102.93916   124.07712   145.43678   188.52618   289.44113   412.0806
  192.64183   349.34018   170.22923   124.49162    74.86941   195.21062
  186.8774    257.8361    475.1477    210.93175   394.99255   314.81406
  182.5507    150.80676   191.45319   248.75797    94.89174   131.12704
  273.30612   105.058846  174.97934   252.57451   169.9256    242.39696
  190.8128    564.5459    425.19952   167.45065   143.62387   255.81747
  171.82567   177.97989   132.13283   168.83786   123.199776  211.1815
  142.91562   212.06871   188.88974   219.2995    353.85785   372.789
  359.409     213.1137    125.47931   490.13126    82.972404  476.90726
  159.77715   181.66527   228.6782    201.31686   199.92357   183.46709
  240.8974    221.47934   325.1112     92.61014   189.72975   368.91968
  135.74637   323.9127    144.02295   197.03511   137.58307   136.87718
  195.28197   175.83746   183.25677   103.59529   126.45482    81.93618
  424.8342    112.48511   138.0624    199.03923   200.15099   105.157074
  171.03314   142.63567   165.88162   220.25381   465.7944    194.48195
  431.6982    304.2271    432.17792   164.96147   319.95193   282.8608
  143.83849   260.76172    81.65888   304.40866   160.34706   290.7055
  211.28252   228.0086    234.27951   219.74818   311.9182    200.32993
  202.62865    91.48032   152.43033   143.08139   203.46265   107.46109
  291.31198   241.36661   189.80846   194.27246   188.96414   207.60419
  258.1301    275.59637   540.0016    301.67746   209.7744    363.2298
  224.47623   356.1098    293.3169     84.28822   134.15959    61.479134
   60.82685   212.97961   222.80968   204.59808   283.69882    49.589245
  159.8706    102.247986  183.18623   189.25943   246.0562    341.4495
  192.20953   366.55447   100.37136   230.74721   221.21231   339.3378
  373.6491    232.19746   240.72603   275.69537   145.00345   293.3482
  291.53375   279.05655    78.2202    173.94075   261.44473   164.92361
  182.92621   269.64746   183.48253   196.7332    190.28076   272.8512
  115.54807   258.01096   376.49518    63.361736  229.3666    192.7764
  201.95523   157.15985   514.735     101.81546   325.74207   221.45486
  343.30038   152.74425   300.43484   188.29697   127.46074   208.51259
  179.60587   176.39743    94.20715   184.9626    202.67398    91.19629
  148.8262    335.27347   331.63962   187.97597   371.0225    131.00188
  134.25552   138.10983   163.77094    76.61025   156.1814    264.76404
   66.499535   94.854195  267.1479    337.6053    112.17185   162.52354
  370.91394   117.57739   201.79758   151.12021   187.94661   193.51804
  128.81108   297.66354   513.5876     98.48589   204.19455   143.82164
  156.7652    216.66713   118.73862   131.13857   329.3273    264.19342
  436.2498    365.48645   148.76073   276.43536   241.16602   121.99145
  236.0374    266.47604   385.22784   210.72856   339.4842    534.7472
  233.02257   190.45221   311.8589    301.27533   399.04425   233.71265
  172.61153   213.83528   177.58623   189.59799   236.68617    98.3205
  219.7971    242.67421    97.04747    94.20102   265.34067    78.80516
  326.02917   290.03918   221.3591    132.23091   180.48207   260.26776
  251.00137   137.57425   139.63649   121.52569   253.68347   216.16837
  602.7288    207.62721   145.71527   152.92723   170.26329   217.97125
  193.89809   295.59854   187.23561   181.69963   312.27658   222.15161
  139.71315   232.22894   389.24042   149.2947    243.9524     97.106995
  117.146416  101.785286  111.79625   463.5056    219.3325    237.82384
  161.72533   437.7699    131.95755   141.45227   324.7318    145.58496
  163.72256   352.05362   111.09114   194.64851   158.65399   225.91289
  204.92598   155.40732   317.95923   104.436035  189.05392   182.67752
  209.9666    154.63654   172.41748   140.56265   271.80792   211.26012
   94.83309   230.8546    425.61743   133.18317   166.52805   252.67168
  219.8947    299.8617    245.60127   151.26373   244.43652   330.45654
   80.41661   127.718895  199.26802   304.63156   415.42212   272.46738
  162.92393   183.24284   185.348     246.38336   205.93314   233.65335
  219.50754   185.01976   190.78206   187.00221   192.16418   180.72417
  167.02927   161.99875   210.03197   421.89993   159.12926   154.1974
  145.85732   146.55066   124.2523    195.31853   331.52853   257.8626
  211.67592   384.39352   159.85048   222.60214   197.27551   262.9693
  351.2933    106.55596   387.05356   222.3584    130.01663   192.76512
  250.46597   313.089     109.16451    70.97471   178.56703   289.86636
  112.628525  221.24216   253.11961   170.80495   211.85086   441.4666
  130.37207   262.8627    419.8767    258.9945    213.40042   238.71857
  300.719     149.32103   112.21192   215.92783   228.76945   183.99782
  157.17043   222.81894   243.32648   187.31847   141.85588    74.59207
  475.7036    337.2456    126.07104   335.54373   251.537     194.34772
  122.57066   288.7824    137.12822    99.68441   106.71941   476.1133
  144.0242    343.59244   459.184     147.40764   159.25316   165.05606
  206.65149   247.5327    126.20907   276.526     318.7835    146.1709
  323.8304    239.63966    86.45978   395.0387    129.6072    155.27005
  253.26305   300.9885    248.2205    106.23045   140.63094   356.43686
  139.4027    275.40945   391.56973   129.05948   199.15337   279.6864
  318.0734    185.85425   450.67798   146.3832    212.69327   269.29395
  166.70255    89.95647   390.79147   181.42699   176.12645   136.73772
  409.92838   222.55487   100.63772    78.479645  205.75497   256.67047
  270.37738   242.8667    135.40636   117.24959   204.65263   649.81354
  145.6641    167.50174   619.0552    103.68294   115.36542   250.35426
  111.04395   225.06659   206.61285   230.64708   189.68611   163.23596
  209.54247   221.8597    175.26799   200.81314   299.08057   373.3156
  275.19788   234.16826   262.12555   194.18324   134.61012   324.66635
  158.71672   190.2875    270.28256   230.86432   127.02311   202.63261
  180.98848   422.96024   174.01288   192.20065   136.4644     88.10161
   93.90699   189.84921   153.97307   176.82655   261.41083    62.09894
  230.54619   104.00661   177.86493   174.92862   278.61853   285.32303
  266.9941    239.8865    393.202     128.52393   200.40208   509.10046
  144.80298    82.388954  273.29733   116.77711   389.38278   205.43869
  422.4934    127.492905  263.28284   286.90936   286.35538   245.32605
  360.00064   222.91557   508.854      99.1107    131.08028   189.87251
  144.54349   354.05185   209.32945   174.1896     90.550385  219.05664
  229.84209   200.6646    206.50607   143.97527  3595.6094    337.11188
  239.80637   168.74432   141.44966   139.32727    97.36139   300.69598
  127.95803   157.25102   187.25403    81.40926   141.33499   293.48065
  116.56287   437.53525   178.94453   250.72224   112.76295    93.68322
   70.41411   100.124504  114.28826   255.21866   163.31119   326.51062
  128.18956   326.99176   221.08882   177.44641   202.4613    163.97398
   52.7673    210.91963   210.1043    191.35059   202.46602    89.67524
  258.23196   132.79921   322.1173    143.16214   261.95108   309.51837
  130.66571   294.72595    95.90217   126.77794   246.11354   113.752686
  277.14264   148.0001    172.03127   223.29974   135.76924   169.27678
  178.6459    337.92087   197.11932   298.3476    282.9581    203.92929
  407.24237   350.54425   253.01921   192.10185   408.35406    87.3611
  377.78644   122.577095  280.45502   293.06113    89.05038   125.04586
  190.99803   105.6772    279.73557   123.58198   251.78493   269.1802
  311.01782   118.27313   120.37638   296.66937   180.70576   251.44365
  268.4253    217.0794    129.20833   149.92078   150.89894    77.34261
  261.35513   138.17906   225.98679   411.01465   373.64804   216.38008
  180.66985   448.63358   317.23672   181.40797   197.47307   255.49219
  253.6253    300.19757   211.9752    170.12022    92.179665  138.71443
  278.38196   234.32764   233.23685   230.49521   142.90561   105.10209
  303.29773   178.93828   162.54974   266.1979    156.91049   115.59078
  195.5895    210.82146   180.76001   204.90388   246.96931   109.15924
   97.82652   585.63043   256.08157   330.61148   228.89658   264.2078
  115.46636    84.171     327.66544   416.4013    359.56293    69.81475
  247.06847   136.84818   256.0942    317.47073   176.78278   114.67006
  171.50716   134.05089   234.29466   127.48708   227.55792   318.8754
  162.06308   149.23848   140.70753   266.10315   107.09139   210.31808
  167.77402   204.30437   237.13483   310.87375   128.8908    252.19398 ]",0.3073524892440074,0.5136966528851511
3,2050,Transformation_Matrix_W,"[[ 24.489376  -34.69935    28.803299  ... -14.347502  -11.5426855
  -48.12933  ]
 [  5.8188596  -4.612227    7.098378  ... -21.42199    13.039002
  -14.877892 ]
 [ 55.429085  -43.098583   28.65473   ...  11.853869    3.0987785
  -40.178234 ]
 ...
 [ 12.712956  -57.899624  -22.563814  ... -56.164204   -5.4032283
  -43.695007 ]
 [  5.543847   19.839575   34.565376  ...  36.476765    4.0390143
   15.016582 ]
 [ 36.862675   15.052577  -22.302187  ... -20.54303    32.395573
    2.659953 ]]",,"[ 197.83224   315.71063   150.67953   196.89777   160.74512   188.88454
  193.53252   295.99536   143.18709   365.3147    202.31207   224.32268
  359.70496   209.249     197.08492   283.60193    91.26405   121.264595
  214.99939   130.54675   272.46643   245.83861   155.12477   193.4438
  262.19598   355.31406   214.86617   166.66423   155.30316   234.44868
   84.33375   242.9756    296.8713    106.318306  196.56839   282.96582
  114.99858   128.80539   111.30089   221.7321    186.90262   200.68338
  145.56667   140.44308   115.980865  200.90503   110.85903   244.06546
  224.42334   189.27676   159.16194   144.16292   308.78885   156.06622
   94.07245   124.15352   137.5691    173.10219   279.0921    395.96307
  169.24232   306.3873    152.35689   116.82108    74.9183    175.59021
  182.96175   226.2857    442.99133   197.21968   360.4098    294.73737
  167.36395   138.00429   168.32137   216.6844     86.77638   113.71076
  255.30511    94.79152   158.4571    238.71407   146.86911   217.9477
  167.6974    497.5083    400.34943   155.75558   126.73549   223.88092
  162.3547    160.07634   116.645256  166.13472   115.18043   205.39326
  127.3243    193.96478   172.77036   197.38135   303.26852   362.8163
  326.91696   194.60341   110.600235  416.7533     77.29744   430.21558
  142.54436   160.01556   225.1843    171.62897   183.49106   169.41968
  206.41821   207.58109   317.2356     87.22609   164.64885   332.76263
  120.016594  310.70752   134.82722   180.55383   127.520584  128.4052
  167.07285   155.74588   160.66675    93.11713   123.625565   77.22817
  395.6359    104.43042   131.10298   178.1156    181.75848    98.77522
  146.88286   132.4327    145.85378   202.09303   419.60153   169.87439
  382.6469    274.64026   388.9625    149.60869   284.9582    255.74326
  130.2395    251.09654    73.42692   297.94113   154.59561   267.99838
  193.60995   199.4227    207.25458   183.32187   285.21332   178.65219
  193.29883    81.893974  137.66635   134.7229    175.52066    98.65842
  252.35625   212.095     184.94443   177.38734   181.9561    184.98846
  224.96909   257.43976   483.54047   281.95685   180.00397   309.12994
  212.15665   310.34448   275.92023    82.343925  118.92355    55.388126
   58.187378  191.32393   202.55867   185.01503   258.10822    48.07935
  141.17632    91.44583   182.19609   168.9973    218.26613   316.91855
  168.75978   335.48074    96.73227   205.34174   207.07361   300.08276
  348.94043   199.2018    205.0139    260.67252   128.5126    263.68793
  260.3556    252.96458    72.29935   146.59007   227.97606   154.10526
  163.05783   236.96622   156.43755   174.97939   173.49095   253.25429
  104.71459   213.6551    320.44348    56.49655   210.91585   172.38237
  183.14888   146.23256   474.9135     93.78423   296.24112   194.72488
  303.89124   133.3326    275.3839    166.09206   125.608116  191.61816
  170.58055   167.91905    87.07915   161.84259   179.17853    83.68812
  136.42052   290.99347   295.46567   178.58957   365.23703   118.120834
  119.70594   118.773605  137.72113    68.84125   149.7665    234.16127
   60.376053   83.77927   241.75937   315.98465   104.830925  148.40161
  330.45834   107.858665  181.75035   141.38394   170.37003   180.10243
  115.23731   279.50586   451.98917    90.13165   185.71948   133.99878
  149.2371    197.35815   102.40778   114.84188   305.03244   243.93062
  387.17178   339.71994   138.79692   247.15364   235.44247   111.544136
  224.79073   255.25589   364.45468   180.62502   303.30627   487.52902
  221.31839   167.86479   292.08234   256.68146   361.18253   214.46489
  152.39764   189.507     164.2376    184.65111   204.62695    85.86968
  194.56955   230.22675    89.52592    81.92344   242.26146    71.40288
  285.3187    270.55896   205.9836    131.10538   178.30975   239.32762
  235.07486   126.506035  128.61172   109.960266  242.72342   202.06374
  544.1051    183.26288   128.17554   135.76454   145.35374   185.8437
  179.18364   268.86713   180.05658   166.9455    292.8746    188.49286
  125.80011   208.60887   356.03085   130.88869   213.8059     90.32037
  110.26043    94.38436    98.43244   457.90427   184.60751   215.56342
  151.32416   386.23846   124.322655  130.51088   289.89764   133.05402
  149.36658   329.7601    102.01836   172.48941   141.14688   200.61913
  182.792     137.59499   283.98105    98.22866   173.06862   157.76532
  197.25272   131.62799   156.36642   138.51086   248.0807    192.67432
   90.263596  213.52264   368.85233   119.45343   148.77701   233.69388
  206.08597   255.52165   207.88834   132.531     224.9758    304.17273
   71.65918   110.97838   176.95654   270.36252   365.48114   246.57944
  150.25694   164.7977    166.71037   233.84015   195.01308   210.92505
  196.58813   166.31935   163.95517   182.16895   186.13889   162.87643
  146.76505   161.6726    199.24872   399.44315   158.91966   138.25587
  138.20474   137.80775   116.38735   171.47408   300.89276   245.85806
  202.80191   340.38507   141.29935   194.6332    188.13153   252.09111
  301.79938    98.39989   344.22006   206.1517    117.82057   175.41003
  237.77182   268.34085    97.06902    61.744057  174.12439   273.58798
  102.53939   199.2088    249.38774   143.30835   194.10435   412.28204
  112.30932   242.83842   385.86118   237.98405   183.09418   206.50397
  284.8652    132.89096   101.77966   191.87094   209.29642   161.70685
  135.8487    200.11958   219.00322   166.38522   124.81621    64.21937
  426.24188   308.7077    120.73009   325.34363   228.29854   181.70404
  116.7588    267.33643   125.31233    89.51023    99.00709   438.87897
  137.47838   307.51508   415.81647   132.44476   146.52692   153.38547
  182.54291   224.33652   115.78062   247.21251   302.4797    124.62616
  276.70422   210.56665    80.963905  352.24225   116.10906   151.87422
  224.62294   283.45523   221.24171   100.27019   132.72389   309.68106
  127.81134   242.93414   330.4417    122.98159   179.26433   246.59422
  291.24966   167.36224   386.65787   137.05408   186.90611   249.2844
  153.2933     86.23119   350.41464   175.71048   146.41943   120.10096
  373.2481    208.36014    86.89509    74.08043   187.3487    229.13478
  242.61209   219.89822   124.85159   105.41343   180.53296   580.38226
  136.3691    148.92404   554.2802     89.84598   107.81711   229.90623
   97.32564   213.29463   189.894     213.52058   176.75111   158.31682
  181.28983   197.74072   154.5671    172.76212   260.802     322.12967
  248.11943   191.75133   228.99571   172.59544   131.37126   315.4442
  148.75888   179.70045   244.66966   197.64526   115.45624   191.454
  160.51678   415.03525   154.96045   180.0436    128.86884    78.15021
   81.77385   167.91136   152.0674    146.42918   229.71475    58.01864
  219.91597    91.28218   166.60944   168.43582   258.63132   253.8231
  246.84618   215.03036   367.94693   130.18388   190.24725   453.14996
  133.17294    71.01218   250.72675   109.87123   340.0359    178.3407
  388.02924   114.30642   238.9958    252.2112    254.94902   230.813
  331.09433   200.0755    441.25687    92.68393   126.18511   180.09569
  135.73204   316.9208    187.80147   151.31105    80.83104   214.6699
  206.93665   196.76917   192.04579   131.68787  3250.9543    309.06696
  221.81825   160.67651   126.219315  131.86969    87.63784   265.9083
  121.81737   144.04373   165.4795     73.85013   140.07431   275.00677
  109.95483   396.34293   163.95038   232.64996   104.15318    87.19625
   65.60642    97.06351   107.58229   251.24304   151.63713   318.28387
  121.338425  292.71466   195.23717   156.81442   182.22394   150.08849
   49.846703  183.2933    192.99445   184.38278   185.18405    87.04291
  234.07298   123.46157   282.66562   128.25838   249.61897   294.06982
  121.53286   270.69086    89.886284  111.79196   213.97018   100.97556
  262.36447   130.89084   161.40773   206.36948   127.06346   160.24367
  175.9931    324.09793   180.26465   274.04248   242.67598   183.39107
  345.77173   307.50208   220.74738   174.0077    350.95996    77.8671
  340.98312   106.8172    246.40247   263.75623    84.73442   114.78662
  185.02574    95.252235  258.6632    126.5923    233.80774   242.3096
  270.34622   113.809784  111.04447   258.64682   174.60883   223.88829
  229.12068   202.44702   123.0929    129.24034   147.64822    77.95272
  238.26642   131.88498   215.24615   386.7667    326.23004   201.3809
  165.49571   393.73404   280.68704   162.22385   180.09445   223.3093
  248.15826   268.69736   187.69873   166.97176    83.968124  124.522095
  269.71008   194.00793   231.10365   212.49141   124.4115     96.39534
  285.79657   160.67313   153.60393   233.44943   140.8809    101.09239
  172.14963   185.545     164.96461   184.39415   222.19191    96.41982
   93.065384  559.40466   221.92805   293.36075   208.2088    224.3852
  104.53124    79.104256  313.8189    373.629     302.5777     61.7446
  234.21172   123.10601   232.82097   277.36963   169.78424   112.4208
  162.91083   122.946526  213.55136   116.489494  203.53214   298.98203
  159.86163   133.2332    130.14148   229.72667    96.438255  199.50623
  149.2499    183.44286   217.26842   285.10196   114.421715  227.57945 ]",0.35855869698832205,0.5442920256158936
4,2050,Transformation_Matrix_W,"[[-5.4215986e-01 -5.2454104e+00 -1.2387596e+00 ... -5.0266719e+00
  -6.9636235e+00  9.3665810e+00]
 [-2.5623801e+00 -2.0650383e-02 -5.0685424e-01 ...  7.0467569e-02
   1.0175097e+00  1.1911345e+00]
 [ 2.8999493e+00 -7.2139091e+00  8.9773399e-01 ...  5.7317996e-01
  -4.7940974e+00 -1.7560734e+01]
 ...
 [-8.9492065e-01  3.2679253e+00 -8.3447094e+00 ... -6.3781281e+00
   1.1153890e+00  5.8449036e-01]
 [-6.9447861e+00 -2.5231380e+01 -3.9023254e+00 ... -5.3669896e+00
  -9.9756870e+00 -1.2029330e+01]
 [-3.9683208e+00 -9.9490509e+00 -1.2714397e+01 ... -1.4424761e+01
   8.5244352e-01  1.3546212e+00]]",,"[ 185.57077   275.67453   139.44742   175.70605   146.8327    174.26878
  182.88464   279.8408    116.55166   363.6577    183.44505   200.85533
  313.05423   197.70418   167.83952   249.61342    83.70301   117.72227
  198.89272   129.52477   253.215     218.95401   139.2808    173.01329
  229.12381   293.78894   194.00697   146.5291    142.68542   218.0534
   72.1095    209.506     269.37088   101.014984  162.83273   260.04303
  101.038376  112.228546   96.87218   206.24846   179.33804   186.14209
  133.20729   139.01366   105.023     168.7949     94.85367   220.61694
  195.68211   176.10704   133.05568   135.7172    260.9264    139.06938
   89.24045   111.725235  118.88257   155.44502   267.769     339.8284
  157.87413   271.33597   136.43521   100.832756   65.62465   169.7936
  165.03758   215.21034   400.38394   162.10223   298.15225   244.42119
  153.90399   121.0137    143.67079   207.16867    84.66544   104.944824
  239.07709    91.92414   141.77457   217.95586   139.80905   205.5549
  154.1485    411.7159    358.54813   147.15298   116.69076   214.03258
  145.31331   137.1373    104.5462    143.87193   100.85737   180.98433
  111.63438   182.90837   145.50404   185.0116    269.26608   352.32684
  298.60837   177.66792    93.29484   342.31342    74.83002   370.5711
  125.80188   136.54837   222.15163   161.40785   179.26196   154.20958
  176.75375   169.51523   301.7706     75.49698   163.1212    290.33054
  108.06614   268.7885    109.53539   181.16364   120.47391   116.01244
  145.22758   138.71422   145.53293    89.98404   110.8308     66.30348
  348.9542    100.369606  116.88208   164.38513   152.16548    86.59134
  133.5385    134.08908   133.96338   169.41075   373.0875    144.41956
  337.21252   257.2722    368.25018   130.2794    259.6927    221.20145
  122.28418   237.43555    69.72158   264.0701    122.41532   243.71078
  172.3681    193.98703   193.98747   166.47737   233.30168   154.28085
  178.74538    81.76346   131.00412   122.14595   151.75443    97.11909
  221.328     198.92361   185.80397   160.85808   163.58614   158.39183
  199.09323   230.42879   409.02155   255.32954   173.79024   273.8266
  200.01306   261.3869    251.75731    78.74781   107.18196    50.6404
   52.913677  179.85123   179.73492   159.33475   224.33234    45.055187
  122.52872    84.53478   170.0667    153.86063   208.95741   278.98483
  156.5371    286.55255    84.71444   187.70845   163.9839    268.37268
  298.68317   178.40584   201.22005   245.39409   113.202225  247.01024
  241.52068   213.46808    64.60413   130.87057   187.81575   144.35083
  144.70766   222.01462   125.66934   169.25421   147.75977   237.66154
   96.56963   195.36095   286.2988     53.435955  211.28073   159.87856
  134.8754    135.83646   451.09012    86.619     257.1762    179.79535
  269.95016   111.4001    275.72757   160.33716   118.44054   167.49794
  155.55742   157.69376    71.29302   151.79459   154.03467    71.96136
  121.841354  270.3467    269.64484   155.96669   330.4196    105.92311
  115.73517   108.34791   127.861626   58.658867  143.72398   228.31148
   55.23835    74.67079   224.27417   292.9509     99.12544   130.70114
  295.83112    92.31803   149.6181    112.4037    136.31583   152.02939
   99.7781    231.00757   409.63736    87.5557    160.45798   124.50925
  138.30032   176.84155    97.22655   100.462906  269.24176   233.0205
  334.4175    313.52478   125.92809   233.01042   211.22922    96.878204
  196.65889   230.64133   350.55634   180.24414   284.1281    404.79272
  189.3611    149.62445   259.02728   248.28146   317.73373   186.56241
  124.971344  188.33173   150.6062    163.64209   175.71126    85.0019
  172.7446    209.8849     80.805504   79.122734  202.57799    73.089424
  253.80956   237.78624   194.35501   113.081566  160.80978   219.17976
  223.00826   111.9276    111.45778   106.94698   218.77167   181.66872
  471.80475   176.39812   122.95048   132.50389   123.16208   153.04384
  160.81223   234.90819   156.5399    151.61847   250.00659   172.53688
  115.88238   193.20781   325.29697   120.11888   177.58156    72.43472
  109.27977    84.65771    96.67206   386.41455   174.17354   215.33138
  142.37892   343.1408    112.939606  108.24449   249.52026   116.48326
  144.68228   310.23868    89.61855   160.54088   133.16055   186.45224
  167.05545   122.529816  257.84027    84.43577   149.17522   139.93959
  184.41298   123.31552   154.10707   132.64417   227.18626   184.46759
   85.871864  202.99759   344.86966   107.17047   132.85562   216.52122
  167.6008    243.24261   188.83038   117.44526   181.56987   288.69702
   66.47495   104.281075  152.67317   238.76251   351.59216   226.7222
  136.14372   134.2981    153.87775   208.94336   178.53888   196.4231
  163.90286   157.95302   147.95833   163.2044    164.10304   146.69923
  135.1931    149.01883   188.36551   355.92355   154.49216   129.66019
  125.0904    129.0418    107.125404  164.81703   277.09964   216.21405
  193.03075   300.02493   120.53782   185.03502   175.8754    201.51915
  266.36578    96.73063   311.1764    199.67456   110.5414    145.64037
  206.62662   235.22644    84.75104    61.653557  167.79282   255.36794
   93.639946  179.66478   228.26212   132.29927   178.87384   345.24774
  105.590965  204.65523   375.9605    202.55025   160.13086   198.53104
  258.9547    114.02602   101.25256   182.02747   201.53922   147.85582
  129.05028   181.83524   209.78825   161.30418   112.67037    64.90225
  360.56277   255.25812   105.006744  285.9268    200.21921   153.06801
  100.529144  232.37195   107.83004    78.66682    84.24529   375.72778
  117.70019   249.78445   373.06787   121.05842   137.82373   127.16335
  178.0803    199.8995    106.37202   217.2852    295.9795    115.21691
  248.93208   200.12825    76.30018   309.13406   104.318245  143.678
  194.47762   248.96964   207.405      93.33525   124.29807   285.22873
  115.18853   208.14664   290.07047   111.86537   159.42966   236.15936
  250.85738   156.70291   367.22476   104.14108   158.14474   228.69081
  138.96527    69.11945   298.70776   159.77782   140.24373   120.73867
  333.11426   189.04724    77.49138    63.520348  152.65765   213.92375
  226.38438   206.70918   112.835526   91.438705  165.37738   492.4915
  125.02066   127.72844   483.4424     79.75908   104.939705  213.06479
   85.26364   188.68282   165.00638   176.54156   159.49812   150.91017
  168.39482   182.04953   132.49797   156.20665   244.87944   284.38733
  238.70126   179.2593    213.09608   153.38356   126.97273   266.20276
  133.07317   151.93909   192.8983    178.48886   108.088196  187.29599
  144.12733   378.36084   132.7434    164.79073   121.24116    74.96197
   72.593834  154.23866   141.28363   143.18346   193.47632    54.432213
  209.77202    86.46125   155.03764   169.14911   240.61098   225.90028
  222.9556    189.27554   343.52133   120.22371   171.34702   393.62045
  111.39731    63.481823  222.76953   107.228615  297.40778   152.50824
  357.7695    109.34035   220.1231    222.15698   210.8147    216.49786
  270.34128   180.98447   401.6117     81.96911   115.27592   170.33621
  121.723366  290.30627   164.15913   143.2026     77.817696  191.54306
  174.78804   174.76163   184.50743   109.72627  3019.7117    272.01288
  197.37482   155.11945   108.6759    111.33084    74.988464  251.24522
  120.73231   138.91608   147.2948     66.19929   132.38562   244.09685
  103.330536  355.77362   141.13492   216.06923    92.11396    77.233246
   62.305977   84.32551   100.64414   207.16576   139.14522   288.85602
  108.95878   265.73438   174.8129    145.86586   166.25479   130.69466
   46.291195  159.98477   166.54651   164.95366   171.3532     76.47768
  194.53468   111.16084   245.89153   110.76111   229.52615   269.6563
  115.13094   254.33083    85.60761    98.3361    197.702      92.951866
  245.61707   124.312996  147.17847   194.35384   103.17325   147.81949
  159.06021   282.55676   157.21663   254.37546   208.2434    160.67342
  306.5725    246.33685   217.14302   149.08197   346.49225    72.738976
  274.23447    95.45435   226.7151    264.65918    79.74941   106.43468
  169.24068    90.71517   223.12622   115.48826   201.59273   229.55699
  260.49957   109.62164   106.80782   227.1576    154.01128   200.09894
  190.73647   168.4285    107.3008    119.654854  128.3986     72.509926
  216.43437   125.3641    188.7755    333.68744   288.4916    177.15579
  156.39035   348.9012    256.1081    148.00821   169.07332   180.62431
  230.64346   250.19533   169.48117   159.48607    72.428185  109.58386
  247.66512   173.75504   225.81679   198.56201   112.63012    86.747444
  238.70006   135.988     119.15615   185.70375   126.14187    96.95616
  155.17493   168.08818   157.41438   174.9165    188.0086     87.73117
   81.22568   487.2475    199.94395   270.26956   194.84103   216.41777
  103.53127    68.66476   284.7815    342.39938   280.4872     62.51778
  217.4026    107.98036   220.98495   246.51047   156.57741    98.52362
  153.57712   113.45708   186.18015   105.11626   192.76749   257.75278
  152.29547   121.117744  118.09432   211.65048    90.64204   174.35764
  130.92499   181.29547   205.58234   245.34683   101.91855   198.94664 ]",0.46369852489244007,0.597188751146893
5,2050,Transformation_Matrix_W,"[[  1.2843755   -4.324363     0.49281064 ...   2.6434374  -12.28861
   -0.02007121]
 [ -7.7591805   -4.340313     1.6893405  ...  -1.2710308   -2.1687372
   -7.2825713 ]
 [ -2.4818435   -1.1029509   -2.3936832  ...   1.0406013    0.03229018
  -11.558318  ]
 ...
 [ -0.3460926    4.3668413   -2.0133667  ...   7.0281477   -1.7227746
    3.4713752 ]
 [ -9.678566   -10.930875    -7.22771    ...  -5.076315     0.37016308
   -4.777611  ]
 [  3.633113     0.8733417    3.7362242  ...  10.214184    -0.36225277
    2.991694  ]]",,"[ 183.72847   281.6196    132.8059    179.90079   150.49278   178.6597
  181.39407   285.97012   126.24339   350.22333   180.83417   199.96394
  325.49704   188.89134   172.2616    254.82106    85.48406   113.59815
  195.74329   125.95544   243.76125   219.80537   142.80058   173.31235
  236.39557   309.85547   192.91063   151.52296   146.57188   213.90633
   72.18231   220.10805   281.3238    100.28467   170.23463   252.65071
   99.12412   118.060745   98.38089   202.47493   177.4757    195.83649
  133.17628   135.26071   105.24585   179.65855    98.46338   229.68164
  197.43385   170.12756   140.00331   136.0588    277.6487    140.57407
   89.7359    112.58788   117.752945  156.29866   272.62158   354.03848
  162.96275   257.97116   139.8699    108.911224   63.168724  168.39696
  164.3549    212.38705   389.4052    171.15082   317.09677   249.11035
  156.36443   121.72427   149.8864    197.20377    84.4057    103.4603
  237.54979    95.64689   137.17032   223.79565   139.1831    212.6485
  167.5769    401.10684   359.5856    146.36963   116.50614   212.89616
  147.75319   147.55086   106.0389    150.45312    96.42282   187.665
  114.44844   176.5175    145.48497   186.21056   282.09476   352.40945
  298.4527    175.47858   101.40972   373.4782     73.16215   354.2908
  131.60156   147.62985   212.84654   158.55098   171.1321    155.89613
  181.27882   182.84758   298.09952    78.65194   159.23451   293.3453
  115.7981    272.69717   117.81908   176.4354    118.15986   119.42145
  148.09811   137.45923   152.30489    86.11979   112.83652    68.206604
  360.08148   100.65239   118.56267   165.07024   162.10623    87.08475
  134.6148    135.9238    134.0931    172.27646   392.73868   142.73543
  360.49222   257.12112   363.9822    130.38727   259.62357   227.373
  121.96344   238.41078    69.79277   264.36154   133.34651   250.69168
  172.76709   190.52567   190.66147   171.09793   239.47093   162.44025
  175.81438    80.64677   126.42473   120.341095  148.24467    95.802734
  223.91035   181.41376   185.42065   158.00275   161.64919   159.50905
  203.56462   235.34483   421.69385   260.10666   159.95338   272.32834
  197.32309   269.03464   236.79056    74.64439   115.712006   50.76842
   51.086838  178.2782    178.58734   166.20595   233.06943    45.359695
  119.59445    86.13805   169.60078   154.7049    202.5542    288.53592
  161.68504   297.8122     90.090614  173.91344   178.24365   257.2021
  295.66956   167.22197   195.14406   230.37935   115.07077   247.32558
  244.7678    214.4625     66.28862   135.05768   201.77147   143.40997
  151.17369   205.64201   136.02312   171.60722   149.42668   246.06122
   94.72499   191.28767   291.02444    54.845394  204.20674   164.4603
  148.648     131.96507   460.935      86.641106  262.54425   173.79489
  263.63358   117.16913   270.04456   155.60239   118.68289   173.22816
  155.03958   155.05414    76.74821   157.1996    156.147      73.92038
  122.5395    256.41815   281.5633    157.16388   327.6229    104.85986
  109.98873   108.19402   123.67968    58.712322  143.29463   215.01758
   53.429405   72.44475   229.62926   290.9242     94.93079   135.46268
  308.45526    97.39313   162.35855   120.108795  152.47554   154.98668
  101.04354   232.516     393.945      82.8989    167.1497    123.00097
  141.77989   171.92465    93.340546  102.19345   255.80344   228.4418
  340.43848   318.52863   133.75665   230.15457   212.5813    104.54942
  209.02626   237.24832   345.0228    175.12047   275.09116   409.35498
  190.84958   145.19672   261.10364   240.90215   304.85693   185.80952
  138.34459   182.77153   148.5147    163.42021   188.47426    85.43918
  171.58159   213.13916    77.46989    79.3698    222.72511    72.627045
  250.77768   249.39436   189.89716   117.826324  162.44865   215.53171
  220.4147    116.27725   113.937325  101.88265   227.02634   194.13248
  458.0667    172.67729   115.08761   131.73958   127.86122   164.55884
  168.069     242.42465   155.44049   153.6221    249.523     161.45573
  110.230576  186.14687   326.40085   124.414856  194.70668    72.35009
  109.31255    83.87       93.61707   405.91888   168.08223   204.61797
  143.13702   330.7009    113.95331   108.659744  248.70053   120.700294
  138.7322    290.3342     92.63206   159.90143   139.94464   185.43542
  167.8548    123.19711   267.78268    84.5516    160.85133   147.51735
  189.93182   121.30415   145.23482   131.42693   231.89243   185.16039
   84.3472    204.80685   346.7062    105.960434  133.91115   221.39107
  183.10167   250.26732   190.17583   124.87971   188.42963   284.45474
   67.35003   104.40375   156.88997   237.39116   340.27524   235.22798
  140.42268   140.76877   155.64047   199.01128   172.39546   188.9703
  171.35533   165.51677   141.64867   161.03075   170.09718   148.22636
  135.21193   148.0994    176.97766   365.74057   151.78964   126.99311
  123.573456  128.2826    109.07949   155.71573   283.57092   217.39398
  197.81883   324.84384   122.68749   182.8092    178.70078   213.07541
  255.75267    96.47522   326.40356   196.82614   115.37004   161.04436
  217.98576   246.59953    88.29371    56.68987   162.15683   250.48714
   91.816536  182.02336   224.3625    128.91084   181.29413   361.13794
  107.23072   214.53992   381.6082    212.21706   171.52959   193.58281
  256.94263   113.69271   100.51561   179.37839   203.58678   147.53967
  129.85909   180.58696   211.87653   148.87637   116.48146    62.84291
  360.8354    276.05386   106.28531   284.47287   195.7756    158.51451
  101.62444   229.53145   111.82435    77.923294   89.04771   391.99484
  118.703255  255.92796   371.74625   121.29625   136.1824    131.25813
  171.66849   195.36446   108.61538   212.9658    275.38037   121.977875
  246.25797   194.37581    73.0731    322.71564   105.35224   145.50114
  197.01756   259.3434    208.69577    92.447334  123.96883   289.17014
  116.40072   213.29189   313.1853    116.53703   159.65207   224.8554
  244.19203   159.19394   358.0507    113.25468   157.52643   235.10107
  143.19975    73.47545   311.10464   159.12918   130.32802   120.44625
  336.22192   183.86182    83.76614    63.422012  159.1262    201.45177
  215.62457   199.01428   112.30389    90.1791    174.20871   502.99384
  128.19      138.56952   497.46066    80.69235   100.72513   211.15025
   85.15303   198.07045   164.03807   188.35724   163.83429   149.2996
  166.33241   184.6059    145.04189   168.10165   244.31683   284.32822
  233.91306   180.9841    219.02374   160.23535   120.018036  266.2334
  136.98279   154.74927   208.53584   183.00905   106.54574   184.0405
  145.31111   377.5788    139.1143    159.8403    121.29661    78.35661
   71.83761   159.05661   143.51068   139.79715   197.44345    56.942783
  200.4964     84.86943   146.6222    164.28017   237.01382   223.3893
  228.8272    198.11082   344.72284   120.38169   168.29805   413.24484
  112.06468    63.17136   230.61403    98.65856   308.467     164.24402
  343.92636   109.25361   226.04395   227.84088   211.81793   208.7572
  290.094     179.94922   380.54672    85.12934   121.6259    169.69316
  123.357895  290.5909    166.8112    142.5204     73.39749   200.39925
  183.4968    181.25055   185.91415   118.02313  3089.5872    271.25632
  203.11165   155.88765   111.575424  110.5191     76.54369   251.5087
  113.48042   138.73485   146.03543    64.35999   132.89531   235.35303
  100.89071   347.8549    149.39577   215.0261     91.235344   78.90866
   61.551132   83.40805    97.83563   216.62233   142.02625   290.72888
  108.49942   256.39932   169.8228    145.30331   158.4541    139.12543
   47.05116   160.57358   172.25653   160.61108   179.85187    80.467094
  207.02275   114.687874  256.64685   112.34465   215.2418    271.74625
  115.020905  267.45297    87.94462   100.08292   200.03914    89.02112
  237.8837    126.28681   142.45763   190.70271   106.19264   149.36887
  157.99036   293.79535   163.80641   255.1596    202.68166   162.45845
  308.13162   266.23453   203.95792   156.17236   327.4624     71.2647
  277.40573    94.9292    245.42711   262.73355    81.7614    104.75904
  171.67152    89.542984  232.48338   117.76714   216.05692   229.5278
  253.85023   108.99914   105.906715  236.56247   159.26201   197.93219
  203.54137   172.75699   110.51639   122.2277    127.96775    72.64349
  214.20609   127.45358   189.43631   335.81158   285.50208   173.00061
  151.63277   364.2763    269.626     149.92726   166.413     185.10925
  228.02249   246.80058   161.49785   158.01013    70.37616   112.898994
  245.86346   183.21649   218.81049   204.88725   112.88658    85.930084
  241.85185   146.782     130.18011   205.57771   132.60106    93.33163
  147.51141   165.41788   151.12521   167.51663   203.87817    86.097946
   82.53961   481.7967    188.21478   257.36386   196.74959   204.11157
  101.21409    70.99492   282.3676    360.91437   289.6492     63.568653
  213.67076   110.18998   216.27875   243.63356   169.92087    97.54203
  150.60777   117.585915  174.79242   108.12011   187.23369   269.25934
  152.00443   119.37924   113.84652   218.80351    88.06201   183.71194
  129.90457   168.83202   208.01045   241.67944   101.79654   200.32278 ]",0.46243085433312847,0.5933761872003354
6,2050,Transformation_Matrix_W,"[[ 8.294932    3.680485    0.30345058 ...  1.2507279  -0.16881786
  -1.1104891 ]
 [-0.06857091 -2.1132367   2.0491838  ... -0.2984883  -3.4466841
  -6.9820743 ]
 [-2.8319082  -1.7146621   2.569267   ... -0.23239975  0.5601222
  -0.10013699]
 ...
 [ 3.9848096  -0.20464002 -2.5451584  ... -2.3239982   3.803823
   5.186165  ]
 [-0.22597636 -3.890999    1.1333318  ...  0.3629919  -1.7573162
   1.2989535 ]
 [ 1.9533663   3.7117953  -0.55460835 ...  3.5549693   0.3129216
   3.095051  ]]",,"[ 188.30934   269.17618   134.88086   174.97684   150.47693   171.82458
  167.18756   287.77353   126.10056   355.38782   181.78677   198.97328
  318.9542    185.67102   164.38113   263.63898    85.440674  118.35594
  195.21951   128.17384   255.77484   214.21033   142.66106   171.44167
  236.3409    314.77515   195.1092    150.66562   144.84178   204.50708
   69.93275   219.19563   282.46875    98.25361   179.47777   253.94908
  100.015816  115.17181   102.34841   196.0269    179.5113    192.7038
  135.823     132.82794   109.40478   189.09091    96.86237   222.03568
  207.70908   172.50047   140.83707   138.85497   269.3419    147.96628
   92.70084   108.858505  117.60151   157.01585   249.37277   345.6539
  162.0879    269.33688   134.58298    98.140434   66.81919   171.69098
  164.2895    214.04863   388.3513    161.98154   311.13788   259.22687
  157.14877   128.31943   159.49608   205.91455    87.53526   101.825005
  239.42953    95.50938   137.73512   226.37555   137.72835   223.53592
  173.66505   427.52927   365.444     153.0759    117.33465   210.13576
  141.6074    149.44861   103.79988   140.26314   100.987946  190.6377
  114.44002   181.74025   148.33698   177.24971   295.47192   332.88293
  301.2212    178.80241   103.0151    380.37195    74.3773    360.46625
  128.68848   146.34473   212.04036   167.21336   173.93578   157.84795
  195.29485   181.56229   299.31308    77.60073   159.74106   282.35022
  119.62009   262.3975    114.51147   171.66246   109.41758   112.91356
  158.79565   138.1954    146.37517    84.33887   109.55019    68.97393
  350.19202   102.23534   121.983246  157.36414   158.173      88.03488
  137.14589   128.24345   138.23479   174.09274   389.21722   144.3682
  360.19922   253.76703   362.68228   138.41531   260.83084   232.503
  124.98327   231.61415    74.31215   273.54272   139.00746   250.75844
  175.44917   185.36859   182.98975   184.65666   231.16812   170.92595
  180.83224    80.45702   125.13695   122.30855   149.71947    96.421196
  235.97798   181.72134   187.69719   160.11641   160.13298   162.00491
  221.9379    233.72452   425.17847   255.52795   168.67842   262.1589
  200.63454   274.76315   241.96399    72.08177   123.119156   51.901154
   53.56464   171.6142    178.2169    161.32071   224.42378    43.788475
  123.97249    87.28241   170.8954    149.93617   201.11632   293.738
  172.09183   290.30734    85.30621   170.78944   176.46674   246.4211
  286.07654   164.75487   191.96318   218.40295   112.08538   224.8867
  240.17026   212.52354    71.31219   131.02411   217.48259   143.70206
  157.72987   201.71275   142.8068    171.37685   154.25291   236.73393
   97.467155  201.86343   282.05734    56.63684   189.96974   158.99034
  153.36237   127.36817   462.9077     85.29505   264.7857    175.40935
  254.182     120.86087   266.5042    160.26857   108.27881   168.41537
  146.77455   159.26149    76.35209   164.22633   154.66226    74.79893
  124.692825  254.20488   277.76917   157.39043   319.7856    108.80976
  112.44336   108.90847   132.81468    59.943764  148.32333   208.25462
   53.475018   75.50037   216.19371   298.58783    98.521736  139.32716
  314.3798     98.18352   157.22359   117.45878   152.45084   158.82417
  100.84936   231.74036   388.9842     81.232445  165.44627   119.15032
  136.78654   170.14804   101.62941    98.68908   261.94714   218.59271
  346.0026    326.06726   137.01335   229.05531   202.0131    101.3402
  212.55823   226.92134   339.12042   173.76886   258.5534    410.0977
  190.51898   150.63965   255.48653   243.24335   309.9717    187.05963
  138.48532   187.38121   152.72379   165.91243   195.56964    83.57403
  172.99805   214.38962    78.596214   78.90008   223.18129    71.66262
  261.2721    253.85896   188.12338   117.76984   161.85518   217.54085
  222.18484   113.84421   109.22461   103.41511   217.4274    187.11664
  455.40735   177.84758   112.87176   129.972     132.07233   171.78459
  158.79907   241.37242   154.05257   157.42351   251.71063   156.3346
  116.73754   192.73622   333.55856   128.46626   192.5541     70.93866
  107.44308    89.82752    98.53363   396.11447   163.47237   213.57848
  141.45575   323.9321    114.67546   109.436714  255.3065    120.95691
  137.3695    300.2407     88.00352   158.84778   132.18341   187.84743
  174.78793   127.42876   269.15878    82.374565  161.00734   149.78638
  176.02283   122.74261   143.42543   135.80989   229.5318    188.20488
   82.44015   195.80711   359.56763   110.39655   136.98119   229.15067
  179.5768    247.86685   178.8388    126.73205   191.06519   282.49826
   67.44241   107.85698   155.45837   225.23145   340.89996   223.06699
  140.00798   143.05756   155.30434   209.89537   169.58363   190.26941
  166.7376    171.80374   141.61787   149.48505   162.62779   139.18552
  137.3614    152.30185   179.55289   355.9447    152.71663   120.96721
  125.256195  130.57153   109.38656   150.82195   286.7483    211.94144
  195.25848   327.15207   123.10588   170.2935    181.9693    204.51126
  257.97696    90.86282   337.50708   191.03546   114.34141   156.22897
  217.17159   264.64133    85.82992    58.575974  161.30437   255.64955
   87.27621   171.67612   224.4546    135.58755   179.25032   365.28696
  103.06992   221.95483   338.74295   215.8705    175.56908   195.81444
  266.4947    121.23293    96.46914   174.24292   195.1775    145.34308
  130.67151   174.37682   200.39145   147.32806   111.92201    63.889725
  365.62112   271.97733   111.57574   290.92917   201.06131   163.79683
  102.27397   233.6614    114.57605    79.86187    93.47729   395.80658
  118.14768   258.07257   367.25967   122.85101   139.66806   130.91948
  168.28595   190.64075   110.11607   206.70094   276.87296   123.776405
  247.77243   196.80804    72.95928   332.02576   110.49597   141.43054
  201.7912    261.87595   217.2828     95.83003   124.24403   295.10297
  127.74884   211.74199   307.6974    113.36319   156.99931   229.09912
  242.01982   158.22095   361.73032   115.87932   159.08752   228.88533
  144.96619    71.5173    314.91055   156.43169   130.44543   114.43352
  347.97632   177.67072    80.732445   68.06004   163.12265   193.15623
  223.16963   202.14777   113.07854    91.67709   177.70477   480.00232
  128.18494   146.65097   509.26608    80.30771   100.68114   217.68317
   81.965706  196.86449   163.4311    185.37968   158.78314   155.14104
  169.44403   189.76993   149.53194   164.02003   261.2105    302.68
  241.19446   181.5555    217.7213    171.43477   123.639496  279.3697
  137.79782   152.13106   212.90543   179.62006   106.965836  175.6868
  146.70335   380.21667   143.72418   167.90082   118.28879    77.15651
   74.55929   170.36243   139.9799    139.8895    203.7265     55.979546
  204.29439    87.165054  148.51553   156.53659   227.82047   218.12277
  227.04768   196.11554   335.76346   119.98728   175.24551   420.7905
  113.27749    60.404842  228.7617     99.40091   290.17642   174.26634
  350.5716    105.81842   233.09901   230.61499   221.01282   205.75703
  287.853     181.62688   370.01617    83.097115  110.20582   165.45189
  120.16009   298.19595   167.00064   150.43327    73.61306   181.807
  184.11404   180.97101   184.04312   122.826225 3127.517     279.4292
  208.29872   154.92776   113.63685   111.50191    77.272064  254.29146
  113.089134  136.44638   146.39029    67.064445  130.26544   238.85666
  104.12039   351.98712   147.18251   214.12238    90.219925   79.376686
   63.824757   81.24019    95.11078   209.94443   145.67921   285.93423
  108.96288   247.41458   179.10028   152.3656    157.87146   137.07747
   46.230957  162.48976   167.05867   162.71252   178.57709    75.6497
  218.33017   106.40773   259.89297   114.84552   220.75223   273.20764
  115.66234   269.74567    83.96186   105.14298   215.37244    87.970924
  234.8047    127.51868   144.21521   186.24474   109.31028   144.33302
  163.3853    302.53546   157.79008   257.6288    206.98013   166.2559
  302.9667    275.8737    209.66118   160.55748   329.26752    68.831535
  274.0296     96.381775  252.1464    253.04808    80.451164  104.71771
  174.17355    90.52997   243.05598   115.651085  215.95535   233.51416
  248.2867    106.873764  100.5928    244.46425   157.74165   201.06575
  209.70847   169.15053   106.754715  114.674194  124.53072    70.183525
  222.6979    125.74783   189.3406    332.50714   280.93982   175.39304
  155.43398   368.75253   268.9432    148.0571    174.35707   188.66924
  225.78903   241.80367   163.90666   153.05914    72.04857   114.89956
  237.05812   189.53564   220.33383   196.04567   112.81704    82.50763
  239.07892   150.92432   132.21118   217.49573   133.79152    89.15754
  141.07329   174.11287   160.33362   170.52008   206.70631    86.10661
   84.15863   462.68497   188.76648   256.31747   188.35564   194.78842
  103.68812    66.27453   289.68027   356.34537   288.29926    60.719807
  213.72795   109.36657   208.1372    253.6409    155.32074    97.47138
  143.56808   109.82321   180.89261   106.72204   192.95361   270.78833
  147.14291   122.76535   117.637825  220.65347    90.2696    171.00658
  134.94324   170.17787   207.45218   250.69066   102.25123   197.80016 ]",0.44837123540258145,0.5858223596427599
7,2050,Transformation_Matrix_W,"[[ 0.12184826  1.9522016  -0.0463529  ...  0.2675012  -0.55357844
   1.0423895 ]
 [-0.57241976  1.3405316  -1.3065567  ...  1.4384392  -0.4751198
   0.69460756]
 [-1.8195921   1.7626829  -1.3810524  ... -1.2732202   0.8980297
   3.5953755 ]
 ...
 [ 1.0642366  -0.7970514  -1.0704606  ... -1.9393246   2.64682
   1.7573845 ]
 [ 1.2215519  -3.0697253   1.2781738  ...  1.340849   -2.0226314
  -0.61284363]
 [ 2.3250828  -0.4780125   1.2086451  ... -2.7310522  -1.7034384
   1.477635  ]]",,"[ 172.89844   244.47049   127.72292   159.8805    142.45506   168.41858
  157.06786   258.503     118.67687   324.89975   168.1922    189.43924
  304.7176    172.19772   159.56952   246.80931    78.088875  112.506
  180.99954   122.69675   244.15521   202.65204   134.94363   154.90175
  208.3245    307.33875   183.41577   140.889     137.58656   190.32317
   68.31712   201.27829   255.81616    92.123856  160.14037   229.32307
   92.53773   102.9084     85.55935   178.15536   164.96176   173.89722
  124.99008   131.08093   103.93057   176.79921    90.57406   197.30876
  185.64622   166.51073   135.42331   125.44119   254.59401   141.67035
   81.95295   102.129875  115.0339    142.45926   241.8592    320.16132
  156.3327    260.09048   132.04628    96.4911     61.81654   160.52539
  154.13782   200.80476   369.05515   163.35925   290.61914   250.12396
  143.62453   110.15535   138.28067   183.40143    84.2447     94.65678
  224.44212    92.30828   128.28802   212.37636   129.07216   212.60393
  153.13516   416.46176   346.06332   131.0568    106.14523   198.2207
  135.10814   133.12321    92.946915  142.1824     95.27049   166.30434
  107.40659   171.91312   138.71434   165.16568   268.98523   302.72495
  288.95578   158.31691    97.81206   336.03558    68.47436   335.76505
  128.39821   135.54048   203.90222   155.98294   166.13553   148.24477
  181.41534   177.09964   273.38116    76.90757   149.09723   260.15182
  107.55184   246.04707   108.37503   158.16234   108.59856   102.494415
  142.25417   129.93823   137.68279    81.751854  105.471855   63.354504
  326.76437    96.72859   109.72008   140.11104   152.40314    84.97373
  132.65936   117.37473   121.25213   160.70992   368.58893   126.97348
  327.53674   231.19896   336.09766   121.578835  241.19666   223.98456
  120.49747   212.06186    70.08927   253.21344   126.798485  221.09877
  163.28166   176.31787   177.35735   166.7913    218.45866   154.7325
  170.07053    73.52342   118.77272   109.40979   140.06352    85.52601
  206.59143   166.68684   173.01163   142.25291   141.78723   141.50983
  193.37132   223.9515    388.62698   228.92458   149.63637   247.09692
  178.83446   255.37894   221.04704    69.3623    104.868866   48.037075
   50.418118  160.75923   167.75003   154.17032   207.59541    42.132515
  112.72363    81.39214   149.74646   147.36832   182.95038   278.83173
  153.96133   264.6952     87.076294  155.2125    165.38187   223.87155
  276.65247   158.34914   185.0503    207.27765   108.30037   203.05661
  224.28708   203.17825    62.301537  112.84668   195.48503   132.47511
  151.29874   193.19496   129.94797   157.00319   147.87619   218.67052
   85.987854  180.09232   264.20532    56.52908   187.64879   154.88577
  144.55649   126.9405    413.83075    81.32936   244.15207   161.62236
  238.21461   112.233765  246.83836   143.55069   108.4943    159.01709
  132.5051    150.83304    73.98291   156.43517   145.86888    74.97816
  114.08126   242.0027    249.5095    148.0298    287.47034   103.29451
  101.84879   102.226234  124.25161    55.64751   139.53343   203.55531
   50.60703    69.021996  202.16022   291.73483    91.956924  121.12167
  293.97592    91.46951   149.23247   111.94817   148.4202    148.57542
   93.91759   215.30621   378.2908     77.29882   149.70483   115.78149
  127.53732   148.89018    96.92035    96.61357   235.7458    210.2989
  327.71805   277.61182   122.635216  213.08936   193.30952    97.46013
  195.02176   202.85487   310.8768    155.97743   243.35144   371.26035
  175.87892   136.91467   250.81041   227.48735   285.85358   169.44373
  123.74474   176.34494   139.09651   158.22794   180.12743    76.28028
  163.88162   197.34358    74.08968    77.926674  205.79413    71.6712
  240.46368   232.92818   176.90082   108.90591   152.17911   192.34546
  203.80869   110.3665    104.5284     90.37578   201.60849   175.89267
  413.11493   163.58386   106.58402   124.61564   127.85075   152.66478
  156.72559   210.39107   140.17195   142.8129    221.11288   145.11368
  109.35882   174.76105   298.2228    116.82848   182.81546    70.49684
  102.998344   80.92751    88.85874   372.57364   154.76189   198.46376
  136.14748   292.61377   107.74781   104.63506   255.79585   108.35225
  125.24634   282.1834     83.95272   148.47975   128.07756   167.13997
  163.50317   121.10558   237.548      81.25403   150.0628    137.12785
  165.34976   121.8891    136.14252   127.282005  217.8622    171.0957
   80.90433   174.56229   321.5977    104.114136  124.490395  201.74237
  169.34978   225.25336   154.17355   116.562256  193.18387   254.67644
   63.843685   98.74391   149.45288   204.74466   315.03287   218.16039
  131.04042   141.79305   145.54272   192.59842   160.71509   177.6356
  161.5327    154.7925    135.14134   149.40408   157.52576   136.62512
  129.72736   144.29854   166.27553   343.9347    140.81535   118.45446
  112.40462   118.65592   100.13022   146.93039   269.49713   210.76726
  178.73465   289.0264    111.842476  147.03835   170.29648   197.68779
  241.20502    91.465576  297.913     184.93593   106.688675  149.26027
  200.93643   228.20667    80.43421    54.929016  152.21904   247.71542
   81.09463   150.14859   214.59688   130.55396   162.94601   345.6456
   97.07098   210.98026   337.0369    198.22752   155.06844   175.23213
  241.65019   113.88807    94.83809   158.65569   190.23505   144.39337
  122.359406  160.69919   188.40042   138.73708   100.793015   62.02123
  341.42325   251.47617   103.1247    267.43213   180.05916   155.53908
   97.21314   214.41064   105.17817    76.46637    88.046844  362.038
  110.054016  250.09074   347.36078   109.57426   130.31506   127.29688
  155.47134   180.31401   100.75388   194.1619    263.19553   113.00781
  209.3327    179.61694    70.79715   278.7929     98.01228   130.4817
  194.66821   238.15765   203.62656    84.97972   122.08353   275.518
  113.65321   195.7905    265.57312   105.56102   147.18367   212.4417
  237.23476   139.73921   353.08197   113.28755   154.82434   209.21378
  134.83498    65.46566   298.52383   145.1891    118.73732   106.187164
  312.88177   160.03893    80.93859    63.213444  153.78471   177.9217
  191.25282   184.08344   112.480965   87.285355  162.22522   445.29453
  119.040085  123.9761    480.11954    70.22128    96.16766   198.4531
   75.16597   185.3813    155.76524   180.7958    151.31      142.40231
  160.33081   170.87332   142.23125   153.76898   235.69646   282.84485
  223.96054   181.25548   205.9757    158.61862   112.864006  261.8426
  127.07451   144.3985    205.8398    171.2439    103.516205  166.46751
  138.32314   355.41528   125.472534  156.1285    106.1303     72.213615
   72.727806  145.68108   127.36846   129.28752   188.45923    49.808136
  191.02667    81.76      141.7211    144.90341   218.76491   209.21422
  215.30344   175.80826   309.47604   110.33608   157.86829   383.02792
  100.20148    58.341663  205.15216    94.262856  260.16025   153.2805
  322.22626   102.617256  214.67155   205.97325   208.72401   189.71361
  276.15738   175.29938   329.2184     83.20604   101.81384   154.43271
  112.01151   284.70288   150.2075    134.61723    72.18332   173.226
  167.5327    179.05269   171.98372   114.94509  3024.1665    261.21808
  183.60623   145.85072   109.35025   105.151344   74.79684   234.25233
  109.30254   128.89374   133.6707     63.287495  121.42453   226.26596
  100.557236  321.3728    132.5591    207.98727    77.0304     71.60689
   60.500423   80.73674    86.12751   200.0222    138.84506   274.1296
  101.96008   217.19928   162.99886   139.68625   153.08055   134.8278
   45.319126  151.11978   161.62827   152.52525   163.73218    71.338394
  201.09996    97.77235   247.90215   105.00879   205.05542   254.2213
   99.385345  248.75386    81.201065   94.009415  183.07405    89.83908
  214.10866   118.16301   133.73347   179.88649   103.678375  135.13591
  153.93652   286.3537    152.9964    230.62498   187.31296   157.03297
  266.78366   258.1832    201.17276   154.53722   307.41296    65.37079
  258.16833    87.810005  242.18947   236.31015    75.423256   99.87871
  159.36012    82.527626  220.36261   103.75005   204.606     211.91269
  226.26178   103.16539    94.58296   231.17673   146.00906   191.47023
  197.08821   157.29268   111.108475  104.84489   120.94932    64.17368
  209.81998   121.04477   182.40091   305.97546   266.56888   159.37209
  148.33414   342.90042   236.52197   133.7281    157.38615   184.28355
  210.58415   227.63245   152.3214    143.42651    69.517204  106.39528
  215.22385   167.9594    205.75063   181.54074   102.4119     81.62938
  233.29694   139.37602   129.53612   197.99626   120.77917    84.26233
  134.59167   159.33951   143.37558   156.871     193.65689    82.674576
   77.90228   410.34262   184.30673   232.49533   181.7565    188.82452
   95.846245   62.957092  258.56708   323.25043   258.80496    57.027107
  194.02805   107.215294  188.01883   244.15208   148.05762    91.63553
  132.29672    98.53782   171.04045    90.00129   173.24011   253.61485
  149.58221   117.90029   110.82003   206.00032    84.27786   169.04744
  132.09692   153.32378   199.13574   231.01086    95.39355   189.04547 ]",0.5109480639213276,0.6172737014967334
8,2050,Transformation_Matrix_W,"[[-0.6223071  -0.02393647 -0.01140311 ... -1.2254014  -1.0094466
   0.70526046]
 [-0.2319905   1.7365556  -0.45745575 ... -0.8474976   0.33825597
   1.9414651 ]
 [ 0.11727651 -1.212701   -0.28251508 ... -0.32311612 -0.14455776
  -1.7045628 ]
 ...
 [ 0.5481114   0.1351035   1.3880681  ...  2.048588   -0.8547868
   0.17705758]
 [ 1.9201206   0.7766708   1.9528192  ...  2.314634   -0.37498724
  -0.06197195]
 [ 2.0494804   0.6403964   0.7468548  ...  1.2682952  -0.2261989
  -0.64418864]]",,"[ 185.16461   249.30426   123.94578   159.7671    134.93073   157.99474
  153.58966   248.30258   128.03397   320.82474   159.62239   193.70561
  310.2338    172.44669   160.2438    244.82231    72.038536  116.271255
  179.64056   117.92617   239.50832   192.8387    146.73332   154.41086
  211.55414   286.75452   179.2699    134.83438   132.8176    187.97253
   67.34669   203.38434   256.42056    91.50899   156.89601   243.22083
   89.29782   105.50447    86.21199   181.94974   171.4705    174.5013
  118.45606   125.16056   101.65066   172.60898    91.22093   190.81859
  180.61499   174.62317   128.93533   123.685165  258.91638   133.11732
   86.61852    94.78904   121.83867   141.588     236.73984   306.33447
  151.08954   252.40697   131.49635    94.59213    62.565643  153.16048
  146.45511   187.90343   341.35104   171.32013   281.85184   230.79968
  140.5254    110.67525   140.49086   184.70345    82.13819    91.613174
  221.68842    88.97778   127.597664  229.5903    130.42412   198.0771
  155.12311   417.0331    344.58136   132.3836    107.71842   201.34087
  137.97565   132.06207    94.48888   138.18976    94.611176  162.61267
  111.18051   169.0442    136.39114   159.29628   269.87167   304.47485
  291.49136   159.17513   100.07974   358.68246    70.65785   338.48895
  129.33511   143.60855   204.79715   147.44951   156.69263   142.532
  184.85358   174.84697   267.17255    70.32641   139.54668   274.98587
  108.22325   240.10574   108.63226   159.26897   114.95305   104.49875
  149.57349   139.31108   137.25659    81.4707    105.15075    63.92844
  305.45926    99.071266  109.80154   142.489     152.6747     83.73782
  145.79683   117.23427   122.63351   162.47316   359.83572   123.08082
  349.04495   235.48709   331.88754   123.30306   240.25235   215.18767
  114.1792    213.7066     67.376686  246.21448   132.33618   227.29109
  160.44995   180.57924   181.1694    161.93056   231.3315    151.99709
  163.92708    76.633354  116.36971   109.4547    139.5076     88.135704
  207.3746    163.00017   162.01756   143.45529   142.92264   144.74924
  189.1477    220.27396   372.4746    234.89621   149.5536    257.72562
  176.64062   247.03763   225.88037    68.73214   105.79317    48.157284
   49.51685   156.45497   170.3498    151.6949    201.32193    41.252518
  108.04107    77.6594    144.73048   157.67111   179.64688   286.23022
  159.03786   269.14697    85.42958   158.66582   167.15257   228.66357
  277.4668    156.8974    180.48973   217.85591   103.450836  202.43396
  228.0752    201.66478    64.073555  112.18226   191.43571   140.6061
  142.12584   180.19417   136.50053   161.44637   138.13307   225.44511
   86.66914   187.23468   258.425      55.477524  183.20432   155.11137
  147.55637   127.60662   408.02798    81.775215  242.22253   161.8097
  242.94485   114.5815    242.6189    137.71147   105.8797    151.80452
  132.0269    151.70491    75.40003   146.34053   154.99062    71.22338
  116.07248   227.45752   258.41202   141.68372   295.57407   101.76762
   98.42902   106.7249    126.57232    52.784313  128.94893   195.98314
   53.214783   69.88024   202.12679   269.1898     95.70419   115.93794
  293.6414     90.53583   147.66846   109.65553   153.83365   154.98412
   99.57659   217.06258   373.08118    81.2481    155.91917   121.18099
  130.06387   144.89742    97.21793    96.97981   225.3462    209.13362
  321.12827   277.48294   123.91188   213.09087   181.95506   103.88874
  195.69504   200.64977   302.9341    157.93001   240.89081   386.09198
  179.22415   135.26659   247.73894   229.06975   286.9588    175.01572
  121.56951   172.39822   141.30226   160.60934   182.02693    75.07167
  158.80386   181.80026    70.274635   75.23247   209.53073    69.62315
  245.59148   232.66922   179.33635   102.855484  156.28455   188.559
  206.68817   117.13809   107.65881    92.6097    185.84692   179.73329
  402.4794    156.58504   114.813934  124.89288   125.98161   149.50937
  167.16179   211.3227    138.8175    133.74811   215.53276   146.75252
  111.16825   175.9422    312.64792   114.06806   198.85722    70.65923
  103.479195   79.3122     91.16189   340.88223   147.30344   197.28946
  126.66004   288.78345   106.51189   103.49682   250.90831   109.59149
  128.07872   289.54337    83.681496  144.13565   131.24358   168.30768
  162.8226    124.48901   233.88808    83.365944  153.20047   136.55215
  170.3663    116.24673   140.21503   124.754555  218.99573   179.24092
   76.651215  175.0497    308.45328   105.209595  129.06917   192.82285
  173.61446   213.3237    163.18573   113.1379    179.66713   248.86235
   64.61308   103.36113   149.16061   204.24455   304.99103   219.0931
  129.82034   138.33472   141.54272   186.71295   162.09605   172.58344
  157.78784   152.13728   131.67865   145.18039   148.50093   132.07631
  128.48781   141.17313   163.7192    349.8597    137.16196   117.67277
  109.26055   118.43526   102.19564   140.09789   272.4638    202.16768
  179.53236   294.13205   112.71033   153.83832   168.13667   197.95395
  234.59169    88.42596   308.25375   179.91342   103.578354  153.34067
  191.00356   220.93768    83.0518     52.573307  140.3094    236.61662
   87.98568   155.30727   209.60258   127.35057   161.75377   320.9215
   99.47321   199.921     334.2874    206.0836    152.47083   178.85829
  232.2543    114.489655   87.587326  157.22182   194.40967   138.20482
  122.54649   163.77661   177.17717   136.95486   102.788246   61.321674
  348.50812   261.7102    101.658615  257.6055    180.01143   156.19695
   99.27405   216.00795   110.246735   74.021      90.90557   378.4224
  112.56322   250.54984   366.90494   109.18761   129.74428   121.85195
  155.14532   173.85754   100.814766  192.52295   270.4698    110.304054
  212.85355   181.32668    69.46872   285.63263    94.15979   129.19058
  185.60257   238.19293   200.81348    87.05579   109.25188   267.9622
  116.43367   202.89857   263.46512   107.720116  144.56398   223.49095
  234.34174   134.36237   325.3882    107.07134   152.06512   214.34789
  139.37387    67.527405  296.98184   139.329     117.95533   100.02461
  314.10464   161.53734    85.60018    65.60805   144.9388    177.55249
  195.01143   188.42491   107.97944    87.140564  161.81638   424.15198
  116.59734   127.41288   479.17712    68.44865   104.061226  191.93272
   80.5806    172.77184   154.56302   179.19885   145.13538   143.52188
  156.42842   171.86848   136.2819    157.17421   247.9499    268.64755
  216.00081   179.98083   204.55342   165.81627   112.48633   259.23816
  117.51626   143.43819   212.95273   161.36485    98.80873   154.63022
  131.96216   353.18417   115.93418   152.65215   110.53518    66.37119
   69.22438   146.00891   122.21959   122.12989   182.00146    50.4151
  194.17624    79.65558   141.07655   136.51205   222.40479   207.69656
  213.3307    181.48076   293.52548   103.38365   155.79808   380.51184
   93.483185   61.606262  207.08017    90.55145   264.0457    155.75197
  313.5059     97.64103   203.01163   210.85898   200.47713   181.80167
  273.61053   165.46039   324.09784    77.75758   103.31213   158.31497
  108.18933   271.66354   152.57501   134.95792    71.10778   169.14256
  177.91824   173.6499    166.65201   119.397446 2817.9866    257.80585
  186.69435   135.8752    108.68178   108.84615    73.52801   241.05153
  108.910324  128.21678   139.69188    62.037457  128.95343   217.73114
   96.39589   325.05325   130.48479   199.63991    75.48866    69.96659
   61.338226   81.11888    87.60653   190.59842   131.61716   261.26245
   99.68864   230.37746   161.30269   134.92607   153.47157   138.17166
   44.76704   151.39476   163.1099    147.65808   164.08212    70.15558
  204.9051     98.35796   239.26453   108.44934   212.36348   254.90944
   98.161736  248.09251    84.50528    93.336624  186.86772    84.214386
  213.36113   120.438965  128.28735   172.97308    97.32157   142.67645
  156.15654   274.4278    160.20059   227.73349   179.265     151.77684
  271.33356   241.2397    199.53047   155.73935   316.79282    63.583477
  255.43855    86.33195   241.63591   249.65398    74.36382    96.99409
  153.83676    77.58548   221.86835    95.705956  190.89581   204.25917
  225.30424   103.491905   90.63143   220.03716   157.98033   187.49232
  196.32195   163.46294   109.4431    105.67748   121.68848    64.53968
  206.2788    119.91397   170.13718   306.11023   248.54094   164.2655
  140.4646    345.57468   242.64275   127.32445   158.79839   179.62297
  212.03279   227.59755   150.38155   139.81516    67.39613   111.33323
  210.529     162.22208   203.3468    181.34834    98.43716    79.82643
  228.28874   144.2278    125.0099    206.98332   124.42127    84.63094
  132.0558    159.74289   133.3109    158.99718   197.05681    82.36626
   77.265236  406.07874   180.47345   245.70964   173.13895   183.37155
   93.33973    64.61522   239.47237   321.56625   244.85562    57.990124
  190.51048   109.51331   185.55315   227.94655   144.22066    84.4205
  138.8092    100.2254    162.43642    91.85181   170.49509   254.50038
  152.59839   113.74848   113.392975  212.90211    82.06716   153.99991
  132.44089   154.35141   188.47969   220.60756    98.62216   179.28238 ]",0.5145974185617701,0.6205406669316772
9,2050,Transformation_Matrix_W,"[[-0.05803284  0.8718171   0.040176   ...  0.43260425 -0.07564053
   0.0739806 ]
 [ 0.40829268 -0.7807938   0.4482618  ...  0.77068853 -0.17969154
  -0.51721483]
 [-0.23087487  1.4327037  -0.50879526 ... -0.5717948   0.81426823
   0.6051182 ]
 ...
 [ 0.9053326  -1.006317   -0.16343598 ...  0.970285   -1.2405033
  -0.22904585]
 [ 0.26985836 -0.47638324  0.12811586 ... -0.37429956  0.5266476
  -0.310152  ]
 [-0.42195505  0.3847915  -0.30083334 ... -0.5094855   0.28277165
   0.11325239]]",,"[ 179.91257   255.6557    130.99715   159.29216   138.29121   158.41235
  161.59853   259.1563    122.31182   332.07895   163.50081   200.19402
  293.80975   183.55699   164.62497   252.013      80.58079   114.84277
  180.4671    120.04538   243.97295   201.13316   143.28944   163.61583
  219.70888   300.8938    182.67833   134.8544    134.44427   198.47926
   68.487366  202.85095   255.5757     98.406494  171.18398   250.54286
   94.82679   107.66957    91.32442   185.42412   175.48651   179.10643
  131.05309   132.77962   101.943565  179.19365    94.60839   194.16745
  199.19792   176.72928   135.8498    128.5833    250.988     140.12077
   88.81567   102.27544   121.76427   151.64142   238.85591   336.73956
  157.36412   265.99826   132.56296    98.31356    66.993355  159.34622
  153.49716   204.38898   373.54053   166.16908   297.48816   241.67845
  148.94102   119.38505   146.73083   184.19342    85.622925   94.78406
  226.28004    90.73265   125.21496   219.68445   131.60051   199.68497
  154.71469   445.4166    365.02368   146.89722   108.93026   206.2748
  130.94572   133.86015    99.382126  142.55974    98.62656   169.56778
  110.31275   178.92503   143.87221   167.26149   281.68997   322.45996
  295.158     173.05774   101.28489   367.37042    75.02912   364.3416
  131.04659   143.05486   214.4282    152.27084   165.91096   140.684
  185.02296   178.69882   278.81125    76.16919   145.36194   269.8323
  110.06884   240.6266    107.500824  160.08894   108.17504   110.78574
  144.85043   142.93073   139.03014    79.508286  111.04318    62.867596
  321.03873   100.43611   110.323586  139.8745    159.84157    87.98414
  143.87434   117.537186  123.69643   156.65651   371.97906   135.36736
  373.5176    237.42729   348.7954    123.16245   245.37721   218.2255
  117.47533   203.9565     69.80099   262.66812   136.22034   237.00647
  171.96619   182.88477   182.03748   168.69455   226.44421   163.06581
  176.54604    76.498634  120.570244  110.76177   144.52606    92.912994
  210.06418   181.57141   159.23997   147.46657   144.36546   150.6259
  196.42322   229.58513   382.65378   235.64787   149.2767    266.3739
  188.07184   266.80966   238.21103    69.11544   105.99971    49.957
   49.96674   154.84624   176.7768    159.8818    205.63998    43.745335
  115.59342    78.255295  149.94257   158.79019   188.24734   301.9297
  167.63272   286.10455    87.51143   163.9077    167.3366    230.71936
  282.8663    164.70323   182.5868    229.50641   108.0285    216.09572
  227.19928   199.95482    64.3644    120.90311   196.59154   143.36351
  146.72786   189.39812   137.49657   168.51595   145.9072    231.20476
   91.0623    185.94562   255.97775    54.650547  176.5562    155.8064
  153.40358   133.38396   413.52325    83.49172   244.18666   170.61823
  241.77145   122.855545  251.57866   140.09343   110.340965  163.23856
  139.41656   155.14003    74.25865   154.75458   153.32474    72.29125
  111.02793   239.04164   267.4286    152.4851    281.92947   100.807335
  102.50217   111.24903   129.81168    55.785103  131.09554   207.5659
   55.589405   74.29313   205.13078   277.40753    96.881485  130.16539
  298.0982     93.58843   152.26985   115.41607   150.24706   155.99637
   96.431435  223.18488   393.58093    85.75679   158.40556   117.07182
  130.4789    155.76      100.68638   102.47231   246.55211   206.0551
  331.2449    305.5311    120.78676   223.01947   193.2506    105.03504
  202.17538   210.99805   313.323     157.27959   259.29196   385.61346
  174.06044   144.8811    244.10745   236.02275   303.2649    173.70847
  134.16171   178.22903   153.43466   164.76521   182.0105     77.879944
  159.92162   189.58418    80.10262    76.387085  219.77553    69.83815
  244.94437   230.58618   189.25574   109.7452    153.74066   192.51588
  213.14658   116.42722   107.871574   97.05719   194.48169   175.96254
  427.77686   163.53856   113.21929   125.85911   125.79729   157.9532
  162.8591    216.30429   146.70924   143.45042   229.38113   157.27226
  112.86452   182.56071   310.27887   120.973045  189.49847    70.115944
  106.81162    82.24345    88.96785   366.4686    144.08685   208.77313
  132.1647    313.68774   117.79564   112.033875  255.04076   113.76148
  127.09153   296.88254    81.83401   151.58177   132.84012   179.08353
  163.39766   137.14622   239.34622    86.846504  158.29332   134.36826
  171.80093   121.32525   145.51265   131.863     212.1472    175.43993
   78.62871   179.95209   314.8336    116.58664   129.08607   194.404
  182.81491   221.17984   178.65852   116.68117   185.82866   275.04376
   65.37758   109.2308    146.80505   212.41663   313.92938   241.10652
  134.75838   142.01189   143.51857   208.5166    167.13261   183.4489
  167.55234   160.27359   137.5974    155.58188   156.43257   136.40501
  134.70654   146.34256   164.12387   340.9475    142.57982   123.2531
  112.19698   123.125145  104.02636   150.79668   275.8681    209.7871
  182.25569   290.56137   117.09013   165.81052   172.13177   205.04016
  256.23355    88.99619   314.7297    181.96136   108.38171   155.75784
  206.00462   237.61795    86.94417    55.852406  157.67921   252.96724
   84.413475  165.48608   205.44379   130.29747   161.0836    336.42233
  103.258575  206.33867   343.50174   205.01503   161.98277   174.72049
  256.7571    116.72233    92.76112   155.90948   204.07991   145.68645
  126.43151   159.23837   185.49927   138.15976   107.61314    61.055637
  355.35626   256.05975   105.85468   266.27463   186.79504   155.73558
  101.05026   222.6837    109.80406    76.806145   94.90126   371.87006
  109.85791   252.18103   367.50705   112.018845  133.17169   131.0809
  163.66298   176.38983   100.55706   207.78514   285.85907   113.41775
  224.75945   182.02853    65.98802   290.30307    98.38163   128.8803
  192.51315   243.40486   195.47513    89.49059   118.61827   266.33743
  123.46138   200.64088   285.06747   104.85853   148.58266   233.69484
  243.16557   137.92155   330.41922   110.31281   154.28773   222.65411
  138.33119    71.0063    309.2076    144.97615   125.67973   101.25049
  320.5699    173.52925    86.675896   67.56254   151.77788   185.58049
  202.59067   189.04527   117.05314    91.32718   168.90036   437.7381
  118.186066  133.83235   490.2918     70.17549   102.94147   196.23697
   79.255104  177.74893   159.12105   189.5986    155.65712   147.60541
  158.98746   177.75127   136.83835   157.00644   256.8141    280.38553
  229.59184   181.22229   205.53362   171.5322    112.84587   274.79776
  126.533936  151.0443    212.27118   166.33885    97.6317    156.23395
  136.52705   362.0189    129.20273   157.16977   116.76226    71.766045
   74.18898   152.69716   131.52481   128.99829   187.83788    52.262634
  203.72379    82.476456  148.72629   148.69415   214.03783   216.93634
  217.14415   189.241     304.99655   113.17888   165.4938    378.31494
  102.46207    60.04154   223.64975    93.56103   275.63016   165.25769
  323.40253    99.00661   203.06516   207.32607   214.40588   194.87245
  281.48474   164.96507   362.4282     79.12176   104.40463   159.05867
  108.79664   278.21127   153.70892   130.75143    76.516716  173.2907
  186.26942   176.61732   172.2913    119.36825  2850.5547    249.55804
  186.2373    147.64595   105.4972    107.26683    75.81328   244.31003
  115.79869   137.10608   132.68365    61.341988  126.1789    218.9047
  103.07936   343.21225   144.26175   203.02419    80.56634    74.97362
   63.230778   81.45859    87.77376   196.00491   141.19884   270.75616
   99.817184  238.74588   167.88869   140.3238    155.02231   139.40941
   46.169403  159.60152   169.29358   158.25754   175.35522    75.09637
  210.60576   101.424614  235.79767   110.08232   218.90652   254.51277
  100.34667   243.54193    82.96686    93.961235  181.81546    93.11629
  232.37892   127.69598   133.47382   182.12529   103.253456  140.32503
  157.79878   286.4454    154.94878   239.92033   189.19493   153.62822
  273.3193    252.0468    218.987     157.7747    325.71786    64.427086
  270.8212     89.05012   241.2005    251.21974    79.36165    98.60453
  163.60118    85.380974  235.14867    99.71754   208.07915   205.756
  227.63806   103.73687    93.24003   231.58128   152.28848   183.77576
  198.16322   165.52785   107.89716   110.92673   120.77823    66.20348
  227.1643    126.16861   180.97751   310.55118   270.34116   170.87433
  143.04991   347.52423   263.95517   133.43051   168.56812   191.82704
  210.04767   240.67285   155.36278   147.94286    70.351105  114.31047
  207.25882   178.67834   211.12799   187.95233   101.606834   81.692825
  246.1664    145.81099   131.31497   202.5105    129.08542    87.02857
  136.65211   166.562     147.01555   165.78508   195.07564    84.63983
   84.653275  426.69073   189.26279   232.21933   170.8652    196.08043
   97.780815   64.82742   258.71588   336.25415   261.7866     59.61059
  199.80568   104.71274   192.45284   229.41995   147.21002    89.18388
  137.13788   107.02217   168.93556    95.4294    171.52052   262.41034
  150.69102   113.417175  123.1002    205.01027    89.89321   158.08731
  133.5533    159.92624   185.24402   241.68747    95.17055   183.64749 ]",0.4928165334972342,0.6076824218400866
10,2050,Transformation_Matrix_W,"[[ 0.5120697   0.19023287  0.10123456 ...  0.8328258   0.04485402
   0.5691666 ]
 [ 0.16463444 -0.22334862  0.38654786 ... -0.43613458 -0.23847093
  -0.91771394]
 [ 0.43344173 -0.09127682  0.7654553  ...  0.84685475 -0.3040742
  -0.15375398]
 ...
 [-0.03208075 -1.3333048  -0.15058495 ...  0.2036238  -0.4688716
  -0.24070962]
 [ 0.7206379  -0.14052849 -0.22248013 ... -0.80279     0.9320727
   0.20801477]
 [-0.372763    0.11261703 -0.06507234 ... -0.6908192   0.17627056
  -0.46960106]]",,"[ 186.73466   261.2116    140.55031   168.26416   142.40544   161.22551
  168.03082   269.73425   126.31865   327.6075    166.3102    203.34993
  308.91333   186.35301   165.08647   262.74158    81.9884    111.8783
  181.73543   127.60273   263.9781    209.96364   152.05522   163.70717
  220.86163   303.1142    200.11699   148.80891   140.15431   201.96063
   71.17183   206.83047   256.1217    102.095634  172.88521   255.91394
   93.125656  106.98763    94.387886  186.92303   178.53535   194.16353
  136.26633   136.65715   103.849106  189.32721    93.43094   201.14842
  192.86646   182.62138   146.04257   128.70251   262.89975   145.18585
   86.684135  101.7866    125.37069   160.71648   235.13934   320.71872
  160.49199   266.5876    144.89638    92.12825    65.72787   175.56548
  159.93451   216.67934   392.18744   182.34727   310.89954   254.93065
  147.4232    123.833885  150.72989   200.34502    86.17329   100.528725
  233.09818    92.82589   125.32492   228.01595   136.14592   205.82738
  156.2737    475.2576    378.1628    153.51555   112.151146  208.361
  133.48058   144.98125   104.07972   156.15353   102.07063   166.77591
  118.717766  180.40283   154.89125   171.12933   283.9574    321.38974
  319.32675   180.78212    95.85774   362.1394     73.58511   383.8217
  137.00426   145.65416   224.07362   165.78522   168.37006   150.70976
  186.92075   180.87999   297.4458     76.63387   152.60963   287.54037
  109.51295   258.1383    111.97817   163.85672   113.03815   112.610825
  149.15776   148.66849   145.73312    83.21302   114.54572    64.52631
  319.19794   103.22048   113.83996   142.85765   165.75783    88.45386
  151.23582   117.26728   128.30505   171.97162   384.8177    136.04942
  375.19913   234.29855   328.7785    125.01836   261.4541    232.03532
  121.71852   214.12776    72.936066  270.83908   139.7298    225.91081
  168.08765   181.8407    194.89056   162.10048   236.91313   156.17583
  184.78369    75.73306   128.1819    112.50875   142.17319    96.33407
  210.24834   185.71227   155.54636   149.23859   142.42831   147.20096
  206.81508   229.69118   387.01907   240.20355   157.23012   272.93762
  182.3612    260.65176   231.30124    73.630196  104.71662    50.31299
   49.08118   168.53746   182.99297   162.98825   220.39398    45.029903
  119.71815    85.43505   151.64899   154.81201   191.57872   324.27267
  168.97325   293.06055    88.12011   161.61227   161.69568   241.48889
  295.7127    173.14      194.00449   232.98332   115.22552   224.7148
  250.09233   210.14969    68.099686  125.734985  203.26811   150.24796
  154.74889   187.017     133.72772   168.55157   152.25949   240.72632
   91.002716  199.43524   281.7801     57.818634  182.94415   164.38454
  155.4063    138.64018   440.92743    84.73623   256.10672   169.08707
  252.71819   131.25104   246.68307   148.78905   113.271866  173.00407
  137.10947   157.93051    75.63992   161.47823   156.56367    74.460625
  117.43633   244.22276   263.9506    149.92279   302.02914   100.859116
  102.52188   112.6879    135.22948    59.382587  136.64883   214.20856
   54.78921    80.89613   200.0047    299.04608    99.07389   127.88151
  305.92316    94.22745   162.12955   123.90519   153.58696   157.0294
  103.932076  227.83669   403.86163    85.7475    164.48317   125.92968
  134.41562   163.49927   104.604095  109.86549   249.79996   212.97818
  367.10797   312.92905   125.0841    216.94685   192.22389   111.68888
  200.05165   207.30704   309.43555   165.66362   271.04187   381.7674
  183.63802   152.29358   245.92296   238.61859   314.64734   180.15213
  129.1239    177.57544   160.36838   173.19801   176.76534    81.252464
  162.2956    197.51051    78.676445   79.23065   212.9919     70.39756
  239.76477   238.08073   196.21803   113.01817   157.67769   191.86815
  221.82872   119.692856  111.797104   96.68744   215.42732   177.70506
  421.6824    166.18916   118.01562   133.43169   127.36468   160.86531
  175.65811   232.14944   143.80475   149.02719   240.10403   161.09447
  120.00409   188.1164    306.5875    120.87117   195.17432    74.18614
  106.25946    84.25183    95.75231   374.13425   148.49149   212.24405
  140.08328   318.10248   118.05426   113.104126  277.42715   120.04496
  126.942955  296.18277    88.20702   163.96913   141.11563   189.90178
  172.44801   140.97424   245.36551    88.97025   170.50266   138.68213
  166.77528   127.09195   147.75032   131.84903   220.2057    184.58502
   87.21533   189.4517    333.7901    123.134796  135.82356   194.56754
  181.35754   238.21492   172.23111   124.88842   195.77705   273.09116
   69.87157   110.56295   159.35623   225.85565   320.4706    254.15733
  141.05872   148.2729    157.52779   218.68826   176.66248   188.84433
  179.02075   158.26456   143.8371    159.9578    163.84674   145.46631
  139.92645   153.14452   166.29947   352.7053    154.60081   130.189
  118.81127   125.13653   107.97994   154.20221   282.9563    212.3437
  190.60965   311.4782    125.73979   162.98596   176.39381   213.5393
  260.59073    89.50123   318.722     188.6741    115.49499   157.60876
  214.6103    250.6388     88.983215   59.32851   167.06625   256.72437
   86.68145   163.78061   216.8801    139.2175    167.78595   345.96246
  106.639275  216.39137   355.8518    212.82314   165.44942   186.19113
  262.81332   124.4843     95.948616  172.40149   209.46538   152.28485
  134.01472   169.3602    192.57217   139.36472   115.20542    62.632225
  372.5192    254.90038   106.45103   276.92874   195.20721   160.4058
  102.29949   221.01312   111.63757    78.942085   96.10451   378.8043
  116.369606  264.47556   371.22913   116.1342    130.85104   140.32921
  167.46681   188.61087   103.9306    215.26146   297.59006   114.34255
  227.40286   194.36964    69.65581   301.81464    99.703094  132.30463
  192.8986    246.09142   203.97456    95.1466    120.379555  297.28836
  126.87261   217.29605   277.50424   112.03808   152.54636   246.49466
  258.57968   142.04022   361.41412   119.98086   167.83873   236.0157
  137.98616    72.48431   315.3131    143.53188   124.80393   106.956505
  328.39258   173.58376    92.48948    65.41036   166.02443   187.34528
  209.44211   194.41415   118.37077    94.54487   179.04277   479.34042
  124.57832   140.76358   491.97952    73.728966  104.834045  192.0172
   82.19322   180.91536   168.34674   183.27179   160.30794   148.52156
  177.05379   179.59985   136.69272   160.70181   247.42264   294.68915
  244.03723   185.3463    210.29239   170.49408   116.69395   286.06076
  127.74639   161.46368   223.40997   182.51054   106.75557   168.26967
  138.74724   369.88754   129.33452   164.05484   115.65676    78.57836
   74.80747   153.95915   134.31798   133.25546   187.22049    55.853607
  201.24791    84.85315   156.1745    153.21988   224.75436   234.84082
  226.73964   181.59917   310.65686   117.44762   168.82019   371.9167
  102.1259     63.610523  226.30919    99.755295  273.96124   171.87468
  335.65073   104.039375  207.73857   214.8063    226.11182   199.91989
  290.205     178.72795   352.14706    81.97634   108.074905  164.63663
  113.03213   293.18887   165.58177   140.97784    75.762665  177.44917
  189.32672   185.14505   172.62454   119.11013  3103.3987    263.52963
  194.30412   153.08504   108.11603   113.00922    80.93041   256.53406
  120.29909   141.42465   141.97359    63.437252  129.8579    229.30344
  106.61819   351.21063   148.47351   216.2506     89.32034    75.24284
   66.14264    86.37655    89.80604   207.54349   148.17154   278.48682
   96.07162   255.62538   181.40443   145.96991   150.48203   149.2762
   48.342125  166.77666   173.48282   161.93161   182.42651    73.79938
  205.92862   104.945206  246.99911   107.93819   222.95995   275.4437
  102.66758   250.10464    88.591225   95.691666  183.14476    96.97518
  235.07033   128.71194   134.82008   197.05501   101.26239   141.09268
  161.21866   299.48306   163.27362   253.29688   201.51941   170.70697
  297.72714   262.12912   231.59341   154.45564   327.59308    63.369835
  283.85144    95.16872   258.83984   250.00578    79.58316    96.97103
  171.02832    92.24762   232.68611   100.49059   217.3785    207.22942
  231.83682   102.534195  100.796196  252.16878   160.85443   191.13254
  208.66295   172.28703   119.72793   110.93396   121.46677    67.26524
  229.09601   130.2056    190.67703   321.5495    283.3942    179.10635
  155.02818   377.8687    253.93216   130.23125   174.73746   209.65219
  210.0336    244.66226   164.51334   155.41049    70.73586   118.298134
  217.4274    184.89075   226.12445   194.53838   107.63127    90.93428
  258.74814   149.41597   140.48793   201.48582   123.95764    91.94036
  142.84436   175.28554   144.26292   171.02747   199.38977    84.893936
   88.94563   441.94122   196.15413   244.08813   178.39508   193.96771
  101.27769    69.05018   259.21967   361.91577   285.30014    60.92723
  203.64026   102.80296   192.39478   241.00139   141.77458    93.027985
  136.09213   104.571884  177.45589    98.62311   174.6123    267.14453
  157.72952   116.52171   122.91704   210.85597    86.50483   160.79619
  146.70026   162.51196   195.7558    265.22488    97.60252   199.0744  ]",0.45555470190534725,0.59228521878362
11,2050,Transformation_Matrix_W,"[[ 0.02066667 -0.08185806 -0.6239704  ... -0.44646317 -0.25702977
   0.4170766 ]
 [ 0.46115813 -0.21445157 -0.13462622 ... -0.4640794   0.06916305
  -0.36897147]
 [ 0.4366054  -0.7106707  -0.3402526  ...  0.00223477  0.24270438
  -0.3244085 ]
 ...
 [ 0.1233862  -1.0052158   0.03298932 ...  0.3798307  -0.37279388
  -0.48536286]
 [ 0.27989304 -0.0610629  -0.08374349 ... -0.5283652   0.22580442
   0.57967   ]
 [ 0.00752548  0.10377483  0.06848978 ... -0.30967042  0.11615488
   0.24327952]]",,"[ 192.72873   256.69727   135.0015    157.22365   134.18549   158.95935
  165.02032   268.5046    126.08279   315.64163   161.14511   197.74966
  290.29437   177.72545   162.60744   254.60423    79.26137   110.74505
  184.88802   121.415115  258.91174   202.88367   153.02393   160.28029
  223.18898   290.7111    186.92131   144.44435   135.6134    199.90005
   68.88581   197.42467   251.62949    93.75344   163.39851   246.50067
   91.90443   106.0605     92.328186  179.09232   175.23048   183.7954
  129.6559    131.70322   100.97657   178.2264     95.469795  196.83276
  187.63556   175.36127   140.51804   123.53317   252.4531    138.64934
   86.8716     97.26204   125.61293   152.96773   235.23709   318.26135
  160.23958   244.30598   138.39333    89.101906   60.93634   168.08847
  153.61751   214.43785   378.2502    176.7724    296.256     234.42882
  131.24388   119.71299   145.18243   182.07909    85.3657     95.24912
  224.01273    98.704865  124.84796   226.51152   127.788795  206.03575
  151.43175   451.04016   363.9807    151.98335   111.22605   214.74988
  129.2166    138.34558    98.62611   148.10007    98.349525  167.94133
  113.432     176.68971   153.1086    164.39793   278.9607    317.8062
  322.5354    177.22118    99.95809   357.75116    74.30858   376.81882
  136.10605   147.27489   216.48927   157.73581   163.14848   148.95284
  176.52968   167.75261   298.94882    75.476364  154.93365   271.54398
  110.216125  237.55151   108.7855    162.62943   109.21424   112.332184
  150.30011   141.89297   147.0384     77.52588   109.58342    60.848354
  314.00925   100.90565   111.366104  143.06807   162.64873    84.29387
  150.07478   118.76905   115.376335  161.3877    376.19992   133.63907
  370.60934   224.00691   315.66934   117.59356   242.75671   223.75179
  117.50891   220.80278    71.60794   259.88388   132.86058   223.91055
  162.03157   179.53935   181.8926    161.71532   234.02237   152.34695
  185.69374    76.73325   126.058586  103.12779   132.55775    94.76272
  188.64565   178.24893   159.92511   144.56108   137.3626    148.06407
  198.64441   217.91261   359.778     230.50923   160.05826   270.0458
  176.72443   250.73141   219.31874    72.01625   101.420815   49.572685
   49.791035  160.81183   172.99712   163.25494   209.17896    46.260193
  113.16572    80.06557   148.84651   153.64229   193.50354   312.9929
  161.32652   287.05502    86.25448   150.51953   157.77039   224.29901
  280.81543   162.75664   186.5027    214.68785   112.26963   218.61037
  247.28177   205.48984    65.84499   121.90857   186.57184   143.70203
  153.01875   185.76804   131.73184   162.62805   140.6345    237.3652
   91.87826   193.1867    270.26263    56.577503  184.00407   155.51793
  153.47238   129.32892   426.1395     86.149185  246.46938   166.08156
  224.47433   125.05984   249.50319   150.01495   107.358894  171.97377
  131.57921   155.5175     75.36094   160.62682   150.1562     70.38373
  116.93859   225.7036    262.4424    139.77133   287.9778     97.168236
   96.1402    111.693474  132.60986    57.58152   132.10046   206.80736
   53.264175   78.3232    201.42377   295.06262   100.041176  124.453926
  296.99103    91.116455  155.66156   120.77349   151.99739   153.3935
   96.812904  206.70525   381.3233     84.67696   154.4143    124.777855
  128.11726   158.85612   106.60098   107.56627   236.13403   200.58026
  357.06097   314.54596   118.30669   215.18799   191.4331    111.60902
  191.65973   206.62222   308.98724   165.90652   268.77444   367.03143
  178.37401   150.86942   223.71515   242.73776   299.13763   172.6478
  130.13179   172.91191   153.60843   174.3921    178.75623    82.84074
  163.67311   185.84572    80.39063    78.88817   207.62984    69.914215
  225.4006    218.99092   192.20627   112.4126    157.56946   180.69293
  221.23553   114.875595  105.38957    96.00816   195.77567   176.44484
  393.6742    164.13428   112.31485   133.69257   121.58309   153.4051
  169.31552   220.96823   136.47548   139.23901   226.43723   156.0796
  116.34539   182.76778   299.7624    113.588646  192.61795    72.734
  104.26889    82.924904   91.13979   354.49826   139.1633    217.69855
  131.30446   309.5138    114.1307    108.853226  260.31342   115.23293
  128.33002   278.5331     84.39039   157.23718   140.13885   178.59036
  168.18204   139.17552   248.59264    84.15365   161.35933   133.779
  173.58316   127.02204   137.5435    125.026695  218.13425   177.18542
   82.58842   189.34868   320.84937   119.95558   131.83896   196.83818
  175.07217   230.2326    174.73157   116.57677   187.6924    271.4168
   67.03231   104.25771   148.67355   219.65575   323.9272    249.46532
  137.28412   142.89642   151.85246   216.834     178.31548   185.25534
  167.0514    154.38632   135.73308   155.48283   151.90314   137.70764
  131.62622   146.75377   165.52477   351.15723   150.79414   127.12141
  109.76794   117.75023    99.90085   151.37575   267.93442   200.73544
  192.0002    300.81226   117.80871   161.97298   172.6482    208.53062
  254.07372    89.96138   298.791     178.60785   110.43358   151.29459
  208.51746   237.49924    87.96039    57.09478   161.49132   246.0162
   84.691055  159.40079   207.4876    137.633     167.91162   331.71777
  107.37711   206.35262   346.56656   204.4244    157.74823   180.48376
  251.13971   117.90478    94.91357   167.39354   204.23589   143.34428
  138.32108   159.20932   190.12036   140.7456    115.09248    62.273174
  372.59616   250.68478    97.33281   247.21126   191.05768   155.02617
  102.07548   212.12315   110.11146    73.728516   95.7178    360.3666
  106.20611   260.38818   362.08167   107.06534   123.67976   136.04765
  164.12704   175.23682    94.90504   205.58403   281.55286   113.39342
  217.1371    176.75941    68.419914  291.14938   100.77778   132.82272
  187.29301   235.3273    197.7536     96.297134  113.942764  291.25403
  121.265305  211.22963   270.8802    107.68373   151.3114    244.46617
  247.50508   139.77106   344.05923   113.237076  160.23528   227.58365
  131.07942    72.184814  316.63098   137.86024   128.23479   101.80615
  313.87772   163.62155    88.43847    61.897736  157.39566   176.741
  200.81578   192.7376    119.08204    91.00409   166.39766   467.15067
  118.61507   136.17097   491.51013    73.94111   102.53352   191.80252
   78.807144  172.43991   165.77914   179.88115   150.34152   144.14206
  171.61842   179.47456   132.42984   156.97194   255.89603   287.62543
  233.75853   186.78386   207.41362   174.82208   111.417885  278.10507
  127.52698   150.9607    217.48996   176.26183    99.965004  159.94849
  134.02246   351.8688    122.77471   156.29366   112.5994     76.26678
   72.87553   150.05568   127.168106  132.86868   183.02414    53.274403
  201.10074    84.733345  147.18571   146.47694   213.11168   225.44652
  229.71407   180.82959   302.07837   112.14477   172.69348   354.44193
  102.51893    61.00448   214.35295    96.24562   276.05844   165.60805
  316.8416     98.235214  200.24744   210.09608   216.6202    194.28857
  268.29843   166.89726   345.43033    76.86972   109.3922    157.72757
  109.77035   269.43655   159.50394   142.28523    74.8511    177.43713
  182.62627   173.05624   170.80313   120.01984  3256.9915    249.96294
  186.5641    147.4096    104.21903   105.712875   82.506485  252.59712
  117.08142   141.64436   135.90865    63.519066  125.01832   226.57062
  101.89097   350.392     144.0735    204.87164    85.17877    75.4918
   63.924885   85.40254    87.73122   194.64003   143.75989   274.37366
   91.15482   239.51869   171.7123    143.69363   147.89418   144.13446
   45.32912   160.41106   165.46808   153.12968   173.75958    73.14937
  206.9754    100.65105   235.97772   105.155426  214.1148    266.04547
   94.19796   258.35495    88.95456    93.288536  181.66963    95.05493
  227.84045   122.65296   132.09889   189.16493   101.90901   138.294
  154.76294   291.66248   158.75716   240.78815   188.34703   151.9359
  278.04294   241.18535   226.48874   148.1899    323.56815    65.29828
  283.1226     93.23911   261.41537   248.41734    81.97659    89.81573
  157.87776    91.639145  227.02538    92.87953   206.17238   200.3469
  233.70096   103.10941    97.021     247.02078   155.7106    179.31734
  190.12668   168.39847   115.312836  107.60332   116.906555   65.364044
  222.92947   122.5302    179.1995    296.55673   275.52148   175.75003
  152.49399   366.1363    246.33888   124.69177   178.04478   201.32166
  211.86412   233.22878   157.43045   156.83606    64.39815   117.07938
  208.51225   188.44667   221.43446   187.33739   103.64702    89.31815
  249.77376   139.64484   137.39742   196.3249    125.74743    90.694786
  137.974     162.88782   137.58731   164.18735   191.42111    82.98489
   88.24291   426.97003   192.1177    221.90099   177.68858   191.89265
   99.24428    66.99581   243.45042   354.6638    261.6628     60.766037
  195.68881   108.31585   181.18405   239.10179   140.88705    85.93915
  139.79036   106.28679   161.74702    94.919334  162.95895   256.69925
  153.56267   108.717415  116.70016   209.28322    81.90037   160.99174
  140.90646   151.392     193.57616   236.2903     96.42674   184.65588 ]",0.49312384757221883,0.611263619447516
