,Train_Data_Size,Transformation,W,b,Residual,Residual_Norm_All,Residual_Norm_Mean,Accuracy,Co_Sim_CLS
0,3970,Transformation_Matrix_W,"[[  1.042826    -3.5448885  -14.681026   ...  18.821138    -5.7792273
   -5.284091  ]
 [ 20.378122    12.600674     3.6987174  ...  -3.896372    -4.107428
    2.8249452 ]
 [  1.3642523   -5.4339075    5.8303723  ...  -2.865689   -25.07357
  -14.69674   ]
 ...
 [ -0.82590646  25.697166     9.154885   ...  12.653002     4.100871
    8.124393  ]
 [ 10.2408085  -13.517941    11.855946   ...   3.4021575  -28.519224
    3.7832813 ]
 [-11.34224      4.640921    -5.6045537  ...   7.833177    20.475798
    7.9725523 ]]",,"[219.86816  211.07463  187.94652  180.41078  185.46356  226.91055
 222.50551  239.78307  164.40367  178.4145   165.04529  204.22725
 194.02946  212.40273  191.07135  189.43091  104.03328  235.33589
 181.48097  227.33276  160.54358  180.07555  195.6717   254.92729
 172.28177  188.9163   273.40802  192.04193  191.9368   168.96158
 112.621086 173.81715  222.94771  125.17126  212.11734  186.13667
 190.7262   226.81856  174.34769  193.22585  232.50816  210.71303
 218.3395   154.60785  194.10225  206.12788  223.01213  216.23198
 209.82352  200.21387  144.238    225.64345  181.7268   192.4933
 181.23505  207.62263  239.7529   196.74106  180.21286  206.78546
 232.99718  244.49968  172.25671  216.4084   200.20074  209.54741
 160.91484  166.20018  183.85078  166.21129  235.22217  231.25365
 194.75075  152.88458  162.33324  182.55605  240.9511   206.19347
 177.90092  256.57053  202.92921  244.78003  175.09258  225.73279
 177.55609  143.05655  247.39922  202.02338  217.96861  172.23158
 171.94669  238.30522  166.1908   207.27957  204.78305  216.11058
 228.00737  255.71321  178.47354  176.2325   213.76561  207.33017
 157.42853  227.36969  189.25572  180.12566  241.21591  233.8659
 206.21977  172.40573  224.74199  199.07196  166.37398  187.39885
 220.57683  181.16914  263.97556  107.52812  202.01768  195.85583
 246.87799  215.81755  181.6616   237.12769  186.37915  172.04433
 189.11076  217.38739  107.57289  188.95128  198.57634  190.91049
 220.89867  213.03757  198.99596  169.32103  163.21568  207.86461
 180.67145  192.0237   181.68204  155.20744  209.10255  171.76678
 177.95787  215.66814  192.76143  246.70305  195.90314  191.8425
 230.37096  214.392    228.98978  206.9461   216.2447   177.98553
 206.5306   217.90598  236.28615  216.96213  185.54677  250.77687
 248.91855  189.6941   160.12843  170.98643  188.97581  161.5312
 236.48892  207.56056  206.66219  240.34863  252.94368  222.457
 176.76538  178.84186  253.05678  194.92456  197.39032  235.14017
 177.62514  198.95847  179.675    211.50148  172.6649   114.69271
 224.32585  229.06837  209.14865  211.67079  188.91603  189.71194
 201.36545  169.43076  261.2311   268.71704  177.25122  173.15889
 234.73181  209.19385  191.49065  261.02948  217.99234  214.83449
 156.01836  200.28958  204.07436  199.64294  259.36075  206.55809
 148.6545   213.35712  168.30545  199.54501  180.2988   206.43594
 158.41415  167.98727  202.57024  204.9437   198.10173  161.66512
 109.78302  148.95178  217.9852   232.04538  202.33812  250.26161
 217.52437  194.70787  227.56622  253.97661  161.6196   198.64156
 165.4284   220.24701  183.51192  197.89034  216.44629  242.39848
 214.65955  208.6974   248.8536   176.04837  210.99182  161.93582
 194.14304  206.40546  201.85574  218.24411  184.59436  228.41782
 204.70383  205.81215  214.62453  127.43253  156.46388  195.13179
 177.24689  229.60016  180.65207  192.42842  245.99905  191.19856
 262.0084   205.19371  194.59126  201.99403  178.56152  234.87216
 242.64679  240.64188  214.7975   150.87761  201.90344  174.5917
 207.73228  178.44394  213.7749   164.7797   185.37001  225.98055
 185.20021  177.96207  234.52176  212.71382  189.47902  222.11867
 208.02423  235.28618  202.36116  196.83542  190.81296  204.33842
 192.43494  230.38017  138.0609   211.76874  209.42386  186.87308
 185.2925   281.06415  227.09949  225.99075  180.18198  214.88959
 221.85619  193.90582  263.87863  158.3847   230.38324  211.90436
 193.42215  204.72058  176.59436  199.9824   193.30315  221.46013
 202.49953  157.32643  195.51448  208.23816  213.80782  201.73325
 198.10767  222.47191  182.74385  192.22899  178.26253  219.17424
 180.09607  198.29744  244.28944  193.5161   201.24619  171.27142
 195.19135  214.23627  224.09924  185.41197  234.51134   85.71374
 228.56715  213.16003  207.29369  256.17215  201.08116  192.4259
 177.92029  224.57988  206.54004  185.76878  177.94797  172.04367
 204.75221  185.28503  221.96396  195.85449  211.15652  223.88342
 193.4084   191.51741  209.31633  209.48909  245.7749   214.04305
 198.58057  211.05959  167.95512  158.42317  239.43262  217.06697
 240.81296  210.03786  181.67474  196.9259   191.37021  190.88033
 222.06976  283.7754   204.00833  182.78958  217.2896   197.35524
 181.27118   90.45251  171.89136  191.49974  223.40749  195.80977
 215.60313  184.54887  204.10977  178.56192  162.62912  207.9163
 212.50204  197.77666  213.72247  206.14313  235.33035  216.7519
 252.22409  228.21869  215.09834  281.42755  209.18076  229.02962
 192.12126  173.741    154.04836  187.59853  239.82228  158.5183
 191.92427  204.61157  246.8998   177.21718  201.39009  185.00072
 210.346    200.96971  216.22392  204.734    192.11804  228.73773
 191.88763  221.03938  124.089836 244.77759  223.4341   190.90414
 208.04079  183.2745   186.47855  237.26483  175.86923  151.72592
 193.69649  173.2046   185.0262   245.97887  179.1661   167.9716
 169.42256  250.46576  184.94829  187.75351  203.99814  188.83131
 205.92542  240.79326  230.0999   198.52802  244.31279  224.24545
 189.11446  209.77455  213.08302  169.72191  198.82217  186.06056
 200.5976   194.57831  148.2156   212.10455  208.94122  249.00357
 172.82788  270.17905  236.89445  146.6641   212.61185  216.46808
 222.99054  170.67639  212.49837  185.45003  210.13345  243.4998
 214.65552  236.80896  226.88123  190.5022   237.91275  196.30986
 242.14996  201.14282  178.2992   200.66122  232.44559  224.49721
 225.17291  200.61746  175.54073  188.85182  225.44693  182.5183
 196.86934  200.04532  172.02179  203.21655  190.24002  215.21136
 205.76149  122.02576  216.37387  195.25534  169.97215  216.64723
 190.53542  218.83675  169.50995  152.5385   232.04355  217.1357
 263.4315   180.13899  220.57115  206.43954  243.93054  204.4204
 204.48651  185.24419  184.89967  206.46289  209.51155  208.41255
 234.44707  195.71655  216.70532  212.07663  153.67798  222.03453
 174.89827  213.2662   213.79884  213.0249   183.72981  181.07353
 256.4996   202.24855  199.27612  197.83841  248.92802  220.40869
 184.6968   181.27707  211.0111   186.88597  146.49947  191.66348
 175.35591  194.71254  201.9208   203.40323  204.14806  158.01195
 206.83447  205.69373  200.66498  190.57106  213.14162  206.13657
 202.73158  205.72588  208.85632  210.89557  181.34317  197.93279
 192.04625  179.29306  205.914    186.17809  225.02281  193.16342
 174.32597  202.4604   222.70305  207.65744  192.55707  221.95894
 240.35419  218.79196  191.74881  207.64845  215.91158  166.83577
 176.6493   205.08194  175.40387  221.2538   194.16281  203.17752
 209.80856  191.77272  215.37979  198.835    227.59827  189.55884
 206.67043  206.57834  205.53748  178.87608  303.5333   214.64143
 241.831    195.04604  201.2975   175.59656  204.67459  211.65399
 182.27693  231.94675  222.62755  227.56252  213.38177  174.03482
 267.8086   196.51099  171.97226  215.16171  204.31163  203.45708
 241.82054  162.27512  192.23944  224.80637  183.81813  186.95999
 244.55998  227.02827  170.08862  238.18507  211.54556  247.94427
 245.50761  168.32904  215.58069  192.574    205.8331   200.71312
 190.05435  193.37946  195.6597   196.58273  274.6904   156.09163
 190.56805  163.385     82.970375 195.24635  239.1027   233.6601
 212.96844  170.95747  252.16602  224.9854   156.26845  217.48439
 221.09602  175.98233  202.23958  201.00009  229.99762  193.28102
 216.25911  211.76611  214.37578  199.11395  240.6922   169.71947
 201.4591   194.28275  182.1805   169.87979  212.70424  208.90556
 248.2458   183.86646  185.42117  155.86069  232.02823  196.44067
 197.82414  137.08673  181.1424   186.98956  143.36382  204.82681
 198.40565  182.79944  205.65453  215.34427  192.83353  200.07124
 236.19775  196.73384  173.3396   200.1356   164.50478  167.99564
 222.96103  163.66179  173.03723  215.1661   170.24657  170.83861
 176.03654  173.449    168.76015  142.19255  238.96758  211.73665
 191.73177  142.83672  217.32916  213.5063   212.08809  212.47945
 227.5477   220.03966  178.50365  205.21855  161.0581   218.82465
 190.0379   174.26328  204.99585  234.9242   215.37965  211.60692
 195.31203  180.53468  174.44577  223.72949  247.17561  224.06793
 216.55614  222.48003  196.03766  219.79732  203.70845  171.10268
 188.98883  210.39749  172.27782  176.29839  211.77203  207.81859
 201.28299  188.41669  259.85062  228.87456  202.89745  178.70943
 185.41725  231.79822  236.40306  199.96046   89.75984  230.07767
 170.18228  207.5936   178.9047   235.25348  208.91745  191.8355  ]",[6.1954937 6.8178864 5.9185076 ... 5.724422  6.091186  7.991713 ],6.180923,0.03093198992443325,0.17437611086671376
1,3970,Transformation_Matrix_W,"[[ -1.3500468   -1.2930694  -12.99435    ...  -5.686986    -1.8708302
    5.381428  ]
 [  0.3002202    6.4473357  -12.4176855  ...  -8.601319     6.480119
    0.19260748]
 [  4.53956      5.163464     5.3501024  ...  -3.7716527    3.8884842
  -14.9094095 ]
 ...
 [ -5.588447    10.41067     10.539605   ...  -1.7712464    4.34394
   -1.4538884 ]
 [ 11.06716     -7.459137     0.17457618 ... -15.029439     0.9710033
   -0.53557694]
 [ 11.166631    -2.1519434    2.091948   ... -11.186505     5.916787
   -0.91043246]]",,"[216.53546  211.08913  177.97346  177.96986  182.80083  221.20837
 215.16203  233.6498   162.97797  176.87167  163.0745   196.07845
 188.2401   203.76027  192.79277  184.9387    94.460724 231.68362
 176.23149  217.75766  155.7576   179.23026  190.9487   243.17015
 171.10435  186.38795  264.32483  189.24803  181.6716   166.3033
 105.334366 170.8587   221.05331  113.10083  207.72856  181.76205
 187.77792  219.79164  172.67094  190.4078   230.81816  206.66768
 209.83069  148.97148  191.29944  197.70279  217.31604  208.8779
 202.12247  196.32947  140.73962  223.54657  177.4397   183.62234
 172.07556  202.69064  231.50902  187.79552  173.747    204.21455
 230.0205   237.584    167.68062  210.97421  193.3875   203.01566
 150.03908  165.95459  179.58585  161.65532  229.30348  224.09024
 190.15903  148.05986  160.29396  179.80983  231.51758  197.54436
 172.83852  246.40614  199.90666  230.26453  170.45679  221.70093
 172.85233  141.65251  241.4518   200.43706  212.48103  167.8466
 169.64153  223.21883  163.85753  202.41615  200.62968  209.19116
 218.9297   253.50446  173.73656  170.19736  204.05124  206.732
 154.54022  225.50385  178.91022  175.17325  230.74701  227.8974
 201.51675  169.17221  217.38286  194.64505  162.53094  182.89557
 207.07607  178.49402  257.07428   80.713905 191.7481   189.85641
 241.44214  210.40619  184.60178  231.07497  177.52147  166.00203
 181.29224  209.70016  101.201126 185.54533  195.68742  182.25056
 215.7577   205.17075  191.31885  150.457    160.92473  204.08589
 177.33327  188.64159  176.07007  152.82541  197.25589  167.54617
 176.01506  209.88042  186.94418  240.52385  192.87686  185.20187
 223.53618  209.67749  224.97351  198.4639   211.32635  175.52153
 198.32451  212.30165  234.1326   206.425    180.61131  243.34825
 244.31349  185.32729  158.62535  166.44492  182.72934  146.8879
 229.26834  205.26198  200.12663  229.61922  238.5326   205.00145
 170.59785  174.75795  242.62271  196.38786  196.5644   231.761
 175.01558  196.3404   177.16057  205.19818  173.13475  109.928894
 222.05908  228.86487  203.2826   207.31128  180.91446  189.40593
 196.15584  163.83546  253.77437  257.8866   171.68059  153.22255
 231.95938  206.33757  184.08238  249.24965  209.27948  208.81699
 152.35799  194.82646  197.59517  195.6463   253.60274  202.19263
 141.6396   209.23854  158.69472  194.69928  173.46146  200.7212
 147.3177   165.9785   193.64507  199.19128  189.51599  160.02138
 105.340576 145.72827  204.78479  224.63068  195.14304  241.18251
 212.01152  190.97896  221.84637  247.59077  160.15854  193.59755
 160.63075  213.10173  175.6347   191.30133  212.42923  236.91507
 207.15358  200.82744  244.68558  169.19516  205.10213  162.6397
 191.67018  200.06091  197.48077  217.12498  181.36719  222.30302
 198.69751  193.66776  209.0224   111.05671  151.65117  175.20413
 172.89354  229.47833  179.3958   187.58826  224.69193  188.61505
 252.82193  201.68532  189.5683   200.91386  173.47556  227.70201
 231.10448  229.27878  211.74214  145.20323  202.3376   166.1336
 199.52226  172.27206  209.44609  160.60677  176.66727  219.0782
 181.82698  168.08044  224.98204  206.45808  183.08942  218.5237
 202.43134  228.92006  196.3103   196.16582  186.22174  197.96559
 187.61244  220.55531  132.43752  201.38391  201.34506  177.54712
 177.46843  272.6153   214.89941  219.71042  177.76929  213.21829
 215.61688  192.10835  253.33092  151.32695  226.10034  203.44135
 186.35088  199.36588  171.54399  197.10533  189.20044  212.71754
 201.23009  154.65146  195.80618  201.47667  206.72537  195.71948
 196.61278  220.33029  176.85428  186.51083  175.27979  208.44936
 178.74834  195.26671  239.21057  184.43918  198.63097  167.9798
 184.18863  209.10274  213.97081  175.97891  223.415     81.334595
 216.92946  208.13828  186.71187  253.81525  196.67854  186.58954
 172.95929  216.23016  194.61798  182.54353  176.47096  166.86296
 202.07262  181.81786  217.0198   189.23541  212.63493  211.3348
 189.33127  187.74744  203.08118  203.29099  243.47562  202.87065
 193.60037  212.7129   163.11789  156.3576   237.9687   210.29834
 235.33305  205.58371  179.8782   190.36653  188.00308  187.64885
 211.88939  278.8878   196.84236  177.5043   210.42198  191.3376
 180.96626   78.958176 170.32047  191.21144  215.5085   191.16547
 211.8821   183.34091  203.14087  175.84187  157.58904  204.9614
 202.02411  194.81735  201.52388  198.9133   226.43002  217.69418
 243.04224  226.73769  205.37575  260.60483  209.11575  219.46341
 187.40506  170.92592  148.8453   186.2922   231.20966  154.1068
 183.57678  199.87978  239.3387   172.07819  197.04668  178.28629
 203.9655   193.95769  209.26784  199.91742  180.67044  219.66945
 184.23126  217.36884  118.3439   237.21931  217.46262  185.82666
 204.94472  178.50392  180.89705  232.91257  173.26352  149.87404
 190.1864   165.4455   181.236    235.8537   176.00204  164.27072
 164.64485  244.09735  181.0445   185.55916  196.50853  183.21046
 202.60858  234.76958  222.49837  194.40977  235.29414  216.04593
 185.88667  204.85638  209.31891  168.03638  190.8093   178.39937
 195.4497   189.75972  145.2314   211.36456  201.26141  241.02003
 169.68585  257.28973  232.39667  132.57127  208.16698  206.51605
 216.23204  167.8902   206.4313   178.65845  208.05112  237.78539
 204.86836  236.92326  217.62894  186.97815  210.5801   192.63565
 236.67207  194.92091  172.83276  191.04521  223.81458  211.6488
 215.3438   193.06746  162.39815  185.4524   218.50748  175.5991
 188.81216  199.14447  168.97446  199.23601  184.48772  213.00879
 199.16396  110.93538  211.88757  195.15811  165.14348  215.78703
 187.55832  217.76068  163.8037   150.59099  224.06432  211.39235
 252.81604  177.20561  216.27528  201.44966  240.66382  196.40964
 199.28699  181.44017  181.56337  199.37746  204.79184  205.74998
 224.83556  192.81378  210.45908  207.05772  149.23294  211.66466
 168.20923  212.42569  208.60611  201.39114  181.27393  176.92865
 255.67088  199.02553  195.42056  198.747    241.3942   215.84943
 180.48434  177.15265  205.61053  182.37508  142.578    186.67044
 174.74077  193.613    194.37985  194.68816  199.23119  152.1963
 201.10031  202.55331  193.45009  185.99425  209.79837  207.13051
 194.9002   201.49438  202.35268  192.65167  179.36086  194.94388
 179.9509   173.75432  198.4228   180.91891  220.92294  184.77802
 169.97316  170.5667   218.04533  198.18655  185.36516  216.76591
 238.7399   212.72589  187.20132  202.93532  210.66995  160.47334
 173.45671  199.14915  171.86697  212.78125  187.8864   198.58932
 202.16414  187.15282  212.53178  190.5837   224.45427  185.58368
 192.2058   199.50279  195.3944   178.04567  295.35544  206.45775
 226.9129   189.31403  195.49924  171.79272  193.55367  205.62268
 179.94121  228.12885  219.59334  221.13242  206.94695  167.231
 254.5277   194.15376  163.98613  208.76562  198.9438   196.82678
 205.42337  147.37952  188.44093  220.90718  179.27425  181.68423
 243.37532  217.75937  165.11076  233.2148   205.00172  242.52055
 236.14467  162.27795  211.6628   182.89708  199.09     196.66466
 179.80038  184.2971   190.46718  193.31654  270.87747  146.32974
 184.32214  164.20184   78.304825 186.0133   232.77324  225.14015
 208.03888  169.13452  239.54713  221.15268  153.55084  210.43962
 209.33894  171.14511  201.53403  196.76868  227.85483  185.86978
 208.05074  207.01219  208.69148  193.39365  230.42545  168.67596
 195.92679  175.51418  180.14539  165.42929  202.96954  206.33914
 242.68074  179.9703   177.78654  151.25601  221.17632  192.46965
 193.74744  135.04619  180.71068  183.35837  145.10963  200.73846
 197.05603  178.16595  200.8459   206.18259  189.60764  197.5313
 231.32518  193.2832   164.88763  193.1238   163.15479  160.16986
 223.33694  158.89645  164.87654  208.8593   164.05467  165.60326
 170.36957  169.35136  163.92064  138.27371  230.60399  205.85687
 190.22433  140.44777  189.69763  207.77875  204.57732  209.00418
 222.58983  215.29745  174.01944  202.84442  154.71053  208.71591
 189.35448  166.68492  201.60141  232.45221  211.77524  202.5969
 193.15837  176.51866  172.71089  214.03206  243.04701  214.75774
 208.50677  213.25505  195.14648  215.84476  193.42001  170.84845
 183.30609  202.19127  168.27382  171.70145  206.8695   205.75008
 200.019    187.40598  246.44191  226.80083  197.6069   171.85242
 183.98454  234.38487  231.84436  193.54681   81.433075 226.62505
 166.35896  200.6938   173.25653  228.80205  205.13556  186.23189 ]",[5.982913  7.041665  5.953571  ... 5.442655  5.8796425 7.393857 ],6.0927377,0.04851385390428212,0.21676075645390047
2,3970,Transformation_Matrix_W,"[[ 9.628161   -8.017359   -2.122742   ... -0.9508378   4.6880713
   2.1657832 ]
 [-4.797693    4.296107    3.3369396  ...  4.2596173   3.9645915
  -0.7070965 ]
 [-2.2714224   1.9512682   6.163254   ...  4.839098   -1.8211521
  -3.8681748 ]
 ...
 [-3.3829622  -0.96809506  3.202017   ... -8.404974    5.448999
   0.7525972 ]
 [-6.4036922  -4.8852406  -0.07907088 ... -7.0652933  -2.147849
   0.7239114 ]
 [-1.7918469  -4.5813384  -6.5668135  ... -6.850534   -1.7879145
  -1.3957124 ]]",,"[207.89421  205.51218  168.67711  170.05615  179.58144  210.35167
 202.3062   226.75536  154.36241  171.36674  157.1785   185.35272
 184.27669  188.5155   185.4839   175.95644   88.92592  218.60622
 167.46872  215.47774  151.51355  171.59203  183.61105  238.58699
 169.71165  185.81604  257.63858  180.32455  177.08096  164.14182
  97.1934   167.41776  221.87555  106.48499  197.30988  176.97926
 184.83376  214.43488  167.85428  183.46779  214.99025  201.75632
 202.81802  143.30322  185.94945  192.55798  212.20155  197.63367
 193.7646   190.91805  136.99591  219.64317  171.21439  181.13788
 162.39131  201.6565   221.11827  181.60744  172.44736  199.10759
 222.12123  230.78198  164.07764  196.34406  193.16902  193.2006
 137.74937  158.41089  173.54982  155.39243  215.90216  219.05247
 185.69897  141.6244   155.83507  175.38585  232.57292  189.10419
 165.38678  239.61293  190.73575  222.04155  167.26743  216.27286
 165.23813  138.77287  235.16061  192.87068  208.17807  164.00557
 165.35585  219.34973  162.05263  198.12286  196.17361  203.22455
 214.25854  244.72205  168.88458  166.73428  195.4358   198.15344
 146.11449  217.46748  176.05824  173.44144  223.87451  222.11046
 194.75983  165.73952  205.35234  191.6378   156.73683  176.17473
 203.78171  172.9709   251.18825   67.69801  187.95587  182.00998
 236.00027  207.90489  175.83752  213.46643  166.64117  162.12096
 173.46312  206.35481   94.31542  183.62576  185.72258  173.28902
 211.35616  200.13744  187.29498  147.48743  160.58606  201.09808
 168.49348  187.39473  171.40785  147.51694  192.80836  162.90288
 171.31155  202.27203  181.04024  236.23984  188.81427  179.62775
 213.63896  204.34344  216.76114  190.72673  200.31534  171.16542
 192.97205  203.82787  225.17729  198.51245  172.62216  238.96655
 235.06323  178.40526  154.21494  163.57889  179.78954  135.10817
 228.82637  197.33934  193.56798  216.23076  233.43298  197.9221
 167.09842  169.1675   232.80913  188.24487  190.49178  222.86836
 168.6529   192.63647  174.6404   194.7972   171.27737  107.03719
 217.35132  217.40277  199.5402   197.89995  180.6648   178.37982
 185.34735  157.72437  243.88774  248.1174   163.48787  146.42438
 222.33861  202.19933  181.94763  239.51297  201.08601  208.55908
 144.44682  189.1527   195.04346  193.46198  240.43996  194.9844
 137.88747  204.24495  149.16772  190.3655   173.39963  198.92091
 142.0515   159.5789   186.96118  195.78442  183.88913  158.75673
 100.73255  143.40492  198.56415  219.34747  189.35878  236.77658
 205.16925  186.18227  218.6197   241.76949  154.8634   186.36926
 156.25845  204.94478  171.76505  183.9422   201.73822  230.57143
 198.87442  198.74704  231.95482  166.63408  196.55624  156.84305
 184.75304  195.0418   193.52618  210.27386  179.18507  217.0417
 191.69008  186.90901  204.06723   93.11566  147.9819   160.76315
 162.17732  222.68367  168.72226  184.3786   202.7886   179.58072
 244.85732  198.44347  182.06204  196.06459  164.23553  217.22679
 227.2682   225.02202  199.61891  140.031    199.00446  163.07574
 194.0271   170.0678   203.70897  158.88853  169.20076  210.43375
 175.91815  161.6341   223.47841  200.94891  179.40465  207.7786
 197.66467  223.74318  192.12683  190.46509  179.04625  192.0144
 182.97855  217.24672  133.67548  193.70848  194.87033  171.84091
 169.68379  263.59506  207.61626  212.69067  171.9477   202.98267
 207.53094  185.84355  238.55925  141.12407  215.67712  196.47948
 180.65643  190.87845  168.289    192.75523  186.48242  207.49446
 200.57852  151.74219  190.59201  198.01451  203.03065  191.47859
 188.79633  212.60182  172.69276  180.23059  169.08371  197.61357
 170.77533  193.56     237.60197  180.03247  190.14787  163.86758
 169.6168   200.12138  208.6316   175.2934   222.5198    75.281715
 212.53215  199.45798  165.74178  247.94458  190.1554   181.31778
 166.4167   205.09229  178.08713  177.35236  167.76666  162.12166
 197.7334   178.91492  204.9697   184.1642   205.86691  207.52519
 187.27621  184.41685  196.52089  198.15944  230.57544  198.90646
 189.29555  201.84752  156.88284  150.36166  231.0978   203.8273
 230.10434  202.1364   177.58542  187.47223  182.56001  181.50221
 203.55995  268.62466  191.08833  174.06271  208.55266  186.13185
 176.6987    74.04746  163.66534  181.30861  208.72055  184.99118
 201.49593  175.89598  195.37086  168.44113  150.96927  197.9198
 200.36775  187.4752   200.23506  191.8172   221.54681  210.19897
 236.73831  216.26422  199.52232  246.25845  203.43126  210.04628
 179.46176  168.1375   139.96742  183.99933  225.46664  149.41548
 178.69214  193.54445  235.05078  161.8477   191.7521   174.36504
 199.47615  191.52277  206.49408  190.61122  166.72665  215.6149
 178.11534  212.83427  112.1371   240.47687  212.47754  178.2271
 198.09705  163.16014  176.95343  224.2026   169.36516  144.26294
 188.61078  160.22058  174.50003  232.09746  169.97392  159.33023
 163.09467  240.39525  175.48895  174.97055  189.79565  183.94925
 200.18669  224.1671   218.53069  188.9699   220.36707  207.27702
 182.69843  198.72606  203.4236   162.06143  187.07373  176.86034
 191.62593  189.56758  143.6705   208.5874   196.73438  233.47997
 161.26108  252.54181  225.50078  122.12037  200.1252   203.33643
 207.4782   163.67937  203.6354   171.14694  202.49643  231.44742
 197.4916   229.98169  209.76036  180.70596  193.58403  190.18903
 225.83128  188.0569   164.90059  177.92294  219.12369  203.02837
 210.06853  185.68054  157.8602   175.87988  210.3492   169.38976
 180.52919  192.45683  165.60449  190.07185  175.34526  204.2467
 189.03928  100.77058  203.08087  182.76701  155.32867  206.9235
 184.17114  210.80058  159.41724  146.6697   215.49742  204.7991
 247.584    172.54025  210.22556  191.72841  232.33481  189.96994
 192.33188  178.27974  177.40279  192.1656   197.60425  198.52286
 216.09448  189.75204  208.40042  198.71408  144.75871  204.80165
 166.01974  205.29387  201.18936  191.1034   175.72122  168.9051
 251.40723  194.79343  190.56328  191.95152  232.53867  207.05508
 167.45241  172.68541  197.49236  177.82571  135.80504  180.70627
 171.45883  188.16167  187.14401  183.57297  189.02113  147.01509
 196.57294  197.76622  183.74191  186.19907  203.96109  201.98575
 189.15334  194.51575  195.5323   187.82747  176.6462   185.36728
 172.88135  173.49309  193.47868  177.0238   211.99066  178.57877
 162.7799   139.06422  213.84248  189.94864  181.40123  210.98936
 230.02162  207.23418  184.5532   195.43628  204.90858  155.23863
 166.08832  190.9979   165.44923  206.32661  184.32996  194.8889
 191.31007  179.32251  205.32156  184.54004  220.82776  179.00362
 189.31633  192.47495  188.31267  172.1887   289.73364  204.03468
 221.91536  184.17972  188.71086  167.85669  183.90103  202.39627
 174.55756  226.29985  216.30984  211.2413   201.96992  165.28772
 240.71133  185.21036  158.8666   202.17836  191.67558  192.35435
 164.72186  128.30168  182.44424  212.61134  174.94554  177.78513
 238.99449  209.60107  158.88953  224.03839  190.74866  237.22667
 223.93561  160.19525  204.32704  172.49057  196.6264   189.4433
 172.76543  184.77678  183.71312  187.56172  256.07883  141.77747
 179.71759  161.77202   71.724945 180.14566  221.90334  219.55214
 199.85657  162.91551  237.78362  216.62416  148.08412  207.60915
 203.41577  167.083    193.55508  188.12303  224.22693  180.12392
 196.49356  202.95241  206.92284  189.6707   220.89278  163.00879
 193.90549  167.47047  175.94081  158.74016  195.26823  200.28645
 230.47646  173.25517  166.7736   150.07106  212.98328  186.13872
 190.0084   132.06725  174.46771  175.83212  141.28044  197.72237
 192.4091   171.53535  196.97855  200.60535  186.90045  196.41599
 222.41833  187.33705  160.39224  192.64117  155.57233  157.41237
 215.4015   151.84927  157.10199  204.09291  159.11394  161.2949
 165.58667  163.9373   159.93521  132.50688  218.75226  202.69441
 183.17276  136.31721  160.68317  201.37799  197.52917  205.53584
 215.91045  207.22948  172.45477  196.64635  150.00195  203.00539
 183.93976  164.6932   196.19774  226.1129   202.82202  197.1903
 186.3193   168.90686  166.93898  204.92981  238.89095  209.94482
 199.2926   212.33354  190.76851  210.59834  186.01949  168.2387
 176.02425  189.23734  164.46709  166.58171  202.16626  200.62354
 190.62103  186.27081  230.03001  216.64345  194.34758  165.06831
 178.47964  224.26247  224.97432  190.63123   73.11229  223.23393
 163.84378  194.92877  172.44702  228.39572  199.41312  183.45673 ]",[5.617168  6.695309  5.4409113 ... 5.0186906 5.5291433 7.5567307],5.9934263,0.07445843828715365,0.25769964866699513
3,3970,Transformation_Matrix_W,"[[-1.9310522  -1.4568157  -2.9407003  ... -0.7859358   0.32255378
   0.65130895]
 [ 5.059748    3.5183253   2.2710788  ...  3.6705952  -2.045883
   0.9726923 ]
 [ 2.2166274   0.5518933   1.8991334  ...  1.1736348   2.646084
   1.0731988 ]
 ...
 [-1.0797335   0.943294   -0.10873125 ...  2.704032   -2.395158
  -0.05572832]
 [-5.8463097  -0.3452389  -3.2705233  ... -1.6366647   0.0422912
  -3.5778465 ]
 [ 2.7563095  -3.461291   -3.4895859  ... -2.255807    0.14978184
  -0.16287246]]",,"[205.60123  200.69931  162.56807  160.92368  171.11493  197.22388
 191.78754  211.75404  143.30534  164.29323  151.8861   175.20547
 182.21439  180.81064  173.70589  161.11108   82.04733  204.30286
 157.733    204.92166  146.53743  162.15504  182.14487  230.52715
 161.9654   177.64806  246.71178  175.2983   172.16592  152.63823
  90.11405  158.76707  210.09778  100.54466  192.31825  172.91235
 176.81357  210.17532  164.87456  175.90935  204.36177  191.86627
 191.47372  138.03041  181.35915  180.55487  208.78046  191.73283
 186.1931   184.99794  131.36435  209.26128  168.06111  178.16641
 150.03676  196.41833  211.39536  169.85631  162.86714  191.63991
 211.11554  221.77914  156.22603  185.54556  186.33134  193.52618
 129.20766  151.9004   172.41931  148.60701  207.07793  208.94035
 179.32553  132.16278  153.17522  172.85835  222.51608  183.7669
 158.38097  229.0803   187.29852  204.52469  159.96777  208.38208
 159.87807  134.58931  219.38258  183.591    195.90288  156.30463
 161.23303  206.52481  155.12613  190.05844  184.61313  193.81673
 204.8749   228.6939   163.57755  162.73389  186.82864  197.1802
 139.41965  204.83612  165.4559   167.69038  217.96788  210.46655
 187.16003  158.13908  195.43604  184.87447  151.07997  173.16829
 192.0396   168.79953  248.98654   59.379616 182.55493  175.798
 230.67747  203.41075  172.43622  211.49986  159.23712  154.76051
 167.2306   196.66925   87.06221  177.85071  180.69662  164.6234
 195.11752  193.66864  185.08002  139.47888  158.89319  193.30463
 162.17711  175.59325  163.4899   144.72531  187.81778  154.60028
 165.62741  193.58992  172.31754  217.5196   182.5232   172.23776
 203.98112  196.39618  209.68767  181.10117  189.28148  166.18823
 182.92319  195.07109  209.24657  187.52757  166.21477  233.00066
 228.17421  169.36723  148.61005  158.12886  173.98967  117.38064
 212.88809  189.34079  191.61618  207.73328  219.6908   180.0634
 160.20819  161.16093  221.92477  179.19173  184.4831   216.33258
 161.49709  180.03464  171.11673  181.8438   165.34625   98.54862
 212.31398  208.61598  188.10216  188.84233  174.61435  168.3625
 175.21165  152.19383  236.9446   235.77258  156.2058   136.32419
 213.30562  189.89111  173.69519  231.09096  198.69402  199.40767
 143.66885  187.18385  184.38391  188.68726  231.83061  190.01848
 132.63022  199.75087  140.093    184.87831  169.10558  190.10399
 132.68839  156.16028  179.74384  186.14691  177.87463  153.31252
  93.50098  133.9135   191.72668  206.71678  183.6807   225.02605
 202.28787  181.93301  205.06879  226.81621  147.12457  178.07016
 149.94095  197.37001  167.85463  176.49707  192.38902  219.94829
 190.248    193.52039  223.44777  159.12253  187.04527  150.38385
 175.98987  186.3458   187.36467  199.88498  168.46529  209.30043
 182.60155  181.283    191.54555   78.63823  143.63443  149.34296
 155.81763  211.53049  165.15443  181.11606  172.01256  182.03423
 239.02051  188.60664  179.92174  188.95758  163.82968  210.87967
 220.54025  218.35684  188.40453  134.02441  191.70195  158.76317
 187.22052  168.42741  193.52171  157.0834   161.70264  200.706
 167.06349  157.99466  207.88223  199.10901  173.15704  203.86359
 192.06631  214.01791  185.7131   180.84436  172.03345  183.39777
 174.1025   207.11331  130.65175  189.72142  188.48235  162.76901
 164.52547  245.98761  198.61102  205.22902  164.15396  195.66228
 193.28476  174.30435  227.41562  130.8858   202.1437   189.2846
 175.39812  175.74178  161.27896  184.84215  183.64105  202.7135
 191.65028  146.08257  179.43437  186.83218  190.44617  184.92032
 181.40903  199.3144   164.62646  178.86821  161.89496  190.49855
 163.09944  190.24615  228.76384  178.32597  181.79306  154.54568
 147.76387  189.87384  199.23053  168.36775  213.01625   69.407646
 203.34285  187.34558  149.70746  232.31322  183.48582  176.13371
 158.90294  197.80086  156.26488  171.29193  163.22633  159.07503
 191.03712  170.81548  193.89429  177.5986   205.61716  190.98108
 181.29189  173.6451   191.61177  187.84964  221.19836  195.12135
 187.33957  195.70274  151.58868  146.82733  223.06763  196.04243
 210.8093   194.19173  169.14474  176.51044  174.08148  170.30014
 196.30342  260.4007   180.45198  166.95676  202.18126  181.15471
 172.2921    67.18155  157.79945  167.88396  197.81586  178.32693
 193.9927   169.48717  178.72806  159.63213  147.53326  187.78249
 190.07883  179.79578  189.63649  186.23184  216.16623  201.2734
 231.98967  207.06367  196.53667  231.00038  193.42108  203.5693
 174.22766  165.90567  133.74222  178.2782   218.34741  139.88406
 175.18092  185.30232  217.06516  153.18864  183.15558  171.93529
 186.81944  176.85861  199.88023  185.42229  156.9792   208.82565
 171.97076  207.18398  105.249954 231.68362  202.87106  173.83675
 191.20053  153.26439  171.44093  216.3521   161.50775  138.00694
 185.122    153.50714  168.03908  223.91907  164.27127  154.10455
 155.19473  230.4888   170.69221  171.36786  176.46524  176.61139
 191.11282  217.61978  212.9712   179.22691  213.36188  206.66829
 177.92735  192.55605  191.54248  153.9532   182.55301  161.93419
 189.80011  182.49806  138.99545  200.55197  186.69571  224.42712
 159.24455  235.7475   211.30934  116.82839  193.49974  199.0475
 195.75076  157.71008  198.0808   167.97343  191.56277  230.89919
 187.7887   227.18826  204.94771  174.36763  165.037    178.79906
 221.9407   181.37984  161.3203   168.94772  205.78867  190.49008
 206.19312  175.97345  148.78404  165.30786  199.57782  166.2745
 173.79     189.58609  156.51706  187.49472  169.37823  196.31598
 183.15927   91.41511  194.08675  178.1146   146.88013  208.90555
 174.66284  200.42244  149.67424  140.9667   203.5095   193.75435
 233.76663  162.40126  205.41031  184.11856  215.31242  181.59663
 180.65341  172.90253  171.97997  181.98737  189.36177  196.56456
 204.64005  184.69023  202.58577  192.61996  141.51534  200.9476
 162.94656  195.63852  191.19785  186.90202  174.27563  169.69995
 241.06624  181.6533   186.87494  182.61003  215.68396  200.5485
 160.012    168.03653  189.83984  171.32904  132.53072  173.81717
 167.22957  177.3394   186.25554  174.67766  184.48892  142.90218
 191.54143  187.21815  174.27661  178.54758  194.83597  192.36668
 180.2257   188.49597  188.16791  178.35858  169.73268  181.023
 162.98306  168.24994  181.59375  166.57448  207.15031  170.39565
 157.85556  121.51678  207.14154  183.05217  173.2606   202.30702
 224.50334  204.47604  177.07607  185.72122  198.86098  149.11565
 161.7981   185.3329   163.16435  196.92107  173.8743   191.71877
 182.54553  173.83244  204.77303  180.06485  210.84601  164.19724
 181.4211   185.06245  175.85161  171.35527  280.945    194.28175
 211.54999  175.10657  184.47623  165.1089   178.97765  193.40935
 165.77707  218.62376  206.35464  207.29955  195.52214  160.11548
 232.67336  171.20139  156.14938  194.41812  189.7377   189.11688
 133.7777   115.73039  180.24806  203.06061  169.5558   172.10544
 233.18277  202.2406   147.23506  210.3638   178.50697  226.11816
 219.73782  156.2038   197.74167  166.27289  185.64447  177.04788
 164.37819  176.91702  180.03639  183.21307  246.9864   134.83315
 173.48619  154.7529    67.14283  173.20554  220.38289  210.29878
 199.94002  157.91975  232.29813  213.62134  141.17488  201.6984
 191.53639  160.31483  183.54607  180.49257  215.19667  172.74432
 188.86098  194.43703  192.9331   179.78613  207.7944   156.03656
 185.63043  157.3279   170.88863  153.55696  187.18327  192.26575
 219.05067  167.29797  160.13364  144.75887  210.88329  176.37848
 190.21196  128.87766  168.80249  170.51726  135.88147  195.97005
 183.7242   167.0834   183.9222   193.11803  180.93964  190.78557
 215.39044  180.89497  156.74623  184.06264  155.43816  152.71136
 208.10149  151.37698  151.30556  194.34451  148.97957  152.0825
 156.38083  157.1195   151.46623  126.06777  213.40062  197.29483
 173.19643  134.1066   141.48656  192.63866  195.17761  192.14856
 208.43584  199.22896  165.0535   185.18158  144.4223   198.06105
 176.14833  163.84071  193.24387  216.1793   195.71808  191.16444
 182.05118  156.43292  161.29742  194.07599  230.07715  205.69647
 191.95526  201.87514  183.85333  207.38928  175.56108  164.98744
 171.86218  184.40497  156.62477  158.37405  192.98135  193.73651
 183.54613  181.75261  207.36403  208.16537  193.65125  163.17126
 169.4039   212.93272  217.93478  183.10902   65.35679  203.04008
 158.16599  185.87918  167.49652  213.93248  194.0371   176.45229 ]",[5.89031  6.886184 5.295813 ... 5.373085 6.078461 7.048463],5.87013,0.11405541561712847,0.3093945958510856
4,3970,Transformation_Matrix_W,"[[ 0.20828456  0.41128078 -1.0595939  ...  0.5738198  -0.39959386
   1.2794266 ]
 [ 0.83660007  0.85490936  0.8074865  ...  0.10112709 -1.9148862
   1.2832953 ]
 [ 2.1412559   0.9014508   1.6499339  ...  1.8213692   0.21020724
   1.7433246 ]
 ...
 [ 0.9483282  -0.5442647   0.87057596 ...  0.5796315  -2.44957
  -0.5939347 ]
 [-0.5245953   1.3481634  -2.5911734  ... -0.45703036 -0.1931152
   0.21200453]
 [-0.9908436  -1.8012174  -0.73665625 ... -1.3605344  -0.05772058
  -0.03912253]]",,"[194.78566  195.26965  158.10443  156.9073   165.52841  194.27654
 185.06964  204.45941  138.29987  160.61171  147.52779  165.02618
 175.19643  177.14856  167.69489  154.85283   80.01776  200.11589
 151.82729  199.72266  137.76959  158.01044  171.97955  218.1056
 159.54185  173.04895  241.29683  175.45038  169.39449  148.6756
  87.83401  155.38814  199.90033   96.46765  193.8383   168.54303
 170.91069  209.286    158.34683  169.12141  201.08107  195.3435
 182.31377  135.28972  175.49861  173.04677  200.90318  183.8802
 183.63179  182.2372   127.4389   202.10336  163.00668  173.43367
 139.9635   187.58598  210.53532  167.61018  162.47037  188.92023
 201.73817  214.00262  151.25279  179.2033   182.9008   187.44484
 122.97398  152.57143  164.53769  143.76886  203.98563  204.97412
 175.12326  128.94632  152.64973  164.23882  221.03328  177.69617
 149.50742  220.77342  176.19174  186.66838  155.20853  201.51761
 156.036    132.54593  212.11145  178.11882  186.563    153.95326
 150.42737  200.73436  154.84224  184.81378  183.57005  192.81854
 195.01671  220.42207  161.36464  153.61003  179.25653  194.34604
 135.9212   194.67221  157.09915  163.87401  213.86551  206.69995
 180.63397  155.97809  186.18503  179.6514   148.0796   166.20036
 184.63219  162.83289  245.54816   56.786133 176.18448  171.41507
 219.05751  194.93658  160.65465  202.63037  161.81528  151.71759
 162.62906  198.51065   80.886665 173.38069  180.86786  158.21625
 197.60127  188.54927  185.19418  140.53827  153.97305  183.08846
 160.75642  168.71318  161.75691  141.87695  185.92082  148.31595
 155.98717  189.38625  165.52481  213.22102  175.57043  165.4801
 195.9232   189.7789   207.50995  174.12488  182.24878  162.54945
 180.13174  186.5011   198.66847  176.21016  162.5903   226.63841
 220.01685  161.62451  146.23059  151.24951  165.50151  109.06678
 208.78026  187.96158  190.82713  191.30717  213.60799  169.7118
 152.8734   153.91956  215.41666  183.04701  179.39961  210.71245
 159.14912  175.02708  165.66452  174.49394  159.20305   96.19653
 200.0213   204.02153  179.29596  179.64105  167.47893  166.81165
 172.56306  145.43683  227.03697  225.43312  150.67474  131.97365
 206.66672  183.51363  168.95203  218.7419   194.6302   193.4475
 136.97122  179.38057  175.63077  187.59187  235.07584  185.30618
 128.93132  189.73665  132.21436  181.2006   166.57455  185.0853
 130.6414   154.94244  178.92665  180.62375  179.45036  149.03487
  89.548836 131.49724  186.42426  211.36348  179.67664  222.43938
 193.56784  175.25719  198.64551  217.29884  142.77786  175.19704
 144.82059  191.74677  162.27727  172.13591  189.07799  213.1949
 186.43507  191.41853  221.30301  157.15318  177.13129  144.39076
 170.20087  179.15495  188.4203   189.6339   167.796    206.15903
 179.46373  174.96071  186.80563   72.01014  139.29128  138.46423
 149.88821  204.86745  161.1329   172.25517  148.55057  176.54892
 234.53656  187.72557  172.08884  187.83307  160.57722  206.04242
 216.1021   210.73314  185.40373  133.1983   180.34393  154.32391
 180.33055  168.5945   183.03963  151.79317  157.07896  194.19246
 163.14432  152.04948  204.80717  189.22653  170.31941  195.61684
 191.95195  207.49147  178.89241  179.31136  162.75232  178.59445
 173.48312  201.5016   128.87675  181.37329  182.15315  157.87686
 163.74239  234.24837  192.6346   195.25316  162.07423  189.98894
 192.94414  169.52983  217.36386  125.822586 187.44981  178.96597
 169.00249  169.14429  157.39473  180.25153  180.74643  200.78996
 188.82304  141.89981  173.21472  181.41109  185.51727  182.1413
 178.32054  192.26366  160.70567  174.01994  153.75777  182.71158
 157.80057  177.9534   218.28796  178.63225  177.5811   154.53795
 136.83528  188.08601  193.42592  162.54668  201.18588   65.12482
 200.459    184.679    136.0495   228.6151   176.35631  170.04584
 154.03468  189.70787  146.18045  171.03445  160.27162  155.30576
 184.81178  166.4762   192.54584  171.01826  197.07335  182.1791
 176.7868   164.40222  187.07172  184.78267  216.61781  185.98686
 182.09102  189.27234  147.45525  143.55826  216.16374  188.70004
 206.51219  189.9222   164.88991  172.45145  162.68886  168.30453
 182.40494  252.29579  175.65477  162.28995  196.60036  173.72804
 169.2818    63.47972  153.00829  165.13899  197.87709  173.98378
 187.26352  159.77899  164.88133  151.01283  145.25406  186.96231
 192.07506  178.4106   187.84415  178.60037  207.03586  193.64629
 224.76003  199.6424   193.79857  226.64885  181.66006  201.30539
 167.97221  159.72223  127.89915  171.0526   210.17616  138.8043
 168.77866  183.71149  216.67589  143.75484  177.62242  166.98575
 181.72826  173.02065  192.16164  177.2944   147.62027  205.62436
 164.51198  200.88454   99.41547  227.60527  197.72197  173.15471
 190.1111   144.93443  170.05186  209.44247  158.1819   138.11356
 180.10179  151.77515  162.0211   217.16017  159.20293  153.87636
 152.71399  225.18922  163.65057  170.50726  172.81088  171.84021
 188.96164  207.78487  205.51332  179.26704  205.72856  197.22046
 171.41255  181.24506  188.94418  151.62505  177.32141  157.10619
 183.9844   171.2412   133.84196  187.9199   178.21774  215.088
 155.10176  224.45325  206.60152  109.33016  184.60646  193.45593
 193.1352   156.18982  191.94193  163.02182  188.07974  222.99799
 185.94398  220.29602  195.39925  169.96553  155.53448  175.14108
 214.91214  178.39009  155.32663  165.73259  198.86595  182.61966
 198.99947  174.26123  146.08987  162.00526  192.23964  164.42491
 168.66507  182.48788  152.86421  188.86157  164.10504  194.31358
 180.1991    87.91111  188.54593  169.4329   139.37987  204.77522
 171.09695  196.72545  144.11594  139.00598  196.01984  188.46747
 226.09743  157.78795  196.42839  180.44496  205.77112  176.21518
 176.63397  167.51065  167.21161  174.03874  190.04977  189.665
 203.1314   183.97972  198.59726  185.6898   139.94772  197.45763
 157.10199  190.60902  190.51749  182.13692  165.80238  166.74223
 229.0513   177.1301   178.9053   176.73714  212.21765  194.77126
 152.90062  162.51     186.71631  164.69603  131.91988  169.30539
 161.68681  172.62082  179.38281  165.51898  181.49196  142.45432
 189.25922  180.38365  168.11693  172.91446  191.66806  187.94225
 176.02303  177.70753  184.09909  174.34433  168.4129   174.7402
 152.85556  166.06113  180.2657   164.55568  194.29256  165.86359
 154.51204  107.933075 195.00085  173.32236  166.46118  191.75128
 214.1547   194.2863   170.5646   183.19786  194.32278  142.65244
 152.0043   178.18542  157.79651  189.97058  170.16585  187.75568
 176.00198  167.35516  198.98734  173.52716  205.86586  157.17476
 177.90192  179.97765  172.88853  168.80136  278.78235  188.7509
 204.00674  169.07216  178.55457  160.82689  167.91393  189.49876
 158.78085  207.68695  198.0997   204.16447  181.10435  155.06258
 224.47429  168.52089  153.24065  187.8004   187.8874   183.8265
 111.2337   107.44099  168.88951  197.47668  165.2698   169.50362
 230.66205  193.84712  143.19472  206.8742   173.14296  219.91945
 213.73497  154.18202  192.66206  164.79015  176.3422   176.19655
 163.4874   166.00363  176.42752  180.1807   239.05885  132.00375
 164.64468  152.14272   64.51976  164.49701  207.82764  203.06851
 189.30783  152.40129  225.64018  207.15147  137.71606  198.13687
 185.97925  155.88036  180.61006  174.43864  206.72986  169.06155
 186.40138  187.12463  186.92723  173.99771  201.37288  150.84834
 180.57382  148.95834  167.22043  152.18861  185.98814  188.35884
 214.2368   164.49815  154.55232  138.3645   207.29897  166.83313
 184.51112  123.71342  163.55434  166.59596  135.13313  189.1636
 180.58139  162.14816  180.08589  191.92592  170.69923  186.21582
 212.21986  171.43695  153.89421  178.1438   150.5561   149.53201
 199.54152  147.61801  148.0165   187.91109  144.0191   146.87827
 152.63997  150.60583  145.21591  122.76155  208.6705   194.90819
 167.32668  127.08736  128.11972  192.3247   186.44785  182.63239
 201.53857  198.84807  160.02715  176.69783  141.80577  190.53665
 169.2328   156.22862  188.71184  207.37686  197.57623  180.68324
 176.34268  155.79028  156.33435  190.49944  222.38542  199.25632
 184.88855  191.64633  178.75017  202.67122  171.52454  160.48323
 170.04994  174.72133  151.56348  150.19586  188.07718  183.22641
 177.75374  179.508    199.46635  203.85289  185.81831  154.08455
 166.25555  201.48705  209.89285  178.10081   62.177895 199.49594
 156.0516   181.30165  166.92911  211.59984  186.73282  172.1375  ]",[5.918824  7.3646336 4.6460123 ... 5.4575276 5.766187  7.3851523],5.7816534,0.1470528967254408,0.34303322132569036
5,3970,Transformation_Matrix_W,"[[ 0.76018137 -0.06019177  0.19368394 ...  0.5927197  -0.48140672
   1.9373947 ]
 [ 1.6246033  -0.52476424  0.6678761  ... -0.21407127 -0.28273162
   0.5220489 ]
 [ 0.73243076  0.15603422 -0.66630596 ...  0.6508543  -0.4451094
   1.4770665 ]
 ...
 [ 0.10587999  0.00992645  0.590713   ...  0.76959026 -0.8931129
   1.9251406 ]
 [-0.78340924  0.33020645 -0.754711   ... -0.9605563  -0.5337132
   0.15953554]
 [ 1.2093942  -0.54244417 -0.5505773  ... -1.4452466   0.14488462
   0.12048761]]",,"[186.53542  190.37276  151.05174  147.7435   156.61525  184.94106
 184.3116   197.01115  135.40125  160.88992  144.80688  154.32422
 171.41333  167.81569  159.46873  140.39151   75.241714 196.90863
 143.32352  196.59845  133.05891  155.92255  164.99359  200.79546
 154.80629  167.40282  230.77266  167.79465  164.01466  143.85959
  83.31809  148.36545  194.66847   90.606674 190.08557  159.7214
 160.9959   201.01633  151.04936  163.217    186.65067  189.5936
 171.791    129.61874  168.45439  166.49269  188.74698  177.28117
 173.35745  172.24452  123.72811  189.28941  158.50948  161.82999
 131.33597  179.2699   199.62234  160.57266  157.8887   186.86136
 192.62791  203.66054  145.51006  166.77711  176.82639  181.55687
 115.52652  146.22406  161.81609  139.09953  193.04308  195.27512
 172.8695   120.05155  151.04947  157.41464  214.82915  168.85965
 148.12917  209.21472  170.55551  167.02658  157.5845   192.58385
 151.98906  128.03809  198.89175  171.83835  178.2699   149.09857
 143.65697  198.86902  150.8856   175.62643  174.19502  181.17116
 182.49539  209.053    159.24771  148.52919  173.56587  183.48161
 132.80214  181.55905  150.30031  158.55048  210.25604  195.51837
 176.14903  148.78905  177.80107  171.09558  143.23045  159.07703
 175.11136  162.61409  235.57591   52.124683 172.05112  166.53253
 206.56943  187.04271  157.17001  191.14165  153.72327  145.40654
 155.0882   190.74426   75.69782  167.04237  172.267    152.2095
 189.77692  182.29723  177.87332  129.82469  147.12677  178.85925
 153.33621  162.7169   154.67377  141.3561   178.2098   144.24417
 148.83029  176.7416   163.84824  209.59421  166.74138  160.77805
 183.25034  181.92715  201.6145   164.85156  169.20381  161.00655
 169.51582  176.2315   190.93163  160.71835  159.30768  217.62294
 212.918    156.11302  141.36742  148.36516  156.95879   98.99898
 208.71489  176.57788  179.98486  187.88297  205.78539  154.71193
 151.65315  147.68753  211.17268  172.25352  167.25386  196.0917
 151.49948  169.99118  159.71309  164.10968  155.29561   92.23585
 189.19003  196.10262  168.66351  171.09764  165.00867  159.86021
 163.95319  140.46054  215.11539  210.89015  143.44666  125.4146
 196.45135  175.06963  166.11536  207.78688  186.06912  183.75967
 131.43222  171.24266  167.91656  181.73578  221.90991  178.43121
 123.86486  179.17285  121.90254  176.55913  161.66396  176.60843
 124.22017  150.9579   165.85262  178.16127  171.02902  141.11313
  84.09895  127.973114 174.92357  205.47186  172.36966  215.79639
 184.16505  166.24478  193.5768   211.82118  133.64528  172.46194
 139.44814  184.45174  155.93053  167.35599  179.94254  207.18436
 183.23906  181.70552  212.57664  153.03494  171.06638  134.10692
 165.66032  170.96266  177.83296  178.74774  158.79002  192.98753
 174.40163  169.51253  182.6111    65.61195  133.45813  129.02885
 144.74603  201.39774  153.31505  170.69003  127.23071  168.09422
 224.09206  184.87747  167.23004  178.72191  154.06772  203.76578
 207.6803   205.85771  175.2726   125.98364  173.18362  150.92455
 171.35345  164.77162  172.04216  149.83026  148.10423  189.29196
 154.33542  142.71468  192.69984  183.26743  159.24565  185.87547
 181.75784  199.40009  178.39644  174.23434  152.81818  170.51747
 167.65659  191.23218  123.125694 175.61913  173.11053  150.78978
 156.86662  218.0383   180.30583  195.21947  159.38988  186.28351
 185.5587   160.85596  208.1574   114.64902  182.94547  170.70236
 162.91124  163.70055  154.12218  179.80052  174.4351   191.2143
 176.92725  134.8561   158.46776  172.3451   177.94205  177.47449
 173.40443  181.201    158.98286  167.43938  145.69983  179.65701
 152.64485  175.76971  212.39816  170.26343  178.7269   142.40442
 124.556175 184.90208  184.18533  156.66718  197.26903   60.989655
 190.20976  173.36922  121.20429  216.97028  173.10509  163.56071
 151.4146   184.06831  129.96017  164.4551   157.26808  146.07661
 172.86183  160.29066  177.48726  165.79663  189.61592  173.50908
 174.53755  154.63977  179.54219  181.45631  205.56831  181.82219
 175.38388  181.84302  143.25931  137.71928  202.62775  180.34854
 200.28433  181.90196  162.38681  167.76924  152.8653   158.96526
 169.94365  242.04068  166.42769  157.23656  191.42218  165.52776
 162.05745   56.51042  147.13062  160.58781  189.47244  168.82617
 175.96747  151.39732  157.55159  146.55917  137.68658  179.62796
 178.41345  170.01782  180.52544  173.8032   194.71642  183.03012
 219.03427  196.73145  184.63348  218.24792  175.09552  194.60042
 164.15012  154.84846  117.272675 166.58923  202.68541  132.14513
 165.91838  173.21613  212.64677  136.05588  173.19029  161.46005
 164.6324   166.6013   184.91873  174.83852  134.39288  190.92612
 158.43344  198.54163   93.87166  217.84433  196.7398   173.91263
 178.09355  135.88113  161.88408  206.62198  156.62123  131.16866
 172.96053  146.87827  154.06384  204.87344  152.73604  146.08284
 149.80365  215.18298  157.52791  160.5552   165.05937  160.45464
 178.70924  199.12253  198.29453  167.94727  193.07254  187.8355
 164.6558   177.52208  182.00706  149.05785  170.09871  151.58878
 178.98317  163.62634  133.8471   183.66666  173.98932  205.79181
 147.8014   217.94142  191.72156  102.79447  175.34091  183.86101
 181.36383  150.63483  183.49359  158.79626  177.58186  214.1078
 178.9964   207.6144   186.01251  163.2269   133.11626  169.39706
 204.88066  168.832    147.86534  157.00186  183.78313  171.2647
 189.47795  171.53537  134.68541  160.58147  187.9568   159.84836
 161.13362  173.5301   150.25603  179.67824  157.50711  186.94203
 171.18484   84.30152  179.30157  152.9189   132.69994  198.18192
 165.4427   187.05998  138.04005  134.13367  191.79     177.66861
 210.86388  156.39658  188.72122  174.95963  192.27617  171.36908
 167.0931   158.99463  160.5699   173.36395  180.47955  181.39427
 196.48705  176.87364  194.33409  176.44667  131.68413  192.84735
 152.4101   183.26003  181.91566  178.12723  163.35776  158.33171
 213.49529  169.96086  178.21976  165.99873  203.48343  181.20927
 148.13951  157.11908  176.92038  158.31189  129.60744  165.11407
 157.38196  171.64873  175.18036  157.96388  178.49956  135.62274
 185.78197  171.34323  159.9604   166.80582  183.16869  184.23248
 167.25612  166.59514  179.40355  167.28738  159.5224   172.42313
 141.18044  159.84389  169.46284  160.68797  190.90732  157.79405
 149.938     91.82039  181.44788  165.21051  160.41302  181.25781
 206.85661  188.02103  159.1123   174.10904  188.64955  139.33842
 145.09311  169.00777  155.90288  182.7578   163.91833  181.38518
 165.3193   156.39183  191.70932  173.18481  197.25302  150.8264
 175.49162  172.75455  160.55653  161.77904  271.6888   181.41928
 198.33221  168.22937  170.4227   155.97281  164.60873  178.34955
 149.65434  197.17345  190.91449  196.1351   172.52226  148.98938
 211.80893  163.85329  149.60468  186.42065  180.8326   179.33487
 100.9268    98.25364  161.34311  190.26154  159.59386  161.77972
 220.35057  187.03743  136.68901  189.25159  165.8247   203.24164
 207.73024  147.36787  190.08075  156.67644  167.99985  166.3523
 150.67146  163.39201  168.79587  171.6631   232.4822   126.0114
 158.74821  148.15948   61.619473 161.53781  199.6752   190.53766
 178.87303  149.09727  211.90215  195.63268  131.30743  189.73174
 174.18729  150.19507  171.25458  169.19559  199.9918   168.2727
 174.78418  180.42616  177.34846  168.8449   195.22156  147.63336
 171.19125  136.98552  156.73466  147.66768  173.43608  182.31204
 203.85623  163.64365  143.62663  136.92995  191.59474  161.62115
 175.21371  119.87802  152.22525  161.92801  131.77924  184.37076
 170.83423  156.26094  168.95058  186.06348  163.51651  179.60233
 201.24641  169.03247  149.49045  172.59769  147.79033  143.0255
 188.85628  139.86295  139.17464  182.36526  140.95593  141.03746
 150.2187   144.28378  142.0214   119.523926 200.27853  189.75865
 161.88136  124.03285  120.56185  180.02533  184.7373   175.89848
 195.6377   194.19322  158.0251   169.15067  137.40587  183.13184
 162.69882  152.18358  178.74254  200.13628  186.47528  171.59587
 172.65352  151.4391   152.86485  186.97409  211.46115  193.6591
 176.23376  179.9712   171.62268  198.56903  163.85788  153.11702
 163.0293   165.39764  146.4139   143.12282  180.33449  178.604
 170.31653  173.64825  188.9748   196.32306  181.58284  145.6012
 158.39268  199.49594  204.19229  174.39577   58.022297 190.43918
 144.97992  173.37263  162.41887  198.14072  180.96487  161.96123 ]",[5.9209156 6.99982   5.18035   ... 5.4116697 5.663787  7.2644587],5.6590476,0.20030226700251888,0.384326960687852
6,3970,Transformation_Matrix_W,"[[ 9.55672041e-02 -1.40162148e-02 -5.47064207e-02 ... -1.50560006e-01
   3.75580281e-01 -6.14340068e-04]
 [-6.14680350e-01 -6.02710135e-02 -4.72218871e-01 ...  4.20239270e-01
   3.39126587e-01  3.85241181e-01]
 [ 7.31610954e-02 -1.24120146e-01  3.67447913e-01 ...  7.30842352e-01
  -5.22153258e-01  2.81725138e-01]
 ...
 [ 6.62102759e-01 -1.65978894e-01 -4.54762876e-01 ...  5.01590192e-01
  -1.76775590e-01  4.33128297e-01]
 [ 1.84843361e-01  5.77161014e-01 -1.48415372e-01 ... -5.09742618e-01
   7.23468065e-01  3.86354804e-01]
 [ 3.47544882e-03  1.89473063e-01  9.67104211e-02 ... -1.24238901e-01
   5.60144424e-01  6.52122617e-01]]",,"[180.93689  184.34798  148.1508   142.73302  154.6064   174.1407
 181.9248   189.47392  129.56908  154.19128  138.50899  145.86897
 167.07347  165.77667  151.13466  135.027     70.10798  186.65347
 140.82076  190.53409  129.856    152.4577   165.01456  197.0382
 150.27528  165.81065  231.01971  161.61812  159.00252  141.6159
  78.70714  143.27783  189.38278   87.52111  184.74324  159.3339
 159.15472  198.46852  149.21553  155.18526  183.55467  183.16574
 167.4155   122.1295   164.46564  163.10869  183.24673  170.80179
 169.9357   166.34537  120.09187  182.79509  153.89925  155.25415
 131.47995  172.55475  195.45366  152.39177  156.26923  181.29419
 191.04317  198.38205  139.03334  163.17085  175.21408  175.14473
 117.4241   138.69731  152.1564   134.42752  184.66698  193.0923
 171.31345  116.12479  144.46407  155.73206  212.16348  166.48242
 145.29115  199.35345  164.80353  154.28647  151.30507  180.17052
 148.27829  124.58462  193.16425  167.20992  172.40053  145.78798
 138.45164  193.43062  147.13982  170.04948  169.6016   172.91672
 182.00609  204.08067  153.81471  143.84727  170.76726  178.97987
 128.4699   176.62932  147.73096  156.97269  199.66711  189.98766
 170.6435   145.09694  171.97273  167.35043  135.71642  158.14862
 166.04149  159.10306  220.61494   48.121124 165.61444  162.02722
 205.20181  183.52435  158.19661  187.74435  151.52034  142.93144
 151.83752  187.68198   72.93697  169.20901  171.81982  146.06708
 180.81412  175.58383  175.50143  126.726585 146.43265  172.53534
 147.98225  160.78618  152.17146  135.31877  172.63342  138.03029
 145.39404  169.03015  157.04161  205.28955  158.13914  156.2539
 179.47238  178.90913  201.49663  160.32028  164.21162  152.85814
 161.32411  176.1649   183.28714  153.53185  158.21246  210.87956
 206.51472  152.92342  136.88034  144.83418  150.80197   91.720245
 198.96112  173.27449  173.50711  179.7304   196.84584  149.69899
 145.85614  137.15892  200.33546  169.63866  163.13657  189.39076
 151.98677  166.36224  153.88492  163.62498  153.5095    88.72317
 184.12053  196.7518   155.3779   161.12541  159.08588  152.88567
 159.54066  136.97134  211.14407  207.74472  143.80058  126.40112
 191.8434   169.85068  160.91945  203.08723  178.0228   181.48344
 127.74891  166.84912  161.96129  174.32893  217.03897  175.25772
 116.44234  174.98946  121.53649  173.22815  145.44783  168.84938
 120.138466 144.8812   164.84044  174.60512  161.18462  139.6425
  82.2633   126.21241  167.7761   192.91911  171.56845  206.19089
 183.84486  161.97324  191.92253  205.78253  128.40572  164.49074
 140.98247  181.51152  147.78468  164.61864  174.51216  198.22414
 170.20602  173.86298  209.64886  146.82867  166.83038  132.3783
 159.98286  165.70464  170.9274   174.76915  154.81834  187.56917
 171.57544  167.82262  176.80817   60.352978 130.86803  127.38934
 144.07635  201.69897  148.00664  167.03476  115.098495 162.5908
 212.23076  182.19902  166.04457  172.48462  153.90356  196.07095
 200.74739  199.95718  176.40547  118.30751  167.20987  140.80533
 168.77795  158.95325  164.80266  146.00737  145.2134   184.34921
 147.34535  139.90263  185.89348  181.43759  162.74304  181.70477
 174.9653   191.14346  170.3819   165.88292  152.81601  167.93562
 166.24136  190.66481  120.53398  172.35452  166.44655  151.0602
 155.12935  213.05984  175.26884  193.73674  152.30142  185.3127
 182.09056  156.69652  198.81964  112.40141  179.1603   167.12102
 162.3541   158.72305  152.79684  176.41888  168.479    181.28813
 170.2578   133.07536  157.39743  170.07504  175.08046  169.61462
 176.42088  173.08434  155.17822  164.7423   140.4187   170.69565
 152.10458  167.85214  201.85709  164.41255  177.17607  132.21469
 117.382484 176.6798   178.54001  150.77075  191.26387   57.8468
 183.57925  166.40283  111.27573  211.69193  165.63725  161.28517
 147.6605   185.00536  118.92226  158.28183  153.76373  150.97516
 172.5568   158.91794  172.02661  160.79773  188.34158  164.5071
 172.13568  154.83527  173.21153  175.56178  201.23637  175.19261
 167.29668  173.58585  138.9747   134.117    199.21065  170.52602
 188.28046  176.58755  160.74467  161.50974  140.49767  159.07256
 164.14662  232.26288  164.41652  157.97032  185.49185  161.16809
 154.3131    53.828392 143.64607  153.42451  185.35698  164.20833
 167.94638  147.98187  154.11018  143.78508  137.54427  177.19563
 177.05704  164.23807  177.74712  167.52689  182.10983  183.87645
 211.96733  189.28955  178.66814  220.95105  172.43488  191.94444
 159.95728  156.29102  109.106766 169.48547  197.59717  130.62915
 159.80728  169.56953  201.19965  128.92274  167.28685  156.06496
 164.08755  158.57361  176.52724  165.4161   132.15239  191.45683
 154.36095  190.18614   90.59167  214.3284   190.45277  168.26637
 170.85605  125.21003  155.56532  197.1762   154.3591   132.39342
 172.92108  141.97963  153.4287   197.75713  150.43402  143.91772
 144.389    209.54347  158.71306  156.53723  156.92523  161.36533
 176.83705  200.63632  195.96011  161.27716  182.15211  179.08783
 157.9229   167.70064  176.66629  140.63004  162.10152  146.19164
 171.8028   162.27576  132.26654  173.58351  170.19002  202.91145
 140.89648  214.11766  187.91144   99.4374   166.67781  184.84944
 182.84827  151.63377  182.72604  154.69843  173.4965   215.77408
 173.48492  206.5136   177.55649  159.35068  115.982796 159.50124
 201.4024   166.16608  143.60468  151.82059  180.33339  163.66814
 186.02795  166.59856  126.23243  155.53079  188.00694  154.96407
 158.0035   173.27623  146.10089  177.7106   152.20392  183.66629
 169.8678    82.18052  176.39757  150.59695  128.8997   192.89702
 162.0507   179.64499  130.09074  130.88281  184.22842  174.16042
 198.40956  150.27156  186.49939  172.2682   181.88759  164.72574
 160.31     157.20154  157.7312   166.74959  173.70251  175.4719
 190.47559  170.10799  190.75533  180.11617  126.04285  188.46333
 148.15997  174.89473  171.1115   172.19696  161.10583  156.25827
 209.37383  168.72266  174.1605   162.5054   198.50946  175.7802
 141.44167  153.40996  178.63724  148.86058  123.28154  163.09966
 154.08655  165.4725   171.2639   154.76869  173.07266  132.59546
 180.33694  157.51787  157.98662  160.52602  180.11069  179.55275
 168.18948  159.76437  169.7541   160.48038  158.93037  163.19983
 134.89546  154.84706  172.21927  159.04805  183.54834  158.29413
 144.66396   85.46734  178.31537  157.40999  155.54532  177.41643
 199.74045  191.51685  154.82213  167.64789  182.29112  136.36942
 139.68561  162.80699  152.99376  177.16243  160.4161   179.54861
 158.69777  152.57968  187.46411  168.6868   196.85524  145.92696
 165.27791  166.66522  157.9437   158.81725  269.58932  182.7944
 190.41321  166.32614  166.56673  155.68777  161.67526  175.55092
 150.55783  192.92552  183.36485  184.11237  169.97824  145.48402
 211.22115  159.21439  147.52136  176.42569  174.20091  174.13193
  94.78216   91.07856  154.16971  184.6479   155.21143  156.99997
 214.62029  179.9955   131.4107   183.99231  162.28168  194.86658
 201.89224  142.62593  181.02415  154.63443  167.0013   157.89558
 147.54337  160.64114  164.8766   168.56331  221.36122  124.979996
 152.89896  143.32      60.216976 157.7185   195.63376  195.08595
 174.69197  144.67422  204.46474  188.96869  129.83633  180.11336
 171.62317  146.23683  162.95226  165.94647  193.46265  165.79482
 175.82831  179.28021  168.71397  169.07954  189.10411  140.7428
 163.86615  134.75908  148.34212  144.77895  168.01889  167.77985
 195.99905  160.61156  140.67403  133.86351  183.2026   161.80917
 174.78003  117.18903  147.17444  158.2887   126.40187  177.26282
 163.26115  155.87608  164.94916  174.74625  161.13876  176.66267
 195.42917  163.1454   146.547    166.83368  146.93428  141.90082
 186.43231  132.69261  137.92282  183.58324  135.25508  132.36122
 145.24095  140.13062  138.2781   115.43227  192.16551  185.67686
 154.63393  118.36345  113.22165  171.10373  176.55876  174.79868
 190.71002  185.5891   150.41507  164.39732  136.07733  174.21587
 162.9216   147.32298  171.80202  195.5248   185.57596  169.85445
 170.18283  146.30006  152.62057  177.63484  208.94194  183.27107
 168.42725  172.97372  167.45819  189.37259  164.86903  152.29782
 160.68127  160.7032   144.30618  140.95786  177.59549  179.22885
 166.81082  166.7037   176.72914  191.8091   179.34294  146.75877
 153.408    194.44429  193.88097  171.2332    53.781532 191.5298
 145.25958  166.05368  159.23494  196.58278  170.5584   153.33272 ]",[5.607585  6.7105036 4.733928  ... 5.205908  5.1257677 7.1537185],5.578386,0.2343073047858942,0.41248638654828457
7,3970,Transformation_Matrix_W,"[[-0.17531031 -0.8329024  -0.34416434 ... -0.06468964 -0.16909026
   0.10874853]
 [ 0.17775919 -0.08793754  0.01943992 ... -0.41947532  0.05052222
   0.106266  ]
 [ 0.2661465  -0.27965015  0.4286144  ... -0.24679606 -0.6407857
  -0.12581462]
 ...
 [ 0.22824927 -0.04237242  0.1252137  ...  0.2439429  -0.13526146
   0.15954451]
 [ 0.3028554  -0.19581304  0.7436861  ... -0.7356496   0.45351472
   0.17454891]
 [ 0.16315393  0.08880835  0.05885413 ... -0.44947454 -0.00524966
   0.56714183]]",,"[172.23781  177.56519  146.71468  143.40092  153.82755  170.18584
 169.94728  182.76433  121.439156 149.76927  130.72092  143.48808
 158.82956  160.53473  151.72827  123.51082   68.18283  182.57559
 139.3279   181.25224  128.13528  147.14409  162.11868  181.90549
 144.3647   163.9958   215.61082  155.96368  155.96892  140.38838
  72.830536 136.17162  181.94356   84.50252  179.35966  157.73894
 151.57614  194.33986  144.66203  152.45529  178.90143  180.54713
 161.2347   119.250084 160.1037   163.22322  180.15283  168.5357
 163.56189  166.67537  115.13579  178.93524  148.95984  150.03123
 125.80571  171.57982  189.4324   147.4723   151.92816  171.86757
 187.41092  193.66133  134.12712  158.30284  170.63057  172.85687
 112.62294  138.09348  149.94429  130.30182  175.96202  191.9055
 165.43507  114.331985 140.37807  151.46744  210.4046   163.5701
 137.57358  192.2193   157.28351  150.78387  148.12825  174.49626
 145.01305  124.29008  181.2677   160.09283  169.36076  136.58167
 137.63266  190.66422  142.64162  163.49701  163.50938  168.09685
 169.43839  196.05493  148.21927  142.77943  163.85349  170.7759
 123.770325 168.36058  140.32553  151.74399  194.52881  182.04634
 166.60873  142.3083   164.09859  162.94106  129.94495  154.23772
 157.99391  153.42067  216.28899   46.19329  165.82156  154.37027
 200.61684  178.12965  159.22804  181.61375  145.93164  141.5819
 149.42397  181.29924   70.87215  165.52519  168.77757  138.40697
 172.39494  175.85316  167.87747  119.35842  148.70146  165.11284
 147.28577  153.1385   148.45729  133.93777  161.45622  136.28476
 143.32243  163.33076  153.02492  196.29927  149.95503  155.39882
 168.23236  171.51387  193.90474  156.04124  163.65031  144.89809
 158.04916  165.70709  176.71143  146.94713  157.22311  202.70491
 200.80688  144.29027  136.32124  143.36835  148.1777    87.50778
 193.87306  166.52065  172.1553   177.27904  188.72334  140.5169
 142.83252  132.55481  189.83984  163.82222  160.2482   185.52614
 149.15518  165.62535  146.70549  156.99829  146.7404    85.71539
 179.05354  191.93399  152.32664  168.22234  155.86324  147.79913
 153.5903   132.01717  206.27132  200.0385   144.22357  121.33874
 180.31227  169.66794  159.51097  197.32683  178.1045   173.08359
 126.06952  161.18607  157.3569   169.76976  216.56987  169.80182
 112.23688  169.4245   117.53326  163.53801  151.3119   164.25223
 117.41231  139.43689  157.07132  169.08493  157.14107  136.56367
  80.109245 121.543304 166.07515  184.267    168.25377  201.42665
 181.44319  161.54214  185.59276  195.50294  121.38559  164.0126
 139.56143  178.15553  146.03209  157.84311  169.32314  199.1077
 163.11887  170.99072  203.15518  141.86757  160.68605  126.3858
 158.58395  161.58736  168.78648  172.57092  152.2049   177.3239
 168.35005  162.88985  174.19305   55.219112 126.029434 119.684074
 144.95502  195.79008  150.36034  162.67435  101.27602  157.8241
 210.10431  171.27797  163.60904  166.33914  147.05234  188.85214
 192.6553   192.7007   172.98857  114.22328  163.11073  138.29509
 168.82716  159.30473  162.52307  141.72096  139.94698  184.00552
 144.69499  134.6293   186.11424  173.18387  159.6983   172.54643
 169.42583  181.83807  163.83426  164.19785  148.41364  169.94284
 159.9628   177.69267  121.315056 168.21814  161.58926  145.9118
 150.04439  203.48563  169.66035  185.74458  145.95168  179.62935
 172.09311  151.09087  187.05544  107.25727  176.21425  161.98007
 159.89485  157.86076  146.7399   170.95169  164.06808  181.84753
 168.41592  131.50471  151.62627  169.984    174.85492  164.48964
 168.92366  169.54375  150.56314  161.19885  139.00502  168.38174
 145.67706  162.12927  190.85226  160.17592  173.89227  131.56122
 111.836    175.45876  176.11888  145.71626  187.97652   55.292435
 184.14494  158.26529  104.759476 200.48375  165.09534  159.1324
 144.7161   179.52156  110.35542  156.04822  152.34433  146.62245
 169.80457  152.71306  168.60385  152.54381  187.1419   154.08989
 170.56734  152.47978  170.23349  173.47986  196.34534  169.18558
 167.95897  166.47404  135.50687  130.40408  184.95222  160.38812
 185.12617  172.99034  156.92548  160.74063  138.69154  154.78464
 154.10931  231.25816  164.01561  154.183    183.51126  150.6104
 151.8157    50.785305 138.5081   145.93796  179.28535  164.52666
 163.4212   148.09515  144.18227  139.62436  136.15965  172.70871
 168.01672  164.40968  170.14278  163.85905  180.53922  175.88313
 201.65717  181.10474  168.53255  210.66658  172.35114  189.17944
 156.7952   151.74478  102.73311  164.49431  187.31529  129.41719
 153.51958  162.67198  202.96921  123.83576  158.36127  150.47513
 157.25093  153.86238  170.52191  162.736    125.1238   183.75302
 148.95921  184.82634   87.95142  211.50066  188.33957  165.31876
 167.56624  121.13938  152.04839  187.53207  148.84047  124.54161
 167.9377   139.36554  147.37312  187.75113  143.70169  140.28934
 144.29958  195.44832  150.88957  155.30292  156.15704  158.88353
 171.8513   194.82367  190.36546  160.4495   175.52917  179.43071
 153.86143  168.56706  173.63913  135.08998  157.8366   144.88931
 171.44193  155.7931   127.1517   168.16878  160.09454  190.62497
 140.87173  206.31192  173.20245   98.26438  164.87817  181.09721
 175.75415  145.02463  182.34901  150.42111  171.43335  204.27112
 165.3981   190.61009  172.77238  152.09569  102.77173  148.78587
 192.24156  162.2176   143.35341  143.16737  170.67471  163.01291
 181.30351  157.41446  121.45814  153.03809  176.9958   150.20753
 152.5603   165.34023  142.50443  176.98608  149.97809  175.77669
 163.14566   79.345215 168.51843  144.83203  120.203964 187.44026
 159.59006  176.32323  127.88662  127.78253  185.49545  171.75266
 198.98074  146.09262  179.97382  169.48622  176.36761  159.28003
 150.80917  149.90648  153.96733  159.658    169.28503  166.09164
 183.45264  165.17355  184.2177   170.2034   127.825195 184.66116
 143.94017  171.54407  166.9441   170.48016  158.59982  155.17032
 202.77441  162.55592  166.40312  152.5407   187.13078  161.26726
 139.72427  148.35365  173.42917  147.89912  122.62566  156.75818
 145.61209  161.65118  171.30669  156.79713  172.74739  128.54373
 173.8529   156.14171  151.23979  159.87851  175.73952  176.13991
 161.17152  157.34198  168.80458  156.20197  149.42441  162.17422
 126.05652  149.0592   170.11     151.3091   183.35838  155.7615
 143.45682   76.59932  174.37073  149.42638  150.40929  175.01483
 192.56105  183.06891  146.98668  159.74727  180.97656  130.73608
 135.22499  156.08939  147.88123  173.14296  155.42155  170.38997
 152.80173  149.48056  184.44481  162.25916  183.62054  148.03358
 164.45267  163.36156  157.1378   153.14412  261.88965  175.05156
 187.2637   158.91557  158.59201  148.90984  156.42801  167.96849
 144.70372  183.43608  177.15768  179.80927  165.1516   140.88947
 205.77838  154.6948   144.75214  168.42154  172.71944  169.32451
  89.75352   86.81688  152.01158  179.09694  150.6634   157.29433
 205.32454  179.40189  127.454056 174.51152  160.48595  189.93817
 195.37411  139.44922  177.9948   148.43298  159.67204  155.23885
 139.28474  154.4003   155.99744  164.89992  218.18604  121.39275
 146.19403  144.08679   58.81103  155.6416   189.13107  188.75229
 169.4541   139.66808  205.08789  178.50507  121.289406 175.0285
 169.55078  140.79758  161.11403  161.63596  178.52132  161.68071
 167.99771  171.82547  160.7892   162.54672  188.33243  139.77576
 162.51733  127.92162  144.13118  144.43808  160.65761  162.6316
 184.02565  153.94684  138.09352  129.92639  177.3026   155.80502
 172.0362   114.35529  143.1389   152.7712   125.16257  172.42065
 161.99234  152.80864  163.94058  175.64348  151.03304  166.37556
 185.69394  156.86061  139.95622  162.32326  144.81413  139.45872
 179.68506  129.14574  133.44011  172.67126  134.29092  129.79585
 140.96756  135.17122  133.78114  110.115265 179.31955  185.14832
 151.7999   116.16944  104.153786 169.24016  173.87083  164.9671
 177.98338  178.1193   150.21306  164.61136  131.10004  174.82501
 160.7419   141.37038  164.83604  189.34361  178.17793  163.34155
 157.71829  143.55774  149.71364  167.99928  201.06165  179.25081
 167.0827   172.33904  162.4142   178.14667  161.75671  145.31071
 157.83469  156.38277  141.41368  139.20148  175.32767  173.52312
 160.06772  164.77068  166.70374  179.64023  176.65535  139.32307
 149.64062  190.26497  191.4904   171.15309   51.935997 187.08228
 141.39804  165.79927  154.44656  188.03308  155.94885  152.46541 ]",[5.657992  6.6025214 5.090222  ... 4.9038887 5.0793943 5.8451157],5.493015,0.2609571788413098,0.43758300416339246
8,3970,Transformation_Matrix_W,"[[ 0.11584209 -0.22253254  0.04684902 ... -0.31430557 -0.45208022
   0.01875848]
 [-0.11432658  0.18486767 -0.2684685  ...  0.19290906 -0.16285254
   0.12641196]
 [-0.06271479 -0.1654134   0.12532155 ...  0.15915668 -0.55541295
  -0.14801235]
 ...
 [-0.08083343 -0.02296592 -0.20023818 ...  0.2819207  -0.53450006
   0.30661407]
 [-0.04059267 -0.05047201  0.271838   ... -0.08268578 -0.00345174
   0.22866145]
 [ 0.2035215  -0.23131171  0.24717815 ...  0.18252476 -0.43834662
   0.31063905]]",,"[154.30775  158.79153  134.81435  136.70822  138.83347  150.20074
 158.39989  161.38956  114.01398  135.72818  125.04846  130.26753
 141.16997  142.6521   137.38994  107.107     60.828438 170.51958
 127.46426  165.59875  115.18272  137.59041  154.03969  161.3719
 131.30307  147.12701  194.72298  145.99432  144.10326  126.312416
  68.20886  126.919556 166.12276   78.42257  163.05771  144.28091
 140.49368  178.01894  134.78372  134.52187  162.3338   167.65918
 146.882    109.772415 147.08965  151.09828  162.96599  150.28592
 149.29025  151.7241   100.98989  161.06601  136.43935  136.91408
 113.541176 156.56354  172.17188  128.44385  142.00496  160.6115
 173.83502  170.14824  127.24796  142.85754  159.33582  161.08115
 104.555565 129.58559  137.28233  120.221016 158.81616  177.26102
 153.64894  103.68661  128.29958  137.31604  190.29865  143.42326
 128.24559  175.9401   147.79372  134.25793  136.22633  155.23509
 129.23296  114.900375 166.80219  146.43745  156.14877  126.54711
 122.10609  175.3386   133.82307  145.64865  146.94159  157.3409
 152.61734  175.89398  136.56793  133.75253  152.01688  155.10002
 118.91042  155.70065  132.10684  140.42914  173.56128  164.44821
 153.75427  133.24915  148.4854   150.02684  119.938965 136.88013
 148.27263  141.19527  201.21011   44.92368  151.80168  143.15312
 181.30869  161.66896  144.2101   164.22314  134.67595  128.53699
 139.54976  162.44571   62.27456  146.8846   159.67494  126.36932
 160.73024  161.34087  156.41432  112.95348  133.57294  155.13908
 135.76439  140.07077  138.07129  122.2651   149.8259   128.04393
 132.03285  148.77724  142.12325  180.75311  138.64758  145.41255
 155.12381  157.36687  181.87627  142.59404  147.595    136.55501
 146.64938  150.76767  157.7007   123.76554  141.18733  185.13046
 178.56595  132.61649  127.83174  127.42785  130.3186    72.753105
 171.31535  148.17218  162.19981  159.50223  169.35442  123.2094
 132.67685  119.70736  167.76186  154.83943  143.9316   165.12294
 137.97394  149.5541   133.10117  149.15285  135.15233   79.66811
 156.33032  169.55945  134.22787  153.74384  141.48425  136.2841
 146.39696  122.776886 190.99454  180.3736   126.20451  112.3119
 160.80182  152.91188  149.99797  168.78499  163.11342  157.53789
 112.42816  148.9526   142.49696  160.44272  188.38203  155.01741
 102.35028  164.7882   105.65081  146.26605  137.40685  148.37576
 106.66893  129.48181  143.39787  150.09204  140.94264  130.61185
  72.98858  112.07124  150.32805  169.36435  156.89854  185.11464
 163.07208  149.6871   173.79584  181.51735  110.94693  150.48018
 129.60132  166.43895  132.83795  147.1968   154.4458   179.59607
 143.848    156.1018   182.42181  134.61499  145.86226  117.63527
 146.95654  148.11815  154.81978  158.71503  141.7445   163.12778
 158.14722  155.18546  158.30888   47.658535 117.07273  105.2968
 128.70752  181.96402  137.29343  149.29979   83.14629  143.75206
 189.73299  157.65474  146.47723  160.6623   137.69725  176.30147
 176.5194   174.29335  158.68137  101.72805  148.1083   129.13693
 152.18936  150.5657   147.06108  131.43951  128.73183  165.24759
 132.6234   120.78943  166.71652  158.8647   146.57297  155.94409
 154.07011  162.85092  150.23505  146.68468  136.55899  155.07288
 149.72652  161.34764  113.04639  153.42334  145.96329  134.333
 136.3946   180.82721  153.35188  170.64285  134.49864  160.40416
 156.26402  140.06421  165.83466   94.67746  161.68224  143.85417
 141.09322  147.86362  140.31331  158.83008  154.85757  164.0638
 150.33018  120.80441  141.66884  149.37978  157.48781  151.87926
 156.0789   151.30826  140.56909  147.40877  130.76985  155.20139
 136.20378  156.88399  172.64351  148.37549  156.141    117.12839
  97.848785 158.38954  157.39027  132.52158  170.10208   51.228767
 163.13303  142.01117   91.520966 177.332    146.3773   143.00465
 132.76701  166.79811   94.84923  147.70935  144.41173  135.91531
 155.95221  143.57652  150.63167  139.52495  168.58331  135.02182
 156.68903  137.91429  155.51851  154.1526   179.3119   152.6867
 156.1098   151.88684  126.585655 127.300354 170.26797  149.4928
 162.71857  158.33716  144.38712  148.17091  123.139    139.66013
 136.9515   207.13055  149.39458  140.90573  168.96826  133.40048
 137.04198   45.325176 123.886696 125.5777   165.53067  145.43013
 148.3453   134.27351  135.45695  126.212776 123.07741  157.04816
 154.39313  150.05544  158.902    154.32184  170.68198  161.90886
 183.43184  168.30942  156.25923  194.3874   155.18027  177.71042
 142.79796  147.80283   88.22836  149.29979  167.5091   113.52744
 143.67397  152.05785  188.44537  116.315865 146.78209  137.73111
 140.8686   142.74759  163.14474  147.07352  110.038284 165.26427
 137.49123  170.36552   78.511856 184.66351  172.7404   150.2796
 152.58264  108.49524  139.71742  173.12434  138.40659  114.32948
 157.60335  127.34159  132.28435  177.17741  125.91575  129.1437
 134.04686  173.31967  141.28857  142.6608   135.96176  145.30986
 153.16844  168.78288  177.61115  151.87437  151.76051  162.74141
 137.32568  155.80775  156.9027   125.1507   146.53146  135.18451
 156.75021  137.07738  118.09601  158.94888  151.6374   174.31406
 130.56078  183.4048   160.99284   89.1409   146.37825  162.12999
 156.82297  135.75203  165.54408  137.84035  149.2862   186.57072
 149.97148  178.00426  161.9647   141.18192   87.894264 128.4727
 173.60118  148.47313  131.5673   127.074326 157.5959   141.85059
 165.21246  147.33055  110.70996  140.00227  160.74406  140.66281
 135.64638  155.0707   133.32623  170.2617   133.58647  164.21904
 152.05132   71.73718  158.12839  135.3471   109.73854  178.4923
 145.39996  154.44438  116.174225 122.16804  170.82228  159.03807
 178.0976   129.55292  166.8667   155.65483  157.40645  148.11188
 132.71535  140.7565   140.91331  146.6763   159.05852  150.58665
 172.29132  150.59612  169.43448  160.47194  117.19857  168.9064
 135.61888  154.37236  154.78568  157.54488  145.33958  142.95949
 181.03487  148.73096  154.3105   145.19669  164.72067  151.93321
 126.88258  140.91621  160.76158  141.61769  114.06281  149.3526
 133.17767  147.64854  162.53737  144.53462  154.65022  116.031075
 160.7951   145.7491   142.34763  139.67705  156.10616  154.04317
 145.61922  138.72044  156.42496  144.56587  137.67928  151.82019
 113.91962  133.83746  155.12154  142.00548  172.13417  142.65138
 133.22577   65.51493  162.56703  136.60225  136.44185  155.80396
 171.75461  166.7237   131.79544  137.98065  164.96385  122.47182
 131.86967  144.43909  137.05357  159.8293   146.65457  160.83836
 134.0466   135.08493  165.15553  157.01149  163.73639  132.2461
 151.79456  146.98494  139.79475  142.34727  252.38057  159.8954
 168.01135  143.07663  149.62628  143.61742  140.31073  147.3517
 133.28465  166.96663  159.14433  166.76949  149.93935  131.5211
 186.69981  141.8787   132.11638  154.24245  162.31296  157.74081
  77.646614  77.68729  140.79697  162.53738  137.56369  145.07965
 190.40854  166.364    118.529686 156.97794  139.80118  166.32823
 173.85417  129.71896  165.73396  139.0422   150.47084  139.80458
 126.19218  140.42096  142.67746  153.77597  193.65161  110.0047
 139.34322  131.92523   55.332737 139.68726  167.49686  167.32175
 150.71371  128.75175  175.82236  162.37033  113.26796  159.56325
 156.70694  125.67355  142.1706   152.13605  162.20767  148.56618
 150.17421  159.46562  153.02403  146.30661  169.80266  126.37688
 148.58575  114.066826 137.96672  129.4335   145.51949  145.8947
 166.59976  142.36115  127.0045   121.96652  160.28194  141.94582
 158.93172  111.07449  131.99652  142.87883  114.618774 163.4399
 144.49591  140.72829  148.53603  156.26831  137.40334  156.80754
 167.49626  147.3624   128.54694  153.73398  137.1527   126.582184
 165.12897  115.73585  120.907005 164.16176  116.62483  121.107765
 126.639984 124.220764 120.709206 103.80815  162.83775  165.39482
 142.30705  106.77219   88.76223  154.58302  163.8186   153.78493
 163.62352  167.5013   139.20042  152.47461  120.27067  160.5168
 148.6694   133.03203  146.72899  173.21979  161.3907   147.57605
 148.4464   135.53506  138.44193  143.40152  178.53624  168.01495
 152.45444  157.00388  147.85484  167.41617  147.04805  135.50563
 141.91109  143.02003  130.9185   122.32654  160.24214  156.07323
 151.51888  156.4135   149.85979  165.3995   160.29607  129.89319
 135.30305  173.36668  172.67412  154.72118   45.798767 167.21503
 127.85028  148.34604  141.9813   167.01831  145.14128  140.81453 ]",[5.679638  6.5672054 4.7662315 ... 4.8917966 5.042664  6.4647098],5.24748,0.36,0.5087546826942174
9,3970,Transformation_Matrix_W,"[[ 0.23362243 -0.26296207 -0.00527141 ...  0.16615981 -0.05639828
  -0.0027838 ]
 [ 0.03245426  0.4477737  -0.14511004 ...  0.18032703 -0.18148269
  -0.07641953]
 [ 0.11318658 -0.08883505  0.37510127 ...  0.25106156 -0.21238178
  -0.10889864]
 ...
 [ 0.2118217  -0.0859923   0.03383108 ...  0.43563563 -0.04064102
   0.09165164]
 [-0.28110465 -0.10203275 -0.05869886 ... -0.00867975  0.47292268
   0.0565072 ]
 [-0.04182008 -0.07770596  0.00620167 ... -0.03943292 -0.11396968
   0.43220648]]",,"[129.20486  128.39798  111.94154  111.3      117.25546  127.20541
 126.53836  138.53407   95.72516  117.440155 103.88726  109.44184
 119.14773  112.361824 106.341934  88.58137   49.79257  138.28386
 106.216156 143.68582   96.12083  117.68563  123.582214 131.21497
 111.49299  125.60153  154.8609   123.32081  115.206924 108.55951
  56.928448 107.80265  127.923775  63.427597 138.33589  116.024025
 120.75939  139.49768  115.13054  108.62021  133.13551  139.3626
 126.86552   91.74604  123.74947  116.144806 130.0628   115.30518
 123.907326 129.5525    81.054375 137.75081  107.77116  110.20993
  98.80432  129.68944  141.2678   104.2545   118.29508  128.19148
 144.63753  136.63951  104.53971  113.27972  130.93239  136.4209
  86.60428  109.16784  116.099525 100.11508  129.53151  145.36578
 127.77434   82.559006 103.95411  113.18759  151.70886  119.074394
 106.43042  138.62872  126.26086  103.11296  113.87726  124.00762
 105.42981   97.57925  128.72392  119.11622  121.45192  101.89292
 100.53221  133.7268   110.633766 117.40567  117.380936 127.835236
 119.25801  149.44592  107.69425  104.99847  126.90294  129.1642
  96.21891  130.32077  110.07548  116.8916   138.2277   130.09645
 124.860344 110.73717  123.99518  129.44366  100.18553  112.95461
 123.750465 117.13719  161.82925   38.292015 119.21158  117.87079
 139.59602  133.30319  117.44444  137.36792  105.77704  105.66761
 114.633125 128.65784   53.776157 126.736755 129.40555  104.762955
 124.230415 130.43025  122.64466   91.95497  107.01753  130.55916
 102.47073  110.49961  118.84962  105.57694  121.408394 107.00272
 113.56275  117.558716 112.11032  148.25676  112.03822  126.23287
 126.4276   123.946945 144.7631   121.28199  117.591415 120.84165
 116.42004  118.62046  125.25215   94.614876 111.31038  149.78671
 153.22131  105.50484  104.665565 109.961685 105.11832   59.594208
 142.36668  122.351295 129.12169  126.63351  138.64525   98.561295
 105.27665   96.45846  142.39621  124.83222  125.112076 127.3424
 116.40266  123.03001  109.43535  124.80628  111.2705    65.54159
 128.93893  136.45097  111.23467  125.977295 117.11901  110.76635
 120.238235 107.04318  151.1242   147.18167  104.29059   97.38673
 129.75063  127.483795 115.93818  135.03189  132.26749  127.31788
  95.39138  126.30188  117.578156 121.77983  150.08794  131.30577
  88.147224 134.90248   85.95294  121.35099  111.72775  116.673676
  91.506195 109.64118  121.914024 129.13185  116.98914  109.1958
  64.08165   98.95693  120.97801  138.45164  128.17683  154.70319
 131.24925  121.24146  140.35294  150.60225   92.622604 121.63575
 106.90727  130.43013  110.84104  120.60707  126.29005  144.24913
 115.57035  131.42049  145.84741  110.24706  123.14464   98.78623
 112.48707  125.043274 124.45117  131.6975   115.73961  126.796646
 126.06926  126.851166 131.43465   38.68725   94.339935  88.24062
 104.5273   151.50479  109.18771  116.604744  65.40462  112.80601
 153.35965  131.75291  114.663795 124.47596  111.28674  147.72838
 135.38805  136.80376  132.37854   87.28809  122.5078   110.34513
 127.07789  120.92572  122.75185  112.5228   104.857155 133.37267
 110.74925  100.36494  132.42195  129.30685  120.83885  130.79324
 123.28083  133.733    122.76504  120.45328  111.92513  123.10004
 123.57099  134.1643    96.393684 130.78246  117.48533  111.621506
 112.51317  135.911    122.80195  137.33272  111.7498   130.5831
 125.06467  113.684746 125.42988   74.96091  132.02425  112.63362
 117.61021  119.53855  113.64159  133.70879  128.07336  133.46413
 129.33112  100.46848  122.59133  115.17603  129.36765  125.08713
 130.78474  125.50389  110.24105  118.244514 102.49308  129.03687
 109.56829  123.40918  140.12653  126.88032  129.46637  101.41357
  77.36001  127.7025   133.05945  109.69367  135.03546   42.388783
 136.94374  114.97879   72.99152  140.5043   117.90978  117.726425
 107.88927  133.82236   75.68984  121.6375   118.35521  111.88665
 126.9773   116.68718  124.993065 114.662125 141.59392  112.94747
 131.69037  111.864494 127.59585  123.97436  147.90599  123.44407
 127.91108  123.51228  102.67641  101.33999  138.75594  123.1967
 131.86104  130.62561  118.62066  120.56667   92.064995 109.73975
 109.24212  166.01205  121.71477  118.27369  131.13109  108.84844
 116.51186   39.33247  105.038704 101.900635 135.12663  120.52533
 118.24797  112.64392  105.325455 107.11723   96.06809  134.34416
 123.97155  119.71347  128.54773  127.762184 137.80037  139.21834
 146.76215  141.54623  127.06222  149.28372  133.13737  135.80273
 119.66231  115.6694    73.95927  120.80586  129.63428   93.86373
 115.99564  125.61932  144.12253   94.87494  114.1923   108.6997
 117.281555 119.67886  136.6765   117.91754   87.43706  131.82217
 112.91462  138.11253   66.49099  147.58583  139.2831   126.58198
 125.41352   88.8028   116.300125 143.88495  118.45233   98.90439
 129.7967   112.80488  110.66237  142.45457   99.692764 105.828384
 108.837494 141.84003  117.85612  111.41515  108.90267  122.32317
 126.82947  133.18471  152.79404  127.88426  123.82342  137.456
 112.5898   123.135765 131.7156   103.85899  126.30601  109.09087
 118.22216  109.3262   102.91467  126.95595  122.71156  141.3021
 105.627754 147.52464  132.99806   74.081924 122.88133  140.01208
 127.58666  118.61577  137.552    118.83592  114.70314  151.88097
 124.44095  133.52937  137.98782  116.354065  69.329865 100.19736
 146.25385  123.505196 107.762886 100.911674 127.91075  119.8882
 133.01743  122.6739    85.22698  126.26903  131.54384  115.62378
 109.706276 126.20907  108.82901  140.4837   107.55697  131.6115
 126.65923   63.89751  128.35419  107.214874  88.109566 148.37184
 120.49763  132.23892   97.3382    98.8889   135.11815  125.94514
 140.98326  111.28697  135.5117   134.02206  128.31696  113.25912
 109.48506  113.66429  109.78082  123.441826 130.8093   117.70941
 135.58325  125.24069  140.3886   130.64412   99.29019  135.3298
 117.626205 126.91584  128.92148  124.46827  119.92876  114.432144
 137.97343  117.77237  128.15984  115.268906 132.8083   116.19326
 102.53805  115.52146  132.46242  118.25842   96.87999  121.85481
 113.92689  115.441895 131.70645  116.95638  130.00418   97.59265
 128.02394  111.64675  118.17625  113.11245  126.74924  129.19095
 118.64856  118.21156  131.90112  116.671036 110.39584  127.328094
  87.563446 112.6404   124.059074 115.339554 148.14456  109.87584
 105.389244  52.512817 133.42178  111.57707  114.03879  123.08738
 141.64536  141.78851  107.352036 114.45872  134.75938  100.64668
 110.369    120.4199   117.81208  125.31125  116.85913  126.73867
 111.48444  122.50252  136.82872  129.35349  130.43874  108.62193
 123.655815 123.38604  115.482925 118.482475 227.90572  128.1657
 129.53899  118.802025 118.62511  115.24187  111.83318  125.65721
 112.56862  129.35518  131.50272  139.74767  124.20522  112.11976
 146.9465   114.45931  109.81796  125.86422  132.03212  121.08458
  62.476105  63.03412  115.856125 133.10759  118.34367  116.73993
 151.60573  133.69606  100.151695 125.40601  117.0063   141.10228
 142.33672   98.424904 133.91663  115.65565  121.78759  115.1438
 109.16547  116.514465 118.40239  120.54276  157.61464   91.015236
 116.93593  105.4926    43.871475 109.925095 138.91084  137.5404
 124.15533  103.370674 147.63051  134.2809    91.8998   130.31212
 127.39887  102.979515 120.78867  127.98483  125.98731  120.495186
 123.958145 131.39828  122.72769  121.8243   138.78586  104.34858
 122.9281    90.75936  111.83765  106.84146  125.14476  119.80864
 134.57405  117.85815  102.62673  101.22898  128.3436   116.885765
 133.70625   91.796326 109.08635  122.50065   92.52022  129.03398
 113.12352  120.65765  122.48685  128.68301  116.29181  129.98622
 138.05354  121.38979  108.57838  128.03847  111.90798  109.32021
 135.49681   99.18082   98.73715  139.8819   100.933495  96.33326
 108.01148  106.18671  103.00892   83.89617  135.36845  138.7002
 118.4231    92.140236  72.57107  124.7743   130.42941  124.061226
 131.6555   136.54013  114.034615 124.528534  98.78681  131.01782
 122.68543  109.65643  121.96986  142.75665  135.8983   113.986786
 128.63472  105.18141  115.79818  119.61394  143.84244  133.42548
 125.106186 131.71094  120.51271  142.1287   117.97457  112.88375
 116.014435 114.75041  106.1688   104.264336 132.57712  122.75892
 118.30404  124.79669  111.47343  133.02658  129.64893  106.002495
 113.96308  136.71791  136.44185  122.41558   37.550373 137.89091
 110.64126  124.65436  118.59971  131.90495  115.726006 118.40351 ]",[4.780441  6.470674  4.3614616 ... 3.9142275 4.5799613 5.8542056],4.7332435,0.5204030226700251,0.6311689676579172
10,3970,Transformation_Matrix_W,"[[ 0.56077534 -0.12231658  0.10761224 ...  0.04517931  0.0780222
   0.05222626]
 [-0.0420537   0.64899397 -0.00558936 ...  0.12121464  0.00883224
  -0.06053008]
 [-0.07925903 -0.04397692  0.47309148 ...  0.03871378 -0.07818885
  -0.07380857]
 ...
 [ 0.06303407 -0.06870063 -0.00210355 ...  0.5725218  -0.05029858
   0.11247703]
 [-0.16351259 -0.03597945 -0.02981105 ...  0.00746992  0.5261296
   0.03418693]
 [-0.02314876 -0.05375676 -0.05305092 ... -0.02102966 -0.05351885
   0.47012457]]",,"[ 87.27768   86.207726  80.7654    76.85425   79.52812   85.549034
  88.3728    92.80667   67.048706  76.14708   72.81384   73.35381
  79.06029   77.205666  75.62803   63.909855  37.91935   94.61099
  76.8746    90.40125   66.74784   79.33594   85.05232   90.20217
  75.159874  82.32874  103.556885  81.65722   77.532135  75.19211
  41.28996   72.71843   86.5957    48.253143  90.09329   79.54566
  79.58948   90.53781   76.33931   78.88876   92.35595   96.43693
  84.28388   63.744305  83.90993   82.95931   87.72779   81.77411
  91.81471   87.82822   57.686367  88.23777   74.09073   78.95188
  69.415184  88.629875  94.540474  67.78309   81.13689   86.609245
  94.39362   84.64166   71.16735   77.70995   83.808975  84.655685
  57.805424  75.88528   81.84427   70.23824   84.96143   98.89665
  80.251114  60.84458   72.75192   76.21857  100.80461   80.35867
  74.76455   88.81605   88.19809   75.303154  80.38364   82.74663
  75.90184   64.8839    82.63655   80.43496   83.82773   68.91461
  71.69035   96.50551   71.09686   83.98309   81.83652   86.49361
  88.433304  99.33526   68.75592   77.71249   86.41379   85.57019
  63.27016   86.69534   74.366295  81.50989   94.465965  93.88902
  89.8012    74.567726  86.06393   81.2858    67.381325  82.56284
  87.05397   75.75172  108.51692   32.048355  79.28475   73.14029
  93.19175   87.44287   78.07339   90.35296   68.46001   78.0428
  83.94627   89.383545  41.989586  86.910095  84.78722   74.06568
  85.78787   91.63839   83.60039   65.40707   73.8482    93.240616
  72.10612   83.64811   79.80017   76.545815  78.882935  72.72492
  76.08764   74.17971   74.58875   91.728065  79.292046  85.74851
  84.519875  83.289345  96.169235  77.6253    76.84548   80.56713
  81.20804   80.93245   82.85291   66.269775  75.4145    99.05261
 101.43975   73.76978   75.8875    75.89275   71.82574   47.20405
  96.93199   81.475624  88.70714   86.56871   98.01555   69.13598
  75.342804  71.23306   97.43285   85.15244   84.18151   91.11063
  82.74831   88.65168   73.86293   76.170265  77.16119   49.573498
  84.162155  87.720024  82.59923   84.591644  82.480125  76.64064
  84.69638   68.83804   93.20479   93.98368   73.30009   71.79855
  89.14754   87.02125   80.19482   85.173004  88.166084  80.70197
  67.92812   84.03325   78.50141   82.1463    98.15422   86.753456
  64.92753   91.48316   64.39691   87.07458   77.91224   82.99424
  61.421265  78.10434   82.00081   81.11138   77.23872   75.90885
  49.306355  67.54689   76.60586   92.13974   89.67823   97.49201
  88.11943   84.64471   96.613434  97.582     62.425304  82.67365
  73.96031   79.68106   75.540245  81.78849   78.22406   94.98203
  76.32397   86.01509   90.813286  74.59548   79.55945   69.19423
  81.10822   77.97763   80.76138   86.00953   78.67705   89.839195
  81.690926  86.86233   87.24358   31.172722  65.931595  62.580788
  68.90381  101.09215   72.791695  81.00961   49.392166  74.708885
  98.957886  85.172874  83.75195   82.834564  77.77088  100.02206
  92.97832   91.59402   86.09256   57.776634  86.97746   79.40185
  90.39883   79.19564   84.786705  75.25926   72.32848   86.058014
  75.95592   75.5324    95.910065  89.206436  81.914024  86.848465
  85.18402   90.67723   79.08419   74.43498   78.17415   81.66784
  88.90181   84.97179   67.62217   85.4772    83.62459   79.40196
  76.722824  94.384796  78.510376  92.63656   77.05039   92.84452
  81.2509    78.678024  87.12362   56.183464  87.22631   77.30288
  80.65594   75.349724  73.45108   86.75349   85.165634  91.53872
  92.69193   67.35073   88.74907   77.90504   86.261765  82.68046
  84.80162   87.86305   75.48126   77.55165   72.23859   91.300385
  74.04294   81.026375  94.217     79.75605   87.45597   70.30939
  58.601788  89.906235  90.507355  73.70987   88.49222   31.329895
  93.91784   80.494385  54.71876   91.980896  79.37207   79.26249
  72.35965   92.82267   55.45667   79.883156  81.21422   74.39196
  87.51118   75.39582   81.40476   77.67583   91.43968   79.76371
  85.184525  75.270775  84.53393   87.520424  96.15203   82.703995
  85.712265  81.44376   75.02225   71.32006   94.41619   77.339806
  81.81198   85.56772   80.80791   80.6168    65.56155   77.50895
  72.51164  109.63384   82.0616    78.1039    85.10886   71.11047
  80.18432   32.437847  71.62341   71.511246  86.91704   89.32364
  80.37987   70.6373    75.89589   78.86926   67.08037   90.02097
  83.81273   80.93544   87.98262   85.275665  95.86233   85.728836
  92.87075   98.317474  87.20351  105.23943   87.863335  96.613396
  82.35142   80.799194  55.29617   79.79843   88.78912   65.99003
  77.685814  83.16874   93.76926   72.49076   77.01478   76.00733
  81.18291   81.33708   91.628334  80.47273   62.211998  87.27688
  79.20586   92.46415   45.854992 100.974266  92.98327   85.55191
  87.47005   62.8771    82.31327   98.88578   75.09506   71.24042
  91.17311   72.26962   77.90101   99.00206   72.37237   73.74045
  75.94338   94.375046  77.22703   78.089226  75.47783   83.79867
  85.38859   89.492874 100.802414  83.06114   82.20094   97.01686
  78.68766   75.7399    88.68436   72.8826    80.08471   75.98909
  83.70497   71.08274   71.471725  82.20052   83.648834  96.53351
  76.15137  100.64637   92.98056   49.95433   83.08485   88.18447
  85.10911   80.18093   88.781586  83.59064   79.72996   93.124176
  85.86441   89.06857   93.59806   77.55566   54.09957   68.13389
  94.60431   81.498695  78.0179    70.64893   86.59642   82.15366
  93.926414  82.6032    63.99596   83.60877   85.59472   79.48448
  76.06269   84.1712    71.93945  100.81734   73.36413   84.52911
  86.165886  47.01673   91.62187   77.29643   58.919643  97.427025
  75.85328   87.17176   66.673454  64.920906  93.48127   82.98331
  95.61492   73.54265   91.03097   91.33217   80.27947   75.899536
  80.59031   82.50876   79.932594  83.37639   84.980705  84.51276
  96.30086   85.52944   92.593     87.99674   75.05686   89.26833
  77.79788   80.848206  81.78007   84.62332   81.19377   78.123695
  95.71087   76.083885  85.798996  80.24998   87.61624   79.46457
  69.4581    76.92072   88.49355   72.72885   65.7942    84.28158
  76.171715  87.80128   88.130646  83.56191   86.898674  69.1026
  85.65084   78.91519   84.27457   82.66777   87.42703   82.86878
  85.455055  81.1432    84.48088   76.20147   76.775246  81.75421
  60.08445   76.354385  88.19362   78.462364  97.15734   75.311195
  72.51315   41.08356   89.75263   79.91267   74.02255   81.303375
  94.1942    88.994354  77.405304  78.97634   88.75452   66.469
  78.6779    89.73596   80.919365  88.43978   81.13254   86.16611
  73.31542   80.12429   88.869286  83.78468   87.86895   70.89362
  85.99805   80.37357   82.00345   79.65465  187.6159    85.705605
  87.008224  77.979     84.40911   77.32058   77.480354  83.15651
  72.52538   87.72305   90.65744   90.031395  82.05134   75.28248
  98.8835    75.78416   75.54314   89.64127   87.06941   81.37735
  47.269028  48.436283  76.117775  90.19864   76.70756   81.20903
 100.17507   92.37738   70.694405  86.00985   73.48382   90.18007
  94.75338   67.46491   85.35699   78.2669    76.809845  78.04123
  76.56821   79.145905  83.430534  83.76874  103.045906  66.89315
  77.22951   74.24989   33.16437   74.52294   92.3606    91.14687
  86.1494    73.83426   93.346565  96.456825  63.703552  89.07776
  89.313736  72.76575   84.537865  82.557014  84.59348   80.50133
  84.0035    90.313614  87.19786   79.654495  87.96672   68.35074
  79.32455   65.543686  79.47056   76.36669   86.61268   80.74923
  90.67273   81.48103   72.575714  67.99288   85.453575  83.48796
  91.466064  64.925255  75.520485  86.51665   67.37423   86.537285
  79.34969   81.04177   81.947365  83.75132   76.06505   89.22625
  94.61611   80.087166  71.93456   85.01372   73.68864   74.80206
  93.28209   70.2342    72.07321   95.79815   69.41668   66.878235
  76.924706  71.10366   68.93514   59.500526  89.891655  95.90387
  83.8731    62.800526  52.097805  84.723145  88.9246    82.23797
  83.64421   90.527466  78.82519   77.75821   64.06957   84.92112
  84.44554   72.42247   80.56689   95.46059   87.60754   77.355385
  88.53137   73.663536  76.447655  81.41409   98.13241   96.01545
  86.10068   85.831276  81.105125  95.94158   81.962234  76.67431
  85.06451   76.168076  72.65483   71.405594  88.93357   79.38436
  75.27758   90.7762    72.84771   90.94662   87.84364   77.81676
  80.625465  84.354935  90.57261   85.71576   30.017128  89.99153
  82.514084  89.988045  79.59582   85.02939   81.70589   81.525795]",[4.0908637 5.085121  3.4834747 ... 3.5583923 3.7929833 4.470793 ],3.8890228,0.6716876574307304,0.7686911275149159
11,3970,Transformation_Matrix_W,"[[ 0.6283295  -0.00175171  0.01383445 ...  0.02101287  0.0404174
   0.00966516]
 [ 0.00452804  0.65469694 -0.01502859 ...  0.09153331  0.04486554
  -0.01862975]
 [ 0.00646253  0.00403618  0.55638385 ... -0.03142715 -0.02752983
  -0.01935072]
 ...
 [ 0.04379126 -0.00534958 -0.00266003 ...  0.63436985  0.06153877
  -0.03506859]
 [-0.04958839  0.01077852  0.00619964 ...  0.01820688  0.6236485
  -0.05298016]
 [-0.00145532  0.01122948  0.03318117 ...  0.03183011 -0.06109243
   0.60796547]]",,"[ 69.20065   70.78669   64.554146  59.295296  62.244373  67.92978
  70.43589   72.180435  54.809513  57.423843  55.516937  55.52401
  62.678707  60.993454  60.536423  51.487293  31.753172  75.606186
  61.054806  69.34968   52.28556   60.226105  63.29952   68.8425
  58.909775  63.50749   78.22974   61.308678  60.92842   61.390163
  36.174282  58.740612  67.103165  37.08958   70.598305  63.208755
  60.428944  73.30863   60.99633   59.685192  72.6766    71.723564
  66.81618   48.604782  63.70795   62.588554  68.31456   59.807068
  67.535446  64.9829    45.620155  64.20104   57.915276  63.686935
  54.43923   65.01883   69.346924  54.03458   60.728054  65.9048
  78.290855  63.000053  54.824158  64.73336   62.70092   62.136543
  44.950382  62.379032  60.56572   51.864555  67.47318   76.251854
  61.783234  50.70814   58.870274  61.030296  75.45582   64.79545
  58.32332   70.810455  68.24445   61.04876   60.419994  62.497623
  60.31847   51.295937  66.79933   65.214905  64.7995    53.44702
  56.81787   74.69754   56.90338   65.12326   65.41689   66.9875
  67.095345  76.19952   54.245464  59.155586  68.95373   66.72392
  51.838665  69.52966   60.07593   59.227207  75.49474   71.745865
  66.454254  57.344353  64.181496  65.50254   52.45927   62.39516
  67.48099   57.797455  84.41076   30.297628  63.924088  61.041904
  76.066246  66.05509   60.688183  70.99704   52.428818  64.944824
  66.848564  72.92091   36.409622  68.211624  68.45922   57.542957
  65.582924  69.61626   64.79751   50.704826  58.33897   68.91117
  57.681732  64.9246    61.530685  56.79338   63.580994  56.326843
  59.357246  61.482906  58.992577  71.58308   62.037376  66.30123
  67.94563   64.00234   73.854454  59.68053   61.935043  62.750473
  62.831913  62.275898  68.08314   55.470818  62.19083   77.121475
  76.300644  57.085705  59.404762  60.47534   57.004776  39.647938
  74.05109   64.65821   69.17013   70.190414  71.91226   56.676685
  59.500805  54.919933  77.51618   62.905518  65.28073   64.96607
  66.206985  66.43468   57.524235  58.39525   59.182346  41.411434
  65.38323   69.629456  64.0944    64.56355   63.22844   61.528267
  66.20633   54.984787  70.72766   76.72594   58.72995   57.386814
  71.47477   70.20758   60.185493  68.273705  70.58711   64.64115
  52.61506   64.27629   59.146233  63.87221   75.88431   64.37138
  51.47714   69.42845   51.43843   63.92836   60.316116  64.85171
  52.00076   57.892857  65.74752   62.963413  63.165356  61.19556
  41.73476   51.77122   63.73752   73.13438   65.862     73.46354
  67.44072   65.098915  71.47632   78.81986   49.181393  66.95219
  60.08274   61.045155  60.867733  62.01337   61.94559   75.90375
  60.87442   66.03914   69.26349   55.144028  60.20748   52.2917
  61.314293  66.590996  63.563698  69.78279   61.7771    67.78216
  64.19414   68.55097   67.12794   29.64051   51.88797   49.43388
  53.475418  74.34555   59.227455  64.11612   43.325462  57.314194
  75.99397   66.19128   64.34564   67.138466  59.93636   80.18193
  73.38958   71.086365  64.955185  45.348076  67.96295   63.088608
  70.10685   61.832947  67.87134   58.36147   55.89608   66.11108
  60.733273  56.252502  74.02004   66.51507   60.71192   67.87105
  67.24711   69.37065   60.553886  63.275364  60.061413  61.554672
  67.44414   68.95691   52.37039   65.25574   64.217926  61.95623
  61.180943  72.8677    62.010944  67.68036   59.798172  70.67049
  65.485825  61.288357  66.44389   45.60754   67.44197   61.894753
  63.352615  56.343464  60.85302   65.8897    71.695366  72.70064
  71.29686   54.348415  63.73113   60.204456  67.84416   64.59181
  61.541523  69.69869   58.75151   61.49247   55.925056  68.83117
  59.112316  65.06053   77.71528   64.16477   66.71336   56.46031
  49.35675   70.0113    73.93311   61.082798  67.08956   28.8013
  72.72435   67.03207   45.096294  72.12727   63.185944  64.90537
  55.945557  71.6171    44.64315   63.729263  65.04185   56.371536
  67.12166   60.40931   62.09957   60.490078  68.46357   62.492413
  66.33647   60.604103  65.774124  65.86934   73.29836   66.500465
  62.52369   66.203224  56.555416  57.250122  78.164314  57.942688
  67.020515  65.12495   65.35286   65.346214  54.90234   60.140423
  58.514378  81.26045   62.690483  59.681137  68.273796  56.508858
  61.877686  30.569458  57.383602  55.634445  67.36134   67.55934
  61.77539   58.561436  61.096794  60.721645  53.838562  67.46246
  66.54356   62.731407  72.00041   64.92996   72.7492    67.083015
  73.79434   77.06119   69.62369   78.7633    68.60014   75.82979
  59.99405   61.536163  43.386234  58.992455  71.105934  50.801582
  59.462624  65.01679   70.93264   53.25269   58.110947  60.04785
  61.43682   62.274204  70.97073   64.2113    50.799423  69.52368
  60.1224    72.74963   38.608887  77.13582   67.900185  63.915653
  70.17219   51.161896  63.61627   77.81436   60.398865  53.844692
  72.57791   59.766693  59.99708   70.33366   55.445553  57.6237
  59.619446  71.65773   63.126152  60.77986   58.02002   64.89198
  64.30887   67.22231   75.50701   63.873398  61.28376   77.247215
  58.50527   59.020897  68.831635  57.641163  63.903927  58.471077
  64.07591   56.91306   53.484936  63.73143   66.19507   75.97652
  57.562153  76.01376   73.13252   39.847336  67.26154   73.30998
  68.00169   63.077873  65.6055    65.79932   64.67427   74.94114
  63.75484   67.55568   71.070625  59.176933  43.992218  54.616302
  74.72438   63.701237  60.851425  58.62675   67.77813   67.499054
  70.50094   64.03862   51.8942    64.63977   67.91667   59.95386
  59.188805  70.43628   57.709824  76.30854   59.283325  68.33093
  64.993004  37.62389   67.42283   58.235886  49.68988   75.39244
  61.00084   67.73351   52.292007  53.82494   67.59119   66.668045
  73.567375  59.361885  69.85614   68.58318   65.046745  60.034298
  63.129353  65.12681   61.549732  66.1339    65.49771   65.18128
  75.1065    67.44219   70.88469   65.979355  55.747753  67.67913
  60.919483  62.7328    67.00639   64.18231   64.93354   60.846428
  76.3769    60.633156  64.61516   65.429695  68.702774  63.50872
  57.494934  61.79722   67.346634  58.657593  53.5244    64.3509
  61.806374  67.13577   70.436905  64.26788   69.85544   52.587784
  67.5939    64.329704  66.72455   64.111885  68.35612   64.24857
  64.73335   65.74529   65.12428   60.717884  58.97576   65.7173
  51.036495  59.502678  67.13322   61.457672  72.84442   57.601692
  58.10318   37.49583   70.78961   65.67817   58.513092  62.65299
  71.50828   69.69508   59.79365   62.647205  69.65852   51.739914
  62.83613   70.42425   57.91442   70.79591   65.30401   69.090485
  57.139847  61.49124   66.5764    65.61165   69.27855   55.322292
  66.422035  65.159584  65.12137   64.00849  148.49208   67.82533
  66.77645   60.75753   65.335785  62.63746   61.447174  65.199745
  54.171677  66.90693   67.87954   73.512245  62.741005  60.08958
  77.47985   60.92872   56.729713  73.40787   67.23185   65.24169
  40.737877  43.71432   62.002483  69.40332   58.568382  63.99252
  78.58532   68.57286   57.365337  66.16737   61.059685  72.31424
  72.903946  53.55505   68.30979   62.760727  60.509098  63.571003
  60.147675  62.028988  67.58477   68.664665  79.124306  52.951996
  60.841286  56.95135   27.987938  56.74463   72.03784   70.17382
  64.05377   59.656773  70.73395   70.64187   51.658024  69.322685
  71.0905    56.915688  64.79662   65.94686   68.411606  62.611534
  66.02687   69.46199   66.47696   66.501     71.06966   56.53711
  64.96714   49.90664   60.948067  59.13396   64.94295   66.95783
  71.75952   63.61559   55.385757  53.456215  69.417046  62.021385
  69.8398    52.302402  58.535107  66.83692   52.81324   67.88014
  62.439568  62.0581    62.982315  68.355095  60.57648   68.11062
  70.31426   62.05362   57.777695  67.256996  57.78673   58.298668
  73.27404   52.994526  57.712696  79.0403    56.100597  53.582115
  61.68303   56.090565  53.84947   45.863743  69.44945   73.510925
  64.94121   50.308067  45.104465  67.37518   65.06468   67.482376
  69.864265  73.7933    59.824413  60.84016   52.042446  67.46281
  67.59753   59.922894  62.317894  74.80086   67.70582   60.79192
  68.5516    58.815495  60.00691   62.75019   76.86005   73.579445
  68.13999   65.59669   62.36855   71.678764  64.82495   59.64249
  66.43912   58.486916  57.507423  57.66298   68.37308   61.780914
  61.94002   69.93665   60.41007   67.833565  66.61994   60.006886
  66.1406    67.716606  69.93988   67.976135  26.318624  71.543686
  61.94999   71.680466  64.27735   72.23033   61.261337  64.33189 ]",[3.5996692 4.322479  2.7562582 ... 3.4452617 3.1260426 3.944928 ],3.4294243,0.7110327455919395,0.8274010590418359
