,Train_Data_Size,Transformation,W,b,Residuals_Per_Image,Accuracy,Co_Sim_CLS
0,1050,Transformation_Matrix_W,"[[ 181.27556  -368.5847   -202.1082   ... -208.65489  -235.39488
  -729.92554 ]
 [-240.1985    120.571144  -32.85669  ...   37.000736  -16.095522
   236.0807  ]
 [ 237.01643   291.7633   -472.6015   ...  348.56155   -55.609074
   493.70325 ]
 ...
 [  72.450775  -89.19478   119.77803  ...  219.49681   -81.601524
    76.49657 ]
 [ 206.8267    280.46304    87.74261  ...   87.30414    -5.432767
   374.301   ]
 [ 360.13843  -384.70892   -31.136293 ...  -91.76376     9.673822
  -480.43628 ]]",,"[  56.505577   90.32505    42.26444    46.788494   37.092422   48.29496
   50.728313   81.886314   42.106754  113.1445     57.402733   53.990246
   87.1372     54.368618   55.167194   87.20973    26.926846   38.68117
   68.88066    35.167187   77.05825    65.08892    42.566418   53.13648
   78.955635  100.900345   61.986744   45.882744   46.390835   62.639206
   23.623102   57.292686   84.968925   28.74821    51.57959    80.79628
   27.449623   39.55548    33.956955   65.71041    57.47398    50.38536
   36.052742   34.36212    35.516792   51.528088   32.673374   59.392544
   66.95933    45.126907   55.355694   37.71443    65.94759    42.495743
   26.423754   27.40093    32.596176   44.108063   63.01508    96.22081
   59.001556   82.40716    37.71967    27.808023   16.952848   51.692493
   49.386578   62.704376  121.07118    53.07474    92.46341    87.743515
   48.974358   39.269276   43.748966   68.24573    25.41315    33.83301
   68.64511    22.067162   38.941727   64.99511    44.70065    63.474552
   44.471222  155.93237   102.56402    46.082695   32.697323   73.16721
   46.877087   49.02975    35.10072    44.99333    29.204374   56.137806
   38.0957     46.190655   52.94555    49.656876   92.35548    85.84853
   99.66125    55.500607   30.76318   115.24862    23.567982  127.06276
   42.89978    52.09714    54.67165    51.0835     45.91517    49.87484
   68.76134    59.119263   74.99058    23.735796   47.133156   81.09954
   33.17083    78.66593    33.167824   52.687595   35.45421    35.881504
   53.495167   46.169792   44.95691    29.328346   33.959805   19.290297
  107.76276    27.537235   33.013817   46.72304    58.42095    23.430326
   43.240295   38.059193   41.810425   48.731533  113.930954   55.71684
  119.88973    78.48815   100.04312    44.900955   73.03592    75.149445
   35.448288   63.126488   20.520864   82.007744   33.881943   67.05489
   45.011303   60.90676    62.935436   62.202106   87.00205    49.952774
   50.66548    21.394997   38.45883    33.16005    47.663307   28.551853
   73.85811    54.18829    55.251053   52.28719    48.561153   55.63499
   69.272575   71.29529   117.4264     76.98493    51.651196   92.94758
   60.037067   93.302956   74.04065    20.17064    33.071953   15.980171
   16.08776    52.300888   54.37058    50.943066   74.925606   13.57105
   40.86556    28.3177     47.26744    47.04753    62.8081     95.57722
   47.333893   93.6791     26.292631   50.837532   59.263878   82.872925
   85.51405    47.295486   64.457726   69.35531    31.378994   83.05029
   71.584785   58.009037   21.716303   49.079067   69.09972    35.187603
   54.101727   69.77298    39.115627   47.95675    46.022995   75.300705
   30.89022    65.695625  104.47529    20.087873   57.029915   52.02069
   44.429558   41.725117  129.25179    25.717918   82.29775    52.10668
   89.47627    36.89769    81.89333    50.2276     33.54508    60.958576
   38.121437   47.13086    22.022654   52.056076   57.01251    22.615873
   35.41661    75.54104    85.38881    40.14814    84.51015    36.795498
   32.775608   31.118935   48.777622   16.496922   42.38502    77.71273
   15.342221   21.991251   61.779568  101.56235    26.070072   42.666977
  107.30246    24.117043   55.412506   37.795418   46.190395   41.553257
   37.039825   73.94065   118.87893    24.87785    49.63409    45.317646
   35.32225    54.14034    29.117151   36.51176    71.23721    65.75135
  121.534515   87.03374    34.43917    68.92955    62.490322   29.968697
   56.675873   64.18469    96.8025     54.617283   88.477196  125.7538
   59.344746   47.12128    80.72677    84.73846    85.54948    53.79368
   42.93618    62.305595   40.957092   46.85208    61.917175   25.563951
   55.007893   61.452293   25.428753   25.53568    61.27914    22.043053
   71.835754   61.01789    53.74272    36.94869    40.032925   57.158104
   58.15673    31.28524    37.134205   31.748135   67.722824   44.924168
  131.66408    58.114826   39.350655   42.79105    48.718513   57.646217
   54.738426   76.25077    39.855385   47.48811    80.521675   52.01066
   37.03575    64.04352    92.2152     37.18659    61.984867   19.612701
   30.707987   29.0224     28.294226  114.884636   50.36237    56.899303
   37.243893  103.57422    35.48025    34.71203   103.26689    36.954277
   44.07361    90.859634   27.847542   53.78649    41.12463    53.432583
   54.512413   49.97204    75.6818     27.144691   42.355286   52.658707
   52.72088    42.37184    46.297173   33.95983    62.236027   59.136467
   23.57608    61.6305    109.601295   37.33591    43.018745   63.89902
   57.3613     74.61028    65.69843    41.60844    74.02488    77.07018
   23.070644   36.28002    39.24077    70.56552   108.50897    80.782326
   39.555664   45.696377   52.814693   64.60907    49.721058   54.399807
   59.960278   50.76407    44.601772   50.271225   51.649254   46.452934
   40.8874     44.803104   60.33971   109.18351    38.587505   43.10012
   39.149067   35.737236   26.12516    42.633152   82.79012    57.415176
   50.143253   80.8381     45.739094   58.313793   54.974644   64.14067
  105.58446    30.040682   83.55035    56.39614    34.44252    43.480083
   63.86566    82.472336   28.35897    17.49704    43.588093   70.16504
   24.309515   61.316566   65.98729    47.047626   55.29522   113.57026
   31.296267   72.06569   108.66058    63.248398   57.525158   61.038933
   81.12183    43.503212   23.401093   55.472557   66.12248    42.518135
   41.09285    61.028122   55.531292   47.540348   41.53834    20.144024
  132.32204    86.21742    32.724117   86.054855   63.34934    48.231106
   28.04378    61.36235    31.609308   24.741987   25.72903   105.503296
   31.197317   65.26096   110.638885   36.53434    37.60397    38.508724
   51.989426   63.293972   33.401897   67.53901    75.85275    34.066296
   75.38358    60.922634   19.801676   99.667305   36.625374   36.33114
   66.51473    78.19408    63.893936   26.035707   32.309406   90.77914
   35.827484   78.44492   100.738655   33.34184    56.3675     87.3428
   68.841705   45.960026  124.24364    37.386948   49.597225   67.54189
   33.42277    22.581278  115.09939    38.35819    40.062996   28.53983
   97.22639    51.37695    26.694942   22.03238    55.141014   61.970093
   68.45974    52.625305   41.47136    29.120388   51.989517  168.38855
   39.718      35.672928  159.47829    28.342443   30.437853   69.94755
   20.916195   49.557434   49.41171    60.16071    41.949623   43.622013
   52.004387   57.45782    48.99144    47.40944    84.56512   107.39948
   78.215645   67.82656    60.559353   54.44975    31.195356   74.28419
   42.04233    43.851486   75.84759    66.00244    34.386925   47.43596
   43.0904    110.25993    48.288834   40.98427    35.17623    22.487608
   27.965654   49.405907   40.587914   43.496685   72.559944   16.182016
   53.754353   30.822996   38.65422    43.504044   65.14772    69.849266
   65.80566    57.571693   99.21748    31.278542   52.013607  117.37457
   37.804146   19.774551   69.20978    26.009447  108.32305    53.65693
   93.518814   33.059723   65.87974    66.14794    82.437      68.05352
   82.05628    59.72362   122.608696   25.517746   28.897177   45.912937
   33.478436   93.62493    49.59008    41.42249    18.52696    45.11838
   54.857635   47.061176   54.45759    38.324253 1021.6518     86.476135
   46.336723   40.01488    34.77472    30.290834   27.347088   87.08353
   32.69652    41.205006   50.71209    16.71729    38.85989    81.47159
   26.627491  121.41014    45.76336    59.89433    30.666037   23.454762
   18.589514   27.478811   29.098606   67.8964     45.110996   90.44554
   28.799408   72.45552    51.78358    52.240944   44.36132    45.199608
   12.027084   52.163376   56.960976   51.67454    48.33626    25.092432
   61.29242    34.83493    79.53721    39.919693   68.48132    88.18876
   32.32075    74.01227    27.163721   33.449898   68.39922    29.324808
   61.678837   38.166084   39.831093   52.758625   38.3665     37.496593
   39.427082   83.4505     45.713352   76.678696   78.81987    60.78588
  100.940414   86.818245   60.28173    45.25968    90.923325   21.80274
   95.16325    31.09893    83.57707    76.40977    22.13398    26.224722
   46.826885   29.209715   76.38684    30.623714   70.05627    59.19522
   84.37655    27.718737   27.0355     85.05477    43.016884   63.054485
   56.339775   47.95691    38.35772    40.29708    37.76009    19.600286
   78.6684     32.239002   62.462807   95.943184   87.59407    56.784805
   52.55461   119.57604    78.26604    47.433094   52.277412   84.10382
   61.642967   72.76987    52.49192    41.820297   22.16919    34.949764
   69.907104   64.36206    49.778023   53.136322   36.124275   25.263224
   91.34079    34.814384   42.40743    57.89422    33.999893   29.954493
   46.229176   52.706932   47.81045    44.022564   52.681732   27.865215
   26.642855  145.32169    67.563736   77.755104   54.379425   57.83965
   27.962254   17.299152   79.82002   102.16155    92.99642    15.460886
   51.377373   34.415535   57.399025   87.365395   41.75044    29.009321
   44.85091    33.956303   60.029896   31.204939   54.259594   80.04493
   43.13389    41.306      32.827553   68.78234    26.877043   51.849033
   37.432533   50.382027   55.36124    77.49064    32.602116   65.0044  ]",0.12957129686539642,0.264478221023112
1,1050,Transformation_Matrix_W,"[[ 1.3345586e+02 -4.4722452e+02  5.3569434e+02 ...  8.7777481e+01
  -2.4354414e+02 -1.0114666e+03]
 [ 1.4686542e+02  2.0096043e+02 -6.9924530e+01 ...  4.2601706e+02
  -4.7876324e+01  2.2611095e+02]
 [-3.5937916e+01  5.0591962e+02 -3.7204380e+01 ... -3.9717520e+02
  -1.1548184e+02  3.6021278e+01]
 ...
 [ 9.7151588e+01 -3.2381921e+02  2.2688896e+02 ... -1.4970877e+02
  -8.8958687e+01 -5.3938806e+02]
 [ 3.0572134e+02 -2.0158047e+02  1.0309747e+02 ...  5.4118610e+01
  -1.3946204e+02 -2.4056021e+01]
 [ 1.8120966e+01 -5.5389197e+02  7.8139991e-01 ... -4.9805228e+02
   1.4652225e+01 -5.6239252e+02]]",,"[ 50.80525   91.563995  35.997387  49.93712   37.32017   43.285652
  45.07517   90.93169   37.334984  98.630844  53.002285  51.948147
  86.26208   51.797398  51.428665  84.98344   22.753334  32.605183
  60.09921   30.975382  72.10531   60.703976  34.581856  51.097878
  71.79749   98.70814   56.731537  40.220657  37.75229   58.276928
  19.758373  57.843475  87.303825  30.436012  55.07131   73.04274
  29.050196  30.984676  31.079733  56.336395  55.189465  50.329273
  36.359013  38.94767   28.729149  54.775043  28.921267  57.77176
  54.951523  40.618645  47.399208  36.21638   67.51377   46.66918
  23.134048  30.775583  33.680256  39.655136  70.25551  101.34011
  44.54845   82.521965  36.498745  27.707054  17.1734    43.39174
  44.23356   56.06625  111.1034    49.82639  102.05335   85.364586
  45.288292  36.85312   42.83481   65.20828   22.788471  31.956589
  61.28868   22.766714  37.642662  58.44705   45.43071   54.497105
  43.050854 146.28992  100.89613   35.19309   30.011011  60.17897
  38.751457  45.69603   29.974796  44.150448  24.908932  47.70473
  34.929268  52.512894  46.43383   55.863297  89.53923   91.720055
  85.99464   42.140728  30.139057 103.76854   20.453876 110.36333
  40.10031   44.617523  50.962444  48.362556  41.533947  44.08436
  62.60703   59.333706  66.778015  22.444296  37.983685  80.17725
  36.584347  74.299446  36.437626  48.70223   33.48911   29.132593
  47.8102    39.855125  36.12725   29.098854  31.856096  19.996397
 108.282     26.764587  32.426777  42.338726  52.190968  25.434822
  39.782997  36.705822  40.56027   50.398952 111.55876   46.80749
  96.05433   78.753815 111.66755   39.64027   75.48608   74.57685
  32.56251   57.1889    17.440083  70.55046   36.960236  73.098625
  48.802456  56.136665  61.204327  49.800545  80.60771   52.465126
  44.664974  22.826134  33.262978  38.00943   45.785435  24.629406
  79.100044  48.485817  44.893593  46.9565    46.59115   49.186684
  59.30751   68.756836 134.99225   77.388084  42.34813   76.49716
  58.845158  89.078545  68.09961   21.529205  32.557587  15.346839
  14.483848  48.90733   56.25081   48.042034  65.54433   12.350793
  43.002205  24.27009   44.53255   45.077     52.82424   83.50241
  47.15364   90.02196   23.65235   50.15328   54.011745  84.974075
  84.54871   46.922928  61.91985   65.231285  30.228527  71.362564
  66.45541   61.500427  19.118519  40.705204  68.4849    38.209373
  45.21514   61.07517   37.592552  47.47461   44.916534  68.68481
  26.93322   58.522484  97.59389   18.091797  50.65249   48.664173
  46.70966   37.434933 126.239525  21.252804  82.866005  47.293343
  91.11331   35.132706  69.031075  42.99277   32.20385   50.492954
  45.8827    40.329758  23.829197  40.157898  51.24925   25.601429
  34.50226   71.77778   76.21322   42.930637  89.93404   34.75512
  33.179123  28.869947  41.970856  15.627937  34.28372   63.186653
  16.134947  22.066437  68.159164  85.658615  24.891111  38.30962
  85.99829   25.039282  55.234127  34.674545  45.634598  46.41973
  31.7254    70.81016  105.69041   20.72199   50.159428  34.82065
  40.815826  46.8497    24.523605  29.92784   73.45546   56.392887
 107.085495  81.84961   33.3138    57.612633  57.87574   28.468216
  54.0598    68.9488    99.28978   45.594387  74.297295 122.24805
  56.555923  43.105183  78.26389   69.470535  91.51611   52.187313
  41.30049   49.5238    37.290577  40.004707  56.252758  22.23157
  47.190247  56.68653   20.068151  21.418932  61.484318  19.173056
  77.13747   71.22905   48.341675  31.428488  37.17018   63.352
  64.098206  32.274418  33.28732   26.299992  58.90897   48.49078
 146.31013   46.157906  38.95626   36.206394  43.571236  51.469006
  43.83563   75.91234   43.91221   40.664078  83.052925  45.92175
  30.83208   48.865845  97.15368   38.058598  55.459526  21.27241
  27.51856   29.685154  26.306477 120.76282   46.267475  49.236023
  36.17143   97.51968   30.505312  32.37959   81.304695  37.084415
  38.49891   83.07431   25.544514  45.159473  38.22867   50.319042
  56.38334   36.881252  75.25791   24.262945  43.979855  50.2978
  52.04566   35.039238  41.80889   35.055058  63.470364  54.33679
  24.850645  56.02303   97.54677   29.482244  42.055378  61.059345
  53.80169   64.68074   59.086544  36.47236   68.009514  75.30122
  19.311188  34.218433  44.690784  66.7871    92.5695    65.181145
  40.9889    49.046776  50.3333    53.477013  45.027584  50.732597
  51.925842  42.253956  39.124443  39.53642   46.999115  43.794083
  41.547874  39.445568  51.905025 100.73882   36.195004  37.661373
  35.58854   41.31849   28.593428  39.279495  71.01      55.13437
  43.532738  96.84596   39.94757   50.755722  47.28805   68.59974
  84.92093   25.211775  93.999565  59.61308   32.339394  48.229504
  63.30487   79.7728    25.005726  15.505697  42.9082    66.486465
  23.574265  56.84232   62.192837  33.055008  51.155285 108.901276
  31.555126  70.489876  99.70318   62.97928   58.42759   63.540527
  65.96671   41.385277  21.805754  50.758297  58.706688  38.38353
  33.39425   55.881474  53.243404  38.187187  34.147797  15.778659
 117.16123   88.62851   37.255955  89.695625  54.37834   44.76671
  27.63412   64.23495   31.910435  25.521788  22.340515 103.04254
  33.82599   77.64445   93.10715   36.850327  37.450096  38.854553
  47.32776   60.486378  32.46769   58.664467  75.27424   30.134825
  73.56785   59.64667   18.40301   99.3587    30.461966  35.435024
  64.24708   75.47376   54.81978   22.056847  32.413116  80.4788
  32.249905  70.98958   99.240585  36.172424  48.107048  62.5081
  69.7253    42.393314 108.38279   39.19642   43.80166   59.385323
  34.86803   20.458578 104.86666   38.297485  33.978436  30.11509
  85.57672   50.001175  22.47676   20.188183  50.264168  62.13947
  62.91866   56.25216   34.802006  27.444302  50.91335  153.96423
  33.757607  35.408947 142.17569   22.72926   26.820148  59.35824
  23.189692  51.727398  49.608345  55.869267  39.761475  37.977367
  45.183952  53.416435  45.5464    44.787186  69.774376  89.517426
  60.954018  53.334328  57.7116    44.403385  31.206013  74.341866
  36.759087  42.80244   62.4278    56.832687  29.831434  41.89168
  45.5608   101.978386  40.734756  39.470787  33.49768   22.584295
  23.194212  47.46708   37.822334  39.66455   60.74319   16.013311
  48.86209   25.895575  39.59347   48.70128   66.42891   63.995117
  62.875103  51.1084   102.64341   30.741726  40.380383 115.62959
  34.296227  19.074875  62.844048  24.062155  88.47527   46.97708
 107.47542   31.19838   60.165886  63.88233   63.85218   60.28659
  86.467415  59.983665 107.04255   24.951216  28.348022  46.761772
  34.897892  83.7275    48.575546  38.04128   20.969347  46.200233
  50.179485  44.770645  52.859676  36.07477  836.0118    91.24825
  55.90239   39.789864  34.832848  32.402775  22.646458  65.936325
  27.496078  33.809174  40.67101   18.297064  37.946953  68.80564
  27.51841  103.78327   38.624596  54.0224    25.222765  23.037739
  16.904057  25.353426  27.562977  65.06634   34.689053  82.32684
  30.038664  69.29846   51.59301   43.77674   45.039406  37.71572
  12.315973  48.076145  54.892365  44.32277   46.51723   23.617702
  61.49264   35.21709   78.238045  34.753548  61.23875   75.66461
  32.28514   65.71729   23.634344  28.86323   64.56108   25.508112
  63.758263  34.438686  43.59104   46.409447  35.328053  39.74623
  38.645535  79.84859   45.701942  68.75034   71.33545   59.42212
  88.75431   88.42602   52.589264  48.41119   88.43748   18.59714
  87.9603    26.667654  71.78798   67.04418   19.946066  28.79728
  45.880047  23.632454  67.58259   29.07762   58.335934  60.145824
  69.22164   25.725266  24.284872  72.0144    40.93118   62.946346
  67.93231   51.74766   33.542534  36.259502  35.705242  17.490578
  66.17737   33.342377  53.602272  98.5153    89.12974   52.86854
  46.518646 108.77947   70.23053   43.889034  41.25782   62.862995
  60.02582   70.1197    41.6608    37.36173   22.219255  32.4637
  71.763535  53.96746   50.3928    56.25417   30.195257  26.457403
  77.00047   37.250473  40.953197  57.910152  37.36122   28.787651
  40.81624   50.27895   42.52131   50.449852  54.058773  24.151676
  21.93245  139.21184   55.042927  82.01847   49.928146  53.12772
  22.470514  18.03219   75.33316  100.08554   80.62391   14.797579
  59.880913  30.58466   65.42464   73.68908   39.68794   25.804716
  38.11096   33.362778  54.95338   30.997477  52.90398   88.14769
  36.222275  41.180107  31.501602  57.778275  26.425575  49.045746
  37.550472  51.748848  55.156116  72.24483   30.88527   61.21043 ]",0.15807467732022126,0.30073474435460656
2,1050,Transformation_Matrix_W,"[[ 142.07465   -288.34146      1.3442769 ...  -41.85661    -92.582855
  -310.9311   ]
 [-108.38033   -241.32053   -191.82112   ... -205.62944     35.267864
   -10.927265 ]
 [ 192.06032   -215.612      -39.2037    ...  169.9559     -97.63707
  -345.7997   ]
 ...
 [ 254.29189   -162.14957    181.1122    ...  -49.6642     -28.360918
  -267.27036  ]
 [  87.27536    105.6381      44.888123  ...  207.72467     80.097015
    72.3957   ]
 [ 232.95622    173.97273    -25.835154  ... -131.3921     175.48076
   328.97147  ]]",,"[ 46.90355   75.08446   39.43969   49.80456   36.64026   46.58446
  41.410816  71.26659   33.855972  84.06196   47.43612   58.212044
  92.145195  47.846592  47.276802  73.598885  19.905088  31.434078
  59.920227  33.80298   69.08493   53.726707  33.469574  48.172688
  66.42226   76.66261   53.06063   32.770687  35.330685  54.68068
  19.904037  58.252388  72.257     26.817684  47.686882  70.576904
  24.744993  28.841654  28.313173  49.955307  47.36326   52.802048
  31.278267  31.833292  31.627832  43.251724  31.650375  52.97709
  49.9039    41.54336   34.066334  33.763298  70.032486  34.17533
  24.013557  28.313679  31.175522  44.46694   70.23902   98.796616
  42.01249   73.6353    33.43683   26.15649   15.133581  37.726
  38.7693    59.630928 102.45274   44.60758   76.50906   61.92214
  38.58883   31.945715  44.799442  57.031063  20.188797  28.430754
  56.799988  26.792156  37.59887   53.156788  38.993237  50.087067
  49.3983   115.44012   94.23393   33.866585  33.144257  62.7663
  39.79535   37.642662  27.102774  35.078533  26.709486  44.628696
  34.552048  50.43951   41.902996  48.163857  83.66337   78.5021
  79.99695   42.202526  29.763796 118.3502    17.719902  98.98889
  37.465935  41.919174  41.032722  39.349964  39.271694  35.394295
  51.440582  44.71386   63.91181   20.014969  38.82297   94.020874
  30.176271  76.26156   30.162334  47.252926  32.576332  30.823803
  46.485287  38.4515    39.868088  22.91403   25.996027  18.052265
  96.39846   23.361153  30.391241  43.221523  40.81878   20.556284
  37.277317  30.01825   37.42747   46.81197  111.33694   45.952427
  96.76892   66.24441   93.54447   37.054024  59.580727  56.59379
  30.912397  58.938725  15.030794  60.011433  37.515923  69.73433
  46.95203   55.038383  46.85053   45.792217  70.02085   45.86194
  40.05742   21.023344  33.306473  32.4575    44.58544   23.698599
  64.71787   54.808674  39.811573  44.1711    43.117737  46.768066
  54.38329   56.87794  107.62297   64.3159    45.27154   80.13906
  44.407017  73.13969   70.268684  18.357204  31.370876  13.341733
  13.644398  42.91053   48.791065  46.856228  56.93157   10.041048
  31.842081  20.800417  39.35521   45.13197   54.689518  74.02003
  43.940495  81.12896   22.892067  52.117397  47.577248  73.65598
  80.62128   52.977974  46.613586  58.271324  30.48251   66.73826
  66.16965   63.72339   16.303614  37.165104  57.427963  37.17788
  42.100357  53.3984    40.69945   46.54868   43.345825  58.034115
  23.43417   59.3563    72.55172   13.440198  52.235287  44.694855
  42.241573  31.227934 106.79181   25.138002  75.97634   47.1801
  80.09269   33.644028  67.214325  42.51758   25.366768  41.33744
  37.92278   34.55859   21.11727   37.199806  47.15277   17.884735
  32.826374  67.74724   72.62298   38.85479   80.23602   27.884554
  24.778246  33.239857  37.864666  17.693123  33.373478  53.138042
  16.031727  21.859842  63.410164  68.62739   24.900454  36.502777
  78.62203   25.759771  41.723648  31.679487  40.69572   41.607475
  29.38911   65.27384  122.89585   21.233044  44.669476  33.995552
  33.48227   48.012726  25.621038  29.38917   72.5979    59.929028
  88.10853   82.65972   38.565292  66.95224   56.2015    25.881538
  55.286247  59.4796    93.24076   44.178123  70.3593   132.27048
  48.877544  37.290123  74.96911   72.49818   91.42531   51.857346
  42.103695  44.605858  40.304905  37.503998  57.70224   21.099804
  48.388092  53.362568  19.899252  18.690813  56.979706  18.739603
  76.06014   63.66128   46.974445  27.656212  36.078873  55.390976
  57.38088   30.251364  32.173054  23.570902  55.452797  50.718124
 134.7235    41.476612  32.469234  36.5471    38.294834  47.151775
  42.435608  67.276825  39.010517  41.931076  69.909355  47.345154
  30.334394  52.504124  90.87114   28.124636  53.652687  22.096004
  30.36048   24.092064  25.988293  96.72595   47.69066   50.137424
  35.228035  98.1109    24.957573  33.7409    65.332115  32.97632
  34.93609   79.06583   26.533302  38.613102  35.62679   47.468624
  45.533627  32.763443  76.429665  24.049849  37.614346  42.216377
  48.224575  36.568207  36.938297  28.332335  66.226105  48.286407
  18.92947   51.02198   95.86865   29.478088  33.788494  58.099995
  48.802013  55.12822   56.40583   31.308624  51.331818  74.11708
  16.563013  27.583     44.16886   67.53061   90.72995   55.294094
  34.287167  35.91516   43.58324   52.514706  44.003418  53.6597
  40.262447  38.346634  44.290607  41.653458  44.652905  41.538185
  36.267532  31.27928   49.80454   98.19673   29.429544  31.872547
  31.833464  31.6117    27.15532   41.672672  76.78458   62.94068
  47.140404  79.52328   33.61529   53.60399   40.512     52.37214
  77.16062   24.989859  85.89883   47.603886  30.351727  41.350826
  63.923954  71.40185   23.502995  14.545173  38.68596   60.68342
  26.590195  49.076595  55.99449   36.50854   50.875843  97.812874
  29.281343  56.0147    84.58162   52.598698  50.458572  53.931183
  54.769505  32.24651   21.691156  44.94213   51.682713  39.87158
  30.536491  55.0839    48.86024   40.756924  32.176445  18.253336
 106.28541   69.9055    26.265223  75.53992   56.27732   42.79726
  22.948816  57.632305  32.98819   22.67669   24.492746 114.9113
  31.704504  81.437225 108.501236  33.47915   35.63165   35.681404
  42.300446  52.46532   26.062168  58.271683  68.60143   34.43304
  75.297356  52.15046   18.365135  87.822815  25.701662  34.04671
  56.96616   62.994423  56.378937  22.832794  29.182528  69.41065
  30.840143  57.7183    98.11266   29.268618  47.276417  59.404984
  68.12803   38.87047   85.567245  30.27843   45.43193   64.751366
  36.002335  19.043476  85.670074  40.525185  39.45928   30.604624
  80.046165  51.422707  20.306583  18.267046  39.463203  56.048664
  58.099567  57.844643  29.618069  28.343668  46.37409  141.9752
  33.271717  38.355892 136.13466   20.832317  26.381725  47.107838
  21.912516  48.07634   47.52675   53.918087  45.334812  34.17869
  43.550373  51.173     37.613495  42.472763  68.97975   79.92039
  58.415176  54.908348  65.008705  41.41295   28.02948   67.93208
  33.25546   42.689777  59.58514   48.829884  29.26619   42.867374
  39.985405  94.24235   31.356585  39.42318   28.809526  21.096855
  20.197006  46.134518  37.675114  37.54193   56.08648   12.739034
  51.420174  22.000751  36.32442   38.27896   60.35156   64.66311
  66.067795  56.942387  93.6983    30.09685   38.49483  118.06143
  27.82811   18.7638    66.63864   25.871199  84.76477   42.747036
  93.280396  25.97874   58.61901   58.50429   59.03327   51.14803
  71.124954  52.10872  118.07658   22.213255  28.554047  39.157303
  32.237667  70.30358   44.931564  36.225983  21.633226  44.20564
  47.28651   42.583336  45.817387  33.565056 743.62555   75.156654
  60.664036  36.106937  29.364618  32.941113  20.736225  78.45888
  23.35366   37.016186  46.501717  17.28209   32.198956  60.899742
  23.563116  94.48497   39.124474  58.62879   24.885693  20.86021
  14.19559   19.54847   22.881601  55.462967  32.849483  73.58119
  26.866295  74.477844  47.08808   38.251003  45.93463   36.03579
  11.528504  48.288574  43.821095  43.12752   41.796524  21.756104
  59.147057  24.9741    73.674774  33.080696  67.3143    66.92395
  27.570116  78.05419   19.405155  25.47453   58.940327  23.07131
  60.65639   30.185228  35.781517  51.30293   27.390236  37.584553
  37.691013  70.78744   47.072548  59.737602  56.83503   46.524986
  85.70063   75.608086  54.905853  36.875523  91.9116    19.449547
  82.84844   29.125938  64.48171   63.022217  17.883976  26.148415
  38.31368   22.453356  59.28374   27.96406   55.207863  60.810307
  64.09265   25.188154  24.202677  62.264187  36.35037   57.54195
  56.26114   43.84572   26.602999  31.346794  30.797777  17.27339
  57.14845   26.086794  52.34729   97.9008    77.89007   48.37716
  36.92      99.25343   83.78117   38.52042   43.396915  48.757805
  54.169018  61.559155  45.683758  31.913315  18.363644  31.312704
  61.80709   51.09945   45.64959   55.065907  25.996952  22.071697
  64.09254   43.7702    34.354496  63.859077  34.98513   26.687408
  40.13788   47.305668  36.933186  45.748463  52.822525  24.302328
  21.226788 120.29632   58.5383    76.27775   51.51967   58.04549
  22.229454  18.282133  63.166183  83.382286  74.29763   16.169058
  58.892124  30.606821  56.79076   65.89387   42.027966  25.428389
  38.28395   30.194717  49.84093   29.51131   51.538548  66.65045
  32.51854   30.674372  27.92926   59.97541   22.557507  47.904514
  36.427498  44.398407  51.312866  68.25817   31.453665  52.048042]",0.19410725261216963,0.3321577266627506
3,1050,Transformation_Matrix_W,"[[ -31.688637   -88.563156    11.304022  ...  -63.839554   -59.341927
   -69.52483  ]
 [  32.27005    -47.710506    -3.95384   ...  -68.522385    21.74092
   -75.56077  ]
 [   1.0746827   40.360195    -4.226934  ...  -27.263271    42.23604
   -75.2938   ]
 ...
 [   8.691324   -72.32798     26.620396  ...  -22.273016   -37.232132
   -94.721695 ]
 [ -50.182407    30.173672     4.333586  ...   37.422417    28.76455
    14.877929 ]
 [  34.53883    181.32567   -108.991196  ...   22.091082    99.8306
   131.94075  ]]",,"[ 42.45126    73.899536   35.007526   46.65667    31.458363   42.637222
  38.94646    67.05861    33.145935   82.55689    50.76935    53.05953
  82.90082    43.831577   47.19354    63.313824   19.722647   26.36823
  54.05933    31.160662   61.453636   54.99803    31.935612   45.791893
  62.146606   84.16896    51.21025    37.616737   31.502783   47.813442
  19.570507   61.400795   62.290977   25.138714   50.07849    65.38638
  24.876484   28.79275    23.201473   45.133366   42.09662    49.263626
  32.434555   28.671324   30.335794   44.600086   25.651222   54.77163
  52.770535   40.23324    35.972084   31.211584   72.322945   31.422247
  19.817698   29.003342   30.989424   38.2922     62.830013   88.72131
  35.987156   69.01485    32.922413   27.307081   15.149131   39.832718
  41.017      54.846848  105.46541    43.63264    86.71352    59.442356
  36.982327   31.684277   37.647972   51.723156   20.300179   23.510963
  57.24261    20.596819   33.80943    47.45664    33.953438   49.896984
  43.484447  116.52667    95.91384    38.398514   29.687496   55.486282
  31.742865   36.280136   24.87891    35.06213    24.614418   49.737156
  26.707228   42.053593   44.14845    43.85599    78.7861     77.96805
  78.85968    42.85025    26.561995   94.792625   16.02744   101.19367
  31.021244   34.90148    45.48967    36.31094    40.13146    41.68714
  46.291367   45.99369    73.970726   17.976614   37.22979    76.784874
  27.264975   72.49812    34.052235   43.12151    29.6019     30.327314
  39.06083    33.93341    35.048294   19.453693   26.559242   16.767874
  92.76692    22.484987   29.74637    37.15857    39.094337   21.276527
  30.97662    30.24664    34.411343   44.849525   95.108665   39.85454
  87.128944   60.496975   83.96969    33.18591    58.08566    59.067047
  28.31546    51.892136   14.587695   66.42017    33.08078    58.591694
  43.31583    47.015835   42.776268   41.33534    68.019936   42.412716
  46.335793   17.318905   31.399054   30.84243    34.562634   23.416922
  54.040005   48.19124    41.40547    37.129173   43.840065   43.51778
  52.448143   51.640846  108.621414   60.413166   40.55581    62.758564
  47.57339    68.26191    62.534702   19.339388   27.739357   12.855294
  13.553418   41.32225    42.774185   44.321316   55.61327    10.382825
  33.237495   18.874636   45.365295   45.008514   49.527596   73.60216
  41.862312   76.605484   21.966667   45.132908   52.35666    66.6922
  76.47632    44.48745    39.5439     52.237362   29.336477   53.722466
  60.113544   60.922585   16.199795   32.31203    55.512474   32.285164
  39.03467    48.389954   37.542236   40.21409    39.404453   57.93605
  23.086706   45.926666   69.04721    12.203667   51.96849    43.86735
  44.465576   29.825275  106.39061    24.171957   62.12282    42.685833
  66.36401    30.776497   61.201412   37.50309    27.37572    42.827126
  33.802544   40.13998    20.860731   37.222458   39.230537   16.722366
  28.510996   63.542843   69.12084    38.290524   84.79116    28.963762
  25.681225   25.04408    33.51906    16.675606   34.636784   51.562443
  13.0186825  19.923464   54.265263   73.951515   22.045546   34.53333
  73.174706   24.44461    43.141815   33.715527   36.04593    39.67451
  23.953457   64.71583    94.32186    18.862062   39.266155   33.609486
  32.11652    45.526527   19.008633   27.297102   67.98896    51.360077
  86.59638    77.70189    32.645878   61.296726   56.935486   25.472141
  55.146786   54.294945   87.1161     41.133133   58.35068   118.655716
  55.396873   37.923912   62.325176   63.416843   80.03605    50.54395
  36.60917    39.645348   36.33671    44.264023   53.02344    16.962725
  45.31233    59.902504   20.276535   17.864037   53.504486   15.181603
  65.7546     63.7936     50.75819    31.197927   38.759945   51.520733
  53.88545    27.50672    27.16132    23.051853   54.40382    47.613567
 125.187294   39.575222   26.618462   33.105118   39.557903   43.388477
  37.99135    57.856136   39.662483   39.257072   65.47044    40.156178
  28.137278   50.25213    75.95579    30.358204   46.467968   20.59494
  26.831905   22.441902   21.572752  103.4031     40.394405   44.601864
  33.682144   87.39458    26.347347   32.48481    58.275394   26.666395
  30.162851   75.10302    22.83446    40.433403   31.947552   42.66769
  39.574417   30.092571   67.404144   21.303747   36.389324   36.66893
  42.042652   31.320303   32.405052   28.12739    53.143234   44.587498
  18.818195   42.69518    84.82427    27.399693   31.161543   55.273743
  46.075245   52.621986   46.42686    26.0552     53.002472   68.802246
  16.24305    24.722124   40.012646   59.49415    78.51905    56.555515
  35.08111    39.30785    37.110516   58.607655   46.199482   48.60557
  44.69569    39.1417     36.139645   39.79856    40.923485   38.67499
  32.3771     35.980217   46.369656   85.661575   33.560856   28.96769
  31.920008   29.772074   24.248465   37.46601    71.627174   53.75601
  42.69946    75.80325    31.442863   45.50976    43.227135   53.415688
  65.2542     23.325876   80.201775   44.56178    25.10723    37.50964
  54.14787    67.499725   22.115322   13.511852   39.609142   60.515472
  22.216785   45.269554   56.63024    33.198265   46.30501    97.11081
  23.073576   60.150623   81.76093    51.01693    44.47177    47.213997
  62.25132    30.578203   22.727621   41.24491    45.844376   35.349457
  29.139603   47.652897   48.200912   32.385986   26.858854   14.920853
 110.18037    70.14766    25.875238   73.18382    51.146645   47.3976
  26.304869   59.028046   27.016386   20.593771   23.330555  104.60883
  31.296352   71.58353    88.12242    32.178036   30.219435   35.10927
  36.22343    50.334988   23.378046   55.66236    65.56938    28.345097
  63.73496    48.931614   18.060692   80.844345   27.51211    38.087925
  51.67749    67.39179    51.27464    22.113941   28.18709    69.75839
  30.414831   56.132236   80.959526   26.062843   44.7641     54.144485
  63.639503   39.878326   87.602516   32.587563   38.05849    56.6538
  34.259743   19.6001     87.25836    39.041084   31.591694   27.60146
  80.991325   50.321842   16.917652   16.407824   40.24734    52.328724
  55.111847   49.517067   29.79816    24.660635   43.341885  135.56177
  31.643505   35.268806  130.0971     19.302746   22.204458   50.24279
  20.38199    51.889393   44.507195   51.117393   38.350754   33.95973
  40.964043   45.801376   39.611755   36.86094    63.154697   74.46692
  60.237846   47.591568   55.902405   37.73016    26.68024    73.79033
  32.34521    42.422665   51.359478   42.324554   25.849415   41.596786
  36.766445   97.94023    33.861748   42.621815   29.293013   19.974728
  18.478563   40.568077   36.392727   32.61689    54.944138   12.637667
  48.255775   20.073536   34.397915   38.230698   60.03222    56.357903
  57.10104    53.156666   87.02282    32.233654   44.303997  108.5985
  27.728533   15.611026   62.668736   24.02156    72.82853    41.95189
  83.049034   25.165209   54.38709    54.52446    58.796154   51.38186
  70.35361    48.98475    92.189995   22.49258    28.544012   39.8324
  32.312218   60.834793   42.429356   32.077744   18.294708   46.760315
  45.698578   40.842316   39.817734   29.836502  712.5122     65.926445
  52.1301     36.362793   29.333061   31.517931   21.068949   69.178505
  25.73474    35.092987   41.233986   18.048067   31.832186   64.64933
  26.369514   98.173515   38.586315   53.202244   23.706205   19.758156
  13.251607   21.192762   23.66141    56.1844     33.565666   77.68068
  26.502935   62.22326    40.412785   37.166935   39.450516   29.357956
  10.5777235  39.723866   43.73616    44.121193   36.546883   21.392857
  54.47071    26.46134    74.168144   31.055466   61.71706    64.00364
  27.830088   63.919228   21.379261   24.276136   54.678005   21.477785
  58.19285    27.798624   34.252457   46.97922    29.23947    34.965717
  41.715298   71.31484    38.314487   65.949455   51.65846    41.695705
  73.885345   77.799965   47.592037   36.871304   73.4203     17.91515
  85.79603    25.60152    55.70448    53.69001    18.66863    24.013323
  36.990467   21.510437   60.589523   31.982328   54.41764    50.958347
  57.270817   23.93194    21.923449   58.85761    38.33014    53.210968
  50.723858   43.346977   26.794744   28.58131    32.791245   17.13477
  53.787674   24.607243   49.80198    88.89273    72.257225   49.368477
  39.48396    83.02523    74.494995   36.541443   40.559235   51.042755
  55.466614   52.993446   42.92839    34.49071    18.258009   27.849289
  63.39224    46.399662   54.019764   51.890263   24.300667   24.121763
  66.122696   37.393932   36.210915   55.659367   30.729156   22.048502
  37.347553   38.287212   37.99383    41.136078   53.09535    21.127592
  19.307077  129.20395    46.545303   62.863277   47.702484   49.521965
  22.447643   17.045317   73.73139    77.92848    66.889435   13.23172
  55.772205   26.820126   53.215996   65.283714   37.598217   24.668297
  37.384518   24.234413   46.85253    26.800009   45.966286   63.88739
  35.601044   30.33201    28.892462   48.286777   20.902279   49.240448
  35.772396   38.190453   44.543682   66.759796   26.22868    56.70384  ]",0.20989551321450522,0.35386429188878293
4,1050,Transformation_Matrix_W,"[[  9.584726    5.724542  -20.68116   ... -27.778944    1.7154099
   17.669373 ]
 [-10.77316     4.5042696  -9.70358   ...  -8.504359    8.431821
   -3.9924848]
 [ 15.836063  -19.24891    -9.946315  ... -22.918566  -11.131362
  -24.089996 ]
 ...
 [ 12.819588   28.497099    4.432391  ...   1.102804    6.0870376
  -10.069058 ]
 [ -8.842639  -20.522776  -15.776157  ...  -3.7100177 -14.741183
  -20.35018  ]
 [ 15.5631695  -0.9088294  -1.4723431 ... -20.272272   -4.6859827
  -17.617786 ]]",,"[ 45.656387   62.900894   34.17972    37.616093   28.548803   37.0792
  36.97871    58.74204    22.744917   83.7086     40.052113   45.314148
  68.736786   43.092144   36.77307    50.514515   18.449038   27.16872
  44.108295   27.298838   59.33643    41.94811    31.66291    38.036102
  48.93077    60.707954   50.373463   29.019953   29.335062   51.1339
  15.426423   47.36858    58.727173   22.974485   40.667362   57.821556
  20.704346   24.99706    19.172846   47.094925   40.844772   41.90281
  29.737345   30.44973    24.343025   33.679966   21.00484    49.87183
  43.63909    41.394424   26.380322   32.190018   54.296375   31.19229
  17.463926   23.828392   30.087318   33.95975    59.011383   79.117134
  32.092495   61.85079    29.937305   23.927092   14.641721   37.89372
  37.688625   47.72711    90.64377    38.077297   59.561417   47.59839
  33.497334   28.88237    35.192265   49.472397   19.979399   20.916729
  52.615166   21.132833   32.084347   48.755505   30.430048   41.64901
  34.00321    88.96799    82.62814    32.62243    25.494488   48.807446
  32.929802   30.027697   22.177462   31.048433   21.454933   41.06207
  25.302443   41.08949    34.16485    40.505978   56.253555   76.506744
  74.28191    37.28404    20.178623   74.62972    16.167002   77.27369
  31.19406    27.077805   52.778183   35.92117    38.024036   33.031517
  37.581627   34.059765   69.201866   15.267032   36.418495   64.66874
  24.561255   57.801884   25.173876   40.761845   25.445621   25.827106
  33.931107   31.81802    30.148188   21.387901   23.851068   15.000186
  79.70005    22.953197   26.136127   31.775938   33.2609     19.463726
  29.693878   31.299904   29.728392   34.052483   81.93522    33.3091
  68.61616    61.033463   79.45759    28.265741   51.548252   48.18266
  27.052477   53.626965   14.016195   60.850285   24.10382    54.50389
  39.29306    40.896706   42.372337   36.70989    49.923912   35.708153
  41.685276   18.52172    31.369198   26.930294   32.308407   21.165243
  53.762814   44.06691    39.129986   34.426067   38.964245   35.994728
  48.09321    44.91452    91.8778     59.44981    39.790085   57.793156
  46.363216   50.466965   58.60878    17.534817   21.350622   10.918004
  11.7381735  43.004597   36.375977   32.031143   46.691807    9.8630495
  27.827717   18.112255   41.52604    33.73198    44.82345    58.234886
  38.404297   71.17171    19.117826   43.440563   34.978565   59.132484
  62.304752   39.74445    41.04736    56.226025   24.97564    54.007812
  51.830193   49.924656   14.273864   26.629013   41.588985   35.57904
  29.224789   46.22822    26.065111   36.963688   34.765266   53.025642
  21.687056   47.698257   59.448116   10.899644   45.26504    34.64479
  27.123335   29.595478  100.47303    20.678795   53.300743   43.861275
  58.85692    24.13875    63.98296    35.992245   23.591284   34.658684
  33.702812   36.71287    14.666785   34.264038   33.415726   16.346996
  28.41428    64.0239     60.117516   34.822865   82.191536   21.3168
  24.881657   24.645187   28.19732    13.670796   33.795406   50.689102
  11.729223   16.058779   50.441063   60.0692     24.057056   29.701376
  64.91343    19.825716   32.716526   23.025833   31.858444   36.959698
  22.865503   50.712875   92.34254    18.772635   34.92122    25.26426
  30.649557   36.669086   17.632158   22.96365    61.372967   53.70012
  68.25612    65.452324   27.963974   51.464054   44.326122   23.359074
  42.9468     50.38571    76.7551     40.311558   63.10077    85.60392
  42.141266   32.727467   63.197113   52.44537    66.346756   39.664265
  27.796038   40.86015    34.652485   41.99812    37.95354    19.850607
  38.97853    50.693516   17.487524   17.712046   45.87218    18.549288
  58.216564   54.436466   49.765194   26.112158   35.557274   52.185547
  51.45342    24.957287   23.595804   23.174397   47.597904   37.96349
 109.215866   39.828823   26.073587   26.842834   27.26351    34.399895
  33.82836    53.612633   36.401577   33.213383   57.429897   39.217545
  25.58062    43.203896   75.94642    26.28875    39.447117   15.218549
  22.883583   20.052439   21.707655   74.73571    38.582344   46.42277
  32.233776   72.157906   24.603645   26.210093   54.20625    25.811457
  34.077168   72.66099    18.431116   36.711758   30.196558   43.31626
  34.65804    24.150522   57.416298   19.38206    31.638676   30.80237
  41.579586   27.758848   32.506096   30.143335   53.11384    40.828056
  19.025043   48.221203   86.323555   23.340286   28.146381   49.619743
  35.08874    54.94848    42.82684    25.403723   36.86573    60.195198
  13.812594   23.856989   29.106121   48.936207   81.84003    49.23557
  27.872852   25.566835   37.237106   43.196167   43.129436   46.831665
  36.32309    34.709274   31.369688   35.293755   34.580498   33.905792
  29.453947   33.36145    42.405853   86.54559    34.241596   26.789732
  27.08874    28.785583   24.341095   36.44317    61.159374   46.305767
  42.26366    62.650764   27.75447    39.233208   39.56582    44.330605
  54.583107   21.273527   70.63414    47.537315   23.214256   30.53818
  46.108242   59.11166    20.38872    13.236597   41.60193    54.195354
  19.722275   42.697662   52.192028   28.808338   37.486225   72.97568
  23.314377   42.023903   77.71388    45.879875   36.266613   40.494404
  57.31708    24.976131   22.84411    44.358246   45.272263   34.539
  28.150452   41.437813   43.37625    36.142723   24.186338   14.557041
  71.800255   54.13668    21.719358   63.590668   45.69191    35.06392
  25.354057   57.274273   22.777676   18.106838   21.170294   80.77911
  25.238928   56.843452   80.91164    25.807964   28.85321    30.928696
  42.302536   46.865376   22.760305   50.531647   73.648895   24.52768
  54.58983    43.652283   16.212513   70.83469    23.094475   29.828323
  41.67379    57.859344   44.12691    22.544882   25.154951   62.678455
  25.380013   43.129745   66.41093    23.894625   31.235285   50.63033
  51.836582   36.96076    82.63092    21.019604   34.85185    49.706326
  33.676754   15.113712   65.426      31.168015   31.182293   25.831495
  80.51419    39.36414    17.029285   13.474188   29.851425   47.52062
  46.55543    44.914074   25.025818   20.175219   41.583656  104.667
  25.529673   27.95249    92.09677    17.498995   24.603056   48.529972
  16.703098   42.253475   34.321777   35.46937    35.798923   35.91739
  40.18057    46.360603   28.294788   31.614594   59.252823   61.51046
  49.92223    39.864834   47.26864    35.35037    26.218      70.62991
  30.480036   33.861298   44.181755   36.79467    23.374094   41.653057
  30.46107    87.48996    25.80213    36.321114   28.92627    18.696342
  15.039322   35.047123   30.488234   32.273357   41.954018   12.512809
  49.814194   18.023481   33.096165   37.708508   52.414257   49.464355
  52.179337   39.556427   82.6862     26.564272   41.397552   85.64354
  22.191471   13.456569   48.450893   22.888462   59.357906   35.63651
  77.306366   22.566837   51.064663   49.263943   49.811344   44.73593
  49.48653    40.497566   88.039185   19.374767   21.91267    37.88276
  27.127644   57.1388     33.722885   31.052134   16.9535     35.037376
  36.17449    39.477455   42.18639    23.951406  685.589      65.5691
  42.29621    33.09378    26.687431   23.944183   15.080603   55.29344
  26.71101    30.062597   33.724354   15.777754   31.232014   52.55196
  22.476906   82.98217    31.244085   47.564373   19.810013   17.880718
  13.378218   17.810816   22.53148    45.676003   30.199738   60.151283
  25.34203    57.296387   36.49549    32.477356   36.51497    29.29839
   9.815703   30.186409   33.3286     37.08415    37.88709    16.454048
  43.406425   21.430668   55.360527   23.49715    53.879498   60.11985
  24.115633   58.412704   20.73566    19.185446   44.74744    22.214705
  53.079483   28.89015    34.475338   44.20173    22.02846    33.96636
  37.060375   57.32532    34.910187   53.119587   46.39546    36.459705
  67.02374    54.26031    47.624268   33.07347    75.3014     15.786836
  60.55105    22.161224   51.158382   60.47664    16.29621    23.329985
  34.78013    21.91689    46.223343   25.829878   46.435085   49.902798
  57.01322    22.244156   22.322224   53.804653   35.138718   42.858322
  40.669113   40.17587    22.437551   24.25604    30.623926   15.695677
  43.960777   26.582808   45.571278   74.63328    65.119896   40.785793
  32.40099    72.73905    59.745705   32.440292   38.66406    38.63456
  53.554996   58.058296   39.534286   32.887947   15.625359   23.56589
  60.37572    37.970203   53.11043    43.48068    23.897846   21.613903
  52.37443    29.684832   29.294275   38.3959     30.064959   19.95937
  35.93792    36.39059    36.223213   39.50249    40.72042    18.78225
  17.19715   107.90013    47.257217   60.97855    42.466263   46.81947
  24.24238    12.631424   64.55124    73.98317    64.984406   14.511261
  45.487453   22.708157   46.389736   47.995037   34.349773   21.101856
  33.294746   26.489384   42.905693   24.406849   42.74743    63.274807
  34.468605   27.84148    27.885017   46.859055   20.61978    35.56171
  31.340374   42.66943    44.039192   64.26786    22.772566   48.407818 ]",0.28680086047940995,0.4016805398083436
5,1050,Transformation_Matrix_W,"[[ 19.718754  -10.854386    2.3803742 ...   8.096972  -15.785388
   -3.9746895]
 [-18.738846   -3.643984  -10.776439  ... -13.157193    8.217496
  -11.276781 ]
 [  6.6545067 -10.580962   10.739068  ...  12.816062   -4.108772
  -21.371933 ]
 ...
 [  6.0378275  -5.7466817 -11.674186  ...  -8.641033    3.2017128
   -2.4607322]
 [-17.389425  -15.058567  -12.814915  ...  -1.4180716   6.54795
   -8.97219  ]
 [  2.05811    -8.992782    9.308865  ...  -4.264486  -11.571175
   -7.16709  ]]",,"[ 44.15714    67.19295    30.173744   38.196053   28.44489    41.952007
  37.765747   65.09743    30.224844   70.041      36.889988   44.566566
  74.17519    42.284237   35.85671    54.60193    16.188076   24.085081
  42.405495   27.990011   61.217117   46.876873   34.42925    37.603092
  52.107758   69.63574    42.286724   33.40762    32.975964   46.342304
  14.807505   48.607643   58.562164   22.410574   39.807255   55.643147
  18.020376   24.839394   19.09809    41.367077   35.326763   44.830738
  27.728376   27.02942    22.993727   42.024063   22.23075    49.22289
  42.328014   39.77423    31.340185   29.220905   59.45955    31.235176
  16.446026   24.4367     27.440954   36.040554   57.120773   80.85248
  33.798058   58.928696   30.423416   25.899433   12.436267   35.835693
  31.041704   48.01413    81.17441    37.067226   71.31365    52.59527
  35.334618   27.937595   31.968678   42.503258   18.42406    21.700682
  52.572914   21.56818    31.79871    51.88564    29.609825   44.56248
  34.274952   91.43659    77.57408    30.000704   25.87894    50.294296
  36.931736   32.6802     21.55564    35.61843    20.528027   38.028786
  28.176035   38.79375    35.166046   41.46326    68.19735    70.303734
  66.63006    40.378647   23.904066   84.917366   16.434092   76.723305
  32.19451    32.916016   50.851006   36.906578   38.420803   35.140717
  37.62598    38.05831    70.11213    16.651802   34.294975   65.418846
  26.028751   55.04332    26.040407   32.273876   24.97515    27.006168
  34.527348   31.428232   33.37728    18.568483   23.939722   14.715284
  75.75088    21.888315   26.30686    37.05122    37.61675    18.358189
  31.15425    26.107138   28.25563    37.76078    94.54613    33.9118
  75.75222    48.670666   68.35901    28.320358   62.143253   49.294
  27.058563   52.60845    13.931217   61.51137    27.051783   58.275436
  40.912586   40.73165    42.683556   34.219093   52.47472    35.27285
  42.983715   18.94299    29.232426   25.31703    32.117664   19.505735
  48.565765   37.82017    33.813988   33.272167   34.74275    35.027767
  49.346096   49.09384    95.001526   58.110306   37.669533   61.859398
  38.33755    52.83396    49.695915   16.237333   23.735327    9.968627
  10.722304   38.606335   40.238964   32.281887   50.29671    10.285473
  24.957922   19.750597   36.56908    36.943283   41.782356   62.845932
  34.92715    72.07831    20.427444   36.145267   41.62057    52.78296
  64.783905   38.903194   40.1078     47.00243    24.415703   54.374924
  52.324276   50.966805   15.615104   29.713833   42.87817    30.960697
  32.091667   43.620323   27.214731   37.886173   33.168133   50.943058
  20.59595    45.69705    63.13233    11.526473   44.06764    35.68607
  31.537436   29.024055  100.7525     19.583328   61.907963   40.962498
  53.701904   25.585363   52.941067   34.49136    24.74661    37.643986
  32.352413   32.785572   18.18352    33.893944   33.77641    17.184511
  29.144232   57.270184   53.48214    32.202698   73.061      25.13157
  21.9227     25.141323   27.887314   12.587873   26.78578    47.673645
  12.107753   17.715784   48.58196    58.7469     21.835556   30.49731
  67.06959    21.549551   35.876236   24.993916   34.605976   36.67289
  22.914059   48.952423   93.80171    17.163479   40.484837   26.841547
  30.919315   33.93364    21.003275   23.769733   52.226654   48.133533
  77.9405     70.09055    27.578577   44.56137    45.992462   23.377226
  38.7298     50.97375    63.395313   36.25451    63.17973    88.262436
  40.828053   35.57398    61.759575   51.770702   68.69576    36.997753
  30.512716   38.73551    33.697792   39.140285   40.796814   20.806894
  37.90315    41.894146   17.86738    16.979565   55.881294   16.293694
  51.015617   52.31628    46.89922    22.467596   34.54563    47.167095
  45.735996   23.220222   23.023947   21.19432    45.730778   43.03486
 103.19168    33.619865   26.488594   27.702435   28.40884    34.808598
  40.103165   57.841393   31.557281   32.823483   50.881393   37.84291
  25.629337   43.930817   71.70806    25.345823   45.209602   13.959574
  23.602968   18.163324   18.140842   86.87583    37.42428    44.296055
  33.08524    72.622185   25.42179    25.408186   58.67823    25.819263
  29.498323   58.961937   20.172165   34.24043    30.116976   41.262047
  37.010887   25.651186   63.887917   17.507355   37.32312    31.367014
  43.37268    26.096111   30.040852   25.377583   52.538548   36.465538
  17.638664   44.583595   76.66763    25.975368   29.57598    47.348404
  36.46491    53.874355   47.019062   26.113594   45.094833   55.239166
  13.749869   21.929533   33.252605   49.729763   77.97094    49.874283
  30.672726   32.36312    33.78028    44.656467   41.911156   40.42007
  36.943127   32.591667   29.416565   30.724018   32.32369    33.225876
  30.643585   33.72465    34.02214    83.43846    32.5776     28.584694
  26.5437     24.337515   24.696976   32.89325    64.71118    47.766262
  41.331562   67.87204    28.489836   42.3677     33.1397     43.266144
  52.408173   20.166897   67.60297    43.455723   23.199986   34.756115
  47.967327   57.507446   16.671932   12.28501    32.59686    57.707397
  21.900694   40.21494    47.2613     28.55489    36.95195    75.834206
  23.95494    50.07607    79.93036    47.745464   38.249718   40.505215
  56.167923   28.407637   21.343386   42.080322   39.313747   35.802315
  27.720997   39.913036   44.743824   33.85428    25.062908   14.739445
  81.951454   54.78155    22.82383    55.15324    41.786304   33.844387
  24.96632    54.600426   24.877066   15.820792   21.35428    88.771866
  23.362598   59.83771    85.94692    26.724615   29.085072   31.107834
  36.50964    44.63104    22.127148   44.882236   59.676952   23.916563
  50.172806   41.418713   15.918315   74.1151     22.346333   29.647655
  43.983578   48.655235   48.264595   22.870726   28.048365   65.82925
  24.50132    51.349762   72.320694   23.816742   33.513836   46.122444
  57.892246   34.471718   78.56231    26.392534   32.841526   48.165344
  31.5099     14.409655   64.10463    33.352905   30.23766    25.43953
  81.19784    39.478737   17.465374   13.346664   35.309963   42.402676
  45.110527   48.61447    27.405172   19.425512   41.5935    106.39158
  25.726278   29.204958  111.035194   16.718498   23.285719   39.970535
  18.272139   42.53123    34.554962   42.24482    34.929455   32.61098
  38.186123   44.311836   29.241615   35.639107   57.520176   64.04893
  53.020058   43.093456   45.55564    36.527298   23.283709   61.78948
  25.430624   36.122707   52.171173   39.19108    21.744799   38.611263
  32.943264   90.51936    27.02161    35.425476   25.71993    18.40211
  16.984976   34.15521    25.930294   32.300446   46.25905    12.423651
  44.82446    17.420265   35.047382   29.480944   47.581013   51.997192
  51.4743     45.22641    71.28087    25.057074   35.306606   80.41789
  24.648731   13.876984   48.73197    21.787708   68.7819     36.943363
  71.79602    24.571033   45.178513   51.411484   47.836025   38.199913
  55.060272   35.127106   80.34511    21.133135   24.448103   35.452694
  25.630125   62.571785   36.2571     33.728043   15.0217495  41.8244
  37.747635   41.39047    40.44258    25.641289  737.2482     63.62148
  48.948532   33.37298    26.036474   23.410969   18.105589   52.910324
  23.378141   30.624289   34.20077    16.073177   28.85915    49.65711
  23.38324    76.33613    33.5212     49.186367   20.205587   16.083027
  13.2980585  16.82414    21.437222   43.9682     30.9608     54.948208
  22.763735   54.477234   34.090378   33.8989     31.50489    30.017965
   9.675518   37.00629    36.989376   32.92839    39.71921    17.23561
  47.061256   22.73128    54.98721    24.54311    47.295795   60.334976
  24.024927   61.867702   18.97155    19.784695   39.530468   19.570265
  48.77519    27.160301   28.882778   38.031532   24.680431   34.532845
  36.56797    64.97559    34.94237    53.227028   44.684647   35.16782
  66.44094    60.02005    44.536343   29.80816    72.506615   16.766787
  58.161343   20.16532    56.436573   59.637142   16.271317   21.08652
  37.570076   19.562876   45.718925   24.72379    50.01847    46.494236
  52.38001    22.75019    21.770649   52.471176   33.987076   39.62926
  44.855076   40.475933   25.804323   24.761803   28.286835   15.164346
  45.25789    25.74771    42.56663    69.85924    60.520267   35.27246
  31.085371   81.29539    64.842255   31.607044   36.87685    41.78223
  49.65139    53.940624   39.423      30.970533   14.528989   27.571365
  52.447834   40.292988   51.0777     42.977917   25.141855   17.740705
  48.784996   34.84778    29.512566   42.08431    29.982912   21.657785
  31.609694   35.827698   29.47676    37.443382   45.112194   18.329678
  17.776024  104.1173     44.7014     54.525524   42.756824   44.926796
  21.984938   14.992093   55.5924     80.20974    63.235874   14.978508
  47.913834   25.271856   42.377907   53.090065   34.378094   19.751654
  34.253857   24.401318   35.331802   25.15297    34.826397   56.0955
  30.157852   25.991528   26.327059   50.09758    19.382517   41.95221
  30.553959   38.145325   44.122242   54.75279    24.063745   45.973156 ]",0.2626767055931162,0.3864334511229681
6,1050,Transformation_Matrix_W,"[[  4.3119197   12.823436    -1.1267403  ...  -6.432463     1.7798585
    5.227595  ]
 [  1.3170553    6.2484035    6.048183   ...   7.117012    -4.7438364
   -4.9787264 ]
 [-10.299423    14.404044     1.9781839  ...  -4.028776     0.07595613
    6.472891  ]
 ...
 [  3.4263904   -5.3724575   -7.2700105  ...  -7.62807      6.1394434
   -3.2466187 ]
 [ -4.651297    -0.5044244    4.8790402  ...   0.6184883    2.8233094
    5.109749  ]
 [ -0.58521825   3.3037653   -0.10477241 ...   3.9959016   -4.0835547
    1.3576381 ]]",,"[ 42.769497  62.546974  29.226814  38.994408  31.22074   38.395836
  37.908154  65.504005  30.961918  78.8406    42.95543   52.08881
  77.495384  43.191875  43.975533  61.291473  18.112967  29.49227
  45.18348   27.641195  58.947926  49.34607   32.705532  42.59503
  56.802967  63.87006   44.008156  37.01301   35.359238  48.42375
  15.670277  53.349323  64.04128   19.744026  40.088497  67.98081
  20.74808   25.244696  21.960186  45.111126  37.654095  43.822525
  26.412132  30.227425  25.417635  41.6771    22.000277  52.277573
  43.72309   38.40561   31.514072  30.94688   65.69858   31.849476
  22.71791   23.979769  25.596592  38.226818  56.615536  79.054985
  40.20505   56.8834    30.430958  24.162169  13.480185  37.303402
  33.092342  45.51752   85.4531    42.18747   67.08337   54.823063
  36.79927   27.322277  35.609554  46.156963  19.794983  20.683575
  52.365208  21.744913  32.731754  54.01901   32.02684   43.93
  39.40804   96.54902   83.17518   34.632935  30.198368  47.830875
  31.21441   32.511486  22.23285   37.25445   21.21161   43.3562
  28.453749  42.37092   38.211575  41.567158  67.523346  70.605354
  70.891235  42.29453   26.212744  92.72496   18.85359   83.85631
  32.662327  40.87076   44.801178  37.558193  36.8213    36.117123
  43.755383  41.85646   67.120575  17.215315  34.48492   68.27352
  24.846066  61.684673  29.399529  36.080822  23.987764  27.020546
  36.077477  31.148197  34.006     22.275488  27.959503  16.634508
  83.53985   21.95279   27.224829  35.24078   37.89973   20.35841
  32.322617  27.204384  32.456215  42.91641   97.54266   30.933155
  85.38948   57.454525  78.9819    29.966143  57.608284  53.39774
  25.32905   55.33407   15.923591  65.9726    34.516663  53.881767
  39.79971   40.42564   43.365566  39.76052   59.17364   34.35796
  39.471607  18.054556  25.346336  27.908068  33.128544  20.21586
  52.471275  40.619343  40.55553   34.67491   38.39255   36.93294
  47.178032  57.991924  95.68337   64.412056  38.391582  61.9001
  43.928493  57.991398  54.75729   17.83208   26.319683  10.350876
  11.912771  41.043     41.609547  37.440002  50.208874   9.989741
  29.302818  20.96495   38.805798  37.894062  41.668816  66.78999
  38.306767  73.80249   21.96959   41.174843  46.390156  62.39401
  76.81636   39.361614  44.63312   46.549927  25.39039   48.042168
  51.669586  54.286083  15.307614  31.992025  44.947166  31.38736
  36.5719    41.01164   33.425232  39.574123  36.233646  57.59501
  22.222942  43.858288  67.69753   12.478512  44.98899   37.01226
  37.42727   32.98496   98.93567   17.964497  60.925476  38.476986
  62.888023  29.962475  55.593105  33.282154  25.172892  36.947845
  33.09001   37.16225   19.977938  33.76636   40.649418  17.055414
  31.649187  60.90245   66.1788    34.84752   82.76636   23.286459
  24.065409  25.274664  30.012785  11.584366  33.157436  43.85883
  13.404935  16.194496  50.27691   71.23246   20.795563  31.296041
  79.27537   22.84054   39.439487  28.893951  36.446426  38.158302
  24.684593  55.50383   90.33154   16.882408  39.03443   30.684782
  34.74866   34.72223   20.520397  24.857023  60.775265  47.201584
  79.10655   71.437996  32.404232  53.21458   50.151638  25.148407
  48.938713  49.532906  74.85073   38.0821    62.05254  109.821846
  44.08017   33.445652  60.365944  53.715454  74.005714  45.386192
  31.718971  41.474846  33.916714  40.2228    40.934055  18.321276
  36.713837  49.198242  18.670269  16.694447  47.429283  15.875109
  61.86457   58.789104  43.535908  26.61568   36.623825  51.18608
  47.726044  26.824131  27.213726  24.19374   46.42652   43.456215
 105.6409    34.938408  26.206123  29.980635  31.079071  35.192627
  42.642357  60.08271   33.367664  35.71437   56.61099   33.000378
  25.473257  44.23797   80.89713   27.581028  49.892563  17.843029
  21.397821  21.06642   21.161749  80.17332   40.140896  44.233364
  30.08656   76.23529   26.953505  28.985323  62.49879   27.903435
  30.081285  61.559254  20.658476  38.76286   27.801912  42.284897
  43.97242   29.844227  65.2493    20.081123  37.480125  34.99358
  41.230194  26.585604  34.01588   27.798527  55.85533   42.533634
  17.670221  46.30551   83.77493   26.089205  30.8491    53.391445
  47.003742  56.418163  40.835384  30.342909  44.574875  58.88425
  16.286072  23.594278  35.156612  56.56491   76.87897   52.00242
  32.21158   31.217913  36.332176  44.865303  39.443985  42.6918
  43.244534  36.69357   32.088074  34.38772   35.0056    37.309235
  28.646364  37.032764  37.63226   86.57217   33.303883  27.454681
  29.254938  27.890184  26.839844  32.75125   66.834175  48.646183
  40.185925  67.97017   29.140907  39.11116   41.652767  51.454605
  52.661156  21.243998  75.51144   44.163933  24.259945  38.324196
  55.43324   53.32153   18.866999  11.923262  32.448498  60.400787
  20.735905  33.487133  54.448006  31.244202  43.69046   81.46707
  22.86907   53.644245  82.188324  54.565125  34.835346  39.469013
  56.514843  28.290762  19.378035  40.84689   42.43937   32.68117
  30.037716  43.416016  44.81931   30.154589  25.474863  14.232357
  86.92714   63.630623  24.259562  66.00918   45.790325  36.723705
  23.806353  58.165577  28.48148   19.274124  24.695162  95.45205
  29.815151  64.95508   94.08403   27.584583  31.033493  31.912622
  41.908073  49.430225  23.234108  50.145992  57.517235  28.772366
  60.919994  46.11519   16.798937  74.120605  22.533075  33.946575
  43.341953  61.625183  53.817238  22.634539  29.116833  67.63198
  27.000797  50.518425  68.969986  26.809832  39.482155  49.367428
  55.10343   35.14755   83.55588   28.916168  38.59075   54.770863
  35.247463  16.815418  69.163574  35.81961   27.435743  24.932024
  78.208824  40.59484   18.687569  14.752483  36.993153  50.56771
  51.9174    46.30237   25.843716  20.867722  37.469925 128.74649
  28.022194  31.821486 120.8252    18.088802  24.917183  50.711746
  18.222527  44.317234  40.633987  47.47633   36.677708  37.0353
  37.503826  48.050713  29.842867  36.976185  56.288364  69.58962
  55.341713  39.06035   49.019894  39.423717  26.475065  62.998657
  29.427021  37.21875   52.600243  41.912346  26.26291   37.501743
  30.764286  94.329605  31.814392  37.82494   26.0535    17.338663
  16.984856  38.500175  27.845446  30.25226   42.409885  12.45024
  45.264133  18.75563   32.717247  33.004818  58.336143  56.920425
  54.58343   48.482685  79.97594   25.462214  39.070023  95.650665
  24.33152   16.174389  57.24381   20.940094  72.17505   35.554424
  82.4347    25.815872  56.341793  53.734905  53.278263  42.76634
  66.42848   41.366444  82.645874  21.768969  24.142702  37.88737
  26.895325  68.3956    41.765587  31.778307  15.31291   39.530384
  42.05259   45.59151   47.481213  28.137339 770.70764   71.15543
  53.01783   34.55737   27.945747  26.611532  17.484234  58.334103
  25.684252  30.079172  35.53503   15.023989  32.82691   55.821045
  22.40985   87.05756   34.73604   51.71143   20.570482  16.492027
  12.875448  19.933607  21.702787  48.186466  29.008871  67.78143
  23.131788  52.691048  36.377712  33.2414    37.36793   35.02511
  10.806302  40.598347  43.72183   34.25888   38.78372   16.43182
  49.241894  22.565722  58.56979   27.732586  45.41394   68.18194
  25.608734  60.00912   19.877712  22.904037  48.15105   21.121387
  51.01397   29.452593  30.595404  38.941772  21.236036  31.896849
  41.932457  70.92946   37.809765  56.008526  49.732994  34.5494
  68.91873   54.00805   43.28885   35.23729   69.905754  17.610657
  74.0159    24.827318  58.85378   54.751835  17.019474  23.19291
  40.13362   21.494482  55.855255  26.538996  45.51422   52.22283
  49.970398  24.65102   23.303375  49.806824  34.686943  44.40243
  45.015884  42.096107  25.889732  25.88865   30.762253  15.022499
  50.667557  27.384285  40.999104  80.69211   66.88901   43.078568
  32.89598   88.82226   64.928604  35.054028  39.398956  46.270233
  56.199112  56.552265  36.49811   30.77841   15.3923    28.40197
  58.677658  43.271744  51.69726   44.75435   23.159918  18.78618
  58.2128    37.082382  35.36321   53.580387  31.402664  18.172092
  29.740107  40.769814  33.536118  36.740902  46.95098   18.454214
  18.246923 109.41604   41.38731   62.23172   42.526768  44.89878
  23.219587  14.686773  60.472504  77.73316   61.992504  14.25432
  47.12569   26.548426  46.317905  60.73614   33.082726  17.998676
  30.011045  24.060087  39.103146  24.113955  45.877865  67.90165
  33.61296   27.40969   24.681187  53.89529   18.915054  40.33029
  32.695847  36.859875  46.557198  48.303143  23.312628  43.43573 ]",0.25749078057775043,0.3828460908053255
7,1050,Transformation_Matrix_W,"[[-0.80515575  1.4122196  -0.748644   ... -0.43360773  0.6399942
   0.6208528 ]
 [-0.7500618   1.1494073   0.31221884 ...  2.8691335  -3.6959555
  -1.4529649 ]
 [ 0.9186892   4.6759853  -2.38854    ... -2.0763533   3.588349
   0.6867089 ]
 ...
 [-1.9085274  -5.3182597  -3.803802   ... -3.809546    1.9886519
   1.5437559 ]
 [ 2.0329268  -2.1583664   3.2930684  ...  9.467358   -3.1508229
  -1.3136418 ]
 [ 2.686399   -4.1260457   3.1221116  ... -1.7536534  -1.2923813
  -1.5452678 ]]",,"[ 36.77286    52.68885    28.245155   37.841408   30.34879    35.948524
  32.601913   51.859314   27.590385   72.10378    37.03329    40.32759
  65.82428    37.408      33.339058   56.516438   16.341663   22.892359
  37.55441    27.29312    50.724213   46.539413   31.628584   33.379974
  43.14593    70.19746    40.761425   31.535706   30.066416   37.96304
  13.642014   49.37847    52.252304   19.740814   34.717976   50.88932
  19.850939   22.111263   18.016993   37.92413    33.50126    34.362453
  25.661701   26.29       24.92412    36.01936    22.02004    45.884277
  46.013      37.077835   29.792593   25.642653   58.869858   26.695295
  17.994528   24.081175   26.116007   30.045523   53.664356   75.304695
  31.299194   58.03683    27.530268   20.817217   12.737927   35.778957
  34.371456   42.100174   72.96965    36.111137   57.193855   57.76683
  29.281923   26.618507   31.895857   39.98191    17.868006   18.684082
  47.433372   19.533588   25.506113   46.933025   30.261868   45.590645
  35.612625   88.51276    77.437325   28.830132   24.4736     39.83721
  32.332603   25.411715   21.215513   32.06685    19.635778   33.325237
  22.638176   38.09006    31.964987   34.53069    57.81079    65.3961
  58.973694   34.59324    23.057014   79.832085   13.780183   73.73342
  26.454128   33.08424    43.280468   34.941505   31.335302   31.349531
  37.08792    34.65237    54.437046   16.132168   30.197987   60.250286
  23.422335   59.211895   23.760176   34.696354   23.00208    22.643398
  29.460028   27.871786   31.212444   17.229568   25.383698   14.366079
  70.151306   20.320337   22.851273   30.405323   34.099293   17.009048
  30.250387   22.999105   27.654379   37.233303   78.799675   27.372633
  76.05432    50.47916    74.38142    25.49514    46.21195    46.311047
  26.646975   43.2389     17.164877   56.15582    30.79115    47.016056
  35.495674   34.456852   40.20903    35.678272   52.16826    33.81319
  34.8299     16.971443   25.473742   25.327429   32.69162    17.919947
  43.199802   33.6596     38.32612    28.421673   32.66346    28.027199
  42.778946   50.15429    83.2992     51.72483    35.35301    53.820583
  34.34       60.27031    53.408344   14.978261   21.537724    9.47124
  11.323681   36.1173     39.99316    32.474834   45.66352     9.050838
  22.672499   18.903175   32.39311    34.206154   38.191387   61.179977
  33.84088    59.002396   22.539276   33.412807   44.168      45.390144
  60.71629    34.60687    37.848824   44.161827   22.566355   44.65407
  46.444366   40.412193   13.225531   23.787762   42.71894    28.401312
  34.667706   40.43971    31.544106   38.159855   35.19257    46.175762
  18.583057   36.863613   54.645725   10.662641   41.839573   34.472935
  32.118713   27.231762   85.33823    19.060823   58.453213   36.51191
  49.17469    26.293438   55.167866   33.486416   22.630878   33.768826
  27.885134   33.365917   16.497803   31.935638   32.862965   15.720553
  27.739573   51.586277   55.225792   30.55133    66.108925   22.579569
  22.248209   22.477543   27.327345   12.658713   31.761316   46.96033
  10.349644   14.692897   42.9217     63.345367   20.026278   25.39865
  65.80555    20.306273   36.204037   24.291918   36.03657    33.072247
  20.529469   52.88114    78.472824   15.382196   35.799484   25.988941
  31.332552   31.417866   19.831343   19.393553   53.857582   44.77279
  66.40641    55.593666   29.600353   51.33119    41.793625   19.903658
  48.732662   43.809906   61.074757   33.37969    54.589336   90.55729
  43.738903   27.595469   51.753765   49.278442   64.927765   37.348824
  27.72252    38.821598   30.118238   34.377827   38.257153   16.97302
  32.601933   42.43508    16.977438   14.867524   46.693928   15.48916
  58.18354    52.435978   35.566456   23.935217   34.722614   40.40281
  40.6449     26.678806   22.821453   19.398094   41.200535   39.60248
  91.902885   32.92634    23.897158   26.145075   28.65755    32.30271
  32.70519    49.861248   32.570827   35.05071    47.95249    32.53436
  24.892393   39.63995    62.54687    24.182583   45.114986   15.744663
  23.047188   17.148848   17.651875   81.682434   36.99957    41.63673
  28.21997    63.172344   24.31661    23.096653   56.923943   22.87504
  26.734245   63.55623    19.88594    29.896265   28.480833   37.132545
  36.80893    28.061983   48.708992   18.733356   32.196514   28.353483
  37.149696   26.544916   29.588476   24.602785   51.550278   34.45517
  18.003832   39.25597    68.70783    23.43322    24.272669   41.15685
  36.689503   46.21887    36.196182   24.51587    41.685497   51.810425
  14.538257   19.226318   32.612858   43.95559    67.29378    47.79033
  26.632092   32.561615   31.443857   40.919136   33.30742    37.849968
  33.815968   32.095562   31.090195   31.181393   33.080063   27.800953
  26.632038   33.709282   36.169586   73.90415    28.79478    25.528843
  22.849945   23.102741   23.101866   29.806469   68.20461    41.277412
  34.883537   59.913128   24.204702   36.489212   39.68443    42.19455
  51.09008    20.250698   64.31537    38.008553   23.06901    37.55522
  49.442616   51.660133   18.120945   12.088741   27.714567   51.852337
  18.311033   31.530071   49.655487   27.325317   32.297092   76.6324
  19.573765   42.153305   65.507034   41.652714   32.372303   32.875565
  49.399734   22.72619    17.53643    37.03031    39.232918   29.340385
  25.297808   36.986397   38.148872   31.088207   21.319391   12.741772
  81.70232    58.214573   20.061062   63.877853   35.94621    36.15615
  22.575508   49.196686   22.790623   18.14178    19.913326   82.588684
  26.6953     52.452106   78.20211    23.752548   30.737694   25.508005
  30.484072   37.984165   19.798176   41.232914   53.642994   26.5232
  47.531124   41.724976   16.536572   57.476833   21.1437     27.886616
  45.00921    51.830856   49.30454    18.340027   25.517597   57.515114
  26.127625   46.294277   60.928017   23.369076   31.19598    47.129063
  47.62693    29.424913   72.96309    25.968912   30.766647   46.351208
  30.953222   13.837308   62.58203    33.147682   23.976418   22.961977
  63.80455    37.53352    18.777985   14.2417965  35.164673   36.07984
  41.27019    37.854153   26.096766   20.534895   35.887157   89.913475
  26.75342    24.790915  104.2517     14.415315   21.397629   38.213326
  15.425197   40.601433   32.43444    40.59193    30.515205   30.731825
  34.07046    39.77879    29.817364   33.739113   51.953682   67.140236
  47.97848    40.96333    43.73455    32.584835   24.059948   59.187237
  26.652193   28.71177    45.886066   32.24141    27.297466   35.868286
  28.57444    75.53706    25.567312   29.361347   21.070446   14.985667
  16.049047   32.641224   27.866365   30.003544   42.773537   11.202998
  43.800133   17.483927   29.476463   27.429316   45.164116   42.001923
  44.397873   42.26052    62.107735   25.213202   30.6457     84.13004
  21.959095   13.286008   51.96617    22.0301     57.687767   33.354767
  64.9353     21.900915   47.70217    45.758614   48.873116   36.76514
  59.766636   35.95991    66.07654    19.99784    22.351076   33.7899
  24.952425   58.793262   36.98208    30.406761   15.715078   33.94171
  35.885765   36.92854    34.773327   26.427313  658.81445    61.318176
  40.928852   31.62833    28.004272   26.7066     16.751648   55.104683
  23.167236   28.735374   29.576794   13.508109   27.07093    52.79314
  23.224298   75.155      32.863613   43.129406   17.220072   13.933863
  13.429215   18.797848   18.506582   47.13039    28.916546   64.99669
  22.16972    44.52692    34.502747   28.063227   34.089005   28.49267
   9.959205   34.105568   38.38233    35.731636   33.993416   17.393785
  40.733162   21.599813   53.699024   27.333477   51.586273   57.37365
  20.806097   58.02615    18.22369    19.58682    40.60611    17.787863
  48.51443    24.068935   26.68599    34.602394   22.639477   29.733397
  37.803368   60.118954   34.063248   48.02727    40.571312   33.246403
  64.46812    55.58324    41.444332   34.098637   70.53443    15.0271635
  54.6121     19.87043    56.45652    50.293186   14.287838   21.912748
  35.08898    17.757803   45.730354   23.155937   40.678276   46.938663
  51.253372   24.032082   19.830227   44.761417   32.08073    39.80938
  42.047504   39.23899    22.92537    22.824522   26.164362   13.491465
  46.55303    26.340542   38.227875   70.55195    53.75016    36.14618
  32.73946    79.4899     61.342983   29.232224   33.506493   41.013145
  42.476376   50.438023   36.164623   29.938297   15.526523   24.254221
  47.46587    37.45098    42.027393   39.107464   20.398844   17.842634
  55.725986   32.73906    27.567022   45.220882   24.395443   17.805824
  27.860096   33.892563   29.576805   34.803974   43.380814   17.912945
  15.967958   92.52265    40.32284    50.76789    41.6835     42.69523
  19.01204    13.468372   55.355846   80.494484   58.306694   13.059565
  42.697506   24.664362   40.586094   55.957882   29.608292   20.249254
  30.604414   20.211706   39.994034   18.485178   39.276894   54.72006
  29.507421   25.397732   24.796083   47.611145   18.875555   37.52563
  29.472204   33.073032   42.97807    48.08365    21.604067   41.527126 ]",0.29771051014136446,0.4102547422088042
8,1050,Transformation_Matrix_W,"[[ 1.8511713   0.62588537 -0.3193064  ...  0.5216767  -2.7287617
   0.65545547]
 [ 0.38753155  7.1946874  -1.6999279  ...  4.262072    0.15408003
   3.361449  ]
 [-1.5730222  -2.1949522  -0.49946973 ... -0.08402833  0.38896716
  -1.8123676 ]
 ...
 [ 1.9087757  -0.7052063   0.31710386 ...  2.345316   -1.0253673
  -0.04803094]
 [-0.04071239 -0.23652048 -1.6170577  ...  0.9383142   1.5354992
   2.3431    ]
 [ 4.1892223   2.3241997   2.5107384  ...  7.08345     0.5705527
   0.15819407]]",,"[ 39.68178    53.236263   26.820095   35.17806    25.049332   35.3607
  34.273785   54.602573   25.900019   67.66153    40.542465   45.878353
  70.08982    35.962494   34.303814   53.161743   15.667486   22.95101
  43.191845   29.186167   49.85191    43.339546   27.637062   35.565765
  50.328796   63.495148   39.167984   32.444298   33.335213   38.72002
  15.104457   46.31639    55.375008   18.429367   32.96221    54.039623
  18.416029   23.957506   19.801125   42.66597    37.62411    37.254734
  24.488482   25.696245   22.647465   35.45585    21.538351   47.77055
  45.129524   40.213486   27.693071   23.99687    55.651394   29.215286
  18.017653   21.281507   27.27774    30.359776   50.78512    67.32449
  31.324707   54.188908   28.404236   22.237835   12.88994    31.925245
  31.536562   43.18037    72.8139     33.070217   59.43854    45.13922
  30.451345   23.982143   32.042084   43.861633   18.515186   17.360233
  49.71947    20.454695   25.755116   46.058918   25.201843   43.311565
  37.592327   89.56451    79.49909    28.989595   24.130655   47.889374
  33.45381    28.211946   22.434486   26.43629    19.371841   36.81084
  23.299713   33.3366     31.655407   29.884777   60.915867   63.836056
  61.220135   39.570797   23.27504    80.64507    15.634419   73.073364
  28.500414   32.916447   47.150723   29.418854   32.095997   34.34959
  36.181885   33.46907    66.40329    14.645458   31.009398   59.599964
  23.318172   50.05142    23.759886   40.92105    26.178118   21.946442
  31.770952   27.401882   32.195568   16.974672   22.584078   14.655754
  69.10866    19.793507   22.45914    31.977821   34.794464   17.881977
  29.037552   25.197292   27.513634   34.250328   75.96043    27.994316
  81.84278    56.69053    73.06686    26.55708    47.297245   47.495323
  22.78626    52.08099    14.881511   57.44727    27.3221     48.411503
  33.36966    42.256683   36.366802   34.934185   52.696217   34.52766
  36.735283   17.385138   24.531034   23.96226    27.159042   18.862509
  41.156914   32.955833   39.107517   30.895342   32.85325    33.12733
  43.371555   46.30374    81.891525   49.88589    40.209034   54.04599
  39.694935   50.254856   51.401924   15.172259   24.350937   11.21363
  12.021142   36.877716   34.878426   33.521214   46.01858    10.251705
  23.05045    17.53747    34.011784   36.99593    41.610397   58.54294
  34.23518    59.052372   19.667215   33.413574   38.175026   46.88311
  59.497932   32.464527   38.419247   43.221333   21.14218    43.246353
  48.98436    41.21911    15.616817   26.256487   43.147842   29.47716
  30.487616   37.093582   29.459      35.253384   26.53377    51.002182
  19.164158   41.559265   57.40543    11.893941   47.27064    31.844622
  32.508625   26.426119  105.56142    18.957647   49.691082   35.254642
  48.575676   25.186268   60.25824    33.91919    23.811094   35.455273
  27.478384   33.344093   17.52729    29.617798   35.669846   14.280367
  26.980646   47.743603   59.67704    29.028276   72.40788    23.567318
  21.846188   23.878162   26.348074   11.648088   31.052351   47.73595
  12.372813   14.620462   45.711647   63.501633   20.972986   26.725466
  70.164536   18.957863   31.066048   23.22119    31.43301    32.46845
  20.373571   47.00219    74.42818    16.48157    30.586834   28.437254
  28.343843   33.69642    17.292412   20.446047   46.789448   47.348274
  70.867966   63.82384    28.71907    52.390003   44.762466   21.636736
  47.743904   45.19817    77.83022    42.215786   48.762764   90.14856
  38.49042    29.990599   52.3435     53.187447   59.50061    39.515495
  28.552225   37.624573   32.458553   37.44994    41.62018    15.747115
  33.04177    40.036526   15.975034   13.812459   42.29905    14.938621
  57.7837     51.2829     39.92421    22.962626   35.25329    37.967297
  44.755856   24.107908   21.994223   21.011934   40.226345   43.546608
  87.792915   37.203926   23.541683   28.63206    26.359224   34.43786
  35.344673   47.291344   28.816988   32.5068     44.42096    31.247967
  22.825386   40.586685   71.70135    21.962448   39.919155   13.430341
  22.05684    17.635406   19.913376   76.22582    32.54855    42.4947
  27.4353     57.83664    23.92613    23.099548   53.347466   22.962465
  28.343475   62.071327   17.981596   30.915525   28.026262   35.228035
  35.17718    29.804085   55.92364    17.124874   32.29254    28.690891
  35.769196   23.578968   31.36435    25.324331   51.38646    43.45843
  16.784412   36.222874   71.18821    24.827372   26.596386   44.89795
  37.52572    41.859478   36.68909    25.713348   38.831135   57.257614
  13.955643   20.5686     29.57819    42.13108    65.68529    45.73022
  31.857674   30.421757   31.31259    40.929146   33.10927    37.319424
  33.354336   35.90863    26.432074   32.77211    30.033312   29.222792
  24.807302   30.969687   40.80784    77.258514   33.267105   23.723543
  23.862057   26.918322   22.20787    27.873817   62.429516   43.964424
  41.93056    63.67678    23.421225   36.28685    40.28682    38.364426
  49.78153    22.46505    78.04094    35.855785   23.382824   31.74742
  42.06381    49.919704   18.41872    10.136185   27.73782    51.06717
  20.456858   33.535748   47.145405   27.807718   39.83544    72.75967
  20.515808   44.977123   69.81992    39.972992   34.81253    44.03276
  54.149693   23.080246   18.999716   35.378952   37.946      26.091904
  25.966824   38.28623    33.229267   32.549725   26.40159    13.261363
  87.11131    56.84758    22.220335   56.15268    37.75146    33.83541
  23.006067   49.952045   22.994957   16.64506    20.041534   86.0526
  25.236162   49.73014    78.82343    27.342936   27.303776   23.90538
  30.283627   38.611084   21.467398   43.56874    55.424515   28.304213
  45.476116   41.534096   18.264177   62.29353    24.581633   30.404022
  38.06588    52.63201    45.03642    22.974949   20.642727   60.08619
  24.676996   43.645226   59.24775    22.73447    35.01233    46.755642
  47.197357   29.748373   67.360146   21.53728    26.498993   48.756577
  31.924417   14.295166   62.588833   31.349552   26.275288   21.563334
  65.14377    35.700035   15.631224   14.399978   33.8686     40.394913
  44.54226    42.74039    24.290346   20.619175   33.999134   95.21003
  24.09686    30.510738  106.75532    14.242395   22.081863   44.467205
  15.967985   41.88673    33.14387    42.3405     31.034704   31.834969
  33.75984    37.296757   29.780537   32.64058    55.01398    64.288795
  50.195477   39.235428   44.137203   32.59507    23.866562   60.521847
  28.022594   32.13401    45.783558   33.456585   24.300745   32.384445
  27.921505   85.14108    26.943645   28.934479   24.044367   17.50965
  15.577832   36.895588   29.68855    25.07767    39.273952   11.086762
  46.343746   17.029863   29.508509   27.82392    46.918068   45.68849
  51.793056   44.487785   68.653694   24.046328   37.190964   84.99263
  23.163023   13.297566   49.931053   19.960411   66.731224   33.781437
  63.493153   19.86992    45.7269     44.931      47.41998    39.054787
  52.339443   33.795975   63.804012   18.276941   25.190321   33.997105
  22.905956   56.33963    34.904488   31.414425   16.653498   37.350895
  38.573288   35.500225   36.095825   25.710964  652.5484     52.87967
  38.994724   30.689816   24.496243   24.850922   17.622194   55.9256
  26.293798   34.273643   31.91835    13.856124   30.654009   56.718403
  21.854591   73.1371     31.243101   42.096855   17.989128   14.212589
  13.32889    16.18586    19.242142   41.030693   29.606691   60.677185
  20.83377    46.67166    33.73877    31.416117   34.442883   28.082708
   9.002469   32.05346    34.011364   33.872555   33.175182   14.026379
  43.497013   21.41231    51.880238   26.785831   48.73491    62.265774
  22.919682   60.88681    20.059559   21.221819   42.806644   16.541954
  43.28143    25.411556   26.609087   36.483234   19.78541    28.938108
  35.659504   54.974094   32.498875   57.881218   42.145245   32.56086
  52.355343   51.926003   39.883907   32.60502    67.705605   15.624233
  56.523293   20.718086   49.580055   54.115376   17.545843   22.661118
  32.052006   18.07665    47.996994   23.028145   41.432804   44.033752
  48.570038   22.049944   21.002226   46.06259    30.777037   38.348324
  40.28821    35.413162   23.000633   25.634308   27.374079   15.002126
  47.67111    23.510357   35.53786    71.78923    48.219727   37.615963
  29.211473   72.45656    61.75388    28.877005   34.690113   44.224174
  45.959858   48.639442   39.155487   30.692038   15.144045   24.523268
  53.244053   36.991753   45.89885    39.77109    20.96923    15.5515995
  48.732143   31.62041    26.451204   47.05962    25.178617   20.471478
  24.482876   32.50181    31.500257   29.569624   45.428387   17.103014
  17.216253   92.7728     34.018322   51.584473   46.228397   37.41212
  20.394588   12.599023   54.95736    67.35233    52.733574   12.007551
  42.830425   25.452152   40.690166   56.040146   31.281559   18.878769
  36.84265    20.402536   34.136444   19.110304   40.358456   56.202457
  32.333523   21.646164   24.83188    47.651512   17.071598   36.213593
  30.681929   31.863466   39.089317   43.3925     20.166552   41.404873 ]",0.30335740626920715,0.4161379444218385
9,1050,Transformation_Matrix_W,"[[-0.2079164   0.35088477 -0.05355152 ...  1.5870026  -1.2185644
   1.4512943 ]
 [ 0.9533791  -0.73165786 -0.86046946 ...  0.22135313  0.01173422
  -1.4430877 ]
 [-1.4982587   1.4408295  -0.24944457 ...  0.37221086  1.494563
   1.6305017 ]
 ...
 [ 0.76559204 -0.49817902  0.3099211  ...  1.1024112  -1.575097
  -0.88234943]
 [-0.13662209 -0.32016084 -0.64335316 ... -0.7246725   1.1400634
  -0.02557572]
 [ 1.5078471  -2.4323125  -0.88552326 ... -3.5572693   1.690431
  -0.7883508 ]]",,"[ 38.63682    57.718155   28.362066   32.949913   28.301153   32.369812
  34.409683   57.187843   26.748058   62.510876   32.74133    42.85148
  59.364525   40.508434   37.04856    52.899734   17.460133   22.96216
  39.850853   25.730492   53.02515    45.744854   30.592794   39.29127
  45.757416   70.43434    35.685978   30.214697   22.687576   44.930023
  15.52274    44.863205   58.381115   19.291952   36.219566   51.503437
  20.41747    24.203999   20.627115   41.42764    32.697514   37.04713
  26.225206   28.760578   22.450926   35.347248   23.04544    47.084167
  44.81854    36.757687   29.24958    25.752478   54.52552    30.60154
  16.842813   23.134037   25.541704   31.133255   50.334293   76.66104
  34.433613   57.432243   26.384232   20.911728   14.638712   31.563503
  32.302418   46.878944   74.87799    37.622837   67.61598    54.10472
  31.887276   27.2601     33.12221    35.972523   19.190447   17.651312
  47.42903    17.949667   25.477247   49.959213   27.006079   38.82118
  33.014454   93.34201    76.42433    33.515606   24.423546   43.52056
  25.614275   29.87649    21.749308   32.902157   20.668037   38.71872
  21.716007   39.464764   33.066036   36.819557   64.143326   70.54396
  61.216618   35.902348   25.198206   81.6394     16.578981   82.14266
  27.513342   34.329754   44.42374    28.941944   33.47823    27.020374
  42.96203    38.18944    64.034164   16.52569    29.686104   55.182854
  24.377014   52.594357   23.099186   31.016392   22.786768   25.536398
  30.670135   31.088469   31.616522   18.434183   23.691423   13.891414
  71.663475   20.29477    22.15138    30.172762   36.99242    18.877169
  30.87119    24.30345    25.582306   32.22786    81.45396    29.793074
  78.36477    48.426544   73.80146    27.38244    48.371014   49.0229
  25.967752   42.76073    15.809672   61.740383   28.991072   53.138348
  36.429718   37.45275    41.806114   34.29838    51.95639    33.522705
  39.46972    15.268506   26.45235    25.411661   30.0597     19.804348
  43.802322   38.841866   29.576681   31.325918   34.463917   32.691624
  42.009953   47.022133   86.64669    50.16961    33.107815   53.15956
  38.193813   64.12939    47.161625   14.530685   23.130821   11.363583
  10.269708   32.020794   35.51518    34.82244    44.463783    9.590651
  26.874891   15.156011   31.06624    34.15186    41.174145   64.54823
  31.289074   66.16817    18.903122   33.251377   39.8813     48.189022
  58.875786   37.39625    34.896515   49.319283   25.365059   51.2097
  42.523304   41.202297   14.938465   27.722916   46.1303     28.085335
  31.779562   37.644264   31.281137   36.84172    30.39583    49.076576
  19.576084   40.368862   59.25982    12.460962   35.574177   31.27001
  36.158707   29.87917    95.92794    17.973936   52.252575   35.68384
  52.312958   25.42796    49.452972   30.905178   26.542212   35.688484
  31.200142   32.562317   16.386671   34.138874   33.870827   14.7377205
  24.920021   52.193203   57.339127   32.96912    64.24384    21.129528
  21.732422   24.455444   26.251375   12.259885   25.209324   42.3096
  12.78136    17.71051    43.708134   46.209053   19.726652   29.805695
  57.421535   19.543308   34.79545    25.425583   34.049397   32.334084
  19.134975   50.008587   76.60526    16.101562   33.53711    23.877098
  28.346392   34.444443   19.213322   23.010006   55.75266    40.185417
  73.32336    66.83233    25.378431   45.29767    42.84795    21.77416
  43.00237    46.950428   67.23585    32.464523   54.870083   89.81279
  39.31437    31.26827    44.957706   49.71106    57.208298   38.99544
  29.620216   33.60611    31.323427   38.947857   41.9327     16.532887
  35.606297   39.068832   18.234295   15.789594   47.384697   15.642942
  51.857727   49.3903     41.501057   24.534657   32.97942    41.169357
  46.639996   23.927792   24.510015   22.516281   46.555714   36.276436
  99.49473    33.452866   24.76098    26.347532   30.145367   36.469025
  33.151787   48.40833    32.85275    30.883518   52.072372   35.176483
  25.113922   39.928963   64.88936    24.991768   40.621735   15.965279
  22.986904   18.71484    16.87429    84.97373    30.466105   42.564243
  24.488375   65.20257    27.22152    26.455732   50.730938   24.490799
  26.224667   56.553955   16.625484   31.876638   26.73082    36.95071
  38.96514    33.20988    51.398243   19.362669   33.084038   27.75691
  36.946346   24.135632   30.126797   28.65411    46.608788   37.306828
  17.122173   41.29088    67.921      27.012457   25.268064   37.315655
  43.962074   47.451263   42.062565   27.01678    40.09416    62.06402
  15.264232   19.711226   28.430256   43.195778   65.239265   53.293587
  32.033516   32.06965    31.304743   49.435352   32.516075   43.79469
  41.704903   33.22708    27.638996   34.342983   38.41556    32.002422
  24.897667   32.277126   33.402256   79.15993    30.782074   26.59876
  23.095617   26.920048   22.900557   32.8394     61.808727   42.032177
  40.79436    62.849297   25.394182   39.392372   33.331123   42.66297
  56.5948     20.04662    62.960754   35.341423   24.32812    35.228092
  48.582615   56.175514   17.256578   11.125887   34.435555   54.802696
  17.152739   36.863945   43.05231    26.882236   29.340351   82.01213
  20.079836   47.05175    77.7172     44.075874   37.45096    37.685005
  58.07005    23.200914   18.792627   38.392296   40.54067    28.17582
  28.265411   32.56465    38.375553   29.496977   27.37545    13.43145
  76.58029    56.72204    24.326519   59.367798   40.822937   36.509888
  21.50895    46.75452    23.49286    18.36727    19.494854   75.99506
  22.89408    51.632275   73.185295   25.459684   29.420162   27.564432
  34.195427   43.341434   20.689005   50.416267   54.003513   22.410671
  49.367958   37.190388   15.546279   61.58987    19.803291   26.797081
  41.72505    53.366615   41.980408   19.9348     22.104252   52.965393
  28.002121   42.531303   66.54609    23.393726   29.982397   52.964176
  50.65902    28.025417   65.0523     23.094908   32.992683   46.0488
  27.37914    17.68483    68.328224   28.318756   26.564472   21.322271
  67.67357    36.927185   17.332891   14.090304   30.172802   40.380917
  43.699543   38.60125    28.229841   18.973324   32.712723  108.834885
  25.339443   29.806509  107.29078    14.332169   21.194935   40.99947
  15.743637   37.153263   36.154694   45.994102   30.621141   32.912994
  32.783325   40.579235   32.69682    32.47488    51.856087   59.254898
  49.159077   38.19736    41.039074   37.137043   22.852875   59.94935
  27.959593   35.607586   46.717796   33.708664   19.428541   30.356028
  28.991844   80.89642    26.369476   31.32511    21.62901    18.184946
  16.09473    34.438545   27.119091   26.069763   42.20817    11.772881
  44.599712   16.89265    29.302113   31.281996   42.84267    48.18918
  46.43341    43.664536   62.73265    26.66045    35.66577    74.77722
  23.264      12.476695   49.452454   20.515957   67.82489    37.502884
  71.26805    18.850262   35.986656   45.73887    47.065125   37.997383
  55.383648   34.823433   79.83949    18.64375    22.877228   34.65345
  23.075642   49.40883    32.46047    27.055248   16.485603   37.367268
  37.022667   37.979553   36.829666   27.122824  665.17834    58.274292
  41.43522    32.95222    21.956278   24.23359    16.890797   50.65007
  24.585796   28.790167   29.739937   11.685277   25.455355   40.11158
  22.299988   79.34761    31.502083   39.062824   18.37036    15.450216
  14.137742   16.27309    18.429142   46.405087   29.46327    48.624462
  21.46993    49.086784   32.482822   26.54496    31.665283   29.164116
   9.951072   28.91222    39.818913   33.02161    36.470898   16.752808
  45.4948     21.57846    50.38742    26.262054   47.006977   49.150555
  22.122923   50.003292   19.21653    20.035757   35.907124   18.38246
  50.10103    28.237057   28.644833   36.579407   23.081081   28.559166
  36.529636   60.291645   31.757708   52.201008   43.42456    34.228527
  51.626274   54.09284    45.023407   32.899372   72.79286    13.127342
  66.07393    17.676828   56.254177   55.466236   16.80051    21.29524
  32.016994   19.507477   56.837902   22.523985   42.984966   41.589203
  47.97124    22.346518   22.464039   54.25207    33.591995   40.017532
  38.810905   35.737644   22.108599   22.85332    27.067009   15.376248
  45.801544   27.510792   38.1508     68.50472    65.12077    40.059406
  26.476585   75.49951    59.783928   29.455845   36.072903   40.45589
  41.80705    49.67472    34.226387   33.894695   15.282253   25.84473
  47.897186   46.348927   43.50031    41.00331    19.192421   16.531446
  54.570568   29.763672   32.383682   44.901524   26.100492   21.07387
  29.193993   35.04584    27.969738   35.790436   40.95402    18.10168
  18.359623   91.30276    41.191048   47.220535   35.40523    42.475243
  19.46981    12.796084   53.88535    77.88935    52.702007   12.5950165
  43.753223   24.200941   41.790985   42.935654   30.83634    19.72193
  30.556316   23.911755   35.620224   21.309843   33.630978   59.82651
  30.654297   21.495533   27.570366   45.447968   17.784597   36.1528
  31.017038   32.770317   34.705063   51.802765   21.933783   38.678226 ]",0.29440688383527963,0.40159705742571217
10,1050,Transformation_Matrix_W,"[[ 0.49128747  0.6764436   1.0748467  ...  1.4532107  -0.35180393
   0.41105783]
 [ 1.428312   -0.62243706  0.8778949  ...  1.1198968  -0.7990711
  -0.3250446 ]
 [-0.8343208  -0.11447793  0.06215171 ...  0.985445   -0.41906613
  -0.43705413]
 ...
 [ 1.0396401  -0.8728629   1.18001    ...  1.6047434  -1.3569338
  -0.7624641 ]
 [-0.04803352  1.7067555   0.9057997  ...  0.9510143   1.421247
   1.151996  ]
 [ 0.9059221  -1.3160584   1.2969525  ...  0.8542301  -1.2277483
  -1.2312785 ]]",,"[ 40.84727    58.88134    31.292158   34.81263    27.763496   30.807959
  36.362972   59.869274   26.213524   61.359253   37.228504   47.587986
  64.93999    37.777874   37.06403    56.127064   18.368093   23.670425
  42.29432    27.090183   53.809578   46.629692   31.019598   36.966827
  52.939545   70.534836   40.121895   32.03829    25.277077   45.705208
  14.92971    47.098625   49.904663   21.930374   37.34574    52.28065
  19.815557   21.658754   22.242476   41.533897   36.036133   41.057106
  28.719698   29.009491   22.415      38.781673   21.3756     40.9694
  44.85289    41.36336    30.218302   26.639557   57.239086   32.213577
  17.448965   21.523542   27.347641   36.96897    51.094547   69.138824
  33.609123   62.66645    31.90689    21.300632   14.788728   31.60941
  31.08098    48.42113    87.17123    38.924847   68.29398    49.59899
  31.392607   28.508547   33.2295     40.4304     18.720797   19.32999
  48.92556    21.033323   27.209118   44.91212    26.016336   41.252743
  34.938316  104.774216   84.4168     33.442337   24.117125   48.189648
  23.53341    30.700722   22.053179   34.587826   21.12564    38.05361
  24.96973    38.54751    35.50331    39.53978    71.710815   70.389015
  72.647354   38.89834    21.551916   77.81775    16.628645   85.67866
  29.117949   30.064112   49.647217   32.664436   35.987812   30.842558
  36.789692   36.50388    68.02346    16.633959   27.38965    56.428364
  26.560097   49.48827    25.128874   36.076523   23.306139   25.801277
  32.447903   28.376347   32.929733   17.91379    24.550022   13.787206
  70.64205    20.880386   26.424948   28.707718   32.082657   18.256578
  30.734533   26.180393   26.349955   34.564598   93.373726   32.64984
  79.03388    49.61792    68.680954   29.916798   52.39045    50.198383
  23.27192    41.397232   14.4870615  64.75914    28.322311   51.59297
  40.981804   36.548157   42.102894   32.31796    49.802723   36.71494
  42.577026   17.369244   26.85048    23.71196    29.959423   19.70837
  39.74696    41.65579    29.83974    33.70428    33.21296    35.22226
  45.548      45.782223   85.60268    52.798046   34.167625   55.24007
  42.627453   56.927464   49.59305    16.359732   23.097307   11.196738
  10.973471   32.890297   36.17123    35.47542    44.938194   10.502443
  24.522734   16.458845   32.395687   35.636555   37.644024   73.96236
  31.411678   65.19671    18.752346   33.257034   36.873318   48.42683
  62.791515   39.505848   37.993313   48.967934   26.192451   53.007385
  49.500477   44.49465    15.529513   24.59428    46.083347   31.997622
  32.462738   39.75809    29.996708   35.80557    27.144503   53.904533
  21.0946     42.103874   55.2196     12.163597   38.049736   34.37447
  36.78723    30.212734   92.21148    19.900785   54.062805   39.890053
  48.545963   28.084469   53.553562   31.543541   25.749449   38.6887
  29.24002    30.578453   16.935352   31.788874   31.636555   14.902818
  24.371204   52.71082    59.52552    32.622856   66.177444   19.898888
  20.687141   25.894365   26.877062   12.064477   28.796738   49.562653
  13.3974495  19.655554   47.031612   61.349583   20.43267    29.19442
  57.05395    21.38361    35.40627    27.741362   32.05653    38.132225
  19.5042     47.069138   92.32045    17.433146   38.13827    27.310368
  27.778906   35.489372   20.854406   24.101908   55.249973   37.93394
  79.61983    70.62395    27.498766   52.383053   41.5318     23.535137
  41.011555   44.530315   68.35409    33.906525   64.65626    81.42814
  40.686546   35.35383    43.050358   57.76078    65.383385   38.560978
  29.764927   37.515705   35.22237    39.01721    39.580784   17.184614
  37.463192   42.376244   17.102655   16.252926   41.87139    12.621161
  50.738255   51.162575   46.105408   23.898039   30.266352   44.244102
  50.11224    24.780016   23.548328   22.014013   42.61127    36.95137
  89.86076    35.426353   24.493742   29.247206   26.597733   34.46979
  35.35297    46.703465   30.145605   32.39082    50.72909    36.04873
  28.271828   42.962933   63.488834   24.67884    39.00991    15.692797
  21.807337   19.739355   16.990774   86.77802    33.421673   45.948578
  28.731129   79.7955     27.906254   26.07418    49.036648   26.673086
  28.001      59.24015    16.677256   36.84719    27.853323   40.71624
  36.36293    27.993824   56.934044   17.49887    39.53479    28.666185
  34.461796   29.914194   31.703278   29.587324   43.118473   37.00289
  18.680637   43.777153   60.91525    26.36965    28.003727   40.94275
  41.886074   43.09937    41.78457    27.468906   40.835194   63.44103
  12.703251   18.482042   30.498367   48.811283   72.23925    55.97003
  33.238888   30.997828   33.31939    51.084988   43.37839    41.282787
  38.318455   37.03034    32.64488    35.156967   32.987408   31.396263
  28.101635   34.821312   36.79686    75.78786    33.89997    28.149746
  22.882385   28.279367   22.823988   34.51323    66.53447    46.715454
  43.28862    64.233536   22.246693   42.52062    34.88332    45.119972
  54.56009    18.117737   63.615616   38.322952   22.883247   32.698616
  48.23092    52.789444   18.6193     12.059269   37.27993    58.419727
  17.066816   36.2573     44.839973   27.575443   38.178535   69.62939
  20.094908   48.03479    76.855125   41.715023   37.04506    37.64556
  63.65457    23.743296   19.990091   34.64316    39.986996   33.87237
  27.118727   31.878578   40.314552   29.576056   26.222113   14.380389
  89.0661     53.773777   22.131907   57.354664   42.09995    35.242687
  22.048111   48.721222   21.546997   15.948962   17.938126   82.82625
  23.150623   52.712345   77.420715   23.96457    27.691198   32.753986
  35.019516   40.083416   21.495245   50.101917   67.423195   25.055887
  53.797665   37.285614   13.9063425  66.46178    24.361893   26.64286
  40.27248    54.291195   38.50472    20.166164   22.997732   55.00615
  28.686129   41.838257   66.44183    23.245588   30.387218   53.681484
  55.55842    29.848522   69.86563    25.972094   35.987343   47.507523
  31.124044   15.796428   65.92385    31.89223    27.507843   22.464792
  73.55297    39.4308     17.805897   13.470947   36.12663    39.523857
  44.611248   41.220795   25.523182   22.555246   37.57316   105.77931
  27.048676   30.245108  105.80892    15.048896   21.622768   43.117996
  17.041409   41.042786   39.39972    41.90847    37.40382    32.12199
  33.031086   37.263535   29.273748   30.565365   55.933224   59.416
  53.070595   42.621937   48.370358   33.87879    24.414474   69.08305
  27.9677     36.51091    39.53434    37.793217   22.183304   31.6112
  32.683754   84.808685   28.252623   37.78861    23.16606    18.779902
  16.171093   35.67201    30.61189    27.89739    43.21476    11.889424
  46.361656   17.164892   34.542946   33.138367   45.450466   53.446293
  54.033787   41.13358    66.890724   26.166319   37.96729    77.29124
  23.047556   13.578722   51.460323   23.984426   52.38562    34.481697
  74.01615    21.87643    42.554752   44.92126    43.81388    44.597176
  58.589638   39.34756    81.63791    19.574888   25.0092     35.534657
  21.662588   53.671158   32.167763   26.672647   16.054928   42.085594
  39.0331     39.337036   38.237602   27.34752   767.7642     57.547672
  42.838566   32.32984    21.968746   25.825045   16.8145     58.9696
  27.562916   29.210823   30.61951    13.215768   28.2402     49.243004
  25.640284   79.21569    30.96234    45.609707   18.514328   15.489258
  15.644937   17.983107   20.97522    39.727535   31.01084    59.7169
  20.72391    46.71419    36.384968   30.813578   33.31324    29.006071
   9.633304   32.48509    36.98208    34.968494   36.053818   16.340235
  47.749672   22.564821   55.65979    24.57652    48.64277    56.624374
  21.49484    54.623463   18.893787   20.055357   37.876625   20.761131
  53.37719    25.89499    25.31121    45.017673   20.986576   32.180702
  37.856537   63.970528   31.475151   53.219944   39.546116   32.2921
  52.22213    59.901028   51.918705   32.637043   67.78049    13.863224
  66.168205   20.355335   51.777683   53.138847   17.768513   19.496729
  34.76206    18.347586   54.427887   22.154259   47.881874   44.276043
  48.006985   21.525915   21.423115   51.07677    36.244705   41.87866
  44.0836     37.681427   22.491804   23.894306   28.028164   14.586262
  47.90962    28.195644   39.65329    62.92351    63.858307   41.33632
  29.791948   71.72636    65.71179    28.427895   36.819824   41.13726
  43.986343   52.17743    35.66879    36.070473   14.941494   23.737513
  47.738678   42.571743   49.38034    41.655678   23.96062    22.261425
  51.378532   34.54957    32.13498    45.630558   26.427034   20.657265
  29.79543    35.85862    31.139036   37.354206   44.214855   18.652554
  20.068308   98.426674   44.248253   48.45051    35.18306    39.504276
  19.747343   14.279125   58.013786   78.34728    50.53819    13.169088
  44.764877   23.818388   38.955055   47.70026    29.769527   19.61077
  29.817722   21.571608   34.584328   21.532917   36.692154   60.645317
  31.961382   21.71467    28.7379     39.07407    16.624617   32.452652
  33.448597   29.081215   38.0287     53.308117   20.703197   44.99606  ]",0.2808082360172096,0.3878867173663521
11,1050,Transformation_Matrix_W,"[[ 0.0629035   0.63767135 -0.2509176  ... -0.27204126 -0.37859347
  -0.42686403]
 [ 0.9645144   0.35345027  0.8008987  ...  1.4836975  -0.3591042
   0.39034653]
 [ 0.11484751 -2.6018364  -0.0792815  ... -0.44338763  0.01166987
  -1.9041973 ]
 ...
 [ 0.28468502 -1.2525092   0.22553419 ...  0.1336968  -0.9043556
  -0.6306947 ]
 [-0.5133995   1.0608788   0.5313724  ... -0.02229239  0.8234664
   0.5422011 ]
 [ 1.3170292   0.08034629  0.20347525 ...  0.12915616  0.05728243
  -0.46934775]]",,"[ 41.70001    58.364986   31.869858   34.774864   27.020674   29.68881
  40.945473   56.71982    29.009619   71.25504    37.301872   43.693497
  69.40425    39.50389    37.87906    54.221645   17.617702   22.970987
  41.25677    30.981527   59.962986   49.85598    35.648613   36.903736
  49.648098   65.81149    44.554962   34.87104    32.31364    48.54271
  14.364195   45.57744    53.345566   21.98781    35.886135   58.152782
  20.207201   23.34197    20.082006   38.218037   33.91647    41.478115
  28.57389    30.363295   25.083351   38.16552    22.348392   44.637524
  47.408443   43.214294   31.027006   27.844933   58.775364   31.84487
  20.179317   20.659256   30.718077   34.74451    53.855923   65.1036
  34.376026   58.30439    33.537094   20.772379   15.311798   38.366653
  34.919014   52.515945   87.6316     43.70456    69.61886    49.865757
  30.075872   26.114576   31.560429   41.62044    19.321812   20.536943
  53.95733    21.625479   28.066404   54.53428    27.445955   44.03634
  32.12587   103.00994    89.11831    35.304794   23.995317   45.5081
  26.173923   31.686348   23.905409   36.613297   20.711332   39.3923
  26.998373   38.10798    36.664967   37.658386   61.473545   71.11979
  73.02963    41.280754   24.595224   86.366745   16.177849   89.10191
  32.114147   36.318764   55.444736   34.14708    37.08013    32.1834
  41.453712   35.541985   75.4717     16.312014   33.823135   58.691044
  24.496904   51.396023   26.568043   38.675198   24.721878   25.03441
  37.436203   29.99013    37.98124    18.058939   25.012344   12.968927
  65.24935    22.006308   24.491861   30.12708    36.183784   18.58491
  34.70619    26.95013    27.504278   39.420906   86.1808     31.15678
  82.28571    52.40658    69.311165   30.234575   53.233704   43.591946
  25.47108    48.583954   16.031174   66.353195   27.380331   48.647312
  39.370014   36.295467   42.27697    37.392853   50.811802   35.851295
  42.35571    17.700184   28.076235   24.19413    31.17064    20.210695
  40.793865   41.449562   34.93277    30.61093    30.200546   31.581606
  48.610226   43.680622   77.36566    49.3175     39.00473    59.855976
  40.88259    54.348637   48.6172     16.906055   21.009666   11.877068
  10.848753   40.17373    36.031998   38.348766   41.74213    10.613208
  23.807747   18.737944   30.597094   34.463886   39.754475   68.16775
  37.742924   68.07908    19.182522   33.797752   35.76017    50.42433
  63.55789    38.881187   41.934235   47.66565    26.24973    53.854496
  51.761593   47.669746   15.608846   26.020893   42.20683    35.518013
  30.022152   41.220566   31.9368     36.061646   28.884342   54.451466
  20.774296   43.714405   58.051537   12.795791   40.879757   31.750929
  35.865105   30.203955  111.39319    18.982193   53.765385   40.80588
  49.49316    29.969536   60.35379    32.179523   26.014889   36.54785
  27.000895   37.773235   18.39339    36.75482    32.017033   14.207799
  25.250698   52.180252   64.68599    31.65458    65.94793    20.775702
  23.152594   24.625246   27.393362   12.0805645  30.246597   48.661125
  13.00918    19.039587   42.96484    65.6455     20.871647   29.034607
  72.41757    19.636765   33.927605   28.384645   33.52996    39.90237
  20.477331   44.409992   85.70393    17.77713    34.771305   29.181038
  29.603062   36.883842   23.268429   24.43288    51.886024   41.352905
  85.88213    72.817024   25.231157   48.345367   38.63222    26.277052
  44.25594    42.44766    74.73324    39.454983   64.70927    79.55183
  40.52997    38.689365   49.886654   52.458748   66.8068     42.03305
  28.588043   40.111355   34.20343    42.97433    37.781296   19.130976
  33.491573   40.769436   17.946152   14.346857   42.768394   14.967212
  54.25599    50.408062   46.595257   23.972992   35.251972   36.461178
  52.759975   25.332256   24.24507    21.774342   46.13407    42.952503
  82.228264   39.125473   24.033047   29.306059   23.655848   40.019665
  41.173157   53.35532    28.641575   33.64449    55.415913   36.112286
  26.308216   45.798103   62.439358   26.132656   42.42573    16.134138
  19.697517   18.683529   18.696196   79.762      33.121025   45.635612
  32.427826   75.60776    26.826445   26.372065   59.09289    25.366766
  27.610685   59.75972    18.929054   36.95197    29.986128   45.72681
  35.305153   31.39888    52.617847   19.513264   36.976303   25.549568
  37.000282   28.227583   30.589      25.9974     46.056248   38.138245
  19.786701   46.13391    77.20977    27.3272     27.516891   40.9715
  39.380234   51.659206   38.621883   25.279469   39.265816   69.258385
  15.979345   21.369038   31.143953   51.570103   66.36804    58.120262
  33.25103    32.413185   34.178394   49.809925   42.718906   42.39758
  39.981213   36.89618    31.279352   37.83787    36.47706    34.18875
  27.859203   34.79715    37.70727    76.593124   37.135605   31.025423
  24.690117   25.80261    22.45554    35.520794   66.60051    43.126945
  41.758038   67.5785     24.189335   38.325897   40.033043   46.918877
  54.792294   22.618969   70.62075    38.56218    24.03371    31.22672
  48.227882   58.55535    20.112225   13.641079   39.12145    57.336964
  20.08238    33.890015   48.331966   30.610481   35.228146   70.396614
  24.337309   45.634647   86.632126   46.650604   39.786785   40.573307
  65.8473     25.639484   20.581444   41.538273   41.04192    32.91162
  33.356606   37.04281    41.535458   32.83143    27.171211   13.36257
  89.312386   56.6031     22.591019   57.711163   42.09747    35.550144
  24.818352   45.046566   23.39613    17.290373   21.73815    84.20355
  23.966103   56.53443    83.36006    24.43474    24.807098   31.70439
  36.875595   39.52891    22.062239   52.34915    67.53316    28.017815
  54.28228    40.341072   16.398737   69.71493    24.698378   31.343422
  38.635857   56.520325   43.877636   22.932627   23.541473   63.019623
  27.486975   45.273804   58.81301    23.424154   31.621517   53.816986
  61.724663   28.60194    73.575485   25.017645   35.693634   51.95598
  30.506353   16.551867   66.15617    29.689032   27.244831   22.17978
  76.036      37.017693   19.081745   13.444734   35.89918    37.99304
  49.658234   44.46801    26.630415   22.408222   36.487526  109.37952
  25.615162   33.777843   98.92618    16.193928   24.921875   45.992504
  18.578499   38.340557   40.178932   39.50979    35.89205    30.949963
  37.85855    37.68947    28.250553   36.38619    58.80506    61.38949
  52.906487   37.56422    45.675243   34.549698   23.97625    68.67105
  27.974901   37.338253   46.433304   36.81197    20.589458   39.200096
  28.97578    87.45612    28.441366   36.259117   24.017944   19.242348
  16.169487   36.86467    29.578506   28.68811    38.550777   12.569767
  47.107994   17.911545   35.92281    31.816082   42.55086    59.44172
  54.47685    35.935375   65.57962    24.023857   39.068233   82.11149
  24.267252   14.964114   53.298233   19.844563   53.826378   39.992737
  78.4547     22.101969   43.991344   45.51084    48.554504   41.360508
  55.790276   36.912235   75.58247    17.955528   26.282856   35.449883
  23.51319    56.78263    38.17452    33.25277    16.193953   40.09887
  39.895344   43.991985   39.136524   24.856607  798.75726    50.462185
  40.955196   37.37523    23.27712    24.618551   16.512205   54.494118
  28.989998   31.834118   32.082966   13.982485   28.164978   50.778996
  25.644793   80.92581    32.56446    47.60552    19.804333   16.798563
  15.081639   19.281399   22.568192   43.88209    31.42606    58.227123
  19.494108   52.031704   35.661488   29.039433   34.089466   30.415041
   9.860581   38.722443   35.054745   34.46598    43.53942    15.765303
  43.83798    22.240324   49.519882   24.184292   47.498867   67.74345
  22.247171   59.745518   18.827103   20.651594   43.98925    21.058847
  52.735577   27.947113   29.509981   43.45631    23.224535   32.87502
  39.659912   66.106186   36.232018   59.682983   37.878998   36.075718
  66.83929    53.087616   49.502647   32.25941    67.74235    14.624425
  70.22528    21.814539   56.914917   59.67652    19.659      19.125973
  34.261925   21.18375    56.170326   22.147594   43.606907   45.152863
  50.780247   23.822346   24.616821   59.689972   34.588314   37.21001
  41.222115   38.935886   25.392834   25.18525    26.784546   14.558134
  51.34073    29.738665   37.69878    65.95852    59.79907    41.70519
  32.70936    79.93893    56.138824   30.322851   39.217403   44.938007
  44.197346   51.113197   38.298702   37.351562   13.254189   23.194082
  46.53918    47.702805   51.413876   43.492428   25.970629   21.819012
  60.385563   30.419006   34.016266   45.639713   25.71838    21.813011
  33.70931    34.89356    31.463306   36.965164   43.995      15.95197
  19.82871    93.45207    45.856945   51.73538    41.686794   43.05392
  21.498634   14.496941   56.861073   86.06021    65.781815   13.859664
  41.60615    22.583094   40.629143   53.015995   26.267424   18.69035
  34.35998    23.66166    34.66231    19.933495   43.23108    60.579548
  34.453194   23.540127   28.945122   45.82343    16.558357   30.582895
  34.394398   31.226257   39.81264    55.860847   23.650217   42.756634 ]",0.3125,0.4157913651601102
