,Train_Data_Size,Transformation,W,b,Residuals_Per_Image,Accuracy,Co_Sim_CLS
0,1250,Transformation_Matrix_W,"[[ 419.65082  -502.35403   173.71758  ...   57.344795 -371.0946
  -736.65216 ]
 [-221.58153    48.103428 -138.60796  ... -424.1712     49.934105
    45.4859  ]
 [ 226.92268   299.58978  -296.6363   ...  242.7705    -41.16298
   578.6359  ]
 ...
 [ 224.34612   255.25362   262.90344  ...  180.78627    36.675835
    11.717651]
 [ -93.16908   336.6854    479.77438  ...  123.31473  -132.35283
  -119.21451 ]
 [ 369.34286  -144.55666    88.43015  ...  250.87048   -56.57492
  -162.663   ]]",,"[  97.137535  163.9223     72.47469    89.72796    70.816895   82.95055
   88.00606   146.19498    73.02059   185.69882    92.98688   102.48811
  160.7315     93.371216   94.04467   154.42981    44.651257   65.404465
  114.98158    59.100792  133.72037   111.250824   70.54253    88.37899
  132.29144   175.84102   101.872795   76.95419    74.51556   107.43992
   43.039604  106.53475   144.55562    49.621967   87.73986   142.48111
   48.697903   63.714123   54.019604  108.53229   100.72352    85.72642
   67.79805    62.47629    58.974255   90.619026   57.43728   100.564926
  113.38666    80.42749    92.89296    67.50842   134.46637    75.09869
   44.115345   51.7888     58.042706   77.53615   116.71466   174.09105
   97.58877   144.04402    68.02806    49.892784   31.908964   80.97106
   87.47558   114.60632   194.46352    94.222374  174.71924   153.91669
   79.235435   67.227455   82.4166    115.29777    41.09517    58.270737
  122.12869    38.97136    67.49063   114.74648    77.1982    106.60817
   79.64772   264.31155   187.44713    76.16189    58.540634  124.1506
   76.171394   79.98773    59.28127    78.04067    50.604416   91.16248
   67.17644    87.54647    90.50742    92.23265   158.89034   153.14345
  160.09705    95.00357    53.566654  206.51352    41.192238  224.08064
   73.470924   82.17608   102.235085   84.206436   78.372375   80.88757
  111.55798   101.588585  132.2636     39.513615   75.90658   156.64023
   59.49121   144.08446    58.200573   89.05565    63.223064   62.018745
   89.1559     78.61042    81.0712     47.660446   65.11885    35.293274
  174.67398    51.407745   60.783447   84.13478   101.631935   42.44192
   78.2156     62.50104    68.0656     89.21123   195.78415    89.95596
  194.17915   128.7251    171.0006     72.18141   131.95589   121.42245
   64.31828   107.90387    34.82675   143.11613    66.8709    118.39595
   82.59922   104.208725  106.02089    98.44256   149.438      85.554756
   88.85441    38.043575   64.89843    58.724373   86.861465   47.722775
  124.12596    92.48179    86.84272    89.7996     84.85834    94.05938
  115.78533   120.88915   207.88219   129.9757     88.840065  161.36447
  102.125786  162.11931   133.95453    36.504677   59.834686   26.483002
   26.324871   91.68434    98.04145    93.88265   123.25782    22.99542
   67.16867    44.23535    80.72936    84.43293   114.33385   157.59999
   79.54778   163.2401     41.391006   87.57956    99.291084  136.41344
  154.25282    88.68279   103.27471   122.01087    54.90583   142.59937
  123.09246   107.09401    36.733387   79.1403    115.24177    66.565796
   83.79491   115.282074   70.67856    85.81758    79.36028   120.940994
   50.34802   111.82269   164.3204     34.089806   91.069466   86.00829
   76.416725   69.69058   221.8283     43.696182  150.79535    89.36933
  151.45993    72.6119    136.24988    88.98298    57.717525  100.12121
   71.13774    77.52805    37.755806   85.608116   94.47551    37.941055
   64.6104    126.34994   151.23311    70.156075  149.86449    57.98501
   54.856068   56.55763    85.160194   30.297672   65.39897   126.876625
   28.157646   40.610916  107.936066  159.83661    47.22149    72.97902
  171.99191    46.319332   99.19293    60.963352   76.07814    77.103874
   60.451435  131.55612   212.56927    43.796505   88.106674   72.88721
   63.0178     93.58944    52.32229    60.116436  132.74449   114.52516
  215.24513   154.33603    62.247868  117.87171   105.06717    49.41653
  101.38951   118.77783   158.03587    92.616264  151.85419   221.66678
  102.61896    83.17535   139.31187   145.1797    158.97888   101.74955
   72.52836    98.49385    75.494484   78.26536   104.07487    40.8162
   96.34642    96.24537    43.422253   48.063026  104.548004   35.175232
  125.69283   115.53917    91.78793    61.284332   69.648994  101.96242
  104.47137    55.412674   62.490505   54.885956  110.05086    83.349884
  238.95886    98.17248    65.91515    71.26107    75.54889    94.22837
   93.41846   128.50366    71.3096     79.06048   134.59633    95.55784
   69.5012    110.41649   164.99254    60.686703  105.5443     36.826023
   53.758167   44.795864   50.558205  199.25694    81.12404    96.3036
   65.75059   177.35083    59.75119    57.197727  160.68878    65.184616
   74.95121   157.96117    47.653675   82.1321     74.01134    93.40761
   92.51345    78.37726   130.62695    49.66574    79.12126    84.28436
   89.63117    65.04563    78.538734   58.839985  113.604645   97.58982
   43.35393   101.50842   181.86765    62.37894    75.04499   106.91613
   95.931496  121.102905  116.40431    65.84186   117.45339   135.15962
   36.850956   63.138756   77.35242   120.56939   179.23312   131.39975
   73.76786    80.29813    86.23164   113.35133    86.77027    93.51804
   96.11036    85.612656   76.61306    83.33908    87.759094   74.11245
   70.27594    78.2659    102.32287   178.16566    65.03138    74.52413
   65.07172    59.763657   49.315697   69.638565  136.68602   103.23471
   91.381584  155.53412    76.15006   103.53543    93.609276  116.69389
  183.3733     49.081867  158.5564     92.95551    58.381462   73.24327
  119.06652   141.17316    47.945724   29.453085   72.99287   124.31288
   45.30266   101.39509   111.51507    77.611496   92.953224  185.86539
   55.109554  120.701706  183.23898   116.27811    96.225945  106.365974
  135.91466    67.98866    42.915726   88.32023   114.28964    72.2829
   65.351425  101.88618    92.935425   81.23818    68.76347    36.169334
  213.47217   147.87938    54.959724  147.8453    108.856476   82.41304
   49.00709   112.46533    60.384247   44.50965    48.42598   198.62262
   57.189934  127.261284  190.60237    60.01433    65.60176    61.970848
   90.56994    99.05124    55.571705  116.988884  137.46114    57.746754
  130.99939   106.108826   33.117367  168.02405    58.321407   60.313534
  123.394684  131.92952   103.88599    44.13455    55.690052  147.08209
   64.149185  132.15198   169.85373    58.29462    94.96804   151.77196
  131.2942     77.80834   189.97958    64.23372    83.75242   120.31734
   63.547787   38.126812  192.2389     70.281746   68.90641    49.396423
  169.73325    93.30913    45.730045   36.24604    92.49683   102.87831
  118.92555    98.03198    69.00912    49.688416   90.724594  280.6625
   66.642555   67.55539   267.3328     45.67082    53.228596  114.50688
   43.125988   89.80662    90.217964   99.465225   72.7801     73.05475
   84.465164  102.32811    82.8693     84.16418   137.52608   178.68924
  130.29742   110.09578   100.461426   88.53789    56.485157  133.5403
   68.654655   79.730286  133.27872   101.59307    56.12971    76.81649
   71.367134  195.64763    75.859955   76.62429    59.52636    39.52952
   45.867462   79.90483    68.710846   72.87205   121.80723    27.345985
   97.95767    51.570293   70.870705   75.59487   115.83282   128.01918
  105.41924   101.62279   163.58441    53.477272   86.76199   199.919
   62.016415   34.99875   124.73506    46.52191   175.47006    88.38185
  171.62903    54.60935   105.00716   114.13411   134.67235   119.91423
  146.31776    95.80842   216.73495    42.831757   52.85177    80.27974
   56.59092   154.16406    83.32993    71.83497    35.995087   80.40531
   93.862785   87.25743    88.86675    63.53937  1738.0883    161.21552
   92.27588    74.632965   58.794525   55.8739     46.45726   143.42755
   55.824425   68.52313    84.30748    30.414322   65.62141   131.40924
   47.73348   201.2949     78.392105  101.52796    50.67018    39.913086
   33.833946   50.01744    48.602123  110.38731    73.35418   147.1292
   48.606346  137.47522   100.88093    85.80948    75.79797    75.68957
   21.946627   88.97765    99.83582    92.2361     86.34145    41.89349
  107.48316    60.890316  130.10947    63.08883   117.20679   149.4232
   53.12355   127.63376    43.284092   54.251663  108.35452    47.934402
  113.0877     68.491356   67.47676    87.44921    65.71515    69.39721
   71.62245   139.72745    84.67649   129.28442   126.0363     99.74509
  172.1698    150.55574   107.15806    76.789734  165.76663    37.393707
  162.37314    53.649025  129.9967    132.64656    39.314766   48.56832
   83.35235    46.863308  137.91328    52.161957  113.64629   104.066284
  142.88835    48.975277   45.61841   142.39897    78.44492   100.74837
  104.075966   86.187225   63.840538   70.38121    62.63479    31.669725
  125.92453    57.537308   98.76138   163.38911   144.15472   101.319405
   86.46381   193.28578   141.83334    78.14919    85.840355  129.99556
  105.732     125.09516    89.47256    76.06287    38.36514    60.322884
  115.676994  107.97773    95.78122    92.682365   58.83843    40.466953
  145.38254    69.711266   68.07263   109.71752    61.834103   53.355366
   81.39358    87.06569    80.680504   84.1588    101.080124   50.526657
   46.12191   262.1161    114.97045   138.8592     97.95047    99.16995
   45.63855    34.074745  134.332     183.33855   149.01479    27.84142
   98.5959     54.72448   102.23973   140.0128     68.67817    52.092575
   73.799484   58.28731   102.90919    53.798695   91.07158   134.02954
   72.838806   67.188965   60.657898  113.63004    45.55365    89.542366
   68.919556   86.916214   93.09056   130.36894    55.821957  108.36631 ]",0.13852181929932392,0.31915544317600475
1,1250,Transformation_Matrix_W,"[[ 112.89133   -135.01486    296.5716    ...  207.08798   -193.1788
  -465.84454  ]
 [  53.600006  -338.2452     -85.31418   ...  -34.57478   -198.23515
  -343.45383  ]
 [   3.3342276  541.9082      63.19577   ... -182.23448    100.611824
   262.453    ]
 ...
 [  73.37425      7.1141315  278.36487   ...  -84.878296   191.91588
  -353.97897  ]
 [ 338.2459    -238.43097     91.77313   ...   55.19751   -239.66223
  -143.47069  ]
 [  22.189293  -168.40231    -70.37613   ... -368.57434    346.85138
  -111.485596 ]]",,"[  91.41572   152.4683     64.611046   89.50209    65.93596    74.50649
   77.95935   147.53534    69.85679   164.3076     87.741196   96.220184
  153.95149    90.36424    88.562294  139.13223    38.932304   55.92807
   95.79023    51.140987  120.50892   102.83035    67.23867    81.256676
  114.60174   166.32365    92.46666    66.876465   64.96907    92.25614
   35.125023  108.24672   133.0823     48.414654   87.59906   122.69594
   47.876286   55.039623   51.27088    93.71198    91.2826     85.49332
   64.77316    63.13556    52.239483   89.28057    49.516453  100.81506
  101.65862    77.085175   77.67455    61.34346   135.84445    70.63396
   41.63379    54.13173    59.743587   71.239784  121.783424  174.27045
   73.43184   143.6012     64.53311    50.093613   30.283096   72.79891
   79.04172   101.190956  181.89948    94.52998   167.25362   132.36409
   74.16984    67.42289    81.73565   102.6106     37.19833    49.940372
  109.85139    38.28142    67.9636    102.09206    76.179535   97.103004
   77.954994  230.81616   184.54585    64.5806     57.478153  103.06868
   64.0695     76.77053    53.55846    74.15055    45.4051     84.44032
   64.284195   87.76578    79.177      96.61802   148.89873   152.3425
  145.56941    79.10158    52.325943  188.47533    37.244064  189.02473
   64.550606   77.438995   93.046906   77.48925    76.134186   71.44598
   99.92825    93.15362   124.09572    38.306656   67.44527   150.01773
   59.29524   142.89453    63.87252    82.00731    56.628574   53.07057
   86.39282    71.24944    68.46043    43.924976   52.604935   31.8937
  173.63084    44.94108    60.421658   73.19179    82.59906    39.70463
   71.71407    58.74571    67.987404   98.16655   185.38376    77.19138
  166.88844   122.07052   175.26358    71.32499   122.85292   114.88469
   57.314617   98.007515   32.19878   127.14903    67.093956  116.14223
   88.321014   90.90436   104.16492    86.8339    138.5604     88.9539
   80.15164    35.65599    56.872578   59.773308   81.71405    41.158405
  126.28904    87.682304   75.45258    74.22701    80.33548    81.32156
  105.986755  118.332985  219.76826   131.39774    78.38633   132.45004
   94.91355   147.66867   123.43967    35.32969    55.878487   24.345545
   24.620487   87.40494    96.733284   87.33936   108.694435   20.451456
   68.860565   40.610176   76.453835   78.41677    96.76023   152.30904
   75.46985   145.53241    39.42391    86.73848    96.06505   133.02463
  157.1727     87.44489    95.69933   113.20095    55.629356  118.488976
  110.715706  113.31114    35.5355     64.679695  111.65573    65.745705
   80.46802   100.92781    69.144684   86.0441     77.67689   110.52996
   46.881832  101.76186   149.24689    28.394915   87.40294    83.57106
   79.91788    66.81002   207.47969    40.492126  144.08394    85.35594
  150.00943    65.39134   120.80248    76.31872    52.28805    82.36933
   71.760796   68.94604    39.91319    71.778      86.02682    37.178867
   60.899662  117.80375   138.20099    75.381134  156.83395    54.1968
   51.0247     51.447777   69.40536    29.011415   60.340797  105.58991
   27.472538   37.803402  105.610756  139.92928    43.039608   67.74626
  152.66574    46.142555   91.90693    58.608055   76.67703    84.83194
   54.458767  125.944405  187.44754    37.33791    95.004974   59.098377
   68.91433    83.3167     44.74854    47.781677  133.67987   100.57251
  176.60463   146.2305     59.35201   105.081154   99.23937    47.280334
   97.756294  111.94764   151.82889    78.70239   131.3832    217.36017
   99.42656    76.3445    128.45633   118.04822   162.05876    97.24459
   70.55376    85.28529    72.90568    73.028755   97.92787    36.155247
   80.966064   98.24954    36.438393   38.876213  104.699066   30.986488
  125.56172   115.91278    87.52741    53.219387   68.890854  105.33831
  103.35083    57.65669    60.26775    46.09796    95.8135     89.11665
  249.44774    80.44546    61.94132    59.44706    69.5595     90.2932
   73.52946   130.98534    76.5209     72.10215   137.9087     83.13154
   57.26528    92.28703   159.92732    58.260456  102.51676    38.733852
   47.627052   45.674484   42.90271   201.31627    77.36776    87.73062
   66.87455   176.12608    53.997948   55.14881   132.18434    62.187317
   62.198956  143.75468    45.453903   71.95442    65.98332    87.09135
   90.6429     63.848083  127.39978    44.737972   78.35232    77.150276
   81.74543    60.723515   72.71986    58.109516  107.93986    85.17811
   40.418842   97.170044  164.38042    51.299026   67.77104   100.198524
   93.97776   104.61901    97.12176    58.279003   99.85466   126.76546
   31.954998   53.162636   79.19576   113.25668   151.82758   114.484825
   68.18283    76.468956   83.319916   97.67925    82.02751    88.96812
   87.90834    78.37696    69.39986    66.903076   76.71122    68.56975
   66.269646   67.522354   86.73848   159.95418    63.249565   65.93465
   58.46317    62.4275     48.36168    67.709366  131.8243     99.340164
   82.348366  154.86333    65.05429    87.920975   83.67846   114.58889
  138.73859    44.027924  153.80453    96.69011    54.107132   78.34518
  107.12191   137.43887    43.21712    26.463385   70.69466   124.23411
   41.995434   91.552475  105.57671    63.388638   81.75793   178.85295
   49.815903  114.356606  164.98819   108.505264   96.93179    96.551834
  125.19362    65.08213    41.090355   87.670876   98.39346    66.88909
   55.823093   98.30497    87.485985   67.72894    55.525158   29.522497
  195.14346   146.81479    53.391743  149.39537    96.31259    79.4834
   48.260174  112.69195    56.698994   43.06523    40.981564  197.7576
   59.938187  138.48164   171.71667    61.130913   64.03597    62.832043
   77.920715   99.58144    52.06933   109.66189   128.95679    56.172035
  129.16231    95.346695   32.690453  178.87973    52.50925    62.294907
  111.87592   128.07385    96.684204   40.380527   55.245766  132.27301
   59.36311   118.35481   164.05905    61.80722    81.076996  115.050385
  121.2651     75.48374   174.36157    63.09677    86.19904   106.216255
   64.872116   35.228054  172.14464    72.44014    60.784508   49.699123
  161.36385    90.37183    41.982216   33.4523     81.71586   100.21643
  106.96888    98.00051    57.727173   49.966007   83.74688   250.84268
   59.41694    64.344345  241.69334    36.47641    47.962605  102.6646
   42.506336   96.42939    83.68619    93.79089    68.99372    64.07586
   78.85372    91.25641    75.495766   79.43565   131.97507   153.82298
  109.483376   91.9016    100.565      78.241165   50.134502  128.7075
   61.758022   77.15536   109.87733    90.81526    50.205723   74.90415
   70.57568   192.37401    71.18554    76.655975   55.71336    35.314762
   38.291077   76.55557    63.569782   66.14748   106.805916   25.873772
   92.92228    41.78813    70.59976    76.57397   109.21861   108.87052
  104.19697    91.45303   162.8324     55.764458   70.460976  200.96478
   57.77323    33.24184   111.39379    43.257553  146.13791    81.02032
  175.60185    50.989304  105.966064  114.77284   113.247856   99.38243
  150.02266    92.74702   190.86613    39.912186   52.966434   77.358315
   59.304283  134.7989     90.85158    71.64076    35.528862   86.12819
   89.89062    82.23454    84.82939    59.16888  1383.3175    149.5571
   97.613525   71.22788    58.71934    56.37252    39.65715   115.96495
   51.604034   63.117825   71.509026   31.085552   60.650764  115.53378
   49.23194   174.73306    71.65472    92.34277    44.613922   35.828453
   31.353851   44.24459    45.88914   108.687096   63.75363   134.29597
   52.60417   121.43964    89.15916    73.73535    75.95085    66.229034
   21.825947   82.26573    94.06322    80.010925   80.230606   39.012856
  105.24715    56.47428   133.25977    58.829315  113.860886  128.7849
   52.555603  119.262085   36.951443   49.38684   108.08379    42.778282
  116.58237    54.921825   64.41882    84.98731    60.38444    70.84696
   69.59755   141.27045    85.79625   122.62089   114.34324    92.58851
  160.45998   147.59958    96.80713    77.98511   160.09319    32.88304
  143.09743    47.241043  119.48981   111.52276    35.056183   50.362408
   75.99222    41.489002  123.65259    49.6607    103.28156   105.3928
  116.370895   44.555046   43.970116  120.19705    76.062874  101.47356
  107.807014   91.67779    56.474964   60.740364   58.291805   30.433813
  109.606834   55.409805   91.94432   174.56215   142.60529    88.238396
   76.80058   195.14822   139.45045    74.31317    70.84676   103.6663
  106.31279   114.17252    79.816086   65.43624    38.791233   57.723022
  117.70036    92.96454    93.40556    89.2537     53.133305   43.024193
  129.17688    76.5892     65.868675  106.41801    60.152905   47.3845
   73.49536    86.37688    75.370926   86.90429    99.844765   42.789764
   36.673725  249.6014    101.186226  135.19742    88.403      91.56988
   40.386967   33.868557  138.46767   176.44356   142.62917    27.88197
  104.018906   50.487846  101.88607   123.01796    67.5824     48.115692
   60.990425   50.96235    98.07443    50.808323   91.002235  130.32837
   61.850094   62.208057   56.91643    98.07652    43.032623   85.4488
   67.036354   79.634766   93.45097   120.50993    53.748604  105.704544]",0.186040258143823,0.3640135106349167
2,1250,Transformation_Matrix_W,"[[ 176.22699  -166.26796   -21.910763 ...  -57.649647  -67.61664
  -182.41994 ]
 [ -13.646423 -152.71872  -190.3252   ... -125.98666   -12.265886
   -26.155872]
 [  73.109665  -81.46997   112.74441  ...  131.52452  -136.65791
  -289.3267  ]
 ...
 [  97.22222  -254.02086    34.972977 ... -237.09894    98.01119
  -240.42754 ]
 [  79.62429    64.82834   162.42221  ...  149.3033     23.96987
   102.164024]
 [  18.661913  -10.932714   -6.329508 ...  -78.053604  104.79842
   255.70085 ]]",,"[  89.35513   120.01786    68.930176   81.16444    66.22468    71.535835
   73.59842   124.78939    62.87223   148.00859    83.20832    94.74255
  152.03902    84.153336   82.85773   120.88848    35.36527    52.571156
   96.81874    51.99643   121.367294   89.772896   65.58296    80.79637
  115.980286  134.16658    86.805695   57.698273   63.042847   88.834785
   34.486847   96.03221   121.09503    46.260006   81.72367   119.08008
   46.373974   48.76556    48.65804    84.31811    77.98743    85.986206
   58.050102   56.349037   50.5719     80.91584    52.62003    94.100296
   87.009766   72.03856    64.40148    60.342304  124.74593    63.255062
   39.63377    49.01011    54.619846   69.2635    121.35817   159.90475
   67.49062   130.01266    58.999542   47.048862   27.55305    66.853004
   71.92479    99.98046   177.55249    83.957085  134.0601    112.69586
   64.83243    59.71123    76.88071    92.78022    32.43379    47.88011
   98.43976    40.152477   68.54701    99.1558     65.26365    87.48061
   77.78906   200.44768   166.89055    57.79958    57.894596  103.20186
   65.585335   68.00776    47.37136    58.592804   45.280582   74.26414
   61.206097   89.46534    70.32639    84.761955  145.19748   137.08675
  137.69281    72.09906    51.78129   191.59854    30.508457  179.12482
   63.754314   69.67672    78.37517    74.178955   73.0793     66.83486
   89.196365   81.94145   113.165535   35.16791    70.52314   149.09283
   54.30271   128.48549    53.167557   75.11869    50.992863   52.74023
   80.38861    66.154274   66.97257    38.680805   44.950443   28.760883
  158.36691    43.30462    56.576122   71.50027    68.6223     33.945267
   68.00432    52.20353    62.92882    84.24034   176.74802    76.0873
  159.5329    110.398384  162.0325     64.184944  114.610985  104.74864
   54.474354   98.14262    29.172384  110.96608    65.44499   113.7398
   81.98285    87.16445    81.82554    78.41821   116.766335   78.29837
   72.72477    34.76076    58.780384   52.852165   78.313286   39.309387
  113.376816   91.541245   70.348465   74.0713     69.76487    83.009346
   95.647804  102.885864  187.16742   106.06037    81.13667   131.4793
   80.56807   135.04811   115.61668    33.143353   53.70868    22.168514
   23.157625   78.42222    84.33321    79.41638    95.847946   17.809591
   55.25876    37.122562   67.73767    74.07928    93.41099   128.8413
   70.83066   126.063995   37.365166   88.83113    83.49011   126.5649
  143.70155    93.79388    86.05665    98.468216   56.991882  111.41912
  108.24805   115.61632    30.999655   61.853653   97.05994    63.09222
   70.38004   100.14235    67.788605   80.97742    75.937706   98.30954
   45.228893  103.08248   129.70894    25.074219   89.87841    73.2004
   72.80476    56.80684   189.96855    40.711067  128.81038    88.55591
  132.90143    59.94536   112.31985    76.73654    45.40301    71.44136
   62.69208    61.01958    36.916588   68.34775    77.21231    32.678703
   57.542015  121.18729   119.50441    70.52418   138.94974    50.307644
   46.93449    54.982235   61.147114   29.296534   54.323124   99.15163
   26.76889    38.04806   104.265976  122.68931    43.08633    62.42309
  138.57999    46.13327    71.05443    55.759537   70.7246     76.128876
   49.13425   111.5417    199.9907     36.413193   78.21947    56.892483
   59.84572    80.07622    44.630093   47.43647   136.98201    99.533775
  163.22992   139.62852    60.016376  103.50217    94.31125    45.496803
   87.97722    96.42052   153.68068    72.9683    119.75336   216.85966
   81.275635   71.53461   119.89687   118.40329   170.13196    90.008545
   68.65713    76.899185   69.231445   68.83044    93.96655    35.09088
   84.25443    92.37403    35.79298    34.099766   96.86095    31.439291
  123.94392   109.60175    82.26084    47.438      62.76438    95.48161
   98.901436   52.748108   56.60415    44.073788   92.07173    82.9071
  239.34293    74.64963    54.894318   60.097557   63.653305   76.64158
   70.35861   116.24601    71.588974   67.05619   119.98707    87.23598
   57.114025   87.12803   151.03793    53.33565    96.03787    38.1031
   48.385834   39.286602   42.402664  160.90805    81.048325   88.70663
   62.332695  165.82509    45.086452   55.5603    114.74902    54.58143
   59.849335  131.61278    43.481674   67.31913    59.550903   81.741554
   79.22307    53.640858  126.350555   42.444553   67.51488    68.35584
   79.56538    59.19923    60.99346    51.61722   111.00976    79.7166
   36.733734   87.99597   165.59137    47.125904   62.860893   99.50001
   81.17706   105.12081    90.69629    50.858612   90.45432   126.1931
   29.733248   47.72541    74.91425   109.49538   153.82672    98.99765
   59.8178     62.021732   76.72192    90.11912    76.50619    93.21906
   73.242805   69.94944    75.65484    69.63864    75.84235    66.85669
   60.151016   59.030876   84.43429   153.64523    54.421654   57.1771
   54.911716   55.27768    45.864372   74.00955   122.26594   103.05219
   77.894516  139.54903    56.64753    88.47628    69.10435    91.84712
  134.82666    40.751183  142.85095    85.13145    51.55736    72.33733
   99.16626   124.272514   42.196747   26.155785   65.78775   107.69113
   41.23131    84.043976   91.99651    64.1676     83.34526   162.19011
   48.49481   100.34159   145.39659    99.914055   86.18098    89.248436
   98.71247    55.908184   39.395016   81.75577    85.66728    67.18302
   56.054108   90.948425   83.5382     70.96646    53.600758   31.1191
  185.41338   119.10904    44.179543  131.31897    98.04606    69.415535
   41.884052  100.17914    56.355255   39.23765    42.31808   193.5016
   54.59907   141.8538    182.39174    57.871803   62.277428   59.969013
   72.526085   88.51708    44.058456  103.170425  119.49871    56.013542
  127.20096    90.09361    32.001965  150.65126    48.40088    57.1099
   99.589355  105.6241     97.09915    38.47232    53.59443   129.24864
   53.981953   98.33182   158.83742    49.58847    78.326004  107.6844
  122.0531     64.98059   159.21121    52.167374   82.988594  104.84661
   63.095      32.743332  141.92827    70.637596   69.536316   50.930305
  150.93602    92.29811    38.579147   31.593708   69.86151    99.36682
  101.195366  100.85587    46.843018   44.84518    77.87297   242.69849
   58.08457    65.33195   241.4146     36.22935    46.95569    86.91313
   38.487988   84.78193    82.28342    91.380684   72.74937    56.6
   76.57258    80.13863    64.585304   73.854454  122.642494  142.19803
   96.02323    91.45189   102.472336   76.3234     45.508118  113.007324
   57.48445    73.5469    101.77454    79.26055    48.598846   76.592606
   65.71662   166.48863    57.86131    71.99433    48.17487    34.075558
   35.713623   74.62914    60.705704   69.52674    99.7868     23.037277
   87.31142    38.4088     65.93998    66.96498   106.164246  111.15249
  102.90476    96.478485  153.01927    52.334034   67.946175  193.38525
   47.60981    30.911818  101.038925   47.500076  141.08571    72.08653
  169.37764    47.594597   98.73623   105.59295   102.1677     93.91132
  130.75298    85.71617   202.37256    36.940952   47.56855    69.568115
   55.808624  124.20194    83.049034   66.19254    35.725067   80.56958
   85.222336   73.3161     73.75834    57.318653 1382.8817    133.1554
  101.88925    63.67231    53.588665   54.859802   34.57566   118.0019
   42.99942    62.515526   72.86607    30.59992    55.948067  107.65844
   42.4475    159.138      66.3489     92.79558    43.003407   34.22852
   25.71016    37.72553    42.166824   94.417656   58.650265  125.40404
   47.771103  123.837875   83.84012    66.59862    77.919525   62.385815
   19.977085   84.344345   78.96957    71.64613    73.61187    34.79432
  105.02936    45.009716  118.75094    53.69091   114.47346   113.9812
   49.908195  121.135635   33.33081    42.99623    96.17051    39.745686
  112.06757    52.98469    59.862602   82.699524   50.105362   64.20617
   66.52771   121.44691    77.06084   110.07695    98.81599    77.73729
  146.41066   133.75597    96.16261    65.22852   169.86435    31.587793
  139.33348    44.695415  112.779686  106.712906   30.9107     48.33915
   66.471535   39.549755  107.475395   46.050472   90.08713   108.77967
  117.10566    45.206074   40.54808   112.662605   67.13887    98.527466
   97.52061    75.50765    47.795776   55.861034   50.024868   29.505508
   92.34601    47.56736    82.32797   168.2951    136.24992    83.82315
   68.73718   175.26686   132.06589    65.7525     72.38179    85.34568
   96.10279   103.402245   78.29237    59.373985   33.46702    57.554615
  106.26401    89.553375   86.13911    85.19486    48.74845    38.61744
  111.46556    74.58731    59.704     106.27651    59.359272   43.694763
   70.355774   80.08443    65.82504    84.84674    93.57272    43.457912
   36.049423  203.66946   101.02839   125.1517     90.0775    100.995316
   40.5737     31.15363   116.68802   150.93068   136.01219    27.328367
  103.37791    50.5849     96.671776  119.40916    68.44724    43.10862
   63.3552     49.511776   87.50346    47.53713    87.44338   110.89179
   56.630943   56.181934   49.40737   100.6563     41.576275   78.49087
   66.39497    75.72393    92.56951   111.44286    48.44823    89.67908 ]",0.22649047326367547,0.3936542588897068
3,1250,Transformation_Matrix_W,"[[  2.9643726  -47.439606    53.424274   ...  32.14938    -60.86474
  -57.0873    ]
 [-13.488944   -41.061287   -26.78768    ... -81.70644      6.3454905
  -63.45058   ]
 [ 34.628494    -0.29642618  21.648106   ... -18.829569    35.33522
  -82.86269   ]
 ...
 [ 43.201324   -72.81189     13.142012   ... -47.8469     -20.969374
  -90.32943   ]
 [ 25.37882      0.85731643  16.072979   ...  30.094631    17.906778
   11.5542145 ]
 [ 39.011215   121.31344    -42.22753    ...  10.421347    76.18343
   54.27345   ]]",,"[  78.752174  125.19213    58.74932    77.09531    57.913948   69.541214
   68.073555  109.206184   55.583122  144.67522    81.69978    89.09575
  140.88037    78.55134    83.58325   107.207855   34.353878   48.388462
   80.525475   47.503754  108.13003    96.39609    60.06585    79.10448
   96.112144  140.67464    83.222534   64.25856    57.41862    80.971016
   32.24556   102.138565  114.839745   41.452      75.59925   115.12129
   41.635082   48.650146   41.063103   82.41793    74.84462    71.39538
   54.137356   51.101547   49.519188   72.550224   42.554928   94.76144
   89.86826    74.12908    58.807556   56.91527   123.23819    54.37878
   35.28313    49.359528   54.684383   63.52455   112.01907   154.00479
   62.32879   119.85654    54.85043    47.120052   27.880148   63.10398
   69.45009    90.59002   174.2477     76.3638    138.96028   101.662704
   60.20142    54.535954   66.29684    86.7579     33.731724   40.469696
   99.626366   34.494907   61.36413    93.574684   59.636486   85.078125
   71.48465   191.15532   157.22807    62.641026   50.570747   86.20928
   54.478653   64.37969    41.85315    59.13086    43.32865    80.59027
   52.090332   73.20511    71.90141    73.71184   121.90407   136.19894
  126.00657    73.19647    44.23909   158.76161    30.28793   169.23515
   57.06077    61.431904   86.94576    57.80513    66.72406    68.939926
   84.06186    77.55645   122.07394    33.262947   60.596104  125.74174
   44.353004  126.52675    54.46938    67.68196    49.106686   47.83806
   66.8441     57.17699    63.345028   34.470737   48.489388   28.125881
  156.85966    41.651478   49.80528    63.86774    68.30305    36.09166
   57.12024    50.51166    60.938946   79.2362    150.55429    61.973415
  144.13391   107.548256  144.59482    59.162376  102.287796   95.73989
   49.84152    94.35106    26.163841  120.25488    58.66936   100.432236
   76.9639     73.41595    76.34818    73.677246  114.832985   69.16386
   78.90972    29.360878   51.367085   51.94927    64.48543    38.28527
   98.87136    81.053246   70.990364   60.80307    70.55521    67.55546
   91.42517    90.60075   185.79196   107.884575   68.872375  116.56466
   79.440186  113.96011   110.18784    34.39964    46.609085   21.077343
   21.534449   72.305954   74.10933    71.706566   99.96445    18.516027
   53.770504   32.99463    76.011154   70.44368    83.21584   121.373535
   67.59052   129.83487    37.966656   82.62574    84.7059    114.070885
  140.3404     77.22439    72.45664    98.53463    48.14194    88.469185
   94.11534   100.83884    29.26022    56.718037   92.02055    59.572533
   66.68508    80.19349    60.34375    67.520195   69.0733     92.435165
   38.337      83.68403   119.097      21.123438   80.45968    67.29238
   70.2749     55.877148  182.07542    37.80302   108.71979    78.86192
  118.78975    52.943214  102.14468    64.222336   45.82889    71.70468
   61.323086   67.45416    33.397774   65.803856   72.3025     30.072788
   50.895164  107.66986   115.42127    65.564354  152.89767    43.792175
   44.328445   43.632427   57.082947   27.62329    59.915916   84.27588
   23.78546    34.434357   87.43268   125.572235   37.804207   58.60234
  132.99796    40.93604    72.03943    53.92151    62.71773    72.04595
   44.14594   111.10708   167.20525    33.25217    67.72163    54.83198
   59.19721    73.76229    34.800068   44.61955   115.70237    87.58225
  151.56133   128.27011    52.643047  103.375336   94.72065    42.593147
   90.9121     97.10903   145.50153    65.78536   100.58374   196.90422
   92.009636   68.701706  109.19681    91.65095   138.1673     83.09388
   58.84962    68.341324   65.15835    73.228      82.66289    29.816236
   71.83198    94.293976   36.238613   32.583717   91.89989    27.763979
  118.99863   108.26516    83.68108    51.336826   71.78155    92.94986
   91.09386    48.996536   48.125206   42.730515   91.44895    77.5546
  218.60104    66.532486   49.053684   50.953335   58.990143   71.78505
   70.39198   103.031425   67.33057    65.98704   110.05992    67.060936
   48.511242   88.604576  133.14201    47.388176   84.27474    35.798878
   42.85119    36.489067   37.063396  169.74268    69.98809    75.48061
   59.35682   145.41605    46.816196   53.090862  106.40953    46.25328
   52.94915   128.14479    37.69295    62.0892     51.68671    76.516815
   71.18753    52.5088    105.974655   37.80581    60.084072   61.576885
   71.79335    49.372475   61.021175   48.924206   87.51115    73.24631
   33.977306   75.65732   145.16824    46.629204   55.14498    87.78666
   80.181114   88.89742    74.38484    44.734585   83.29554   113.517494
   27.460987   42.634033   63.451336  102.349525  121.724686   94.19587
   57.225506   59.828094   65.841255   94.9575     73.13451    83.604805
   73.53235    64.648026   62.341343   68.95793    72.18315    66.24008
   56.019836   61.43413    75.3857    140.60495    57.624725   48.036625
   53.544273   48.761387   43.89091    62.673252  120.90967    90.51234
   70.364685  119.67834    53.383984   72.55062    73.63594    89.22301
  105.82059    37.481064  134.70831    77.991295   44.3848     62.89514
   94.47104   110.83839    36.88755    23.668898   65.503876  106.76623
   36.18864    72.52811   103.13134    54.605724   71.318794  169.53175
   40.860764   97.04124   143.68178    92.37005    74.414474   78.511955
  110.536644   52.89422    39.44438    75.61201    78.59516    61.81073
   49.9177     82.14505    78.38664    56.097366   45.427094   25.687254
  167.53438   119.17408    42.489487  127.44718    89.783134   77.5275
   45.993587  109.018074   47.865726   36.852074   38.664444  172.65166
   50.676296  118.173485  165.41167    54.675236   53.15965    55.08811
   67.107475   87.66407    41.02632    94.16652   118.37413    48.1338
  108.75408    85.188225   31.144896  138.78279    43.980164   59.582623
   88.047104  108.91284    87.112785   38.82117    49.62622   114.7725
   52.24187    90.580666  128.16928    43.896507   71.20815    99.15411
  112.58257    68.535675  137.97546    52.437057   69.76291    95.19486
   63.450993   32.75237   143.30211    69.65036    52.456966   43.7598
  144.8095     85.43613    29.0543     29.446686   66.885445   89.62475
   95.613106   88.78937    49.13096    42.485397   71.95032   222.70665
   52.412373   57.712387  202.71182    33.679813   45.06893    86.73956
   35.58884    89.59134    75.87629    81.94859    65.841484   62.35959
   65.26726    80.45167    64.13842    65.066025  114.428856  122.999886
   95.87278    74.41716    89.53265    68.462364   48.476856  125.89101
   52.870277   72.156685   94.33886    68.28142    41.82865    69.92036
   56.62421   178.91125    58.705452   68.71182    50.837357   31.966654
   29.675386   64.44724    57.833344   50.427544   82.702225   20.115435
   85.34492    32.970387   64.80684    61.333397  109.07      102.223495
   93.16542    86.79445   146.24438    52.48045    71.53222   187.56516
   48.349155   27.109894  100.97237    43.208923  125.01548    70.488396
  148.28326    41.7431     98.01688    90.10628    97.91595    82.07845
  117.73517    77.839096  155.5472     35.49863    45.994728   68.606255
   55.241238  109.72276    73.44405    55.549126   31.863634   75.8286
   75.90104    74.53492    68.3665     47.584557 1237.4376    115.806145
   88.5015     61.524483   49.136806   52.364964   33.74653   107.22321
   43.383373   58.02955    64.54756    29.18468    57.493065  102.15238
   45.518528  164.78017    60.365158   90.8792     41.23136    32.176643
   24.013569   36.35317    40.72426    99.41118    58.702732  124.85752
   46.355873  105.23681    68.44228    59.287136   73.78009    54.132442
   18.527285   69.29404    75.81441    72.077644   68.29019    34.406796
   85.286766   45.96189   117.58491    52.47452    96.914536  117.0803
   47.277657  103.181435   35.290604   41.620625   90.573      36.666977
  100.4133     48.22792    57.173893   78.29188    50.122356   63.720768
   73.02212   121.87668    65.86561   109.27021    90.34027    73.946434
  124.65407   119.01166    85.39498    60.483627  132.45319    29.96265
  139.50722    41.66669    97.054436   96.962166   30.202236   43.247166
   68.04475    36.36529   105.10988    53.1038     90.54976    94.206055
   97.823296   40.968536   40.86658   106.28459    68.043045   89.07978
   83.63444    74.40315    49.3563     50.262493   55.65174    29.19604
   90.37687    44.527557   82.80074   156.37413   118.852325   82.18799
   62.659496  150.26175   117.22409    62.35974    66.85432    84.043724
   99.602905   94.42763    73.63073    59.316505   32.09036    48.0484
  109.02753    78.433914   93.102135   79.8849     44.759117   38.28993
  108.77011    61.097202   55.578407   86.5677     51.442528   37.37111
   60.35726    72.569084   62.586514   71.20014    87.045044   37.347427
   32.738937  223.29405    76.94548   111.46422    76.95921    83.438545
   39.091373   28.285618  124.43564   131.12051   113.71006    23.99938
   93.74886    43.966198   88.515015   99.16336    61.325996   42.665703
   58.525394   42.957207   78.68254    44.777306   81.119484  107.41973
   60.921787   49.440464   50.974163   88.24077    34.3563     79.32632
   59.16651    68.089264   82.62003   112.30045    45.772526   90.53232 ]",0.2558389674247081,0.42449695362505807
4,1250,Transformation_Matrix_W,"[[  0.13611457   1.9793621  -13.645119   ... -20.330591    -7.239168
    4.6395764 ]
 [ -2.7323654    1.8686148   -7.090275   ...  -9.785278     6.600711
   -6.7551827 ]
 [ -1.4837772  -10.78785    -11.369823   ...  -2.8528674   -6.399252
   -9.458299  ]
 ...
 [-10.046891    17.257767    -5.6692886  ...   2.1803663    0.34275833
   -5.71074   ]
 [-11.657706   -18.414291   -14.064193   ...   1.8035152  -12.580433
  -19.75293   ]
 [  6.2711773  -18.457869    -0.04361684 ... -17.458076   -14.278477
   -0.6062624 ]]",,"[  71.73718   105.78496    55.265434   68.21558    50.128983   65.148155
   65.403206   95.58388    42.939598  140.3743     69.70981    75.689644
  118.61807    73.639595   67.04333    88.4149     31.525183   42.432266
   73.8208     46.47119    92.94125    81.407036   52.18069    64.628624
   83.12054   111.292625   78.31062    51.637997   50.651264   80.981766
   25.525612   81.47103    98.27935    36.90397    61.624653   95.07297
   35.748848   42.58482    32.16109    78.11396    67.408554   66.79095
   49.63154    50.45884    41.05236    57.68426    37.252235   81.04769
   72.43332    67.240135   46.3034     53.66982    96.65535    48.718044
   30.664242   44.243816   45.13791    54.966335  100.61702   134.85832
   59.25864   105.80628    50.353165   41.655872   24.069927   63.076622
   60.99839    81.64593   152.1468     61.67476   107.563385   84.56032
   56.987827   45.637577   53.641598   78.70759    32.25374    36.5155
   85.13271    33.024864   54.144547   79.678154   53.259186   77.97748
   59.996994  150.31927   135.4351     53.6066     43.682446   80.34842
   52.89688    47.72603    38.481876   53.481094   35.510944   69.1167
   43.43555    69.20628    56.646275   66.87321    97.84087   127.96238
  110.538795   61.866516   36.310764  125.53132    27.434862  136.67076
   49.6841     47.16171    83.684425   58.41752    63.391834   54.821327
   64.83417    60.781044  105.72065    27.75295    61.26592   108.22993
   38.589104  101.33324    42.668797   67.42309    44.697666   43.921757
   55.3283     53.213192   52.297028   35.104317   41.635487   25.24566
  140.5028     39.382565   43.594234   56.47847    56.162018   31.883219
   50.60777    50.846184   50.895855   58.029945  133.97057    54.072178
  115.08948    98.7372    133.19731    47.37353    87.450554   76.688065
   45.104393   85.03635    24.707863   97.263916   44.286102   89.633415
   68.22399    69.60951    70.56511    65.12925    88.29239    55.02114
   67.959984   30.82951    49.614033   45.317158   57.65966    34.498203
   84.13136    74.704506   72.425644   57.590164   63.010582   56.17822
   75.833984   80.77986   159.59984    93.07792    65.59108    98.3848
   74.53066    90.9332     98.34621    30.139141   37.51132    17.772549
   19.162937   69.91082    62.321133   60.28543    86.478615   17.502237
   45.57669    30.265423   66.49116    60.504642   78.76819   102.032455
   59.660892  109.905655   32.516026   74.471634   64.02473    97.7416
  114.72003    68.358574   67.67507    93.84293    41.73624    89.637054
   85.025734   81.33492    23.565708   47.051144   72.92717    57.9324
   53.89997    76.93639    46.735493   65.03507    56.363853   83.25047
   35.0865     76.7268    100.01295    19.621674   78.72661    62.161842
   50.171616   48.739555  155.25938    34.11174    90.99081    72.20483
   98.853485   39.57655   106.818214   59.214046   42.26931    61.419765
   56.91878    61.857044   26.122229   59.026386   57.415043   27.319426
   43.968304  104.16105   100.91253    59.611317  133.34154    37.84602
   40.27562    41.083767   47.99962    22.194258   55.804905   83.69491
   21.094343   28.305119   82.44335   103.381325   36.830315   48.69883
  111.47903    33.336185   56.937164   41.607502   51.540035   58.39832
   37.54633    87.41011   153.97551    32.422535   59.822773   43.94764
   48.498207   59.954742   33.157562   37.430103  102.169044   88.24457
  119.9804    101.65718    46.731007   89.52163    78.166435   35.024723
   76.18988    85.81078   127.12632    62.666904  103.56307   150.2794
   72.95859    54.576992   98.829765   90.48335   113.665504   69.21371
   44.820446   68.95635    56.864265   63.513546   64.412575   32.596195
   63.53024    85.27697    31.211767   30.257969   78.08407    29.837093
  101.17353    92.40063    76.92932    42.956604   59.863224   84.77919
   82.52031    43.37531    39.52869    40.982353   82.60105    65.07288
  183.8856     63.598354   44.120003   45.150105   47.197247   57.077812
   60.37141    84.85982    59.524673   56.34895    90.07134    64.16037
   41.328495   71.62312   118.473434   41.043186   66.03056    25.973455
   39.546432   33.610996   36.656307  139.47536    66.929504   76.886734
   54.0101    121.43696    40.771847   41.547993   88.98898    40.83709
   54.438976  117.68475    33.369484   58.522785   48.33032    72.23983
   62.132668   42.206398   92.32976    31.360666   55.533936   52.593586
   68.98983    45.42949    56.96611    47.217216   85.46909    67.25413
   32.42665    77.04274   135.43098    37.521023   46.31016    80.41877
   61.327103   89.595024   68.22599    42.17557    65.82639    99.13036
   23.403097   38.110153   52.761658   85.45266   124.6441     82.74903
   47.021214   45.284416   58.22324    76.67952    67.88967    76.68166
   61.984825   58.974495   53.378956   60.99618    61.560673   56.747562
   49.863552   55.543053   69.493904  129.67888    54.04358    44.61936
   48.00657    45.10976    40.581528   62.555565  111.339554   79.13538
   67.10376   104.61815    45.558544   69.229164   65.93798    71.55454
   95.00158    36.677074  116.26878    75.80546    39.97611    53.0457
   77.40424    93.10964    32.5982     23.75369    67.02624    98.591934
   32.29551    67.264656   86.35043    49.723778   64.07789   131.72725
   36.51735    72.99581   138.12486    74.56836    59.54204    70.31003
   93.453224   40.133194   40.684353   70.91477    74.84162    54.923676
   45.001865   71.40434    75.18994    60.614716   40.1502     25.783663
  126.36045    93.63306    34.46172   108.436615   76.29967    60.849384
   40.02083    94.17514    39.18243    29.950191   32.345825  139.24199
   42.624756   91.41152   137.02478    43.980835   49.598015   47.11716
   66.264114   80.235756   37.916004   82.49904   116.09967    42.059982
   89.31352    74.4802     28.275057  104.48735    38.393284   51.937103
   71.102684   94.48296    77.49538    33.629105   45.76268   100.91394
   45.994656   75.97399   107.026474   39.540455   56.99628    91.0578
   89.60463    58.98025   132.37955    35.521793   60.41949    82.75466
   57.295555   25.843298  116.923225   58.6636     51.421467   43.484146
  128.77205    69.76476    28.18252    23.216978   53.015656   83.427025
   78.03356    76.139404   42.995193   35.588478   64.74584   187.47826
   46.12027    43.976566  166.86748    28.266273   41.411427   78.599266
   29.682465   74.402916   60.443455   67.14086    58.969902   60.366425
   63.53687    68.95454    50.34444    54.668262   98.56323   104.888435
   83.83541    70.15653    78.538666   58.68182    46.74339   105.57107
   48.123783   56.71521    71.092224   61.302345   42.396767   70.53274
   50.760757  148.61037    47.58153    61.002743   45.397247   29.084576
   26.914907   53.21191    51.974144   53.40605    69.96915    19.554224
   79.15488    30.987343   56.91795    62.0692     93.23723    86.53646
   82.44396    69.22038   135.16216    45.259155   64.408485  150.87173
   39.805897   23.409468   82.50402    40.439823  109.642654   60.32779
  126.63944    39.23227    87.93589    83.85015    80.45756    75.30477
   91.371346   66.93342   144.19957    31.238781   40.69391    62.557
   48.551792  102.66116    59.409927   52.82605    28.503315   65.63411
   63.46991    64.30394    67.66733    40.92205  1170.3947    104.725845
   72.023544   55.066277   42.118977   42.230415   26.617502   95.20965
   42.17175    49.84131    54.854546   25.301104   52.44       88.50763
   40.286194  135.321      50.961155   80.06103    32.933777   29.059704
   22.585674   30.127232   38.576817   75.858925   53.60117   105.76448
   43.22651    96.155945   60.905594   52.245163   63.052586   49.229366
   17.263792   56.419018   58.899845   62.241436   64.01748    29.83661
   70.266754   39.312744   98.512566   41.437336   89.32463   103.526505
   39.033993   93.00443    31.690037   35.279533   76.84844    34.360195
   89.26279    45.464233   52.23026    71.51548    39.152283   56.2604
   62.065292  105.9768     57.317192   85.73844    78.829315   57.835648
  109.86588    91.423874   82.22789    52.990097  130.40778    25.653467
  104.49064    36.89179    83.83169    99.78859    28.18685    38.583546
   62.532574   36.397926   80.679375   46.911312   76.39442    83.031876
   95.38636    38.954338   38.721874   86.81028    58.89774    75.682014
   71.29663    63.570503   37.596546   44.022816   49.44589    26.735647
   75.64781    44.323536   71.7378    128.84944   107.15359    68.315056
   55.170288  129.49042    99.0872     55.37697    59.80971    64.25413
   87.45321    94.2581     64.70329    54.75483    27.88989    41.026623
   99.21867    66.3464     83.81645    72.6257     41.404083   33.347637
   87.03327    51.00705    44.046486   66.86536    45.61551    35.705727
   56.446224   64.138695   60.62131    64.00316    72.447876   32.260868
   28.696257  176.80432    76.622345  101.36083    71.95801    79.46477
   39.47803    22.245571  110.71274   125.070305  108.3631     24.50196
   79.33685    40.032005   78.835686   86.11263    58.257072   36.57974
   54.275223   40.739788   69.51017    38.844585   71.88745    98.42435
   56.668865   44.111744   46.590782   78.56632    33.339855   64.24627
   53.015583   68.84552    75.7347     99.76858    38.539364   81.241165]",0.3380838967424708,0.46740988768289365
5,1250,Transformation_Matrix_W,"[[ 11.2112055   -5.3157005    5.4023786  ...  14.032184   -14.114283
   -0.21731506]
 [-14.078161     3.2522717   -6.8274956  ...  -2.7415612    3.2637842
    5.7832956 ]
 [  6.116485    -6.9373884    4.045296   ...   2.4979749   -2.2839305
  -18.04464   ]
 ...
 [  4.9397       4.6982365   -8.458829   ...  -1.6248851    4.578973
   11.704053  ]
 [-13.647286    -9.132372   -11.379773   ...  -5.327416     6.700825
   -3.4605365 ]
 [  3.1305692    1.4890195   -1.099527   ...  -3.5688212    2.0598083
    1.732109  ]]",,"[  68.1164    112.082      49.178715   68.91945    54.253487   69.367226
   61.58372   107.5167     50.599876  122.66654    63.46868    75.32852
  128.5853     71.615585   65.874374   90.81697    30.593365   40.799007
   70.35496    42.697598   94.479744   80.94086    55.64147    65.79259
   86.47318   117.69778    70.583984   53.93039    54.823      78.48548
   26.740913   84.771706   96.17442    37.124016   62.842285   97.39804
   34.959476   44.915604   35.62617    74.46092    65.07807    72.47065
   46.642723   49.100758   39.054317   65.61479    38.095844   84.48947
   74.438644   63.498615   52.363186   48.227787  109.33101    52.75864
   31.646664   41.339508   45.326996   59.61672   101.75853   140.7758
   61.567997   97.71569    51.859188   45.154152   22.95491    61.00648
   56.68608    82.724815  144.57574    63.8783    117.4303     91.03492
   56.18006    44.943275   55.029724   69.83219    30.384047   37.788
   86.63352    36.381496   49.942184   84.91906    51.620182   74.886116
   60.13948   162.16676   135.94986    54.83436    46.780624   80.75341
   61.300934   52.033035   38.17083    57.40859    37.915836   70.44956
   47.77668    67.60708    59.02643    69.947876  108.95338   126.07145
  109.988205   72.521866   40.842484  150.54037    28.437773  137.29883
   54.148193   56.514423   81.41531    59.690666   63.032894   56.38582
   64.15783    67.53289   111.40165    29.752111   55.862816  111.386185
   41.982197  100.86075    43.774456   61.648403   45.260902   45.4909
   55.16111    51.923946   57.68907    32.671562   40.61969    26.31314
  134.18094    40.333275   45.961807   61.923866   64.75233    31.324116
   48.867672   47.906403   45.54455    66.36424   150.14989    55.534637
  132.22697    85.07706   120.001495   47.288975   94.375565   78.9198
   43.086433   89.0503     23.759293  101.502075   50.102493   96.094475
   69.86587    65.299515   71.572334   60.449238   93.41284    58.996334
   70.27269    31.302355   47.020866   42.878548   51.000584   33.89808
   79.72394    68.10198    63.186234   59.185696   61.91197    58.923283
   75.37779    85.81645   165.73166    99.39084    58.83581   105.21318
   68.72641    93.20433    87.74159    27.556604   42.17896    17.00046
   19.195364   69.32911    66.39366    61.292706   91.47257    17.76353
   46.54583    35.69183    64.13342    61.702976   75.79879   106.18208
   56.399635  122.58966    35.19592    64.161415   72.06482    94.79367
  113.7353     64.65831    71.084404   82.57783    43.605762   88.78377
   87.717285   85.687096   23.906033   51.940235   72.6154     53.27204
   55.169853   72.21872    49.177795   61.60292    56.438934   85.175316
   32.66172    73.735664  113.60198    20.681692   77.16551    61.276535
   58.3646     50.126995  161.97096    32.58336    99.02737    67.633255
   96.1891     45.302586   93.6841     56.09606    43.392174   64.32829
   56.306236   57.59182    29.891891   56.628643   60.294525   28.876385
   47.952885   95.98168   100.65912    58.718235  127.324326   39.002132
   38.916786   42.1119     45.36464    20.892294   47.878407   78.89188
   20.641752   28.52074    81.70722   103.75127    34.906292   50.113937
  118.80876    36.02476    64.08801    46.41545    57.7764     61.5571
   38.853382   85.43787   157.83951    28.566418   63.7155     44.94849
   52.01967    61.07864    32.434433   38.782177   97.16336    82.5295
  129.82239   119.6606     49.359264   81.71373    80.71296    39.42564
   72.913765   89.500435  116.85171    57.90046   102.44341   156.90016
   74.54478    55.09369   104.12965    84.041374  116.82302    67.445335
   51.18822    66.7715     57.112167   65.16542    68.868645   33.341003
   61.258175   77.47428    31.932703   28.530548   89.04989    27.087336
   89.20436    93.373344   75.15809    41.677113   61.841206   81.96268
   81.47474    42.356266   43.05732    37.370617   79.186356   75.975784
  176.34076    56.19642    43.936443   46.10659    47.907112   57.959282
   67.238106   93.52517    58.230522   58.675854   91.42602    62.550022
   41.14379    71.31929   118.1327     43.641514   76.56855    26.797188
   38.89466    31.559534   32.774895  150.55302    64.878525   75.36296
   55.247334  123.7144     43.544914   44.88035   100.37924    44.27716
   47.969093  104.87201    33.716522   55.197598   51.264095   69.314865
   65.33796    47.59969   101.87275    30.074541   59.33206    56.522705
   73.539635   44.000023   51.72137    44.89299    86.28718    63.026905
   30.82523    75.46944   120.24457    42.73395    52.102795   78.81287
   68.97193    87.8451     74.841095   46.053204   73.63815   100.265
   24.522938   36.271233   58.121788   88.29309   123.249916   84.00525
   50.323017   54.349228   55.420254   77.00208    68.54925    69.902336
   66.214386   55.45425    51.46627    56.77488    58.52418    55.77644
   50.24842    57.370487   60.034096  136.34479    54.678356   48.722145
   49.36203    42.289864   42.321236   58.11388   105.898315   86.33791
   67.99502   117.219826   50.001526   68.88811    60.751286   79.66129
   86.70011    34.295376  113.95595    73.31899    38.975132   60.510674
   84.974144   92.438805   31.22638    21.987852   57.22446   101.3416
   36.294353   67.74852    81.881714   48.01082    61.5302    136.08188
   39.932236   81.17295   136.63954    85.70559    59.8359     66.96782
   94.44966    45.753757   37.705322   69.67997    69.693954   58.364223
   48.064804   66.01786    76.24365    53.286877   45.10723    24.688555
  136.87201    99.77417    36.766853  102.98176    73.33698    60.53987
   41.837498   88.39138    41.88754    28.42448    34.806873  155.09671
   42.62307    98.477264  151.42082    44.466923   49.47557    51.175446
   64.98763    77.75926    37.740612   79.23189   101.74875    42.57526
   90.716484   69.75207    27.531538  118.69426    37.011593   52.18533
   70.4562     91.07586    75.05128    36.24494    47.813858  106.571236
   43.31904    83.32672   116.238495   40.796623   55.753      83.06104
   92.20088    59.82912   134.49936    42.594017   57.1363     87.313095
   55.845013   27.593796  116.08545    60.239864   48.50685    45.60556
  133.3894     72.815445   29.23676    24.034973   58.282093   76.3212
   74.98461    76.60651    44.389538   33.76455    65.30357   194.6012
   47.377754   48.98134   182.29002    29.382347   39.297585   73.30853
   30.850874   76.56848    62.555187   73.60039    61.49646    57.4027
   59.079617   74.34266    51.930183   65.98341    92.42612   104.39949
   84.53595    68.998276   79.208755   59.415462   42.59694   104.60365
   46.337288   59.718315   86.754875   63.946175   36.800446   68.96923
   55.04464   153.86272    48.221973   60.594242   43.764687   30.046663
   27.727814   54.75753    51.18458    52.196476   74.10178    21.889164
   73.917725   29.500465   55.962376   56.346004   87.18355    88.83163
   85.78332    77.38554   127.925896   45.27849    61.528656  147.06271
   42.584602   23.004026   88.68048    38.39213   120.11125    60.117607
  131.02267    41.156178   76.52893    83.749954   82.802765   73.21269
  103.01663    64.36171   144.82233    34.187424   42.752506   58.335262
   46.00307   109.56882    63.00603    51.516964   26.398016   72.276085
   68.45966    67.55729    67.68516    41.878784 1170.4911    102.54974
   80.880226   56.657856   41.69475    42.09673    29.08259    91.73341
   41.93062    52.197464   55.401062   24.415485   49.314907   83.63466
   39.100246  134.87776    57.22241    85.589264   36.113083   28.015026
   22.099388   29.320152   37.900845   78.137596   55.445305  103.63735
   39.068954   91.920654   59.326134   52.562172   56.016148   52.70008
   17.719345   63.804054   64.985374   55.433746   68.93241    30.36157
   76.89364    39.94554    95.70368    42.58353    82.18252   103.11252
   39.901493  100.46673    31.830925   36.970226   67.42629    32.434685
   86.81383    46.94279    51.000557   70.11084    38.91833    58.151134
   62.569256  104.66732    60.71403    89.56025    81.12894    56.858677
  106.89769    99.27974    76.074875   52.018917  122.391464   27.203787
  106.35897    35.63665    87.985245   98.89732    28.573421   36.94992
   64.85628    32.771492   81.227806   44.045643   83.30291    81.53053
   88.934814   38.328518   39.249977   85.565056   59.59213    73.90722
   77.826454   66.526924   44.04819    43.659134   49.28621    26.485397
   80.80227    42.151997   71.90122   121.05888   109.90295    66.73773
   52.517933  128.08629   106.59228    54.14119    60.394905   72.65935
   82.67623    90.390274   64.31121    54.4697     26.010029   43.87044
   93.902214   68.89795    82.42111    77.23176    41.305832   30.979252
   90.17301    60.06437    50.546143   75.64049    49.540558   35.240948
   52.536865   61.671417   53.465252   63.163933   80.25498    30.420696
   31.328133  183.55176    70.05043    92.543076   73.61194    76.05975
   36.333805   26.080933  102.14553   126.904396  106.52007    25.736526
   79.943726   41.259377   76.74991    87.8893     62.64954    34.73395
   56.73199    42.918144   63.467747   42.475105   62.994255   99.64175
   52.77147    44.053486   42.82655    80.99452    31.315998   73.87411
   50.21671    64.0342     74.96035    89.18607    39.122234   83.132164]",0.3219883220651506,0.46089900982467785
6,1250,Transformation_Matrix_W,"[[ 6.6401486   6.261963   -2.309695   ... -7.4059763   2.3199537
   0.36507493]
 [ 0.06998971  3.1307364   0.74526745 ...  1.1432875  -3.4976828
  -5.4317517 ]
 [-7.7163653   7.124798    2.4645596  ...  0.8514165   2.385576
   4.3325095 ]
 ...
 [ 3.8412497  -2.366549   -4.041601   ... -6.6481423   5.7801094
   0.10121486]
 [-0.11343943 -0.21726005  5.1108646  ...  5.1617627  -0.79886067
   1.3196789 ]
 [ 3.7132347   0.47335294 -1.3732454  ...  2.1667058  -0.0754312
   3.4253628 ]]",,"[  69.97436   100.59117    52.422478   67.73158    57.60845    62.413185
   65.017006  108.92991    50.693226  133.49115    73.19766    77.36298
  124.40531    68.48322    69.502525  103.65397    32.97689    47.8416
   78.12052    47.78411    97.87176    86.04839    54.215736   67.44964
   93.65147   108.765816   74.17062    59.87711    57.13039    79.5169
   26.585604   85.76901   107.74371    35.831245   69.19008   105.69522
   36.08573    43.11051    39.403355   71.62985    66.210144   73.03598
   47.993126   49.882454   40.842865   68.37317    37.05142    90.46874
   72.643776   63.087727   50.404976   50.276264  109.555046   54.521145
   36.603394   43.673286   41.89407    61.25417    94.848526  132.87529
   64.63936    90.35881    50.22979    39.769573   21.758638   63.083233
   62.87799    78.37399   146.12564    66.19437   113.7408     89.0646
   57.35125    48.382416   62.183025   77.62269    32.636047   35.86465
   87.95854    34.536293   52.701412   90.131      51.64441    81.486275
   68.30199   154.64073   135.61493    59.59956    49.077854   79.32402
   51.206947   56.229084   37.572742   58.483906   38.245934   72.85516
   46.213467   71.35853    60.842113   67.35082   116.11706   128.36792
  112.46764    71.26962    42.42209   152.55585    29.07471   141.01466
   51.992847   62.001392   75.554535   60.685375   62.42685    61.29099
   73.56129    68.09985   113.59249    29.59219    60.442043  106.158134
   44.93361   106.03046    46.548267   65.63827    40.09759    43.127605
   61.011326   50.382854   56.519337   35.948544   46.856968   26.628155
  131.08011    38.212166   46.698467   57.070526   59.411186   31.927101
   52.02376    48.32878    53.7124     68.77102   154.2641     56.079876
  139.75494    93.06935   131.36401    54.125767   94.98265    83.596275
   45.14951    88.90264    28.836267  104.18947    58.019447   95.6104
   63.55843    64.88136    68.04785    70.721756   91.44011    61.638264
   65.44217    30.83804    46.032772   45.105938   54.26265    34.968063
   86.78083    68.74714    71.781845   61.21948    65.5238     64.04058
   82.83884    88.3681    147.54994   100.71844    65.849045   98.25386
   74.83437    99.5744     87.266754   28.804028   46.707684   18.957195
   19.723253   67.06735    68.44646    60.876022   82.51756    17.346338
   44.19075    33.69627    67.899315   59.527935   75.112885  113.2757
   64.74574   113.647224   34.938015   64.820366   70.55907    92.61644
  113.95269    63.500797   73.670906   76.30473    42.801487   83.785446
   86.99513    87.5659     26.757708   50.662315   77.62319    53.666576
   62.56511    71.35531    55.426712   64.42076    58.20622    91.22414
   35.51451    75.78387   108.27154    22.073885   74.342384   62.483715
   63.545788   49.503662  176.52007    30.751884  100.57263    62.84083
   95.14063    48.038414   97.860176   60.541073   42.072643   59.587337
   53.705368   62.79103    32.095943   59.661674   60.525936   27.59741
   47.287548   95.39848   111.0678     58.64919   128.46822    38.463184
   40.775227   41.79302    48.421803   21.345531   58.054993   74.91714
   21.500713   28.625666   85.395035  118.15483    33.836086   52.546425
  126.9084     38.84037    61.540367   47.931793   57.98178    61.356796
   37.11274    86.50163   147.96106    27.660273   65.5211     46.69515
   55.258003   64.11062    35.128464   37.976807  103.14073    77.97909
  130.87955   121.597244   55.127655   88.99268    81.2388     40.946934
   85.65231    84.62873   134.06044    64.316414   99.72857   167.8188
   71.08456    57.48835    96.551216   89.45257   121.1371     75.80361
   53.155846   68.67239    54.988518   67.342674   72.78469    31.909084
   63.506165   88.23675    30.23605    28.42245    83.51718    26.98556
   97.97125    99.646065   70.56606    47.33667    63.43395    82.80248
   85.939445   42.803467   42.36011    40.845356   82.98116    71.67433
  166.60474    63.58038    43.015194   48.679558   50.347157   62.22749
   65.989456   97.427925   55.698875   60.726322   96.3593     57.582623
   45.46042    71.85088   127.93665    45.569668   76.311646   29.259445
   39.69238    34.35905    36.565002  145.20879    63.015778   77.91419
   53.417576  125.27993    43.015926   44.6519     96.28347    46.893234
   52.179943  101.928246   34.1012     61.544117   46.87419    73.676994
   70.564995   48.27238   106.09383    33.30178    62.288403   56.564644
   70.0393     43.91222    52.942287   45.98695    88.876396   71.34499
   30.436949   74.95834   140.49226    39.56336    53.606487   89.90618
   73.72785    91.84911    71.20241    49.08194    71.13016   104.712204
   26.527668   39.75064    59.00045    90.715576  130.30086    82.95995
   53.707077   50.011856   59.655575   77.320564   66.007645   72.20886
   67.92752    61.719013   53.899345   59.00663    63.671036   58.028507
   49.375187   58.309856   69.19739   132.23204    58.263187   44.42103
   50.93628    47.37325    44.918285   56.623253  111.57153    79.17641
   68.364716  115.74272    46.2711     67.89612    72.5903     81.83275
   93.76343    36.3765    124.9463     73.61126    40.155697   56.602283
   90.59605    98.51479    32.675755   22.024012   58.281704   97.83556
   32.81654    64.12123    89.24708    52.654434   67.714134  133.51625
   37.887177   87.27774   136.20595    88.18228    65.696724   69.01292
   95.38635    45.811577   36.313595   67.375465   70.79211    53.077522
   50.415188   67.811325   76.10032    52.060158   42.299103   25.146683
  139.49399    99.086235   40.303402  114.348816   76.205      60.103477
   40.5915     85.43009    46.257942   31.628086   37.809547  154.21931
   47.12298   103.333626  148.35226    47.71202    53.04754    51.39241
   67.43748    77.43545    39.70635    77.344505   97.02431    47.62141
   99.24584    73.06647    29.830456  123.722534   38.954628   56.203045
   74.38762   104.721466   87.60002    38.02512    48.5119    111.61349
   46.075928   79.725464  121.88272    42.089806   62.31835    84.00477
   91.84574    58.11025   136.99464    45.343914   59.381508   87.89513
   55.22005    27.444435  116.82093    59.915253   47.104942   41.148655
  125.75128    70.281586   31.348238   25.389757   61.42593    77.41358
   84.3912     77.01533    41.853916   35.310814   68.23196   202.97044
   51.129387   55.870766  196.33035    31.278128   39.740456   84.630615
   30.113667   74.65257    67.67244    74.89449    57.523563   59.904922
   63.453297   75.717186   52.854378   65.545944   98.05651   116.4772
   89.74479    65.33527    81.6645     66.80666    46.08028   102.10702
   51.704323   60.37425    83.206604   68.18127    42.01569    68.54499
   50.41126   150.80225    53.98182    62.7245     43.902763   30.135252
   26.876644   64.36463    50.671616   51.653996   73.2037     21.231184
   71.95137    32.7416     53.159153   57.7692     91.87966    88.90898
   87.54727    80.60875   136.15706    47.134148   67.887344  158.68132
   39.56558    25.037985   91.072365   37.302967  116.27008    62.24925
  135.26022    42.510483   92.028915   87.06628    82.626526   75.79599
  105.477356   67.525986  140.14725    33.65181    41.61189    60.768196
   45.802593  107.99746    70.33729    55.254894   25.277182   66.758415
   69.90432    71.752045   74.93344    47.2657   1265.8948    113.53839
   87.419174   57.250004   41.61348    44.248856   27.230816   94.03837
   41.326164   53.733368   57.30176    24.479437   52.083122   93.41432
   38.765347  141.78595    59.306515   82.03553    33.757343   29.613028
   23.559366   33.095722   35.04493    80.40518    50.13347   117.586266
   38.46625    89.8113     64.28591    57.038403   60.08597    54.054768
   16.988304   65.71701    66.29873    61.597424   68.05496    29.359228
   84.05397    41.263103   96.65229    44.35272    80.6732    109.17042
   43.904568  101.60103    32.17866    38.693306   83.88252    33.00367
   88.95576    48.007343   52.646267   68.2758     39.65223    52.924194
   68.14711   118.13944    59.829372   96.720085   78.04898    59.61274
  112.838394   96.27722    74.58748    56.26335   118.86935    26.688553
  115.976585   39.769554   98.57957    96.65383    29.619768   39.111286
   69.396355   36.212254   91.817635   47.544147   75.12994    90.79531
   94.20199    42.590622   39.539536   88.53359    56.72277    74.78484
   75.623245   63.12977    41.02669    42.788883   50.23848    24.9054
   80.947014   44.077805   68.67173   131.5753    104.14294    68.811226
   57.662914  142.33775   105.82478    57.92686    66.125534   71.2245
   88.99079    84.93853    59.50337    55.20033    25.349545   43.86911
   93.76294    72.914085   82.22276    73.61823    38.626453   31.120432
   89.74986    60.711014   55.38809    85.07946    50.07514    32.57843
   50.879078   63.808937   58.331306   65.330986   79.62029    30.23763
   30.264208  181.85109    68.443146   95.38098    74.5271     71.32108
   39.33093    25.016409  105.052734  131.94176   111.733406   23.068293
   81.756355   43.292404   75.810715   97.73962    57.785103   32.918736
   52.027515   41.47057    63.2712     41.19685    74.02231   106.73053
   57.837852   43.90912    41.65062    88.899345   32.962166   67.04802
   52.17997    58.78204    82.29792    83.740105   39.57927    73.02948 ]",0.32387062077443146,0.46215644617924234
7,1250,Transformation_Matrix_W,"[[ 0.4062685  -0.9641765   1.6870787  ... -0.39141104 -0.5491619
  -0.47367454]
 [ 1.3742456  -0.88427603  0.4916837  ...  0.44867614 -1.003643
  -2.5885973 ]
 [-1.605426    4.720039   -4.4526176  ... -2.7121327   3.1538727
   3.1424856 ]
 ...
 [ 1.5556633  -2.4385226  -2.8461828  ... -1.5654188  -0.87819725
   3.3184216 ]
 [ 0.30775508 -3.4713068   1.4254514  ...  3.4737806  -3.5147827
  -1.3301848 ]
 [ 3.9084094  -2.4114666   0.81276226 ... -2.805113   -1.1459433
   0.7797039 ]]",,"[  59.985645   95.868576   47.78902    64.42624    52.47897    60.226173
   58.27499    89.517334   45.584393  127.04619    63.65919    70.37204
  111.09655    62.69973    59.65912    94.80307    29.521635   41.38912
   63.49344    45.388268   90.588646   75.80844    49.190155   58.664394
   72.469406  118.85292    62.630978   53.49315    52.58744    65.31668
   25.142605   82.99015    88.93579    33.83463    58.415882   88.41816
   34.890614   37.52535    33.04453    67.12267    58.878548   57.71865
   45.731743   46.37871    40.82125    65.09656    36.78814    76.714645
   74.976776   63.351673   50.856014   43.70969   100.76821    52.039967
   29.759201   38.783154   43.489967   48.96745    92.63655   125.45646
   54.052925   97.56258    46.97384    35.867565   23.427605   59.42825
   60.624027   74.806046  130.64014    62.177147  107.1418     92.01865
   49.57311    44.191284   55.283825   68.178505   29.778324   34.8684
   84.04316    32.844208   43.120975   76.98611    50.002987   76.81458
   60.23909   154.53949   133.6125     48.031776   42.627968   66.88719
   52.005093   47.196285   35.557316   51.785122   34.764137   61.690647
   39.998344   64.09338    54.767853   60.11377    99.86609   108.24557
   98.943794   57.868614   38.921696  133.74629    24.323975  126.96752
   44.599472   56.24846    77.20347    57.478016   57.82883    53.554935
   64.175674   63.102943   95.242      28.625343   54.64521    98.41241
   41.07811    98.930984   39.914616   61.256145   40.68119    37.674957
   50.653446   46.269024   54.032703   30.901745   42.46257    24.271523
  121.40692    37.687004   40.371677   49.924004   57.256413   30.980148
   46.881023   40.0802     46.27738    62.160927  128.78311    47.364292
  122.84071    84.22777   124.30549    44.686256   82.634605   80.17067
   43.99783    74.63552    28.287231   94.93593    48.805492   78.263504
   63.68981    59.66001    64.04418    62.27402    87.996635   58.355133
   60.61898    27.355942   44.302956   41.897602   52.675426   28.992056
   75.05254    59.84363    63.970512   49.767696   56.567486   48.939964
   75.38957    85.601204  147.50797    85.18715    58.747658   92.13982
   60.96019    97.7249     87.31189    25.37283    40.300255   16.634535
   19.167173   61.209724   65.83388    58.749092   80.61852    16.109165
   40.72961    31.459005   57.860336   57.76625    68.718414   93.80051
   54.587444   97.449005   34.936443   57.53811    69.3804     80.05932
  103.09479    56.849613   64.59842    75.773      39.917595   74.156334
   77.16194    71.46137    23.989082   40.9174     72.80543    49.577335
   54.705475   72.246185   50.569122   59.654465   52.642673   73.15269
   31.405666   65.19394    98.29906    20.3608     69.49273    58.970993
   56.703487   45.505886  153.26532    30.549244   97.27643    62.280018
   84.8601     42.623173   94.27084    58.004898   39.313873   57.08705
   47.316566   57.587147   28.530003   56.718445   56.174324   26.988626
   44.690636   89.88742    97.21764    53.717148  114.32645    37.9637
   38.153057   38.122555   45.23623    20.712568   52.584816   75.37741
   17.62478    25.963821   71.53264   106.78931    33.581646   44.91985
  115.692924   33.610706   60.51961    41.30243    55.905514   54.435856
   34.52643    87.19347   137.10947    26.40121    57.038193   41.8473
   49.42496    53.758316   33.12008    34.897457   93.672005   78.301956
  122.59655    99.03967    46.812073   84.1794     70.94627    33.783085
   80.11366    76.725945  109.51769    56.25673    85.25549   145.64832
   71.8031     49.17454    87.161194   81.19041   107.748436   67.74105
   45.721157   67.19135    49.54943    59.802322   66.47267    27.430843
   58.086525   72.05246    27.904362   26.042068   76.1369     26.338991
   95.75912    91.23021    59.47882    40.332928   55.941982   70.3841
   73.12298    43.16694    40.55143    34.11411    72.39579    67.16809
  155.60062    58.266388   40.185036   42.290985   47.805805   56.50769
   58.027683   84.41077    53.08078    56.97954    83.77674    55.888676
   40.860485   66.31475   101.059944   43.22604    72.76984    26.575066
   38.57187    27.7035     30.897167  140.62566    60.12799    69.1941
   50.44292   104.49686    40.05814    40.53835    96.67518    40.611546
   46.87653   104.692955   32.569096   48.210823   46.638977   65.684875
   61.075886   47.460087   81.22556    31.59586    51.792946   50.032543
   60.286613   42.11241    48.51156    42.66864    82.7683     59.98474
   32.211033   65.02521   111.50389    36.68581    45.239216   69.97993
   65.41271    78.67424    59.170063   41.899696   72.04684    91.49313
   24.144205   34.34521    54.7583     75.07482   111.747955   77.25673
   49.61269    55.233807   54.478256   72.62305    54.674484   66.728294
   57.44709    56.583706   50.90572    55.08912    57.026985   48.790607
   46.250393   54.93739    63.520218  119.06975    49.010273   42.33442
   41.442272   42.676746   36.651207   53.301205  104.82264    75.46035
   60.017178  106.73775    42.1268     56.071148   67.02077    72.97229
   86.37497    35.592064  112.19777    64.80722    38.1704     57.39935
   80.628784   89.9717     29.444422   20.243624   53.0299     93.41273
   29.168053   54.907963   83.07169    46.82267    55.008907  129.47305
   34.788635   75.461136  117.046234   69.38745    56.02735    63.165176
   86.06534    39.92814    32.837234   60.71451    67.21161    51.268604
   43.80987    61.774284   64.78059    52.245724   38.2835     23.103838
  132.15836    97.24103    36.14343   103.718475   65.13105    62.13168
   38.49989    77.0636     38.045525   29.885185   32.740143  138.06023
   42.8427     89.2366    132.26558    42.99256    49.931156   44.317764
   55.503498   68.742065   35.46598    73.25026    91.81334    46.21283
   78.68717    67.52486    29.38019   100.71811    36.785866   46.58705
   75.49201    92.69519    77.745705   31.648846   43.10683    99.25769
   44.45275    76.714554   98.62244    39.692078   54.251366   78.98138
   86.747505   50.32737   126.64746    41.555576   52.975185   76.82456
   52.637234   25.191422  112.01442    54.28951    43.26384    37.75741
  111.026375   61.255882   29.341492   24.120453   58.600613   65.33098
   68.275764   67.39167    43.208267   33.116787   59.587715  163.01686
   44.490154   47.594597  172.38998    25.49877    35.520473   69.361465
   25.022295   70.24457    59.38901    69.73089    53.509705   50.120342
   56.395096   64.801674   53.260803   59.45813    87.99181   111.41263
   80.40642    66.1913     75.22383    54.29219    39.749416   97.88955
   47.654114   54.494797   72.69511    56.607185   42.705296   60.682194
   51.46699   137.26366    47.190353   53.23747    38.129807   26.374441
   26.609222   55.60593    46.327488   48.86509    73.2872     19.497976
   75.2952     29.837868   52.093792   50.084732   76.26358    78.77538
   77.353905   67.130775  109.99242    41.525967   54.3116    146.21896
   37.94798    22.176413   82.68187    38.105995   97.32408    57.49274
  119.10055    36.659126   78.9192     77.90747    80.22758    66.26049
   99.71365    61.765293  118.15105    31.414013   37.365364   56.47312
   40.56926   105.18073    60.41034    52.577717   26.335934   60.584267
   62.094006   62.693184   59.413128   43.968678 1166.0187    100.986
   66.006584   54.28586    43.345768   43.092587   27.655552   85.708305
   38.127533   47.223248   49.191475   23.486843   44.45601    86.8692
   39.472164  128.03267    52.020348   72.448814   27.996128   25.947823
   22.333702   30.586811   32.435616   77.84382    50.722363  107.25051
   37.535984   76.57172    59.1795     48.071293   55.848907   47.611763
   17.401743   56.304142   63.43975    60.918602   60.718033   29.083422
   71.82542    36.868156   91.95873    42.319023   83.4605     99.03398
   35.043106   93.119225   30.6374     35.438858   67.52178    29.99948
   81.828094   41.912426   48.88611    59.370277   39.756702   52.051495
   60.492332   97.04763    57.353134   85.42552    70.0248     58.572285
  102.45228    96.46526    72.36869    57.37097   121.42515    24.246393
   98.38522    33.176975   87.95776    86.2729     27.48564    37.4302
   61.71875    31.162579   84.57837    40.26247    72.645615   77.55836
   87.630905   39.112194   33.65511    82.36822    52.22732    68.9322
   73.83381    62.696316   41.040424   38.4308     43.540916   23.592562
   79.59502    42.907253   66.8671    119.44358    97.4146     62.07481
   52.945267  128.47221    95.07532    49.27818    54.65382    71.04189
   72.18505    82.809456   58.87945    50.754776   25.753218   39.177048
   82.45755    64.914635   72.4041     65.746506   36.354588   29.275785
   92.321884   53.980175   46.847862   77.39875    41.64848    30.783154
   48.295135   56.18817    54.56824    60.107475   76.124664   30.194967
   27.921648  161.9683     65.98066    83.14268    72.09985    70.21115
   35.010387   22.821676   96.83638   126.26642   100.14848    21.360643
   73.69009    40.119217   68.22473    91.10671    51.8541     34.0433
   50.87655    36.422802   66.51377    34.06288    64.31683    91.40814
   51.18784    44.880516   42.400425   75.248634   33.048977   62.9791
   49.556416   56.77911    69.31833    80.493965   37.13615    71.34747 ]",0.37603718500307315,0.4929296848814962
8,1250,Transformation_Matrix_W,"[[ 2.557384   -0.19474778  0.55404764 ... -0.46742126 -2.4081194
   0.51540536]
 [ 2.344807    3.4904966  -0.19358365 ...  1.6582465  -0.0261389
   3.045661  ]
 [ 0.99390256 -1.7266804  -1.282353   ... -2.0420163   1.1169267
  -1.8654711 ]
 ...
 [ 2.5524142  -0.36321938  2.2955847  ...  2.7719362  -0.64223504
   0.3084049 ]
 [ 0.74853414  1.3276018  -0.49420437 ...  1.3748822   0.44605428
   1.2768798 ]
 [ 2.8350198   1.9154874   1.886446   ...  4.7483993  -0.04049896
   0.18868601]]",,"[  67.50253    96.193      46.06376    60.747665   45.119904   61.864487
   55.94371    93.89138    49.13584   114.45883    66.56196    75.889145
  116.472786   62.401703   58.87935    90.0151     28.477427   40.503582
   71.98862    43.652817   85.91517    77.35974    51.098244   58.2623
   81.71089   109.12443    64.67195    53.522434   55.17787    67.748116
   25.076315   81.078964   90.14747    31.94383    57.277493   88.26754
   32.45852    45.64259    33.25743    70.11636    62.466953   62.25016
   41.495113   45.961853   38.10024    59.888226   38.696148   75.2392
   71.41423    69.14211    49.1023     41.38825    96.326164   49.963425
   32.166687   36.597157   45.320244   50.524006   90.81594   118.95165
   54.274532   96.42519    45.457294   39.02609    22.206804   52.87584
   55.16002    72.76687   124.679535   61.227383  101.84685    79.39129
   53.96593    40.752438   53.770092   70.255714   33.751427   32.92877
   84.20424    33.258163   46.14482    81.42061    45.120647   72.05809
   59.97627   158.1708    130.73236    49.61049    41.68384    78.530365
   55.344055   48.017643   37.46119    46.49185    33.488052   63.473495
   44.50923    61.804447   53.22688    55.352547  103.43648   110.53842
  104.620865   63.56348    40.450512  144.25406    24.285913  129.7128
   49.83316    58.07366    78.0232     50.141335   55.23851    56.511635
   66.604546   61.739285  106.424225   26.126268   49.199196  104.143364
   41.78876    85.93256    40.486893   60.743706   45.06871    37.20927
   57.8136     50.243813   56.05823    28.712217   41.934204   25.01304
  113.98599    35.636246   41.66107    54.854134   59.166767   31.612152
   47.898624   41.121475   47.59642    60.421997  130.9812     49.36624
  139.79622    96.53108   128.16046    43.960697   82.8416     81.52701
   38.797203   89.19526    25.078857   94.71023    48.625645   82.2762
   60.757874   72.223625   63.65275    60.48617    87.284      58.623394
   60.91853    30.01396    42.844467   40.448044   50.556892   31.50609
   75.960754   57.979424   59.548878   55.254723   54.2954     55.491096
   70.34054    80.65742   138.83864    88.20344    59.21864    99.74987
   66.94657    88.97641    83.24524    26.313671   40.230602   17.200825
   19.915098   60.252483   58.318203   57.129665   77.639984   16.524231
   38.18002    28.67752    57.584663   61.360947   67.85625    96.36459
   57.312824  104.39579    32.502068   61.002953   62.59252    81.09292
  101.59294    58.87692    64.40415    78.69507    37.118797   75.393974
   87.48133    74.280205   22.67902    42.98086    71.37057    51.586704
   51.24297    64.66225    51.81554    59.08957    44.9586     84.99945
   30.800476   70.09529    94.44041    21.211279   69.803085   56.702435
   54.82501    45.43134   156.65294    29.395233   88.23799    59.14587
   86.25004    42.411446   91.36642    51.868557   40.25482    62.426987
   46.387535   55.918144   29.008293   50.460888   58.937637   24.039314
   43.37335    85.83138    98.85343    49.806408  121.798874   37.202354
   37.28699    41.97199    44.33364    20.318077   52.32725    75.6185
   19.975859   24.96674    75.59189   106.66374    36.510788   44.644573
  117.96321    32.898594   54.836094   38.950905   58.10006    56.508244
   36.207012   80.415855  139.89273    29.369448   54.79078    46.95303
   50.2356     54.943497   30.579628   36.22818    82.50913    79.648964
  122.52239   106.2747     45.33892    82.99054    70.10516    37.5851
   77.57155    75.49224   118.232285   61.425385   88.51448   148.5747
   67.561226   51.61849    92.85917    89.32389   102.15018    67.187904
   47.094746   60.845947   55.005398   63.34277    69.45419    28.3226
   61.922703   67.10827    27.56302    25.402319   75.68129    25.271545
  101.55019    85.91861    66.83259    40.534492   60.241558   67.16063
   74.967636   44.432495   38.189148   34.86123    66.82241    70.10207
  148.73184    59.420357   40.982918   44.653145   45.68216    60.374718
   62.472427   77.57383    48.73421    51.498066   80.08059    55.31698
   40.527534   69.03965   118.24876    40.801533   75.973595   24.748695
   39.024628   28.284117   32.02737   129.86342    58.166218   73.69933
   46.41282    99.7138     40.125282   39.14447    93.81542    40.483845
   47.76723   104.202774   29.618824   50.569756   50.922527   64.58449
   59.938404   50.36278    94.358955   30.75768    53.18665    49.489445
   60.637672   40.6892     50.400547   45.632668   83.282715   68.36238
   27.133017   62.69631   114.93971    38.450825   46.738968   75.51125
   64.271996   67.74316    63.903797   42.50042    67.216      94.52035
   24.039747   36.364697   51.         72.29826   115.51509    76.94165
   52.601635   50.361397   54.607037   69.77164    58.68746    61.35235
   57.186363   56.942      48.419193   51.987255   52.269104   49.054276
   42.365936   52.52546    61.6749    137.58934    54.474834   41.868366
   39.44938    43.457912   36.284374   49.85163   104.22745    79.570694
   71.86814   103.859474   40.9362     60.20606    67.72366    69.26328
   85.591805   35.371296  120.266075   63.781937   38.663265   54.926357
   73.2213     82.17736    32.785854   17.82292    49.60713    87.64928
   34.588734   59.486862   80.91118    45.27896    66.899     120.722595
   35.114082   76.241486  117.60432    76.01918    56.261005   66.93783
   90.50027    42.67437    31.429327   59.13691    69.88941    48.148476
   45.317184   60.043724   57.3171     52.01735    41.381615   22.57861
  136.53336    99.294044   37.933197   92.88005    65.53447    58.373142
   38.786102   81.36775    39.972584   27.49143    33.62101   142.12398
   39.56323    90.01884   143.22829    42.26461    46.754738   42.03459
   53.350567   64.96459    38.028667   73.80455    94.25291    43.58207
   78.548775   66.22934    29.358341  102.64767    38.09147    48.334553
   68.32484    91.03494    72.89127    35.447807   36.849133  104.37178
   41.183002   77.2752    104.49933    39.58817    57.270344   80.26092
   85.68573    50.390076  115.29914    36.98393    50.918945   80.32899
   53.652096   24.107117  110.10139    51.640835   41.95377    36.413895
  110.02701    59.795753   29.16845    24.030832   57.483093   68.54622
   77.125244   73.79916    40.30497    32.700134   58.8349    158.93434
   42.65351    49.99989   178.16943    24.565805   39.092175   76.20632
   27.712276   68.742165   58.731686   69.98155    53.36403    52.65276
   54.45499    63.33705    49.39914    61.83423    86.48904   102.579254
   80.31542    69.637695   73.338844   54.46287    41.260876  101.76231
   47.67829    55.915493   78.43752    56.197075   37.306244   52.075706
   48.83359   144.14484    46.008396   51.21908    41.001125   25.45063
   26.73779    57.677097   45.96299    44.27428    71.62195    18.40521
   71.476      28.791962   52.730747   48.514454   77.82452    79.74187
   79.09483    71.60214   114.72202    40.094086   62.834717  147.89752
   37.238895   23.121454   81.93443    34.353516  106.31697    60.366047
  112.80807    32.583466   72.928894   74.03416    74.91299    66.22089
   94.958694   58.9358    121.56867    30.295254   39.772667   60.05765
   37.893406   98.36123    55.591305   50.178852   27.730135   64.583275
   67.642845   66.041794   66.343376   45.54246  1059.0781     94.090324
   67.31687    52.269154   41.29862    42.482117   30.320852   91.3089
   40.23652    50.960644   55.368935   22.006971   51.25961    83.4835
   35.26995   120.958115   54.43942    74.680954   29.879465   24.944397
   22.311722   29.735992   33.43341    67.19743    49.800236   97.51606
   35.165295   85.35482    56.289387   54.83301    60.13612    48.757603
   16.224735   54.38019    58.031437   56.380062   57.50393    26.632523
   75.372635   39.64267    92.09581    46.47342    80.40196   104.836624
   36.19334    91.45448    34.343624   37.802063   70.593124   30.106148
   78.03875    41.977463   44.629345   60.114586   35.953476   53.53574
   59.41406    93.99441    59.703564   87.3864     67.88707    55.26755
   98.10939    91.5535     70.059654   55.981525  118.51257    25.885767
   95.07933    32.743645   86.898766   91.700806   27.933748   38.781853
   55.11156    28.868269   84.00335    38.562977   73.46358    74.33167
   83.07934    35.940575   33.51687    80.012825   55.188347   70.22094
   69.34045    60.899235   40.28153    40.632736   48.051205   23.44931
   78.24651    41.578148   62.170723  114.84834    88.774      60.300846
   50.388016  115.89673    95.23338    52.28573    59.903202   71.40906
   82.89361    80.70545    62.255398   53.49325    24.734318   40.988377
   86.5575     61.723797   77.32381    65.26011    35.70206    26.093954
   85.76228    54.683884   45.36239    79.80056    42.36191    34.259113
   46.469936   58.201694   50.041386   54.775658   76.652084   29.462791
   29.639614  158.87541    61.894543   94.98566    68.30809    66.947784
   34.27548    22.482027   86.62981   113.23607    86.13481    21.504435
   71.66379    40.94808    66.65733    84.65378    55.47761    31.091444
   56.17922    36.598465   59.797535   34.41132    68.652664   97.123375
   59.15175    38.653965   42.28059    76.81566    29.288092   62.15391
   50.91572    56.072952   64.188225   74.57005    34.747314   68.66065 ]",0.3826444376152428,0.4948088130581877
9,1250,Transformation_Matrix_W,"[[ 1.1375818   0.45532516 -0.09232764 ...  0.47348702 -0.809793
   1.2486191 ]
 [ 1.217631   -0.6427857   0.58631533 ...  1.3366768  -0.7122507
  -1.3269436 ]
 [-0.5935785   1.2735364  -0.6430262  ... -0.22097091  0.68876714
   0.9500339 ]
 ...
 [ 1.1041869   0.16711862 -0.29677886 ...  0.9700379  -1.4043635
  -0.3160475 ]
 [ 0.18494463 -1.4786128  -0.14563803 ... -0.7076634   0.74468803
  -0.76153845]
 [ 0.2739752  -0.6065891  -0.46003163 ... -1.1469349   1.0378828
   0.48824635]]",,"[  64.13928   100.32055    53.46919    60.31453    50.63168    58.55045
   57.445705   96.74203    46.792847  117.346275   62.02406    72.47208
  108.441086   70.48506    64.19539    96.96699    31.784353   43.49981
   69.308136   44.94782    94.99508    83.05819    52.86628    63.764065
   81.198166  116.87795    66.28346    54.545937   45.15791    75.64579
   26.061079   77.76438    99.58511    37.12564    66.12083    91.92356
   34.97934    42.334587   34.223793   72.687225   60.786972   64.272934
   47.12102    51.508118   39.01614    62.738792   37.69149    76.25597
   78.05314    63.329437   50.59173    45.32352    97.330215   51.616215
   33.38006    39.836582   43.419914   55.616882   92.0607    134.78864
   60.28973   101.23831    46.54182    37.4131     24.428682   54.61936
   59.87645    80.89428   145.57954    63.502987  113.64513    91.76348
   57.29702    47.909126   58.367065   69.7963     33.016052   31.752916
   83.7059     32.68411    48.54856    82.076294   49.846317   71.519394
   59.25943   169.38464   134.97032    57.402203   42.526386   75.085175
   45.533936   53.544895   39.6006     53.50782    37.0094     64.95255
   43.044075   73.037766   55.007748   66.15216   108.687935  120.61716
  104.83777    63.563366   42.465458  144.68832    28.511862  138.9415
   51.895504   57.91194    77.633736   52.012875   61.610527   50.066822
   74.09997    65.22355   106.8225     27.632914   53.513035   95.775085
   43.849846   91.70498    40.24481    54.269966   38.889507   42.351025
   54.30252    55.480602   56.22312    30.632433   44.30261    24.654535
  124.08509    38.99806    40.111256   51.593098   66.674065   32.922028
   51.372875   43.819912   47.76794    57.83317   136.98279    52.185024
  139.27316    89.66755   132.96515    48.031574   85.404366   82.86603
   42.431164   75.66826    26.894596  103.22863    52.917786   89.95003
   63.483826   65.08311    70.14436    63.907013   85.14384    60.753853
   69.044106   28.288885   46.30615    42.876797   54.384167   34.99031
   80.372505   70.14408    54.411263   54.33728    56.21479    55.867718
   75.924774   87.22671   148.25888    91.36345    57.548687   99.53829
   69.758415  106.88638    83.83104    26.535938   38.867325   18.917648
   19.247652   59.334644   65.205376   61.596336   80.3439     16.873474
   46.06324    28.65472    56.746555   58.65759    70.443146  107.35017
   58.778854  114.568085   32.82321    61.376247   66.76744    85.474724
  107.162186   67.25869    64.3688     81.35543    43.71116    82.349815
   75.29827    77.60977    24.594395   47.421436   77.404      53.83276
   54.91313    67.99438    53.227516   64.87116    53.53484    82.06182
   32.54709    72.31384    99.452126   21.541348   60.913048   58.11199
   61.78184    50.260174  158.05853    30.31788    96.53563    61.210476
   91.3651     46.787796   85.601105   52.830418   40.841106   61.298027
   54.01224    59.742447   27.744318   57.540672   58.958523   25.759048
   40.07558    90.633804  100.14611    55.87462   112.909874   36.31702
   38.866318   43.157845   46.519543   22.211462   50.056065   69.95706
   22.09534    30.644175   75.71162    96.83859    34.48889    51.3032
  113.04524    34.692818   58.63225    45.213      56.294704   57.45526
   34.27157    85.37271   146.99243    29.771452   60.084972   41.98262
   49.649773   58.27347    34.59288    40.543907  100.42272    75.076355
  128.76863   116.21772    44.246548   84.479836   77.52153    38.086708
   80.00611    84.160706  118.85259    56.292774   95.142235  155.52312
   67.175674   55.62206    86.14738    85.13096   105.57513    68.31467
   53.08521    62.413464   55.905804   63.76476    69.04065    28.73434
   61.77206    74.413124   31.928083   27.975868   85.45875    25.304907
   94.92042    87.27204    72.56794    42.660374   58.059917   78.04868
   82.79445    43.360878   41.276207   37.15952    75.33259    63.908943
  173.64362    57.142612   44.17586    43.032555   49.325096   64.82353
   61.254726   81.73996    57.868587   56.13017    89.35121    61.57331
   45.002422   68.68348   117.12398    44.01485    73.145454   26.26185
   39.40535    31.737566   30.98956   145.46199    54.869545   76.662384
   47.831562  118.30287    45.078163   46.232327   94.68464    41.77579
   46.28086   101.81725    29.153534   54.771915   46.52749    66.96549
   63.23711    56.515957   89.39942    34.165764   58.747673   49.524647
   62.67399    43.543392   52.649906   50.440166   78.02738    63.64214
   29.79527    70.87124   116.18257    44.810623   45.31303    72.28472
   71.0369     77.079834   69.055916   44.577362   72.4751    105.154785
   25.452244   38.168922   49.365623   78.57412   115.261505   88.97093
   52.106903   53.536377   54.743828   84.655334   60.196648   76.65652
   68.9697     58.308456   49.131454   59.488888   61.06262    55.55775
   45.90965    57.753956   58.743046  125.32065    53.21197    46.043766
   41.41293    47.281567   38.54807    58.76273   102.49286    78.42917
   68.08584   104.5421     46.54139    62.55738    65.77915    73.50772
   96.15039    33.867218  114.212234   65.21311    40.178577   57.440258
   84.880104   98.374954   32.551357   20.408628   62.570442   97.69947
   28.959883   64.03688    80.1153     47.89927    56.343494  136.5612
   35.554947   77.785126  126.27074    79.5646     63.441154   65.12258
   95.51448    42.84675    34.69235    64.32043    73.98653    54.070835
   48.9255     58.65781    66.474495   49.919815   45.113884   22.62545
  131.83356    98.37029    41.17497   106.564835   70.262695   60.3554
   38.06796    83.32149    41.62196    31.816666   34.546715  139.00546
   38.659496   93.93114   137.30789    42.90537    52.739105   48.170494
   61.427727   73.62059    38.274677   82.57311   100.84221    40.928696
   86.69381    66.91166    27.07201   109.68583    35.216656   47.359585
   71.99484    93.91331    68.465034   33.79865    38.253624   95.80424
   47.40908    74.15121   111.32584    40.63416    53.873264   89.455444
   91.069595   52.33373   116.33267    39.855286   60.89536    82.12413
   51.361347   29.497223  117.78732    51.891277   48.02876    36.8754
  116.05822    65.13323    30.685081   26.222118   57.00687    74.9592
   80.69653    72.86467    47.334316   34.5556     64.700836  183.62419
   45.222588   51.894917  180.99242    26.597372   38.06045    72.9388
   29.147358   67.85814    62.635113   73.334145   55.154015   56.535873
   58.962933   68.70622    55.769123   57.441124   89.7998    108.774055
   84.463066   66.69058    72.776      60.991764   40.423508  104.465935
   48.932133   58.936043   82.95444    57.95889    36.242283   54.190403
   50.35183   142.86516    49.969685   58.160095   41.495754   28.831837
   27.612509   59.379692   46.73451    46.719273   69.394554   19.845789
   73.369      29.518208   53.22761    56.160282   77.561035   88.003746
   78.59992    74.69679   119.84429    44.777714   64.07307   141.6708
   39.037003   22.198246   86.79042    37.354195  110.28523    66.130035
  131.3576     33.58813    71.24569    75.70394    83.623726   67.14783
   96.169      60.541996  137.11765    29.973356   38.253075   60.358387
   40.475346   95.18902    56.714706   50.820656   28.641014   65.35276
   68.25667    67.81026    64.30953    45.500366 1113.2826    102.494064
   71.50724    57.457474   36.549507   40.926926   28.018448   89.089836
   38.828667   50.113235   51.5322     22.854822   46.37836    74.93303
   39.475853  137.27625    54.62371    73.75531    30.83211    29.48094
   23.520626   30.034721   31.344711   76.96172    53.845303   97.180405
   38.226105   83.60388    58.50355    48.25731    59.117588   50.838154
   15.77315    55.4267     66.67575    58.843353   68.69827    30.333036
   76.93843    38.42884    90.79157    45.831375   80.2471     99.97412
   39.082596   83.93465    32.271107   37.056465   67.97191    33.72593
   92.44048    46.548668   52.393227   68.27236    38.979435   54.13219
   62.10217   103.57924    56.262608   89.856026   76.52728    60.857117
   92.01534    94.61924    85.6099     58.702045  128.37062    23.88896
  113.58955    31.825802   90.32772    90.87872    28.39856    39.107048
   59.040104   34.79457    92.6199     40.4048     77.989006   77.75906
   82.05005    36.40874    35.994755   92.97286    55.827965   70.94225
   69.99107    60.452538   40.76584    42.222904   45.51602    24.824518
   84.99134    45.788933   69.38614   115.19694   109.526375   66.08776
   48.238552  127.570045  103.6849     52.01104    61.46571    74.15128
   77.56311    85.754654   55.605423   54.891434   27.529531   43.43152
   86.17746    76.198006   76.04006    70.40156    35.16566    30.302975
   97.26503    53.704098   52.339775   76.81629    44.863255   35.291992
   48.43262    61.73515    52.59761    68.76641    75.504684   32.57468
   32.510525  164.36783    68.85371    86.82394    64.745865   77.06252
   37.0534     24.065577   98.682045  130.12068    92.880585   21.493277
   76.89359    39.57272    73.735      75.45181    57.062836   33.938446
   47.95432    40.104412   62.564182   37.510246   63.00987   102.28415
   54.99058    40.512257   46.392967   76.127045   32.507317   64.196526
   53.886898   58.530346   64.04387    91.911705   35.643444   69.49881 ]",0.36485863552550707,0.4831727562284587
10,1250,Transformation_Matrix_W,"[[ 0.825838   -0.3324121   0.5440254  ...  1.8118298  -0.6516638
   0.38656068]
 [ 1.5395172  -0.26151955  0.6151417  ...  0.5813298  -0.23982848
  -0.70848536]
 [-0.10278305 -0.57383513  0.6746349  ...  0.20238861 -0.18885183
  -1.0874778 ]
 ...
 [ 1.4756019  -1.4911498   1.1107167  ...  1.547636   -1.1224837
  -0.2718147 ]
 [ 0.17525811  1.1160164   0.36882815 ...  0.39237973  1.258913
   1.0964143 ]
 [-0.33842662 -0.1958544   0.73883826 ...  0.85967666 -0.55489784
  -0.6385118 ]]",,"[  69.95812   100.36981    53.74304    61.54185    52.62863    58.418743
   63.760468  101.4837     48.526012  116.19363    64.30683    83.03038
  112.90189    68.109085   71.20919   103.14666    32.426136   39.978527
   69.00739    45.278847   98.11136    83.714745   55.37651    66.95797
   82.66837   115.84613    71.9615     57.80656    49.799206   75.639755
   25.33621    78.27785    89.28247    38.828564   67.087326   97.81988
   35.319344   38.388023   37.979523   70.95761    64.72333    73.815
   51.600677   49.385117   36.796837   71.18596    34.906494   77.69691
   76.08181    71.37329    54.022778   46.227406   97.343834   56.04625
   31.514282   38.797047   47.839554   61.030388   88.17291   127.30771
   59.708733  102.8814     51.71537    36.91016    25.328182   60.17847
   58.664555   81.585266  147.30582    68.97723   119.59149    88.62135
   52.109665   48.89695    59.91693    74.9012     32.831093   34.004284
   81.61168    35.571274   45.447422   78.84044    46.603333   73.86324
   61.664192  175.05688   147.01614    58.035255   41.083805   78.17479
   45.968437   55.024006   40.33598    58.515972   36.366955   65.69973
   47.231915   65.214966   56.25546    69.33954   113.63434   119.302864
  121.60794    64.48382    37.26974   133.69041    27.998955  147.80765
   51.97396    55.16508    82.82562    59.87803    62.626686   56.59759
   64.44115    68.67042   112.02268    31.321377   54.136543  103.47345
   44.23742    95.58167    42.348595   60.40555    39.753395   42.778557
   57.051945   54.826904   54.69834    30.200882   46.217323   22.73505
  123.32666    38.473316   45.868416   51.312283   59.964035   31.756414
   53.718475   42.156445   47.953304   61.6601    149.18457    53.927876
  133.27882    84.32636   116.37504    49.60686    95.47342    87.101585
   43.527798   77.87013    26.609268  107.95841    52.786697   87.907875
   65.540726   62.11485    71.08174    57.83373    88.58063    61.940273
   72.43703    28.312286   49.012337   41.554188   50.114815   34.580204
   75.72265    70.63663    55.843914   55.80643    56.35766    56.636642
   81.553215   88.15659   147.46732    90.6487     63.247337   97.681435
   67.7421     97.25098    90.679726   29.204529   38.122776   18.394827
   18.141008   61.789757   69.72192    65.14132    77.65161    17.308619
   42.88166    31.221275   55.84964    60.21585    68.059166  123.18738
   57.697144  110.97935    33.88768    63.577824   63.302788   88.841125
  119.94917    70.699715   67.58986    89.83879    44.400753   82.83374
   89.78654    80.90523    25.792618   43.54279    76.73079    57.623367
   54.25116    72.67779    51.28234    65.30688    52.86263    84.49241
   35.10314    76.9581    102.66281    22.071327   67.60973    63.58363
   62.73923    52.354214  158.81401    32.12546    98.437744   67.592125
   88.67431    49.92158    89.07151    57.077267   42.74253    65.572685
   50.95549    56.827938   29.839533   56.379982   57.93589    26.130844
   43.551376   96.2621    101.170265   58.851753  114.93726    34.91072
   35.681976   44.371986   47.767204   22.71468    51.537468   77.13428
   21.316717   32.923428   75.234215  111.999886   35.65092    48.730045
  109.18959    35.51199    58.460903   47.276367   59.479454   60.57252
   36.276207   86.58549   162.18268    31.559952   66.40774    47.045692
   49.011143   60.2587     36.112923   41.822388  102.04725    75.2129
  144.09705   120.69331    47.248466   82.53331    76.10064    40.83956
   73.5656     77.95259   112.11292    56.589764  104.49777   143.82315
   67.324936   64.17897    81.803635   89.86003   121.57428    66.87861
   52.16638    66.267715   62.241734   65.889854   67.65693    32.007053
   63.785713   73.19701    28.387405   26.622744   78.423225   24.489592
   90.721794   89.74283    76.56099    42.818737   55.220306   73.114426
   79.25499    45.249725   42.129272   37.593082   79.58716    65.333534
  168.19205    58.34385    43.68265    48.47936    44.3522     59.378796
   65.77196    87.79813    57.217663   55.25413    92.157265   62.315224
   46.064022   70.39366   111.86029    43.183823   73.83436    28.888184
   40.154522   33.048553   33.156677  151.52296    57.72678    80.66268
   51.850082  125.960045   44.70878    44.896564   92.455345   44.853077
   48.905582  109.86198    31.656225   62.27908    52.25501    72.77407
   63.112785   50.463715   93.3146     32.61511    66.15507    49.453903
   60.016296   45.518734   57.26399    47.867733   81.3742     64.439865
   31.129913   72.533875  115.25696    43.32823    48.73108    72.85228
   73.16898    83.07106    66.872765   48.468906   73.10534   101.06629
   24.402897   37.60484    57.564705   87.29074   122.80156    89.784805
   56.25565    52.672733   59.640953   81.864914   69.74159    69.34127
   66.563896   62.594425   54.97975    60.78625    59.912743   57.74209
   49.37275    60.86751    61.660942  132.00232    60.042057   46.50816
   41.097958   45.804653   40.263702   59.33882   107.489456   85.64008
   70.3554    113.119354   42.353035   63.051838   66.034035   81.04263
   89.73474    33.46557   118.97214    67.2464     39.12287    56.67213
   86.17517    98.697975   34.016186   22.042393   62.503426  100.63974
   28.517214   62.748768   82.15922    46.14348    60.582203  131.04411
   36.27525    86.13405   133.02243    73.974365   64.69074    66.554726
   96.115364   43.321712   35.593113   64.0948     76.68293    58.56854
   48.180733   62.59658    70.77217    51.16402    45.741787   22.979744
  137.05437    90.37614    39.484516  107.33058    76.47611    58.05964
   37.38999    81.0053     38.300236   29.111517   33.473927  135.35333
   40.425175   99.60263   137.80438    44.37392    49.591286   54.83166
   62.691025   70.44362    35.999893   88.68467   107.975525   43.10827
   90.93421    68.99161    26.812113  115.69966    39.421394   47.910263
   70.58619    92.2032     73.31803    37.421436   44.36199   108.623604
   47.75905    75.81004   108.41546    40.722183   54.433228   95.79195
   99.97982    53.188454  129.29555    46.287437   61.427162   83.93192
   54.912865   27.946943  112.38577    54.393867   47.73185    40.332638
  124.52891    71.22125    33.28931    23.476032   64.362564   71.076965
   75.46233    75.098495   43.600925   37.848076   70.46785   189.97916
   45.711124   52.296715  191.05473    27.000107   39.49004    72.54919
   30.751577   71.97462    67.39047    73.1556     61.726566   55.91719
   63.964016   64.536804   49.47561    54.269573   95.45863   110.57213
   84.87343    68.86594    79.4941     61.036407   42.278233  109.571495
   51.128033   67.33016    74.51864    65.65563    42.82436    58.96437
   54.984673  152.61435    48.73201    60.04862    45.163364   31.639475
   26.401394   57.812885   47.920883   50.959686   72.32738    21.21703
   77.39803    28.567501   60.771595   54.5414     82.223206   97.36454
   88.17054    70.96827   117.510506   47.7151     65.07012   136.61804
   38.911636   24.82646    88.51436    40.48959   100.66925    64.23374
  122.741135   36.30958    76.013      79.426735   78.532196   71.56597
  108.21405    64.902466  140.80316    32.432423   43.373035   61.312412
   41.503162  101.855415   63.062443   55.3082     28.45264    67.99949
   67.46401    66.12715    62.67169    49.186474 1310.7543     99.7598
   72.721985   56.71438    38.926697   43.97215    28.517353   94.74558
   41.535397   50.820324   52.95304    23.670322   48.350132   85.29831
   40.97302   138.13307    55.94063    78.21568    33.108566   26.261307
   25.308237   31.855928   34.56462    75.119995   54.578693  105.494225
   36.875282   90.25605    66.241875   51.36838    57.782288   52.40611
   17.172459   62.085545   67.381134   61.79151    68.12344    28.67799
   80.00014    39.863567   92.731224   42.347366   85.48297   105.82995
   37.515167   95.8486     32.773445   34.385788   68.03884    35.433384
   93.34675    48.01297    45.99183    73.66354    36.997643   55.86628
   59.75173   117.11003    59.03138    91.89124    70.30214    61.138405
  102.50573   103.51455    88.815994   56.366047  128.72527    23.748966
  115.5633     35.036087   91.53213    93.41248    28.786995   34.116665
   61.133846   34.57293    89.47793    38.672264   83.44335    76.22883
   87.043434   37.99401    36.77345    95.63444    60.121784   70.5342
   75.17428    64.61073    41.966194   42.16672    45.6944     25.487219
   82.905785   45.69694    71.29502   124.50405   111.0825     70.87025
   55.392395  139.37355   106.60046    48.82587    64.02359    71.52294
   79.00432    89.11105    60.120853   57.418396   26.889986   41.803116
   81.8368     74.032196   82.739265   71.38719    40.014755   35.22715
   93.55803    55.30759    57.758076   78.068565   45.212437   35.79541
   52.971287   64.35245    56.27785    65.735596   74.8833     31.323301
   33.612698  166.52386    71.89014    88.889175   65.63725    74.28096
   37.602196   25.46743   105.08376   137.26111   102.094444   23.85725
   80.78689    40.24188    68.53652    84.768486   52.469906   34.751663
   50.88391    37.417145   65.739174   36.922512   66.38284   100.54093
   56.795513   40.276325   46.753643   74.13956    32.840393   62.462593
   57.140305   58.548798   71.81565    95.7308     37.31378    73.1888  ]",0.34968500307314077,0.4705401547710784
11,1250,Transformation_Matrix_W,"[[ 0.04369783  0.1889476  -0.4818377  ... -0.45648083 -0.39437482
  -0.15372778]
 [ 0.99135774  0.4822411   0.12416595 ... -0.2581375   0.22363202
  -0.2526568 ]
 [ 0.1458232  -2.1704676  -0.1608563  ... -0.26361823  0.04207558
  -1.3208513 ]
 ...
 [ 0.23595606 -0.8658824   0.76201475 ...  0.84907156 -0.7227738
  -0.81461734]
 [ 0.27567005  0.24893449 -0.03372916 ... -0.75615436  0.7145647
   0.9309621 ]
 [ 0.62589985 -0.37396273  0.20803942 ... -0.6148222   0.07284273
  -0.24763787]]",,"[  73.0101    105.030846   54.422794   56.80158    47.863056   54.482388
   63.169563  101.80198    49.836246  120.27073    63.29071    71.88194
  106.58179    66.13561    65.24001   100.09798    30.461483   38.329277
   71.38323    44.71863   103.56188    84.814575   56.485302   60.986073
   77.95048   115.4594     68.63384    59.158722   52.121555   75.09141
   25.957878   73.14053    91.9901     37.316753   63.4278     93.87236
   34.89968    38.853947   37.06453    66.29593    62.625595   64.962326
   49.84638    50.66254    37.80914    65.29401    35.05253    79.96884
   80.2955     67.398506   54.315258   45.417763   96.11102    50.92724
   32.80148    37.430958   51.88424    58.070072   90.017265  119.89052
   55.814915   94.29028    51.117718   33.566525   23.978333   59.739845
   61.227047   86.33824   150.81256    68.129     117.286514   85.69453
   45.744995   47.932648   58.890194   66.588875   31.629599   31.361856
   83.00192    38.698177   46.965576   85.12559    50.489338   78.61354
   57.27063   178.49359   141.17001    61.891964   40.72212    75.84778
   45.933384   55.470062   40.227882   57.604443   37.436176   66.01192
   45.48358    67.58621    60.71764    66.43371   105.416016  119.39671
  118.41368    73.00875    40.23737   139.95798    27.512909  147.6783
   53.45307    58.772655   86.84504    54.177612   61.28875    54.849472
   67.378716   61.70722   124.250114   27.735579   55.87071    94.60947
   43.932167   86.12408    43.02173    63.925625   40.885353   41.431187
   59.72288    53.688225   59.65964    29.981897   42.665775   22.85435
  116.11723    40.35285    44.310944   50.203537   63.285763   31.376892
   53.065197   43.325226   43.934097   65.638794  142.61378    50.81068
  140.25385    83.222916  115.31922    49.935623   85.02257    76.138596
   41.08092    84.07095    28.686657  107.67853    47.10523    82.48082
   63.941967   59.449944   71.19425    60.083538   88.57372    60.804546
   76.25836    27.093288   46.32677    39.77348    49.733204   34.37634
   71.418076   67.864365   58.849426   53.719364   51.52841    54.981155
   80.385155   80.42532   133.6364     86.22022    62.519913   96.85328
   67.06511    95.19404    84.81209    26.117231   38.35752    18.093496
   17.869665   65.536285   68.131294   62.31643    76.76643    17.953642
   42.007668   30.062258   56.30782    54.00593    71.23936   112.37667
   59.723476  117.01826    31.318169   55.57323    57.434547   83.05642
  107.42166    62.2808     68.24068    79.22328    43.07344    84.41185
   83.63752    80.50995    26.365398   41.31401    71.23249    57.281345
   54.466408   68.94589    51.542603   61.535267   51.845726   85.462685
   33.41829    74.81211    97.43625    21.162077   66.21372    54.52259
   59.749676   51.463257  171.96913    33.253147   97.53065    65.52633
   80.581604   49.205      97.60799    56.721684   43.067654   65.442795
   48.82088    61.30584    29.22667    60.273365   55.845913   24.457346
   44.78909    83.80365   105.4012     54.936848  112.87687    34.373123
   37.04483    44.11596    46.731346   21.759438   50.626034   76.68968
   21.19525    31.970354   72.87867   113.144775   37.284267   49.28673
  118.05257    33.358406   59.478676   46.192333   57.000626   62.912643
   36.314384   76.934296  139.7129     29.073475   61.078346   46.393105
   48.20804    63.88824    36.695072   40.672127   93.27689    69.653435
  141.14772   129.71146    43.17609    81.988      67.703636   43.339027
   73.08199    77.907616  118.13624    58.33729   101.37421   130.11107
   68.63611    63.16421    78.60227    83.58582   109.496216   65.456474
   51.109623   67.34566    59.573925   69.45952    67.194626   32.204514
   57.442444   72.709045   31.443993   25.559227   72.22623    25.687714
   89.4461     82.50664    75.76033    42.31251    59.439827   64.96412
   86.590485   42.29043    39.034554   36.415394   74.229996   69.34852
  145.73209    62.54798    43.6875     45.25821    40.319717   63.694744
   64.249146   93.24542    50.48197    55.00827    91.51298    59.983818
   44.253838   71.30388   108.91422    42.485443   72.653275   28.069296
   37.079464   30.773472   32.847572  140.3713     52.733864   79.44157
   51.266785  124.04831    45.193024   42.37622   102.268845   42.566673
   47.75507   103.85682    31.778461   56.443783   51.176727   70.99875
   64.09185    55.22607    92.41203    31.570747   60.582535   46.228546
   61.738182   44.06406    50.680603   46.430595   82.964386   63.144264
   31.737268   76.40398   120.069336   47.50106    47.831146   71.99411
   65.44576    82.28288    62.91221    42.804432   68.75779   113.87351
   26.409105   36.425976   50.805565   85.86634   120.63272    93.17232
   54.308598   53.00103    60.91265    86.84899    69.20594    72.59741
   65.42891    60.966232   49.622616   57.755005   59.99541    53.63046
   45.15851    58.53717    61.665264  131.28503    60.01129    49.338287
   41.89538    41.17594    36.46944    58.16184   100.02919    74.069244
   74.88546   108.97538    44.714363   59.162815   66.820076   78.61881
   87.618416   36.020584  118.01312    65.46376    41.930367   51.000732
   86.78683   103.93091    34.056538   21.2877     63.058846   97.58671
   31.890978   59.89638    79.42107    50.265087   59.006817  129.704
   38.245705   78.10663   132.56485    77.420494   66.63184    66.70084
  103.666695   44.122025   35.779057   68.36469    71.127945   50.454247
   52.398396   59.42609    66.59426    53.50351    43.948864   22.396744
  139.99791    92.368706   34.894157   96.7839     72.74523    58.284485
   41.821575   80.471405   39.025143   29.143555   35.676395  133.83308
   39.64249    96.33457   136.01099    42.330017   45.15259    52.508823
   61.29456    67.08561    34.49644    83.341736  110.7043     45.897015
   90.01378    65.483955   26.960962  124.690895   40.053383   49.00062
   69.797226   90.463585   72.23388    40.133377   38.906437  101.68814
   48.86342    76.667984  100.70848    42.86507    52.214886   91.93356
   96.704124   51.81805   118.70514    42.336384   58.93493    83.68512
   50.462543   27.145584  115.13213    52.094376   45.943096   37.079468
  119.61754    62.391624   31.23074    22.552889   63.97994    65.462
   76.68747    75.71049    47.118355   38.134045   66.16913   181.30959
   47.271374   54.48575   172.04498    27.407412   39.095924   74.43424
   30.049334   67.06311    66.38979    65.822464   56.52324    55.305798
   61.64906    69.20227    48.059467   58.057552   99.3806    114.040695
   81.83341    63.424274   78.759705   62.439137   43.322567  114.65301
   51.045826   61.390575   79.12813    59.499897   38.03754    61.38225
   48.10242   148.43687    47.385014   60.828545   43.80743    31.96987
   26.452034   60.192253   47.483574   49.535957   66.40384    20.609898
   78.41513    29.209797   57.181107   55.0254     74.01858    93.31366
   90.26178    61.65692   114.7977     43.474182   69.446724  132.13828
   40.93702    23.465784   86.74651    37.417828   96.75491    67.70641
  124.87102    34.983616   73.89191    75.003654   86.34192    69.90658
   95.17011    56.82214   132.41975    28.27746    43.085697   57.57528
   39.357437   95.94123    65.01022    60.44967    27.821377   66.64054
   68.21724    65.67901    65.40933    45.66781  1333.5164     93.146866
   67.83805    58.43844    39.200363   41.369102   28.874065   85.44717
   45.489975   55.379734   49.78655    24.030947   47.243824   88.44659
   42.39055   134.90712    56.574917   75.118996   34.162613   28.41603
   25.331856   31.739998   35.412346   73.4117     57.903343  102.48468
   33.71312    82.88283    58.215706   48.546352   56.03999    50.714066
   15.835897   60.574898   61.31605    59.60545    70.9802     28.315056
   80.3333     36.9914     81.83318    41.573055   78.60111   110.21447
   34.74989   102.13919    32.814053   34.334705   72.94257    35.65321
   91.908806   47.003906   47.126766   68.690125   39.995987   54.8679
   63.721252  113.570206   59.43068    94.286125   69.95402    59.265675
  100.62403    96.08811    88.40251    53.31119   122.400475   24.746883
  112.88398    37.32285   101.758026   93.50067    31.162615   32.728596
   57.457947   36.05754    89.00593    37.906094   75.34126    75.43729
   84.82311    40.515236   39.769375  100.42665    56.83176    64.29105
   67.96772    67.15395    42.749416   39.48198    43.232502   23.202753
   88.927284   47.19657    63.545708  111.51109   102.16046    70.21214
   54.1314    139.53001    98.11176    47.95073    66.52956    78.31024
   77.33539    85.13319    62.09067    61.53196    24.549694   43.06254
   81.30928    76.27919    85.49696    68.13285    41.11385    34.659706
   99.489586   52.038807   54.871502   73.75351    45.45046    35.789852
   52.036842   62.16617    55.234062   66.56747    73.525665   28.304888
   35.88734   166.72481    69.52754    81.95505    70.51966    69.72895
   37.736004   25.382154   99.35055   142.7606    103.80484    22.671635
   76.27845    39.174915   66.62904    85.528275   48.867702   32.74229
   52.700634   39.774704   58.74711    36.77412    66.1699    100.34424
   57.452206   39.96319    47.411713   73.76201    30.211527   58.108696
   56.546696   54.153095   66.43767    91.97971    38.171703   70.18606 ]",0.3723494161032575,0.48710836298049814
