,Images_Per_Label,Train_Data_Size,W,Residuals,Classification_Accuracy,CLS_Cosine_Similarity
0,inf,3008,"[[  2.962714    -5.542011   -13.562108   ...  -3.1837597    2.047001
    3.1812959 ]
 [ -6.7487717   13.803464    -4.817256   ... -10.437822    -7.859292
    0.43817234]
 [ -6.1457148    2.3329175   13.81947    ...   9.688205   -14.308396
   -0.5666385 ]
 ...
 [-16.96563      3.03595      1.3282294  ...  -8.280682     8.618349
   -0.6863362 ]
 [ 11.297538   -11.20063      3.7996442  ... -28.619835    -3.0918648
    7.6576524 ]
 [ -5.931017     2.645749   -11.302088   ...  18.831139     8.385735
    1.3230647 ]]","[113.73824  127.71088  107.77397   95.61182   94.08359  109.96956
 106.101654 149.8061   136.4266   124.16093   81.762924 132.19225
 101.36754  112.84891  116.06086  109.84616  131.66673  111.05357
  93.03084   82.620026  90.98583  101.93305  153.02802   99.92623
 115.33954  111.2015   115.88583  111.289856 116.21378  118.38293
 126.858536 103.994064 111.64874  106.24902  123.81819   91.64662
  98.661545 109.62466  110.846634 102.37996  123.84198  118.55745
  88.25034  104.39369  112.34575  123.45285  153.51271  107.78907
 165.01456  124.88466  120.34632  109.54061  114.17011  138.28549
 110.355415 102.36334   93.24947  183.28201   90.49329  102.2695
 128.76111   83.20908  119.41999  128.14221   94.47539  112.894806
 134.38393   96.329    109.994415 133.77283   92.13902  126.077194
  85.07795  103.564705 121.98415   97.21475   92.40666   96.1569
 116.12299  137.59592   85.93137  152.36812  108.35758  116.074326
 114.47631   94.255455 113.976494  96.68103  106.596214  95.57311
  81.670654 109.609566 107.892815 145.68939  115.618195 145.2687
 127.725746  89.556114 120.313805 122.32838  129.80202  100.94445
 145.21172  106.526     97.0778   121.906    163.96494  129.68698
 105.70292  118.62344   97.42988  106.08095  142.5178   116.001686
 129.73125   87.65882  160.46437  151.6797    90.69599  149.93002
  88.272316 143.3882    93.51149  101.475914 139.95525   97.00819
  70.75267  141.46475  112.63427   98.15203  127.612595 123.33015
 115.10872  107.83805  117.68191  119.36181   90.803696 115.71569
 146.47331  117.69395   98.78479  103.507545  92.75903  135.4548
  93.85112  102.00968   84.783936 105.042305 120.64946  101.086395
 106.99749   86.99999  140.55339  105.42724   82.97234  108.282776
 119.58481  108.31064  110.731674 164.42006  109.61852  116.63529
 143.81705  126.69926   94.72951  126.25874  107.13186  154.39049
 114.407074  89.1111   107.38363   96.23424  105.72711  156.72932
 116.02822  125.9504   120.37778   95.9681   130.12364  124.34837
  90.09614   84.343445  93.46986  106.18714  107.15175  137.79317
 118.264366 172.1114   161.74179   82.319885 113.17591  125.890915
  99.10414  126.19196   89.696815  83.74049  132.85551  129.13869
  89.11873  122.29489  122.62747  116.475365 120.88316  127.02933
  80.02459  105.18134   90.682884 112.65898  106.8438   114.542366
  83.56383  127.378876 135.90146   81.270424 124.4126   108.44386
  91.71259   98.53604  109.23986  121.19487  109.21002  109.44532
 170.79706  116.85632  162.854    128.07198  111.758446 143.83118
 122.23092  112.93479  130.97629  109.75913  144.8758   107.58872
 109.90801  104.64283  109.97226   93.61523  112.95913  108.37956
 103.14978  103.71748   98.42924  110.34347  125.3316   124.93265
 131.08453  101.887825 111.05346  109.215805  90.67421   94.569405
 117.718056 125.24539  109.7403   215.33556   84.86703  179.09648
 110.00671  120.797356 111.33022   93.88708  138.42282  126.962036
 110.51819   88.98094  116.05211   90.22333   85.853     98.003494
 135.94872  144.63377   97.8776   172.59587   77.73496  113.93653
 111.84957  100.07266  105.165276 112.30782  150.3255   137.67552
  96.946594 108.0926   171.33812  106.14098  100.11102   96.70112
  97.551575 109.92037  133.89548  126.66735  126.21347  101.32577
  98.1866   138.78198  116.38837   98.03183   94.10841  104.344406
  97.140915 100.01106  126.51628   94.351364  92.46198  135.8295
  90.029816 103.036644 105.830574 103.00799  155.89853  101.571465
 134.68704  122.38608  170.95535  118.4087   116.51186  139.28563
 150.8166   108.00146   90.48985  129.8303    95.97674  107.51433
  95.105965  91.78928  120.154366 124.38736  108.0543   159.33586
 136.29897  116.57876  105.51158  132.12744  108.49263  130.9543
 266.19046   84.83429  113.36969  102.60359  106.091606 196.70755
  88.64442  130.9253   195.08441  109.41801  105.84247  100.02873
 103.20996  106.6252   115.686676 104.021126 100.04396   94.27655
 128.09848  144.39867  126.46507   88.466545 127.70141  126.343796
 103.2927   168.89017  104.168106  92.34859  127.81562   96.00794
  94.54214  167.15805  102.73017   95.91696  146.15585  127.291176
 131.62498  132.82983   80.01765  102.37998   97.023544 119.1917
 127.13366  143.12035   93.02929   84.08561  107.000854  91.284424
  98.56889  121.364716 163.38898  118.42639  111.586555 134.25491
 170.40913  120.142746 102.279205 136.63066  104.87413  105.37296
  81.928764 153.40002   86.05926   88.54896  125.05201  116.7255
 112.140335 117.5374    88.89739  147.19824  111.98987  136.34296
 108.935875  79.44365  127.51669  103.54591   92.54389  139.30598
 150.09315  105.47336  144.96162  189.95807   86.774666 112.1336
 101.079124 111.374146 108.12931  154.05548  108.15829  103.58355
  87.78434  130.87305  101.42666  133.18483  104.37585  110.14962
 103.42593   81.644104  82.93627  108.44938   88.03046  138.72643
 125.379555 105.82874  106.86744  116.51909  126.327156 117.08219
  89.69954  101.07354  118.949486 123.856    105.59142  122.27071
  85.91776   84.88811  117.38783  127.29075  133.28044  113.323265
 109.469444 140.66681  107.80296  104.46219  128.579    102.833084
 122.20053  110.24067   79.74953  105.12315  133.04802  104.24424
  99.70921  109.748055 133.83821   80.00544   77.676636  96.71592
 134.30807  101.02168  108.38667   98.51292  115.2054   124.50005
 168.15527   85.885666  97.07966  113.46784  106.75728  107.4365
  77.07466   96.747536  79.99954  128.2823   135.25151  160.15479
 133.44962  103.603    109.248634  93.343956 104.689926 137.9108
 113.39772  114.515656 121.389824 165.7174   116.33769  145.39821
 118.0789   101.023865 150.18729  134.70877  103.98846  100.43121
 102.1656   146.75362  122.54027  120.58549  138.1275   129.19182
 102.85598   99.565834  97.47092  117.371155 113.90598  131.94836
 102.56131  111.219376 112.58623  109.27804  105.74766  141.32448
 139.04422  111.87204  118.560234 131.91946  118.64604  126.75617
  97.759415 112.248474  90.336494 149.94806  106.981384 109.489204
 118.63528   95.122375  89.09449  126.506615 112.609505  97.08414
 117.80341  126.07044  146.67758  100.910675  99.14873  114.43604
 110.64977  130.8812    76.8291   124.23855  137.93623  122.09891
  96.8144   102.79997  152.26     115.61845  102.62171  107.50594
 114.01406  108.87049  101.19001  105.34898  100.85598  115.86467
 111.33587   96.82067   97.17742   91.746925 141.91537  116.048035
 115.58363  179.025    110.347664  88.93661  132.04468   85.24042
 112.990166 118.78985   99.735405 117.0628   144.8159   137.71939
 122.190346  91.95293  102.50699  140.77638  119.41602  127.3473
 141.02325  132.465    105.59592  175.63867  120.313126 104.73928
 123.887314 151.15958   97.41778   92.75008  815.72     132.33731
 110.89487  157.21739  122.121086 109.33734  109.190735  75.77804
  94.58853  144.16873  108.34512  131.9975   168.92513  116.77108
 125.216034 142.51987  107.05277  121.8448    92.20373  123.37119
 215.11781  156.64883  102.38332  135.70572   98.45547  131.58174
 109.60198  111.964325  76.42068  146.38834   96.1715   109.70525
 124.88894   79.80455   89.570206  87.163284 109.60651   99.148155
 101.660446 115.46405  138.22737  108.70919  119.3411   111.445854
 100.20102  122.54341  145.90344   86.198654 113.787834 112.95016
  99.1719   116.7622   175.88467  141.48918   86.55114  139.9599
 156.39388   87.01017   99.997856 152.24994  119.41555  133.85455
  91.345825 130.44472  126.47996  100.33515  143.66846  130.9427
 117.20598  130.89317   90.17268  112.06601  121.711624  87.45248
 155.54651   96.9289    88.73671  100.138374 135.19746   89.16539
 104.76129  102.257256 125.21309   88.704155 119.03443  119.50827
  92.51882   77.41445  117.49053  102.21398  115.05781   81.09446
 144.24155  108.20459   90.03054  124.82241  100.52405   92.21505
 105.61569  102.88886  118.09458   95.72975  127.25921  150.33817
  99.09616  119.670876 112.85556   93.14123  144.24197  122.12741
 121.08615   97.042015 234.13924  110.18265  116.14684  159.38487
 103.02032  131.81877  120.7209   111.35445  148.65434  114.9192
  93.0012   121.0103    92.10331  175.34105  114.338104 110.90759
 147.07445  111.947784  92.87014  107.30229  116.12936  125.939156
  81.32146   97.2322   100.125916 106.36931  106.458015 102.45713
 100.66266   94.08729   80.99289   90.09248  129.67886  102.63087
 101.014885 146.3926   118.00792   91.730705 121.00489  116.89701
  95.175865 121.2561    99.29534   97.94692  106.887535 116.4094
  86.88494  113.60428   87.35745  145.15492  114.40296   99.248505]",0.1398936170212766,0.2756016398469607
1,inf,3008,"[[  0.5711929    6.9252768    1.5836511  ...  -4.050696    -0.38980347
  -15.425586  ]
 [ -2.1357982   -1.2467062  -12.614162   ...  -0.40637454  -2.3876975
   -0.7682368 ]
 [  1.3215901    5.6311226    5.1680703  ...   1.891989    -2.4634113
   -0.03000488]
 ...
 [  2.6735914   -6.1599       1.0878378  ...   3.9347954    2.2792008
   -0.9562349 ]
 [ -0.23180768   2.7596326   -4.3506546  ...  -0.37465975  -3.753532
    1.6171796 ]
 [ -4.044921   -13.288082     4.1938553  ...   6.981602     0.7736631
    2.4127142 ]]","[107.37186  117.85144  100.72527   93.55735   90.08917  103.89439
 102.34142  141.60367  124.10898  112.907585  75.95949  113.669014
  94.33142  105.20996  107.67174  104.56893  118.99467   98.02251
  86.868515  77.69594   85.60992   92.906494 141.53203   91.71251
 103.560936 104.75815  106.17348  106.9351   106.92417  110.14705
 109.49873   99.84797  105.095505  91.69586  116.43167   86.69684
  92.61182   98.66439  102.295715  96.53912  114.84314  109.457954
  80.41728   92.364204 106.03412  110.95429  146.19748  100.49584
 151.21771  116.46969  108.621185 103.77497  109.79319  126.582954
 102.41022   98.644356  85.91971  170.55757   84.577545  98.73866
 122.53516   77.7177   111.7938   116.94539   87.19922  104.75668
 122.44299   95.21078  102.96249  124.557434  86.483215 113.42486
  83.85532   98.817406 113.00424   89.63932   86.92943   89.2968
 112.37921  122.38946   80.88459  136.07315   98.481285 108.81997
 106.61533   85.2162   110.525696  94.03567  100.65748   86.74105
  75.339    101.74389   96.82037  136.21883  106.60672  134.7723
 119.73987   85.90648  107.820724 111.10237  119.213844  94.91995
 135.22531  101.254456  91.50062  110.70597  149.50876  124.81283
  97.213326 101.91115   91.76244  100.25665  131.60124  110.04867
 115.06265   83.45674  148.33485  126.28656   86.5203   144.74704
  83.011604 131.46841   89.48077   96.92833  129.16035   92.1815
  67.303116 133.83969  108.36271   90.34933  120.0731   118.08439
 107.419205 102.72636  103.637825 108.32794   84.96701  109.089035
 136.0969   109.649506  91.272575  90.581764  89.230995 125.56829
  89.99799   97.06113   77.38072   97.98296  114.1972    96.29219
 100.05055   77.994514 125.35217  101.34937   77.24512  102.241295
 111.265625  99.02689  105.97037  155.76753  101.61103  108.87999
 133.1402   114.26175   89.89173  113.76274   98.56307  132.62096
 107.384995  83.63609  102.04003   82.799675  99.48934  143.75554
 111.38154  118.771515 107.37911   86.82787  116.392494 112.92162
  87.4458    80.37525   85.92981  103.9954    99.66879  115.755455
 104.191864 162.83266  147.40947   79.66218  107.946846 114.73638
  96.32122  113.534386  82.63731   77.55014  123.44026  111.13038
  85.6805   112.60831  107.88977  109.23668  112.85698  121.69738
  75.56201  100.72799   83.58867  107.28127  101.64121  106.90286
  75.94892  120.62976  120.86523   75.09189  111.99705   97.79494
  88.820045  94.09499  103.34336  113.10344  101.369576  99.52563
 147.80783  105.43281  144.07236  117.84003  102.99477  138.70209
 119.38956  105.40709  122.325165 101.13817  135.30505  100.730415
 103.05589   95.3973   102.78047   91.56394  100.809616 103.56749
  99.358696  97.38448   91.77899  104.416374 116.90488  121.83865
 123.72869   96.251144 104.637955 101.91282   82.884     91.46612
 111.91601  121.87248  101.21734  178.4841    81.2858   128.93806
 101.733444 113.86961  104.61847   91.208435 126.20018  120.48244
 100.892265  84.72587  110.26157   84.177025  80.91612   95.107704
 123.05947  138.18706   92.368805 152.5904    76.56393  106.857185
 104.60736   88.63255   97.44689  104.0689   135.85939  129.3651
  88.52566  104.96797  155.64067   90.94261   96.23677   93.383125
  93.078255 105.48196  121.752556 118.05966  112.29181   96.40697
  91.38454  122.41551  106.91387   90.559326  88.15819   96.45338
  89.54143   96.04942  118.98688   90.71738   84.22889  128.08905
  85.23046   94.57799   97.01712   93.990555 135.90576   91.72535
 121.808426 114.64404  163.29887  111.01504  107.05908  120.509026
 139.27342   99.6786    81.78784  123.65475   91.270584 100.21244
  89.99334   84.09068  113.08932  115.06521  102.25677  140.4248
 128.01787  109.45811   99.861176 122.94274  103.117714 119.19914
 236.08792   82.65538  105.75121   93.31225  100.170395 160.0013
  83.280754 114.98144  175.91508  104.447395  96.12854   92.99225
  98.303055  99.2415   106.972595  99.24658   92.2808    90.21083
 125.264694 127.79875  114.95121   85.34556  120.76716  118.823296
  95.416534 162.94379   99.97184   84.28058  116.36227   89.799835
  86.46382  149.58849   95.2879    89.90444  134.7039   117.39741
 122.92168  121.7473    75.52297   96.36624   90.8187   110.84309
 120.003914 129.47577   86.43059   82.00879   96.43591   84.681015
  93.97517  110.04601  153.34465  110.580765 105.18783  121.29171
 157.6683   109.96981   94.90801  124.351875  95.61495   97.295494
  75.717545 144.71387   79.61628   83.76728  111.96887  108.2573
 106.09197  111.69828   84.61372  139.18106  104.99181  124.01283
  99.596664  74.12834  118.127045  99.43324   88.45831  129.43967
 147.30563  102.55304  131.97823  153.62605   80.75835  103.673965
  90.22552  102.39715  101.61965  136.02754  103.3318    98.67058
  84.495316 120.1991    93.86537  127.74568   97.44829  102.800964
  99.021675  75.34183   78.77606  100.773476  83.06811  128.06673
 120.282455  99.603035  99.97233  108.51521  119.4076   109.90856
  86.2784    93.08346  112.45402  116.838356  95.950615 112.28815
  83.10595   78.25073  115.962074 114.537575 123.5538   108.31537
 107.75672  135.01236  103.65087   96.081184 118.79879   99.500175
 109.62299  104.62112   73.62562   96.05442  123.337074  93.198296
  89.774254 105.94341  126.897865  73.50026   72.866905  90.08374
 127.04918   96.67716  100.123665  87.11564  102.50968  110.027534
 158.53917   81.5856    88.98804  103.71923   97.512856  98.10175
  71.63666   88.80241   75.17717  118.77501  128.10536  145.5824
 126.93045   96.88827  103.51332   90.05236   96.39652  121.87609
 100.28525  104.00445  116.74085  152.27226  109.47333  136.13266
 105.42667   80.8988   141.19682  121.93278   98.46147   93.435936
  96.985405 140.56366  111.959816 115.27573  128.10988  121.77576
  98.08629   88.34746   93.01833  107.55863  104.12528  119.77686
  98.27387  104.07358  105.06635  103.82131   98.197    131.34915
 128.53197  102.40342  109.75211  123.13017  112.6658   119.69561
  93.9302   105.784775  86.777176 140.61108   99.80341  101.9443
 110.34037   85.96164   83.438515 114.84987  105.21171   89.39991
 112.20913  113.44229  133.3753    98.36341   95.72545  108.657326
 105.22078  129.86847   71.91775  114.87733  131.7208   108.87126
  89.977905  97.45261  142.59969  104.0081    99.94204  100.689514
 102.53092  100.896675  96.05836  100.21534   92.45589  110.21033
 100.56058   89.81865   89.45688   85.9936   130.0281   107.6402
 110.38509  151.17766  102.64687   85.23281  116.7392    79.47007
 107.38431  110.03846   93.580605 102.74204  134.72968  123.64953
 109.94338   83.004585  93.23067  129.00455  114.561676 116.49653
 135.64609  116.32599   99.13333  162.98563  114.45967  100.90816
 111.300316 142.98622   88.18681   86.37964  761.8768   121.68431
 103.05433  144.23528  114.77334  100.94104   96.07072   73.19111
  84.35737  135.77325   93.164635 126.510155 155.32608  110.541534
 111.46005  129.66037  103.39288  115.39622   89.02545  112.13573
 200.20451  134.80115   97.89113  127.30401   92.21019  122.620056
 103.589226 101.69097   71.641235 129.93968   86.51859  103.32799
 116.91292   75.422745  83.55486   85.911194 103.89195   96.18198
  89.94634  111.16679  131.14656  104.47703  110.548874 104.315315
  92.02693  113.34096  110.25355   79.88609  107.98625  108.768486
  94.871506 106.31138  167.32326  133.3886    83.202866 123.26526
 142.37425   83.678474  93.85246  134.77374  111.87124  127.43851
  87.354774 123.823906 116.64926   91.89247  134.82216  123.30453
 109.1434   115.391014  87.69679  101.54926  114.373764  83.72678
 137.92677   92.781784  86.44383   97.338646 125.44557   82.5303
  95.36528   95.52923  118.92168   85.22179  111.910034 111.05895
  87.23564   71.66921  112.49006   95.1902   107.610954  75.02442
 135.70395  105.74442   86.96905  112.569885  95.65226   87.80855
  96.01268   97.71394  109.45054   90.72157  119.50885  129.34926
  92.89821  111.17696  103.154655  88.96933  132.56532  114.28327
 109.45828   92.963234 203.84575   99.01823  109.866005 135.72096
  96.59835  125.61887  109.16852  105.96056  136.9261   105.05466
  87.01003  114.49183   83.73423  158.84613  104.289566 105.08473
 133.60727  101.999275  87.47914  101.86279  106.91775  117.95377
  76.36679   91.37035   92.14487  100.5738    97.22507   99.80098
  93.473114  88.76173   76.18695   84.21194  125.11345   98.85337
  95.26276  132.65117  113.065834  86.68525  115.69188  111.201744
  88.902794 112.28579   94.719925  91.50412   90.23251  107.67364
  83.44751  105.832275  81.31293  136.40613  109.156715  91.57307 ]",0.22180851063829787,0.34359537065029144
2,inf,3008,"[[-0.9256078  -5.806802    5.381933   ... -4.2539477  -0.33703318
  -1.9952884 ]
 [ 3.4165924  -2.6852357  -8.656031   ... -1.7532523  -5.8690915
  -3.806132  ]
 [-7.1908927  10.308975   -2.9531765  ...  8.31334    -1.717871
   1.4165857 ]
 ...
 [ 1.8507766   0.24211857  1.8102242  ... -2.5499594  -9.584229
  -4.7074003 ]
 [-2.247655   -1.3465903  -2.7711902  ... -2.1198225  -3.477636
   7.733847  ]
 [-3.294113   -6.883433    9.182015   ...  6.216627    5.775498
  -5.8705745 ]]","[100.61088  110.55351   97.28217   88.20373   87.15789  100.89976
  95.94868  135.17612  117.86068  103.07429   73.05943  102.010574
  87.36105   98.207756 101.84573  100.404655 101.04117   90.2613
  82.62907   75.99509   77.67707   85.98624  126.05433   84.01572
  94.437584 101.41022  101.10452  101.50833   91.46884  103.720856
  96.53946   95.2498    99.568794  82.05736  110.39549   83.76332
  87.83748   89.21737   99.13769   94.04565  108.90588  103.71564
  74.327484  84.671875 102.50942   98.82502  136.52559   89.67491
 136.71626  105.98325   97.058     95.09474  100.16447  116.93851
  91.12989   95.85249   83.8197   148.25305   75.70497   93.56938
 112.11373   71.285866 101.18574  109.88689   79.53843   92.39351
 114.78508   88.30603   93.367516 116.55063   78.885    106.45043
  77.501045  87.88986   96.70874   83.35735   80.7552    87.32377
 102.83898  115.38701   75.37072  116.67517   89.512955 103.70866
 104.28548   73.93457  103.382545  88.25232   95.652885  81.04476
  69.54765   98.14719   92.90549  121.33128   99.39449  127.783005
 104.91844   81.66996   97.52756  105.07708  108.67809   90.871414
 122.29186   90.17304   88.82017  108.53221  128.45212  112.47052
  88.29764   86.33247   83.98572   97.15946  116.6705   103.26797
 109.39145   79.570755 137.34158   96.72484   78.835335 131.7469
  76.7674   126.169464  81.946754  87.906265 116.48322   84.27646
  63.735123 126.88838   94.2288    80.91646  113.569855 108.88191
  93.27183   98.244965  98.583015  95.3228    80.170425 101.13839
 127.6633   100.97997   84.84391   83.68916   85.1103   116.18519
  82.920944  94.88266   71.05494   93.22275  107.34889   88.08279
  95.417534  72.52704  115.65443   96.17894   74.795105  88.25206
  96.56397   89.816185  99.57676  148.02559   94.87153  101.78851
 122.9828   102.30803   82.51166  105.58858   91.47728  118.97262
  95.70136   75.17813   92.040344  75.0776    94.260796 130.27641
 107.956345 107.035995  93.25876   80.88417  112.02707  105.86528
  85.42231   74.9007    80.67221   96.3251    96.42483   97.01026
  96.27234  153.31868  121.09406   74.73891  100.182915 103.79929
  91.9793   106.24724   75.814926  74.72503  114.76669   99.41529
  79.95951  109.04679   98.09143  103.724724 107.93954  108.14035
  71.059006  94.92631   80.4232    95.473724  96.40597   99.448906
  69.2722   105.67288  108.59085   72.555786 102.38006   89.21898
  82.73991   88.48006   94.398926 101.511154  97.495155  89.20875
 126.45605   91.23617  122.91723  104.85348  100.01442  132.16533
 108.56535   97.2931   116.483315  93.759    122.88043   97.40218
  92.55714   85.28516   95.56035   83.686104  89.80076   97.11456
  92.0707    86.42903   85.40018   93.80874  106.68773  111.381836
 109.761185  88.99704  101.37241   91.7028    81.35306   89.34593
 105.31375  106.60505   93.77506  148.2544    75.566666  99.66778
  86.98092  107.90704  100.04311   85.08685  110.917725 115.36107
  91.955055  77.81345  102.58119   79.389015  79.45993   85.79132
 115.11745  128.052     85.58127  132.93556   71.542854  94.672676
  95.961     83.570854  89.962685  91.52601  127.57361  118.37671
  81.968575  95.02019  150.26978   86.000145  89.618614  88.28315
  84.09026   99.37932  112.247215 107.97585  103.49196   87.83496
  86.273506 107.173935  99.40405   87.532166  78.002975  85.24139
  83.772964  90.21656  107.15668   85.29094   77.371864 119.20421
  82.16352   86.27119   91.66517   88.71034  119.30366   86.417244
 113.01221  106.84143  146.62424   99.20162   98.05897  104.559364
 123.56894   92.98484   79.623505 116.92104   83.00648   92.63442
  82.17746   77.52233  103.10246  106.165344  96.98958  125.72234
 117.71374   98.96949   88.84667  117.411476  95.965744 108.82684
 213.00467   81.043976  99.04682   90.19206   90.37653  136.15576
  80.43928  103.76989  161.78165   98.84016   88.80906   91.861145
  90.008095  88.35224   96.26642   91.97581   83.06334   84.89014
 114.19659  114.52866  100.845375  77.98067  114.23569  109.03976
  85.1252   153.98119   93.82751   76.969604 109.97134   83.6134
  78.65419  138.91962   89.499054  81.53539  128.54259  103.1937
 114.01594  107.427185  70.57988   89.64402   84.04641  101.670006
 115.2029   118.24884   80.177605  76.409096  90.85335   80.3261
  89.01517  100.56044  135.51274  110.816414 100.0892   111.23251
 136.93365   96.70626   92.93598  111.722786  90.50923   93.152885
  71.3377   134.11855   73.72531   77.301994  97.74514  100.899155
  98.77126  106.02049   82.377365 134.70804   92.1835   114.74299
  94.806595  70.53421  106.28275   96.08332   84.79878  116.34842
 135.05391   97.49175  122.748634 124.36313   74.728615  93.848145
  77.045235  97.97525   96.368965 119.541695  98.091995  93.597755
  79.05867  103.38028   85.44259  117.818474  88.405785  97.51981
  96.3988    69.056404  73.866455  98.06171   78.378716 109.60256
 115.85442   94.57013   94.38601  102.87315  113.14791  103.81335
  79.36161   87.76332  105.84756  107.75918   91.6309   106.387436
  76.83644   74.54162  110.687195 103.78498  116.14106  108.369354
 100.18574  129.49196   95.740486  89.60382  109.76527   97.1187
  99.38245   95.15166   68.6924    87.73185  117.70712   88.840126
  84.11186  101.45511  116.58628   66.33383   69.981804  81.80708
 118.629326  89.27544   93.24355   81.643074  91.73224  108.206024
 144.54465   79.93219   80.36021   93.187706  84.65275   90.90369
  65.79562   80.10864   69.39712  110.32806  117.402855 135.0875
 119.843216  89.2422    95.82607   83.8433    93.49673  111.91547
  89.312706  95.37519  112.28945  136.1887    98.192726 123.61364
  95.34756   66.99475  132.55266  111.91513   88.104065  85.99832
  91.68621  128.19734   98.65607  111.172035 116.30199  115.07728
  88.05299   75.24996   89.36146   99.36402   94.772865 102.59394
  94.64904   96.91835   97.78443   96.946434  92.4803   121.66521
 118.622215  92.89056  100.75349  111.36172  104.39029  108.55272
  88.289925  95.09515   82.283485 124.71935   91.531364  90.883736
 107.8979    78.80998   77.93974  105.8932   102.95632   83.925095
 105.75381   99.11606  117.870995  91.64147   83.02899   98.817764
  96.973045 119.963745  70.640915 101.284996 113.63696   98.16597
  82.70791   94.70407  130.17255   97.78151   94.96897   93.11937
  94.33413   95.10275   91.5613    94.602745  86.959915 102.08211
  91.078026  80.70279   82.91089   82.573875 116.87671   99.29502
 100.31785  132.56668   94.99501   82.39073  107.150085  77.25385
  99.02776  102.23598   86.53741   96.484    125.88619  105.41944
 102.587364  78.33043   88.10275  119.54814  109.53789  109.893364
 126.113075 108.64501   94.96567  149.19827  107.97571   92.64053
  99.55032  128.65802   82.92876   81.474594 730.87933  118.363716
  96.13199  122.62009  102.833664  93.253784  81.34917   69.15084
  81.15147  124.718605  85.75924  118.95845  143.6391    99.88409
  98.996796 120.79574   96.14366  109.554825  83.37897  105.012245
 172.72517  114.683334  87.50514  120.25994   88.52442  112.02767
  97.9866    89.344765  67.983826 110.14792   80.15083   97.85809
 106.9354    67.998436  80.33569   77.015274  99.02473   91.65454
  78.99977   99.31891  122.29583   95.94539  104.896194  89.907684
  87.14481  110.296776  91.208664  72.84408  102.11043  102.079025
  90.88208   99.612366 160.18823  120.80869   78.66841  112.10295
 134.94821   79.18322   87.75491  127.63685  102.49778  119.00037
  81.95461  115.21264  106.95045   85.55496  121.497246 116.58002
 104.26898  108.312065  82.54628   93.71961  111.56868   78.88498
 123.3912    85.04333   80.93819   93.309204 112.75698   75.98308
  92.04369   86.93361  110.05632   80.813    102.91542  103.84954
  84.53166   67.611786 109.351204  88.134705 100.971436  70.86863
 120.01202   99.73951   80.23588   98.49663   87.658646  79.35559
  89.29822   89.5041   101.29629   86.58952  112.82038  113.47936
  88.30218  104.6811    92.980484  81.13378  115.83034  104.39431
 102.36376   88.61123  176.83032   90.26679  101.990486 123.19194
  90.92062  116.517105 103.13832  102.57937  128.58673   94.647514
  79.80384  107.22794   74.59186  140.79158   94.49772   90.813515
 127.07556   87.365456  84.193     89.478905 100.260086 106.91166
  72.394615  87.49955   84.64651   94.55911   90.017     93.69842
  87.10258   84.370316  68.38692   79.01565  113.01995   93.289474
  90.269936 121.29629   99.90665   77.215416 106.59685  100.52002
  86.491135 109.39096   88.32844   86.09126   79.61675   98.138145
  76.82177   98.678665  78.38006  124.881134 103.799805  83.776306]",0.3122340425531915,0.4102228413025538
3,inf,3008,"[[-2.3399377  -1.7936908  -3.9020274  ... -0.7904937  -2.4601257
   0.6714991 ]
 [ 2.435376   -0.463248   -2.6195426  ... -2.3458226  -1.9470358
   0.63044024]
 [-1.1352988  -2.4150891  -0.47791943 ... -4.0055323  -0.7981339
  -0.750316  ]
 ...
 [ 4.277487   -0.55705464  0.88348013 ... -0.49548545 -0.7404254
  -1.3869195 ]
 [-1.615048   -2.0747561  -1.9727623  ...  2.5223243   1.0952011
   0.2746545 ]
 [-2.4707983  -0.7495459   1.6605974  ... -0.02947306  1.5378803
   1.853643  ]]","[ 91.8282   104.25002   86.00849   81.57423   77.99966   91.14195
  88.44815  119.24387   98.196266  93.96698   68.79482   88.74501
  78.11657   90.865234  89.17331   90.760345  86.421555  85.32535
  77.2645    72.35997   67.948784  78.65245  107.595825  78.91212
  83.92291   92.20546   94.821396  97.8416    79.04975   96.59747
  85.29005   88.67496   96.65488   73.362465  99.12975   74.798706
  79.831314  78.511894  93.76007   86.36018  102.09333   99.71758
  68.94341   76.69344   89.56044   89.05623  117.28702   79.92349
 119.36527   94.07      83.09776   86.56292   89.64842  104.934395
  84.00473   88.74905   77.55275  131.79831   68.91978   87.34742
  99.566086  65.20393   95.984116  98.427505  71.99082   81.52838
 105.54436   82.17971   84.79768  103.37156   75.58756   94.5591
  73.23854   79.00972   88.529625  78.285576  75.599556  82.79738
  93.36486  107.66093   70.645546  91.315506  83.251434  93.155304
  93.75957   68.52226   94.5898    78.021194  85.20242   72.427826
  63.545734  88.84692   85.29852  106.98299   91.07217  111.917
  88.64583   75.78659   87.75965   97.92867   92.90323   84.286644
 113.20524   82.258766  82.57065   97.59357  112.83916   96.7255
  76.97503   74.33417   76.95165   88.2323   102.37177   95.38615
  92.998184  74.34605  118.840965  75.77057   74.00021  128.27463
  70.45564  112.83315   71.15186   78.59582  105.41435   75.46521
  59.682545 111.85325   80.09091   74.45755   99.21482   98.76294
  85.22948   88.64143   87.79076   82.482315  75.54629   94.6362
 114.22519   88.083405  81.360664  80.077545  78.54206  103.6888
  76.3033    90.116394  61.4725    84.66673   94.65105   80.674614
  89.47619   64.88104  103.716385  91.61756   64.74991   74.7069
  89.407906  84.066246  94.00092  129.67966   85.57586   91.79384
 117.64508   95.91264   77.87732   96.37697   79.752014 101.891304
  88.800255  66.92865   82.96647   65.65667   82.50533  117.35934
 101.661194  93.70213   85.34206   75.954994 102.65949   99.95724
  78.34455   71.63658   72.304924  86.66461   82.64953   79.980774
  83.506134 136.90062  102.53833   70.29122   93.64647   90.92122
  82.17557   96.926506  69.56471   65.44871  108.075424  84.98062
  74.43315  103.54651   86.88663   95.81419   99.1984    98.08435
  63.86228   88.49736   75.288895  83.71893   85.99614   87.96196
  64.426704  94.67867   97.42972   68.25024   92.45392   80.43193
  70.23486   79.17022   81.8052    94.604866  91.158424  83.76849
 105.413994  80.46924  101.49382   93.66309   93.59054  120.9843
 101.683945  85.64845  108.39493   86.69231  102.27504   91.84586
  84.91453   76.8001    88.502266  75.55305   79.909904  89.453156
  84.00561   75.017365  78.526436  81.00348   91.506836  93.98273
  96.74616   79.90547   93.00842   82.86366   77.37067   83.71336
  96.6398    91.07306   83.1338   128.3881    71.25266   83.796326
  74.575905 103.24237   90.681526  77.63586   94.22956  102.29534
  86.26986   71.16401   95.03981   71.75154   74.96705   80.84189
 103.77339  114.83886   73.23815  113.970795  67.80228   86.90324
  84.49042   73.50413   85.65371   81.20483  112.25129  106.75751
  74.76123   82.19921  132.62569   79.032715  83.8749    81.11655
  71.71958   87.96093  101.84179   97.434296  93.80412   80.20343
  80.011955  94.66262   93.50834   76.88305   70.33611   78.83288
  74.11488   81.38398   93.9613    77.17883   70.56462  106.73386
  78.967415  76.88523   83.45762   78.541466 104.35089   78.71084
 104.35569   94.66386  123.087166  87.169586  85.12501   98.79654
 105.10681   84.456215  75.065704 106.07466   76.498505  84.61347
  73.813194  70.046715  91.68041   95.305786  89.98916  104.83483
 107.630646  90.046684  83.722084 110.780525  88.817505  95.93998
 181.85753   73.3915    90.21066   80.53024   82.526306 112.19442
  73.374016  89.61919  133.74901   86.117294  84.0386    85.96363
  83.54146   82.35214   88.80319   84.066345  72.99424   73.859
 105.57701   99.0508    88.2024    73.79669  102.90719   99.85086
  76.062256 145.3496    85.15501   72.0976    98.96362   75.736664
  70.336075 122.869     80.3021    75.07633  114.438896  83.55362
 105.57108   93.98895   64.938515  86.291405  73.68901   88.39039
 103.3869   110.68448   71.08819   64.90528   81.33814   74.125114
  83.2115    88.0064   123.39187   99.65797   92.066025  99.710945
 113.34191   83.442215  86.47294   98.2251    83.209015  86.77256
  68.125496 121.2964    67.99611   69.56469   86.7134    91.61312
  93.47461   92.33425   75.15205  124.20173   83.30933  100.42623
  83.98315   65.03619   93.151436  88.19358   78.56968   97.74209
 122.82988   87.23172  111.33296   95.488     65.905594  87.27052
  67.88272   87.651634  86.1181   106.99578   90.87818   85.78424
  71.271126  88.75083   76.57505  105.20306   83.0402    94.13629
  84.12108   61.47798   68.98086   87.79089   70.350945  90.07475
 105.9351    86.34242   87.76246   95.68802   99.66909   95.04626
  70.30288   76.946594 100.578094  97.07631   81.0739    97.31526
  71.82007   68.76974  104.79698   89.75216   99.973206 102.81065
  97.05837  116.575264  90.479706  82.42804   98.98298   87.09732
  91.61032   89.29319   60.836636  81.091545 109.70939   76.631874
  73.15924   90.274025 105.18048   57.847713  66.37501   72.520515
 103.84984   79.623116  83.401276  73.93976   82.02294   96.777336
 124.80514   69.83043   71.572     81.38088   72.07039   82.24449
  62.235313  73.44567   60.662975  95.15451  110.01801  115.08754
 106.061226  76.53035   87.640755  76.29045   82.790245  98.23416
  75.00153   82.72876  100.2957   121.41765   86.90736  110.02428
  81.437836  56.739216 124.443985 100.993645  78.386     76.55536
  81.66907  113.1835    89.54918   97.80429  105.365425  99.825264
  83.43282   64.3629    81.279945  89.44184   84.41753   95.90713
  84.0215    85.24459   91.54052   89.19029   83.43609  108.68591
 109.03039   85.25136   92.850266  96.92883   98.94741   98.58991
  81.508095  87.371445  77.3601   112.041504  86.33052   79.315834
  99.01485   73.69517   70.21751   96.37457   98.20076   74.3643
  97.13881   89.1015   110.35675   84.824165  73.2767    89.39639
  84.323616 105.55027   68.01238   85.52887  101.01151   88.88276
  77.46187   84.48625  119.6777    88.42975   87.471375  85.07506
  87.35691   87.397896  81.34882   89.079895  78.58272   90.28778
  83.421234  78.598305  75.91895   75.545586 104.37563   87.33874
  89.325386 110.02342   82.79259   75.171684  95.267426  72.79483
  89.18983   95.17492   79.18781   84.884026 112.93067   90.36143
  95.40499   74.40557   83.13653  105.63131   98.01054   96.39625
 103.00793   95.68927   85.979485 133.79277  102.76692   84.594925
  88.760254 111.769226  77.2948    77.580055 679.60956  104.434715
  84.00603  105.5238    91.89041   80.914215  70.13479   64.39237
  76.898506 108.985     79.87472  102.644394 126.92395   90.94865
  83.52237  106.57065   86.74079   99.4272    74.67031   85.06943
 137.0578    99.3748    78.38573  112.35233   82.251015  97.77763
  89.73424   78.984795  62.286022  95.22445   73.05017   91.189705
  90.38477   64.92336   75.397934  68.9898    92.139145  86.42582
  67.36856   90.40745  110.10074   84.793274  95.1781    78.850685
  82.58787   96.01935   79.82342   63.130848  89.74707   98.09894
  85.63606   84.45635  150.91685  108.448     74.87899   95.55141
 114.48104   71.54026   80.83225  118.09889   94.817245 108.7264
  73.94584  105.05869   98.27469   75.72756  108.25283   98.85791
  98.84316   95.58982   77.50761   85.61454   98.95713   71.077065
 108.25803   76.84238   74.75535   79.395706  92.8783    71.54788
  86.843414  79.50339   92.79501   75.943474  99.39577   88.64715
  78.386665  63.53007   97.32415   84.62308   85.603355  66.51832
 107.9272    85.21442   73.51956   91.82884   79.58349   75.01914
  79.904816  76.24617   89.63869   81.387596 102.55708   99.91604
  78.44154   98.16346   83.129196  74.69845  103.73599   93.96714
  93.24363   79.145645 142.69908   80.65149   91.74688  109.66576
  84.84484  104.880356  95.62377   93.27462  113.345604  81.42844
  78.15111   96.5336    66.21192  127.969795  88.674355  81.45398
 117.191     79.91826   76.66557   81.29421   87.387955  94.83303
  64.88305   75.24949   75.0536    87.758736  77.143875  87.079254
  81.16412   77.41907   63.979454  70.46769  104.76539   89.075134
  82.06802  103.70357   88.21464   71.07128   91.94469   85.16341
  77.8034    93.80326   83.03054   77.02591   71.37427   88.88646
  71.745834  88.854065  72.17249  117.55873   91.49295   76.57126 ]",0.45053191489361705,0.4881585141023
4,inf,3008,"[[-0.46621314  0.2231712  -1.3486845  ... -0.88302857  2.072294
  -1.1405635 ]
 [ 2.019795    0.57094586 -0.29185006 ... -0.5319871  -1.1342105
  -0.52376074]
 [ 0.22175553 -0.688518   -0.13958715 ... -2.2157335   0.32882607
  -0.5407813 ]
 ...
 [-0.36712214  0.05046703  0.570928   ...  0.5511333   0.27999702
   0.6861684 ]
 [ 0.3040484   0.7383311  -1.5744853  ... -0.7575885  -0.20157301
   0.10669222]
 [ 0.98415583  0.4931843  -0.4147449  ... -0.5993641   1.2632926
   1.3011385 ]]","[ 85.3596    92.23069   77.41304   75.98138   70.99197   79.49194
  81.88488  112.021126  89.59327   86.34011   65.16693   82.12503
  76.44216   83.85929   82.0602    81.97828   74.504585  75.04859
  70.6736    62.78036   61.855263  72.65643   96.60131   68.68009
  75.67543   85.420395  83.288506  87.98909   70.02294   82.30163
  76.51076   79.425964  88.627655  67.027     83.95168   65.73936
  73.35727   71.12344   83.209274  79.36342   89.35498   91.56367
  67.00261   68.23667   81.491714  81.21752  105.8616    72.00378
 104.92366   82.793755  75.66608   79.556076  82.29439   92.37863
  75.26266   81.78535   68.33114  102.54019   64.244026  77.76995
  92.67375   57.739136  91.15817   88.714386  67.95086   73.25995
  90.48166   77.41096   76.63464   94.69959   71.25076   81.16835
  64.2096    69.13132   76.19152   70.821304  69.68073   75.44396
  85.27598   94.360306  64.50584   77.699326  74.04547   84.90665
  85.0561    61.8178    85.708405  66.21406   78.273994  67.27923
  60.14631   82.48187   73.299576  90.52      77.54421   97.29987
  76.836685  70.514786  76.369736  81.07087   83.552734  81.43325
  98.01728   73.243286  76.26606   89.066315  99.6524    89.47463
  66.52397   61.550247  67.36439   81.33631   91.493     81.956505
  82.79536   67.07094  103.80415   65.301735  64.70884  112.790405
  65.50288   99.08123   62.582607  71.59262   91.86969   68.30072
  54.57128  101.020775  74.2616    65.63933   91.274315  90.171394
  77.52964   79.78342   76.063286  67.299774  70.56275   80.46297
 103.90012   76.324844  72.91206   72.98224   68.811905  94.20669
  68.564     84.03148   57.02309   75.69159   87.43789   76.29268
  81.40793   60.504555  87.12261   82.80365   60.568726  67.162384
  75.13089   78.04673   83.61486  111.67018   78.56758   84.986664
 107.82362   86.72495   69.572495  85.84212   71.817505  86.891205
  80.77994   61.76465   74.34221   61.97053   75.430336 103.12217
  93.07998   82.02426   78.38242   68.303734  92.45085   87.184784
  72.29879   67.796364  64.225494  76.51991   73.89705   67.73639
  75.89072  112.44579   93.00347   63.143448  82.90906   76.99557
  75.17848   86.0526    64.213425  61.40167   94.72136   72.895874
  68.94213   97.550735  77.65528   85.619705  87.13896   86.25637
  60.992104  82.45118   68.42478   73.16374   74.784676  80.10155
  60.966675  85.38823   84.78535   64.14964   80.48539   71.48524
  61.467407  70.78518   73.54648   79.81859   80.16583   72.9191
  90.5088    72.79181   84.60443   86.17475   88.9969   110.28906
  92.83849   80.05649   97.6862    78.221565  88.60415   84.4274
  75.194916  69.437256  78.129234  68.48351   70.43048   80.92
  74.18214   71.604774  75.56198   73.09355   84.19095   82.5728
  83.94406   70.857285  83.97392   78.12731   70.692215  75.59884
  79.16937   79.77788   71.59208  110.23583   64.672386  72.816696
  65.815895  93.458755  83.46197   69.11532   79.980965  92.589615
  79.71724   64.6415    85.33691   59.916794  71.85601   72.63446
  92.11347   99.8412    68.3321    96.91169   60.572292  80.35704
  74.31996   69.784805  76.382614  74.407585  92.40992   96.56236
  65.70183   72.63207  122.95611   74.84436   74.291245  75.64905
  64.02403   76.05607   89.09418   85.55563   83.5274    71.83799
  71.38941   83.60021   79.00959   71.871315  67.53687   70.458145
  63.739132  73.32004   81.0425    71.21534   62.46962   93.04085
  72.1214    70.89577   77.40494   73.95808   94.96058   72.731735
  92.67814   84.65916   99.67937   80.61922   75.65629   90.00772
  93.59958   76.47056   71.56518   93.09442   71.42188   74.03383
  66.818344  63.14076   80.16164   82.95582   80.41543   91.554634
  91.56229   79.62715   76.590385 100.70293   78.226456  84.72887
 144.8337    68.06061   82.44497   75.2521    72.580185  97.909386
  64.50448   80.627235 106.304535  78.21355   73.14291   78.47869
  77.76796   74.70859   81.7468    77.470795  66.94132   66.38652
  91.62621   87.32518   78.40234   66.59143   94.93296   89.16094
  71.07335  126.35949   76.66185   65.25173   90.70602   68.1187
  65.89787  108.570915  70.92988   71.9768   102.904465  74.53472
  91.797066  79.19569   59.102737  76.28017   69.96882   81.164345
  95.00703   94.15307   66.3493    62.07343   74.68376   66.122375
  78.41269   78.91923   99.65876   91.67155   84.46643   91.7923
  96.71971   74.267914  73.25398   86.82894   73.117935  77.900345
  60.523426  99.665474  62.068394  64.92144   78.89015   81.4326
  84.368935  84.90601   68.35361  107.21003   75.446754  91.683205
  76.26767   60.209732  78.38634   76.72958   71.10812   89.60853
 107.85381   79.10752   96.418976  81.5088    57.53329   79.39621
  60.34488   76.40445   78.462685  92.89001   82.1682    78.94936
  64.09611   82.79665   72.040504  94.96031   74.04955   82.00111
  74.47564   53.857     65.84202   79.5934    63.31183   77.599915
  97.28686   76.10689   77.7307    87.4852    87.95366   89.92505
  64.81533   73.89221   85.54885   91.07607   70.70821   85.87286
  66.76675   64.21702   96.32046   82.99246   86.6367    94.81956
  81.542404 111.242355  85.40291   73.63944   93.79298   78.74963
  81.95475   80.10389   55.856506  73.62368   99.38782   70.58245
  66.64071   80.177795  96.01938   51.31104   62.305763  69.07488
  91.88148   69.100464  75.54296   62.779736  71.35323   84.1385
 103.780304  64.21011   67.12011   71.93851   61.974762  76.22597
  59.985058  67.50334   53.950184  80.547935  98.095024  99.8625
  87.469025  67.47461   74.10599   69.54409   76.01519   89.74847
  66.37098   75.87058   87.188805 107.21951   78.25347   92.88312
  73.22258   52.83436  108.11244   81.93375   76.394005  67.95466
  72.880035 104.339165  79.696396  85.732346  93.86035   90.86555
  73.479904  61.123344  72.67851   79.36007   76.4322    84.300934
  76.51617   76.06373   82.93032   77.8941    75.12215  102.31969
 100.89328   80.51173   83.01521   84.26487   84.73125   83.6793
  76.232574  78.57208   68.31405   97.50312   81.095634  70.87031
  84.29534   66.00636   61.781174  86.56101   89.706696  69.852264
  83.89425   76.31678   97.577675  74.990456  66.930756  79.53822
  77.610825  93.26228   62.63494   81.831696  91.16699   75.574814
  73.331184  73.26632   97.59516   79.19004   80.291885  72.530975
  74.20564   78.480545  72.88246   80.19111   70.018684  84.73284
  76.45939   72.05743   68.66446   70.442825  96.909744  78.715416
  81.504944  96.20991   71.85615   68.07006   85.39042   66.98972
  79.45801   85.90848   70.461754  74.23058  102.116264  78.52341
  80.94987   68.98537   77.98653   89.52541   85.406075  85.44031
  86.72666   85.76799   77.86696  107.74596   96.96198   74.543045
  79.35472  102.30731   68.9525    72.33278  652.3899    93.71458
  74.21531   93.051674  84.097206  68.97827   63.93575   59.98394
  68.321205  97.11067   72.80253   94.18182  112.915985  82.927086
  74.77458   90.57054   76.53988   89.15246   70.35531   78.59491
 103.662094  90.02123   68.32498  102.78305   71.89931   86.93282
  83.81373   72.327065  56.088013  84.88601   69.89024   81.41675
  84.76703   61.693756  69.98449   60.67823   84.39421   74.03062
  60.005024  80.8437    97.303566  74.37155   91.833565  67.890884
  77.968     83.30022   68.199066  57.888123  79.918686  91.677124
  77.97263   81.89328  130.74368   99.87088   68.07552   88.08607
  98.549164  62.064026  73.917786 106.02884   89.10331   90.87169
  65.84046   96.6793    90.175026  70.79158   94.44346   87.97821
  84.706924  87.84493   67.02293   71.43431   88.10488   65.23567
  96.68071   67.57773   69.22332   73.50534   82.2386    62.139503
  77.62865   71.4872    85.2937    68.76091   87.93859   83.66706
  69.77023   58.31317   86.50825   78.01492   75.48611   60.31641
  96.380684  78.89951   66.59427   80.329765  71.140594  67.17189
  73.366165  70.205086  81.1956    72.951065  92.0066    88.75674
  74.907265  89.1012    71.4164    66.436874  93.43682   79.9224
  81.77537   70.98936  120.985756  74.90868   82.041954  98.05234
  75.30543   87.47015   88.324066  81.212204  97.10349   72.05446
  73.34522   89.565445  64.97545  106.12213   77.85541   76.35544
  97.09457   71.363884  72.27609   73.41203   78.53578   83.63019
  61.708206  70.50339   70.821     75.243805  71.71071   80.81663
  75.263306  70.170784  59.568752  66.38061   93.9152    75.90273
  74.192505  93.090576  80.669495  64.925835  81.08502   76.09772
  69.43636   82.550804  74.06569   69.214195  65.77902   80.90861
  63.90676   82.42388   66.92807  105.292244  77.759705  66.7921  ]",0.5558510638297872,0.5478816350301107
5,inf,3008,"[[-0.051922   -0.17486744 -0.7930792  ... -0.6267588  -0.29289123
   0.09946445]
 [-0.8307606  -0.17026083 -0.48410502 ... -0.37495595 -0.5314453
  -0.42785978]
 [ 0.4056789   0.5336333  -0.13337137 ... -2.094906    0.81084734
  -0.9828818 ]
 ...
 [ 0.35938784  0.90788335  0.62612486 ... -0.20363258  0.4461741
   0.48274818]
 [ 0.40678415  0.45372352  0.7845847  ... -0.51924753 -0.49213004
   0.21633844]
 [ 0.312052    0.2642814   0.70830506 ... -0.0518667  -0.12252389
  -0.43858212]]","[ 80.48872   84.599915  71.01043   72.1974    64.78885   72.923805
  76.25069  104.47976   78.27329   76.87583   61.08563   71.20991
  71.202774  71.44375   73.671326  75.82429   65.996445  70.51371
  64.14123   58.846886  58.65122   64.027824  86.85006   60.647984
  70.54844   79.7219    77.685585  74.855934  61.63316   77.46043
  69.05418   72.22538   80.73667   58.492096  74.66713   61.402267
  67.682304  67.17819   81.15134   70.851166  85.332115  82.318214
  61.923916  62.893635  78.70433   74.85993   92.164024  64.944176
  98.06796   75.83119   67.07149   72.921234  74.88508   84.72498
  67.46417   74.786575  65.99593   92.194305  59.214607  68.64634
  82.32112   55.970768  83.75327   80.44276   59.721767  69.691574
  81.084366  71.76207   68.28443   87.53098   66.17389   73.41834
  57.763813  61.381332  71.63011   63.648407  65.79975   71.1657
  78.56326   86.34865   61.91755   74.9955    66.67168   76.02443
  78.574974  54.6292    79.02127   57.465557  71.64179   59.757896
  54.77297   75.140884  67.36529   86.49707   67.70092   90.571495
  71.4436    65.75206   67.29701   72.944984  79.498215  74.744804
  89.422585  66.337685  72.09163   81.815254  91.59819   82.1666
  60.703274  58.836075  64.26512   76.87538   84.74445   70.765274
  78.18569   62.147034  95.253914  56.365643  60.768166  97.679565
  64.101395  91.66933   57.923454  66.553635  84.373604  63.447014
  50.84646   90.93513   70.58675   63.082172  83.96142   81.71428
  68.91167   71.555626  72.01926   60.355217  64.58132   78.82401
  90.28162   71.67612   61.50023   64.06549   61.44704   87.28155
  62.939262  77.84871   54.934612  71.711006  81.59175   72.50725
  76.64338   56.106163  84.10801   75.011246  54.551918  63.179382
  66.37842   70.61603   77.06406   99.78035   72.132126  76.84993
  92.671005  78.25054   61.880924  79.42703   68.239494  80.16873
  72.702255  54.412212  68.28284   54.614105  70.12983   94.36861
  84.64562   75.22455   64.420395  64.19454   83.7481    82.43259
  66.248825  61.595955  59.74032   71.17226   67.27952   63.45035
  72.08673   98.426094  88.671425  58.594498  76.306656  69.79768
  65.4227    78.993195  60.336742  56.972294  84.095345  64.519165
  64.29232   86.02872   69.891914  77.66957   80.75937   78.70009
  55.300304  76.8879    64.5638    68.953575  71.68239   73.5807
  55.090557  78.22202   74.66991   58.54723   74.963234  68.598915
  55.57504   65.76577   68.83329   72.33057   71.835106  63.841656
  83.524826  67.11914   81.145676  80.64026   82.49228  100.81437
  87.216484  73.20605   86.56354   74.27523   77.16737   78.79963
  67.06443   63.654957  71.17136   66.139725  69.17823   75.18076
  67.5543    67.15942   69.26393   66.50566   77.21752   75.925896
  76.15939   65.45212   75.72682   70.85414   65.133125  72.18858
  71.40828   74.166794  66.138565  99.09928   59.423805  66.61185
  61.752537  82.854416  78.7902    63.192635  70.01312   81.61011
  72.35155   58.907757  78.78718   57.976704  65.39048   68.120346
  84.68699   88.31667   63.308964  86.16035   58.734745  73.07459
  69.58483   63.08366   70.29522   69.0096    87.58673   86.88984
  61.69781   65.82116  111.7017    71.53436   68.83202   67.49269
  58.62031   66.52574   82.01701   75.20848   79.30821   64.80543
  67.85614   79.43441   71.67438   66.53252   61.64788   68.07642
  59.668602  68.99769   74.58793   66.8631    58.50538   82.33802
  65.95341   63.282875  76.43054   68.4569    88.35837   66.25719
  85.02343   76.58965   94.91749   69.166275  71.07364   81.03329
  84.644135  71.78218   69.20557   87.00631   66.16171   63.676704
  63.63679   56.76332   72.07365   75.234695  72.92754   84.48624
  84.70939   75.254135  70.139465  93.352745  68.11653   76.0739
 121.09883   61.795517  72.27663   66.23822   66.35618   91.49399
  61.7845    73.0436    94.04901   71.21429   64.72825   73.81205
  70.25341   69.97915   71.39756   73.80137   61.67473   60.22732
  84.77081   79.09588   72.532     62.54513   85.859764  77.81998
  65.11266  116.100174  72.50436   60.263294  80.33508   63.90051
  58.381744  97.059494  68.37388   62.735893  93.38078   70.167854
  82.21603   73.917305  56.36692   71.052315  63.409794  75.232086
  85.87988   88.49247   62.521225  58.307114  66.33472   59.21842
  74.53013   71.0237    92.05112   84.18117   79.66529   81.43973
  88.357574  70.36782   72.31866   82.74027   70.11282   71.121086
  55.97273   87.7471    57.796043  60.633358  73.009735  74.580765
  78.131454  76.25879   62.143574  93.764206  70.64779   82.14301
  66.222435  55.08961   72.30688   70.82022   66.68001   80.88834
  97.91006   72.910545  85.28817   75.44682   51.603214  69.407196
  56.451492  70.40497   74.91144   85.93694   73.782394  75.275406
  57.821083  78.416435  66.276665  87.83386   70.95934   76.82396
  69.34723   48.291378  58.933647  75.81438   59.22914   71.24694
  89.33967   70.65899   74.053375  79.50448   81.68654   79.568405
  59.375763  64.33125   80.51005   79.45263   64.408195  77.75236
  59.19657   58.71327   90.77495   77.77227   79.18642   84.96423
  72.78091   98.20246   74.025894  67.86527   85.35848   73.48136
  77.63417   75.4377    52.164837  68.30295   90.52449   64.208244
  59.300034  71.365944  92.76883   47.36857   58.06328   63.16499
  82.47455   64.46054   67.87916   62.796722  67.71119   76.61685
  89.63398   61.415768  61.616505  67.92941   53.744007  70.95951
  55.26977   64.82654   49.40712   73.8541    91.13087   89.924644
  82.56965   64.15642   66.47618   65.063065  67.68274   83.28727
  63.8744    72.12477   76.27749  100.88629   77.25241   85.871826
  67.53376   49.85855   96.92791   73.85521   65.723595  60.54359
  66.31112   95.950836  73.02048   78.49819   82.988434  84.40776
  66.28633   54.415615  66.4337    75.28512   72.40642   77.350426
  69.441345  73.82597   76.64979   69.59597   68.60235   87.75901
  89.182846  71.35249   78.60507   77.98031   74.44279   79.83305
  70.56783   69.32237   68.80224   88.068855  70.65555   63.532898
  75.10173   64.100975  60.82001   81.13901   82.34078   66.276306
  75.53474   69.096344  89.592995  65.10103   61.930645  75.08176
  70.78731   85.87649   58.717915  69.87413   81.38494   71.84719
  63.791412  68.37208   91.2852    74.862724  73.81552   67.82585
  71.21289   71.83495   70.46353   70.414276  65.714134  80.055756
  70.75224   65.446465  65.51775   65.60637   90.61884   71.877266
  75.924255  86.21427   63.15539   66.36064   74.5361    60.026253
  70.59565   76.44216   64.99125   67.39158   93.35568   69.76562
  71.64134   62.80977   68.90236   79.094574  77.413895  76.08889
  78.76742   79.01186   72.234665 101.505104  94.47822   71.69943
  74.81401   89.25824   62.793564  65.19978  590.9387    85.35819
  68.81618   83.85752   75.399155  63.264496  61.99272   55.63323
  64.49188   87.75311   67.269485  85.44216   99.444725  74.64065
  65.30563   83.37831   70.223816  80.49644   65.730644  73.29998
  90.48204   77.42917   62.273098  88.16324   66.7928    79.33032
  81.08724   65.53039   53.51114   75.14795   62.816124  78.815544
  74.73056   58.3623    65.07471   59.048233  75.30792   68.69133
  51.854877  70.43985   86.96768   65.00665   83.80303   65.307144
  70.13958   77.3158    63.18083   55.888676  75.72395   82.34993
  73.270035  72.67011  116.91004   95.70142   64.97741   80.74864
  90.60348   60.494537  71.530594  92.19177   83.15552   81.17674
  64.13124   85.87545   80.629486  64.37593   81.19005   83.96413
  78.18993   78.05607   61.253384  65.801704  80.71898   59.6906
  86.372215  62.60336   63.225246  69.42706   77.038155  59.805927
  74.7374    66.88451   76.63441   63.001522  81.73395   75.88417
  62.199295  49.022835  78.582016  73.014366  63.761562  55.201965
  87.878296  71.36716   61.537174  70.83496   66.72383   62.959446
  69.53407   62.901943  77.538124  67.51575   81.051865  78.9908
  71.693886  80.37229   68.04773   59.289627  84.41295   73.21645
  73.03328   64.48695  111.12267   69.09341   78.34285   88.579666
  72.17782   78.97924   81.055016  73.720406  91.08831   64.22857
  67.30857   80.52481   59.558407  93.84029   72.22754   68.60958
  92.02778   64.31822   65.868866  68.095024  75.942604  74.56314
  56.654533  66.077675  64.26582   70.00668   65.398674  70.11644
  64.882324  64.97206   57.440056  61.884537  83.63483   69.35079
  68.21229   86.339035  73.87842   55.523293  76.27913   68.703705
  64.564705  76.73433   68.36232   67.46818   57.782143  76.553474
  59.677372  76.55772   63.19278   99.71783   73.15872   62.764263]",0.627127659574468,0.5938001732031505
6,inf,3008,"[[-0.24699351 -0.03144409  0.1137169  ... -0.15209629 -0.03772125
  -0.26010206]
 [-0.09925593  0.39090735  0.1557602  ...  0.00122911  0.15430523
   0.3030453 ]
 [-0.38760602 -0.43219158  0.3578084  ...  0.16184089  0.254853
   0.16957371]
 ...
 [-0.11996269 -0.05592575  0.50749135 ... -0.05629433 -0.20809884
   0.1092074 ]
 [-0.05423753 -0.18696958  0.46363533 ...  0.683783   -0.3689356
  -0.05230406]
 [-0.70220476  0.35094103  0.3665978  ...  0.18539688 -0.00679604
   0.21367277]]","[ 82.78942   75.84179   68.02517   65.912735  60.996593  70.11019
  72.733925  95.63344   77.96966   71.21968   59.894157  68.98874
  69.99037   66.73658   72.17622   70.80605   63.009357  69.795715
  65.6666    57.371647  56.660305  62.541092  83.96633   61.35288
  67.163345  72.29662   74.60564   72.17337   60.6201    74.76126
  65.94431   73.79861   78.98731   55.19792   72.35566   59.59929
  64.51435   64.88703   75.950775  70.23386   82.279526  77.51065
  60.76385   62.12446   72.7467    76.14504   92.68988   64.39702
  92.3886    68.36632   64.99404   71.5728    69.95258   80.173256
  63.749626  72.51485   61.684624  87.38844   58.638756  64.903366
  79.206764  54.83636   80.4832    78.5158    61.412945  68.07357
  78.98199   70.21207   65.95316   83.83325   62.127884  73.65611
  58.349167  58.58437   71.19089   62.901787  63.909046  67.84592
  75.73411   81.065216  58.50236   69.53099   66.75468   72.1842
  74.33925   52.65782   77.48006   58.057503  67.24115   57.10275
  54.979744  77.79735   65.82532   83.98044   67.668465  87.28506
  68.74076   66.43316   62.539497  69.11346   75.13705   72.35235
  80.6234    65.9364    69.25819   81.880875  88.32653   76.99712
  61.035343  58.28379   62.766804  74.62426   82.9649    67.14303
  71.17477   62.072876  94.84289   54.853943  58.50841   93.98263
  60.88576   90.15324   53.28006   64.73423   82.46763   59.81299
  49.43263   95.265335  64.95323   60.606056  81.69175   80.44436
  67.82466   69.6514    69.57187   58.26476   64.69632   78.10557
  87.037415  65.86369   58.594673  62.334763  59.932747  83.15139
  61.692146  73.91598   55.094482  66.94264   81.47159   71.117744
  74.81841   57.202454  79.00577   70.822205  53.706276  61.697536
  63.98423   66.999     71.01932   95.80869   68.24937   76.82038
  87.64088   74.376816  60.66445   76.641525  63.186306  74.51262
  67.828354  54.311687  66.80638   55.474625  67.9156    94.24515
  78.92049   71.074646  65.07387   61.49023   78.752495  79.23633
  61.493732  62.108963  57.22519   66.90952   64.20272   59.29368
  69.56195   94.34422   83.41927   57.89934   72.540794  66.75467
  64.73696   76.10286   59.446083  54.397774  79.16252   64.25614
  62.582382  82.239494  67.498146  78.88456   78.38557   74.907394
  55.030254  75.37121   59.678677  64.69044   70.28164   70.73406
  54.95003   78.183876  69.8839    55.992374  72.93337   67.50649
  55.1269    62.935535  65.04356   67.433624  70.87956   60.0279
  78.889626  66.33731   79.62865   76.85206   78.67547   95.0547
  81.529175  68.720856  83.73111   69.430305  73.029686  78.28352
  69.054504  60.568386  69.97384   63.2425    67.05595   72.76915
  67.15865   66.02144   66.84547   65.729164  73.94655   73.003944
  74.11607   64.717575  74.81227   67.03683   65.294716  70.723274
  70.12827   71.96884   60.472458  93.72249   57.035126  63.517338
  58.457592  79.172005  72.541306  60.379097  62.68588   81.706184
  69.09726   61.528713  73.663216  56.65926   60.194637  66.44983
  81.635414  84.89539   62.30272   79.55326   57.85216   75.67106
  63.706886  59.664597  66.088524  70.52456   82.367485  87.84626
  60.83562   66.53638  105.65979   64.8959    67.28583   65.034966
  56.099995  67.06659   78.365776  72.2088    75.603485  62.514656
  65.87222   79.177376  70.53823   65.366776  61.820374  63.95308
  57.562737  69.060486  72.264275  63.13549   56.957817  79.450676
  63.524254  63.46522   72.209404  64.00666   78.04779   65.79889
  83.00517   76.2888    92.54254   70.0194    69.43635   76.25408
  84.68251   74.093735  64.9296    87.437996  64.3364    64.20187
  61.181675  56.349586  66.893105  72.21611   71.45762   83.75324
  80.64692   76.9715    67.82675   90.54563   65.00107   69.796364
 113.18403   61.05907   68.50186   63.919594  65.73231   90.25767
  56.80121   69.959984  85.86953   67.14532   61.469513  71.6766
  65.23248   65.9005    64.69361   74.52721   58.141384  59.182808
  83.39671   78.71223   67.61409   61.828705  83.53716   82.290535
  65.947945 109.02216   71.75501   59.789738  79.68903   61.720154
  58.965965  91.8523    65.63916   64.62984   87.88469   63.170185
  79.22019   70.24762   56.41216   69.12204   59.829967  73.367424
  80.03368   87.02631   57.645206  55.795063  64.59767   59.16044
  72.95298   67.557045  92.908936  81.27149   78.691025  80.7037
  83.9841    66.46983   68.781204  79.23367   65.75475   70.69288
  55.564846  89.396736  56.594078  56.977818  70.48576   78.43151
  75.87146   75.61585   59.63684   91.62664   66.54989   81.62081
  65.985     56.72933   66.42257   68.14125   65.510216  80.74376
 100.09547   71.94435   82.087585  68.50826   50.24757   67.72357
  56.788704  70.96      76.57505   82.73685   74.00115   73.903435
  58.890377  75.68543   66.690056  84.12214   67.798225  74.6544
  65.417305  46.720367  58.408157  73.38471   56.195095  67.677444
  86.548065  69.84806   71.27726   77.05858   78.61947   77.05939
  61.611736  66.006355  78.27541   81.58597   63.530212  77.27827
  57.532948  57.99896   86.20657   74.98072   76.06746   82.50351
  71.083855  91.71451   74.63544   66.316124  83.58747   68.25185
  78.10006   71.13099   50.64623   64.436646  84.8636    61.236134
  62.02261   69.07743   86.70177   44.757507  57.60132   61.660458
  77.395645  61.07955   64.57629   58.76496   64.8791    72.107216
  92.17772   59.159008  63.065075  67.414474  49.660046  67.96524
  51.725334  63.404755  48.75272   72.03861   87.675224  80.59471
  81.29193   60.927765  68.57934   62.50236   65.54984   74.7723
  62.008194  73.209694  74.74797   96.47001   67.24685   83.99256
  65.89578   49.16722   93.298225  71.34827   63.41972   60.486435
  65.54821   94.3448    68.98589   74.95519   80.13734   83.12967
  62.96996   54.841557  63.463585  67.68395   68.904045  72.51877
  66.970695  71.107025  69.24518   68.67188   66.44737   84.02679
  89.83418   68.15064   75.448044  76.78962   72.32073   76.35277
  66.20343   69.80295   64.65099   82.052444  71.68827   60.493332
  73.43069   60.445824  59.55045   80.75292   78.657715  64.48906
  72.903046  68.29782   86.91377   62.443348  58.16151   72.228424
  71.75641   80.09901   58.592693  66.98      78.41234   67.3109
  63.829292  65.526474  89.19111   73.06612   68.53104   63.926197
  71.234436  73.28745   70.82262   70.192604  60.034252  79.63918
  67.31792   61.9204    61.81458   63.841976  88.51237   70.84367
  71.131035  77.24568   60.24503   62.112556  70.255104  59.2286
  71.1306    72.46925   64.21433   67.50524   96.72208   70.34697
  71.98114   62.23303   68.63114   77.55567   74.07305   75.192154
  77.51858   74.38069   71.72931   92.64781   89.92119   66.68445
  72.24444   83.01542   60.251503  61.71523  571.7592    78.73002
  67.903625  80.43567   75.501724  60.98246   58.75274   55.133682
  59.887802  86.28316   63.567543  83.529785  93.91602   76.63519
  64.20443   78.92359   69.42609   74.2396    65.63476   70.91516
  80.04992   71.89158   64.32837   84.39764   63.0597    76.320274
  76.47573   65.16664   50.765476  69.94004   63.29557   76.47808
  72.93091   58.316875  62.934124  57.65715   71.06955   66.19828
  49.2357    64.85149   77.32869   61.5564    80.968254  63.03711
  68.426994  72.20732   58.440903  53.599495  70.316536  81.11636
  71.601326  73.520546 106.2634    94.22544   61.96942   79.16405
  82.86323   59.31268   66.299034  88.3186    81.2105    82.21275
  61.382908  79.47553   78.85446   64.67051   76.991295  77.22836
  73.77107   73.30661   60.45208   66.85344   78.26463   60.109585
  84.51605   60.355     61.65995   68.66728   77.47797   58.62197
  70.25059   66.104355  73.374916  65.44515   79.56024   71.51548
  58.703606  50.008255  73.42326   68.25979   65.57049   54.91127
  83.50451   71.817566  59.0405    68.76318   65.02874   60.148712
  65.37287   61.292118  75.171646  67.70471   81.10888   78.95758
  68.03765   76.19185   64.248024  56.11152   82.587814  73.064354
  74.38371   61.80425  102.83095   68.49459   71.236946  85.80162
  70.48376   75.18816   78.18536   73.22705   85.406364  64.181526
  62.806164  77.66483   58.441383  92.665344  70.27977   65.36381
  93.94786   64.09607   66.34204   71.73328   71.37655   73.59844
  57.44577   63.242817  64.01496   68.91368   61.974834  67.515854
  61.60521   61.692307  57.30955   60.913887  78.46497   68.30933
  63.149166  81.82264   67.28986   56.163246  74.14966   63.83226
  64.20431   75.29738   62.6413    61.28908   57.313225  73.95782
  57.87244   72.86383   62.48555   94.082344  70.667336  62.33334 ]",0.6430851063829788,0.6084352612495423
7,inf,3008,"[[ 0.02914199 -0.08657148  0.04012026 ...  0.00461158  0.1314531
   0.14279774]
 [ 0.24238984  0.41385     0.11724466 ... -0.20219558  0.12476154
  -0.05184123]
 [ 0.00448272  0.06568239  0.4637896  ...  0.48840496  0.14075617
   0.03139848]
 ...
 [ 0.1175516  -0.11974911  0.00775973 ...  0.2640919  -0.17487808
  -0.2314088 ]
 [ 0.18886112  0.4161183  -0.07318614 ... -0.18468663  0.17276248
  -0.17302534]
 [-0.25386724  0.11492965  0.34062776 ...  0.20858328  0.06600112
   0.39986423]]","[ 78.981346  71.960434  63.68569   65.48657   59.571785  67.415504
  70.05471   92.46363   76.86045   71.16059   60.54561   67.219086
  69.35734   68.38184   73.4176    70.53987   62.95843   66.194
  61.579926  55.781612  55.036835  62.87363   80.054924  60.73493
  63.314808  75.57113   74.00532   72.65784   63.855934  71.612686
  62.96581   68.54147   78.34235   57.520355  72.4577    59.37388
  63.59326   65.178505  75.69141   65.38219   83.29823   75.53294
  59.313072  60.44672   70.495964  77.51873   87.218735  64.558754
  92.811     66.86189   63.439926  68.4931    67.31187   79.01602
  63.494095  72.85174   61.319355  87.00755   55.551044  62.68255
  76.63112   53.211246  76.9203    73.46257   61.942017  69.16645
  74.681854  68.05057   64.564766  79.84035   59.18223   73.38057
  54.516445  54.83861   66.46746   60.717075  59.853676  62.97174
  81.59607   81.26158   57.041973  68.350555  64.86143   71.889946
  72.11455   51.8074    73.27532   56.276672  66.857056  56.682537
  55.535385  74.52122   64.50886   82.70571   67.16946   84.16404
  69.14863   62.798748  65.812225  69.25732   73.35595   70.231834
  80.33539   64.11837   68.982765  74.84161   89.1012    73.651665
  61.61129   57.90414   62.49301   73.19822   79.987946  66.1781
  71.65974   61.415108  88.927     54.590782  60.218903  93.97754
  59.436928  85.982574  53.452587  62.2608    79.40188   61.329395
  49.444374  88.8166    64.1031    60.575623  76.37509   81.09747
  68.14826   68.00944   67.39531   60.842293  64.2457    75.47361
  86.761986  65.15257   62.07253   63.653873  56.35842   85.084496
  60.087635  69.44862   53.40906   66.73364   77.14741   71.97214
  75.958046  54.39284   78.63237   69.91434   52.233295  62.05503
  61.37631   64.84882   76.18312   91.07924   66.892975  76.64152
  85.96284   74.13179   58.620167  75.21501   62.035084  73.93208
  70.76682   51.89844   68.04473   54.656746  66.64873   90.374084
  76.31144   70.637115  65.338875  65.17614   76.86838   78.94177
  61.072857  60.661694  56.21788   63.087463  62.407383  61.721287
  70.03477   89.75787   80.95656   56.677074  69.307945  66.7441
  64.15844   74.87066   56.28144   53.629105  79.23702   63.728786
  62.58115   78.632866  69.983696  76.1676    78.17513   74.88844
  57.651283  74.2033    57.15189   67.587975  69.25758   70.996635
  55.877243  71.30595   66.95354   55.00815   68.32004   67.86559
  52.880836  63.56889   65.49619   69.553116  70.89187   61.144005
  75.59477   67.84421   80.04347   75.83908   76.04602   94.459435
  76.91764   67.69442   84.575806  70.37354   71.37119   76.85024
  67.558495  61.56315   67.771996  60.53569   66.34601   70.075905
  67.45865   62.74355   67.214294  62.67422   72.46812   75.11771
  74.74431   62.196457  73.08469   68.07541   62.647522  67.572334
  70.97492   70.4361    60.30629   92.836426  56.5947    64.40972
  59.220215  75.80387   69.79381   61.128227  59.77821   78.86968
  65.32009   58.98448   71.77994   57.48071   61.17906   66.07861
  78.63174   82.77215   60.826286  76.591896  56.857872  69.39174
  66.917046  58.480213  62.811817  70.5735    80.9566    85.49536
  59.086834  62.186817 102.403656  65.1555    65.85186   62.535282
  54.09014   64.41906   81.252335  71.39179   74.57237   62.309284
  65.39657   78.59481   63.515354  62.32642   60.920002  59.21908
  56.432056  65.78594   69.44231   61.926643  55.42176   76.760826
  59.99468   62.932713  69.70647   61.040398  76.76244   62.30519
  77.264915  72.74315   88.46683   66.176765  69.673134  77.394135
  77.965195  70.01626   62.646553  85.544624  63.22826   63.252087
  58.254     53.838474  64.38931   71.30064   70.17571   84.55264
  79.68275   72.47006   67.12315   89.43499   62.62172   68.27092
 102.08972   58.34146   67.17517   59.59492   62.34761   91.24793
  55.19433   66.719635  78.30691   69.4558    60.888847  70.456764
  65.83748   65.55567   62.74881   72.46952   56.536854  55.100365
  83.34413   78.19532   71.33136   59.613182  80.57078   75.04644
  63.37332  110.18858   69.8528    58.439682  75.53528   58.12967
  56.932556  89.43461   62.971947  62.08064   82.70439   61.85818
  77.90041   67.87405   55.519054  66.26393   58.538193  75.29951
  76.99943   84.04253   55.172108  55.81623   61.909637  56.85809
  70.92392   67.15254   92.16886   78.22512   75.171234  77.12284
  82.30554   65.10088   65.57179   75.338905  65.23445   66.53981
  54.092804  88.81671   56.39536   56.23132   70.51106   75.025764
  74.34227   72.22472   56.224136  88.99644   65.92087   80.62122
  64.90875   55.3431    63.600746  65.4932    66.53958   83.25821
  95.60902   70.991356  81.424416  71.59858   49.100014  67.94985
  55.48887   66.75502   75.51909   81.071724  74.08607   72.09806
  56.636158  74.375206  62.883915  85.7664    64.349815  72.81787
  66.065674  47.197277  59.097458  73.09346   57.10895   66.99811
  87.63194   69.82677   71.70354   75.86622   80.00749   74.265396
  60.946335  64.79731   75.57765   76.71878   61.267204  74.34409
  57.424446  56.04094   81.29554   75.83474   75.60868   78.63724
  71.19212   91.32616   71.64758   67.81953   80.16098   65.68391
  73.8585    72.70364   50.240723  62.92818   80.08971   64.99971
  59.142895  66.64377   86.93022   42.489952  56.234062  61.06391
  74.05448   61.585342  65.17787   57.992847  65.60456   70.292404
  96.00461   58.212234  62.794544  68.44301   45.84959   71.96565
  52.071846  62.48693   47.087082  67.53363   83.93248   80.03879
  79.44898   57.998512  67.32019   62.238365  65.79891   72.33929
  59.809666  71.13873   71.58885  101.854454  69.17414   82.80564
  65.45133   48.074066  91.04294   70.64022   64.17312   61.15455
  65.24995   90.78448   69.82093   72.89191   77.14203   79.49095
  62.5629    51.697292  61.426167  65.177284  66.35702   69.76694
  63.880154  68.22189   69.27627   68.173935  63.797855  78.60557
  88.56092   68.01076   76.99369   74.918045  69.43495   73.36133
  65.33848   66.54233   66.90625   82.61358   69.52686   59.37408
  73.56299   62.83659   57.54924   79.76424   76.530876  62.82901
  69.60855   64.838066  84.58381   61.259563  58.13674   69.45274
  68.023026  74.97525   56.597195  64.87215   81.333534  68.668526
  60.947395  63.76366   85.38511   71.091156  70.42651   63.09384
  70.37521   71.56896   68.259186  68.438255  58.461025  78.460045
  64.4695    60.371124  63.769283  61.16692   83.930855  69.46386
  68.666214  72.9908    62.010906  62.600082  71.50724   57.01385
  69.995575  71.66213   62.864933  69.23016   91.281075  68.292625
  68.93631   61.358513  68.67558   75.03148   69.96185   70.41245
  77.84359   73.87508   67.24809   91.83938   87.20594   69.449425
  70.22426   82.698456  59.873295  59.037952 562.4258    77.09178
  67.86405   82.736786  73.41413   61.30663   53.94757   53.54427
  59.018818  82.04665   65.0659    82.70668   90.99636   77.87391
  65.96069   75.60016   66.21986   71.92291   63.875244  67.89297
  76.73029   68.9864    61.11666   84.52142   61.26887   75.89215
  76.77086   64.31234   51.88299   70.41572   61.49585   75.50013
  70.066     57.771706  62.081417  55.531136  73.27297   66.75062
  48.758396  65.31612   77.011505  60.706284  79.45176   63.80636
  67.59899   72.25643   58.47168   53.811764  72.10934   79.95848
  66.88549   70.61776  102.35115   90.65057   58.648636  77.45153
  82.24953   58.457657  64.525314  86.77172   76.91566   79.94226
  58.553093  76.85458   75.05751   65.18786   73.78504   74.83625
  72.98891   70.80041   60.104435  64.70359   75.66068   60.606277
  79.40038   59.71693   59.985046  68.75276   76.69949   56.527027
  66.09906   65.3635    75.06182   64.18115   78.06121   71.41639
  56.154594  47.85463   77.15764   65.15211   63.153996  55.40289
  83.34019   69.98583   59.21274   67.997665  64.5358    59.578106
  64.79107   60.824215  73.2083    64.20727   77.76937   77.52973
  64.96239   73.72211   61.825825  55.359097  80.783806  71.22012
  73.004944  58.61795   94.34571   67.447945  71.8885    86.91907
  67.733     73.13172   74.168625  69.943985  82.742676  62.951523
  60.536766  75.8679    55.09931   90.642715  65.75997   63.818943
  94.76985   62.338455  64.574295  66.467354  66.22618   74.73067
  56.82522   60.18962   61.76182   66.25829   62.58216   66.532585
  61.26164   62.111706  56.377888  60.91876   75.33899   65.76383
  62.54723   82.81372   67.31293   55.068565  74.74155   60.28123
  62.6285    74.86555   63.501755  63.775337  56.398643  74.78769
  58.471622  70.8198    60.613113  94.8396    67.23848   62.398663]",0.6718085106382978,0.6221163829167684
8,inf,3008,"[[ 0.4348996  -0.05615548 -0.08526055 ... -0.03865742 -0.05938767
   0.33157474]
 [-0.13340636  0.3679118   0.1745725  ...  0.04082346  0.15397683
   0.1240675 ]
 [-0.05270822 -0.14055039  0.24507876 ... -0.098397   -0.05032527
  -0.05068191]
 ...
 [-0.11558904  0.11256596 -0.1024033  ...  0.5845904  -0.11273381
   0.2198387 ]
 [ 0.04206761  0.08472665 -0.117445   ... -0.19069007  0.43416896
   0.17944054]
 [ 0.07536522 -0.1846444   0.5200508  ...  0.21659741  0.0493174
   0.42984298]]","[ 73.81114   68.41161   58.814346  60.04403   56.12233   64.47104
  63.753365  90.538185  70.70476   65.93854   55.150322  63.606255
  64.818405  63.73803   70.157646  62.945026  59.79015   64.38975
  61.228184  53.702255  50.565056  56.2583    78.83342   57.371994
  62.10022   68.458984  67.537094  67.10708   58.49498   63.731087
  54.979477  62.663754  71.741646  57.26439   70.62315   55.85754
  59.541973  58.675667  69.4523    61.44947   75.26239   66.45821
  52.36344   58.60675   66.16305   69.74571   80.60626   59.72469
  89.58876   62.844753  61.384552  67.402306  63.694958  73.570755
  56.12368   66.52425   57.31338   77.50442   52.077686  57.771095
  68.634224  51.64024   68.2437    70.03786   56.93061   61.91696
  67.77315   61.823223  63.364883  70.42807   57.711517  68.62431
  53.84773   52.23524   59.498302  54.737217  58.998066  58.804916
  71.46264   77.78203   54.19413   64.1345    61.834366  64.68737
  65.05911   49.782963  67.27071   53.731266  64.44567   52.015053
  51.253418  69.234764  60.67778   81.80175   61.268204  78.626595
  64.20403   59.074627  60.46829   63.548676  69.69532   64.415245
  74.17028   60.693417  61.75606   70.89377   82.50562   69.94559
  56.59845   54.97677   54.6718    67.57197   72.28598   61.54536
  65.82345   56.594463  82.49674   52.49699   55.50719   82.481125
  53.519764  77.97239   49.99861   60.666332  75.245735  59.91169
  48.65083   81.76949   63.529743  58.42034   68.23898   73.151535
  62.16994   63.890297  64.18198   58.41505   62.013718  74.56325
  76.999146  62.90803   56.85125   58.65229   52.85236   78.773735
  58.340584  62.50107   52.43424   59.030544  72.55066   67.590034
  67.805435  50.58425   74.063385  63.097755  49.59191   56.882263
  58.41592   60.020515  70.237686  81.92      64.04172   69.784515
  81.0918    70.32954   53.913128  66.4898    58.6613    68.566
  63.107445  50.94144   62.947605  49.237316  60.46772   86.44776
  72.631905  64.696304  58.024723  60.65695   73.02833   76.46682
  58.098183  55.253864  51.104485  57.752617  60.73425   57.78051
  65.35011   81.99237   75.92762   54.845234  63.4697    60.78078
  57.85313   70.40401   53.660637  50.67451   74.16197   61.27059
  56.88963   75.07141   65.60987   68.87936   72.547104  71.668526
  53.00933   64.30374   55.446877  62.38761   65.99816   61.52619
  52.612095  64.831924  61.47594   52.77752   65.49367   62.97145
  49.24563   59.45823   61.863518  63.722733  66.466995  54.06606
  70.92908   64.05723   79.66099   71.78634   75.41974   84.90184
  73.97317   61.604958  75.973854  63.73843   68.01997   72.30255
  60.498383  57.97222   62.08266   56.145065  62.844025  65.49151
  62.331795  56.934578  64.5478    58.1791    65.47688   69.71921
  72.25062   56.840176  67.69232   61.122185  61.21369   58.709938
  66.10425   66.84351   53.91967   92.237015  52.412273  60.135857
  54.492195  70.87833   64.85982   58.27016   55.624603  72.14357
  62.212524  54.069347  68.591095  53.257595  56.635483  61.82585
  73.11932   77.1325    57.627743  73.42811   54.661697  62.79482
  62.62432   57.598896  60.78193   65.99134   74.28523   76.87202
  56.236492  58.02317   93.88227   62.73621   58.971252  55.97878
  51.963104  62.25488   73.52535   66.85688   70.81123   58.441654
  64.42916   74.85395   59.375217  59.40559   57.32668   58.05219
  51.123985  62.658127  66.69134   57.913513  52.895676  64.22468
  54.707584  61.50295   65.97782   58.1925    75.50534   56.962177
  70.70509   67.598274  85.57142   61.379383  64.882126  74.672714
  76.078094  60.40079   57.49967   73.90355   62.007168  59.922424
  56.96552   53.059597  60.21436   66.97598   65.69217   80.38027
  76.94804   70.102234  62.983852  75.73649   61.444542  60.0049
  87.06919   55.476143  60.604298  55.238625  58.83183   90.763954
  51.692112  65.201416  72.5623    62.438267  56.142483  65.107346
  59.52846   61.485275  57.994217  67.01371   56.34505   51.351486
  75.36854   69.81375   62.60978   55.088463  77.68134   70.18485
  57.11299   99.78252   65.21896   55.333992  71.826965  57.304405
  53.27236   84.07879   57.54131   59.083668  77.73597   59.89233
  71.42197   68.549164  51.290165  59.311565  54.03146   65.95902
  70.20157   79.946304  55.82245   54.281788  58.60997   53.16507
  65.58374   65.31885   83.71366   74.793015  71.63215   70.77059
  75.40886   62.38256   60.807793  69.559616  62.638577  62.800453
  48.59262   82.49077   52.948124  53.54445   65.40946   69.24751
  69.10145   65.53627   56.1725    80.00918   62.26409   73.0963
  57.573288  50.90876   60.467937  62.611713  60.537724  79.11118
  94.493     67.13581   73.9376    68.30959   46.788177  64.249825
  52.06405   65.932     68.68275   76.85779   70.56951   67.120186
  55.54654   68.57171   59.249683  79.39103   59.214787  66.01508
  63.976376  44.56354   55.725403  68.74222   54.851227  64.77867
  80.59825   64.99159   68.311066  70.06617   70.90887   69.102455
  58.55588   62.202873  74.26625   73.018135  56.997074  71.96337
  53.978176  50.092308  74.06516   71.60174   69.69988   73.128265
  65.53176   83.38257   69.107216  63.353477  71.82937   63.599293
  68.57103   66.56459   46.908714  58.80148   71.53756   59.68951
  55.893192  62.67243   78.56747   39.94896   54.741375  57.70645
  67.243416  56.06487   61.960514  58.915394  63.612244  66.50945
  88.94752   55.009876  58.061535  60.37719   42.20636   64.25985
  49.06297   59.6035    45.881016  63.440445  78.91452   72.10269
  73.39767   53.583923  58.98327   58.40076   60.065746  67.01758
  56.98904   65.97482   67.53418   87.37343   64.55456   77.9509
  59.159817  45.054306  83.66111   70.50322   56.577286  55.688095
  61.66811   83.625435  63.62068   65.90009   74.52772   74.53874
  59.849987  47.3384    56.79291   65.341095  61.468136  63.149895
  58.359592  62.487183  66.15136   64.32582   61.425262  72.443665
  79.89459   64.22311   69.58006   67.062744  64.12899   68.51464
  62.38708   63.571667  63.377956  76.87778   64.98067   54.665028
  68.70068   58.716057  53.604034  73.13171   71.204254  57.00288
  67.28597   62.40078   83.05446   54.923645  54.058018  62.302193
  66.60977   69.570206  50.831818  58.387817  74.85144   61.82314
  55.500877  60.669186  80.75616   66.71939   66.07944   57.42939
  63.50247   67.7569    63.950623  64.13358   56.27219   71.949425
  57.628212  53.400345  60.284145  56.061615  79.56163   68.459305
  61.873287  70.18399   55.924793  58.613247  67.977905  54.56205
  67.68072   69.351265  58.681026  65.1331    84.21774   63.345577
  64.102264  58.029396  64.19988   66.8486    67.26824   61.752693
  69.90972   65.496445  63.64284   81.87002   81.674034  64.421684
  69.44005   73.83326   58.0309    56.636227 532.94354   68.26129
  61.81086   73.119316  65.74969   58.596687  52.810913  51.226227
  59.143898  79.40593   60.980255  74.62873   81.55932   71.045586
  62.431606  72.83903   62.571926  64.36347   58.766335  63.0609
  69.26409   65.920425  56.51197   76.66924   55.975346  71.08078
  72.18523   63.219513  47.514416  64.01033   54.834335  72.77145
  64.21341   53.87842   58.3738    55.291607  64.45757   61.613625
  45.596317  59.2645    72.302505  56.663948  74.6978    59.886814
  63.117264  70.22243   57.8443    50.649574  65.87986   75.41566
  62.896717  65.73283   89.11147   85.23249   54.034523  71.03449
  77.611305  55.13847   59.97421   80.946945  72.76242   77.21481
  54.169357  72.72186   71.4548    61.68026   67.9722    68.82121
  67.54763   64.38486   57.020435  63.001633  70.32476   55.564793
  76.09086   58.598457  59.41918   66.28015   72.03726   51.951393
  63.709156  60.19284   65.309425  58.42356   69.99992   68.24958
  53.892376  44.50161   69.01516   59.394146  57.688873  52.075043
  75.27163   64.514206  56.434948  64.38837   61.11459   53.77849
  62.554115  57.688297  67.80213   59.869736  74.8752    71.0883
  64.49777   65.92727   60.62161   54.447197  70.8914    67.31591
  67.5864    55.09445   86.76853   62.955128  70.45415   79.12186
  63.06436   67.56352   68.494995  64.783295  77.793396  62.97427
  55.85131   69.926544  49.66664   85.40237   62.289265  58.781136
  88.282425  58.28278   62.714905  61.626377  60.873245  72.63247
  53.62788   55.11929   62.527267  61.79146   58.303467  61.467438
  55.298046  59.006218  52.75062   55.981636  71.41999   61.869465
  59.38364   76.59441   62.94189   50.3888    68.63623   55.671146
  60.310448  69.20667   60.130653  59.134243  52.18374   66.068436
  55.91109   67.65941   57.988064  87.10812   65.71641   59.155746]",0.6941489361702128,0.6558579405148824
9,inf,3008,"[[ 4.67989057e-01  4.35082316e-02  1.46704927e-01 ... -4.48932983e-02
  -1.29144222e-01  2.12395966e-01]
 [-1.41642503e-02  4.10688579e-01  1.35010794e-01 ...  1.74855646e-02
   1.97138637e-01 -1.04398325e-01]
 [-5.40916692e-04 -6.08383715e-02  6.00706339e-01 ...  1.78172424e-01
   9.18280184e-02 -4.18344606e-03]
 ...
 [ 9.36988890e-02 -1.07992232e-01 -2.54693292e-02 ...  3.78401309e-01
  -1.90453213e-02  1.22258319e-02]
 [-1.03971995e-01 -1.41654506e-01 -1.32361367e-01 ... -9.41114724e-02
   4.37470526e-01 -3.92220691e-02]
 [-1.43708840e-01  1.11493198e-02  7.34799877e-02 ...  1.00843087e-01
   1.07483298e-01  2.87702113e-01]]","[ 65.16924   61.864105  52.53039   52.719456  52.47436   53.871967
  54.569897  83.16529   60.398823  59.86147   46.946392  54.843758
  57.076252  56.139675  58.92293   55.0804    59.26535   51.460236
  53.099884  46.15174   44.194244  51.69951   70.91489   49.00353
  54.238087  62.629837  59.989513  56.76246   51.988358  57.228382
  52.285194  53.009056  64.363266  53.804806  62.896946  50.746624
  52.517616  49.068027  60.29332   49.918888  67.29906   55.86881
  46.51351   49.14223   59.835033  59.636967  69.964806  55.283142
  77.73667   56.92803   57.52399   56.584957  56.968475  58.403606
  51.23959   59.99564   52.025562  65.35732   46.54076   53.137173
  57.682144  46.265553  61.187428  58.262253  50.3048    56.2214
  60.762627  57.608807  51.590565  58.007263  50.649643  59.504726
  49.11383   46.81987   54.251553  49.246586  53.082726  52.791214
  59.55157   65.67552   48.2937    56.213867  55.264935  57.734425
  61.894463  43.802315  56.62728   50.192215  55.504288  46.750896
  48.695614  57.7358    54.70576   67.54481   51.978405  70.30506
  58.329803  54.528496  54.788376  58.405956  58.32338   55.643356
  64.171326  52.185055  55.496185  59.013798  72.24049   58.366978
  48.435444  49.22108   47.13292   58.71049   61.74227   54.300823
  56.17486   49.573254  71.55332   52.512497  48.071136  70.830475
  47.329975  66.393524  45.240795  50.86824   64.675865  49.059433
  42.93      68.94336   58.422295  50.62849   62.418243  64.294235
  56.893463  56.45986   56.39343   51.18148   54.796318  65.08432
  66.36756   55.64392   49.497486  50.528687  47.876144  65.933586
  50.94324   56.480633  46.285027  54.12115   61.078312  60.82031
  59.61946   46.033154  61.261093  54.675705  44.616642  51.6031
  52.868015  54.75106   58.938915  69.47493   49.678314  61.557175
  71.70093   59.885044  44.464157  56.782337  53.307274  63.890095
  56.20679   46.077915  54.95664   44.376766  53.930965  75.92887
  60.118008  51.842407  53.236538  55.109818  62.26911   66.536354
  49.871723  50.187855  46.682205  49.11166   52.2324    54.18503
  54.440655  69.853355  62.586784  48.54581   55.25552   54.896927
  50.51934   63.81366   45.857677  44.697132  65.292015  51.928703
  50.46638   66.362144  56.36072   59.523365  62.29395   64.76428
  47.441864  59.08178   50.8644    55.28726   57.506443  55.148388
  44.8669    56.658005  55.58968   47.7023    53.176495  55.235016
  45.25315   49.968777  54.90662   55.653797  55.495327  50.899563
  59.766937  54.222534  67.76986   64.586266  67.3959    71.753624
  65.22373   55.341976  65.32149   58.039734  56.94576   60.38865
  54.151302  51.333622  54.126408  48.716248  56.636673  59.156097
  56.32699   52.92177   54.9087    53.730827  57.8258    61.11829
  60.595993  51.89303   59.245472  53.614002  54.13546   53.74587
  59.35048   59.338093  49.930393  92.33956   46.14448   55.79878
  50.210957  64.1467    53.728737  48.848797  51.326946  61.94732
  55.863617  50.882195  57.474785  47.456524  49.884827  53.012833
  64.02077   63.98588   51.39092   59.573414  49.297543  56.175983
  53.502857  53.885227  53.638935  52.75138   63.823055  63.751286
  48.080784  50.637245  77.328705  52.456642  52.321167  52.21958
  47.740776  57.76475   63.981045  55.164204  59.65425   51.208317
  55.649128  65.29701   53.69486   54.003334  49.128883  50.99579
  44.71848   52.43882   57.21532   54.051964  45.77834   55.790382
  50.319614  50.82434   56.89657   53.990208  67.68734   50.804787
  64.0917    60.10182   67.811104  51.737827  56.65136   63.67034
  62.335434  55.83098   54.327744  62.742702  54.864403  50.236248
  50.77367   50.21662   52.476746  60.787796  57.1652    62.68966
  65.49931   63.03073   57.72674   67.99563   52.27003   52.174747
  76.560425  49.851307  53.076286  49.958614  52.171776  92.50166
  48.523026  58.719402  65.333405  55.943874  49.767757  56.52943
  49.35693   56.77628   54.95853   61.416763  47.950996  48.997974
  68.26032   61.408546  53.85886   47.834225  68.07205   60.546394
  52.961536  77.499725  55.23565   47.976494  63.636433  52.66152
  49.10505   72.90244   49.51496   51.624847  69.43408   52.427917
  61.322094  59.04499   47.18192   52.930843  46.184284  58.45491
  62.267387  68.182884  48.913975  47.387356  49.59902   48.51607
  57.325275  61.431046  73.55733   62.165234  61.96122   62.613594
  63.56944   54.047245  53.174515  58.0444    55.06004   54.850063
  42.99203   71.564804  47.7005    48.311363  57.695168  60.209747
  59.491585  57.139248  48.36512   71.8784    53.735973  64.37435
  51.341267  49.68461   51.322807  55.247704  52.613495  68.22623
  80.14924   57.873783  62.97153   60.76275   41.75972   54.86428
  46.880566  55.67054   60.784344  69.92182   60.837402  61.754585
  47.85614   60.174004  56.583843  66.92688   53.348515  59.761806
  52.97958   39.976048  48.21894   63.14983   48.46097   57.959507
  69.41321   57.084778  61.24426   62.71388   60.08436   59.487827
  50.59158   54.209522  63.983227  63.602165  52.54018   61.744568
  48.36953   45.156185  62.202747  59.754444  62.00128   64.36118
  58.002792  71.85437   60.395782  54.17925   63.03603   57.55361
  61.654022  59.680157  44.057304  51.416912  63.051315  52.33517
  48.995533  53.86661   68.26553   38.249756  47.968723  50.24473
  56.149334  50.88267   54.323666  53.291164  55.192993  59.499256
  73.03386   48.32106   52.199783  52.94665   38.497208  55.927727
  43.565937  51.19292   39.911774  55.51547   68.058846  60.10411
  65.21328   48.422203  54.40916   50.61152   55.96129   56.737663
  51.44863   56.744003  59.332012  73.62316   55.873466  65.016785
  51.16931   41.977615  66.68729   63.90265   49.613815  51.966187
  53.594753  72.62485   58.373825  57.959347  66.01727   66.850235
  52.60862   43.51627   53.624302  56.232853  55.61709   54.672092
  52.67967   56.301323  53.714787  54.213017  53.63448   63.756664
  69.55464   53.7165    57.98749   59.352524  56.872124  59.762512
  55.65767   55.550343  55.16898   69.69776   57.831905  50.378475
  59.969578  48.99255   48.886585  62.07682   60.00658   49.749744
  64.05603   53.58206   74.00451   49.457302  49.495598  53.520355
  59.631767  62.29049   47.207928  50.601414  65.51493   50.135735
  49.83133   53.97554   71.16664   54.673695  57.114674  50.15592
  53.078243  57.670033  55.97823   52.123146  50.861774  61.843292
  48.917763  46.05101   53.787033  52.451046  69.57792   57.774258
  53.986477  64.51577   49.306507  50.224953  61.330692  49.434048
  55.6132    58.285114  53.22545   57.61257   70.174965  53.255524
  58.130116  48.958763  55.337677  58.26247   58.956535  54.07044
  63.72972   61.018982  55.78064   71.49897   67.28612   54.560253
  56.54216   65.833786  50.908268  47.7143   451.73685   58.83593
  52.198227  59.83436   56.98679   50.47366   49.87545   45.12733
  51.677124  68.52624   51.876324  63.80847   71.05414   62.926098
  53.84425   63.389015  53.569126  60.77919   51.727158  56.01219
  63.028625  63.240906  50.66606   67.75457   50.039158  57.126896
  62.944775  55.761303  44.811424  56.44134   49.91528   59.43391
  57.13993   46.99283   50.75158   50.040703  58.571823  51.678497
  40.18068   52.71146   59.08862   50.276695  65.55905   51.365227
  54.41006   60.56673   56.779964  45.99957   57.583637  62.697624
  55.771675  60.020794  76.01368   69.68132   47.853     66.254166
  68.75351   50.442207  53.325504  66.15361   62.974655  65.28415
  49.74639   65.10644   63.934086  51.493736  57.10812   60.23588
  61.852882  56.399944  50.997635  52.930237  61.629     48.80187
  66.9431    49.676018  52.212852  54.89349   63.303364  47.73836
  53.72498   53.62626   56.71011   50.0885    61.134182  55.4459
  47.360348  41.787838  56.816643  51.71622   48.74103   46.91193
  69.67161   57.600994  50.501015  55.70217   54.70722   47.617405
  52.115875  50.80156   60.167816  54.015255  63.90964   61.77872
  56.6254    57.12991   49.276695  47.50293   58.97795   59.744217
  56.661263  50.845043  80.37788   57.232086  58.46924   68.59152
  52.179596  57.631336  58.588905  56.32119   63.44537   58.323742
  50.47434   59.93747   43.486145  75.871574  54.603134  53.212288
  74.52465   52.834312  51.819115  52.282608  53.561665  63.287075
  48.410854  49.93009   51.979473  55.623554  49.425697  51.601913
  47.575314  48.667675  46.196785  51.98717   62.80799   53.25176
  51.74225   65.39401   54.89574   43.475086  60.566788  52.606663
  53.859585  60.019764  53.3114    54.196552  50.533615  59.00454
  48.468685  59.437283  50.806587  76.35041   56.842415  53.507923]",0.7292553191489362,0.7020638763904572
10,inf,3008,"[[ 0.5422743  -0.09496433  0.12873228 ...  0.00493316 -0.03600195
   0.03156577]
 [-0.00932021  0.4335486  -0.08383627 ...  0.13708141  0.12823364
  -0.07076442]
 [-0.01266988 -0.05249476  0.4458194  ...  0.12232548 -0.00914655
  -0.05780932]
 ...
 [ 0.02807819 -0.05332666 -0.13191766 ...  0.57267874 -0.03028672
   0.07899618]
 [ 0.01522754 -0.08500502 -0.0429684  ...  0.01864707  0.5713876
  -0.00146346]
 [-0.07727101  0.00314348 -0.06308588 ...  0.11690994  0.06731698
   0.4788571 ]]","[ 60.490013  56.115437  45.131508  48.328594  48.00729   47.661964
  49.272297  66.08167   51.901558  52.623024  42.646973  49.561455
  50.08004   51.477383  48.144173  48.092957  58.704556  48.298496
  43.976604  42.8127    41.014862  46.667675  64.33765   46.448586
  46.528633  53.338432  48.93007   45.18231   45.469837  53.775433
  52.22742   49.255386  53.654247  48.8997    56.53756   43.54639
  46.837624  46.542545  53.561794  44.72012   59.199516  51.57515
  41.070232  41.099396  52.16077   55.809284  60.885193  49.140095
  61.436237  52.395504  54.30423   48.27705   52.52156   54.361496
  47.36695   50.689865  44.77483   56.343456  44.447823  48.169937
  51.49082   43.169056  51.893074  51.872643  45.53619   51.836735
  56.240166  47.39066   47.211433  47.896862  45.133583  53.042923
  47.410755  42.426422  49.680923  42.799442  47.967304  48.12586
  48.892998  53.249016  41.3913    48.348904  49.23125   50.65749
  54.493874  43.772182  50.933258  46.310375  51.152     40.750793
  40.68197   49.6603    46.96862   55.747135  45.553688  63.379032
  52.19419   50.27151   45.298965  52.2957    53.65933   47.64737
  57.375477  46.394012  47.873222  49.64454   62.930782  54.260258
  46.855343  44.529655  44.91017   52.24928   55.615532  50.36012
  47.28065   43.976402  64.04643   54.20193   43.23533   63.40167
  44.84361   59.643715  42.702965  44.965557  56.177635  45.167313
  40.964977  64.20793   57.851933  46.563004  55.41489   55.37545
  49.713276  49.986794  49.984337  46.920692  50.81418   56.11056
  56.974197  47.964348  42.26007   44.28487   43.206184  55.281048
  45.36723   49.185783  43.13583   48.570374  55.533997  53.52223
  51.55883   42.73863   53.95052   46.34763   39.141056  45.08026
  50.883778  51.559235  50.01101   63.80849   47.222885  53.82696
  61.599983  54.21668   42.038967  51.08536   43.068348  59.963432
  49.56005   43.33318   49.396767  38.98833   46.830296  67.42598
  54.17487   46.009426  44.550068  45.540874  52.334873  61.664577
  45.429165  42.36931   40.36821   42.846672  47.71643   50.603127
  51.618607  62.078575  61.21288   45.69721   49.993797  48.74559
  46.577812  56.288467  43.516327  41.29222   54.77485   49.83858
  43.15253   59.420406  51.489426  53.040497  53.348545  53.322838
  41.22071   50.278397  46.657925  47.85222   48.641346  47.29569
  40.94214   52.510586  49.391293  44.101234  48.509285  49.58444
  40.206493  46.669605  48.487934  52.045757  50.738018  46.199795
  56.417053  50.949253  63.029095  58.07978   60.48657   61.485493
  56.40174   49.80537   55.83349   50.23321   55.783504  50.013805
  47.535435  46.451794  46.644783  43.627506  48.56786   52.500896
  48.96072   43.205166  50.45962   46.198402  51.63957   55.456844
  53.790825  47.16243   52.006805  48.227047  48.221848  49.10438
  53.04758   51.227333  43.589466  94.22572   41.306263  50.41228
  46.880493  54.55444   48.319546  42.526726  49.24668   57.929005
  49.939552  44.22396   50.42164   44.36818   41.613598  46.41244
  52.500065  55.05851   47.050816  51.510098  46.035168  50.404987
  48.813717  48.288887  47.227585  48.372272  56.402462  57.036846
  42.807148  46.40257   67.44084   47.749935  46.383743  45.0091
  41.084538  51.37355   53.962254  50.065105  49.78225   47.500175
  47.653408  55.98507   47.204346  48.72798   46.294746  46.12928
  41.81319   45.597015  51.761078  45.691742  41.87076   50.928635
  45.290665  45.161987  46.162052  48.955086  61.119663  45.13199
  55.239876  54.532673  59.992844  45.734035  50.583004  56.13978
  57.222595  46.95894   47.771576  54.94379   48.183613  46.40911
  48.00699   42.804474  48.500122  52.626892  54.240837  57.145195
  57.937313  56.43674   53.50081   57.37979   47.76879   46.92894
  72.52594   44.06806   47.296688  45.160282  47.10512   92.83759
  43.11926   52.88457   59.63985   51.82395   43.555122  49.684517
  44.785633  52.66092   49.525204  49.728848  42.264187  43.686436
  60.10557   53.018246  47.884655  43.989273  61.146416  56.08059
  48.211506  66.34906   51.696144  42.16813   51.936665  45.5158
  43.14348   63.290768  45.423992  46.315487  56.962788  48.164497
  56.461773  50.723717  41.39726   47.5586    41.905304  53.477177
  49.15695   59.5094    44.889317  42.18717   46.137104  43.397358
  47.32926   61.57362   65.70282   55.15341   54.45892   56.102234
  55.67053   49.34304   46.308514  56.98756   49.536655  46.679817
  40.41916   62.143436  43.50037   43.596195  52.806816  54.535465
  53.569893  49.100967  43.474518  62.96695   48.702995  57.36308
  45.277218  43.371323  49.023335  47.36102   46.689014  53.752735
  68.2099    52.382378  55.45841   59.637253  37.65426   49.147865
  42.37918   50.12214   54.090916  63.61881   50.0359    50.857914
  43.63084   55.595318  54.310844  55.816467  48.199436  50.6726
  45.60709   37.788548  45.647694  53.436462  43.185436  53.152355
  59.039936  50.502388  53.40844   55.986393  50.97311   53.437492
  45.873642  49.261993  54.866802  56.117107  48.76155   53.61549
  41.42345   39.768932  56.88256   49.933662  56.749413  51.63098
  50.76538   60.59723   52.768368  45.265347  57.968124  47.36139
  53.343258  54.292652  39.433727  45.824333  54.60346   47.02053
  44.485737  48.04877   59.29575   34.98337   43.011917  46.109417
  48.72415   49.86468   47.09478   47.412403  49.142044  49.512444
  66.9448    39.329796  47.40085   47.62242   35.79967   48.896664
  39.832363  48.028168  36.845943  51.74696   61.599915  56.02959
  57.634953  44.57803   48.09376   46.792732  47.681374  52.41858
  47.762157  53.207325  51.09683   66.024445  47.83889   60.459564
  45.311546  38.951267  59.293762  59.298115  43.37995   45.128376
  48.318535  60.930286  50.554558  49.27899   58.227695  60.12675
  46.926342  39.028465  46.06093   51.322605  49.09075   48.62587
  45.2535    49.930897  47.213108  51.073734  48.53894   54.246574
  58.384644  46.3906    54.409393  52.530697  53.3027    50.71341
  46.036095  48.9578    46.818714  60.346516  54.922127  48.20968
  52.00999   40.84048   46.57924   53.46097   53.945957  46.644367
  53.574787  45.9797    62.630356  43.76355   43.61005   47.86427
  52.288013  54.45804   41.8175    46.98063   56.07631   47.651882
  42.951397  49.06089   60.030582  49.12095   53.77495   43.255234
  48.728096  50.380344  52.530857  45.230103  46.049156  53.015717
  45.842518  41.61284   42.964993  47.313217  56.775024  50.5762
  48.20398   64.20802   42.438503  47.361153  54.649303  42.717342
  45.889614  51.442673  48.720856  52.959183  61.834297  49.659615
  47.759422  42.7057    44.88456   52.987232  52.229073  47.25613
  56.656883  54.420227  47.813286  62.794434  58.40709   48.76134
  49.804623  58.813805  43.837357  45.462986 417.25552   51.48559
  46.084873  53.483543  53.150814  47.16981   43.51757   39.43651
  45.719353  63.27383   47.594254  53.739414  60.08976   51.70113
  50.098743  55.52117   49.113213  55.97959   45.502533  50.52767
  58.207443  61.27898   47.124516  61.929005  46.271343  53.799545
  55.94801   50.806232  37.28551   49.43788   43.338707  51.473835
  50.525715  42.86866   43.12158   45.021595  50.071045  45.12341
  36.45931   47.20378   54.53233   43.578766  58.652073  45.59864
  47.475475  52.4098    54.310448  40.943382  49.9841    53.89345
  50.076958  51.02128   67.31318   69.148285  40.019936  55.04007
  60.833836  45.440014  47.718147  62.426945  57.644924  60.994804
  45.27164   58.57897   55.013336  47.331528  55.32532   54.032192
  53.21714   54.216652  44.795124  47.258347  51.19755   43.503826
  59.939667  44.131195  47.75225   49.032818  55.622993  42.848724
  49.81046   46.675804  51.205845  46.75014   54.991592  50.28819
  42.811283  38.640266  50.417072  47.47932   43.85295   43.580963
  62.1735    49.92877   46.778717  49.98662   47.12374   41.409378
  44.328     45.723675  53.020794  47.586452  55.480675  55.92467
  50.670177  50.47385   44.715908  45.900677  55.525513  52.6803
  51.837532  43.637882  80.87079   48.44669   51.440205  60.316933
  48.915455  49.25634   52.87242   51.784435  56.97962   53.543385
  44.64473   51.112526  43.28031   69.2075    47.857815  48.438557
  63.937683  46.557903  45.15576   46.852386  46.723133  53.01272
  42.87073   44.613934  43.95178   48.036217  43.576008  49.12271
  45.003746  43.85549   43.08093   46.0286    52.65127   48.78988
  46.643333  58.244423  47.182346  39.415855  56.972267  46.003773
  47.19867   50.1287    47.113186  46.854176  48.61056   52.53048
  43.455265  48.76973   43.88831   68.49097   51.130127  48.421165]",0.7393617021276596,0.7373844047387441
11,inf,3008,"[[ 0.6255849   0.02592098  0.0344131  ...  0.0404071  -0.05016808
  -0.0213494 ]
 [ 0.10972326  0.55453223 -0.00824835 ... -0.05891825  0.00696406
   0.00933243]
 [-0.0873477  -0.01784504  0.5421079  ...  0.05969458  0.0860768
   0.05760122]
 ...
 [ 0.00305936 -0.02834032 -0.0632901  ...  0.63216007 -0.0315703
   0.0156465 ]
 [ 0.0437565  -0.00328256  0.02808223 ...  0.09095588  0.65035117
   0.01764421]
 [-0.01363481  0.08042297 -0.00159168 ... -0.05715568 -0.06068932
   0.48974165]]","[ 52.769524  47.988766  40.15857   42.44053   39.853058  41.71654
  42.617996  55.67429   44.276188  45.17433   36.28657   41.77432
  41.725124  43.635628  39.404778  44.004288  55.092052  41.16918
  40.291515  37.173992  35.80672   41.065468  54.15132   40.451
  39.946087  45.03153   42.952675  37.39437   39.360493  46.41446
  50.38424   44.621586  48.0295    41.54973   47.597485  38.276367
  42.646366  41.267776  43.47009   39.349426  50.22418   44.54753
  35.617374  36.890762  45.852917  47.370457  49.816956  40.480064
  51.8574    44.24628   51.113667  42.18658   45.69988   48.890087
  39.23275   44.6669    39.8901    50.435677  38.54471   41.77891
  44.313316  38.001873  46.640007  44.541718  39.11236   44.430477
  48.774155  41.88918   39.53757   44.97623   40.966938  44.02076
  39.834614  36.92459   44.92808   38.7895    43.18544   42.758785
  41.30032   44.136513  38.050926  45.13228   44.399063  43.598194
  48.096855  35.95497   42.566757  39.715973  44.98704   36.55744
  34.711147  42.52834   42.099102  45.254898  38.93898   54.522
  44.642662  43.28246   38.43655   43.165764  46.30556   42.10518
  48.170788  41.97472   40.065727  43.040985  53.883617  45.822697
  37.468098  39.135334  37.20262   47.39726   47.914986  43.444366
  40.31315   38.0543    55.176678  52.851997  38.45526   51.813198
  40.083755  49.876125  36.856594  39.009327  49.06254   38.083492
  35.07311   53.602577  52.612373  40.37592   49.5329    46.876213
  45.12832   45.111755  43.725986  38.54743   43.256428  47.433754
  50.18132   40.03767   38.450348  40.152718  40.017452  45.925865
  38.71589   44.064026  36.533398  39.395332  44.527935  47.328087
  44.013428  35.72529   47.42002   40.86965   33.39081   41.38682
  43.110752  43.473003  42.637924  58.128155  40.992867  45.983307
  54.82397   45.906265  36.137768  44.058037  38.36764   56.49431
  45.082947  36.749813  43.58271   34.427437  40.062443  60.098633
  46.470284  41.40656   41.17522   40.980076  45.597134  54.34004
  39.507656  36.999767  36.356117  38.449646  40.69866   47.78453
  43.04422   55.208298  51.53867   38.524185  44.95945   42.047817
  40.408546  46.179897  39.42069   34.98575   47.674248  40.498447
  37.847862  52.134426  42.14125   43.347702  44.808132  44.667126
  36.437317  42.74445   39.97995   39.56284   42.687782  40.611572
  36.172253  42.923405  44.008083  38.16571   42.379852  43.722332
  35.343636  39.317608  42.619156  41.486813  46.96399   39.750908
  50.384064  43.33213   53.50503   50.1657    49.27424   52.092094
  49.133064  39.22898   50.424923  43.6187    48.228867  43.809498
  39.399746  40.36514   40.589466  36.80177   43.66827   44.811996
  42.995617  38.96194   41.458458  41.986565  44.30593   44.933502
  46.504982  40.664314  46.420006  43.22885   40.266613  43.85004
  44.762604  43.32852   38.40544   94.58905   36.5859    40.858532
  40.13685   47.909576  42.061462  37.389877  46.712963  52.691353
  43.689735  40.416416  44.963383  38.089676  36.365376  40.451794
  46.708176  49.267475  40.782875  43.544067  40.393764  45.694786
  42.14037   41.134415  40.935104  41.669216  48.188694  47.9526
  36.372425  42.724262  57.87646   41.624542  40.357983  37.99845
  36.56112   43.560158  45.348152  44.839233  45.009632  39.51329
  40.74546   46.836662  41.355225  41.93461   41.159042  39.675262
  35.298073  41.685177  45.67248   39.12017   35.182648  44.429745
  40.588882  39.07083   41.870373  41.911503  49.433304  39.07435
  48.7576    45.927963  54.46384   40.88564   43.924038  49.916714
  49.03532   39.430218  42.26763   47.996006  38.9288    38.939014
  40.945534  36.704544  41.922516  46.29406   46.01481   51.831413
  47.873524  47.834404  45.469166  50.966125  41.94595   41.018673
  67.64556   39.027557  41.410072  41.948387  41.46509   93.134926
  36.939415  44.893387  54.025314  44.07635   37.096436  42.48759
  41.06516   44.383804  46.73742   46.744926  38.646965  38.258404
  54.175953  45.649227  40.885227  37.721474  52.09244   47.697205
  42.29071   59.08621   43.626286  37.45168   42.496517  39.76809
  37.14008   55.152893  42.46458   40.6864    49.18067   39.094704
  48.189907  42.608994  35.02938   39.76898   35.895466  47.66159
  42.867973  49.740116  38.623993  34.576954  39.652428  36.21835
  40.73179   61.35291   55.15831   45.139133  45.80153   49.13102
  46.697502  43.19228   40.832626  45.876312  43.639412  38.657543
  35.02704   56.502487  38.093582  37.592033  44.564346  46.681293
  45.6157    43.9901    38.31017   51.74675   43.220585  50.484535
  40.323402  36.859383  43.49155   39.600327  38.054737  45.538155
  58.130993  46.91702   47.688293  49.592785  32.342598  41.63614
  38.362354  42.501015  44.13335   57.376015  44.537907  44.23851
  37.369286  46.902424  52.36654   47.65956   43.199688  46.07717
  39.541225  33.86578   39.536995  46.382828  38.139565  46.64767
  52.64179   44.880165  45.848423  47.15865   44.666252  42.95481
  39.245705  43.597145  48.08612   48.17606   41.73121   46.48812
  35.31539   37.073578  51.955112  41.494804  49.14003   49.725506
  43.530876  51.930927  45.7263    39.734962  52.551987  42.417866
  48.088413  46.219055  35.95989   39.291245  48.090965  39.848484
  38.306656  43.461716  50.845936  29.453259  37.692646  40.38297
  43.83327   43.442802  40.657562  41.016872  42.88775   40.070385
  55.831207  34.719997  41.62078   38.79321   33.4572    43.7476
  34.680443  41.966324  31.289543  46.412735  55.369785  49.440712
  50.883816  38.91359   44.802982  41.307735  40.483013  45.094196
  41.246822  46.23053   43.666687  58.566807  43.350548  52.358627
  38.519848  35.070496  49.893948  48.106068  38.368282  37.804604
  41.197586  52.915123  44.4882    45.06437   51.657722  52.02553
  40.111176  34.02145   38.889034  44.101845  43.857033  42.205254
  40.385143  44.139065  41.630314  44.0389    41.760956  45.564026
  53.57896   38.515892  46.08307   43.967564  44.186058  45.247475
  42.004436  42.804276  40.910004  48.719036  46.291134  40.829548
  44.51705   36.652554  39.818596  47.537163  46.183487  38.407524
  47.277958  40.94968   51.813858  38.970356  38.684574  40.10509
  45.956524  46.97594   34.710503  40.683064  46.389164  42.387302
  40.57619   42.80333   52.738033  41.83121   46.48864   39.869587
  42.53429   42.13463   43.658875  40.973988  39.741104  44.351807
  44.097427  36.987522  38.90573   41.69329   49.087566  44.667164
  43.190903  60.126713  38.091717  42.1063    49.049984  36.466705
  39.720463  46.218983  41.262447  46.179104  54.150883  45.66071
  42.64075   36.685707  39.924107  45.634087  47.200897  41.866043
  45.370163  47.160942  41.496296  54.12153   50.89175   42.29299
  44.6333    50.383682  38.85249   40.40092  375.99808   44.768208
  39.57464   47.114857  45.004425  42.583073  40.37679   33.953247
  40.580734  53.171604  41.062004  47.579544  52.610786  44.117638
  40.872627  45.703205  40.80875   48.075115  39.816647  43.733475
  55.835613  59.567646  40.897846  53.853226  40.408085  45.659393
  46.662785  41.336212  34.27258   41.54877   37.7877    45.340687
  43.459175  35.926674  38.219734  38.748398  40.70021   39.419037
  33.149734  39.016403  47.158962  38.833332  49.965675  39.009144
  42.05986   46.128895  50.460777  34.155148  42.569675  45.01357
  44.856186  44.335464  58.1677    56.990017  35.034702  49.057953
  54.22111   38.825466  41.367138  50.245987  49.799545  50.104443
  40.05724   53.90153   46.536358  41.801704  47.3444    47.978134
  46.543583  46.89636   39.488167  40.386536  43.666576  39.146523
  49.56019   36.248093  41.46303   38.94801   41.607487  37.924984
  44.530296  40.441322  43.15197   40.767048  48.672703  46.705395
  36.278374  33.1313    43.23568   41.49543   38.636604  38.8195
  52.461414  44.39295   40.26036   44.29694   40.876064  36.04865
  36.86276   39.753597  47.35674   41.722614  48.577724  48.30411
  43.60786   44.133812  39.24762   39.23215   47.57429   44.06832
  45.38871   37.27911   75.2662    45.670662  42.38462   53.293884
  41.573288  44.980198  45.387253  45.891365  48.370216  46.09005
  39.4988    42.684723  38.61831   58.484497  42.729614  43.206055
  55.75752   40.239834  40.614918  40.299828  41.608295  43.589443
  36.377274  40.138325  35.885     44.247456  38.35818   44.622223
  39.496002  36.894257  38.140053  41.543556  45.938343  41.482235
  38.601654  46.68172   44.10735   32.89795   46.79858   41.615032
  39.715595  44.022606  42.9767    40.59704   46.911945  44.760918
  38.151955  40.76931   38.064774  60.74326   40.29614   42.767258]",0.7622340425531915,0.7838322639465332
