,Images_Per_Label,Train_Data_Size,W,Residuals,Classification_Accuracy,CLS_Cosine_Similarity
0,18,846,"[[   8.081277    28.53225    -85.777     ...   47.512825     7.9431586
    11.175142 ]
 [  54.304703   -70.43391    -59.84224   ...  -72.52374    -10.320976
   -93.05596  ]
 [  49.122097   -30.331995    -4.8928576 ...   42.431263   -31.222034
     2.0606568]
 ...
 [ -34.35862    -25.761864   -40.45145   ...   21.473103     8.409472
   -35.936367 ]
 [ 151.57106    141.45163   -102.87644   ...  -46.35229    106.99013
  -138.6023   ]
 [ -93.23062    -34.90757     64.89169   ...   32.623398     9.515206
    92.58565  ]]","[ 3.6367795  4.8195963  3.7669878  2.396422   4.308081   2.8989193
  3.1765654  6.2049103  4.4550853  3.4978344  2.3690298  4.822748
  3.5280828  3.4475825  3.468507   4.591653   4.2769017  3.1710975
  3.4424086  3.1226218  3.1428242  2.599253   5.606877   3.474636
  4.187367   3.9890614  3.5317228  3.1430786  2.712217   5.0948462
  3.8721094  3.5083132  4.065824   4.229065   4.134189   3.1836615
  3.4266007  2.4805574  4.7333603  3.1639938  3.318781   3.6195588
  4.05198    5.669677   3.8095834  3.988514   5.197174   3.4546828
  4.5309997  4.5169907  3.381427   3.7224092  4.1753564  4.3088975
  3.5713763  2.5082889  2.3628151  6.1623363  3.3400571  3.2155836
  5.2214665  2.8369434  4.1350064  3.455133   3.0140326  3.6957674
  4.0919423  2.9297025  3.8966515  2.7715707  2.9766593  4.1171966
  2.625403   3.5090065  3.9276626  2.5261934  3.6779861  3.1913395
  2.9761152  3.9794772  2.8962913  5.447632   3.817489   3.6293325
  3.143395   3.036456   3.8600063  3.0332568  3.0018015  3.8914237
  2.9774756  4.8671393  3.8407183  5.6853337  4.550232   4.5403214
  3.3174207  2.9192896  4.052651   3.491468   4.3742585  3.8549883
  4.47685    4.4537106  3.8366609  2.879498   6.2373905  5.6917353
  4.312934   3.2149282  3.2935224  3.7024937  4.0171213  3.3904321
  4.206837   2.3724694  5.4800577  5.725378   2.759479   5.687024
  2.8488705  4.0574656  3.1065109  4.645807   4.5100775  3.200334
  2.5601301  4.895353   4.0334473  3.9310548  3.3257697  5.0693426
  3.837955   3.1492832  4.857472   5.0775976  3.218662   4.342803
  4.8581862  3.8745759  3.3473203  2.3472626  3.137967   6.0629582
  3.3413546  3.7869558  2.7720406  3.320345   4.693755   2.7780018
  3.4936652  4.3216486  4.7955294  2.9066164  3.2771733  3.6992161
  3.7376142  3.72661    3.5654051  6.2708316  4.8222013  3.4558024
  3.8120234  4.2525992  2.8070352  3.1350813  2.8297873  5.664334
  4.396515   2.6507142  3.2652671  2.7654748  4.1171365  4.10638
  3.6540058  5.325115   4.3933134  3.6307817  4.183734   5.1803756
  2.9639804  2.8555636  2.6683674  3.6866887  2.776465   4.229246
  4.422278   5.7731967  6.36443    2.7490537  3.0291295  5.4323025
  3.508817   5.6111255  3.0714197  3.387139   4.5595365  6.0616865
  2.9159017  4.142701   4.291949   4.1460543  3.8854165  4.3660307
  2.7121408  3.4043295  3.061135   4.2823663  3.2118719  4.498678
  2.8218033  5.0836782  4.6466093  2.8749652  3.6651201  3.807689
  3.5284278  3.1597745  3.0874722  5.2680354  2.6872172  4.3702893
  5.666998   3.1288557  4.5133834  4.7622533  3.2107341  6.1466165
  3.3463166  5.2681837  3.7387896  3.014594   5.440488   4.9516015
  3.3105733  2.140261   3.5229847  3.7387755  3.9117596  3.2952156
  3.993151   3.0689158  4.819266   2.5078268  4.335596   3.9701707
  4.2013597  3.7323933  3.4138794  4.6641507  2.8815181  3.326302
  4.1398983  4.1335077  4.2701993  7.922323   4.097831   7.0236206
  3.7636251  3.2746563  3.6663888  3.503078   4.9509273  4.2304325
  3.6509023  3.0746753  4.795262   2.4743416  2.6327398  2.7493215
  4.5104437  4.972142   3.8639317  4.851168   3.000315   3.805344
  3.2435272  3.0940936  4.0584593  4.8124256  4.5947595  5.2360435
  3.21174    2.8899136  5.7372184  3.6107306  2.609703   2.5823476
  2.8574343  2.9488413  4.5152335  3.9290512  5.1935215  4.110566
  3.6175594  5.8680716  4.639029   2.2063403  3.6100805  3.88769
  2.8450406  3.6361873  4.026754   4.117063   2.7142663  5.114407
  2.9978886  2.8461506  4.138958   2.9524617  5.886943   3.5610063
  3.351734   3.604315   7.4184165  4.4948363  3.1543517  3.803283
  4.625932   3.1962132  3.1037252  5.4792023  4.1060677  3.1931055
  2.8993516  2.5462186  3.3734112  3.1225598  3.8296182  6.062485
  3.7767303  4.77624    3.1529763  5.210071   3.5801141  4.89222
 11.35956    2.7950351  3.7936115  3.6703606  3.371386   8.866657
  2.1721082  4.618922   6.468015   3.3435905  3.4597635  4.8643837
  3.4300778  4.261556   5.273269   4.2943797  3.9137802  4.2070117
  5.3754234  5.392645   5.4398966  3.370186   4.226845   4.2178016
  3.866414   4.2295547  3.920716   2.6517465  4.1075315  3.1784012
  3.652438   6.011983   3.6346622  3.3309677  4.245876   3.5043983
  5.9670677  4.069871   3.1919432  4.338111   3.4160953  3.8920672
  4.422155   6.0143476  3.2354026  3.400651   3.247653   4.329432
  2.9502137  3.3005507  6.575905   3.3835394  3.741379   5.3245225
  4.4775033  4.0612664  3.3054497  4.810795   3.026932   3.7458725
  2.3388207  4.614043   2.2802503  2.886961   5.7877994  4.108902
  4.4388785  4.022535   1.8431776  5.0897207  4.4378176  4.878684
  4.5779476  2.4567018  4.7258544  3.2345722  3.339983   6.403936
  5.283523   4.204761   5.2977858  6.850106   2.7511857  3.8093553
  2.9155133  2.9510067  3.8360357  6.549178   4.244331   4.333511
  3.2548075  6.5435605  3.057004   5.818802   3.912828   5.2765827
  3.54032    2.1418586  2.8429027  4.7327423  3.2572436  5.6284394
  4.299019   2.8372374  3.1313999  3.3815331  4.231827   3.2151506
  2.456312   3.0953903  3.1668036  4.8656163  4.314818   4.669814
  2.2980583  3.5332415  4.001144   3.9222596  4.5269823  3.6789591
  3.5652013  4.637375   4.2115383  4.4242525  4.8684163  3.1761904
  3.5700088  2.763334   2.9570928  2.9422455  4.151322   3.8404815
  3.4532428  2.729558   3.9957511  3.6232388  2.5287063  2.9595253
  4.537084   3.0154042  5.027054   3.4496229  3.2825778  3.4327495
  5.1847973  2.7555513  3.7335894  3.9175918  3.1766493  2.5008798
  2.0637689  4.4210286  2.828688   5.0096917  4.148823   6.687332
  4.077321   3.2390337  2.9590302  3.1048496  4.3763385  6.875217
  3.685693   4.28652    4.5562277  4.5800424  4.291801   4.2308264
  4.752317   4.026019   4.9463634  5.1812396  3.7941408  3.109761
  2.9784026  4.776699   4.2035947  4.4381685  3.6961167  5.669419
  3.2482738  3.3612363  3.0759268  3.8200238  4.3862886  4.076759
  2.8364391  3.8151317  3.6541164  3.95269    3.057733   5.552933
  4.6292787  3.7374907  4.4214864  5.159933   3.2070923  3.5904284
  2.979442   2.704272   3.4874423  3.1461856  3.8499067  4.2489085
  3.3121042  3.1405582  2.5736406  4.452691   3.6659322  3.66065
  3.540041   4.244852   5.8770843  3.3702772  3.0583808  5.6790223
  4.0540576  3.9043627  2.719273   4.6852665  4.980401   3.3794305
  3.1403832  3.021196   3.7719185  4.6557164  3.83623    3.866477
  3.313834   2.6719422  3.2385206  4.1475086  3.8116941  3.9160843
  4.083209   3.8932838  3.1193419  4.082576   5.6302176  3.10845
  5.0995564  6.129678   3.8726976  3.0046268  3.986351   3.2422917
  2.7186978  4.7391105  3.4295905  2.416698   3.4253829  5.143641
  4.3495164  3.1863716  4.216133   5.442146   3.9738548  4.3854246
  3.6843672  4.4569936  5.008273   4.9745417  3.7176359  3.9237413
  4.973502   3.5262246  3.6501842  2.7584867 30.415565   3.5641444
  5.238757   5.341285   5.2644396  3.351355   3.5787814  3.8752053
  3.521283   5.87224    2.690563   4.1148667  6.071193   3.9745586
  4.040541   4.56549    2.6622868  4.05177    2.8942118  3.8081586
  9.381902   5.127802   3.3447423  4.7381744  3.6309526  3.670964
  3.835203   6.436796   2.1342883  5.636428   4.495225   3.7499204
  3.734064   2.293187   2.5813963  3.992237   2.8055193  3.3985732
  4.0928273  2.7539136  5.2057567  3.3482273  4.0387397  3.224005
  5.0103846  3.8913798  4.445361   2.7130582  3.8895082  3.484645
  3.6735241  4.640127   5.0790505  4.7242026  2.419738   5.518637
  7.6292057  2.6246414  3.7179532  5.1975737  3.67328    4.5145054
  3.0650077  6.1315346  4.4007964  2.75372    5.094037   3.4349406
  5.4178996  4.478542   2.6452377  3.4443333  3.8677845  2.5209618
  6.3948407  3.5219417  3.0901017  3.237763   5.2945485  2.5628183
  3.5674493  2.997803   4.326906   3.0438275  3.1137972  5.3299384
  2.5136936  3.5014486  4.275803   4.1678677  3.839847   2.1413755
  5.217166   3.1891356  3.4398146  4.181226   3.0871325  2.3600729
  3.0850618  4.1933994  3.1456234  3.2056756  3.8687031  4.2067046
  4.1039968  4.283314   4.304592   3.3978786  4.6422014  4.1024637
  3.6427138  3.4963768 10.696709   3.4484446  3.406305   5.136449
  3.5341883  3.51433    4.4051466  3.931649   6.0566187  3.8246286
  3.5355265  4.2400546  3.3017325  6.054822   4.145298   3.8599398
  4.9486737  4.2615523  3.3628368  3.1190033  5.3722706  3.9542227
  2.7449508  3.5390477  2.3771093  3.5120711  3.1724634  2.9778924
  3.2461088  3.2098258  3.1501749  3.9635608  3.871372   4.106908
  3.3363621  5.1508737  4.8229423  4.0471983  4.5015535  4.4671016
  2.4256005  2.9940963  4.507934   2.6120882  3.8123114  4.068114
  2.4804142  2.7644942  3.3942056  6.4537697  4.723914   4.816836 ]",0.04148936170212766,0.07008792143315076
1,18,846,"[[  3.7491233   74.6293      -3.6012704  ... -15.241705    49.95984
    4.0470333 ]
 [ -3.8952634  -18.885235   -10.764373   ...  92.19059     46.397533
  -15.497853  ]
 [-42.570503    -4.254072    22.069292   ...  -0.13585424  17.437443
    1.1763711 ]
 ...
 [ 21.178452   -11.055321     1.766184   ...  13.398155     7.4709105
   -2.5894532 ]
 [-52.222553   -25.361626     8.751094   ...  43.82807     54.565228
   32.73665   ]
 [-15.426661   -34.700573    25.329916   ...  -5.999243    66.31212
    4.19303   ]]","[ 2.5894153  4.2682486  4.025928   2.6934476  2.9685826  2.6760325
  2.344054   4.390261   3.0271046  3.382653   3.0657637  4.8912673
  2.9744532  3.3892682  3.4553099  3.6824346  4.0243254  3.225325
  2.6096787  2.4190524  2.2850225  3.6979914  4.0823364  3.3811991
  3.5326328  4.5856934  3.6279233  3.2908325  3.0954063  4.0501623
  2.689288   2.8555164  3.6752188  3.1685     2.941837   2.7191403
  3.2330754  2.8333442  3.444076   3.1362343  3.9254045  3.1169822
  3.3113167  3.8810794  3.8217034  4.014606   4.2407336  4.3113384
  4.2420707  3.801077   3.1024063  3.5740829  3.684955   4.9440117
  3.8901286  3.494356   3.1637084  6.940717   2.406175   3.0779388
  4.3291054  3.3234806  4.3836026  3.497176   2.6576772  3.287502
  4.4374723  3.6878188  2.4856088  3.8821836  2.6835315  3.3763576
  3.187311   3.465103   3.958988   3.4089906  3.1621873  2.7466834
  3.6148164  4.043305   3.1725519  5.707926   3.3229806  3.8624744
  3.654801   2.977084   2.7807682  3.4656029  3.8594093  2.8021936
  2.551083   3.2879486  3.8671656  3.4296253  5.142767   4.57809
  3.928441   2.1967716  4.3534193  3.5200236  3.9229603  3.681142
  5.20074    3.1973026  3.412647   3.8873055  5.2260194  4.6907606
  2.5642424  4.187984   3.5663202  3.5706778  3.604379   4.145664
  4.5269313  2.7466967  5.8753304  3.2118204  2.6327891  5.054783
  2.5069563  3.9733996  2.4316666  2.508996   4.285035   3.1375914
  2.198828   5.255725   2.8352637  3.7976243  3.5769067  3.6669273
  3.5142474  4.1522837  2.6454306  3.4575477  3.108317   3.325627
  4.8037567  3.1077175  3.230738   2.9773104  2.6599424  3.7722049
  3.4916096  4.2462316  2.8556232  2.9413614  4.0747743  3.133193
  4.2948217  2.8476622  4.250027   3.4581354  2.9730618  3.158309
  3.402562   3.6769302  2.2116697  6.9099994  2.9130208  3.1655378
  3.8088963  4.7324886  2.5804408  3.4179003  3.505207   4.55141
  4.5446625  2.1054592  3.0456443  2.4198935  3.3722353  4.3941765
  3.1777086  4.3510094  3.7847943  3.28665    3.6229405  3.9872973
  3.3011522  2.865845   2.878638   3.161387   3.3088126  4.684798
  3.0991375  6.2218695  4.5071597  2.414979   4.1101885  3.7095902
  2.8671665  4.208421   2.7620835  2.311261   3.4665627  3.458377
  2.8693175  4.569145   3.8367546  3.332428   2.937393   5.1388035
  1.7919548  4.3873425  2.1710405  4.1106544  4.191838   2.7777925
  2.8337626  4.3292866  5.1713266  2.7449787  3.8139164  2.8818583
  2.578165   3.1328106  4.268833   3.5255597  3.1486127  3.229584
  4.354541   3.0783122  4.625147   4.6436996  3.6565423  4.1916633
  4.119343   3.3126316  4.5140495  2.785759   5.7134733  3.7105796
  2.9083333  3.1071618  3.1207187  2.9441366  3.567453   3.417603
  3.2787309  2.4833415  2.794025   3.9444032  3.2458143  4.6025615
  3.3849528  3.172919   3.7858918  3.3720946  2.1431484  3.2544882
  3.6370478  4.1105647  4.1910686  8.083277   2.5194921  5.6749954
  3.187035   2.9950593  3.0251923  2.9655468  3.245358   3.075921
  3.3083396  2.056331   3.850679   2.96863    3.599145   3.4594927
  4.420247   4.441311   3.1929457  6.4433446  2.7673354  2.8598711
  3.8355775  2.7384958  2.2981036  2.6703384  3.773416   4.834822
  2.7122326  3.085747   6.2385454  3.3192873  3.1165805  2.736184
  2.3879251  2.918905   4.4597993  4.0630884  3.0584607  3.703157
  2.6706858  4.414215   3.4924803  2.856455   2.9987202  2.4160233
  2.99366    3.5309224  4.6370378  2.8020477  3.479342   5.4737067
  2.5134246  3.387789   3.6134324  3.5520198  6.233864   2.217698
  3.9646096  4.6907077  7.024612   3.0880601  4.094142   3.871909
  3.7448213  3.5236886  2.9762797  4.3596125  3.233806   3.7874975
  3.595516   2.720263   3.8679197  4.4131994  3.1560266  3.6650531
  4.417417   3.5383296  2.880135   5.305008   3.2476978  4.2377806
  7.1900268  2.7275805  4.020768   3.397712   2.9046354  6.5035458
  2.9612815  3.367764   4.9969964  3.073253   3.179933   4.1183753
  3.4641995  2.822179   4.472995   3.011043   2.6007733  3.1002774
  5.488192   5.2034745  4.1555185  3.294047   4.0305505  3.9851072
  3.2282147  5.4331536  2.7819319  3.1383903  3.4465806  3.234052
  2.435009   4.5433216  2.5267265  3.835701   5.3816586  4.325227
  5.106567   3.9404263  2.6191075  3.5075912  2.7261817  5.118106
  4.145432   5.0235624  3.1155622  2.3091571  3.3858285  2.878276
  2.6083493  4.054122   4.5861664  3.4138925  3.0853136  4.892808
  5.0676036  3.4764946  3.0588439  3.7754388  3.5215294  3.0214818
  2.029801   6.2274446  2.6559994  2.7970426  3.5741122  3.2922127
  3.565156   5.2757273  3.1693902  4.0611877  5.331087   5.04847
  4.096776   2.5829322  4.6766663  3.3807743  2.7396111  4.461874
  4.549339   3.0746145  4.7156787  5.967785   2.4737208  3.263252
  2.8483489  2.586923   4.031079   3.7494764  3.5775523  3.0134447
  1.6834643  3.615013   3.372599   5.160192   3.1321206  3.3754497
  2.1624184  2.1391451  2.7251103  4.3928714  3.1866639  3.3790138
  4.140872   2.977212   3.107365   3.444301   4.1808767  3.57778
  2.2558267  2.5105305  4.289832   2.8603575  3.4464922  4.0697284
  2.1119535  2.1025884  3.7126732  3.2505915  3.7089493  4.5607085
  4.1143827  3.7330837  3.42052    3.4750576  4.541035   2.6162193
  4.491535   3.8026037  2.787874   2.959154   4.6707997  3.7311327
  3.2073088  4.021251   4.776822   2.583562   1.9081999  2.5828004
  3.88859    2.99663    3.648132   3.2599735  3.2832086  4.19748
  4.842083   2.9126883  2.3927734  4.829486   3.4335375  2.7968953
  2.4198253  3.233414   2.694522   4.1473956  3.2897189  5.0487685
  2.952276   4.048422   3.116879   3.3453236  4.362636   4.1669807
  4.374922   2.9983094  4.498196   4.435069   3.6736577  4.808271
  3.141067   2.235955   4.809132   3.691134   3.0495317  3.0739715
  1.8666035  6.3857846  4.007235   4.178613   4.1103034  3.4063377
  4.1621757  2.906572   3.2373004  3.3890347  3.1469798  5.295679
  3.2796826  2.871185   3.5965679  3.5444837  4.218524   4.461553
  4.9707594  3.2775652  3.7717845  3.9368095  3.6375015  3.8630567
  3.1468406  3.5472183  2.7257361  4.349258   4.72363    4.036948
  3.4051354  3.3150923  2.8331912  4.2322593  4.2324376  2.4231527
  2.9434154  4.5705004  2.8110342  4.580381   3.6271658  3.8254502
  3.7740738  4.509099   2.3197     2.9040275  4.3906846  2.9524636
  3.750874   3.0048566  3.7244792  3.6300652  4.3468466  2.212269
  3.327749   3.1957855  3.845528   3.545284   3.249652   3.9758294
  3.7151814  2.9734397  4.045653   3.841503   4.3511634  3.2689369
  4.621044   5.6768064  3.3816628  2.59309    2.7622159  2.738367
  4.7236323  3.0659163  2.888046   3.885813   4.559771   2.923316
  3.5557349  2.6566212  4.3168406  4.7017994  3.5131316  4.2906704
  4.461371   3.642103   3.654447   5.857666   5.197073   3.8652403
  3.733904   4.447386   3.4608395  2.956988  28.929586   4.3474126
  3.4339437  5.404612   3.5728555  3.198529   3.2329607  2.9377866
  2.3536258  4.3274055  2.5334659  3.4357681  6.0642467  4.696361
  3.0440304  3.346708   3.2760751  4.4766207  3.3853538  5.135968
  7.3950167  5.203485   3.7676318  2.9153163  2.7459307  4.281297
  3.1718018  3.1184099  1.8439898  3.7439623  3.7928061  2.5162048
  3.6454065  2.5279903  3.7573051  3.6807303  2.43493    3.3860953
  3.1104603  4.0476027  4.4326534  3.258635   3.9309044  3.9942532
  4.5649433  2.7804933  5.2939196  2.9519207  3.9654634  4.2129917
  2.9891384  3.2762582  4.790544   4.01767    2.1752543  3.6147485
  6.2615666  2.6459377  2.8830898  5.7409806  2.9671595  3.9935625
  3.4010515  4.8037915  3.6580613  3.4821029  4.2595115  3.679006
  3.7512887  3.8764696  3.6856194  3.550919   4.306419   2.4726496
  4.6280317  3.0849905  2.9734666  2.8998494  4.0743995  3.339055
  3.2593849  3.6853683  3.673808   2.9925578  3.3283608  4.2355976
  2.9151032  3.4256728  4.202092   3.7790046  3.5681615  2.379431
  4.7183976  3.0490541  3.2684035  5.485522   3.5014555  2.9372363
  2.841025   4.251402   4.120784   3.0731294  4.0370507  5.2545466
  4.2603908  3.8888144  2.919745   3.7055674  4.627924   4.4900327
  3.0805845  2.3606632  7.9365616  3.0120926  3.6063442  3.4417284
  3.9576294  4.5686407  3.4378047  3.8572493  3.8958232  3.6443803
  2.9058678  2.566157   3.0148036  5.5150127  2.9667203  2.7803724
  3.3980377  3.057511   2.5902514  2.246976   3.5799015  3.5243702
  2.7341287  3.84624    3.0028946  3.5214977  3.1334715  3.2105076
  3.3629081  2.7088218  2.761118   2.747826   4.12263    3.62098
  4.362325   3.7417774  4.4052634  5.1212044  3.3057103  4.016969
  2.8101287  3.0558388  2.671719   3.5747466  3.4724329  3.685053
  2.7881544  3.7644851  2.6073651  5.0901837  4.308696   3.7408972]",0.05053191489361702,0.0871579589943091
2,18,846,"[[  2.5001643  -0.1711412   9.626578  ...  10.327596   12.566428
  -30.02731  ]
 [ -9.361441    6.3308825 -12.253707  ...  -4.45256    16.99545
   -9.628526 ]
 [ -2.175351  -27.546362  -33.62519   ...  24.210283  -11.474312
   27.624977 ]
 ...
 [ 14.319596  -75.13837    62.147938  ...  34.76842     7.9588327
    7.9735594]
 [-13.350484    3.5203052  -3.3313563 ...  -4.064664  -33.927643
   31.608229 ]
 [  5.9508967  -2.6136386  -1.0470128 ... -13.456236   25.601078
  -25.582378 ]]","[ 2.7962956  3.6617754  4.037045   2.9819915  3.473022   3.4239259
  4.156429   4.67162    3.409651   3.6595051  2.3948972  2.857208
  2.7829025  3.1383367  3.2128198  3.81435    2.9493992  3.3256946
  3.10187    2.4566228  2.9140213  3.2245848  3.556579   3.0687532
  3.3684883  3.6348722  3.038744   4.5235333  2.433816   4.053814
  2.7041912  3.189426   3.187928   3.113496   3.917651   2.7634237
  3.3442662  3.5541303  4.4568176  3.0224004  4.0258923  3.5172858
  2.540746   3.4385314  2.5707421  2.7709343  3.9285948  3.2927709
  3.9795344  4.422414   2.4329484  2.836418   3.3516083  3.325722
  3.273038   3.542151   3.8074217  5.371385   1.9444051  3.3812404
  4.476883   2.6749985  4.7043414  3.7231777  2.852823   2.6427093
  4.8583336  3.3496103  2.407521   3.5241103  2.3195896  4.8568
  2.376262   2.2819715  3.3496568  2.6922498  3.177539   2.4527678
  3.0850518  4.663065   2.3592422  4.5267987  3.3479779  3.3450472
  3.7619383  2.7702327  3.100389   2.7174215  3.242744   4.009604
  2.16929    3.641479   2.8705714  3.2321463  3.9114184  3.115364
  3.2415252  2.4078672  4.1481123  3.0831134  3.786572   3.1632082
  4.5707846  3.7779958  4.0955944  2.9573703  4.7578464  4.867606
  3.3809774  3.1921084  3.4187326  3.6193967  3.1949983  3.9479213
  3.450714   3.1340213  6.6807847  3.9803228  3.2158723  6.489398
  2.9311152  3.978279   2.9291465  3.1800754  4.2673187  2.8057995
  1.6762202  4.701013   3.252352   2.648416   3.6723435  3.9620156
  3.8500319  3.9711878  3.3411827  4.3410225  2.2399883  4.2243514
  4.1927     2.5570257  2.5552206  2.5377722  3.4094553  3.800526
  3.7142153  3.3357534  2.4751873  3.5275457  3.2917445  3.0578275
  3.0844538  2.921235   4.5724325  4.3499236  3.0445647  2.8812408
  2.5379505  3.4564278  4.142133   5.369939   3.4269204  3.5002544
  4.4220653  3.4333715  2.9165316  3.2786868  2.4999375  3.3882856
  3.690237   2.5131993  3.4954135  2.858696   3.0730684  5.060891
  4.046419   3.8481102  2.7507613  2.7612917  3.005242   4.848871
  2.4323947  2.9271772  2.4314592  3.5991952  3.2616694  2.9414065
  3.7090845  7.0602713  4.7147613  2.9692192  3.6854637  5.1841264
  2.9040961  3.7398474  2.462606   2.6199012  3.39522    2.4817994
  2.4669378  3.890574   3.870795   3.949042   3.3608398  4.215462
  2.027807   2.8492637  2.616681   3.2051663  3.4533997  4.2497563
  2.2746444  3.5600657  4.8850784  2.5184903  3.4988234  2.6181607
  2.7486262  3.1313975  2.8068902  3.0992057  4.2362385  2.739757
  6.012371   1.9197572  3.3702157  3.4463365  2.9814105  4.510926
  3.3549871  2.9631765  3.7486308  3.4893694  5.030963   2.6632113
  3.188585   2.0870993  2.98047    2.9313145  3.641241   2.7579944
  3.3017724  2.7274356  2.7985363  3.3413403  3.8156326  4.35353
  3.9435742  3.127841   3.7677755  3.6956482  2.635055   2.6186213
  3.9813976  2.8971758  3.5303106  6.5718174  2.0691755  3.5816882
  3.278836   2.8608916  3.6801968  2.713177   3.3869653  4.1613626
  3.121322   2.9631355  3.5778494  3.1292284  2.401158   2.7950952
  3.2984886  3.5622501  2.2598588  4.6683755  2.760135   2.854242
  3.3271348  3.7092142  3.092404   3.307612   3.9405906  3.6972976
  3.4694664  2.8862476  5.149403   3.1289499  3.0892928  2.5469906
  2.6055434  3.6434166  3.8195894  3.772962   3.3128076  1.8021324
  3.4891944  3.4201338  2.9893641  2.4248424  2.8432167  2.9735568
  2.7742393  3.114596   2.6175282  2.6730726  2.792104   5.2567186
  2.6703546  2.382014   3.0700114  2.9662142  5.3574886  3.0988955
  4.369653   4.461254   5.6259274  2.6059291  3.5139713  2.9752607
  2.981326   2.4174192  2.7846415  4.7597995  3.2412145  2.6722355
  3.5392077  1.9829721  4.034548   2.8851867  3.5436156  4.0970597
  3.9736326  3.79148    2.8012788  3.8044374  3.6201584  4.171993
  6.385001   2.0535462  4.0651045  2.4176626  2.8860128  4.7438836
  3.1850636  3.0421395  5.0588813  3.5254886  2.8848317  4.3592854
  2.7636232  3.3241413  3.3377597  2.5620358  3.6328127  2.2762551
  3.8319325  4.3181677  3.7349546  2.7294862  3.918592   3.099188
  3.5130672  5.496878   3.249787   2.7537086  4.3767047  2.4495327
  2.1799824  5.155621   2.8404715  2.562499   4.5007415  3.2387686
  4.1743107  3.7386143  2.0415442  2.8166864  3.0279377  3.9054947
  3.8088388  3.3005273  2.3324533  3.1808708  3.3060915  2.729631
  3.3092613  3.5303066  3.7043169  4.3401337  3.1101353  3.9247491
  5.6104965  3.207521   3.7622864  4.098728   2.9896054  3.4926836
  3.391921   6.3367834  3.2207665  2.5920458  3.397159   3.4495745
  3.691077   4.2557774  2.2413573  5.4317956  3.3263643  4.985682
  3.101327   2.26272    4.431894   4.1366425  2.8940961  4.4416623
  5.2164207  2.3727984  5.5506516  4.958784   3.125445   2.655236
  2.2031167  2.445658   4.002968   3.8163662  3.319071   3.0513756
  3.0078633  3.3641531  2.536234   4.4026523  2.2473247  3.3306956
  3.2033114  2.3814514  2.54637    2.8492699  2.6912997  4.677577
  4.7331724  3.504205   3.0556064  4.100282   4.189556   2.9079726
  2.6412892  2.4151442  3.7408516  4.422515   3.4069986  3.8210733
  2.7606401  2.760383   4.6730895  3.0354981  4.4155636  4.004064
  4.266883   4.211722   2.8853252  3.0286117  4.338342   3.1423757
  4.2598286  3.3394127  1.8674394  2.615504   3.809194   2.9313405
  2.7727427  3.9385917  3.869136   2.1487381  2.5615158  2.923731
  3.0848105  3.8133192  4.4285407  1.7461718  3.142454   3.7091992
  7.1129127  3.7137144  3.3770137  3.9371123  3.2475128  2.2279975
  2.2338858  2.4472053  2.6835132  3.837273   4.371361   3.9538846
  4.234034   3.3024604  2.734339   2.8399506  3.4679327  3.7887392
  2.972061   3.9641502  4.5017853  3.8415732  3.7376976  5.892565
  2.7489972  2.0060928  5.1951394  3.1923926  2.7371547  2.8755229
  2.6661768  4.578195   4.2268505  4.471801   3.613259   4.310367
  3.3609784  3.0035887  2.610855   3.972013   3.2181296  3.258648
  3.3265734  3.2020445  3.503757   3.3301265  3.2718217  5.3988953
  3.4635856  2.886467   3.9661393  4.665604   3.1944141  3.5722206
  3.0321693  3.145268   3.1396806  4.4236536  3.3715906  2.3081605
  3.0095375  2.9431093  2.9334908  4.671314   2.47903    2.5872433
  3.5279582  3.2493057  4.23179    3.125461   3.1330237  4.552877
  2.933551   4.7080116  2.651839   2.530105   4.3476415  2.865526
  3.540854   3.2225208  3.7872007  3.0123298  3.2230582  2.6711717
  2.7720714  2.7090771  4.0771875  3.7289946  3.869444   3.3228343
  2.5794034  3.364892   3.5356553  4.2825923  3.9397714  3.605879
  4.449406   5.35237    3.2299383  2.7743058  3.3935313  3.371699
  2.2902606  4.19411    2.8581338  2.5398767  4.1119866  3.67923
  3.3684266  2.2515125  3.321892   4.339098   4.2337832  3.963745
  4.4012785  3.9202583  3.872536   5.821516   4.0483203  2.373469
  3.5452354  4.393151   3.4171476  3.0838544 26.280577   3.5368063
  4.331776   5.8493524  3.5498984  3.5034268  2.3528752  2.979956
  2.131807   5.1743093  2.4942698  4.858541   5.4645934  3.9417086
  2.990639   3.5468464  3.5180888  4.609939   3.248092   4.30386
  6.8517365  4.1434546  2.7582746  4.0470014  3.534972   3.7950933
  2.7680352  2.5996425  1.79626    4.544598   2.862649   3.4763675
  3.0412714  2.5177038  3.089405   2.6814437  2.8222694  3.7792375
  2.9701226  2.746502   4.845883   3.3693626  3.2939162  3.10071
  3.1101356  3.8310432  2.8819652  2.5512855  4.286193   2.7946897
  2.9600332  3.0046258  5.302511   4.0597672  2.120525   3.3350263
  4.917806   2.5324595  3.0461698  4.7244334  2.7821336  4.394046
  3.648544   3.7445295  4.439801   2.4557447  3.715622   4.0611277
  3.5576022  4.0912623  2.230452   2.6757836  4.101904   2.92943
  5.1428347  3.7006326  3.012844   3.623243   4.31885    2.7976208
  2.2596736  3.227717   3.7747772  2.6572697  3.154269   3.2584543
  2.435704   2.5073607  3.9682994  2.6488957  3.7048113  2.4744022
  5.076067   3.4700396  3.1053607  3.6175835  2.5046563  2.408068
  3.0594528  2.6380265  3.414248   2.4987502  3.976574   5.224411
  3.7813485  4.929002   3.3243227  2.7095666  4.240465   4.012905
  3.2717836  2.4767883  6.908412   3.0411232  4.2522473  3.304812
  3.26492    5.562555   3.7455626  3.924238   4.050221   2.6742282
  2.6957343  3.7199152  2.3019557  5.4559236  2.7850485  2.8325856
  4.1644754  2.4724376  2.6044533  2.5824084  3.805558   2.621049
  2.6785161  3.2846656  3.0985382  2.5009716  3.2255092  2.9103806
  3.0731277  2.6645763  2.5333867  2.6131206  2.9347458  3.742698
  4.1994944  3.3628626  4.1004105  2.8215573  4.121124   3.8936484
  2.4777284  3.4533784  3.6786237  3.7042623  2.3807976  3.2773976
  3.0461812  3.1497648  2.1677268  3.674518   3.5269554  3.3982518]",0.07287234042553191,0.11907136763135592
3,18,846,"[[ -6.618551   -9.377667   -4.002112  ...   8.35501   -27.745495
   13.451449 ]
 [  0.3100832  -4.920933   -1.3906314 ...  12.302135   -5.3587966
    1.3336456]
 [ 19.274273  -10.057276  -10.74298   ...  -3.6183987  -9.6894045
   -1.8545134]
 ...
 [ -2.277773   -2.4709263  -4.2439737 ...  -3.7396543   8.989113
   -1.4007319]
 [  1.5092187   7.2821646   2.6712372 ...  -6.1618705  -6.3359666
    1.6371124]
 [ -4.537884  -10.57766    10.022416  ...  -5.0190334  30.920895
   -4.9010024]]","[ 3.0773993  3.8281393  3.9772284  3.456242   2.4103854  3.6200244
  3.8289423  3.335715   4.3201027  3.1028092  2.2963274  2.9917653
  2.4172623  2.763058   3.7135305  3.4140053  2.8307943  2.8802247
  2.9763186  2.767603   2.4628913  2.2956614  2.706605   2.1018136
  3.0581734  3.2444198  3.6056716  2.66474    1.8507191  3.6103432
  2.6758308  3.6326308  3.2669477  2.6713457  3.3975055  2.540377
  2.0885634  2.5867782  3.039946   3.1205916  4.3393807  3.0905838
  2.852292   3.096263   3.6473458  2.9321797  3.7206993  2.7744155
  4.5078726  3.4463954  2.7085907  1.948405   3.620199   3.5864487
  3.8220854  4.1215625  2.2595193  4.5838437  2.3414755  3.4101288
  4.228302   2.395316   3.521784   2.2528257  2.9320111  2.098559
  4.105066   3.0270069  3.111144   2.0101318  1.9413304  3.6189048
  2.345453   2.5567827  3.1189036  2.9864845  3.3087928  2.6354284
  3.4478993  2.871438   2.9916437  5.0431695  2.5958076  3.453699
  2.2404883  2.2424352  4.0757904  3.1131182  2.818842   2.449445
  1.4174489  3.5177786  2.5255299  4.647981   3.0712357  3.819851
  2.6078246  2.1443663  3.089688   4.51928    3.7218914  3.1518285
  6.1989827  2.7836967  2.932857   3.155985   4.878374   3.839414
  3.07452    3.1529665  2.2962136  3.5005877  3.115341   3.8242295
  3.1014996  2.3939173  4.865012   3.3963733  2.1165514  5.5603294
  2.5817342  4.245063   2.6553516  2.851395   3.4825146  2.0038683
  2.1247303  4.390631   2.6801171  2.5033448  3.2284634  3.6805146
  2.5711646  2.1765842  4.108967   3.0412586  2.5362084  3.3110585
  3.6059017  3.0456383  2.4527931  2.1884863  2.0170224  4.5588627
  3.050585   2.9029543  2.3406224  2.4464545  2.8062682  2.1120298
  2.4492636  2.7192078  3.664029   2.692235   2.774238   3.2824278
  2.556583   2.73696    3.6829221  4.744328   2.8377166  2.7761824
  3.9979725  3.193377   3.1126754  3.3678854  2.533163   2.856958
  2.9249144  2.1913848  3.1622257  1.8606036  3.2945163  5.2063055
  3.0457025  2.9666116  3.2603917  2.8625307  3.791034   3.8595443
  2.4760349  2.9713001  2.7645226  2.7009835  2.2125647  1.8259876
  2.3816845  5.177965   4.0168276  1.8576041  2.7390282  2.6362655
  2.893082   3.545524   2.166688   2.5894356  4.6258955  3.6718931
  2.504599   2.677087   4.004837   3.983278   3.0205803  3.1160967
  2.6693544  3.3080325  2.7908125  2.654747   2.947225   3.026413
  2.1281743  2.534035   3.6828609  1.668275   2.4499164  2.813975
  2.5032072  2.5806918  2.7149856  3.9888675  3.053229   2.734593
  4.036105   2.6357193  3.4506254  3.1097586  2.9040248  3.317778
  3.2411408  3.4904497  3.8345802  3.0441873  3.013155   2.6228304
  3.0493555  2.317371   2.6139507  2.7845829  2.8515418  2.946809
  2.9921763  2.9444008  2.4787154  3.2411153  2.5235195  3.0729063
  3.6117618  3.2152898  2.666317   2.9288015  2.5227866  2.6337678
  3.4902737  3.1477573  2.724535   4.3087673  2.267012   1.9090707
  2.9454079  3.9517264  3.5652552  2.5965717  2.0905728  3.6873226
  2.1637158  2.507471   3.349745   2.7022989  2.4990559  2.778205
  4.2744975  4.0542345  2.0509164  4.027645   2.3850496  3.260189
  2.959213   1.6771846  2.935996   3.6943889  4.290648   3.0206745
  2.6395264  3.0614343  5.139456   2.5849438  2.5046403  3.743084
  2.4227297  3.1406941  3.0707598  2.6856453  3.2078173  3.232186
  3.4284618  3.7293756  3.0926619  2.89788    2.0639606  2.4174283
  2.3157098  2.497102   3.4399683  3.3841522  2.5303442  4.374959
  3.1362746  2.1155076  2.6856077  2.8121328  2.669954   2.4237885
  3.477337   2.6959317  5.4942427  2.4061785  2.0703094  2.4125447
  2.8781478  2.4562228  3.5503864  3.4780884  3.280142   2.0050268
  1.9784458  2.8689046  3.135312   3.4276013  2.0716126  3.6852417
  2.7561777  2.7793694  2.6877236  3.7307832  3.5659533  4.20943
  5.6484127  2.825718   2.7566576  2.352497   2.4479642  3.669292
  3.473896   2.515471   4.389538   3.1051683  3.0223231  2.8473647
  3.5461247  2.923439   2.9628336  3.7439337  2.2921438  2.063208
  3.4775395  3.1333556  2.8135161  2.5849853  3.5336926  3.6306696
  2.8437536  4.3181443  3.3071957  2.7680345  2.8870852  2.3566384
  1.6655213  4.8812633  2.312231   2.638      3.8185425  2.5647364
  3.9673817  3.2767277  1.8229283  2.7853167  2.6037767  2.600661
  3.3857799  3.5204017  3.0299244  1.9588689  2.7953916  2.9242187
  2.9490957  2.998639   3.4904554  3.5218298  2.5776105  3.0537715
  3.253176   2.2292466  3.1060653  4.334042   3.1322763  2.4733708
  2.8112593  4.163133   2.0463731  2.1584897  3.1029227  3.4961958
  3.2377815  3.7696245  2.3823755  3.798613   2.720171   3.482111
  3.2895129  2.2622225  3.1844923  4.400611   2.451933   2.4365556
  4.530864   2.9527347  4.069879   3.31051    1.9749837  3.0035424
  1.8976865  2.832087   2.406656   3.9903953  3.1536372  2.4992673
  3.0148146  3.1331458  2.1736076  3.2826333  2.998398   3.1427908
  3.1403327  1.5658618  2.0618527  2.695089   1.8203943  3.385483
  3.9070807  3.1064963  3.051067   3.3586512  3.8790278  3.6203218
  2.4590948  2.7213461  3.6649706  2.947811   3.4871764  3.6795623
  1.9498076  1.5973977  3.2966404  3.1707613  3.1722693  3.011377
  3.1551547  3.6553473  3.484763   2.7236385  2.9199765  2.6357796
  3.0567605  2.8678997  2.095081   2.7560546  3.5550506  2.4080987
  2.2113934  2.4944696  3.8267348  2.0772579  2.3204424  2.3537748
  2.6090212  3.11858    3.1249132  3.0838463  2.2721994  3.5982034
  3.5315144  2.198721   2.5594265  2.3547537  2.6185164  2.3998463
  2.91564    2.2421284  2.0462604  3.117603   3.1883368  3.9677043
  3.1338496  2.1784804  1.9500928  2.297488   3.8559327  3.4613552
  3.1085474  2.9695601  3.6159594  4.0535803  3.4305875  3.648788
  1.85802    2.0027661  4.1693134  3.4957678  2.3323722  2.4511888
  1.8867925  2.9412727  2.9839487  3.2302973  2.629538   3.029428
  2.414907   2.2760103  2.3760092  3.209443   3.1657455  3.4290245
  2.620463   3.28722    2.5471666  2.5544984  2.9084873  3.674088
  4.0352106  2.669425   3.577426   4.081685   3.601779   3.7383158
  2.5318117  2.0385242  2.6485252  3.0796545  2.6828754  2.2904625
  2.9348278  2.6266954  2.5891855  4.53476    3.207373   2.4771109
  3.142027   3.0247252  3.2324977  3.4416914  2.812343   3.4798853
  2.445355   3.4209847  2.81042    2.895892   3.7560153  3.1957068
  2.6687784  2.951947   3.0832264  2.9886298  3.4587286  2.8186443
  2.3190315  2.716054   2.8750625  3.2221582  3.2562535  3.3627381
  2.9474883  2.195823   2.0764797  2.5976663  3.1725748  2.7347991
  3.5516112  3.530009   3.0645318  2.8580267  3.2067738  2.7229526
  2.5140095  3.2456396  3.0474095  2.4965408  3.517972   3.2562501
  3.0453458  1.4782345  2.7758324  3.2215655  3.9533381  3.138188
  3.118885   3.092852   3.4147775  4.246584   3.5875392  3.2532806
  3.3660955  4.508385   2.6168487  3.0833883 22.142471   4.018136
  3.2960005  3.895437   2.829848   2.0680711  1.7811742  1.609777
  2.1075602  3.0310225  2.9005382  4.2269363  5.4010177  3.9283743
  2.4612224  3.3334484  3.348039   4.232914   2.9532523  3.1758804
  6.2319355  2.9446716  2.2979577  3.4678617  3.061292   3.909924
  3.0957558  2.8949556  1.8124444  3.1536655  2.059139   3.8452497
  2.6808138  2.140493   3.1069841  1.7965081  2.558056   3.001381
  2.5284817  3.6196141  4.098878   3.2769032  3.1710765  3.4027584
  3.1525304  3.090744   2.549456   1.6248994  3.354343   3.647164
  2.7970715  2.3116944  4.630318   3.1842313  2.1219401  3.3812346
  4.2717543  2.4792273  2.7859447  4.605715   2.9992414  4.011284
  2.6530056  2.8468149  3.7478168  2.3756166  3.656873   3.60377
  3.521446   3.3567898  2.3004239  3.499017   3.480225   1.8905813
  4.0727944  2.3523555  2.551712   3.120415   2.8424718  2.5683916
  3.0856776  2.3031545  2.703271   2.4384148  2.6226022  2.916329
  2.969443   2.2704394  2.8727646  2.9148686  3.2470417  2.0193279
  2.3508005  2.895239   2.0176058  3.6708088  3.3243227  2.2993288
  2.431746   3.1803224  2.7396867  3.1347725  2.9814067  3.4991105
  3.40309    3.5768902  2.568755   2.717136   3.169715   3.5982275
  3.6396074  2.3710358  3.7731392  2.4867737  3.37697    3.5266626
  3.302006   4.0206127  3.8686297  2.5410883  4.0630665  2.5962565
  2.8056173  3.0965676  2.237463   3.4707072  2.531975   2.8427975
  3.7030885  2.8915992  2.2733853  3.0207279  3.2143052  2.7586155
  2.120507   3.983135   2.7022545  2.164506   3.09811    3.103232
  2.8657944  3.3889444  2.337074   2.6525445  3.1702764  2.1935563
  2.4025705  3.9176733  3.2215996  2.5806231  3.0297744  2.7574327
  2.5804408  3.152084   2.8045876  3.454661   1.7997302  2.7852092
  1.9583308  3.753425   2.2430556  3.3357706  2.7848644  2.9555342]",0.08670212765957447,0.14611399819453558
4,18,846,"[[ 0.8874634   0.44474256  2.8184648  ... -4.8177323   2.0146012
  -9.3444805 ]
 [-2.3099356  -0.44806725  1.17463    ... -3.2527108  -9.39304
  -1.0314249 ]
 [ 6.534243    3.6044471   1.3335991  ...  8.774012    3.7528827
  -1.2750808 ]
 ...
 [-3.2943254   0.41406152  2.52795    ...  0.40771985 -4.252907
   3.4171443 ]
 [ 3.9347336  -2.8024864   0.6022602  ...  4.5179744  -6.126582
  -3.2227306 ]
 [-8.098583   -0.27952424  5.562486   ... -6.537222    3.8603024
  -4.3584003 ]]","[ 3.1683471  3.4455588  1.9638692  2.5793586  2.4323814  1.5861408
  2.455362   3.956131   3.2695878  3.0303364  2.834688   2.6122816
  1.8030916  2.3232703  2.3618736  2.7414043  1.6614093  2.4176319
  2.156874   2.0852191  1.7206018  2.1947737  3.595409   2.2454913
  2.0189252  3.064938   1.9130092  2.9264767  2.0376625  2.7692244
  3.5169454  2.3694618  3.3657432  2.2275233  1.6642114  2.048697
  2.3957407  2.1421955  3.7345471  3.0722547  2.8555803  3.1043355
  2.2235565  1.9683669  3.233702   2.8458056  3.9912367  2.3898494
  3.244145   2.8721104  2.3319676  2.1428123  2.226861   2.8292537
  2.3872573  3.6710074  2.3832617  2.9133625  2.224307   3.0005388
  4.0405383  1.7134643  3.8061519  3.2932532  2.3942153  1.9552284
  2.8574796  2.7450414  3.089952   3.0960336  2.30006    2.5331948
  2.416886   2.0829797  2.6399753  2.7581747  2.4669962  2.6864882
  2.5395849  2.8097868  2.2178247  1.6352192  1.995642   2.2785347
  2.1666794  1.725059   2.7881894  2.0297754  2.4121413  2.4713
  1.7556134  2.6038861  2.8140492  3.355518   2.6461346  3.9601712
  2.527178   3.003853   2.2723367  2.5157652  2.6833668  2.649488
  2.9514925  3.04528    2.9225013  2.8097405  3.4003644  2.5953386
  2.4385147  1.9349905  2.2157357  3.3400013  3.1697488  3.0435014
  2.29324    2.6255524  2.9960907  1.9515126  1.9159309  4.362703
  1.6515065  2.7938557  1.539414   2.072165   2.9166012  2.7347274
  1.3136226  2.906592   2.4973984  1.7884737  3.1750474  2.0233314
  3.629648   2.955293   2.8614597  2.5700583  2.7882714  1.9740275
  3.3076503  2.2571766  3.0307453  2.643061   2.390426   3.4386907
  3.1080153  1.846856   1.5246015  2.2434547  2.7409902  2.3781967
  2.1184223  1.6650035  3.4180286  2.382821   1.6233586  2.6166177
  2.1122851  3.3514626  2.316459   3.6968749  3.0365303  3.7478402
  3.3116457  3.6577356  2.6348531  2.8885307  1.4578241  2.6340997
  3.7098532  2.4582396  2.3437786  2.0618987  2.4630113  2.8532734
  2.512052   2.6360798  2.3679507  2.326493   3.018391   3.2086172
  2.5803273  2.3658772  2.3388836  2.5005305  2.2633924  2.0385265
  2.5435467  3.555874   3.4620347  2.8583245  2.154334   3.253154
  2.2613964  3.41421    2.1066089  1.4883795  2.8647683  2.5986784
  2.1224253  3.5615976  2.8277247  2.4368904  2.85794    2.5584316
  2.3231428  2.4453156  2.2420218  2.1620023  2.344416   2.195603
  1.6363459  2.0638092  3.3825305  2.6992476  2.4030352  1.4939417
  2.7256727  2.424041   2.1847985  2.661725   1.9978861  2.2354472
  3.1633892  2.6796691  2.9164066  3.0008225  3.3240469  3.1659417
  2.4487495  2.5061321  3.3838377  2.916839   3.9335613  2.8025408
  2.397233   1.8937722  2.5282836  2.413373   4.3205323  1.918531
  2.6803231  3.3814192  3.1614575  2.5189545  2.9120011  2.847971
  4.1828485  2.157096   2.8383064  3.0472434  2.1897192  2.407763
  3.0469813  2.6876402  2.5623586  3.517022   2.467391   1.9500608
  2.0707812  3.248574   2.8149652  2.2083552  2.9636147  3.136342
  2.6501546  1.8570133  3.499246   2.2294383  2.9898825  2.1124425
  2.782408   3.124927   2.412161   2.9396946  1.9029669  2.8507047
  2.518078   2.7761445  2.954755   3.216152   3.2504148  4.052476
  2.332303   2.4046135  3.9825263  2.3190038  2.496672   1.9969673
  2.4276974  2.0024407  2.6606934  2.3328137  2.7908864  2.5341463
  2.2309318  2.8843226  2.7367752  2.3324876  2.193097   2.2768638
  1.9116753  2.8287578  2.4406254  3.0325184  2.308395   3.0055306
  2.7464306  2.2674415  2.421058   2.883603   2.4163504  2.7413275
  3.327512   2.1526222  2.6782305  3.0010662  4.364807   3.7097726
  2.4425356  2.2663467  3.0517027  3.4509494  2.8358939  2.5219836
  2.7996626  2.3568275  2.0905442  3.3874793  2.9327617  3.3403788
  2.648606   2.464146   2.0698204  3.2976656  2.9861708  3.1674533
  4.866721   2.4908528  2.4094336  1.9607787  1.9900316  3.1292028
  2.674711   2.9039245  3.075398   2.5448158  2.8055925  2.5712295
  3.1164012  2.6348026  2.152116   3.0104065  2.0481708  2.5001328
  2.9949725  3.1141536  3.058801   1.992826   2.5016239  2.617652
  2.4138935  5.9326625  2.7713983  2.4386926  2.670709   2.7407339
  1.7206371  3.6851223  2.2233624  2.1229632  2.9992936  3.62583
  3.5738854  2.5564508  1.7576379  2.6478803  1.9319433  2.275753
  3.7712169  3.9478889  1.9913398  1.8780198  2.355777   2.6192808
  2.9769301  2.863894   3.6890957  2.512459   2.3700387  2.6436937
  3.3563106  2.2624295  3.0842257  2.551226   1.8890945  2.3198617
  1.8115009  3.9798021  1.8127469  2.1503305  2.9237738  3.058982
  3.1278691  2.7873142  2.7152288  3.4832227  2.041651   3.654089
  2.5518608  1.9387584  2.6964276  2.2175741  2.029605   3.200379
  3.4137735  2.301295   3.7104416  2.448459   2.225594   3.0249102
  1.9891094  2.2553241  2.6232293  2.8538496  3.3253515  2.5921915
  2.2874908  2.6882706  1.90446    3.170962   2.548165   2.44641
  2.0512884  1.4540734  1.9406681  2.3680527  2.0200121  2.4264138
  4.1147747  2.8382096  2.6996953  2.9353733  3.2812798  2.7746916
  1.9140245  2.1439497  2.9801288  2.5775232  2.2347336  2.425497
  3.1898243  1.8141122  3.7366328  3.1765504  2.1137948  3.797875
  2.7855244  4.0237455  3.0170534  2.8903043  2.3361742  2.8068428
  2.442625   2.240766   1.919009   2.8760068  3.232295   2.2464771
  2.3632014  3.8775046  3.0855253  1.6493891  1.5812979  3.1852121
  2.7011676  1.9058684  3.5446198  1.9005412  2.3867042  2.4482782
  3.48683    1.7820191  2.416945   2.3866765  2.0711586  2.4087455
  2.5280745  2.6791604  1.7971934  2.5627956  3.0023     3.395364
  3.0958514  1.9613334  2.0881531  2.4966717  2.7492015  2.509995
  2.9691038  2.522347   4.3175774  3.0377018  2.8109686  2.689824
  1.7853131  1.3653718  3.6759932  2.1814537  2.3419113  2.2119713
  2.269829   3.2807748  2.4468782  2.9403515  2.526183   2.9848466
  2.3461943  1.9689301  2.7080634  2.7903984  2.7113123  3.1264067
  2.6828754  2.2169313  2.2908032  2.5966096  3.198531   3.0433364
  3.2865999  2.7466958  2.2532148  3.0685647  3.4075139  3.0078495
  2.3614986  1.9055451  2.2275536  2.737481   3.472376   2.5865135
  2.7811942  2.0064523  1.772854   2.635131   2.8625457  1.8803903
  3.0074685  2.5006819  3.8775885  1.8236582  2.9430041  2.368127
  3.0875578  3.3781748  2.238507   2.58191    3.1509964  2.9780004
  2.507599   1.6344205  3.6867945  2.7664385  2.4275768  2.3404117
  2.4832623  1.9788231  3.1169944  2.2574992  2.6384537  2.7955568
  2.8275123  2.5825174  2.7531831  2.8395238  3.5512428  2.1514127
  3.2569158  2.9319808  2.5186284  2.6784506  2.4538336  1.9381135
  2.4156716  2.4477377  2.3897674  2.1837752  2.8401256  3.0232027
  2.8666937  2.3058167  2.9512968  2.380984   3.607441   2.8067272
  2.778409   2.4885867  3.2077959  4.1629353  3.0999985  2.9080606
  2.703701   3.3347116  2.774969   2.555823  21.357601   3.5003123
  2.7903504  3.389563   3.0165749  2.5545537  1.9284661  2.900264
  2.0319924  3.6219175  2.9531834  3.2794816  3.370905   2.1297956
  1.8371739  3.7667964  2.8817098  3.533673   2.7331126  2.7516515
  2.7764144  2.1613188  2.2580788  3.7984023  2.3209085  3.6145458
  2.6306932  2.4881325  1.6339461  3.0885727  2.484537   3.7281306
  2.1925168  2.1336906  1.8620116  2.0250897  2.5862653  2.5634022
  1.7007072  2.975498   2.6791174  2.66977    2.5102434  2.3443265
  2.4412563  3.14151    1.7046839  1.6176763  2.5597482  2.9488454
  3.4776247  2.7792764  4.464263   3.8462107  2.1619675  2.6611686
  3.1808937  2.1309173  2.0904405  3.6183867  3.2496572  2.4031343
  1.7710823  3.224143   2.4765797  2.5343719  2.5959115  3.5602648
  3.3960981  2.0891526  2.8260493  2.2083306  2.5731354  1.5893222
  3.3384867  2.3537526  2.566844   2.0306218  2.5788975  2.173139
  2.9803643  3.4064748  3.15798    2.5222807  3.4332201  2.8775375
  2.4032626  2.1751063  2.941851   2.711065   2.1771986  2.2317073
  3.9568598  2.7570248  2.0569696  3.5735655  2.6057858  1.8171266
  2.1350062  2.2844748  2.5001364  2.938729   2.5379739  3.4224956
  2.3205686  3.4078388  2.5975888  2.1551173  2.5876205  2.3438416
  2.8345072  3.8537426  3.9531074  2.22126    2.985441   3.2597144
  2.8004937  2.9894564  3.0523489  3.3920612  3.7581024  2.6057658
  2.339259   3.21682    2.1657572  3.0582347  2.3088012  2.6312568
  3.0180378  2.7603576  1.8621323  2.0186317  3.1391153  1.9072348
  2.6106787  2.250751   2.5691075  2.5505168  2.3994958  3.0136123
  2.283772   1.8424121  2.0064108  2.0135891  3.8158169  3.0362046
  1.9246479  3.2331238  2.3410895  2.2000906  2.5697775  1.70451
  2.2635038  2.4679532  2.1534631  1.7289038  1.6642269  2.3939617
  2.0530462  2.4048033  2.4430382  3.5372252  3.0341024  2.5964696]",0.1473404255319149,0.17925861974557242
5,18,846,"[[ 1.2209278  -5.3699756  -4.6477265  ...  1.7416075  -2.961313
  -2.4412475 ]
 [-6.1671777   2.8805974  -2.718413   ... -5.3239985  -0.25921425
  -3.711517  ]
 [ 4.52821    -2.148124    3.2074604  ... -1.3228157   5.576583
  -2.794231  ]
 ...
 [ 2.352241    1.5700164  -0.13408406 ...  1.1651688   1.3676902
  -0.9743726 ]
 [-1.3737768   0.8546435   0.17738213 ... -6.863269    0.5704669
  -1.0857244 ]
 [ 6.1065407  -0.92628825 -0.54389584 ... -0.24476531  1.1794616
   0.9314073 ]]","[ 2.4314907  2.6300766  1.9336193  2.0715265  1.8563668  2.2105362
  2.3988488  3.301119   2.6474185  2.758396   2.186591   2.3309531
  2.2649393  2.4860816  2.3497446  3.0145013  2.1744435  2.3034163
  2.223569   1.6171136  1.2056918  2.4082046  3.2362072  2.163385
  2.2945297  2.5970407  3.0506473  2.3915234  2.402666   3.5431333
  2.3397272  2.386285   2.5767245  1.8890263  1.8824732  1.670323
  2.4154277  2.4246547  3.1516936  2.3302343  3.3756728  2.1403508
  1.7858729  2.5098667  2.3126202  2.9620893  3.668688   2.0943265
  2.9260182  1.8835722  2.3024228  1.8809607  2.3478053  3.3111832
  1.6429663  3.0763159  2.7979178  2.791092   2.742587   2.0889292
  2.716601   1.873249   3.8862026  2.6712546  1.9330257  2.2390013
  3.0483644  2.935229   1.9347024  2.1008325  2.2286265  2.9166863
  1.8212218  1.6943706  2.8227012  2.3890748  2.1119688  1.8384324
  2.7404542  3.208408   2.4994438  3.039702   2.1072097  2.642799
  2.235602   1.549711   2.7385845  1.9816238  2.6070662  2.1008916
  1.6796392  2.1382113  2.001201   2.4139888  1.930741   2.5885873
  2.4390764  3.2359982  2.632968   2.7910192  2.0363603  3.3575933
  2.7508333  1.8530799  2.2325659  2.4474626  2.4035408  2.96515
  1.7353886  1.7690969  2.1001618  2.5109873  2.669904   2.1324162
  3.0602067  2.228163   3.2718196  1.1788741  1.8451169  3.4328134
  2.024258   3.54586    1.596772   2.6358316  2.1220994  2.21905
  1.5795324  2.8314233  1.9742383  2.5804892  3.1659987  2.6902065
  1.6109477  2.1895955  2.4117267  2.2468383  2.5553908  2.0204709
  2.835283   2.2649744  2.413261   2.2819023  2.009086   3.1923358
  2.476544   2.3272538  1.9505715  2.8612392  3.0201395  2.6457539
  2.5841606  2.207658   2.7066712  2.705867   1.6773525  2.5735037
  1.9011651  2.736349   2.700799   4.498549   2.634002   2.1132529
  3.2986465  3.0185852  2.597831   2.239232   2.4744985  3.250595
  2.1007764  1.9853481  2.768207   1.6965579  2.9458902  3.1605618
  3.063907   2.5560865  2.1422188  2.1813133  2.7308066  2.986661
  2.2289126  2.5036402  2.5429752  1.5929595  2.694986   1.7213484
  2.6889222  2.6929295  3.047186   2.1096082  2.44561    2.631278
  2.2956917  3.0286467  1.4204568  1.8230883  2.5464454  2.0420697
  1.9407051  2.0964077  2.2071764  2.7796912  2.5355544  2.6599483
  1.9713972  2.740393   1.833387   2.560064   2.6693792  2.77938
  2.3200548  2.6670496  2.230566   2.4338465  2.8501592  1.8727134
  2.178117   2.2094514  1.9783005  2.7567792  1.6531284  2.2491221
  2.789749   2.3392463  2.2876132  2.9631739  2.7845876  3.165783
  2.5448747  2.3695228  2.9415607  2.5829709  2.4590945  2.6739833
  1.9601741  1.6513944  2.0818353  1.8525443  2.446937   2.7399967
  2.09772    2.4600914  3.12184    2.643585   2.4708266  2.5994945
  2.16454    2.1239786  2.1762793  2.8693738  2.1805997  2.8547451
  3.3836308  2.6588428  2.077221   2.6643198  1.8177222  1.917517
  1.885175   3.282938   2.62145    1.8599494  2.012262   1.7222629
  1.9844412  1.7388139  2.261884   1.386279   2.969624   1.7654369
  2.847781   3.9030492  2.416877   2.4029427  2.1345773  2.4940896
  1.7959683  2.1578724  2.791622   2.4755368  2.3178632  2.658839
  1.9825413  1.7331102  5.0499325  2.3001225  1.9442058  2.155889
  2.2627153  2.3248365  2.5043826  2.1555068  2.579717   2.0460393
  1.9577961  2.093024   2.5096836  1.937075   1.8860418  2.4427252
  1.7711412  1.8836449  1.6477664  2.3114364  2.3905492  2.732707
  2.2509394  2.540049   2.8402922  2.3163364  2.9898736  1.9917626
  2.617272   2.2276723  3.2055972  2.2456262  2.2443547  2.5790577
  2.5072167  2.5129566  2.3416882  3.9607346  2.2498536  2.197471
  2.3810463  1.7225187  2.7499063  2.531797   2.1705217  2.7990642
  2.8586018  2.39188    2.3391905  4.1019015  3.216067   2.5881064
  4.263932   2.4917705  3.1317346  2.0862458  1.9265146  3.1748471
  2.353534   2.0105402  3.0347965  2.20669    2.5451632  2.4862142
  2.609592   2.2849925  2.7263649  2.4840817  2.0784867  1.6103957
  2.0856006  2.9809492  1.9990535  1.8013293  3.117439   2.4082766
  2.2270741  4.676385   3.2455919  2.0860739  3.085565   3.0752685
  1.5217824  2.1891892  2.5932648  1.6248156  3.4390328  2.6409314
  3.690328   2.0910523  1.7446406  2.8147233  2.2019005  1.8775421
  3.096557   3.7292154  2.664689   1.5381281  2.1240191  2.3520641
  3.3036046  1.9419904  3.439391   1.5712075  1.9873387  3.349232
  3.341279   2.3328714  2.6281972  2.5919783  2.5146708  1.6422276
  1.587322   3.5171864  1.9374468  2.2772129  2.022523   2.340602
  2.684665   1.927092   2.3776424  2.1331255  2.203807   2.6675115
  2.367193   2.0061593  3.4574559  2.225367   2.1572986  2.0091639
  2.9369357  2.0777106  3.0719662  2.564338   1.7553655  2.7924256
  2.2881465  2.667598   2.2288523  2.7300239  2.1886375  2.297547
  1.892676   3.0474904  2.8538418  3.57127    2.6305869  2.3374417
  2.4691763  1.637344   1.7980161  2.2200427  1.695304   1.519983
  3.1298544  1.7173425  2.0177822  2.8566582  2.7647336  2.728375
  1.7321334  1.9833617  2.6176786  2.2748122  3.054502   3.8957443
  1.9141647  2.395959   3.3780599  3.0875962  2.9522038  2.9375327
  2.753673   2.9684246  2.197222   2.547284   2.594049   3.560821
  3.094896   2.9294543  2.0413945  1.904884   3.3381605  2.071259
  2.143186   2.026276   3.7165492  1.4433647  2.080267   1.6378614
  2.1469738  2.599607   2.3131025  2.3506677  1.8027438  2.5215127
  1.9624169  2.428659   2.4256978  2.5276911  1.8572356  2.317544
  2.2465415  2.3410811  1.6246526  2.3852284  2.6339447  3.8278227
  2.404899   1.4987872  2.6647258  2.4870358  2.4912634  2.0105495
  2.2406828  1.9409995  2.8508174  2.5584934  2.9354458  2.129458
  2.2349572  1.6157168  2.5898952  2.3307402  2.3970447  2.0040467
  2.424494   2.8536603  2.05724    2.6801844  2.8161285  2.5014355
  2.3773189  2.2598722  2.6877925  2.5500083  2.1994257  2.6600273
  1.7562889  2.2995949  2.6441176  2.033184   2.1182854  2.7514002
  2.9477327  2.4156232  3.303038   1.8131675  2.0747104  3.2338772
  2.0170562  2.4556613  2.0547616  3.0747118  2.6831443  2.4463375
  1.9405566  2.188964   1.4443779  3.0087283  2.7978487  1.8642496
  3.06685    2.817836   3.7688208  2.1038358  2.013708   2.0251672
  2.9634905  3.4073412  1.6799793  2.6957998  3.0428894  2.9144266
  1.7330402  2.1160545  3.5278554  2.2463055  2.3493469  2.1054935
  2.1709776  2.244271   2.1070688  2.4100962  1.4765683  2.5270388
  2.744481   2.1347446  2.2479744  2.7462633  3.3284836  2.385952
  3.4618227  2.8169994  1.8382736  1.9885579  2.3752246  1.562684
  2.0833035  2.5131128  1.6256787  2.4948304  2.5222328  2.3902352
  2.0961628  2.9366696  3.313552   2.140229   2.2878954  2.3726156
  3.1770904  2.1475441  2.7466812  2.2475383  2.2012837  2.5519342
  2.9807613  2.4343443  2.357322   2.0452373 23.68026    2.902826
  2.4222522  2.1258037  2.8245366  1.9613963  1.4100261  1.9833593
  1.997075   3.1490462  2.303541   2.3163843  3.2745867  2.389952
  2.201639   2.4760985  2.557229   3.3386278  2.5471194  2.6561608
  3.001614   2.2449577  1.6034377  2.7606802  2.3108604  2.66934
  2.68243    2.565891   2.119813   2.1071026  2.3442132  1.7634739
  2.284597   1.8980705  1.568602   2.3515582  2.545214   2.221298
  1.9226718  2.306694   2.6933773  2.4274116  3.1263046  2.038427
  2.2554405  2.510448   1.8511609  1.8593228  3.0454893  1.8647592
  2.2633724  2.5064278  3.447364   3.1318655  2.3368096  2.920071
  2.9629185  1.2499927  2.741705   3.0896726  2.3403482  2.6394887
  2.2302258  2.8531168  2.6113722  2.6381228  2.5100188  2.7235281
  3.7209795  2.31839    1.554546   2.2209728  1.82632    2.0058467
  3.3968382  2.0273516  2.0758948  1.8059444  2.5453155  2.0533433
  2.4737523  2.4867399  2.4444296  2.027473   2.8949304  2.9440746
  2.509864   1.567599   1.8976508  3.3277888  1.9497819  1.8213624
  2.658388   2.4261014  1.7356805  2.8153336  2.4311557  2.1799939
  1.8475461  2.1510308  1.9120884  1.8420082  2.3902137  2.5917163
  3.1040902  2.3914657  2.1244266  2.246639   2.4731016  2.0301583
  1.8276823  2.1702409  4.162839   2.6156397  3.0232089  3.5612426
  2.0302913  2.5281312  3.2028847  2.0549798  2.834711   2.0463688
  2.6255302  2.1415336  2.2725909  2.6070776  2.5879319  2.5637121
  2.223752   2.3729622  1.9821872  2.2040794  2.6505294  2.4718804
  1.7246802  1.9136065  2.522524   2.2964783  1.7242259  2.721882
  2.44407    1.9840738  2.1617246  2.0533314  3.0483563  2.1573203
  2.3325646  3.4032755  2.6701305  1.6536664  2.2128909  2.5922966
  1.7799364  2.38292    2.5374413  2.5632398  2.2643144  2.086112
  1.8402646  2.5265975  2.1798441  4.0601296  2.3851426  1.8571831]",0.19414893617021275,0.21273611237605414
6,18,846,"[[ 0.4179296   1.1825083  -0.5901764  ... -1.1282092   1.2338916
  -0.23208655]
 [ 0.94399387  0.9166962   2.077931   ...  0.51099724  0.60343
   1.5285957 ]
 [-0.98307335 -1.2113318  -0.5660932  ... -0.2526952  -2.8915174
  -0.30357468]
 ...
 [ 0.01260605  1.7732513   0.11453067 ...  1.4823616  -0.33429623
   0.7751097 ]
 [ 1.2626956  -1.2614657   2.6582305  ... -0.34500563 -0.7428947
   0.97442144]
 [ 0.89430255 -1.965258    0.91646105 ... -2.5252512  -1.2067819
   0.42000145]]","[ 2.7689793  2.970534   2.6041265  2.4642603  2.2420886  2.0026119
  3.2979367  3.6413975  2.8807373  2.41179    2.0372138  2.7246888
  2.0882616  2.6273928  2.6320703  2.6343045  2.076176   2.919405
  2.2761114  2.328975   2.4747486  1.7741596  3.4540067  2.5566032
  2.1881893  2.279168   2.585432   1.996782   2.2765608  2.7241805
  2.2302966  2.955313   2.550406   1.9500998  2.1826403  2.2478313
  2.6298072  2.2993155  2.7429476  2.5217235  2.5006704  3.4708464
  2.0784993  2.257315   1.9114392  2.8554368  3.594206   2.4722035
  3.4747903  2.8517106  1.5939037  2.5531132  2.5713484  2.7886684
  1.7046607  2.654493   2.3865073  2.534897   2.5179198  2.3957057
  3.0016706  2.163275   3.144658   3.1867216  3.1407168  2.0364196
  2.9630287  3.3182664  2.6539824  2.8578649  2.5435023  2.8553011
  1.5752088  2.5768821  3.0552616  2.4520497  2.0177739  2.1975446
  2.6120934  2.9813914  2.087378   2.823728   2.7527456  2.2442594
  2.2218332  1.6591026  2.538727   2.4044363  1.3243402  1.9348549
  1.9761077  2.0666077  2.3461962  2.0320396  2.455219   2.3201876
  2.3311317  2.559375   1.9503638  2.518377   2.57182    2.879187
  2.5900056  1.9460809  3.0345774  3.1968582  4.263012   2.901589
  2.2507367  2.016128   2.4915578  2.0196452  2.8495183  2.4084857
  2.0849223  2.0389135  3.2349818  2.2542653  2.178988   3.2067072
  1.7546848  3.4217138  1.8348799  2.2260554  3.1829154  2.2734985
  1.5456532  3.175161   2.5732245  2.0681658  3.4510038  2.750033
  2.6011157  2.319783   2.3129885  2.073178   2.1769917  3.6629288
  3.3466592  1.7213438  1.9448776  1.7278639  2.4240947  2.9902864
  2.5156302  2.8411884  1.8161386  2.6758895  2.7560766  2.2065425
  3.155419   2.8655977  2.7806945  2.044321   1.7090241  1.6471756
  2.0590003  2.884952   2.6499326  3.6570807  2.3604698  3.272822
  2.9230647  3.1055696  1.8566885  2.0337167  1.82415    2.5878055
  2.0151892  1.706845   3.5216272  1.886278   2.9752662  3.413573
  2.457562   2.4354837  2.1667147  2.1895823  2.7599666  2.2086494
  2.5021446  2.268234   2.4212499  2.4295201  2.4606507  1.9727267
  2.999224   4.1352215  3.2976472  1.8766155  2.9412963  2.9112835
  2.441989   3.2592309  1.8460633  1.5667416  3.067597   2.5415158
  2.4440403  3.0925114  2.4883542  2.7977946  2.7938678  2.9289985
  1.4880197  3.0019352  2.4677353  2.2428555  2.5844703  2.0371368
  2.1536238  2.431504   2.4643426  2.0553443  2.6489122  1.8309245
  1.7425774  1.8661835  2.1039574  2.2356198  2.262871   2.145049
  3.4346666  2.6235833  2.557694   3.1072888  2.912716   3.4732769
  2.7656243  2.5277686  3.1037714  2.0339053  2.5331526  2.623263
  2.2483132  1.9612821  2.4124925  2.0253282  3.032512   2.4346542
  2.1150703  3.073256   2.989711   2.565136   2.6014104  2.8191695
  2.5927355  1.9943134  1.9637086  2.2905648  2.0276692  2.8065846
  2.6020973  2.24451    2.1573915  2.964713   1.9144807  2.4611833
  1.9300455  2.6708586  2.4929748  2.0735002  2.0553417  2.9558184
  2.4444847  2.119312   3.1897972  1.8415569  2.0048454  2.7824345
  3.4820752  2.9916031  1.9213572  2.7089677  2.0973263  2.5627306
  1.6456783  1.7390344  2.5161319  2.2539585  3.1173193  2.5600317
  2.2971199  1.9236629  4.311928   2.062696   2.1256895  1.9879783
  1.7850378  2.1577728  3.5237348  2.2060854  2.810462   2.197076
  2.0102317  2.5246954  2.620571   2.1928666  2.409948   1.8797168
  2.258355   1.7344812  2.22082    1.8193041  2.1391103  2.3809195
  2.805805   1.9438858  2.8645816  2.3937194  2.0677185  2.3086498
  2.8862925  2.5032659  3.183416   2.1691217  2.7945147  2.5284605
  3.2869768  3.3973916  2.2027173  2.225739   2.040611   2.3837395
  2.4661987  1.28528    2.3604696  2.0882025  2.4804213  2.773476
  2.9849336  1.9465948  2.1546426  2.2352183  2.0005815  2.0441742
  3.535958   2.3089075  3.3609276  2.4165308  2.2290766  2.7966886
  1.5516381  1.6087533  2.78444    2.3679466  2.4771311  2.9621866
  2.084246   2.6955001  2.5269585  3.3982494  2.476791   2.088825
  2.5745158  2.911667   2.1230838  2.2850301  3.2712934  2.5886188
  2.3157554  4.0873947  3.2472322  2.0564919  2.7479794  2.3097186
  2.1314409  2.950386   2.243631   2.034266   3.8364165  2.5172398
  3.0899     3.1755517  2.3004353  2.3458397  2.1425335  2.7793746
  2.5376675  3.2539263  2.215785   2.3670168  2.1362479  2.0494392
  2.816692   2.468496   2.7737303  2.5566185  2.7077684  3.0472708
  3.3738544  1.9327952  2.574499   3.808007   2.545746   2.6361337
  1.6880383  3.2291195  2.167097   1.4532351  1.8006732  2.6344428
  2.273006   1.8949318  2.0717058  2.287218   2.1662815  2.6197493
  2.953444   1.847926   3.202851   2.2038264  2.2277792  3.059391
  3.4455805  1.9009752  2.7870593  3.150475   1.4277223  2.506944
  2.0795226  2.2908835  2.0617168  2.2816038  3.3068244  2.4257028
  2.1718316  2.5593445  1.785685   2.3139606  2.945271   2.4342637
  2.1768026  1.504194   1.7922848  2.7561455  2.1860228  1.7829449
  3.6722105  2.1674876  2.4489434  3.2845144  3.1863346  2.4179935
  2.37053    2.6761343  3.3166242  2.9244893  2.3714883  3.0854774
  1.7482285  1.9914523  3.8935363  2.767325   2.9984858  3.267971
  2.3579779  2.5582254  2.3380766  1.806477   3.6785557  2.166886
  2.3615298  1.912982   1.6830603  2.881084   2.4453435  2.0058575
  1.714419   2.1122336  3.2895155  1.6616112  1.7924505  2.0337784
  2.2287571  2.011364   1.6549027  1.5885572  1.8683171  2.5970132
  2.853901   2.029938   2.565377   3.2419798  1.7745012  2.552869
  1.7267636  2.8142977  1.7740502  2.716467   2.943567   2.1456704
  3.0947547  2.1702914  2.4042873  2.2387066  2.3040433  2.967929
  2.9346151  2.7175117  2.9787643  3.421227   2.5499036  2.8335009
  2.0383537  1.5317873  3.8724232  2.3135166  2.2889538  2.3650982
  1.9276712  3.6088767  1.7962611  2.6962302  2.4836726  1.9908429
  2.4441116  1.4633474  2.1840942  3.0167592  2.5854785  2.3182926
  2.370668   2.6317694  2.766058   2.889441   2.1634593  2.6250875
  2.9512718  2.7948382  2.144672   3.6315026  3.363308   2.3442929
  2.0956361  1.9993823  1.7364818  3.5988135  2.131656   2.2682052
  1.926317   2.5529308  1.8263584  2.628697   2.635011   1.9967211
  2.7446496  2.3285213  3.0896065  3.0250895  2.634786   1.9383547
  2.8754556  3.2590628  1.581519   2.290213   2.9923527  2.014682
  2.2735586  2.5706358  2.5411136  2.0867372  3.35444    1.6050137
  2.3101468  1.7132127  2.2668488  2.927934   2.3058002  2.0583637
  2.3151703  1.877779   1.8104049  2.5986314  2.998371   2.4744914
  2.4313345  3.223679   1.5410728  1.6945236  1.526309   2.1324759
  2.7451544  2.5282516  1.4175739  2.9211016  2.9324682  2.9459755
  1.9878188  2.5139382  2.3475194  3.1150775  2.847643   3.568394
  2.7269433  2.2846963  3.0747814  2.7336774  3.1239877  3.233092
  2.2324672  2.1914933  1.318245   2.0920115 25.009245   3.096823
  2.745321   3.7930536  2.859192   2.3345137  1.6596144  1.8136008
  1.8166193  3.1813757  2.0499387  3.0455341  3.2791038  2.8799655
  2.4496713  4.1933255  2.4713018  2.7019744  2.397251   2.0747015
  3.0728588  2.2020648  2.8258848  3.1771195  2.0079126  2.999621
  2.2892709  2.0316525  1.666279   2.1508222  2.493002   2.9492245
  2.6769485  1.7374692  2.071804   1.6871462  2.34578    2.2247825
  1.3493234  1.729709   3.488839   2.3253593  2.480629   1.7739725
  2.324661   2.9139671  2.2209206  2.4934986  2.2976973  2.3159697
  2.9336     2.303589   4.4818673  3.5344245  1.868696   3.0505364
  2.9304721  2.307304   2.3913746  2.976514   2.8523746  2.0887473
  3.2495937  2.0238826  3.1929293  2.4722059  2.8179495  2.4854298
  2.0864062  3.0016026  2.0980136  2.7179332  2.8605917  1.6369007
  3.2777407  2.6303303  1.7876285  2.350508   3.1716595  2.0626185
  3.0610511  2.74861    3.1163044  2.2193484  3.386662   3.1001945
  1.8434691  1.9399732  2.300834   2.0140529  2.138335   2.319996
  3.2717159  2.0347538  1.8183767  2.4634302  2.4421802  3.0896406
  2.9850125  1.8525333  2.5865283  2.0387347  2.5737298  2.813055
  3.4478621  3.2428796  2.3456616  1.8936515  2.937116   2.9492247
  3.0183396  1.9231308  3.1534026  1.6965237  2.009534   2.7595696
  2.485836   2.6282592  2.4655764  2.591665   3.1504493  2.0484772
  1.9813854  3.120868   2.2109008  3.6939347  2.2541914  2.0454335
  2.6966844  2.4548683  2.6634862  2.1643999  2.1187468  2.0736592
  1.9421177  2.9913774  2.5128837  2.2040646  1.9752561  2.731009
  2.47698    1.795897   2.0229988  2.2147696  2.3216631  2.2388535
  2.3662314  3.3066146  2.3464632  1.6197648  1.727121   2.1435287
  2.2454872  2.0769372  2.9407737  2.241715   2.0160918  2.645767
  2.1238194  2.8073077  2.7655509  4.386256   2.6098032  2.8137245]",0.20053191489361702,0.22533950358629226
7,18,846,"[[ 0.987956    0.03237863  0.43775412 ...  0.49940306  0.2138685
   0.34580332]
 [ 0.7532419  -1.0408653  -0.64217323 ...  0.0181102   0.90185505
   0.03835087]
 [-0.51938874  1.8476299   0.01811938 ...  1.8394853   0.96613806
   0.6703645 ]
 ...
 [ 2.2317827   0.95317054 -0.21897282 ... -0.08777894 -0.22183727
   0.80320805]
 [ 1.314696    1.1873801   0.1907117  ...  0.31071487  0.1935837
  -0.00236141]
 [-0.06846806 -0.5158118   0.21259136 ...  0.21673454 -0.18193614
  -0.11864998]]","[ 2.5247304  2.0263855  2.3053527  2.6046667  1.9368253  1.9151206
  2.3947115  3.679547   2.5314639  2.770996   1.9876378  2.416405
  2.5318062  2.6505353  2.3107197  2.0205228  1.7404344  2.4688158
  1.9381428  2.0639708  1.2224807  2.1473389  2.6714745  2.2958255
  1.9523056  2.1598563  2.4444623  3.0024822  2.3893852  2.421075
  1.921811   2.8406348  2.6562166  1.7217503  1.9561327  2.233963
  2.07791    2.3248513  2.762686   2.559927   3.1395555  3.4963796
  2.0458822  2.18586    2.3029413  2.3516955  3.8302338  2.4685345
  3.3516426  2.3757129  2.4023964  1.7360781  2.3904243  2.8756483
  1.9142432  2.1436467  2.6429381  2.052572   2.142288   2.032905
  3.7669983  1.8440689  2.334611   2.3793447  2.5085878  2.8879848
  2.7950954  2.6689787  2.3789897  2.501439   2.3901312  2.924858
  1.6158373  2.3728135  2.3924656  2.51672    2.608945   2.1319115
  2.942558   1.9253304  2.672295   2.8887422  2.2328818  1.9848168
  2.116125   1.5062437  2.4629166  1.6506876  2.4606736  2.0435956
  1.5321413  2.088445   1.7579404  2.8976858  2.620838   2.7696598
  2.1614742  2.7332084  2.2119458  2.0179675  2.6737204  2.7648375
  2.9600163  2.0039375  3.3918705  3.2030385  2.604437   2.5469334
  2.3417284  2.0655954  1.8153713  1.9268508  2.4668477  2.4479976
  2.7782428  2.38077    3.0205328  1.4932     1.8492655  4.300981
  1.8489852  2.482656   1.7233022  2.3012638  3.4099889  2.612816
  2.0049615  3.1649616  1.7689219  2.4527218  2.5312393  2.3434792
  3.421532   1.825987   2.4443781  2.028765   2.4190264  2.40368
  2.4939814  1.8004882  1.790147   2.1432745  2.1552768  3.1538575
  2.1107543  2.9758072  1.7764941  2.2714882  3.1128855  2.425373
  2.6296737  1.8276879  2.9610696  2.5919707  1.9502512  2.056093
  2.4271138  2.7055702  2.3670716  3.5776186  2.4596384  3.1537273
  3.510695   2.8888764  1.9449284  2.2423406  1.9207648  2.8651996
  2.9337518  1.6032878  2.5027473  2.218917   2.3734632  3.3027651
  2.620041   2.0641253  2.5958002  2.3010876  2.684545   3.1818402
  1.9898322  2.2868392  2.272621   2.625219   1.9823403  1.8700674
  2.62571    4.310435   2.838214   1.5530597  2.4726472  2.2455595
  1.5238485  2.633108   1.804777   1.7453896  3.0026011  1.7525499
  2.2227101  2.7098489  1.937009   2.8066642  3.7085886  2.9731297
  1.7624906  2.1640902  1.8686335  1.8576984  2.4275835  2.016797
  1.7822391  2.2068264  2.8328102  1.5081543  2.0694718  2.3762817
  2.0429382  1.9543793  2.2711535  2.1078956  2.5561864  2.078831
  2.317252   2.5182679  2.9828358  2.4206157  2.353285   2.3442008
  2.6812174  2.383013   2.4595711  2.8861816  2.055097   2.5334547
  2.455924   1.9000329  2.087717   1.7596749  2.4704514  2.6580229
  2.1820412  2.410713   2.2391417  1.9373264  2.0011365  2.9034092
  2.4599264  2.790729   2.2106078  2.299875   2.356417   2.2227855
  2.2358134  2.0210845  2.113055   3.3369384  1.466656   2.120098
  1.6372355  2.7563615  2.451774   2.3630888  2.2495666  2.935583
  2.0972216  2.1123524  2.8741522  2.0620778  2.2468214  2.2655973
  2.3682978  2.1963208  1.8108077  3.1324897  1.9026294  2.2201962
  2.9311965  1.6799525  2.9381561  2.1988404  2.648076   3.1465557
  2.0508888  1.7780937  4.1548495  2.0162497  2.0479429  2.1468253
  1.569468   1.5148658  2.229255   2.6249814  3.0409186  2.2504559
  2.5520096  3.0364718  2.2035756  2.1831546  2.2266462  1.619422
  1.4079475  2.4745896  2.554402   2.3135355  1.9717942  2.3293724
  2.4897788  2.1648443  2.9331064  2.0341105  2.5486457  2.2332518
  2.8707175  2.2958276  2.7201388  1.8797629  1.7971004  3.1262271
  2.5541852  3.2550955  2.6253128  3.0207896  2.2676678  2.2486885
  1.345067   1.7614884  2.0724795  3.0396724  2.3279417  3.6710627
  2.5303264  2.6065032  2.5241404  2.8555286  1.7048054  2.3326464
  2.9980307  1.6823252  3.1021793  2.3957024  1.8872427  3.8804834
  2.1747801  2.446726   3.3964415  2.4946666  2.3205671  2.2107873
  2.7177324  2.3014843  2.6982727  2.714599   2.4772627  1.7412736
  2.7125509  2.2793899  2.1639302  1.7499751  2.831898   1.8849927
  1.4845035  4.2544255  3.0245311  2.4272125  2.4798143  2.1934934
  1.6354758  2.8511956  2.2201881  1.9984585  3.261741   2.357352
  3.1260362  2.1472826  1.7073466  2.1574922  2.5134108  2.635325
  2.225691   2.844445   1.6741953  1.4039803  2.0954373  2.535788
  1.4235713  2.5817306  3.2479863  2.9644315  2.276684   3.279127
  2.8810844  2.4411232  2.3003192  2.5761526  1.9875257  2.8883345
  1.5673689  2.7389698  2.0507307  2.4428825  2.2161067  2.3169396
  2.6940196  2.4727285  1.8019562  2.6098104  2.2598414  2.3437858
  2.6791642  1.9754479  3.1706023  2.0894365  2.2510104  2.4919894
  3.5039132  2.49753    2.3033524  3.9422665  1.4763196  2.5768876
  1.3781801  1.7844595  2.7554896  2.4671853  3.512931   2.3773453
  1.7222216  2.0792177  2.0984752  2.772821   2.5147278  2.2111623
  2.0169787  1.3947845  1.9781477  1.9623139  1.9130971  1.7647305
  3.1872041  1.8453997  2.1758108  2.7680497  2.6965353  2.495546
  1.7892777  3.013362   2.47146    3.432147   2.8310413  3.3458152
  1.7227111  2.1139853  3.3478696  2.3179932  2.609268   2.8003113
  2.2544537  2.9149668  2.3418486  2.1409945  2.6901255  2.5018048
  1.9761091  2.405349   2.084901   2.7333126  2.861538   2.6114573
  2.5298586  2.4120338  3.232825   1.5262945  1.2838776  2.2841218
  1.8491606  2.0631466  2.477569   1.7686346  1.7430472  3.365518
  2.632494   2.1356611  2.1302452  2.0871477  1.5096612  2.0876937
  1.3962698  2.1084027  1.4094571  2.508205   2.9055533  2.9034188
  2.5523186  2.300177   2.7980757  2.2615576  2.2945511  2.9762893
  2.6978848  2.5526028  3.1622033  3.1007638  2.8031301  2.9554014
  2.3797643  1.818241   2.4886837  2.5615723  3.0832984  2.10849
  2.2502687  3.8550909  2.0222583  2.236615   2.7491627  2.655688
  2.5327027  2.00722    2.6289296  2.0877166  2.353187   2.7651613
  3.158693   2.2738504  2.4532146  2.2903543  2.432973   2.1910644
  2.412531   2.1250644  2.934439   2.5116465  2.5940242  3.2682204
  2.245781   2.138626   1.7837647  2.6361642  2.2568321  2.4483538
  2.4904165  1.5891756  1.7470492  2.205057   2.729369   2.1976252
  2.5216384  2.1853802  2.6646032  2.413404   2.0889804  2.3135076
  2.4640796  2.414296   1.8996421  1.7894266  3.4760153  2.0452328
  1.911763   2.278483   2.7794695  2.6912453  3.1904001  1.9159789
  2.1048114  2.4858959  2.5275486  2.870912   1.920798   3.335724
  1.9314008  2.2900105  1.8631697  1.9090707  3.1790407  2.4857585
  2.9770226  2.5216084  2.0811923  2.5708313  2.5303714  1.6853213
  2.4736955  2.543416   1.7012662  1.9247898  3.006322   2.4125388
  2.235127   2.3428113  2.8146026  2.3706295  2.2663796  2.241556
  2.6251557  2.9987137  2.3333204  2.4868274  3.5683546  2.5962
  2.3840594  2.8581495  1.853091   2.0809312 23.343914   3.0653942
  2.7848186  4.173265   2.8885357  2.1472387  1.5838921  1.8737645
  2.407722   2.6968195  2.845713   2.6335366  3.900877   2.9823015
  2.3369966  3.0168138  2.340453   3.2234674  2.7914767  2.270534
  2.4923348  2.5682104  2.1004264  3.7149642  1.9688011  2.3833404
  2.3388543  3.140596   1.3388382  1.8887117  2.0748234  2.8089244
  2.067281   1.6481116  2.0487123  1.9456205  2.5961442  2.2055364
  1.9050574  1.8521166  3.4705691  2.3719265  3.28548    2.6578135
  2.297242   3.1319776  1.9360098  1.28264    2.4350379  2.5701816
  2.792062   2.0859506  4.2227073  2.899433   2.4289422  2.8779585
  2.9229295  1.4549589  2.3382843  2.6943057  2.3946555  3.009021
  2.0463128  3.7245197  2.5911572  2.953919   2.6881628  1.7967305
  2.7874346  2.109763   1.718153   1.9919926  2.6674063  1.9365613
  3.0918543  2.1695428  1.9703867  1.8670567  2.3061028  1.9679604
  2.2742567  2.1967378  2.3318224  2.0195224  2.4650807  1.7821023
  2.0157797  1.5053191  2.1820934  1.9326433  1.9905404  2.4904199
  3.6638393  1.7378198  1.9845626  2.0978327  2.195884   1.6001104
  1.8798153  1.9881836  2.329953   2.2250097  2.8462765  3.5307903
  2.5342438  2.6627808  1.8338505  1.7535905  2.872203   2.4733367
  2.406226   1.8088393  3.0180516  2.4164076  2.7600374  3.3209298
  2.2148583  2.7548933  3.5945485  1.8113524  3.0262542  2.0068073
  2.531312   2.4349034  2.670686   3.2168145  2.3221054  2.031373
  3.129125   1.447221   2.229135   2.0613096  2.2380278  2.9076328
  1.6388036  1.4643362  2.4620929  2.1591904  3.1483543  2.5539486
  2.7239997  2.1624532  1.8130536  2.644958   2.734972   2.5610778
  2.1516132  2.802382   2.6345563  2.3123238  1.8276781  2.0555277
  2.2377415  2.5465994  2.2114282  1.7431117  2.0402098  4.3829217
  1.9126408  2.727681   2.561917   3.9376786  2.5898006  2.6370766]",0.22287234042553192,0.2255054215590159
8,18,846,"[[-0.29840922 -0.43787867 -0.5749151  ...  0.02935628  0.09921516
  -0.36520815]
 [-0.16062765  0.07657567 -1.2682346  ...  1.1193991   0.22097394
   0.5691073 ]
 [-0.49543196  1.294314   -1.443683   ... -0.8091403   0.79542416
   0.2556352 ]
 ...
 [-0.93575853  1.7520393  -0.44836602 ... -0.10145272  0.3397947
   1.0525631 ]
 [ 0.59520584 -0.03719552 -0.4007451  ...  0.9480659   0.931615
   0.20739634]
 [-0.5412381  -0.67835575  0.68991685 ... -1.0645365  -0.08445289
  -0.35137177]]","[ 2.4698918  3.474302   2.0060675  2.231365   1.6315929  1.7281604
  2.467223   3.3534822  2.3390744  2.2198188  2.2752697  2.4348526
  2.536491   2.0646544  2.8239677  1.642831   1.5031013  2.3068933
  2.0217516  1.9340557  1.8000715  1.4389453  2.081593   2.507001
  2.2312305  2.9932597  2.0078702  2.3692672  1.8967332  1.9009755
  1.8589804  1.999098   2.147158   2.0454564  2.3367765  1.7274734
  2.1495316  1.8912963  2.6543384  1.7960202  2.4459915  2.5967715
  2.0085614  1.7750591  2.1152794  2.3000667  3.0753722  2.7888296
  3.1687458  2.1871777  1.9770279  2.2476025  2.240672   2.2626472
  2.0418892  2.8711123  2.7568982  2.603909   1.7051204  2.1526248
  2.3620658  2.1290016  2.9494016  2.1981826  2.2863348  2.1316407
  2.1123886  1.9041849  2.5718203  3.2156618  2.1047685  2.7193415
  1.9817815  1.933774   1.4504224  1.6122748  2.10472    1.6352942
  3.0574262  2.9045448  1.4897394  2.6563332  2.3371403  2.194936
  2.091109   1.7123759  2.5952308  1.3058097  2.0617855  1.9338396
  1.8938009  2.7922232  2.238167   3.0193346  2.5460773  2.1029122
  2.111541   1.888343   2.6267672  2.5985878  2.2823296  1.7203581
  2.4152694  1.9372268  2.5490687  3.267189   3.189813   3.4269004
  1.8673775  2.3334672  1.8299204  2.5234497  2.8205135  2.4348016
  2.7659981  1.8656092  2.824285   1.9096261  1.8984027  2.7121935
  1.7115246  2.8730798  1.5233796  2.2939284  2.197516   1.9101692
  1.7425389  2.8338344  2.2435253  2.4519112  2.4152133  2.6473386
  2.5090306  2.2599404  2.4163723  1.6123267  2.738155   3.0495772
  2.4865637  2.4086957  2.2267926  2.1594493  1.7663761  2.8060434
  2.0516543  2.5149312  1.8431257  2.078763   2.9846013  2.0125127
  1.962636   2.1509888  2.6628535  2.7243254  1.3131905  1.9421338
  1.4608343  2.0367453  2.586992   2.770817   2.344289   2.682239
  2.5301974  3.2490335  2.169614   2.1309717  2.4215395  2.34455
  2.1388016  1.5937817  2.289108   1.7733505  1.9971008  2.4368677
  2.447145   1.8109244  1.4574206  2.4831607  2.3757977  2.556462
  2.1776695  1.9934624  2.0766823  2.5192244  2.2719934  1.5203102
  2.5322676  2.6272347  2.647462   1.5590575  2.6151922  1.8243337
  1.7836701  2.7876897  1.9360118  1.7965858  1.8798596  1.8980398
  2.1358294  3.0055869  2.388978   2.7604578  2.8923528  2.675519
  1.5477418  2.2858357  1.4395458  2.0382316  2.142223   2.2948864
  1.9467374  2.2550066  2.313211   2.4763262  2.261536   2.7106838
  1.3701248  2.7151105  2.367552   2.1971338  2.1889899  1.7242123
  3.3524559  2.0021193  3.1901848  2.4008753  2.6307933  2.9646556
  2.3971362  2.006848   3.109768   1.9014089  2.1007411  2.265764
  2.3607779  2.3991148  1.9727392  1.7567248  1.7210596  3.005991
  1.8963767  1.4524769  2.2569306  2.467767   1.6988435  2.1073544
  2.862542   2.0936315  2.367229   2.2183776  2.086779   2.6074
  1.9419826  2.3514574  2.2520647  3.2431145  1.7125218  2.5115921
  1.6579497  2.7513518  2.3708563  2.0451713  2.1226883  2.8791227
  1.7398934  1.6313664  3.1254456  1.8967086  2.2760987  2.5531433
  2.47532    2.60468    1.7919285  2.7116454  2.1679196  2.0463717
  2.2802613  1.7184882  2.655969   2.012162   2.8749635  3.2276034
  1.6723797  2.5189106  3.1353421  2.2949605  1.9734821  1.9424379
  1.6472347  1.7881377  1.8127471  2.2902706  2.0733073  1.5693256
  2.0390434  2.8904321  1.7343599  1.3123108  2.4668806  2.10242
  1.8308343  2.2379642  2.706442   1.7290939  1.7277782  2.0588822
  2.1540036  1.8167063  2.4134073  1.6512938  2.5690057  2.0540128
  2.6055377  2.6907485  2.853853   2.144555   1.7451013  2.3724625
  2.723009   2.0360353  2.7801325  2.8802369  1.9281219  2.1087103
  2.113132   1.8220712  1.5900091  2.5602403  2.0099325  3.1823044
  2.4286401  3.0065017  2.4342918  2.8632216  2.5103     2.2537017
  3.6596708  1.3592608  2.10256    1.6848209  2.292137   2.3033319
  2.011509   1.8478963  2.2581537  2.2626264  2.485922   2.7890325
  2.4167287  2.385527   2.2156792  2.9864328  1.7369015  1.804819
  2.5296981  2.7434359  2.0067132  2.2100875  3.30976    1.8665905
  1.9258158  3.5999637  2.8085866  2.1718376  3.1342828  2.0594614
  1.6505656  2.995772   1.9408053  1.6705546  2.203792   2.471096
  2.9585133  2.0599725  1.4661705  1.311101   1.6325644  2.4958773
  2.7401226  2.867115   1.8829333  1.6458527  2.2423387  1.9083827
  2.5771701  1.8818521  3.0054874  3.028713   2.2354932  2.2127125
  2.2765186  2.0656939  2.520205   2.898149   1.5547231  2.9249516
  1.5923492  3.2389245  2.170712   1.4428017  2.0642996  1.5974075
  2.4526498  2.1953979  1.5087693  2.402453   2.0631065  2.0617962
  2.2977486  1.4527549  2.2222314  2.5917957  1.9126077  2.824994
  2.8318293  2.7574117  2.7417123  2.7511485  1.4854394  2.578752
  2.0692725  2.3070145  2.6129146  2.8897154  2.4651623  2.3845427
  1.9493208  2.3673384  2.0253246  3.1871176  2.131181   2.8440151
  1.8712571  1.5763285  2.7163095  2.6131172  1.9216084  1.7632766
  3.2281406  2.314509   2.3198473  2.3315651  2.5749974  2.7354832
  1.5902822  1.9063959  2.777872   2.7030077  2.3203712  2.2528589
  1.434105   1.8322632  3.2597651  2.4741979  2.1005325  2.4225497
  2.6265342  3.5360835  1.9645699  2.88043    2.797949   2.868954
  2.469578   1.8942823  1.3466247  2.0746875  2.5185702  1.9096317
  2.198089   2.1469462  3.1134243  1.5811735  1.3560543  2.0563781
  2.32556    1.988101   2.4926717  2.0843174  1.6959622  2.192491
  2.4037275  2.4114616  1.926472   2.5817237  1.3634341  2.8738244
  2.2366626  1.8587071  1.6786776  2.3357108  2.471164   2.463321
  2.764891   1.9718331  1.7261006  2.009718   1.8991636  2.2301896
  2.23684    2.5538886  2.1564767  2.3129563  2.152168   3.0063195
  2.3790374  1.6052095  3.1121898  2.678407   2.0907815  2.0205655
  2.0234299  3.6567745  2.9084182  1.7476149  2.6359947  2.740637
  1.924507   1.3087447  1.6898152  2.2777753  2.4186585  2.0067258
  1.4679921  2.0423374  1.7830161  2.4639542  2.4980738  2.6218543
  2.7783008  3.1079643  2.9696069  1.8990859  2.5444546  3.0897946
  2.382317   2.3483937  2.159642   4.200146   2.5206983  1.7480989
  2.456751   1.730004   2.346088   1.8738843  2.034763   1.9390328
  3.225106   2.3411808  2.7875092  2.3971725  1.7315174  2.0929773
  2.187366   2.4532545  1.8741983  1.8894689  3.2059484  1.6569053
  2.1201015  2.3166459  2.8708115  2.534781   2.1702237  2.317164
  1.7400912  2.7334814  2.6618617  2.4288576  1.760494   2.427772
  2.517237   2.6187468  1.8619817  2.1380084  2.1886814  1.882737
  1.7698808  2.102096   1.4656639  1.7077111  2.0640192  1.7855121
  2.682282   2.145115   2.3762321  2.620036   2.9536953  2.6909838
  1.8190585  2.1522305  2.5430348  2.187015   1.878796   2.4894729
  2.9109576  1.4538727  2.1066883  2.9259007  2.5567565  2.6336594
  2.5508425  2.4482975  1.6088817  2.2678113 20.029953   3.209117
  2.4582376  2.691147   1.9836433  2.2359638  1.8053195  1.9115568
  1.6459453  3.1241457  2.695607   3.175598   2.5109918  2.495568
  1.723197   2.344809   2.2389007  2.8068535  1.8059586  1.6908283
  2.123943   1.4181553  1.8252145  3.5987358  1.9543494  2.005029
  2.51187    2.8386157  1.1863906  2.1224105  2.3536289  2.5669286
  2.018185   2.308351   2.9917119  1.6898446  1.9677984  2.854806
  1.5329434  1.771289   1.9598677  1.7879137  2.4697928  1.9920691
  2.4659295  2.4076633  2.7112954  1.6238457  2.5120173  2.4262733
  1.6406881  2.2554214  3.4707005  2.2664254  1.9835262  2.3086147
  2.4350073  1.6616724  2.0304031  3.3771267  1.911268   3.0699909
  1.9191952  3.5593357  3.0223773  2.2771137  2.5403163  2.2033567
  2.654901   2.3129916  1.5570042  1.9254385  2.297328   1.6488507
  2.6759944  2.5715373  1.874531   2.7459807  2.896952   2.2421722
  1.5512033  2.045143   2.5107493  1.819552   2.5448842  2.2103088
  2.0827103  2.1278784  2.2880728  1.4671578  1.8590927  1.7950426
  2.57748    2.3178122  1.4502281  2.3637574  2.482114   1.7173167
  2.3730397  2.3199153  2.2741122  2.1728053  2.439992   2.8697631
  2.5298285  2.1349256  2.0675402  1.4458258  1.8278105  2.5770516
  2.8459737  2.1420712  3.5203888  2.3937426  2.9169014  4.079658
  2.1131768  2.5526748  2.5703094  2.0225852  2.7184181  2.1641397
  2.6612096  1.977193   1.5518177  3.0405335  1.8494109  2.2810082
  2.8551633  2.2617574  1.9038751  2.165513   2.2371757  1.861469
  1.6691517  2.0250745  2.24643    2.63864    2.9829416  2.942822
  1.8712218  1.9112705  2.0626225  2.1572163  2.5746753  1.9812778
  2.1591713  2.5469184  1.9872333  1.6529152  2.348837   2.0070486
  2.5116758  2.024496   1.7598642  2.4057212  1.7952192  2.3285923
  2.1339061  2.2767549  2.0437407  3.2718372  1.8309194  2.4845624]",0.2372340425531915,0.24764913469552993
9,18,846,"[[ 0.8439684   0.08636419 -0.12658064 ...  0.2469819  -0.5254156
   0.05764472]
 [ 0.1143818   1.3332212   0.03217598 ...  1.7048802   0.87481904
   0.42772216]
 [ 0.0773805  -0.9350672   0.41283876 ...  0.23963752  0.5221135
  -0.02968506]
 ...
 [ 0.36282104 -0.18231434  0.17213057 ... -0.40084407  0.553655
  -0.3947104 ]
 [ 0.37412614  0.25013483 -1.0385826  ...  0.59970057  0.00745562
   0.14514214]
 [ 0.26805016 -0.4689094   0.23074566 ... -0.6853862  -0.11086415
  -0.17129265]]","[ 1.8790922   2.5175083   2.0268807   1.2629197   2.51324     1.565667
  2.0418005   3.0436528   2.4831824   2.4573987   1.6789743   1.6714274
  1.6812562   2.1045332   1.6730716   1.8778965   1.6853195   1.4384842
  1.8635911   1.7770069   1.4466776   1.1010656   2.3553443   1.9162028
  1.7296923   2.0514314   2.1214387   2.1765842   1.7263787   1.8763047
  1.8154546   1.9521781   2.0538127   1.3265198   1.8227394   1.2423322
  1.6620365   1.708423    2.2976887   2.0760586   2.23233     2.503231
  1.3747832   1.7011232   1.8095756   2.0005627   2.4668036   1.6135128
  2.5446594   2.3591502   1.6124606   1.7712717   2.3637514   1.5895901
  1.9650064   2.2991557   2.180777    2.2169938   1.6245844   1.8998871
  1.3343718   1.2897058   1.849863    2.0719457   2.5007362   1.7812021
  1.7786219   1.7443231   2.075801    1.6879381   1.7198983   1.9833449
  1.5733217   1.4867705   1.7493738   1.6174314   1.5604962   1.620207
  1.6864583   2.033962    1.7535307   2.0812762   1.9789945   1.6116498
  2.3254838   1.6195524   2.0620902   1.8352349   2.4593475   1.8549385
  1.1501194   1.4132397   1.5969399   2.0858188   1.6454616   2.1385188
  1.8097177   2.198458    2.1886258   2.2970219   1.6839808   2.0124624
  2.863427    1.5035455   2.215214    2.1429074   2.4758117   1.7616522
  1.1283233   2.4506319   1.5098937   1.32966     2.1065369   2.3364263
  2.1231432   1.572562    1.9009442   2.1763818   1.744275    2.2467985
  1.2960011   2.5600817   1.2951506   1.4911478   2.293629    1.5373821
  1.5892857   2.1982462   2.1019292   1.411031    2.0797532   2.4908938
  2.6356428   1.4166614   2.0922318   1.6569275   2.0052588   2.608432
  2.3371048   1.711505    1.8706106   1.6911343   1.3761852   2.0194113
  1.7816838   1.7117488   1.2910566   2.2887669   2.2234058   2.1491413
  2.4822364   1.6701474   2.041181    2.073282    1.6927965   1.4837112
  1.4381745   2.437177    1.5593269   2.5543873   2.341585    2.0430737
  2.2601535   2.25869     1.5591698   1.9620095   1.6522126   2.2790377
  1.9207891   1.4914861   2.02782     1.5220069   2.1624436   3.213187
  2.5568545   1.2045244   1.767095    2.1867075   2.4218056   2.0804543
  1.5241809   1.324137    1.86716     1.8993104   0.9576701   1.8007169
  1.2990788   2.500119    1.6329925   1.6860241   1.6462725   1.5353992
  1.7161887   2.3378665   1.4261057   1.5303543   2.3218448   2.0495155
  1.7797074   2.5995862   2.2605262   2.1478684   2.0894005   2.027939
  1.3301187   2.3318346   2.0901113   1.9096923   1.6464946   1.8925338
  1.3525556   1.9341769   1.6798353   1.5331808   1.8377444   1.8241063
  1.2955921   1.6959041   1.8837769   2.3519325   1.976423    1.9405204
  2.2135289   1.5390648   1.7543838   1.955209    2.4030998   2.2962797
  2.7853005   1.8494263   2.164624    1.8703326   2.0868056   1.8810407
  1.6825424   1.4400811   2.5620458   1.0963401   1.9230444   1.6628052
  2.1157553   1.5529479   1.9518442   1.5969855   1.9944962   1.9553528
  1.464373    1.5951556   1.8820505   1.5385865   1.4132798   1.4343151
  2.2467935   2.0149038   2.002396    2.7763278   1.8939329   1.9273272
  1.4535263   2.23193     1.8463203   1.5881574   1.2464284   2.0204606
  1.8153312   1.4329711   1.9010504   1.548261    1.7869812   2.1751747
  2.0771015   2.8905616   1.4038386   1.6902875   1.8221408   1.5653715
  1.645766    1.3313581   2.229651    1.7857383   2.1498475   2.0023205
  1.3829179   1.7022506   1.7498385   1.4269574   1.5570136   1.6035969
  1.7309295   2.1911516   1.7063245   1.7272811   2.1217408   1.2791759
  2.5868723   2.334312    1.7690744   1.1476599   1.4830903   1.9554409
  1.6555442   1.7596627   2.0230289   2.0412621   1.6662499   1.731705
  1.5344428   1.7804848   1.9512471   2.3511147   2.637504    1.5187551
  1.7212955   2.1317418   1.6746314   1.4963048   1.3326411   1.6594006
  1.8171164   1.8437593   1.3661238   1.9796067   1.8658874   1.9032211
  1.691044    2.0716164   2.0562692   1.7566333   1.4112227   1.426102
  1.9279865   2.1779542   1.9492773   2.687043    1.8526808   1.910983
  2.533462    1.5803182   1.9160588   1.6716732   1.5871917   2.9614146
  1.8614409   2.417624    2.2410138   1.6857513   1.8292208   1.8437036
  1.4644614   2.127497    1.5563073   2.535991    1.4619932   1.7084293
  2.0957184   1.5738572   1.4993463   1.6713486   2.733576    1.7006903
  2.1050024   2.7253988   2.5811687   1.7064551   1.9931794   1.6587349
  1.5145468   2.420933    1.7019837   1.4861525   1.8653831   2.0167649
  2.0153337   1.744547    1.5129192   1.9648476   1.3084846   2.1214156
  1.8232999   2.4598877   1.733963    1.5244392   1.5486529   2.0127184
  1.9706242   1.6373011   2.714546    2.1079721   1.8530052   1.8386536
  2.2129738   1.6403008   1.6260177   2.49978     1.2269768   1.9501092
  1.2454222   2.9754891   1.6054398   1.4376976   2.403159    2.1286383
  1.5928458   1.8904697   1.8623117   2.5825827   1.3487338   2.388033
  2.0668118   1.5987685   1.5536112   1.994928    2.564217    2.3527856
  2.6070597   1.4437674   1.7030722   2.1758246   1.0521802   1.5400227
  1.5305074   2.5683372   1.4669994   1.4589442   2.7153566   2.522372
  1.6329786   2.4678938   2.1841726   2.1968045   1.7073553   2.09792
  1.3095499   1.491301    1.9759846   2.0440745   1.4817772   2.1491709
  2.2448556   1.8060406   1.6805772   2.7560995   1.7413031   1.7379445
  1.5483704   1.9475234   2.5009425   2.5238993   2.2576091   1.9756736
  1.5345205   1.2494305   1.6158617   1.9886189   2.251437    2.575681
  2.7390761   1.7655107   2.1915622   1.8516123   1.5804085   1.4165196
  2.1090791   1.7031039   1.3871082   1.7055696   2.5447676   2.1244779
  1.6552312   1.7802737   2.0226789   1.1877584   1.1804895   2.1455178
  1.948405    1.7606176   1.941297    1.5113157   2.1333804   1.9676279
  2.372649    2.1428452   1.7568066   2.019562    1.6008923   1.7266049
  1.4560025   2.274211    1.298844    1.834289    2.163168    2.4797778
  1.9450661   2.069586    1.5590224   2.243826    1.6905135   1.8228353
  1.4255917   1.842814    1.9561105   1.7940563   1.9757984   2.106338
  1.874357    1.6913975   2.6824613   2.3419685   1.7216004   2.1840692
  2.0629337   2.821759    1.2268268   1.7934502   2.5669541   2.2240744
  1.7566713   1.8924421   1.8951633   1.8067356   1.6883533   1.396595
  1.618718    1.972249    1.4821249   1.7973459   1.9274858   2.4757385
  2.6982036   1.905292    1.8778692   1.913611    1.7470517   2.473336
  1.8194917   1.3865037   1.34985     2.2593517   2.2092438   1.5233349
  1.7901601   1.80022     2.3123393   1.8814375   1.807052    1.910991
  2.008442    1.8626938   2.2305331   1.6361583   1.4598023   1.691846
  1.7404678   1.923626    1.5125176   1.7067657   2.1314201   1.6645732
  1.2240984   1.7251068   2.5365453   1.6262547   2.3628242   1.7000544
  1.690345    2.0014086   2.347542    2.1075547   2.0760734   1.8164556
  1.8012604   0.97970116  1.1786467   1.4675254   1.9541609   2.2397757
  1.353106    1.8443022   1.876561    1.4264854   1.973197    2.0050957
  1.6585132   1.7535546   1.5170174   1.6690886   1.7960612   1.8568493
  1.768372    1.5069398   1.8048775   1.709029    1.948836    1.4889994
  3.2504258   1.7269256   1.8483821   2.3201575   1.5584788   2.1313863
  1.8972327   2.0561128   1.8267882   1.465      13.993113    1.8387705
  1.8638709   2.3802216   1.4391962   2.178102    1.595127    1.3226764
  1.8850973   2.2340288   1.7453338   1.9892879   2.3344412   2.0497591
  1.7048656   2.0047305   2.3051805   2.6099837   1.4205074   1.35885
  1.9618526   1.7717426   1.3991954   2.374514    1.4463185   1.3617458
  2.0133986   2.437832    1.0021269   2.3562472   2.0161414   2.1170654
  2.409364    1.3655561   2.168372    1.6419133   2.0487857   1.7045301
  1.2099496   1.957121    1.9742293   1.9079814   1.9308358   1.616956
  1.9031428   1.8566055   1.947147    1.4780014   2.1885333   1.867519
  1.4431729   1.2061938   2.386868    2.2321942   1.8973651   1.9047232
  2.0885866   1.8544407   1.4422215   1.9708952   1.6757946   1.852203
  1.5898296   2.353268    2.2379453   1.7489578   1.6624901   1.5860521
  2.0645213   2.2626793   2.0813174   1.5483378   1.8407563   1.9623718
  2.7093787   2.3670843   1.8385383   1.4497396   2.1465173   1.6378264
  1.347627    1.8502499   1.569429    1.3492553   2.0316195   1.5205538
  1.4328227   1.8453372   1.7998493   1.9973584   1.7662312   1.5850747
  2.4446726   2.3326485   2.0130532   1.7672188   1.585238    1.7554278
  1.6242692   2.0266514   2.7036347   1.516108    2.6205661   1.9629939
  1.8348799   2.1830995   1.9522818   1.0991801   1.9305165   2.0860171
  1.6143074   1.5059538   2.719071    1.7948049   1.9119781   2.4851995
  1.38622     2.3018901   1.530173    2.2229846   1.7116241   2.00288
  2.1522758   1.73832     1.5659921   2.4981186   1.6772904   1.2648749
  2.4631784   1.6120893   1.3661437   1.6901989   1.9372003   1.7173672
  1.599946    1.3895743   1.5041405   1.9209987   2.0398953   1.8141068
  1.6001027   1.6099775   1.8201559   1.5209306   2.018365    1.520004
  1.6161267   1.990938    1.2799306   1.2553976   1.7990692   1.5558667
  1.836992    2.4125128   1.8664734   2.4085057   1.2566551   2.1616461
  1.7494327   1.7243963   2.1367972   2.1665077   2.105769    1.9563104 ]",0.33563829787234045,0.28746330738067627
10,18,846,"[[ 0.25573757 -0.29784927  0.00178689 ...  0.25997368 -0.36375204
   0.18395378]
 [-0.04360281  0.55511075 -0.08814428 ...  0.54620856 -0.03378466
   0.32166246]
 [-0.430478    0.53479373  0.20765685 ...  0.26255894 -0.1444451
   0.3130481 ]
 ...
 [ 0.3931688  -0.22322829  0.12986338 ...  0.58212215  0.23942629
  -0.6213874 ]
 [-0.23879199 -0.12206809 -0.0976093  ...  0.2564546   1.0467905
  -0.8201081 ]
 [ 0.12544355 -0.14897443  0.36189148 ...  0.12140248  0.37575856
   0.01425058]]","[ 2.2966485   1.7373962   1.5179982   1.9139688   1.7717245   1.4712197
  1.7023083   1.7891737   2.0705507   2.1003275   1.460024    1.5595495
  1.8262613   1.4125352   1.6737046   1.9453388   1.5059804   1.9719074
  1.659359    1.2198385   1.4342741   1.585951    2.1989522   1.890968
  1.4147708   1.4377534   1.7525511   1.3367265   2.2970977   2.28873
  1.5909038   1.9031705   1.8820962   1.5002007   2.0448933   1.4625641
  1.641694    1.8751953   2.075294    1.5028425   2.4555352   1.683329
  1.6967885   1.4487065   1.7210352   2.0886898   1.7846464   1.7773392
  1.552296    2.2251518   2.0326092   1.393888    1.6771731   1.6417605
  1.3724828   1.4218354   2.0465052   2.8315763   1.7588719   1.2408953
  2.0954912   1.4933702   2.2304032   1.438494    2.2998667   1.7183664
  1.9755691   1.7399783   1.4070938   1.7346112   1.4016781   1.6844789
  1.2319709   1.2261931   1.559285    1.2881191   1.4507705   1.5662359
  1.7851994   1.7955692   1.6602075   1.7894475   1.2594805   1.8959948
  2.0241883   1.6083952   1.4566152   1.8646479   2.014631    1.3107573
  1.1847064   1.8276922   1.3111392   1.7877096   1.5938355   2.2683768
  1.6887608   1.1140119   2.0407078   2.4760273   1.6869147   1.7075137
  2.0040298   1.452156    2.2110837   1.5230656   2.3120413   1.5569651
  1.2833121   1.8005131   1.4699551   1.3704289   1.7940582   1.6895351
  1.4441106   1.2583312   2.2625391   1.8582886   1.3019341   1.8930784
  1.3375862   1.3993698   1.3624207   1.5334319   1.7463949   1.7361724
  0.9279855   2.045807    1.5098339   1.4371645   2.1897976   2.1848571
  1.5901426   1.3871878   1.9291936   2.3634493   1.8686112   1.731464
  1.9498585   1.5682483   1.0393947   2.1014354   1.7395521   1.7935722
  1.8234407   1.9137604   1.5475146   1.7422434   1.4596213   1.7960019
  1.4402528   1.4356447   1.5526483   1.308037    0.95876163  1.5236028
  1.7685099   1.8662417   2.2336516   2.171815    1.7489613   2.0282915
  2.0262825   2.0060067   1.8419043   1.5261526   1.2801889   1.6848596
  1.9824775   1.4508302   2.0897858   1.4032731   1.5696843   2.1793842
  1.9625322   1.7568246   1.5583822   1.477495    1.6137915   1.6933674
  1.4649357   1.4880139   1.3798497   1.4165026   1.3370818   1.7262399
  1.6350759   2.825177    1.3886921   1.6665015   1.39612     2.0166237
  1.3043269   2.2108386   1.2334453   1.2113891   2.1716833   1.6677854
  1.2135824   1.9273293   2.153526    1.8313657   2.3410351   1.9122814
  1.3687202   2.1609643   1.0166552   1.5689164   1.8013842   2.0586443
  1.6429256   1.3676891   1.5953782   1.0569328   1.4747272   1.4541041
  1.4966068   1.59555     1.6181844   1.7966933   1.9214131   1.5190648
  2.2172713   2.0143402   1.6488942   2.2504811   1.6755273   1.8310665
  1.4460058   1.2881569   1.4821461   1.8667076   1.7864902   1.2800128
  1.3452744   1.7931836   1.2432082   1.5517168   1.7805544   1.8297205
  1.5512987   1.4287938   1.9521124   1.2327952   1.716419    1.5983791
  1.6978623   1.4058838   1.6991546   1.2793334   1.2952623   1.2914948
  1.4339333   1.655356    2.0336702   3.3818362   1.3201151   1.4021363
  1.3551843   1.7431922   1.5845015   1.5329788   2.0618043   1.9660093
  1.4867889   1.8823216   1.6101142   1.434742    1.509902    1.6339111
  1.7419431   1.6684067   1.3247049   1.7960556   2.0728688   1.4237685
  1.6926861   1.3238333   1.3356729   2.0691698   1.8557451   1.9518472
  1.3410608   1.3920923   2.6219501   1.7374653   1.5347942   1.4751656
  1.3141773   1.4804237   1.608364    1.630402    1.8945153   1.8476772
  1.5558299   1.8238591   1.6762048   1.5343087   1.6302128   1.812512
  1.2003381   1.7290647   1.5149398   1.3393838   1.2295336   1.4737387
  1.5288785   1.2786502   1.6277965   1.8170825   2.3988192   1.5118178
  1.7615659   1.6947284   1.998257    1.4259483   1.8321464   1.9775945
  2.1027362   1.0961909   1.7023948   2.4859297   1.529353    1.3482876
  1.8454156   1.5753857   2.0964627   1.625496    1.5917817   1.940214
  2.2665203   2.0660515   2.0918226   1.9655883   1.7920043   2.1524317
  1.6471083   1.7202004   1.5013496   1.3061126   1.2796671   2.8708556
  1.6530367   1.7880862   2.1402578   1.7223974   2.008242    1.923162
  1.379416    1.5176497   1.6458888   2.1133854   1.3473208   1.3614001
  2.2417202   1.9150105   1.4046512   1.7360379   2.480294    1.8474125
  1.6119175   2.086376    2.108761    1.8375096   1.7630084   1.5334375
  1.2534747   2.5647151   1.5553012   1.6181757   1.7905939   1.6085794
  2.1240666   1.5638123   1.4800509   1.6963437   1.280988    2.3415241
  1.7954621   2.6986792   1.5805428   1.2944472   1.5384861   1.7527267
  1.6795458   1.6770527   2.2774289   1.9301848   1.7007045   2.0511987
  1.9068961   1.8343551   1.725383    2.184783    1.5006998   2.0207546
  1.4903265   2.4257045   1.5744723   1.9527166   1.6830106   2.1251006
  1.7010509   1.75643     1.4837562   1.2854115   1.6551507   1.5506722
  1.8231705   1.7058312   1.351298    1.5981903   1.6009954   1.5753001
  2.6217263   1.4748597   1.5636135   1.9520506   1.1039618   1.8537791
  1.2288461   2.6282353   1.5034939   1.8538854   1.8735532   2.123364
  1.3135729   1.4545523   1.990803    1.870134    1.6404067   1.5152928
  1.4424689   1.5048025   1.1662464   1.764278    1.4096384   1.669631
  2.1528513   1.3477805   1.9441824   1.691698    1.5760059   1.4473996
  1.5289342   1.3755803   2.372018    2.2703063   1.5782844   1.6317441
  1.7640978   1.3194195   1.8596183   1.794932    1.9717518   1.7470678
  2.0529928   2.2218025   1.6888385   1.6391948   1.8759913   1.688859
  2.2757537   1.867635    1.4632661   2.3106878   1.7691743   1.6205579
  1.226383    1.767922    1.6530372   1.0941147   1.215729    2.2544904
  1.5145632   1.5567312   1.4574356   1.815999    1.5159993   2.3652136
  2.2359214   1.4417776   1.790228    1.525869    1.201969    1.5625834
  1.5021099   1.8693974   1.2611799   1.5214561   2.401778    1.5730166
  2.0279903   1.4874495   1.4385021   1.6922747   1.6245577   2.0975466
  1.8946668   1.971812    1.575137    1.9986769   1.7691607   2.1597233
  1.6849147   1.4958942   2.312387    1.8679327   1.5302832   1.5924633
  1.6224539   2.5427456   1.2566959   1.4272004   1.9999398   2.2469351
  1.4516659   1.3390332   1.6478796   1.5426093   2.1698656   1.7602648
  1.4026572   1.9137555   1.578783    1.9626154   1.4671448   1.5972774
  1.7654073   1.1391007   2.0876417   2.1323676   1.789861    2.3226783
  1.4222139   1.8014859   1.5430733   2.504022    2.1606028   1.7826207
  1.5852783   1.255243    1.9815255   2.163518    2.0670152   1.9336243
  1.7875227   1.5956001   1.9157964   1.1796472   1.0952399   1.7268379
  1.8934513   1.809393    1.5234072   1.6092348   2.5786457   1.6156385
  1.3344737   1.7631259   2.0217283   1.3721563   1.7963479   1.4643837
  1.768246    1.457194    1.3645478   1.8266959   1.8031856   1.4526335
  1.9280651   1.1103239   1.3797942   1.8239903   1.8890182   1.8424156
  1.3933173   1.7639714   1.3548951   1.673198    1.625645    1.5574286
  1.8468338   1.6779115   1.789717    1.453381    2.0580316   1.8552679
  1.243592    1.575097    1.3750087   1.4169711   2.0933745   2.024365
  1.9001104   1.8896711   1.4072831   2.1900237   1.9912149   1.8868743
  1.3225113   2.0522351   1.5392678   1.9419154  12.688227    1.5034204
  1.9489276   2.2893624   2.0513954   1.9613414   1.2504537   1.2685275
  2.0407014   2.1317267   1.3633479   1.5906298   2.1134813   1.947614
  1.8709348   2.004528    1.8399702   1.9558214   1.8216147   1.6801577
  1.9530759   1.9468518   1.8831989   2.727437    1.0818788   1.930109
  1.898826    1.571712    1.3003843   1.6726382   1.4648288   1.5886984
  1.6904598   1.1516055   1.1855415   1.2698948   1.608578    1.6984626
  0.7941791   1.5675697   1.6646643   1.6536747   1.9328144   1.4177047
  2.1368706   1.5001507   1.8272345   1.583541    1.4594215   2.0928369
  1.0814711   2.0153642   2.4457436   2.308288    1.4387765   1.9451921
  2.1984546   1.0489227   1.411679    2.3835945   1.9836185   2.400195
  1.9368677   2.1831706   2.0416725   1.9035181   2.6528273   1.4009895
  2.3996634   1.7632462   1.5300333   1.6305988   1.8759161   2.018768
  2.176615    1.593622    1.5090836   1.7437462   2.180429    1.0868858
  1.670141    1.4337937   1.8863349   1.8460093   1.3494804   1.9033698
  1.5157967   1.2581687   1.4777505   1.6970356   1.7451842   1.3386729
  2.0821815   2.2076986   1.5781918   2.0585837   1.6977855   1.1920137
  1.6389009   1.2656914   2.100502    1.9054328   2.446029    1.8236401
  1.3477898   1.8973699   1.6054556   1.3930908   1.4930738   1.751461
  1.4533787   1.8378439   2.4808831   1.4224565   1.9777552   1.904634
  1.5541507   1.6377884   1.5796871   1.4869891   1.8851982   1.5606701
  1.9864352   1.7353313   1.4544816   2.6492171   1.4640142   1.9062319
  1.848343    1.4170358   1.3406703   1.563486    1.3319882   1.3618789
  1.2484051   1.3274242   1.282793    1.5501727   1.6317111   1.7927043
  1.3786105   1.1717625   1.3241953   2.1421978   2.311635    1.3367808
  1.5752      1.7673223   1.4944522   1.4306878   2.2197342   1.6372207
  1.4608068   2.2233949   1.706626    1.6901369   1.3551404   2.2300754
  1.2799464   1.9671195   1.5278729   2.4886067   2.154328    1.6126678 ]",0.36914893617021277,0.31236281047264736
11,18,846,"[[ 0.85910684 -0.02406371  0.0680333  ... -0.20978926 -0.32459638
  -0.227456  ]
 [-0.05567809  0.3472266   0.18638957 ... -0.2185421   0.00297268
  -0.33375418]
 [-0.35115042  0.09704895  0.9897903  ...  0.29676107 -0.24390882
   0.5691437 ]
 ...
 [-0.13267359  0.09402992 -0.10451856 ...  0.8237595  -0.21071781
   0.27124748]
 [ 0.0127793   0.24861753 -0.16888227 ...  0.3162426   0.7643367
   0.37814546]
 [-0.23778142 -0.05696455 -0.17741391 ... -0.04308698 -0.34359407
   0.05412705]]","[ 1.6303688   1.600791    1.3553827   1.2089305   1.4673233   1.4837204
  1.4108545   1.7597895   1.4363344   1.4313781   1.2688569   1.5710125
  1.2883823   1.4737812   1.1712949   1.5389974   1.8378026   1.3432486
  1.2756279   1.4776782   0.98768926  1.6227647   2.2158422   1.5047512
  1.3846185   1.0487663   2.047877    1.4548928   1.041711    1.4914726
  1.812733    1.6246445   1.7802912   1.3305836   1.66068     1.4563019
  1.2053763   1.0982099   1.4673086   1.5868406   1.4896841   1.0529348
  1.3574493   1.4823048   1.4274645   1.7232316   1.8757566   1.2079462
  1.6024274   1.6453687   1.5842845   1.3113409   1.4478498   1.8527012
  1.2075096   1.5632375   1.6958975   1.8169541   1.1139938   1.2279696
  1.4993474   1.5253778   1.3601793   1.226568    1.4311215   1.5286558
  1.4380037   1.4107857   1.246373    1.1784846   2.0369837   1.5528467
  1.316118    1.3576765   1.7716908   0.8112699   1.3787888   1.5321524
  1.278051    1.7650195   1.3042853   1.4071093   1.2847245   1.1305426
  1.6222562   1.1265222   1.4174653   1.146761    1.7247691   1.4922525
  1.3020501   1.3139243   1.1786323   1.5408896   1.4147228   1.6816638
  1.4972163   1.3617392   1.3828837   1.1011082   1.492518    1.6249886
  1.4316882   1.9477613   1.4939106   1.3928425   1.8054519   1.479422
  1.3133321   1.3920405   1.1604084   1.6259466   0.9476556   1.5402198
  1.3835782   1.3383862   1.8720509   1.6085613   1.0629389   1.8719103
  1.4521078   1.4020586   1.2488698   1.4834442   1.3763716   1.235289
  1.1265954   1.7219009   2.418422    1.1976933   1.9254934   1.9593349
  1.0538772   1.683463    1.6207355   1.5754042   1.4873295   1.598459
  1.8255711   1.4647331   1.2687862   1.3502175   1.322303    1.3455565
  1.2325788   1.5583379   1.5257142   1.1918942   1.1515145   1.4392306
  1.3206059   1.1210601   1.8175942   1.2511955   0.98873454  1.2504734
  1.582942    1.8460233   1.3059335   2.0932677   1.6741065   1.5775657
  1.4263895   1.9068764   1.404502    1.1712031   1.1735474   2.3616157
  1.3934445   1.366202    1.3558675   1.5201464   1.3913013   2.1927307
  2.0619528   1.502056    1.6606127   1.3502992   1.4078121   2.657716
  1.3232144   1.3748143   1.5342717   1.1075755   1.4247887   1.775091
  1.3226774   1.9994203   1.9215524   1.5456967   1.349488    1.8127238
  1.0204599   1.6619941   1.1056507   1.1312691   1.8939453   1.6709285
  0.9611738   1.8596979   1.867119    1.3674775   1.1487534   1.7141011
  1.3094542   1.4422876   1.2414932   1.6056596   1.2270947   1.4236369
  1.3923608   1.3891273   1.2041917   1.5316881   1.1533432   1.000374
  1.1245145   1.2344546   1.8818939   1.3768044   1.4197878   1.1075407
  1.9508528   1.3020236   1.9179391   1.226083    1.7460626   2.0503259
  1.6336154   1.6403726   1.5108122   1.496532    1.4995333   1.4926623
  1.1261642   1.2070237   1.281206    1.4049782   1.6905625   1.455806
  1.193876    1.2255551   1.413056    1.4101499   1.9038343   1.7491529
  1.6806608   1.1555332   1.2408304   1.3755542   1.3111204   1.5606904
  1.275227    1.966134    1.4231546   3.7363684   0.86376095  1.275616
  1.3594631   1.6337495   1.2676748   1.3316087   1.837831    2.1723263
  1.5931643   1.5670172   1.607024    1.2110701   1.2840692   1.6405705
  2.2467647   2.0479453   1.1990565   1.2513806   1.5206902   1.3303854
  1.455733    1.4501021   1.3716315   1.7755572   0.9817033   1.3844723
  1.0609576   1.5305898   2.8343492   1.4567864   1.9104171   1.3552163
  1.1515945   1.5203036   1.4390705   1.70329     1.5630113   1.2837955
  1.2716662   1.9518836   1.4631236   1.8728858   1.3366286   1.7881495
  1.0886996   1.3876894   1.8329085   0.9289288   1.2947681   1.2642977
  1.5214592   1.1312139   1.6900276   1.3577728   2.0956135   1.2890064
  1.6716955   1.5790675   1.7774696   1.2785825   1.31301     1.9436364
  1.9153023   1.3682874   1.1893104   1.6815921   1.0176725   1.594633
  1.9814248   0.81675196  1.0742522   1.2160598   1.2335285   2.0036237
  1.8689184   1.5009359   1.7066149   1.9005831   1.6036958   1.7420508
  2.5478907   1.3121253   1.3805714   1.282222    1.3360659   3.4613676
  1.4530227   1.6124973   1.8606582   1.3681562   1.332048    1.4486533
  1.6054703   1.1349072   1.9202131   2.2168372   1.0534568   1.4033048
  2.1964176   1.3666644   1.1682165   1.1827856   2.1696138   2.0651357
  1.5276793   1.662015    1.4554354   1.4801605   1.4328136   1.1645613
  1.5427349   1.9733788   1.213634    1.2365977   1.6616054   0.9506746
  1.0443785   2.179869    1.1323032   0.9650346   1.110922    1.9159582
  1.550542    1.6857759   1.0669118   1.5123588   1.2682934   1.1346258
  1.1964908   1.955892    2.3884368   1.7799029   1.6203225   1.2799203
  1.8634174   1.4661502   1.356784    1.5122042   1.1424338   1.2768488
  1.1185604   1.4007248   1.1105363   1.1543217   1.319766    1.459635
  1.6382164   1.5379629   1.2330793   1.199831    1.341438    1.5476158
  1.5945696   1.2146636   1.4094961   1.1312186   1.2517273   1.5287095
  2.3148754   1.2900205   1.2775387   1.5486523   0.89910877  1.6797994
  1.4128821   1.7525415   1.6476929   1.7796669   1.5193938   1.8372099
  1.3855329   1.3809124   1.9467298   1.6181571   2.0159705   1.4158057
  1.282871    1.2453015   1.2176195   1.4048653   1.5703361   1.4272597
  1.819793    1.3057077   1.6866121   1.507676    1.491325    1.4081081
  1.0815142   0.96953154  1.5706857   1.3625972   1.7017306   1.0151551
  0.962358    1.2642072   2.2504365   1.4459119   1.1660764   2.103784
  1.7738386   1.3936465   1.5359436   1.3344647   1.7545283   1.3158466
  1.4517732   1.5963247   1.4016955   1.158159    1.4937664   1.5084661
  1.1426904   1.5040101   2.3554535   0.95631504  1.1640387   1.0225215
  1.4390668   1.6491379   1.648865    1.3887792   1.1144372   1.1321372
  1.743873    1.244616    1.4312359   1.5249082   1.0318258   1.5347216
  1.0538614   1.3870059   0.98075217  1.5021315   1.4394176   1.9892582
  1.9440271   1.4892976   1.7784905   1.2796775   1.4022292   1.6030842
  1.4163244   1.9032578   1.635084    1.6007642   1.4778334   1.3478959
  1.127005    1.1817753   1.6217722   1.7281301   1.3440335   1.0982263
  1.4048119   2.0944867   1.3275754   1.2844895   1.2315449   1.5831882
  1.4909309   1.0177007   1.1532475   1.2461053   1.7389163   1.3685814
  1.4591742   1.9332327   1.4455043   1.313134    0.92900765  1.2917669
  1.3730123   1.0734241   0.91243815  1.3025537   1.7963827   1.6167328
  1.5000365   1.2202075   1.2930578   1.2150803   1.6845793   1.1090052
  1.5530452   1.494431    1.3426949   1.6360067   1.480187    1.5588341
  2.1740072   1.6527976   1.7725531   1.3465036   1.4464471   1.9360669
  1.6977274   1.8177696   1.2413692   1.1963651   1.4641631   1.2251672
  1.1827977   1.672651    2.3224235   1.4344395   1.5707941   1.1690706
  1.578038    1.1922776   1.3725262   1.7163802   1.2702427   1.6730053
  1.7142452   1.2304306   1.5267556   1.6143649   1.3711146   1.0962243
  1.3964605   2.0881343   1.1790287   1.348047    1.323459    1.1526878
  1.4247785   1.4760103   1.37064     1.5133091   1.7653193   1.6580651
  1.5194869   1.3501375   1.1028646   1.4410199   1.480423    1.8565785
  1.6290824   1.6185696   1.3000423   2.46684     2.031926    1.6750394
  1.4718204   1.8949727   1.8114468   1.0880694  14.512078    1.4612775
  1.4369102   2.0902166   1.3855871   1.4660628   1.2555368   1.0307165
  1.4086521   2.4594584   2.0140421   1.2012993   1.166059    1.5708324
  1.265831    1.7606175   1.0766338   1.7810007   1.693738    1.5624255
  1.7279689   1.5198228   1.3502167   1.9810088   1.427733    1.3917387
  2.0181785   1.4939276   0.9838681   1.2779924   1.1653944   1.6673644
  1.4620655   1.0134467   1.5760083   1.710581    1.2831079   1.4167199
  1.4892179   1.1950082   1.8347313   1.23144     1.7989999   1.1703962
  1.690731    1.5075984   1.8317765   1.165177    1.3434856   1.1816579
  1.253067    1.5990553   1.926414    1.6400512   1.2918754   1.894258
  2.4229846   1.2888736   1.6015227   1.8896453   1.9538475   1.717174
  1.6805229   1.9806913   1.6552347   1.6695526   1.7330073   1.7587115
  1.809869    1.6383209   1.3774916   1.5309037   1.6803771   1.6500614
  1.4242941   1.3020537   1.4720932   1.3845809   1.3949949   1.5848032
  1.599863    1.7143855   1.2381536   1.6461418   1.7037519   1.8463321
  1.2436228   1.250341    1.6811981   1.4526693   1.7465591   1.5520167
  1.6774088   1.8925918   1.0145805   1.5919882   1.5730444   1.3919885
  1.3353761   1.4606955   1.6956269   1.2534822   1.3105398   1.7879368
  1.5210252   1.4311656   1.4041452   1.268565    1.8371062   1.6514323
  1.5377607   1.3016945   2.149696    1.3950347   0.97489387  2.4769104
  1.4078492   1.9838445   1.6357772   1.9745313   1.6074785   1.3598311
  1.5608175   1.2018179   1.3200748   1.6111592   1.3794298   1.2183644
  1.6489251   1.2808013   1.1352658   1.3019698   1.5701903   1.2779052
  1.270308    1.3937246   1.1329948   1.3914727   1.1958569   1.5325153
  1.2926118   1.0548955   1.2295194   1.3957844   1.5874987   1.2319736
  1.4869229   1.7040638   1.7076473   1.208667    1.8261188   1.4114634
  1.2626405   1.2699178   1.7048781   1.2280953   1.5864913   1.8218383
  1.082015    1.7017151   1.6879199   1.859313    1.2569718   1.3823158 ]",0.4553191489361702,0.3577844431002935
