,Images_Per_Label,Train_Data_Size,W,Residuals,Classification_Accuracy,CLS_Cosine_Similarity
0,20,940,"[[  -7.0424886   24.700092   -20.372025  ...   22.55063     -4.2816787
   -19.343441 ]
 [  -6.647466   -30.890217   -10.964126  ...  -67.50036     12.743202
   -34.16284  ]
 [  47.56553    -42.233955    23.518227  ...   25.681482   -12.448391
    -8.52147  ]
 ...
 [ -11.74801    -42.73728     42.61648   ...   37.618984    37.206085
   -15.4463825]
 [  28.630722    55.504566   -10.674138  ... -115.50484     11.871215
   -72.31142  ]
 [ -33.22947      5.1679144   29.666893  ...   75.036285   -13.733841
   105.247696 ]]","[ 7.611197  10.015209   9.43293    6.3811264  8.305695   7.984073
  7.72133   11.446419  10.907248   8.50391    5.65597   12.095292
  6.889319   7.795637   7.7699246  8.223299  10.694711   6.447776
  7.787147   7.4584055  6.556667   6.698148  10.689865   7.016397
  9.330778   8.819558   8.580467   7.1267185  6.73789   10.019385
  9.263019   8.040023   9.695115   8.023819   8.643862   7.1729174
  7.8870387  6.680221   9.218181   7.644964   9.153174   8.128687
  7.0385795  9.789074   8.284733   7.6018004 12.021659   8.689892
 13.781572  10.193772   8.235875   8.714641  10.093459   9.247814
  8.50584    7.4067917  5.9849796 11.633681   7.7054257  7.7184277
 10.31055    7.0994835  8.181059   9.484268   6.318802   7.7853127
  8.960328   7.894866   9.43204    8.141527   7.3877954  9.175187
  6.3239255  7.895456  10.251622   6.4336047  7.9914975  6.3312254
  8.002949  10.961304   5.7514553 10.337255   8.816801   8.597035
  7.6242447  7.7846594  8.321802   6.3326564  7.6067977  8.483426
  6.2563868  8.824403   8.422377  12.488411  10.042535   9.7331295
  9.141474   6.206511   9.451093  10.046412   9.96376    8.219496
 11.806307   8.186666   9.343714   8.125959  13.866706  10.539205
  8.701091   7.461759   8.039414   7.7227316  9.9767685  8.187272
  9.52085    6.5935297 14.185403  12.216164   6.5215235 12.524387
  6.2941394  9.281783   6.9437776  8.901458   9.495722   7.184595
  5.7677584 11.329354   7.5470514  9.137908   8.59715   10.0398445
 10.37382    8.126716  10.063452   9.385893   7.074229   8.5919695
 11.489452   8.399392   7.5751233  6.8560305  7.110246  12.18605
  7.2555614  8.744576   5.717839   7.770565  10.206847   6.0803328
  8.064348   7.947216  11.146132   7.344942   6.23551    8.057467
  8.835824   9.767679   8.277345  14.69412    8.826021   7.6122465
 11.6802025  9.535409   6.1754932  7.7792783  7.357666  11.660467
 10.388126   5.8605657  7.458449   6.1365385  7.4218216 10.378036
  7.5063567  9.383586   9.414679   7.73794    9.651344  10.121981
  7.4932475  6.4070616  6.5063744  9.657794   7.1429343  9.871007
  9.642637  13.890657  11.383566   6.013744   7.909431  10.397763
  7.3787074 11.894502   7.5454454  6.7545485 10.126651  10.513105
  5.944037   9.207763   8.244151   9.210566  10.029632   9.652663
  5.656077   6.896139   6.4283867  8.93863    7.7693095  7.8256197
  6.524586  11.060534  10.295092   6.505657   9.200797   9.227533
  7.8137803  6.8651547  6.6767693 10.2344885  7.348864   7.9880085
 12.270763   9.877267  12.285544   9.806604   7.2089605 13.1523285
  8.399458  10.09331    9.242283   8.574386  10.886045   9.128034
  7.0483446  5.408599   7.130035   7.8316693  8.014038   7.269447
  7.842204   6.6533866  9.725146   7.098724   8.873668   9.243367
  9.300057   8.596513   7.865962   7.927729   6.9704046  7.3838887
  9.231373   8.689567   9.697188  17.273834   7.1007795 14.780691
  8.448037   7.7439537  8.407373   6.9063935 10.216005   9.134994
  7.874731   6.426596   9.691927   6.312819   7.0363903  6.2641516
  9.379043  10.362622   7.298191  11.753816   6.056204   8.732908
  7.407593   6.5914807  9.055199   9.267651  10.758083  10.485598
  7.6104965  6.3812475 15.173557   8.356061   6.887171   7.4704022
  5.7153945  6.438419   9.468862   9.080289   9.149379   9.124293
  7.181291  10.356875   9.089409   5.8186836  6.8411593  7.2706294
  6.55165    6.9609222  9.742926   8.205597   6.331756  11.930434
  7.002756   6.6575027  7.668976   7.645664  11.533241   7.097483
  8.471245   9.209018  14.55286    9.986902   8.21564   10.611384
 10.691673   8.279396   7.9582443  9.863125   8.333606   7.9473295
  6.211213   6.1519766  8.84597    8.476977   9.984134  11.6418295
  8.848613   9.642717   7.8737683  9.641372   8.825487  10.076516
 21.27912    5.812869  10.258905   7.5011187  6.035748  18.144968
  5.311375   8.504689  14.9913     7.430848   8.530117   8.845779
  7.6936135  8.774157  10.51636    8.535571   7.598674   8.076428
  9.928413  10.311219  11.527811   7.9981785  9.108272  11.304424
  8.363491  12.21065    8.408709   7.140288  10.964122   8.03595
  7.8500953 14.582562   7.0950603  7.6498585 10.164139   9.304058
 11.176102   9.754757   5.9684362  8.225384   7.6775136  8.944685
  9.475569  11.567471   7.2528396  6.601953   9.067679   8.616107
  6.2827134  9.017074  11.602091   8.071081   7.6875496 11.183009
 10.983571   9.70291    7.5986576 11.457944   7.568181   8.292162
  6.44726   11.403842   6.3344345  7.0256147 11.835124   7.639726
  9.314261   9.698936   6.143727  11.447575   9.007879  12.745099
  9.291793   5.5551977 10.9688     8.497733   6.7510204 12.884999
 10.692983   7.730695  11.282373  14.635279   6.584724   8.830846
  7.402648   6.857002  10.002479  10.544121   8.570265   8.097852
  6.1927605 11.861064   7.189081  11.838322   7.2775197  8.168664
  8.065931   5.829529   6.208736   9.143259   6.525447  10.686918
  8.05655    7.741222   7.5622973  8.1066475  9.088693   8.381177
  5.6907983  7.206954   7.6607003 10.004241   9.1416855  9.614601
  5.4181643  6.6549826  9.328174   9.192942   9.169154   9.174004
  8.487858  10.295777   7.724748   8.256481  10.182094   7.585452
  9.322603   7.6364455  6.330666   6.9320517  9.5976     7.949502
  8.716858   8.286405  11.03366    6.554617   5.17135    6.5391197
 10.0899     8.369787   9.530401   8.811573   9.319266   8.941639
 12.222235   6.920901   7.2622027  8.722614   8.272013   6.25774
  4.5708885  8.146299   5.8693027 10.353776   8.234012  12.153867
  9.841578   7.4038353  7.1832123  6.740761   9.053407  11.9644
  7.495091   9.988332  10.218269  11.450138   9.469836  10.198104
  9.242926   8.8097    10.079254  10.559447   7.5327096  6.693955
  6.4180756 11.235987   9.402809   9.220998   9.570551  12.038403
  6.6218157  7.073427   7.63546    8.376854   9.994323   8.886178
  7.675678   7.9263825  8.318724   9.19807    7.9877954 11.153132
 10.7252865  8.912854   9.762218  10.910634   9.119265   9.503788
  8.086317   7.8715243  6.8584933  8.629335  10.187253   9.407967
  7.989955   6.928837   5.9072742 11.085468   7.9369535  8.385083
  7.6643896  9.312964  10.706322   8.137675   8.026955  10.719351
  9.501923  10.050657   5.611889   8.171052   9.657076   9.10249
  5.8148704  6.799762  10.019171   9.403472   7.678273   7.1979136
  8.855375   9.564051   7.9614716  8.049239   7.7523823  9.10096
  8.82028    6.9047084  6.8139043  7.2195625 11.306443   7.085998
 10.421432  15.470957   7.727338   6.382305   9.122145   7.4263387
  6.4609876 10.403773   7.1689925  6.355621   9.707812  10.912619
  9.343147   7.574511   8.229531  12.632609   8.874406   9.919319
  8.458494  10.614177   9.276578  12.444976   8.510972   7.555473
 10.578623   9.808413   7.210233   6.349319  68.47507    9.357045
 10.286348  11.624386   9.994713   8.348442   8.68909    6.590935
  8.280342  11.89234    6.726974   9.8959255 13.222747   8.7617445
  9.976575  10.241978   7.523124   9.078112   6.940522   9.955332
 18.832676  11.401664   7.9820843 10.637691   7.861409   9.167308
  7.3632617 10.919569   5.7345695 12.749322   8.528856   8.999742
  7.067352   5.7487607  6.5237427  7.6976194  6.5033054  8.149722
  8.043925   7.5443993 12.383195   7.105017   9.339145   8.563433
  9.980105   9.327838  12.317274   6.070254  10.042714   8.405291
  7.643655   9.08119   10.4393835 11.425414   5.2423263 12.480121
 14.244751   6.2708693  8.623227  12.623745   8.344443   8.41153
  6.890823  10.729178   9.288614   7.462077   9.9196205  8.794512
 10.735052  10.370611   6.5867825  8.038454   9.709762   5.2624297
 12.339604   7.5598173  6.465532   6.997657  10.922733   6.087688
  8.498337   6.995526   8.60228    6.6231484  8.081992   9.608472
  5.7614956  7.019563  10.109517   8.07972    9.440239   4.969494
 11.239638   7.507547   6.741898  10.522303   8.104421   6.5485044
  7.537508   8.165095   7.6004024  6.944155   9.4248    10.995563
  8.026228  10.2677765  8.567442   7.102361  10.454458   9.874087
  8.121474   7.803331  21.293213   7.1026278  8.560346  12.411248
  8.37943    9.23625    9.0340805 10.173618  12.6843405  9.2123165
  7.3467517  8.8286495  7.393078  12.408468   7.912621   9.419433
 10.442461   8.57146    6.9848986  7.15897    9.749948   9.107605
  5.9936695  7.4932275  8.466175   7.022191   7.012634   6.345167
  6.7066154  7.807235   6.313536   7.198622   8.506257   7.9504557
  8.617973  10.753373   9.348916   7.5507097  9.396311   9.380679
  6.207531   8.215828   8.297484   8.06416    7.5593495 10.389176
  6.1492653  8.129735   6.990938  12.222773   9.140351   8.620302 ]",0.04946808510638298,0.10100080271561941
1,20,940,"[[ -4.977171   31.918278  -28.79468   ... -15.525131    4.8216476
   18.762424 ]
 [  7.165079    5.3017817 -11.219657  ...  47.892105   12.47542
    4.894882 ]
 [ -3.5178509 -13.425168   10.490865  ...   5.661396   22.59487
   -1.11998  ]
 ...
 [  9.979926  -28.74904    -2.5543776 ...   1.473437  -11.859681
   -8.376778 ]
 [ -6.7364902 -12.378919   19.416044  ...  27.871443   51.84353
   42.492374 ]
 [-14.094174  -18.335468   13.6880245 ...   3.6866274  27.439226
   34.930256 ]]","[ 7.781533   9.757626   7.7766056  6.4722466  6.8221655  7.1969905
  7.457136   9.505585   9.340599   7.0879173  6.035223   9.698989
  7.169594   7.031233   8.268954   7.922764   9.125904   6.81256
  7.244501   5.50654    6.057344   7.8996162  9.8912525  7.0347137
  7.883396   8.441806   6.7154965  7.6162624  6.911108   8.706599
  8.680185   7.487258   7.694496   7.1501937  7.504669   7.2818475
  7.48569    6.846246   7.67121    7.833987   9.232332   8.43474
  6.2271066  7.985979   8.016218   7.3191323 10.109612   8.572461
  9.546974   8.892881   8.171469   6.9193525  9.564312   9.991049
  7.8637953  7.1136084  7.083355  13.59986    6.3579483  6.7578793
 10.961799   6.3139925  8.815113   8.371973   6.719672   7.3959055
  9.567811   8.458014   8.185181   8.000239   7.1067786  7.8876266
  6.518256   6.793027   9.743445   6.6104302  6.5101986  5.5656824
  7.0543385 10.971876   5.884282  11.55624    8.155632   7.6132793
  7.5219936  7.405356   8.225901   6.985099   7.203247   7.504095
  6.0133686  8.005489   8.186673   8.776112  10.1853695 10.632318
  8.082639   6.0965476 10.798533   7.2671866  8.636241   7.500892
 10.524928   7.1753354  7.821761   7.8490105 10.2324295 10.574648
  6.481017   8.933403   6.657441   7.1127543  8.577203   9.968003
  9.285801   6.197777  12.392636  10.134353   6.263156  12.566476
  5.946215   8.729242   5.374193   6.666197  11.173555   6.762951
  5.24567   10.006226   7.441373   7.673477   8.551765   9.290552
  9.130308   8.151437   7.1287875  8.400249   7.224027   8.676322
 10.535036   7.4798346  6.498982   6.0316734  5.8586726  9.469357
  6.923062   7.7479157  5.65323    7.1479278  9.196169   6.9599943
  7.942004   6.269091   9.727963   6.8546762  6.8619504  7.7290173
  7.7530127  8.203243   7.7006326 13.945327   7.072077   6.553127
  9.5356245 11.1892805  6.0561533  7.130717   7.0851607 10.036059
  8.383641   5.1687307  7.763848   6.1579747  7.3189425  8.683469
  8.3307295  8.64071    6.7295766  6.386622   8.897252   9.141601
  6.7353296  5.8357706  6.963288   8.431334   6.940282   9.254098
  7.3835807 13.000639  10.867777   5.22195    9.141717   8.823811
  6.2711015  9.61284    6.3752384  5.813095   9.122832   7.392671
  5.816383   9.353122   7.951005   9.322742   7.054024   9.973975
  4.8367963  7.6431584  5.436138   8.123592   8.675249   6.25951
  5.7822175 10.496058  10.378576   6.2870893  8.63767    6.8103123
  6.1532197  7.4479613  7.977511   7.5187364  6.9029503  6.7862267
 10.003888   6.8598604  9.437849   8.37727    8.51391    9.51445
  9.024769   7.7868457 10.069235   7.9290967 11.657631   7.9000034
  7.3407235  6.5426106  7.099799   6.192554   6.986646   7.33218
  8.119604   5.6613655  6.2831154  7.1847835  7.2947507  9.7181835
  8.142664   8.202258   8.737588   8.185237   6.163265   7.002596
  7.688203   9.019418   9.139478  15.394033   6.391708  10.794266
  7.070773   7.003597   7.5033717  5.7866015  8.009694   7.6759086
  6.758747   5.9028125  8.907828   6.1087337  7.8649464  6.486808
 10.64468   10.355463   7.0055676 12.664007   6.6002116  7.7254534
  8.374974   6.4180455  6.738578   8.307268   9.249776  11.133969
  5.9296083  7.1930103 14.896343   8.470629   6.446328   6.0558257
  5.6935325  6.4691944  8.50422    9.390438   7.513435   7.6910286
  6.1149836  9.326879   8.090471   5.2757754  6.3002067  5.6321216
  5.9052696  7.3866506 10.541384   7.3687086  6.7564273 11.756162
  6.231221   7.872838   7.039063   6.895712  12.0787525  6.6502085
  8.447078   9.716239  13.86655    8.88047    8.830509   9.5255165
  9.99802    8.034183   6.183121   8.919283   7.130933   8.050679
  7.6819577  5.9925027  9.027399   8.868057   7.917776   9.361419
  9.367649   9.291509   7.140731   9.935544   9.087437   8.774767
 15.860306   6.259443   8.056892   7.1341934  6.9843926 13.72711
  6.465128   7.399333  10.936597   7.064232   7.020456   8.155656
  7.1607585  7.93253   10.184849   6.7866406  7.557824   7.4602184
 10.042136  10.260336   7.9152145  6.5925894  9.245753   8.418587
  7.373983  12.194325   7.2511106  6.4171267  9.374677   6.5567145
  5.737849  10.968051   5.902584   8.139136  10.79004    9.155219
 10.552188   9.641778   5.7130847  7.087484   6.828437   9.617856
 10.190141   8.697074   6.8095546  5.671332   7.353791   6.895592
  6.055427   9.216776  10.92914    7.7180004  6.6602592 10.423992
 11.51521    7.136935   7.0943823  7.8894176  7.116397   6.8876376
  5.0694113 12.82309    5.9518733  6.2260485  7.3122296  8.239504
  7.2313747  9.516753   6.2433114  9.075529  10.090296  11.311161
  7.4517655  5.7803392 10.738969   8.81489    5.888544   9.08582
 10.984344   8.015829  10.606763  11.501605   6.2743845  7.4770584
  6.3473415  6.371877   8.658181   8.508916   7.78372    7.5380387
  4.9961457  7.556204   8.46178   10.464207   6.6502476  7.3295374
  5.8920436  5.8044415  6.4838967  8.417946   7.098136   7.0283628
  7.991673   6.4537687  6.9135237  7.668465   9.250422   7.450562
  5.238859   5.942494   8.708182   7.5669646  8.107786   8.745678
  5.2143264  5.126399   8.652146   7.0633473  8.313949  10.154247
  9.854251  10.238378   7.258284   6.56676   10.510076   7.2714977
  9.523367   7.757378   6.272598   7.812841  11.218943   6.9738855
  7.671947   7.6111946 10.119241   5.6049457  4.5431466  6.4344463
  8.332701   7.576511   7.9621706  7.470976   7.266608   9.387267
 10.9915695  5.3795843  6.024642   8.771508   6.999941   6.693622
  5.1217003  6.4362     5.964858   9.5197935  9.744172  10.630341
  8.673503   8.5164     6.6297607  8.172246   9.138208   9.291996
  7.6244864  7.500575  10.398937  10.307285   8.857919  10.884542
  7.903885   5.609117  10.857668   9.866647   6.4034505  6.8944483
  5.341269  12.950379   8.240098   9.19811   10.380713   7.2063975
  7.8969183  6.0347333  6.9818935  7.7905912  8.606916   9.294341
  7.3981695  7.372908   7.7607064  9.290556   8.312515   9.963329
 11.576626   7.5795946  9.3155775  9.194996   9.06821    8.961914
  8.989294   7.7543173  6.1645784 10.033492   9.051623   8.981352
  7.826889   7.254412   5.940885  10.51561    8.609652   6.004625
  7.4124603  8.318734   8.235531   8.551807   7.2407165  7.7606635
  7.973596  10.975965   5.58275    7.300325   9.95845    6.9021716
  6.995038   7.500841  10.400257   8.890993   8.458028   5.6797824
  7.1887293  7.1718946  8.077675   7.6861415  6.923703   7.1592135
  7.2283607  6.325943   8.236562   7.7590666  9.9918585  9.152799
 10.151469  12.281689   6.884904   6.677042   6.8873196  5.6118426
  7.5850415  8.730357   7.2580404  7.2848086 11.5604105  7.760108
  8.585978   5.8074646  8.378392  10.745353   7.844573   8.893444
 10.07356    9.488614   7.977349  12.416239  10.569067   8.662835
  8.1011505 10.066668   6.823671   5.9532323 64.42757    9.224806
  6.8838573 11.496395   7.7320957  7.5426297  7.2984557  6.601544
  5.3710527 11.025207   5.7378798  8.395968  14.559352   8.820625
  6.9605517  8.837432   8.358481   9.085918   7.615752  10.265517
 16.375113   9.520647   8.069514   9.404566   7.1681213  9.092537
  7.098888   8.056468   4.127992   9.337482   8.113333   7.4441223
  8.083898   5.658933   7.5649033  7.1612506  6.435279   7.9058895
  7.328455   7.9375453 11.598562   7.1666245  7.7654705  8.008058
  8.976828   8.864352  10.115137   7.087195   9.013972   8.552651
  6.5832925  7.3142347 10.683347  10.442825   5.2073245  8.624161
 12.854433   5.88619    7.0662036 11.339548   8.1680155  8.801659
  7.2156463  9.403548   9.051709   7.236475   8.644817   8.304148
  9.996836   8.368679   6.532628   6.69738   10.18982    5.6821795
 10.315241   7.454338   7.1008153  6.213692   8.344869   6.7829103
  7.2447977  6.5709357  8.159995   5.927745   7.192302  10.13735
  6.111401   6.458259   9.554649   8.0238695  8.463499   5.111996
 10.456329   7.671304   6.302857   9.860355   7.212601   6.15107
  6.4969707  8.240968   7.8562636  7.002873   9.610314  10.895353
  8.134157   9.497144   7.0126534  7.689204   9.167935   9.688197
  6.506877   6.198803  15.678391   7.6776185  8.105757   8.937409
  8.340046  10.283473   7.273256   8.721021  10.568836   7.925975
  6.822169   7.104945   5.7363443 13.172826   6.7091093  8.335627
  9.445202   6.929121   5.7568736  6.2950673  9.028922   7.8536735
  5.603593   7.1646028  7.341181   6.444191   7.5374656  7.326898
  7.36103    5.926843   5.211806   6.0108466  7.6666455  7.9100113
  9.074114   8.526085  10.317159   9.196159   8.877428   9.378423
  7.3597116  6.762888   7.4932303  8.243301   7.3198333  7.589723
  6.365186   7.8019567  5.956415   9.557365   9.188092   6.803011 ]",0.07606382978723404,0.12633515695730846
2,20,940,"[[  2.5179217  -16.100367    15.232587   ...   0.205197    -1.2964592
  -19.674116  ]
 [ -5.0930033   12.103101   -24.262028   ...   6.544615    -0.68443084
    0.8184591 ]
 [ -0.43392527  16.639116   -15.643515   ...  18.96628     -3.3528113
   11.2271385 ]
 ...
 [  5.988436   -29.308157    32.10829    ...   3.8979945   -7.347243
   19.486183  ]
 [-16.03873      8.332964    -4.005592   ...   3.6949806  -12.974216
   28.529491  ]
 [ -8.131146    -6.771506     0.29507226 ...   0.94595474  24.362303
  -24.730066  ]]","[ 6.8705196  8.920448   8.07469    6.368324   6.363957   7.889569
  8.128907  10.31992    7.528586   8.860986   5.4513426  7.9632316
  6.67783    6.913208   7.552479   8.65513    7.188686   5.6121893
  6.533995   5.504688   5.8852525  6.4589243  8.845777   6.476695
  8.29854    8.940511   6.7074046  8.925597   6.2144065  8.353655
  6.93982    7.7825427  7.9570827  6.7877507  8.28945    5.708259
  7.702849   7.3614345  7.7778115  6.7295585  7.471795   8.453435
  5.6728163  7.250405   7.0243297  6.8567004 10.09035    7.1949167
  8.927782   9.080234   6.3863564  6.492663   6.7930436  8.601741
  7.6816797  7.305823   7.25412    9.844812   5.0480905  6.532066
  9.684246   5.2388473  9.662366   7.43689    5.951606   6.1032424
  9.84785    6.7278366  7.251233   7.861409   5.6161733  9.135429
  5.405596   5.9735503  7.088904   6.239044   6.2905936  5.2051077
  6.4332414  9.908973   5.749712   8.945851   6.496308   7.812665
  8.954862   5.780295   6.2652082  6.241723   6.5757775  7.6602664
  4.7212167  8.01227    6.3155894  8.631905   7.2125797  8.749239
  7.4392905  5.8532677  9.6320715  7.281038   9.090702   6.9119244
  8.600985   7.5877194  7.8963003  7.3839808 10.627916   9.53095
  6.9362473  8.303884   7.7539473  7.6013756  8.427191  10.223008
  8.160334   6.75742   13.134791   8.387811   5.7841797 13.198651
  5.8762684  8.8519     6.2160916  6.7027726  9.248001   6.4122868
  4.369995  10.015561   7.267788   6.149597   7.767677   8.467284
  8.899108   7.749711   7.7109075  8.766792   5.4552317  8.0891485
  9.229325   7.0341244  5.755767   5.6029396  6.289929   8.115476
  6.9471292  7.337621   4.8233953  7.4230485  8.295758   6.9750943
  6.5855274  5.9426217 10.443685   8.957339   6.377887   6.0752425
  6.9136157  8.101523   8.516062  11.501736   7.46893    6.6313396
  8.957394   8.399444   6.04122    9.176573   5.798321   7.466247
  8.709591   5.810063   8.329518   5.8027987  7.27774   10.077132
  8.088585   7.647231   7.2900476  6.245333   6.2344074  9.229523
  6.797676   5.468719   5.6598296  8.030179   6.4974103  7.845248
  7.5348845 12.919411   8.747672   6.2857113  7.356276   9.708424
  6.488864   9.238164   5.507949   5.9209175  7.2238564  6.0836797
  5.0078015  7.1174645  8.366858   8.551503   8.411588   9.137022
  3.5900133  6.50392    6.598308   6.8970494  6.7753444  7.278249
  5.571435   7.9593415  9.464935   5.8505864  7.439932   5.6597795
  5.985975   7.152863   6.627438   8.007235   6.997577   6.663483
 10.319274   4.8207297  8.477067   6.7434187  6.9857025  9.289839
  8.184601   7.453181   8.035949   7.141743  10.532876   6.4773774
  6.5679927  6.1457996  6.52784    6.692426   7.1329813  6.408174
  7.9279747  6.4670997  6.625312   8.195688   8.4512415 10.182225
  8.027491   7.9350705  7.827477   7.682331   5.913968   5.919571
  9.13181    8.091972   7.398688  12.309177   6.1645303  8.212224
  6.5505147  7.4344883  8.242157   6.318846   7.4342294  8.371749
  6.273195   5.741448   8.262968   6.1925435  5.764685   5.8850765
  7.9959507  8.627897   6.1049623 10.0983095  5.0945654  6.723373
  7.021369   7.2626643  6.653529   7.87547    9.722908   8.611935
  6.4032207  7.3070107 11.5613165  6.9861755  5.7326856  6.3278947
  5.7054095  6.6449766  6.703286   8.032561   6.5963573  5.2190475
  7.156723   7.5812764  6.872939   5.7166605  5.3515477  6.0561447
  5.2368493  7.1258225  7.287797   6.4087234  5.7296796 10.705195
  5.279877   6.2568884  6.3446374  6.1840544  9.886746   6.581925
  9.280945   9.736706  13.071168   6.009853   7.8261228  7.102899
  7.5438304  5.937226   6.908894   8.825714   6.9540644  6.730364
  6.338683   5.4450326  9.140524   6.023282   7.6181817  9.297861
  8.758397   8.652014   7.361909   9.068902   7.326943   8.507677
 14.724093   5.8386855  8.195546   5.6233053  7.1128793 11.591012
  6.821205   7.324301  10.831568   8.028912   7.1552324  8.910463
  6.4460087  7.1537056  7.8679137  6.009392   7.3383636  6.2869515
  9.355832   9.443448   7.5063624  5.588899   8.238083   7.8996162
  6.320123  12.232051   7.122613   5.528741   8.424752   5.2703066
  5.339421  10.86627    5.9104633  6.3415027  9.47778    7.5377793
  9.762801   7.34935    4.745039   6.5917926  6.853603   8.842638
  8.48647    7.6339984  6.043164   6.4627185  7.3161097  6.8504887
  7.2847223  8.111278   9.524572   8.786449   7.51765    8.689003
 11.513321   7.9122834  8.004036   7.933864   5.795189   6.6016884
  6.1870813 12.09848    6.4354196  6.324405   6.796046   7.761298
  7.802582   8.473275   6.258399  11.712833   7.8875837  9.871702
  8.100468   4.288828   9.980466   8.006164   5.9199085  9.646971
 10.620942   7.3323298  9.78048    9.784445   5.9270096  5.757203
  6.12916    6.3669615  9.520246   8.699793   7.755676   6.17263
  6.3694     8.13393    7.917467  10.151918   6.174686   7.3857718
  7.3645687  4.8771315  5.1853204  6.081601   5.7048154  8.143661
  9.197869   7.1043315  6.930059   7.3956046  9.193663   6.2139583
  5.400634   5.0264997  8.755882   8.027187   7.4975033  8.402755
  5.27615    5.83512    9.152675   6.531495   9.374265   9.040422
  8.790992   9.590239   6.4683447  7.585248   9.0195875  7.476275
  7.8084116  7.0902348  4.7279058  5.656949   9.256681   5.5700455
  6.4824114  8.221008   9.500181   5.207544   5.239932   6.3664784
  7.689896   8.1379175  9.709113   6.0250945  6.7200093  8.504527
 11.82334    6.4028955  6.9049807  7.464017   6.2291803  5.3701115
  5.5361195  5.8140903  6.0182157  8.482733   8.555042   9.75567
  8.67916    7.8676906  5.902711   6.6089787  7.8557234  7.6916265
  6.6495237  7.624275   8.574888  10.591205   8.632625  10.957206
  6.34012    4.2183022 12.106477   8.517179   6.2272477  6.3781857
  6.045583  10.859138   8.297159   8.125727   7.33744    9.436553
  6.9406667  6.5266137  7.4060493  7.020311   7.319796   7.3024898
  6.6087933  7.92831    7.7085204  7.0025     7.1051717 10.319654
  7.9946465  7.290048   8.212947   8.551146   7.4992867  8.124438
  7.497593   6.5765653  6.551585   9.452387   7.079963   7.265154
  7.3525677  6.184325   6.29522    9.144892   7.775199   6.3105426
  7.546806   7.561615   9.022243   7.89656    6.6651616  7.9402013
  6.710708  11.369974   5.767445   6.5143905  9.765992   6.8457403
  6.2679296  6.8560543  8.722078   6.703218   8.395103   5.2684593
  6.7488103  6.3899994  6.7840505  7.2008805  6.866778   7.419151
  7.229463   6.879672   6.452604   7.9077806  9.077863   7.714878
  9.887738  12.060568   6.4965053  6.444193   6.6063824  5.969506
  6.881884   8.891204   5.492143   5.699204   9.091669   7.9614244
  6.8258853  5.7516212  7.159635   9.577406   8.430753   8.496222
  9.705757   8.4250555  8.897854  13.919712   8.367685   7.2611494
  7.2916107  9.113234   6.3841596  6.350655  59.99665    9.137576
  8.441855  11.6326475  7.6539416  6.6713724  5.890259   5.827275
  5.5444074 11.496577   6.2334185 10.322443  10.676213   7.515064
  6.344388   9.135671   7.602321   9.421276   6.9772873  8.771548
 13.83132    8.242532   6.4114466  8.413053   7.508303   8.386922
  6.3087015  6.351949   5.069357   9.479876   7.8177505  7.3073688
  7.2157216  5.470333   6.4487667  5.9629292  6.6460366  7.241066
  6.4712443  6.986717  10.313684   7.592623   6.809114   7.7759113
  7.728045   7.805258   6.76959    5.338695   9.422092   6.5850453
  6.854292   6.8690042 11.430859   9.608742   4.9071665  7.6260724
 10.479897   5.7636356  6.7525353  9.15641    7.3888483  7.6346745
  7.346004   9.701271   9.166471   5.616218   7.678333   8.389479
  8.827188   7.7666297  5.815226   6.1464386 10.488509   5.812585
 10.701589   7.0042887  6.057019   6.4768524  7.79104    6.3483686
  6.240869   7.130235   7.622703   5.7269287  6.6478343  8.789706
  5.4865623  5.1034474  9.119325   7.428542   7.7653117  4.1915545
 10.143823   6.6443706  5.886426   7.813691   6.4230447  5.312199
  6.80505    6.1728783  7.6116405  6.2543144  8.525705  10.146478
  7.2904277  8.730106   7.2603135  6.214019   8.087864   8.50049
  6.4614196  7.3800325 15.0685425  6.113357   8.40576    7.880943
  8.083639  10.627661   8.371218   7.8874345  9.768699   6.805491
  6.5266366  7.8505363  4.560186  11.584662   6.051861   6.8156695
  8.187908   5.9962015  6.4413743  5.7665505  9.060032   6.6822014
  5.32424    7.3559413  6.190861   6.746177   6.8129354  6.8206916
  6.9566154  6.025548   4.6294255  6.758825   7.174544   7.60619
  8.03659    8.867482   7.4357214  6.354937   8.3275175  7.4638424
  6.137381   8.470683   8.260355   7.297699   5.1463327  7.873888
  6.4123664  6.942386   5.631185   8.18133    7.788606   6.9750957]",0.12287234042553191,0.17177240376671155
3,20,940,"[[-11.350414    -8.159309    -2.2581937  ...  -2.5907822  -15.009453
   -0.06669027]
 [ -3.8804207   -6.213787    -3.828866   ...   5.0554447    5.1150026
   -0.25351086]
 [  4.794582    -7.786332    -9.734874   ... -10.925756     3.9379513
   -1.8375033 ]
 ...
 [  2.0090108    3.9902425   -1.4068215  ...  -4.4088244    0.09004214
    5.1527867 ]
 [  3.2565231   -1.662265    -5.175838   ...  -0.5224449    1.4813993
    3.2438962 ]
 [ -7.8890185   -0.9396451    2.8734107  ...  -2.023955    19.177086
   11.481104  ]]","[ 5.6572256  8.118693   6.8412094  6.92162    6.0409617  7.1247063
  7.646188   8.370588   8.047376   6.99562    6.05752    7.6262336
  5.9309497  5.7472224  6.1684346  7.521138   5.6599636  5.876778
  6.1331253  5.705787   5.28475    4.7931232  7.3612227  5.5428524
  6.3385067  7.253818   6.204268   6.3391385  5.4879603  7.8512473
  6.068372   6.747215   6.477403   5.2501187  7.5767007  5.2165394
  5.8651314  4.932951   8.049805   5.8021393  7.814014   7.151162
  5.4768977  5.481743   6.637371   7.127038   9.04879    5.951868
  8.992554   7.7610393  6.4037757  6.4001107  7.1616044  7.900196
  8.124139   8.571576   4.941306  10.275913   5.291829   6.74752
  9.160212   5.696656   7.2196593  6.4268303  5.4165154  5.132858
  7.391715   6.0038757  6.8839116  6.1723804  4.143632   6.949457
  5.571958   5.5955276  6.0608172  6.590856   6.489742   5.527885
  7.0525784  8.726936   5.7475924  8.9304285  5.708177   7.1110096
  6.2707105  4.3360205  6.947607   6.6262507  6.0704556  5.6686997
  3.9557023  6.685234   6.15959    8.819053   6.89282    7.8629203
  6.713042   5.468023   6.8832545  8.968635   7.1887946  6.8915725
 10.693644   5.811714   6.196246   6.8275795  9.318614   8.644143
  5.78181    6.061047   5.02097    6.4635835  7.581048   7.1241903
  6.7387424  5.8713408 10.028073   6.7205634  4.9485025 11.097758
  5.156403   8.796858   4.8634834  7.9936056  7.6911507  4.603285
  4.1886744  8.209534   5.7034707  5.5625286  6.8428297  7.400461
  6.847355   6.6153464  7.979583   5.9200273  5.7229776  6.116207
  9.268994   7.1637616  5.6094933  4.767592   5.195758   8.864563
  6.1303077  6.624803   5.014765   5.4715376  6.175621   5.7128415
  5.109513   5.1191826  8.512104   5.5441427  4.796283   6.7942142
  5.785482   7.359938   8.292288  11.297479   5.8161645  6.123553
  8.030998   7.7937107  5.4978676  7.462406   6.0781493  7.8334823
  6.51329    4.727677   6.6377826  4.819556   6.6850657  9.8626585
  7.5089316  6.432982   6.6035414  6.2622967  8.100313   8.299202
  5.6354337  5.616158   5.313843   6.273144   5.190273   4.017663
  6.5869236 11.027363   7.470186   4.969878   6.298716   6.921238
  5.675257   7.765244   4.5582557  5.7099385  8.799361   7.3491707
  4.6694674  7.982554   8.112004   7.823954   6.899322   6.613119
  4.757932   6.7754173  6.0833993  5.540738   7.1177073  6.530091
  5.6657815  5.823416   7.5080194  4.64266    5.804152   6.467383
  5.1306534  5.4731154  5.4051895  7.638276   5.5920634  6.2202873
  8.431941   5.6601906  7.0149007  6.5709224  7.2355227  9.648101
  7.4599075  6.158178   8.518936   7.0384703  7.0127907  6.7019963
  5.906596   5.3353634  5.4628983  6.0638     6.1830444  6.431364
  6.6667414  4.9675345  5.8173423  6.062576   6.3902764  7.8557506
  7.0166283  6.163676   6.5914497  6.522954   5.2802916  5.9763207
  7.4347067  7.8471727  7.1669583  8.176393   4.9476485  5.107384
  5.6886835  8.788666   7.75518    5.2227845  5.347312   7.0398045
  5.5007477  5.479288   7.788508   5.074354   5.233064   5.396209
  8.277152   7.800152   5.001199   9.148832   5.400831   6.452071
  6.220231   4.58369    6.3900766  7.8203425  9.064803   7.895198
  5.856535   6.564333  11.142416   5.8671665  5.5346203  6.4500303
  4.9252324  6.4388466  6.364974   6.6718683  6.6367426  6.085191
  6.4925528  8.273232   7.06487    5.3907905  4.6342254  6.241014
  5.1291957  5.843006   6.5405188  6.8884144  5.612268   9.424956
  6.4766054  5.1227493  6.2447386  5.920821   7.0769134  5.802915
  7.4499197  5.2783213 11.255054   5.495995   5.630929   7.029671
  7.3994184  6.3800554  6.6284666  9.091101   7.045634   5.9431233
  4.9648347  5.944234   6.7970533  6.714958   5.445251   8.816824
  7.679377   5.784415   6.0035257  8.09994    8.032353   8.909689
 12.810831   5.5010433  6.913832   5.792769   6.4738235  8.17245
  6.9253254  5.745996   9.799304   7.394099   6.134653   6.930645
  6.510215   6.5841928  6.9845448  6.9429035  5.4980507  5.6736693
  8.06292    5.7462125  6.798238   5.7428865  7.535989   7.2883067
  6.020055  10.364531   6.13264    4.8546524  6.689098   5.8849025
  4.903739   9.642295   5.255019   5.753264   8.053657   5.1751127
  8.656883   6.629818   4.678583   6.0246725  5.0767317  5.776759
  7.8993454  8.660677   6.07174    4.4463296  6.5888643  6.3283634
  6.072825   6.4104404  9.047725   7.9044743  6.8855944  7.4983234
  7.79278    5.662615   7.227944   7.8398604  6.020297   5.972706
  5.344651   8.844153   4.699297   5.306523   6.8647366  7.5482135
  7.059538   7.7392745  5.0767975  9.885917   6.3844113  7.5204997
  6.6031227  4.1981144  6.934043   8.605108   5.875231   5.4688144
  8.647456   6.315502   8.980375   7.5237846  4.0988894  6.8846726
  5.0570993  6.448107   5.2007995  8.060647   7.955775   5.7459235
  5.810946   6.83761    5.285533   7.4638667  6.6454844  7.710928
  6.49114    4.1702657  5.6247935  6.154685   4.8252587  7.318275
  7.9341807  6.9948287  6.7061043  7.4921994  8.680207   7.4398575
  5.3378654  5.3954096  8.972741   6.6927495  6.8189907  6.960124
  5.3030453  4.113335   8.092434   6.5612793  6.2941523  8.440291
  7.539129   8.454307   7.453533   6.1572948  6.115812   6.198386
  7.058632   6.817129   4.6345797  6.4102044  8.370908   5.4904675
  4.4187098  7.063654   7.7133484  5.024139   4.8121824  4.885112
  6.112497   6.1221128  7.5212736  6.2101912  5.1686616  7.888932
  9.198849   5.66053    5.66986    5.163685   5.0946665  5.105037
  5.3007927  5.3449144  4.441118   6.626013   7.65391    8.242241
  7.756432   5.264955   5.3681855  6.389311   6.810335   8.302952
  6.1662197  6.8078938  7.118459   8.705606   7.0710707  7.8451014
  5.6112137  4.1389246  9.839772   7.94424    4.8780475  5.3115005
  4.591402   7.2097588  7.1464124  6.676021   6.23096    7.468084
  6.2220726  4.2889485  5.430688   6.868925   6.531902   6.395265
  6.6421223  6.352223   6.1148405  8.117634   6.892345   7.6670237
  7.792876   6.476851   7.7124777  8.15191    7.501781   8.173998
  6.7326937  4.433938   6.235122   7.872926   6.7226186  5.510486
  6.5795407  5.64908    5.6968985  8.948046   7.299673   5.688019
  7.645947   6.952312   8.946235   6.6279817  6.083178   6.228851
  6.0145435  8.368274   4.7451787  6.0150723  8.022587   6.755678
  6.2060623  5.943046   7.425542   6.370344   7.037639   5.388877
  6.21539    5.8374414  7.0850773  6.2762485  6.592639   7.1878705
  5.4712863  5.533348   4.9783945  5.855582   7.3099585  6.1520867
  7.869872   9.548468   6.2409563  5.670369   6.1696405  5.3937783
  5.340124   8.200539   5.79309    5.634985   7.047938   6.9496665
  6.5677905  4.693555   6.1189547  7.904099   9.01814    7.4020634
  7.657034   6.9157443  6.8293047  9.544069   7.2661843  6.6497755
  7.662569   9.459618   6.13936    6.309201  49.71375    8.173028
  6.312029   8.83505    6.297481   5.4304605  4.2221293  4.513258
  4.9157667  7.9303346  6.2721877  8.873702  10.262259   8.220699
  5.4366517  6.959137   6.744699   8.647456   6.162115   6.4439373
 13.807527   7.2742114  5.2022243  8.07673    6.6743793  7.3251657
  6.885968   5.8602386  3.9406142  6.5593734  5.541253   7.9634585
  5.3810716  4.2183423  6.5109596  4.7429566  6.359381   6.194266
  6.0889707  7.939284   8.878766   7.129727   6.5828466  6.6022577
  6.3270183  7.608552   5.6148586  3.828528   7.4178686  8.115021
  6.5107064  5.470927  10.889272   7.2039804  5.261376   6.801276
  9.357437   5.0625916  6.562063   9.8307085  6.4661455  8.053405
  5.9867225  7.8897967  8.40822    5.596183   6.8497953  7.0791316
  7.7730713  7.464813   5.10716    6.686239   7.0256763  4.5093937
  8.192265   5.9198484  6.297617   6.524041   6.038359   5.973771
  8.241294   5.3783216  6.664721   6.3682437  6.710804   6.640977
  6.726808   5.1011057  6.517821   5.745535   6.964294   5.508565
  7.1352615  6.0458503  4.9488325  7.3997636  6.4086895  4.9538803
  6.3011794  7.054401   7.1005063  7.4559894  6.469037   6.647936
  6.976435   7.837363   5.649941   6.4111795  7.7021523  8.360397
  7.074533   5.7300887 10.944412   5.7780814  7.380472   7.2523494
  6.1547985  9.549832   8.441853   6.3050356  9.195565   5.819364
  5.5495834  6.8968787  5.0679903  9.1186075  5.705755   6.931977
  7.4321675  6.032128   5.2607822  6.299657   6.6226506  6.7772827
  4.4434323  7.541089   5.5367064  6.082732   6.2233763  7.072816
  5.982842   5.8457127  4.8173895  5.782349   7.970055   5.823622
  6.286238   8.669873   6.5759993  5.7357373  6.285278   6.8020387
  5.18285    6.978138   6.8971167  6.306821   4.218373   6.2802987
  5.7526917  6.846237   4.6763964  8.120578   6.7227125  6.4796195]",0.1675531914893617,0.20970704754193623
4,20,940,"[[-0.8396721   1.9962282  -0.9882718  ... -3.4367118   4.4097652
  -4.630185  ]
 [-1.656199    2.882674   -0.517569   ... -2.4934344  -7.781575
  -0.1789108 ]
 [ 7.3463497   0.05611417 -4.1206064  ...  1.9368521  -1.912548
  -3.1184168 ]
 ...
 [-3.9981892   5.245598    1.3587232  ... -0.0487354   4.314469
   0.25672388]
 [ 0.98085487  1.5093093   2.0345716  ...  0.8190024  -1.837826
  -5.894894  ]
 [-0.46477836  1.9321359   4.626169   ... -1.8730695   3.4599278
  -3.5726683 ]]","[ 7.0356374  7.199828   5.2330365  5.9666367  5.1424465  5.7449293
  5.4554033  8.458964   7.1000047  7.4701915  5.9263988  5.966481
  4.811464   5.3689575  5.7829046  6.5954523  4.9855146  5.3839693
  5.620478   4.2534566  4.010366   5.6979985  7.506447   6.18233
  5.8467245  6.0347466  5.3950715  5.873744   5.275272   6.7369604
  6.4777374  6.3908195  7.079557   5.2804155  5.339268   4.842644
  4.586991   5.4210596  7.3023796  6.514826   6.4575095  6.9386396
  5.222212   5.3772206  6.5651097  5.5041857  7.712554   5.462673
  6.781329   8.459207   5.659405   6.038543   5.6474304  6.4793663
  5.0114484  6.823153   5.237337   6.1323996  5.215143   6.501126
  7.4710383  4.027084   7.6008935  7.0909953  4.9130197  4.2172256
  6.704875   6.291516   6.932572   6.259175   5.805967   5.6724634
  4.7850113  4.652972   5.8524966  5.963033   5.082492   4.909085
  6.3830404  6.268673   5.3958216  4.6832547  5.17883    5.8229327
  5.2500606  4.4629726  6.3630705  5.298154   5.9005566  5.3660417
  4.097134   6.463779   5.4765825  6.537206   5.768707   8.097987
  5.5625205  5.9944987  5.3187103  5.3332386  5.5613723  6.4509478
  7.074456   6.9044604  6.2645802  7.058025   6.8185     6.4818516
  4.5979896  4.8506002  5.0314355  6.5135036  7.6060057  6.7360744
  6.285245   4.915996   7.4133906  4.419982   4.6737785  8.889729
  4.4856224  6.239738   3.2794938  5.5095196  6.295922   5.610603
  3.3195717  6.7394304  5.498827   4.4407673  8.33556    5.233435
  6.494663   5.6044855  6.586966   5.9245443  6.4373975  5.471371
  7.549799   5.6294456  5.6123447  5.565599   5.7539506  7.198439
  6.0186596  6.099401   4.3837957  6.0884166  6.4105387  4.6717405
  5.8444495  4.2086353  7.285976   4.7700295  4.4561515  5.5826416
  5.4522285  7.0371504  5.5817375  8.674579   6.9539056  7.0063763
  7.7627273  7.875682   5.461093   6.7336926  4.5576944  7.09226
  7.3380766  4.9275484  5.257196   4.657776   5.704084   7.093982
  7.161108   7.1538835  5.2645497  4.8804927  7.6056275  6.3288765
  5.7736287  4.9514604  4.479999   5.2634606  4.9833107  5.057646
  6.0754833  8.388484   6.6790466  5.0457354  5.034342   6.995099
  5.3718038  6.7261024  4.260573   4.6052585  7.16945    5.4907684
  4.9752693  9.205888   6.425168   6.2944865  6.371839   5.3265347
  4.591652   5.5902715  4.695829   4.7826505  5.4494467  5.381064
  4.344802   5.8891234  7.358027   4.8863482  5.385256   3.8122866
  4.767638   5.4706793  5.276646   5.6270514  5.4565587  5.193838
  6.9353385  5.8515863  6.919384   6.1473446  6.4696307  8.131105
  6.1285644  5.427246   6.8053203  6.526301   6.317889   7.0339265
  5.2802787  4.7792845  7.0856037  5.4977784  6.717207   6.044386
  5.9539037  6.009271   6.3830266  6.016458   5.976118   6.558606
  7.838882   5.0945992  6.5719886  6.4804816  5.2509084  6.035904
  6.972593   5.1482224  5.1721435  8.229404   4.635098   4.74768
  4.4549184  7.8516335  6.813072   5.0003405  6.345399   7.5200863
  4.983881   4.229448   6.950915   4.1633706  6.603574   5.2880793
  7.486861   6.5657196  5.461826   6.205001   4.1025043  6.2086997
  5.7164435  5.8512897  6.49144    6.113261   7.5758386  8.297287
  4.8053894  5.8939157  9.094252   5.134636   5.0760584  4.4622626
  5.617533   4.908338   5.605464   5.77963    6.9151187  5.3404555
  5.780721   6.567364   5.7947946  5.5788445  5.223658   4.669087
  4.629543   6.3060904  5.9053383  5.9750776  5.2876444  7.81102
  5.5832405  5.367213   5.3343554  5.65489    6.5926623  5.844004
  7.7878017  5.332866   7.8146687  6.001258   7.309391   7.450494
  6.0567794  6.234975   5.8342066  6.8871574  6.082228   6.206512
  5.3700523  4.505825   6.1791625  6.868328   6.014633   7.0506496
  5.909096   5.557007   4.698294   8.208427   6.2493367  6.0888786
 11.837217   5.462563   5.729798   5.364178   4.495329   6.348453
  5.9093637  5.8449373  7.259522   6.2839675  5.911861   5.8219657
  5.5098395  6.2505984  5.9389167  6.108766   4.161666   5.2682185
  7.270366   6.5538836  6.167009   4.4178114  6.36356    6.3087673
  6.126602  11.410919   5.728671   4.6496344  6.9903817  6.0965486
  4.634015   9.189844   4.6294136  5.1115007  7.5080543  6.6962285
  7.179125   5.199468   4.6633015  5.6554985  4.779615   5.350196
  7.6079097  8.203367   5.701137   4.064172   5.3430095  5.246161
  6.682663   5.973549   8.465117   5.294045   5.4453707  7.010638
  7.3680205  4.8642464  6.522015   5.9996686  4.369301   4.71392
  4.5209904  7.300484   4.551238   4.854355   5.529612   6.418687
  6.6568217  5.913957   5.475622   7.6602864  4.846775   6.9274015
  5.6562977  4.903499   6.402916   6.634885   5.205887   7.0630693
  6.4457517  5.332758   7.9766974  5.8391204  4.2581143  6.0556703
  4.159402   5.829878   4.7621455  7.758233   7.551048   5.9395475
  5.1536455  6.910392   4.495513   6.8894677  5.5176597  5.6886287
  5.262038   3.6683183  6.0541587  5.232599   4.7173243  5.458019
  7.616894   5.3774724  5.79199    6.3773913  6.3298693  6.5278597
  5.165022   5.065324   7.083641   6.586787   5.0012     5.8741593
  5.7836914  4.247974   8.47292    5.8768935  5.1928816  7.8222394
  6.5656114  8.456054   5.9916897  6.4692187  6.8637633  5.6126122
  5.2090364  5.438343   4.4229546  5.924811   7.7732024  4.75805
  5.514192   6.660206   7.861328   3.5720685  4.245642   5.329953
  6.3792715  4.75225    7.66172    4.6600285  5.8932023  6.1229987
  8.05525    4.3720016  5.0768185  5.4479713  4.574134   5.105477
  4.8467464  4.646327   4.223904   6.077704   7.6376195  6.3689175
  6.6022487  4.947547   4.777262   5.44582    6.221467   5.5591545
  5.684104   5.1767664  7.4804115  7.161455   6.424379   7.388859
  4.697169   3.6505039  7.922984   5.8107057  5.845173   5.2430177
  4.5407662  7.2837496  5.5032854  6.2043843  6.492284   6.435754
  5.8164716  4.4495397  5.80904    5.55051    5.9784894  5.9816813
  5.903681   5.2341013  6.389987   5.5717745  6.0053177  7.152626
  8.103329   6.182053   5.970729   5.526527   7.9483166  6.4162745
  6.0428743  5.190352   4.893314   6.418738   6.490272   5.319875
  6.0714083  4.611765   4.439283   6.601251   6.451503   5.233199
  6.909655   5.7471924  6.8864613  5.074019   4.9657373  6.2342925
  5.97481    7.369618   4.6741476  6.204313   6.961457   5.557308
  5.2030516  4.172885   7.144264   6.560081   5.1689305  5.4346485
  4.718741   4.9693413  5.781374   5.774931   5.893301   6.093092
  6.3034697  5.848567   5.3659883  5.9065857  6.8092356  5.650821
  6.5615244  6.370532   5.010237   5.8941984  5.832491   4.01631
  6.0800676  6.3064933  5.22415    4.453643   6.154016   7.4981647
  6.4056926  5.102786   5.916555   6.226552   7.3855004  5.8660674
  6.5573435  6.405739   6.9765387  9.155304   6.7499065  5.6148734
  5.9480405  6.732048   6.0755277  6.1146297 44.617184   7.643807
  6.2322474  6.6971426  6.449863   6.1053762  4.9459414  5.1631966
  4.7632256  6.887265   5.497951   7.153104   8.181508   5.563546
  4.261577   6.9256253  6.376035   8.381837   5.3998446  6.330826
  6.7269173  6.355091   5.225847   8.146901   5.5341716  7.052542
  5.706757   5.308836   4.2826967  5.845846   5.128856   7.4478493
  5.073527   4.4575934  4.673426   4.6877856  5.8742924  5.66639
  3.9321039  6.5025125  6.2121053  5.583175   6.799499   5.1105566
  5.7971444  6.919112   4.865      3.391748   6.076667   7.3425856
  5.996676   6.203296   8.697012   6.546997   4.550575   6.5891776
  7.334913   4.7261524  5.2265816  8.051681   6.1210213  6.5185924
  5.7519417  6.3256273  6.1053743  5.687812   6.027734   7.02782
  7.137683   5.880876   5.235895   5.008462   5.9637446  4.6046886
  7.3282056  5.880165   5.499151   5.6653414  5.6695943  4.803753
  6.9895964  5.837529   6.9663243  4.9291983  7.2191973  6.7497773
  5.656645   4.5389576  6.8697505  5.5448623  5.3455043  4.642286
  7.5187926  6.373764   4.2041254  6.5670867  6.078952   4.0673294
  5.1276026  5.6093993  4.5630884  5.8465056  6.957497   6.640851
  5.2241974  6.8481693  5.2632666  4.666441   6.43523    5.6349683
  6.216387   7.098909   9.549507   5.0200176  6.2848206  6.9480233
  4.9631333  6.838216   7.709358   7.2317214  8.503146   5.4287915
  5.291652   6.559389   4.5534024  7.3852835  5.033977   5.5396976
  7.203933   5.8016458  4.7772593  4.9487906  6.913408   4.992021
  5.262338   5.485425   5.558198   5.7584553  5.3216023  6.5701466
  5.0425406  4.5699544  4.4171805  4.9491806  7.780473   5.4036913
  5.180009   7.390152   5.626795   5.2621365  6.3640146  5.0425863
  4.6525702  5.698022   5.5498075  5.0566516  3.8988416  5.9150224
  4.930048   6.0738425  5.584806   8.927164   5.6737943  5.0544634]",0.23563829787234042,0.25313777675231297
5,20,940,"[[ 2.0286276  -3.153408   -4.3689213  ...  0.31944242  0.18766376
  -0.16879047]
 [-3.1092248   2.5376217  -0.90144193 ... -0.54983747  0.2551253
  -2.7777252 ]
 [ 4.0150146  -2.6665184   0.8702464  ... -2.0860777   3.5568326
  -0.97339416]
 ...
 [ 3.193698   -0.55505466  3.1038048  ... -1.2131122   1.5180717
   0.3450191 ]
 [-0.5378323  -0.49685434  0.7104043  ... -2.073362   -0.6450123
   1.0529517 ]
 [ 4.5355005   1.3860931  -1.5391852  ...  1.035573    1.1022589
   1.6157244 ]]","[ 6.064344   6.367004   5.1822233  5.691901   4.497179   5.114367
  5.9819546  7.545674   5.5508733  6.341825   5.088145   5.665908
  4.8822856  5.1588335  6.399982   6.699072   5.2209167  5.633242
  4.619469   4.3782306  3.8789454  6.170764   6.223792   5.187764
  5.6599793  6.723739   6.262135   5.673397   4.7643995  6.4948773
  5.028802   6.702284   6.2739034  4.662637   5.3331957  4.486973
  5.4856725  5.553948   6.7451153  5.404575   6.4711423  6.6694036
  4.1041102  6.0642076  5.4717116  5.444282   7.6369886  5.4362626
  7.3055964  5.808246   5.170677   6.1444235  6.612634   6.4804826
  4.884628   5.6744103  6.2770925  7.4924316  5.2806234  5.250735
  6.6179786  4.235424   8.236944   6.1031246  4.6740274  5.561885
  6.6765084  6.3787932  5.3979063  5.7105513  4.847818   6.323605
  4.5351634  4.261111   6.3774676  4.852592   5.5234146  4.403817
  5.7126236  5.865784   5.565724   5.7958665  4.4399457  5.9200196
  6.8536277  3.5705914  6.571603   4.641826   5.7839055  5.1324716
  4.273455   5.6260014  4.8813133  6.084976   5.024093   6.310565
  6.120065   5.8543787  5.5468745  6.764092   5.2270927  6.291017
  6.731269   4.3904185  5.2249274  6.424461   5.9565578  6.562383
  4.4545364  3.9258757  5.064252   6.7795105  7.065277   5.0441957
  6.2074904  5.096556   6.3982506  3.5018935  4.6711273  8.050966
  5.109966   7.7959027  4.142905   6.2554874  5.26578    5.571912
  3.2823472  6.037367   5.510458   4.7475095  6.050371   6.6245785
  5.609211   5.354294   6.123344   4.638415   5.021736   4.816638
  6.6026955  4.985117   4.952909   4.3921814  5.00624    6.985209
  5.0183315  6.088323   4.216812   6.0327806  5.8430777  5.6103168
  5.377162   4.845286   6.645866   6.3402514  3.630797   5.0262094
  4.72516    6.2845736  5.7486167  9.369986   5.6409626  4.8773084
  7.7552853  6.883274   5.554986   5.3494477  4.9001403  6.009364
  5.344662   3.9426718  6.3243885  4.528379   5.7888894  7.1499867
  6.1018033  6.040605   5.5417314  5.15064    5.7957087  7.104009
  5.0053945  5.0133247  5.376119   4.5865555  5.243763   4.2721467
  6.0365744  7.2944264  6.6735044  4.104556   5.8735085  5.5081496
  5.136889   6.267149   3.2220252  3.8957317  6.738462   5.0361505
  5.083351   6.1895676  5.50621    6.638803   6.387711   6.439942
  3.9241016  6.0169363  4.232165   5.440681   5.6347613  5.2352767
  4.6204705  5.9992824  5.5851164  4.7041645  5.8059454  4.356855
  4.892072   5.0143824  4.5714226  5.359006   3.6057198  5.0327115
  6.4791474  5.238541   5.956286   5.8450227  5.998232   6.692399
  6.8940134  5.123667   6.8168597  4.9453382  6.2803793  6.353016
  4.8189993  3.8949301  4.6535254  5.1067367  5.6892962  5.364136
  5.560412   5.6291738  6.688217   5.588126   4.982184   6.1189384
  5.7898154  4.530223   5.4834642  5.9829717  5.08493    5.8300805
  7.145973   6.215088   5.6359363  7.585363   3.929898   5.5249996
  4.9515576  7.294965   5.945508   4.5340266  4.599798   5.633361
  5.2053723  3.8849163  5.6703835  3.1125681  5.844984   5.0002933
  7.1033454  7.502797   5.5898523  6.1501966  4.8293505  4.7876806
  5.063411   4.6267943  5.9868093  5.6292467  6.3483014  6.144516
  4.815669   5.24659    9.314863   5.0616436  5.7718678  4.6935496
  4.433866   5.742249   5.1511025  6.55829    5.3694315  4.189302
  5.099661   5.3832445  5.8155513  5.8629274  3.9682188  5.0164056
  4.1711535  4.4022985  4.2968254  4.6738777  5.4451084  6.4456735
  4.9001412  4.685346   6.562704   4.887278   7.8214955  4.6866174
  6.303312   5.67771    6.6295166  6.098577   5.20021    6.3434873
  5.649019   5.7719765  5.5733266  7.621955   5.0758634  4.807646
  5.257794   4.2121162  5.9462223  5.973358   5.532377   7.4226646
  6.4577155  4.9289503  4.400143   8.416957   5.896762   5.2134385
  9.475062   5.384257   5.5774198  4.7473693  4.6613197  6.1101375
  5.6776285  4.983905   6.4187007  5.4205613  5.3978033  6.2754993
  5.880873   5.26199    5.458071   5.8352885  4.429911   4.2032876
  5.6921983  6.3706293  4.4625297  4.408309   6.9842105  5.595865
  4.871737   9.411362   6.280382   5.299425   6.333043   5.1939516
  3.9007003  5.915789   4.8538427  4.6070986  6.794235   6.040107
  7.157859   4.699101   4.573213   6.076215   5.102588   5.0295835
  6.519594   6.951379   5.6564283  3.9662898  4.6113214  5.1498237
  6.849001   4.854194   7.345066   5.0899234  5.5440555  6.24381
  6.6109776  5.178361   6.003269   5.4942174  5.3157244  4.177374
  4.349226   6.8238354  4.5474925  4.2077827  4.4461074  5.7927723
  5.4344206  5.0047913  4.6144104  4.989456   5.081377   5.9682326
  5.3527193  3.9695334  7.1015887  5.5314155  5.1137238  5.872602
  7.3201847  5.4576073  6.5948033  5.0724115  3.9257326  5.9238567
  4.814443   6.0236588  5.127235   6.6555386  5.9218054  5.694583
  4.434476   6.654524   5.8287716  6.3479457  5.5397897  5.7124248
  5.4975786  3.4909196  4.9331174  5.27479    4.40829    4.626233
  6.4816527  4.254504   5.332628   5.7372828  5.8613586  5.7416773
  4.6226187  4.674537   6.173215   5.016692   6.1984224  7.825074
  5.009701   4.7230086  7.8431406  6.5266566  5.8847356  6.453521
  6.047546   7.10106    5.8247347  5.9268384  7.106999   7.046432
  6.15889    6.1040235  4.5811834  4.5749702  7.211391   4.44888
  4.428507   5.5892262  7.1916323  3.0585897  4.410116   4.5342054
  5.676029   4.578693   5.9366126  5.6940775  4.722604   5.5854945
  5.6962447  5.7499447  5.110225   5.353423   3.8876414  5.5134616
  4.471822   4.944832   3.839952   5.312895   7.8249645  8.55462
  5.9847407  4.4055247  5.3553824  5.8752093  4.854244   5.03751
  5.051537   4.857267   6.235426   6.458975   6.038075   6.6239414
  5.4189706  4.100012   6.6064243  5.6759057  4.7724643  4.3846307
  5.386384   7.4072905  5.641709   6.5007715  6.540595   5.312136
  5.747634   4.525691   5.536225   5.097375   5.318052   6.2688136
  5.3987975  5.580905   5.736989   5.498663   5.069526   6.342057
  6.804744   5.560131   7.3508105  5.779223   6.0995703  6.5994983
  5.1802034  5.062388   5.2292457  6.6586895  6.0038695  5.2436566
  5.53273    4.9697905  4.081371   7.595531   7.6966214  4.8388257
  6.590716   5.8877125  7.1551046  5.003884   4.4265666  4.936799
  5.199132   7.1124005  4.7385464  5.596207   6.2782354  6.1442375
  3.776625   5.6225553  7.2737207  6.2212067  5.9215503  5.0353866
  4.865566   5.7726126  5.1777883  5.939923   5.2162013  5.397161
  5.249234   5.698198   5.679398   5.1331987  6.814911   5.4695888
  6.883965   6.9767666  4.3848886  4.9306517  4.8915057  4.2341104
  5.528328   6.226698   4.7463837  5.3226404  6.552357   5.2402906
  4.76621    5.79871    5.7816005  5.214392   6.368105   5.6652665
  6.8385754  5.7987385  5.2091975  7.289429   7.157771   5.7618947
  6.6508217  6.346772   4.679286   5.3582606 50.071434   6.8127747
  4.7915664  5.5130143  5.9610677  4.8919973  3.988645   4.892595
  4.2802973  6.2401514  5.256162   6.839437   7.631969   5.328185
  4.892825   6.064695   5.5676007  7.33145    5.0360384  5.893401
  6.3555117  5.745914   3.874719   6.969455   4.8535547  5.5009193
  5.845334   5.8738346  4.448633   4.853745   5.476495   5.8971095
  4.806264   3.8316681  4.6915627  4.737713   5.4771996  4.7099447
  3.9171987  5.7482862  6.815598   4.9646764  7.894749   4.9854007
  5.5873685  5.987913   4.833081   4.0570483  6.8768263  4.835081
  5.476089   5.169868   9.19242    7.508377   4.3707666  5.5222683
  6.5757484  3.496677   5.8602552  6.5340137  5.157071   5.8324823
  5.5505605  6.473365   7.5191073  5.431587   5.8446965  5.8303094
  6.893143   5.268053   3.4902623  4.968489   5.5005045  4.3568635
  6.6698103  5.2533827  5.3736463  4.872936   5.6358166  4.5277395
  5.26177    4.518099   6.437633   6.0772986  6.9466767  6.725188
  4.9962673  3.8192506  5.204954   6.435128   4.4530487  3.90765
  6.166097   5.5092497  3.5122635  5.972594   5.505719   4.220958
  5.0325117  4.5115657  5.3029995  4.6489205  5.795747   6.1187
  6.633258   6.1421556  5.0961604  4.2915344  5.4369473  5.01489
  4.8169603  4.7187796  9.208528   5.132248   6.684153   7.282967
  5.125847   5.8778534  6.8692765  5.2468557  6.067302   4.9482794
  5.841701   5.5258503  4.3928056  6.901969   5.45577    5.7452145
  6.396794   4.572478   5.1706653  5.2534404  6.702074   5.2933197
  3.8999045  4.5333533  5.2475557  4.945802   4.8597403  5.795327
  4.8726974  4.1481123  4.6764426  4.416251   6.3667073  5.7310157
  4.78821    7.5976505  6.79547    5.0082936  5.651279   5.7195797
  3.9413753  6.0640874  5.8543715  5.5304766  4.965829   5.246461
  4.9445815  6.09729    4.806715   7.967007   6.2257695  4.2885747]",0.3047872340425532,0.29285916487375896
6,20,940,"[[ 0.7963719   1.25277    -0.5344752  ... -0.23307076  0.8289418
  -0.54462385]
 [ 1.0885811   0.6521596   1.7974291  ... -0.7899954   1.0952148
  -0.10455642]
 [-0.85942674 -0.83000135 -0.01526646 ...  0.45296147 -0.8619037
   0.25610664]
 ...
 [ 0.34460098  0.96660197  0.07068766 ...  1.9763165  -0.18782504
   0.7431909 ]
 [ 0.3092146  -1.6094682   1.1032993  ... -0.32450336 -0.9431479
   0.35258576]
 [-1.231082    0.6837652   0.08797325 ... -1.1982669  -0.4126707
   1.0532727 ]]","[ 5.385778   5.789141   5.153512   5.4868407  4.321355   4.8537774
  6.0480742  7.6226754  5.715163   4.75386    4.4491177  5.706404
  5.227407   5.1553082  5.291765   4.820603   4.6182723  5.632245
  5.264697   4.425361   4.667939   5.0356636  6.315656   5.4519134
  5.0403876  5.2394986  5.644493   5.148107   4.9881406  6.5456386
  5.2641673  5.8690233  5.9454     4.74393    4.542037   5.0882235
  5.6435723  4.460855   7.375198   5.1891737  5.8962355  6.618243
  4.355119   4.628969   5.556503   5.83692    7.1963563  4.972786
  7.666232   6.287419   4.738609   5.6759367  5.427759   6.3140535
  4.243609   5.976641   4.7236423  6.667339   5.163002   5.293342
  5.8317614  4.6667566  5.996763   5.6213493  6.258932   4.6081467
  6.3645415  6.2017646  5.288635   7.0309243  5.180492   6.866737
  4.4060626  4.8339076  5.938399   4.595539   4.5781107  4.5039897
  6.203179   6.362534   4.476964   5.2999682  5.52849    5.02301
  6.205807   3.6971242  6.1626687  4.9274154  4.424005   4.925577
  4.467401   5.2586517  4.603125   6.049867   5.7542033  5.9424334
  5.001143   5.5788345  4.430203   5.2437572  6.0277247  6.5989203
  6.672356   4.9035954  5.6075478  6.583729   7.554688   5.861121
  5.1327643  4.156046   4.7923307  5.057013   6.4723825  5.6863637
  6.793273   4.300019   7.052962   3.9284396  4.2962003  7.2146783
  4.5948052  6.9795885  3.7543886  4.792079   5.7071967  4.4962087
  3.7004535  6.5749454  5.1296577  4.8857875  7.0381947  7.168306
  5.157718   4.714616   4.992569   4.928138   5.0555477  7.0444183
  6.9535546  4.11763    4.268404   4.7487826  4.753492   5.917104
  4.8740163  5.785466   3.9240565  5.806699   5.736049   6.539123
  5.868179   4.793395   6.4694014  4.75194    3.5637617  4.407176
  5.3985147  5.578571   5.2702804  7.5544486  5.394099   6.570207
  6.93532    6.3115387  5.1483216  5.1669807  4.577056   6.1515455
  6.3532696  3.7172155  6.2057137  4.014832   5.6164904  8.153476
  5.5112844  5.328954   4.4870434  4.691256   5.742046   5.668971
  5.2538943  4.619179   5.212222   5.5294943  4.580777   4.368259
  6.2260284  8.363537   5.5082273  4.4341     5.5244436  5.8082414
  5.261295   6.3814926  3.9804661  3.630093   7.3466325  5.333831
  5.009775   6.5867944  4.5840535  6.000898   6.7079763  5.868617
  3.9830453  5.677416   4.726435   4.4039216  5.526589   4.918842
  4.2435584  5.970815   5.6826873  4.259743   5.2907557  5.2069597
  4.469009   4.7651505  4.7536087  4.811364   4.565587   4.183725
  7.1657333  5.2508836  6.0043645  6.553721   5.9508114  7.7139983
  5.416158   5.283659   6.4262156  4.4595447  5.954173   5.5173697
  5.2444196  4.442827   5.396906   4.7551737  5.4384375  5.848219
  4.872349   6.441991   6.927657   5.500785   5.1011796  5.6148896
  5.688327   4.5436287  4.836886   4.703524   4.309563   6.184815
  5.8331385  4.858187   4.9436026  7.525917   4.1366153  4.797573
  3.897216   5.8327303  5.22477    4.375098   3.9071217  6.287373
  5.5741496  4.668492   6.264222   4.1170816  4.623094   5.3012943
  6.42121    7.1053305  4.151888   6.2656503  4.8203793  6.616938
  4.681272   3.8416739  5.525931   5.162252   7.255157   6.2083254
  4.3962154  5.1949177  8.707697   4.531305   5.5085435  4.3132753
  4.522552   4.887093   6.714302   5.3917665  5.167517   4.344008
  4.7394695  6.249241   6.1379147  4.7595973  5.4091244  4.552099
  4.772062   5.382705   5.1310153  5.0177193  4.7497854  4.9963217
  5.294913   4.5307426  5.844205   4.8955135  5.135634   5.283419
  6.2649813  5.8951273  6.9584756  5.182986   6.4330587  5.4337034
  5.7448726  6.563132   4.391938   6.3730826  4.379097   4.970406
  4.4307055  4.0778036  5.152434   5.2519383  6.0697875  6.500372
  6.487225   5.9255767  4.8878517  6.293395   4.5374713  5.46061
  8.440051   4.7117767  6.306204   5.2523904  4.9607368  6.159135
  4.3206115  4.212123   7.366972   4.9122334  5.4582067  5.8560147
  5.6037884  5.850492   4.93116    6.6700892  4.6310115  4.6180716
  6.5832167  6.082416   4.53046    4.168804   7.256487   6.340448
  4.823      9.231882   5.617204   4.5900593  6.6029253  5.043568
  4.5382943  6.4904923  4.869618   4.6971726  7.117747   5.2229753
  7.229147   5.9493523  4.918038   4.9957223  5.1087155  6.1614685
  6.166978   7.414418   4.6942754  4.554261   4.743681   4.7287846
  6.576876   5.66799    7.592536   6.763602   6.494523   6.0726333
  6.128413   5.172484   5.5049477  7.1417985  5.552524   5.609186
  4.7909565  6.8428884  4.499523   3.832209   4.8086343  6.004146
  5.4931827  4.525634   4.4378076  5.9653964  5.158479   5.80465
  4.9897556  3.9386802  6.130898   6.126064   5.2867765  6.331406
  7.385171   4.7850337  6.5606112  5.4653068  3.7953393  5.69227
  4.178741   4.969064   5.4033866  5.3646584  7.3506017  5.593305
  4.5768538  5.42969    4.931244   6.3506255  6.1687856  5.862033
  5.0174184  3.3125565  4.8412137  6.0716624  4.3400908  4.2112226
  6.813055   4.8232155  5.307751   5.8962755  6.186706   4.870824
  5.494048   5.3174253  6.2402043  5.86339    5.3011007  6.6233687
  3.6849089  4.3809066  7.696994   5.748259   6.283476   6.7326126
  5.344339   6.903245   5.6250925  4.332575   7.4741564  5.28285
  6.30587    5.124386   3.9597049  6.243768   5.3895936  4.4425917
  4.376635   4.9081297  6.460899   3.8560336  4.6262345  4.2722106
  5.5042167  4.5391107  5.3939366  4.485321   4.494524   5.5326366
  7.185023   4.6991787  4.802369   5.974025   3.4020228  5.5425615
  4.3367352  5.168134   3.741052   5.4316316  6.98205    7.2697387
  6.607468   4.6882844  5.0997887  5.535692   4.870359   6.281567
  5.111438   5.732732   5.7805295  6.9515047  5.2043858  6.352948
  5.2078357  3.8024967  7.868583   5.2103734  5.754705   4.459373
  5.006362   6.7809567  5.2073593  6.3464713  5.37277    4.854558
  5.659282   3.3105981  4.3218484  5.8940573  5.681849   4.9496126
  4.8766727  5.480035   5.228261   5.9964924  4.7600346  6.2554383
  6.478399   6.378582   6.1194577  6.3131924  5.9530725  5.804617
  5.3556147  5.2020745  4.6183133  6.939692   4.693794   4.1551027
  5.011253   4.8104725  3.9991171  6.213566   6.0922675  4.1849504
  5.9925084  6.0726757  7.130639   6.071691   4.827362   5.110165
  6.1641917  6.4847984  4.4229574  5.0275087  6.442723   5.713911
  4.7132688  5.7481337  6.340456   5.058124   6.2405486  4.595437
  5.372976   4.1683526  5.381355   6.234432   5.230136   6.1939
  4.8182154  4.863952   4.348704   5.3216615  6.310349   5.104695
  5.3383102  5.856362   4.8166075  5.5703707  4.221834   4.568199
  6.2325535  6.620637   4.2121997  5.299303   7.1431003  5.930253
  4.9506693  4.622969   4.8085027  6.0385857  6.12503    7.03285
  6.1696463  4.5674043  6.4912124  6.4412704  6.8338223  6.6457534
  5.4603386  6.0954823  4.1314635  4.7302547 52.185818   6.736564
  5.433811   7.4571843  5.6335387  4.767687   4.2020044  4.73126
  3.918174   7.0518103  5.0867543  6.658881   6.6932716  6.379215
  5.159881   7.6438775  5.827905   6.0335455  4.5279613  5.0304875
  6.749964   4.8143244  5.02368    5.9226136  4.964312   5.938406
  5.1808515  4.4227214  3.8743737  4.9345393  4.9261413  5.697565
  5.502465   4.322203   4.4424253  4.677756   4.882281   5.152589
  4.0271735  4.5402846  5.800382   4.770875   6.3186693  4.5777483
  5.0797153  6.3989553  5.1759014  5.1078286  5.2217474  4.803289
  6.070304   4.604056   9.231116   7.1184416  4.168247   6.928508
  6.1721506  5.2275996  4.835313   7.25228    7.033587   5.638588
  6.196865   5.6993775  6.5142336  4.7315855  5.391477   5.541369
  5.3189054  6.293889   4.199022   5.6599736  6.6537023  4.0152154
  6.3507767  5.120742   4.1948285  5.060944   5.9172406  4.637808
  5.9916387  5.3564453  6.504955   5.4176855  6.336304   6.001335
  4.5180235  3.92566    5.8156877  4.804861   4.225114   4.201765
  6.6224303  5.209383   4.4537587  5.2538495  4.709001   5.12891
  5.5305905  3.9058564  6.1615925  4.3181477  5.590853   6.396275
  6.6384993  6.4637523  4.960272   4.263985   6.7724466  5.6908827
  6.5404882  3.7462404  7.476255   4.6035733  4.2853565  7.0985785
  5.2584233  5.7174897  5.7811646  5.7153487  6.608934   4.8463283
  4.503253   6.367547   4.3240447  7.262565   4.4770365  4.4500747
  5.578346   4.920457   5.2552743  4.811164   5.816972   5.242933
  4.8352876  5.369329   4.9666166  5.348443   4.660053   5.275792
  5.045651   3.6865735  4.153932   5.4405165  5.654379   4.7472568
  4.936906   6.940841   3.920997   3.9588857  5.171424   4.8622665
  4.4306087  4.683433   6.359134   5.611026   4.5430307  5.2930546
  4.5155363  6.4937997  5.767826   8.728294   5.038498   5.2000375]",0.3223404255319149,0.30695195893446603
7,20,940,"[[ 0.12181855  0.513852    0.03405417 ...  0.3238849   0.7879575
   0.35764602]
 [ 1.6754735  -0.9253061   0.11326629 ...  0.67570317  0.5784229
   0.13057928]
 [-1.0246681   0.61189723  0.06228806 ...  1.8839812   0.47755882
  -0.6365387 ]
 ...
 [ 0.641337    0.22437468 -0.43665656 ... -0.4402138  -0.30472803
   0.20326345]
 [ 0.55310136  0.62539274  0.73401874 ...  0.30318066  0.22681484
  -0.18758908]
 [-1.1059072   0.05773172  0.21093275 ...  1.2826923   0.32441655
   0.7088362 ]]","[ 5.672041   5.3889184  4.8347993  5.1277604  4.303579   4.537261
  5.739952   7.318586   5.2416763  5.7233334  4.471206   4.488075
  5.484897   5.6098843  4.5813274  4.4488416  3.7188318  4.6979256
  4.953704   4.760599   3.050393   4.6236067  5.688309   5.2340813
  4.8775706  4.1569457  5.8516145  5.7967463  4.7619057  5.796023
  4.5140195  6.179572   6.202193   4.5615916  4.811914   4.3446584
  4.4653697  4.788991   5.4923906  5.3298044  6.5322404  6.9615645
  4.6998343  4.447752   5.2852936  5.648369   7.3273435  5.212139
  7.268841   5.6382403  5.2763867  5.0906925  5.748359   5.8045907
  4.64396    6.028808   5.446094   5.5772643  5.236941   5.7381363
  7.7642803  4.874561   6.094167   5.0097346  5.5554805  5.0071263
  5.275233   5.505229   4.7999845  6.981436   4.854417   7.037032
  3.5099812  4.5234027  5.213028   4.862612   5.0066333  5.2105904
  6.2365117  5.050813   4.8226223  5.2875447  5.192522   4.234334
  5.0775685  3.5297542  5.6475806  3.9323645  4.539712   4.4308295
  4.033175   5.3309336  5.216551   5.8717823  5.4483805  6.138468
  5.5380387  5.579936   5.373932   4.7554026  5.00371    5.5531
  5.80161    4.7948737  6.3764415  6.175487   5.34333    5.8031864
  5.3520555  5.3402557  4.757948   5.558375   6.1510363  5.417553
  6.017318   4.586518   6.5222445  4.496444   4.1366553  9.11718
  4.272193   6.131051   3.8796642  4.585981   6.644959   5.465052
  4.3065743  6.5002484  4.1725764  4.9440393  5.8965898  5.258757
  6.1125774  4.57593    5.568735   4.8953743  4.966962   5.3629847
  6.584962   4.2687125  4.8434544  4.7823133  4.6993995  6.4635005
  5.3519506  6.4130692  3.5558934  5.563614   6.545296   5.7105308
  5.564102   3.873064   5.9728007  6.2412305  3.9587479  3.9342363
  5.09467    6.589829   4.449629   7.8910685  5.5281854  6.7580223
  7.154315   6.248864   4.2950063  5.0012155  4.1647243  6.009133
  5.407816   3.6210392  5.4483767  4.0460186  4.671702   6.7454076
  6.2443004  5.4830008  5.2805777  5.4499717  6.703585   7.087703
  4.295503   5.373314   4.4467926  5.9050956  3.92811    4.1893992
  5.0887256  8.338184   6.2720985  4.3269424  4.896607   5.268068
  4.568593   5.8333216  4.206109   3.850547   6.470729   4.0540752
  5.002806   6.148442   4.5367384  6.587723   7.371635   5.919519
  4.5123076  4.8764443  4.270404   4.3560615  5.5463705  5.916875
  4.4862585  4.8892403  5.322419   4.206005   4.6268163  4.929606
  4.1211905  4.6608953  4.7446537  5.3115015  5.272503   5.0769763
  5.6914687  4.362006   6.2813506  6.0233707  5.7131248  5.63356
  5.7665787  5.736079   6.142111   5.5981     5.165088   6.0219336
  5.8270884  4.3345003  4.514555   4.245576   5.4918847  5.1254745
  4.3896995  5.344174   5.121902   4.205266   4.8487306  6.0273314
  5.6558495  5.6872044  5.5502467  4.763523   5.2533603  5.0448823
  4.923133   5.6363654  4.4076147  7.182629   4.2253866  4.290769
  3.8532815  6.1524425  5.6338286  4.6192136  5.045319   5.645179
  4.590893   4.7578897  5.293027   3.976526   4.4810996  5.3953567
  6.0054603  6.0696545  4.64523    5.8189616  4.483945   4.9589314
  5.797791   3.822863   6.220258   5.7896643  5.6519194  5.5975976
  3.9836924  4.3177204  8.718596   5.009692   4.2038603  4.7088423
  3.666639   4.126233   4.6875253  5.753668   6.428969   4.7675247
  5.6295285  6.9158425  5.202304   5.052607   5.399905   3.9300878
  4.6823025  5.5407834  5.8337493  4.985833   4.1753936  5.8422713
  4.959185   4.448143   5.694216   4.470121   5.865296   4.4631615
  5.9133925  6.079982   6.5743756  4.598432   4.3084874  6.4440737
  4.965976   6.042066   4.5881157  6.7281585  5.0183563  4.594268
  3.6547003  4.5500307  4.4494705  5.831679   5.0336585  6.658452
  6.7194567  5.078766   5.326931   7.487135   3.9181418  5.159712
  7.437929   3.7479239  5.2212696  4.6047373  4.4324317  7.5947614
  4.858733   4.604488   7.2627363  5.6938844  5.450925   4.775176
  5.90251    4.5139008  5.710997   5.382445   4.3656797  4.341862
  6.7242017  6.3405004  5.7917733  4.3786693  5.6208797  5.67416
  4.258812   9.077013   4.9561005  4.5499725  5.737017   4.792816
  3.3909292  6.8315496  5.0327034  4.557743   6.09691    4.5267835
  6.496095   4.5106997  4.583013   4.5485735  5.1373024  5.946181
  5.752412   6.8584557  4.0618258  3.4259603  4.7103324  5.1646776
  4.3161306  5.566843   6.439882   5.5703354  4.313255   6.695951
  5.7392178  5.173397   5.2368317  5.8754416  4.933336   5.5995526
  3.7566028  7.0024605  4.3097463  4.67607    4.779895   5.86263
  6.635507   4.970525   4.0231447  5.598383   5.534045   5.8265777
  5.6976547  4.1529946  5.8769736  4.5128417  5.300799   5.897931
  5.9583116  5.661524   5.4748735  6.60337    3.8730133  5.7574277
  3.3412697  4.6362114  5.0429764  6.371997   7.0338583  6.3251657
  4.010745   4.781047   4.4587455  5.6817546  5.8498616  5.8132353
  4.5499315  3.264701   4.974306   4.616576   4.0172157  4.1329317
  7.0311413  4.4705687  5.8776073  6.0432878  5.800103   4.88199
  4.160476   5.1008387  5.6674275  7.1133633  5.8502107  7.149113
  3.6450524  4.080123   6.469926   5.8629093  6.0691247  5.9655633
  5.524431   7.349952   4.832857   5.9130983  6.9442825  4.798379
  5.39831    5.058113   4.161395   5.4301815  6.0668077  5.115158
  5.153023   4.8928685  7.2621894  3.3157182  3.3410459  4.683253
  4.7319813  4.775268   5.3734226  3.8779805  5.059061   6.5537925
  6.4774942  4.555377   4.3109136  5.2842517  3.5821748  5.297101
  3.5034597  3.9519398  3.356632   5.07959    7.1126566  5.877704
  5.7489433  4.566775   5.796542   4.833985   4.794635   6.168266
  5.3144593  6.1836042  6.4202037  8.307021   5.8531466  6.891297
  5.598448   3.7533422  6.436317   5.5989165  5.9231076  4.7824793
  5.335281   7.849346   5.6958995  5.336518   5.454      6.179924
  4.8781204  3.9401348  5.416585   4.791188   5.045208   5.8704715
  5.6530437  5.41471    5.3080664  4.827394   5.2448645  5.0916333
  6.670842   5.297761   7.0570183  5.8014216  5.0813146  6.2096515
  5.423286   3.871957   4.5171185  6.367251   5.495323   5.5037026
  5.3874965  4.1090183  4.317686   4.161941   5.341775   5.113041
  5.1214123  5.1885424  7.075624   4.7401853  4.286619   5.2440743
  4.930702   5.2262197  4.643373   5.073616   6.619614   4.6725883
  4.4374156  4.802788   6.959121   6.07849    6.489382   4.48318
  4.7329836  5.0478606  4.805064   5.7211676  4.414383   6.448509
  4.6915836  4.937802   4.3638587  4.5255313  6.8170156  4.5093274
  6.136765   5.4025073  4.7658863  4.7294917  4.8177824  4.1133785
  5.339404   6.484074   4.2004232  4.6425395  6.1296782  5.5732813
  4.6473064  4.8254633  6.0739155  5.52005    4.5915737  5.8263874
  5.497562   5.0077834  5.060508   6.9534116  6.764305   5.8347607
  6.2174754  6.249025   3.7325811  4.41093   51.187824   7.371798
  4.9603453  8.272217   6.336724   4.774892   4.298913   4.1102257
  4.479498   6.5591235  5.5615244  6.239257   7.1236334  5.684773
  4.848296   6.0367365  5.7555847  6.276607   6.1222696  4.2989635
  5.6741486  5.1539555  4.215882   7.4219136  5.127344   5.1564074
  5.615981   6.005658   4.1975207  4.381204   4.7662373  5.41925
  4.648124   4.322154   4.6296782  4.14457    5.5375175  5.511931
  3.8089852  4.0521703  8.053511   4.7256355  5.8829904  5.3173146
  5.84128    6.30415    4.2836514  3.1641905  5.347173   5.8789215
  5.5883646  4.820332   9.055307   6.8902225  4.8291326  6.83613
  6.665823   3.4195092  5.4321656  6.785004   5.050686   6.815768
  4.5838904  6.6455617  5.6105275  5.660859   6.026259   4.650134
  6.0265813  5.728276   4.136808   4.320712   5.908623   4.880517
  6.509018   5.054118   4.324984   4.981939   5.303363   4.7652507
  4.731135   5.2584896  6.371704   4.2910895  5.4169703  4.525396
  4.667067   3.5198615  4.261105   4.411396   3.9759028  4.6122866
  6.2475758  4.703053   4.015114   4.7564526  5.0114064  4.0056396
  5.0017176  4.0144763  4.885981   5.447956   5.9004564  7.1178017
  5.6426625  5.6879315  4.8541784  4.140956   6.017982   5.1971354
  5.767184   4.249138   7.1638494  4.865291   5.2093844  8.029814
  4.8135195  6.279404   7.263934   5.1999245  6.9261127  4.2675133
  5.2538104  5.1518817  4.736918   6.6803474  4.875295   5.039453
  6.819421   4.0827465  4.39227    4.612901   4.5510015  5.806375
  4.2568593  4.3244677  4.879782   4.7941585  5.6482553  5.758119
  5.641787   3.9738984  3.8007154  5.305585   6.4593887  4.6082773
  5.1005487  7.666071   5.3658733  4.3431044  4.7312474  4.4949136
  4.1317525  5.2598157  5.053782   4.001107   4.4820366  7.368846
  4.0647283  5.9561067  4.8857837  7.9154925  5.12896    5.3560014]",0.34095744680851064,0.31156245271364846
8,20,940,"[[ 0.06932973  0.0375227   0.32316318 ... -0.16325665  0.05708188
  -0.192375  ]
 [-0.38368052  0.29308325 -1.0747595  ...  0.6001925   0.32976416
   0.612333  ]
 [-0.08584023  0.41518903  0.04525803 ... -0.5580977   0.15517206
  -0.01626651]
 ...
 [-0.3648954   0.32333028 -0.1114931  ...  0.8750765   1.0408047
   1.1093843 ]
 [ 0.29378352  0.5125797  -0.5082478  ...  0.694447    0.43696696
   0.49026027]
 [-0.25106314 -0.3256268  -0.13199258 ...  0.24769603  0.5764469
   0.6691034 ]]","[ 5.1745176  6.256423   4.6370273  4.7184753  4.323357   4.2695866
  4.9325857  6.8704743  5.082469   5.1225576  4.294055   5.1597767
  4.8625293  4.279344   5.647955   3.655555   4.447744   5.1415176
  4.4833055  3.8610215  3.5075958  3.4662883  5.3477826  5.1265507
  4.9749403  4.8638043  4.951528   4.9566197  4.167083   4.480043
  4.1303806  5.2234125  5.7337065  4.1398797  5.1336813  3.95366
  4.799324   4.4680123  5.56869    4.1995654  6.11674    5.6436696
  3.9218185  4.2588887  4.543472   4.6538463  6.6010633  4.9167542
  7.0745516  4.6885614  4.4309883  5.423318   5.19981    5.1332192
  4.7223     5.3043003  4.917463   5.415667   4.14767    5.026603
  4.999708   4.5352883  6.095242   5.5676875  4.4881086  5.002703
  5.010531   4.297842   5.127831   5.783806   4.062377   5.815046
  3.7728193  3.6681066  3.7953117  3.5419176  4.2454023  4.183529
  5.885551   6.0963507  4.059072   5.452127   5.161971   5.3993516
  4.8075223  3.7909076  5.2615023  3.9808745  4.5609727  4.6716413
  4.203476   5.588431   4.7947536  6.564108   4.8601637  4.948392
  5.320733   4.0830317  5.242334   5.574855   5.470498   4.225327
  4.865231   4.142589   4.8705807  6.5047584  6.5625114  6.5377145
  3.8472002  4.5971828  3.8841658  4.8062367  5.7920203  4.640391
  6.656116   4.1019607  5.7048626  4.3926935  4.086511   6.1332803
  4.20375    5.976466   3.1328452  4.9166408  4.997707   4.427605
  3.7510931  5.82025    5.089371   5.2737327  5.574684   5.629777
  4.7565913  4.8930655  5.165844   4.5616283  5.0711713  6.794373
  5.7655845  5.108736   5.0699944  4.745238   3.5779924  6.30538
  4.5828915  5.0722914  4.3447356  4.3976045  5.9899077  5.1249905
  4.40066    4.4540796  5.889158   4.9135685  3.1301444  3.9175727
  4.6982036  4.8429837  5.84454    6.5087957  4.894409   5.3433666
  6.996875   6.37721    4.3809357  4.2979503  4.9806924  5.465921
  4.749567   3.4896066  4.732672   3.0440319  4.914234   5.933781
  5.8302937  4.023915   3.3216133  5.779155   5.8252163  6.1633444
  4.0296082  4.314753   3.5957694  5.2502346  4.2090383  3.6416557
  5.015321   7.7419305  5.7237453  3.7152274  4.68029    4.869184
  4.1675963  6.322273   4.43088    3.9774783  5.1506233  4.57516
  4.0521803  6.2602816  4.95732    5.727208   6.0134373  5.0860224
  4.2259197  5.359345   4.073842   3.9304159  5.4363503  5.1403246
  4.4494596  4.4256225  4.7160273  4.6745677  4.9931254  5.478157
  4.061967   4.7687273  5.232041   5.52725    4.3412013  4.264127
  6.5096526  4.243952   6.2306714  5.0954027  4.795192   6.906644
  5.867114   4.761002   6.8142505  4.6356215  4.302462   5.759709
  4.664363   4.67274    5.077908   3.863078   5.0500054  5.5248747
  3.9655135  3.9461873  5.540351   5.711247   4.447542   5.216474
  5.609321   3.9459927  4.6247144  4.839284   4.8099475  4.7928157
  4.732021   4.8353724  4.705093   7.601995   3.7885807  4.4270873
  3.5243695  5.6079717  4.777608   4.381931   3.893843   5.545225
  4.460497   3.61072    6.1558223  3.8040588  4.789959   5.1790457
  5.848      5.732613   3.8474042  6.0492005  4.0859866  5.0342493
  5.072079   4.1683817  5.30514    5.405449   5.878068   6.02563
  4.436792   4.5262547  7.1008363  4.198239   4.1679397  3.7163877
  3.8452413  4.2603927  3.8417642  5.2752895  5.796136   4.1497283
  4.551444   5.8458147  4.6823545  3.1452284  5.242285   4.542363
  4.4255176  4.9928894  5.5577564  3.916157   3.914583   4.345586
  4.4713597  5.218176   4.658691   4.932279   5.960872   4.331159
  5.834376   4.759388   5.998658   4.4513125  4.384349   4.81153
  5.6471357  4.6678076  4.628997   6.0460315  4.320029   4.647023
  4.2593365  3.9386127  3.742667   4.8077326  4.6307425  6.8486805
  6.012724   5.7628946  4.8230224  6.8505936  5.346009   4.3998933
  7.26474    3.5233138  5.077735   3.8360932  4.9667892  6.238002
  4.0449758  4.597173   5.721626   4.68508    4.885806   5.0596185
  4.7449822  4.5517793  4.418949   5.8860483  4.165524   3.9646735
  5.811442   6.0348215  4.893246   4.6195703  7.0667367  5.5756564
  4.0141177  7.48841    5.640747   3.9618862  5.946381   4.648008
  3.5573127  6.543433   4.284225   4.2972302  5.301287   4.1192975
  5.6311183  5.4114714  3.5745776  3.8187048  3.7864015  6.065448
  5.550013   5.7412558  4.0243354  3.4137528  4.3137174  3.9728732
  4.9453454  4.256148   5.8797846  5.5922704  5.8029847  5.1794662
  5.7665687  5.467758   5.0233736  5.4035044  4.420477   5.5604053
  4.1228642  6.7954865  4.5331225  3.3344536  5.1667957  4.1477413
  4.716436   5.1535187  4.18761    5.327954   3.979874   5.121572
  4.856471   3.8157358  5.5277715  5.486883   3.8458207  6.356252
  7.0479374  5.2550206  5.3723617  5.5752125  3.7155008  5.576366
  4.0532036  4.843223   4.839861   6.0186467  5.5902247  4.6841526
  4.5445323  5.592933   4.5469923  6.122791   4.9620514  5.9148006
  4.626342   3.2159593  5.4313583  5.4020085  4.2867336  4.247323
  6.326267   4.3464594  5.014395   5.8125043  5.113918   4.900501
  3.9533427  5.1202865  6.147832   5.8512297  5.059598   4.7914586
  3.24221    3.3331254  6.209103   5.883003   4.5363855  5.595822
  5.7811594  6.6532636  4.4114146  5.8012466  5.746255   5.609138
  5.89106    4.206361   3.2803364  4.259531   5.1160507  4.5136313
  4.517579   4.2632465  6.4989448  3.485305   4.109458   5.0161057
  5.332878   4.211005   5.5314283  4.8855047  4.735046   4.8381686
  5.594616   4.126367   5.3270507  5.246014   3.3058658  5.3419366
  4.5173955  3.587419   3.515409   4.7752213  5.378724   5.4623103
  5.746743   4.251747   4.144834   4.940123   4.275685   5.626096
  4.607075   5.618652   5.35155    5.8234754  4.762371   6.228353
  4.980357   3.7593062  6.856129   4.9684443  4.329308   3.777286
  4.5823145  7.653112   5.197322   4.506273   5.5319014  5.5144033
  4.670338   3.3310788  4.5268207  4.97836    5.3815956  5.1576858
  3.754845   4.5662813  5.302029   5.0183067  4.8580046  6.120166
  5.761163   5.6577673  5.595945   4.931899   5.6223726  5.816147
  5.358091   4.516701   4.8224373  6.802733   4.8817854  3.9898236
  5.362364   4.4047556  5.585535   4.9028416  5.478924   4.4999723
  5.534543   4.9797273  6.6487966  4.907271   3.8643456  4.930022
  5.234284   5.7429066  3.546567   4.1479516  5.5842795  4.625866
  4.509888   5.275951   6.3380537  5.263508   4.922203   4.232045
  4.146301   4.896087   4.6452303  5.5108023  4.2467995  5.293667
  4.4767194  4.710042   4.47124    4.995888   5.2920566  4.876302
  4.1055436  5.039635   3.8483036  4.3386693  4.506077   3.8871188
  5.1463785  5.31806    4.8447204  5.348303   6.4390917  5.901211
  4.174101   4.4119644  4.9442     4.5066113  4.6802487  5.669685
  6.1187587  3.6692827  4.734402   5.562068   6.2956843  5.4139876
  5.414519   5.2383285  4.659588   5.1302404 42.88199    5.9081187
  4.666346   4.90069    5.1382756  4.251498   3.5520394  3.709854
  3.889203   6.3159056  5.1303587  6.6159735  5.508013   5.733216
  4.4386125  5.494371   5.335872   5.8475995  4.6563087  4.5057273
  5.080334   4.100214   4.0193624  7.3484664  4.2109394  5.265938
  5.695634   4.6695266  3.0654132  4.5919743  4.8596854  5.218556
  5.0402884  4.3258576  5.118012   4.3797874  4.245728   5.289564
  2.997921   3.5748317  5.3385963  4.275591   6.1987734  4.6066136
  5.8870835  5.2796774  5.640926   3.5096006  5.6614046  5.9307785
  4.3239493  4.8060994  7.001696   5.1609063  3.9583402  4.765363
  5.2005324  4.273786   4.307232   7.531473   4.8573875  5.8419337
  4.1896663  7.2351027  5.767109   4.7474318  5.248769   5.0404997
  5.4525642  5.676189   3.65388    4.6349216  5.487721   3.8948224
  7.056532   5.171602   4.8340263  5.7536516  5.491812   4.2066483
  3.8537564  4.5253515  4.9182615  4.1035905  5.9609776  4.3308334
  4.2198772  4.325492   5.8868814  3.7542589  3.831762   4.119634
  4.83301    4.363514   3.7470658  4.864012   5.7434974  4.170088
  5.418534   5.041983   4.574393   4.4580545  5.610631   5.8905435
  5.1301455  4.8992753  4.376541   3.4716787  4.4515567  5.3733816
  5.295129   4.20777    7.3758407  4.711325   5.474758   7.0205975
  4.322879   5.338218   5.9725122  5.159369   5.092518   4.701197
  5.212763   4.431867   3.2296412  6.3654504  4.2852855  4.8335643
  7.107036   4.6349063  4.7397885  4.4006534  4.5452137  4.7093463
  4.074662   3.9623914  4.8537164  5.5039406  5.207009   5.4535203
  4.7481976  4.673536   3.7960496  4.8273196  6.3777885  4.549376
  4.412485   6.1099367  4.4251666  3.8084786  5.3174834  4.6653485
  4.719839   4.4758153  4.2310224  4.7143173  4.0791607  5.416716
  4.502921   5.3132806  4.6523647  7.377888   5.42078    5.0820193]",0.3792553191489362,0.3433615227540334
9,20,940,"[[ 0.52790076  0.18617123  0.54230434 ...  0.4183712  -0.2034843
  -0.03145773]
 [ 0.4222403   1.3165884   0.32193646 ...  0.5209817   0.6709394
  -0.01235957]
 [ 0.48298806 -0.48106283  0.62551856 ...  0.20646496 -0.10953586
  -0.32606602]
 ...
 [ 0.01501677  0.25166726 -0.08564924 ...  0.19327678  0.75451183
  -0.19230136]
 [ 0.46876538 -0.06679895 -0.74219394 ...  0.882009    0.11847267
   0.38768703]
 [ 0.2661855  -0.10617642 -0.3275536  ...  0.43459782 -0.2549437
   0.1571493 ]]","[ 5.03184    4.8351808  3.5079134  3.632342   4.7026305  3.852344
  3.6519895  7.1684313  5.0968375  4.7881517  3.485129   4.3294454
  4.4222527  4.313419   3.6624367  4.15987    4.3379264  3.5895014
  4.545887   3.4361575  3.0881479  3.118567   4.6759787  3.9381502
  4.0100737  4.2294993  4.96219    4.461396   3.6882935  4.4529004
  4.0115457  4.3832526  5.341227   3.386204   5.0045094  3.1862001
  3.4924498  3.6761003  4.425255   4.0113664  4.762293   4.6571665
  3.3985739  3.812672   3.6327777  3.799877   4.8623323  4.051562
  5.2661486  5.14633    4.0305953  3.5989316  5.088747   3.3645513
  3.9235268  4.5120444  4.1565437  6.1931434  3.3861928  4.093323
  3.7481954  3.417775   4.2437987  3.9017947  4.946594   3.7136683
  3.684503   4.0935283  4.0188293  4.0096674  3.485854   4.0985966
  3.3913414  3.4637613  4.610934   3.468794   3.8616688  3.7320395
  4.034334   4.3735766  3.892082   4.8140354  4.339027   3.6906505
  4.9161615  3.670347   4.3303146  4.1007557  4.550264   3.6930835
  3.0890627  3.4975383  3.6531773  4.6943583  3.8810432  5.5063334
  4.415895   4.322088   4.537735   4.2761865  4.3437366  4.1911917
  5.4059405  3.008332   4.4172     4.99527    4.507947   4.0844007
  3.1392324  4.0210857  3.042193   3.6535378  4.586204   4.6800566
  4.7937183  3.4360797  5.0135818  4.649123   3.334867   5.3529496
  3.162751   4.897646   2.801898   3.4328432  4.7300553  4.07961
  3.4377036  4.7378197  4.0739574  3.4747336  4.656816   4.499954
  4.362636   3.6810617  4.859136   4.0659423  4.2653227  4.7969604
  5.2919707  3.8083045  3.4561996  3.4307039  3.1631958  4.5914254
  3.5393307  4.6561756  2.9385011  4.503893   4.3033757  4.666358
  4.875021   3.6366272  4.878141   4.613899   3.2996542  3.0069566
  2.9959686  5.376363   3.5806317  5.5349116  4.711983   4.8405895
  5.6329274  4.759153   3.1136668  4.132682   3.6939263  4.656795
  4.3453965  3.4788754  4.5959983  3.3560798  4.4678807  5.5352287
  4.8026586  3.4931674  4.0283265  4.30059    4.515626   5.239405
  3.5577383  3.3638554  3.5027125  4.0371823  3.034652   3.8489826
  3.2443397  5.5142794  4.001829   3.6937146  3.6810112  4.135408
  3.3943799  4.5090294  3.0755293  3.2323828  5.6146226  4.6729813
  3.40535    4.89725    3.9978986  4.2815814  5.0705566  4.6666
  3.0753977  4.693051   4.1094127  3.66684    3.9783778  4.4942226
  3.7664783  4.614052   4.527962   3.709163   3.5798335  4.0247808
  3.198937   3.9421868  3.441054   4.1768656  4.277446   4.568355
  4.3680735  3.6624348  4.319037   4.7488236  4.43506    5.8575315
  5.784841   3.9274778  5.259221   4.5015407  4.123494   4.166065
  4.1359587  3.735411   4.754841   2.6663232  4.3240933  3.5196826
  4.2553787  3.8269553  4.021411   3.6104608  4.0445504  4.0024285
  3.8126035  3.5732236  3.948137   3.3031101  4.6298375  3.6638503
  4.7278028  4.08393    4.144627   6.8819447  4.2376423  3.4401212
  2.992194   4.9831557  4.305099   3.5030088  3.8997455  4.510813
  3.8963506  3.309887   4.602691   3.520056   4.015781   4.0238285
  4.8271413  4.916705   2.9546416  4.049343   3.972182   3.8024597
  3.9078739  3.4050055  4.7567577  4.4267397  4.4607744  4.59236
  3.2310233  3.518174   5.33487    3.731666   4.426253   3.88955
  3.2144978  3.6962345  3.6896095  3.6767936  4.9540124  3.1492844
  4.9711556  5.0083094  3.6258724  3.2380846  3.4489224  3.7253287
  3.1677647  4.0739465  4.344206   4.0190883  3.556423   4.312417
  3.453402   3.6153255  4.0778093  4.21931    5.7285604  3.3638198
  3.8610182  4.9781914  4.5255747  3.25032    3.276363   4.304405
  3.9441903  4.241417   4.169207   4.641423   4.2790585  3.5128853
  4.096727   4.4287095  3.9359624  4.4300523  4.5459714  4.207899
  3.7912927  4.355354   3.8212698  5.1450167  4.591603   4.4471097
  5.7118998  3.841301   4.0138097  3.4018583  3.2858927  6.1704974
  4.434209   4.5075116  5.035673   4.1217885  3.7088158  4.4145713
  3.398071   4.682823   3.7756083  5.267292   3.3612967  3.9094524
  5.089524   4.1529837  3.8486357  3.8143506  5.6247973  4.0385885
  3.9842522  6.0429635  5.0483804  3.608653   5.0088496  3.9695113
  3.5720634  5.426052   3.807312   3.8250184  5.181101   4.5465655
  4.2039266  3.715862   3.1506186  3.8327022  3.5780585  4.294502
  3.9716616  5.6663013  4.0454674  3.2260303  3.201076   3.760375
  4.2510457  4.2479153  6.3476424  4.858307   4.015711   4.251715
  5.1036015  3.7892969  4.090938   4.365631   3.3115656  4.093333
  3.3105247  6.2428784  3.9209862  3.3604128  5.0218515  4.5195694
  3.8606768  4.17027    4.0027733  4.833153   3.6261775  4.6521397
  4.452765   3.92934    4.8163333  4.3826942  4.2011685  4.2303505
  6.041158   4.1986933  4.118944   4.480069   2.5458205  3.8965762
  3.0925555  4.393447   3.6720915  3.696418   5.1089435  5.233912
  3.5651555  4.5495524  4.083157   5.1979914  4.174661   3.8499432
  2.865057   3.1196938  3.7608628  4.6968527  3.8402817  4.15824
  4.7998366  4.0062594  3.9857829  4.8216963  4.273255   4.3686476
  3.833265   4.082252   4.966975   4.4256783  4.4598517  4.332845
  3.512356   3.192315   4.7042637  4.2427096  4.486172   5.10141
  4.8647523  4.7261863  4.319867   4.297014   3.8024867  4.0828857
  4.760378   4.3087945  3.1230607  3.661134   4.9084544  3.940319
  3.4220695  3.9691403  4.332229   2.763919   3.220678   4.181545
  4.218188   4.1325827  4.0493674  3.578696   4.1882596  3.687956
  4.9743857  4.147673   3.6587172  4.502245   3.296624   3.2695582
  3.4267576  3.5829396  2.8100438  3.9998133  5.0818343  4.5278
  4.7832503  3.8574727  4.088615   4.4958935  4.2414045  3.851398
  3.974088   4.7342176  4.4988017  4.9169946  4.0660605  4.5756526
  4.7455506  3.2581358  5.0583916  4.6685963  3.7213488  4.352254
  4.2025313  5.580708   3.2504032  4.487706   5.3958507  4.2910514
  4.2016954  3.325036   4.12013    4.4401464  4.9630413  3.9658294
  3.6594136  4.484574   3.8677733  4.138609   3.836545   4.8133507
  5.5483932  4.125884   4.9440427  4.665851   3.9402964  4.693038
  3.9589412  3.7230482  3.266682   4.7484145  4.660312   3.7713692
  4.7653646  3.525399   4.7494745  4.4214873  3.3467472  3.6843264
  4.9484754  3.7969759  4.794183   3.8989763  3.2681878  3.8549163
  3.7567754  4.4398894  3.2025037  4.02769    4.5061054  3.1638446
  3.1950097  4.28625    5.0280743  3.8202026  4.8049507  4.182706
  4.0371094  3.7700882  4.697242   4.3935504  4.25828    4.416928
  3.957606   3.060557   3.3226025  3.5743394  5.2571254  4.2702303
  4.1308446  4.9393425  3.599842   3.1104138  4.1489854  3.8456087
  3.667602   4.27871    3.686204   4.4939194  4.3582053  3.949116
  4.544392   3.4655952  4.3363214  4.380466   4.2614136  4.202505
  5.869637   4.446208   4.342422   4.764216   3.5993683  4.5650873
  4.4127135  4.6670504  3.442596   3.7690537 32.121193   4.201697
  4.047643   4.9194345  4.1106367  4.3178425  3.3010097  3.1961148
  3.9659853  5.074901   3.898216   4.73754    5.1192346  4.631815
  4.045341   4.896824   4.988351   5.358383   3.9298048  3.745662
  4.708566   4.5725183  3.440712   5.0671268  3.4166903  3.4160316
  4.140146   4.468592   3.071746   4.8724875  3.9799812  4.943101
  4.6217337  3.3672807  3.9515326  3.5704613  4.190493   3.483423
  3.1300898  3.7394938  4.292398   4.549894   4.755756   3.5047433
  3.7077568  4.4684258  3.6804223  3.5076084  4.6527867  4.178234
  3.1018596  3.0833037  5.6580534  4.472127   3.5884786  4.3728147
  4.335231   4.299224   3.6273668  5.4917536  4.21136    4.4906807
  3.1999245  5.1870723  4.467067   3.7781968  3.971482   3.5950036
  5.256422   3.8611262  4.119437   3.692557   4.3168373  3.7392213
  5.7499995  4.5382752  3.7679396  3.913571   4.364786   3.8296738
  3.579454   3.4676652  3.8534737  3.0236366  4.592526   3.5035949
  3.536703   3.7981594  4.0855913  4.2372003  3.5128615  3.9604907
  4.8591022  4.2041345  4.146036   4.8366003  4.0371704  3.6590323
  3.7389882  3.8405955  5.1654873  3.6694207  4.843009   3.9728863
  4.487666   5.3299494  3.6841624  3.1548197  4.5080066  5.1131883
  3.3335104  3.6982636  6.1735945  4.5031037  4.2720633  5.1453223
  3.1276848  4.438218   3.9270506  4.7365484  3.9239306  4.466429
  4.116098   3.8399098  3.0203853  5.5376453  3.6968946  4.000178
  5.596514   3.5816112  3.4920187  3.6478784  4.314144   3.6252644
  3.908495   3.4695513  3.5006297  4.866282   4.111681   4.2077093
  3.6631541  3.7514095  3.7912421  3.627795   4.735459   3.6360712
  3.1856713  4.381363   3.864137   3.469316   3.9083102  3.445473
  4.0842175  4.6505733  4.324473   4.4569473  3.696973   5.000455
  3.8989222  4.6050653  4.1420207  6.571078   4.3604217  4.4052424]",0.49414893617021277,0.39121243357658386
10,20,940,"[[ 0.62575924 -0.11614811  0.23403147 ...  0.18044722 -0.2832143
   0.00403467]
 [-0.07097279  0.7163292  -0.21009427 ...  0.6300994  -0.07730746
  -0.19671927]
 [-0.04667404  0.10780149  0.14255245 ...  0.11930601 -0.24563643
   0.20948684]
 ...
 [-0.01095341  0.0424129  -0.08076509 ...  0.27635413  0.24653353
  -0.14563072]
 [ 0.09057433 -0.2184886  -0.3310154  ... -0.01061145  1.1685494
  -0.34909973]
 [-0.09796153 -0.02674716 -0.06493898 ... -0.00125973  0.31149778
   0.20662357]]","[ 4.713565   4.3834157  3.5440364  4.1031065  3.455904   3.3084214
  3.3884897  4.090088   3.8747036  4.4409156  2.9984307  3.471151
  3.6130476  4.049542   3.4752686  3.7597065  3.553883   4.1571345
  3.5164442  3.2024672  2.910111   3.2832792  4.415275   3.7398155
  3.4898577  3.959748   3.539693   3.0099003  3.764966   4.658856
  3.8554986  3.8363376  4.3115473  3.5991392  4.082048   3.1234722
  3.1422307  3.5484345  4.153714   3.2828205  4.629672   4.7315936
  3.45138    3.6592162  3.7544494  4.218419   4.1659102  4.0537496
  4.0045495  5.225573   5.1407595  3.0430367  4.074507   4.2130313
  3.0662472  4.2699356  3.6684885  4.7937403  3.7433698  3.4082084
  4.6310816  3.5670469  4.257538   3.4196553  4.56836    3.9375114
  4.1464524  3.9562893  3.4380398  4.162627   3.691292   3.8723192
  3.8465483  3.0761552  3.9911592  3.0851016  3.60029    3.5042968
  3.8333633  3.6992595  3.621478   3.4429827  3.6479     3.7767925
  4.130629   3.5289998  4.0105376  4.1733603  3.8681252  2.8376296
  2.6671982  4.088671   3.699926   3.8047082  3.6380007  4.6299696
  4.096301   3.6842828  4.0008497  4.415892   4.9593143  3.6443539
  4.0143704  3.3703942  4.5234632  3.862669   5.0552     3.2621787
  2.9005725  3.804323   3.1623125  3.5407386  3.4856243  3.741883
  3.529078   3.3334446  5.0816317  4.808109   2.575432   5.0997276
  3.5584688  3.7700415  3.119611   3.311823   4.3224525  3.2888691
  2.8196096  4.4498105  4.113156   3.6937947  4.8324766  4.2206025
  3.2839677  3.8497655  4.0910873  3.927466   4.124915   4.0170655
  4.638763   3.5509565  2.6537182  3.7555535  3.4902813  4.860753
  3.700398   3.8050544  3.3520863  3.8764942  3.6699684  3.891244
  3.2981067  3.1325903  4.195853   3.0771737  2.4233527  3.2319973
  3.5827081  4.04242    4.014451   5.255388   4.6985197  3.8342113
  5.4493504  4.681694   3.3751113  3.4067457  2.9887712  4.6450996
  3.9111688  3.1327074  3.706665   2.9828935  3.4969363  4.7545023
  4.927517   3.55521    3.4737256  3.727578   4.0444603  4.408441
  3.2737634  3.4282053  2.8968682  3.2814195  3.2430515  4.0152936
  3.7201436  5.347319   4.583916   3.4998605  3.2987053  4.006038
  3.0259376  4.713968   3.1402156  3.0367     4.420239   3.51953
  2.8280213  4.188896   4.1595635  4.0135846  4.619836   4.0564995
  3.2323537  3.6841218  3.3763275  3.2740686  3.5511138  3.8707218
  3.249574   3.6564853  3.6762972  2.8806071  3.3476412  3.4935892
  3.0685258  3.3917847  4.0087137  3.8644576  3.5411677  3.424298
  4.308743   4.6061716  4.172488   5.0319667  3.6401083  4.1383376
  3.8190665  3.283326   4.06788    4.106864   4.4389873  3.3759987
  3.3344853  3.770116   3.1502588  2.894885   3.7519622  4.6662593
  3.9176767  2.9193308  3.600488   3.2453063  4.13664    3.8734012
  3.8214083  3.41963    3.392539   3.0255086  3.8879073  3.5686483
  3.4188836  3.6439402  3.6217754  7.6169553  3.1633024  3.8632655
  3.3605506  4.2098813  3.3424056  2.9995127  4.4795947  3.934936
  3.6349523  3.654842   3.5498242  3.066833   3.0659473  3.6060715
  3.7385972  4.187445   3.174981   4.045218   3.9867055  3.673086
  3.6037927  3.486061   4.1736155  3.7799032  4.2395515  4.907858
  3.116909   3.3131092  5.2599263  3.8057342  3.9046113  3.377003
  2.3142416  3.642208   3.506532   3.6950965  3.7429874  3.7191753
  3.3970308  4.695127   3.2959976  3.1348636  3.3059525  3.8665555
  2.691246   4.0455546  3.9980211  3.0595946  2.6895812  3.3804646
  3.563632   3.0270183  2.9493604  3.9199848  6.072646   3.2737818
  4.441743   3.9144452  4.6848173  2.7106984  3.429887   4.432389
  4.4401207  2.7313962  3.432159   4.8427734  3.4467993  3.258978
  3.522282   3.3819268  4.068168   3.717338   3.8238192  4.2148676
  4.640282   4.1111994  4.1674924  4.2861204  4.199735   4.1453032
  5.1117964  3.7137353  3.6725407  2.4305606  3.4514968  7.186691
  3.8901417  3.3331506  5.1065526  4.212998   4.0610547  4.198205
  2.959902   4.0773325  4.2457166  4.0890365  3.3900142  3.0097694
  5.35671    4.0006175  3.7781024  3.3255563  5.4862175  4.3254356
  3.7297463  4.613038   3.7852519  3.7732363  4.5143027  4.011591
  3.0981305  5.2745976  3.3227417  3.6029534  4.063265   4.310519
  3.9130342  3.6232443  2.993206   3.6627839  2.7590797  4.420667
  3.8984623  5.2533865  3.558269   2.645288   4.063256   3.8234332
  4.0151577  3.9483438  5.317257   4.6720333  4.094374   4.502351
  4.4491386  4.299861   3.7932425  4.7740607  3.54533    3.670896
  2.9306445  5.321076   3.3334754  3.7988222  4.0245466  4.232345
  3.751813   3.9903865  3.5305007  3.5143387  3.552493   3.5193892
  3.9773004  3.5921388  3.2261891  3.889132   3.224926   3.6166668
  4.8734903  3.6832433  3.0594614  4.754897   2.722509   4.132468
  2.8598602  4.551176   3.3789942  4.414786   3.99183    4.730904
  3.0758758  3.9008627  4.737203   4.1374903  4.0795937  3.3497565
  3.4475229  2.8703723  3.629513   3.6994433  3.2763548  4.1801076
  4.297755   3.0866418  3.9705894  3.4155889  3.5753326  3.719075
  3.2320604  3.037368   4.816178   4.2961707  3.4419332  3.4026961
  3.4159253  2.9900331  3.9623203  4.2779875  3.846638   3.7945828
  5.0847783  4.662919   3.7977617  3.9520156  4.5385075  3.3773677
  4.5505958  4.1491437  3.4945421  3.8985956  4.1781106  3.6389163
  3.6460075  4.0140495  3.8555906  2.5532358  2.9433205  4.0130477
  3.541259   3.2795753  3.8081536  3.8303165  3.6768396  3.9557815
  4.256097   2.8185332  3.6485167  3.5879264  2.696795   3.3435411
  3.3672833  4.1289506  3.0680566  3.7783098  5.0849957  4.4813623
  4.255135   3.1589937  3.930017   3.3392284  3.7999854  4.9380865
  4.1030393  5.12969    3.2115755  5.0805106  3.4702873  4.2897234
  3.6544096  3.2131     5.214141   4.9033957  3.3112533  3.6135867
  3.329929   4.958571   3.233038   3.0517542  4.581468   4.724366
  3.2850802  3.0430994  3.5882242  3.9459975  4.5733013  3.5931969
  3.3131955  4.411719   3.4504178  3.5145211  3.4041455  3.91715
  4.6960244  3.5016286  4.3841276  3.9363177  4.359916   4.3044605
  3.32119    4.0014567  3.6717134  4.7124796  4.5990686  3.9930313
  3.667417   3.3405368  4.3755364  4.148114   4.540244   3.991759
  4.0788407  3.1877487  4.615906   2.8226588  3.2328718  4.2506046
  4.446452   3.9314904  3.3273282  3.539693   5.3474717  3.5418522
  3.1425836  3.61928    3.919563   3.2526174  3.8363483  3.64878
  3.6337445  3.002028   2.9896321  3.6932256  3.9610884  3.9571328
  3.7992847  2.7483923  3.3432245  3.4704177  4.5790424  3.5023286
  3.5922515  5.049514   2.7514253  3.138821   3.342553   3.1584187
  3.377327   3.6651783  3.668355   3.7358625  4.1633205  3.5601847
  3.254617   3.3635063  3.4275382  3.9096613  4.298293   5.2606153
  4.879878   3.9820385  3.1368012  5.22748    4.619379   3.8234322
  4.5934906  4.425202   3.5923681  3.4467583 32.52999    3.1121204
  3.9067812  4.6138496  3.650903   3.8307493  3.7040796  2.607948
  4.047619   5.041078   3.4301162  3.809253   4.6416073  4.5709343
  3.9902167  4.8664417  3.97111    4.495345   3.9086847  3.6536098
  3.6431623  4.611439   4.1570406  5.8543825  3.254323   3.835194
  4.7888484  3.8121655  3.0824423  3.825577   3.3746166  3.631746
  4.0816855  2.551781   2.8968465  3.25715    3.501959   3.124709
  2.375593   3.6378403  4.673605   3.5671113  4.3082285  3.3658054
  3.8530605  3.4306605  4.3295836  3.1660578  3.473943   4.244185
  3.4983106  3.6941884  5.046029   6.3143563  3.1613784  4.505035
  4.648662   2.5129514  3.9666405  5.0357485  4.1284833  5.2688556
  3.808054   4.9085383  4.3890295  3.3448527  4.948612   3.668877
  4.7491117  3.988808   3.288377   3.5864255  4.274734   3.7985556
  4.7197204  3.944766   2.922183   3.6805894  4.2275815  3.4025562
  4.0590897  3.5238538  3.6086402  4.0038223  3.8974488  3.9260836
  3.2926128  3.2697861  3.6348498  3.9459462  3.5576513  2.9760695
  4.8979955  3.7257779  3.646276   4.605057   4.2840858  2.983876
  3.9056268  3.1119077  3.8321013  4.182154   4.7131824  4.877888
  3.023742   3.7208006  3.510353   3.6329992  3.375096   3.7861962
  3.1351237  3.6516008  6.409828   3.1707416  4.793768   4.291471
  3.6678424  3.6775222  4.1777973  3.642807   4.9229856  3.504478
  4.2055902  4.0163865  3.1695955  5.328466   3.274864   3.6880772
  4.12978    3.6118782  3.0030563  3.8001251  3.232169   3.658012
  3.4226146  3.0202131  3.065778   3.3950489  3.4415112  3.7095811
  3.3464804  2.5968902  3.3972883  3.7568316  4.1004686  3.1169283
  3.419131   4.6882167  3.3277297  3.5041876  4.6385126  3.670982
  3.7170267  4.1810174  3.9456997  3.5406737  2.8602066  4.8384924
  3.1123967  4.7688217  3.164379   6.1046996  4.0017924  4.2684846]",0.527127659574468,0.4281445582707723
11,20,940,"[[ 0.66893756 -0.03904161  0.09374125 ... -0.08118986 -0.1547732
  -0.09817051]
 [-0.00381661  0.38620222 -0.18830064 ... -0.09288464 -0.05886041
  -0.26489308]
 [-0.3304492   0.24116865  0.8148615  ...  0.34466675 -0.04426482
   0.28375515]
 ...
 [-0.08222537  0.15126736 -0.15004306 ...  0.8993097  -0.08052678
   0.1496556 ]
 [-0.06582409  0.22980592  0.08848613 ...  0.3395942   0.7190388
   0.3029553 ]
 [-0.3446616  -0.01617964 -0.20838381 ... -0.13826752 -0.41716784
   0.21355945]]","[ 4.0710354  3.406567   3.1870303  3.2412057  3.22962    2.9464514
  2.5893242  4.1177077  3.1417565  3.882279   2.7039838  3.4159646
  3.093381   3.4039586  2.5157878  2.9961848  3.6052723  3.5015795
  2.8591695  2.6786566  2.9050407  3.0766375  5.1626477  3.4114327
  3.2024884  3.0224488  3.9278288  2.9179602  2.8716693  3.3665504
  4.3608985  3.9149015  3.6397552  2.8534937  3.212705   2.69808
  2.6599703  2.7123165  3.0801032  3.2038856  3.661551   2.7512178
  3.14709    3.2273653  3.0419805  3.3322957  3.9704921  3.4577227
  4.169406   4.0403166  4.27031    2.594762   3.6506069  3.6539137
  2.5882118  3.713503   3.1386077  4.1706347  3.0555727  3.2147222
  3.5900588  3.000033   2.9691448  3.2813087  2.736835   3.526802
  3.3868754  3.4076636  3.0212152  2.5668824  3.536791   2.985833
  3.3223846  2.8399715  3.8640268  2.4691708  3.7906494  3.1468306
  2.9054372  3.3860455  2.8572247  2.9653544  3.4560418  2.6553698
  3.7645924  2.150543   3.6221943  2.990714   3.414742   2.9524598
  3.0197444  3.2431083  2.3921998  3.8214521  3.4391122  3.8612077
  3.246245   3.333812   2.937287   2.9999845  3.920107   3.7955012
  3.2600248  3.8742652  3.1512234  3.4058204  3.7973979  3.756171
  2.6956196  3.2227056  2.8639445  3.6851556  2.7848225  3.18814
  2.9640045  2.814962   4.2955823  3.8125534  2.4645295  4.1347017
  2.839504   3.3714483  2.747386   2.937158   3.628401   2.5293279
  2.4009905  3.5268514  4.6413713  2.6994312  3.7180004  4.1202154
  2.7219102  4.023033   3.596182   3.205045   3.1487324  3.2342293
  3.781828   3.012471   2.7029905  2.9249449  3.2415025  3.39642
  2.774995   3.4599285  2.7606702  2.931023   3.2330277  3.3438222
  2.8409228  2.616723   4.0497055  2.7810912  2.360669   2.689336
  3.724496   4.257426   3.12293    4.5708995  3.7555754  3.273847
  3.7331362  4.6244426  2.6847734  3.0406122  2.9272084  4.747927
  3.3901513  2.423414   2.8349845  2.9060037  2.6117895  4.63205
  3.7866201  3.4699337  3.172913   2.7921999  3.8019176  5.528325
  2.6431408  2.9790282  2.9677453  3.074643   2.7032492  3.58212
  3.4625616  4.4541807  4.487173   3.1024325  3.115869   3.864719
  2.0670247  3.5277665  2.377206   2.59008    4.130174   3.3868475
  2.281023   3.873642   3.0583174  3.5330877  2.9525287  3.3159485
  2.7319329  2.7751517  2.6828027  2.9933534  2.7985895  2.9127324
  2.8906524  2.956311   2.9570177  2.869495   2.5008023  2.9037316
  2.6921744  3.3205636  3.8674135  3.0249395  3.2650414  2.4766386
  4.351489   3.0190845  3.7429988  3.5184722  3.741459   4.9900413
  3.379934   3.2002642  3.7980137  3.1274374  3.480501   3.3830922
  2.6249673  2.6161284  2.9884233  2.9697967  2.960029   3.174417
  3.1571665  2.7884052  2.95907    3.5601542  3.6073847  3.3059442
  3.1651945  2.5259135  2.9834433  3.3592858  2.7291336  2.9590425
  3.084409   3.665688   2.920801   7.694368   2.229843   2.7680118
  2.82581    3.7103803  2.9536605  2.7350795  3.576958   3.7269313
  3.624409   3.4729786  3.4187436  2.544956   2.8669796  3.3908412
  4.244182   4.3314395  3.0353076  3.0090234  2.9624798  3.4652214
  2.876954   2.7071018  3.9152215  3.2304373  2.7378743  3.6317298
  2.34143    3.2965941  5.2302127  3.7664695  3.0058749  3.196419
  2.8190348  2.998455   3.209883   3.6641293  3.3169692  3.2407055
  3.2362561  3.796796   3.096806   2.9762926  3.1193404  3.2753737
  2.3203106  3.4646468  3.922965   2.5701802  2.4986577  3.2302728
  2.9792144  2.6359231  3.77454    3.1604269  4.1709533  2.8584564
  4.007322   3.8719542  3.8243597  3.0575664  2.8689082  3.713802
  4.4581122  2.5649335  3.1268911  3.8962185  2.6619914  3.2100086
  3.4541495  2.48412    3.0158482  3.2531447  3.51038    4.090079
  3.8482606  3.100552   3.289542   4.3693924  3.256472   3.3042767
  5.6274576  2.883052   2.7665877  2.7293844  2.788546   6.914842
  2.9448817  3.754204   5.065652   3.726388   2.66199    3.2834337
  3.360466   3.0422575  3.9800823  3.7948964  2.5667853  2.7459087
  4.830302   3.3553188  2.7214587  2.8733952  4.686041   3.727088
  2.986151   4.1658645  2.9373147  3.0980756  3.359587   3.0671303
  3.3647697  4.2213387  2.6742425  3.1265526  3.946759   2.6822388
  2.8089752  4.259112   2.475119   2.8218827  2.4692867  4.2573113
  3.4650598  3.6518917  2.901251   2.938277   2.9111075  2.6364274
  2.8739862  4.3813457  4.3833957  3.8526053  3.5404072  3.371551
  3.1691263  3.3332412  3.0766642  3.774722   2.663944   2.7740054
  2.870571   3.7991364  2.504021   2.8669825  2.6110547  3.521631
  3.353916   3.380109   3.0593166  2.8691258  3.0871487  3.2914276
  2.7464235  2.7680707  3.8649092  2.7192261  2.9107258  3.4141932
  4.7804933  3.232175   2.8543093  4.1113396  2.3256817  3.430625
  2.8594112  3.8461509  3.3084826  4.5219355  3.0503235  3.7226236
  2.6393783  3.5328062  4.247252   3.327708   4.229631   2.8111093
  2.8974404  2.4988697  3.061524   3.8283246  3.1045053  3.3274574
  3.9618032  2.8688636  4.0428796  3.6391566  3.4732096  3.2511234
  2.7819462  2.7719333  3.2126808  3.3848937  3.8398209  2.8593752
  2.1906679  2.8996234  3.8410718  3.3142421  2.968459   4.1749163
  3.4757297  3.880216   4.001436   3.142504   3.6667433  2.9829786
  3.7630174  3.6062608  3.1282396  2.658061   3.3523452  3.3864737
  2.7648852  3.1333878  4.126811   2.2436867  2.3252304  2.4175832
  3.024968   3.8130226  2.9372323  3.2042465  2.790781   2.7508953
  3.811649   2.8011496  3.2314692  3.2929466  2.21954    3.4095075
  2.8071456  2.9653568  2.3494363  3.612543   3.359538   3.8507752
  4.262085   2.9831054  3.6322873  2.7516778  2.7713337  3.3601139
  3.25039    4.3036556  3.0629423  4.2414317  3.1879475  3.4891376
  2.801153   2.8148448  4.542177   3.8050385  2.8548894  2.4728012
  3.8260944  4.333353   3.4136002  3.2342463  3.1692638  3.7466419
  3.2506971  2.4215105  2.1730695  3.1788244  3.319619   2.8618073
  2.9463146  3.603232   2.9622211  2.81765    2.5761545  3.3575153
  3.4869967  2.8823845  2.8220077  3.2083743  3.5226383  3.6652033
  3.303308   2.7913244  3.1510346  3.7761893  3.611504   3.1657064
  3.5166876  3.0080616  3.3339353  3.6974611  3.6866412  2.7039788
  4.0465093  2.9812462  4.18657    2.7507398  3.3363247  3.4836338
  3.5229087  3.7474303  2.499647   3.1825294  3.9203076  2.7912972
  2.703434   3.63626    4.292801   2.704924   3.341047   2.7029376
  3.1214008  2.699349   3.4443054  3.6932378  3.2230694  3.2593625
  3.0888264  2.70033    3.026134   3.2889714  3.8366373  2.8645685
  3.2961977  4.6369486  2.5279608  2.8067558  3.1533997  2.0683517
  2.7158072  3.7454433  2.75807    3.2726295  4.1002607  3.468569
  3.373425   2.8149257  2.446113   3.6921322  3.0378637  3.5826967
  3.4133048  3.8009162  3.4142492  4.6160965  4.047051   3.5346808
  3.3670006  4.0671487  3.280313   3.116168  29.84281    2.9538138
  2.788652   4.278313   2.884641   2.9141328  2.7152188  2.3113506
  2.9862828  4.649986   3.950372   3.4584098  3.22884    3.5851862
  3.2880156  4.202291   2.7364967  3.9708908  3.941622   3.3415904
  3.6346965  4.0832767  3.9426303  4.5203505  3.3059115  3.191581
  4.155082   3.0571952  2.2545218  2.9461536  2.6292179  3.9340072
  2.8169923  2.3540597  3.309976   3.1224542  3.5051358  2.9871283
  2.9278564  2.5838866  3.6137056  2.8669353  4.4174585  2.4306424
  3.5821083  3.6477947  3.7977378  2.8408082  2.877349   2.927224
  2.423603   2.9255135  4.276863   4.5773535  2.689258   4.349087
  4.1778917  2.8174586  3.044316   4.5712333  4.3676076  3.76238
  3.6637971  4.154996   3.4361868  3.4802108  3.7271664  3.44857
  3.5432572  3.3913     2.7626579  3.187471   3.372987   3.2124875
  3.3127885  2.9319484  3.1119313  2.67954    3.5481186  2.8791945
  3.986463   3.3671114  2.7806149  2.9431596  3.4402792  3.6655693
  2.3879616  2.5988777  3.7530084  3.019227   3.5656989  3.0087566
  3.8423693  3.4160495  3.1023912  3.8184965  3.0211682  2.6482499
  2.7810209  2.6806698  3.4140546  2.797179   3.2310576  3.438041
  3.5364482  3.13354    3.1756866  2.8459857  4.324625   4.26563
  3.795515   2.7015352  4.7042503  3.524747   3.1017869  5.0416837
  3.701664   3.8407254  3.4118652  3.6628244  3.7916195  2.8927777
  3.3858888  2.7472925  2.7172692  4.581298   3.0989618  3.539802
  3.1598458  2.9901903  2.7494383  2.9595962  3.2433736  3.055095
  2.8469274  3.0305817  2.5380583  2.7643673  2.7825668  3.371849
  3.098542   2.5044272  2.8302982  3.2273848  3.3748357  2.8710563
  3.2588875  3.3369107  3.669204   2.7248113  3.5625565  3.2798338
  2.7209797  3.0762777  3.7628787  2.8939893  3.5373795  3.9590662
  3.0524652  3.5976064  3.0903025  3.6063852  2.6831772  3.0245187]",0.5824468085106383,0.4733172734578451
