,Images_Per_Label,Train_Data_Size,W,Residuals,Classification_Accuracy,CLS_Cosine_Similarity
0,31,1457,"[[ -4.595662     1.5799118   -4.1502695  ... -25.471687     4.516683
   16.446295  ]
 [-23.117031     7.315326   -12.054883   ... -21.985521     4.848749
   -2.3710566 ]
 [ -2.1934268   -0.49308068  21.00968    ...   6.3560953  -15.947286
   -2.3472996 ]
 ...
 [ -1.885676   -15.390437    20.414583   ...  11.971177    14.165918
  -37.62353   ]
 [ 27.31081    -12.187349    20.9742     ... -40.537148    -9.869236
    4.8574977 ]
 [ -8.825922   -20.98268     15.7988825  ...   6.076369    -8.437678
   16.679745  ]]","[ 35.176373  39.77788   34.376534  29.700348  29.326893  31.483854
  33.759087  44.67419   44.033775  37.03433   24.86185   40.187435
  31.806705  33.49917   32.70451   33.816242  41.828064  33.132187
  27.514935  26.612057  26.168068  29.297447  42.88406   29.911198
  36.675915  36.360527  38.02177   34.384594  32.71329   40.96657
  38.43659   31.905384  36.481174  31.164564  35.85857   28.953928
  33.277256  31.160307  36.33534   31.191212  37.66117   33.47626
  26.131615  33.52998   34.11572   35.699707  43.73994   34.764095
  49.43832   37.019485  35.192795  35.314037  39.744522  42.98132
  35.13336   32.438515  29.123766  56.755836  30.292446  30.830032
  40.845993  26.812147  38.35041   39.615215  27.003916  32.735435
  38.729237  28.506966  34.995018  39.588306  28.842258  37.0998
  25.70403   29.379543  37.33595   28.671072  27.88348   27.833132
  35.756702  43.393116  25.767145  44.38957   35.57434   35.08715
  36.526505  30.015867  32.910564  27.476078  30.30316   29.779142
  26.626732  34.366554  33.707138  46.787903  37.44259   45.029884
  40.403835  28.314821  38.85735   41.675983  38.08048   32.03006
  48.009132  33.55397   28.462383  36.645985  52.27712   41.388363
  34.447536  36.25147   30.084852  32.34524   42.528973  34.446373
  36.793743  27.885466  46.670166  46.715137  27.011839  49.543003
  26.472149  41.34284   28.99769   32.39215   45.03497   28.992254
  21.529394  43.183983  34.307533  32.321007  38.09134   34.900574
  37.214947  31.842093  40.001514  35.29809   28.868238  35.395695
  46.119843  36.289257  31.006094  29.273514  26.988714  42.987835
  29.918777  31.592564  25.376213  32.18501   34.57358   30.337263
  31.301756  26.988232  42.148117  31.958595  24.36399   34.44586
  34.43679   35.14125   35.810673  52.35988   34.545444  36.235073
  42.65818   38.67755   27.114075  37.199627  31.9935    45.27012
  37.2128    25.7936    34.876545  27.418837  30.597275  47.204002
  36.766     40.126797  35.479374  29.351877  38.80401   39.907772
  28.67032   25.427279  30.569302  31.740501  31.262768  41.42034
  37.038033  58.774544  49.760315  23.865393  32.28998   39.315434
  29.691036  40.471733  27.256094  25.190205  39.416462  40.026897
  27.364496  34.656532  35.46932   37.619453  40.599186  39.066814
  23.879597  31.318642  29.056383  30.331017  34.852905  35.061863
  26.281485  41.625183  42.51879   25.488152  39.801155  34.578503
  29.245796  30.901096  33.426655  37.116974  32.9959    32.984425
  50.569828  34.101902  47.193897  37.893078  33.07847   48.93888
  37.052773  36.14556   42.51578   33.69435   47.21153   33.420776
  35.358635  31.020752  32.110786  29.141142  36.58189   31.343897
  33.684822  28.835752  32.640026  31.614769  37.915127  40.818073
  38.805683  31.351738  33.217625  31.237318  26.542     29.137087
  36.923294  38.83075   36.09443   64.34439   25.812695  55.34306
  35.286526  36.508675  33.950645  26.540009  41.97254   37.207424
  34.806545  25.542418  35.44354   25.074615  28.162819  30.215763
  38.733112  45.914703  29.29446   48.59891   23.62101   36.37212
  31.411188  31.064384  36.135605  37.553085  43.930016  41.773834
  29.583235  32.629864  54.939445  33.061516  29.412003  27.90585
  30.570576  32.115166  42.29882   38.549767  35.875397  29.24257
  30.333752  42.976948  35.44097   29.2236    31.305225  32.717285
  30.48568   30.67484   35.04371   31.383848  28.386896  43.593204
  27.776968  29.139112  30.771843  31.514307  46.399094  30.284771
  39.368645  38.392303  55.37949   35.73076   34.055847  44.397312
  44.773182  31.77072   28.955568  38.236187  29.891985  32.93542
  28.83505   27.223795  39.05376   38.184254  36.694702  49.354084
  40.02695   36.60301   32.330704  40.165314  34.82366   41.815464
  84.04613   25.226025  36.74802   31.167652  31.84905   63.00879
  27.149876  38.035114  62.316162  33.00186   35.926594  32.540398
  32.06567   34.544426  35.616615  33.709614  31.957342  30.8739
  38.662357  43.89854   39.69487   28.11396   39.639553  38.531094
  32.039696  56.575798  34.101795  30.409979  36.01094   31.748476
  28.886436  49.91663   30.697065  28.612152  43.04626   39.173122
  39.673203  40.969334  25.26116   31.20896   29.761093  38.601475
  39.83386   44.15388   30.167425  25.386333  33.19455   29.955725
  30.111038  34.88808   49.537365  36.213703  33.751266  40.703644
  49.3176    37.818584  30.44231   44.02948   31.104794  31.435513
  25.344944  47.6828    25.027231  27.564676  37.547806  35.677757
  37.307457  35.68655   24.523756  42.25524   34.90542   42.492176
  35.305176  26.557186  41.50987   32.697422  28.360481  43.074596
  43.399483  32.747135  45.415417  59.903473  27.838114  32.59472
  28.957706  32.037567  35.390636  46.262527  33.347034  29.818333
  25.742584  41.704815  31.856972  42.0383    33.75753   33.25968
  30.197844  24.313705  24.666187  32.862698  26.09946   42.04162
  37.549343  32.026505  33.421787  32.75853   38.3694    36.06826
  27.220186  27.188028  34.675697  41.083565  33.79721   37.288292
  26.1764    25.160866  35.14884   36.97324   46.5954    34.790512
  35.716106  40.62589   30.65981   33.259758  37.525414  31.844774
  36.09972   32.64114   24.265385  30.485264  40.679314  29.573208
  32.852077  36.4387    39.785423  25.550552  23.377266  31.4947
  41.42242   32.863853  33.313248  31.46132   34.502563  37.11231
  51.16603   26.423656  28.24704   36.325695  30.87294   31.364054
  25.048481  32.592796  24.703741  42.539482  40.21155   48.53556
  43.027473  31.043877  33.446007  27.968071  36.021183  44.79037
  32.99195   32.56253   38.781525  52.94006   35.96955   45.3279
  36.864     32.50694   45.97677   43.869793  33.299908  29.85484
  30.390388  47.58526   36.01145   37.769085  39.18264   41.83029
  31.879457  28.798414  30.39662   35.73571   33.889618  39.132324
  30.176735  34.283455  33.810917  33.55551   33.599842  42.370655
  40.880077  34.034252  38.629623  42.248985  34.07522   37.737614
  31.365704  32.91185   27.613346  41.697853  33.7162    34.161655
  34.226345  29.636848  23.225117  41.27753   34.35162   29.50116
  34.408264  40.60174   45.4816    32.26403   30.834335  36.2232
  34.197903  40.87448   23.667152  37.731533  42.424     39.20634
  28.404305  30.309694  47.451763  36.04119   31.556444  31.422379
  34.075268  33.163586  31.28607   31.493412  31.116125  34.74621
  34.842026  28.896366  28.726742  28.541101  41.925224  34.103523
  36.218296  57.670113  33.54175   28.67017   39.222977  26.446852
  33.13949   39.092827  29.509539  34.64093   43.666355  41.969204
  36.994236  29.547096  30.87246   42.55988   39.232594  39.716164
  42.75468   41.536316  33.85498   54.55385   40.249702  31.60121
  39.804222  46.337917  28.816227  28.883017 255.44826   39.560215
  34.050568  52.097183  37.947693  33.17828   31.319845  24.012587
  27.672007  44.703392  31.118883  38.76145   51.524544  35.934193
  38.50388   42.547623  33.53422   38.380386  29.064674  36.967712
  71.29839   47.040276  32.094177  42.778877  30.656471  40.239788
  32.104603  34.355423  23.49205   44.848705  31.326092  35.13231
  37.866634  24.688398  26.732319  27.518696  32.756523  31.864578
  32.15979   33.135902  46.584637  34.434307  37.416756  34.70052
  31.217052  37.54822   46.976112  28.295702  35.933002  32.259716
  30.50594   35.472622  54.626602  41.685364  26.912535  43.376186
  50.453835  26.25624   31.31612   48.527912  36.79263   40.254025
  29.467426  41.276268  38.86631   29.436186  42.57278   37.783424
  37.200806  36.43074   27.313513  33.962795  37.505424  26.731514
  48.61964   29.503735  26.760265  30.191814  40.882893  25.935032
  32.60335   29.933437  37.307472  24.947098  34.393017  35.93921
  29.686829  24.802586  36.733784  30.466496  36.245453  21.981495
  43.074623  31.36304   26.649458  41.17172   31.03277   26.814089
  30.987656  31.25862   33.73438   29.052631  38.882595  47.957962
  31.66764   38.806534  31.664526  26.900526  44.827545  39.077904
  33.950558  30.45785   72.58613   33.400173  34.782593  48.350006
  32.380672  39.395714  35.72175   34.44521   45.02785   37.083004
  28.760916  39.144737  28.19946   53.084423  36.012604  33.15721
  41.408527  35.31515   27.299215  31.400629  36.85304   38.642532
  23.42368   29.91869   31.617239  32.873665  31.941221  32.976883
  32.95494   28.286587  23.555819  27.58354   34.766884  31.917309
  31.763382  47.202946  39.096138  30.898779  37.791813  36.51358
  28.8115    34.772507  32.101364  31.063227  32.3868    35.656822
  25.110975  33.63764   27.746456  47.189453  36.299107  29.977022]",0.08617021276595745,0.18219597538312277
1,31,1457,"[[-10.664398     9.412286    16.936628   ...  -5.971608    -1.1211778
  -18.88289   ]
 [ -8.605848     5.6382904  -13.71436    ...   3.356631    10.433391
   -1.1392094 ]
 [ -4.608593    -9.354781    -4.9342294  ...  12.994576    -8.790313
   13.019654  ]
 ...
 [ 11.974068    -9.577506    -3.3636496  ...  10.550205    -4.9306884
    0.60037065]
 [  8.478524    -6.464786    14.287893   ... -10.006836     8.354418
   -8.285868  ]
 [ -2.864904   -31.47553     18.311676   ...   2.0515976   10.335209
    1.4295926 ]]","[ 33.0218    35.05329   31.916113  28.668005  28.551922  29.978643
  33.047222  40.365974  40.484127  33.81143   23.626234  33.69083
  28.74224   29.440067  31.688894  33.134983  37.131638  29.78686
  26.733383  24.934206  23.330761  28.460049  38.90288   25.6852
  30.370518  34.87516   32.933395  31.742458  30.34544   37.314754
  35.943203  30.41203   33.88856   27.570543  33.095444  27.783718
  30.612257  28.505669  31.742662  29.831919  34.91965   28.850256
  22.903181  28.243713  30.611372  31.51944   41.025993  31.506418
  43.872482  35.191643  33.043793  33.955643  35.261333  40.7799
  30.044935  31.369104  27.879385  53.33926   27.125513  29.03525
  40.93073   24.656557  35.309273  33.886425  27.155413  31.576036
  36.716637  30.129747  31.768267  36.140236  27.391026  33.130165
  25.360222  28.747986  34.073765  25.223896  25.940548  26.903803
  33.717464  40.082912  25.34321   41.25932   30.923891  33.031788
  30.80231   27.18016   33.215206  29.096447  29.292078  26.749168
  25.136272  32.25435   30.041046  45.446426  36.59039   41.774242
  37.29636   25.433012  34.780212  33.08228   35.6582    29.071535
  42.113766  32.988865  26.675587  32.423985  47.3636    40.03111
  27.63858   29.405508  28.903519  29.142498  39.871918  34.01746
  34.94303   26.092264  46.06556   38.404995  25.78907   48.743965
  26.160604  37.817284  27.822088  28.711325  43.408485  28.471655
  21.596785  40.697292  30.467707  29.319466  35.21661   36.300724
  33.56275   31.500313  33.88296   33.939358  26.771914  33.966244
  42.57908   33.211742  26.309252  26.459538  25.46911   38.534397
  27.263779  29.173313  22.968895  28.855877  32.975826  30.521587
  28.508953  24.711208  37.77094   29.360188  23.869299  30.50882
  29.925724  30.52683   32.240086  49.567814  30.969822  32.14329
  39.53851   35.62841   26.578344  35.80382   30.92884   40.256107
  32.26544   22.942282  34.544903  24.434214  31.766901  40.98314
  36.018635  37.406025  31.348011  26.420706  35.2484    35.07863
  26.551506  25.65714   27.73155   29.932772  28.112328  35.52638
  31.430738  53.400818  45.09222   23.833418  33.01435   35.229935
  27.49483   35.752686  26.117338  22.628672  33.635303  34.23346
  25.103199  33.584045  33.495213  34.409897  35.998604  39.234615
  22.082422  29.762245  25.995178  31.668379  31.784042  34.289314
  23.024174  38.33376   38.45083   22.966251  36.743652  30.225729
  25.407003  29.012392  31.3976    32.661243  28.887688  28.367413
  43.37858   29.727509  40.63408   34.555504  32.697903  44.626904
  36.749756  32.39685   39.21037   32.42005   41.3103    31.71161
  30.20272   27.673729  30.33354   28.933374  31.698967  30.850483
  33.391674  27.48098   30.306423  32.038822  33.587143  38.57987
  35.316517  31.00109   31.29908   30.120916  25.267237  25.941977
  34.864666  37.86941   33.447754  52.697582  24.88959   41.205376
  30.328539  34.428394  31.918438  27.267088  37.379345  34.78563
  30.32633   22.197508  35.255535  23.311415  26.55032   29.61998
  37.266193  42.910664  28.12223   45.75753   24.76717   33.990437
  28.925674  26.729998  30.37692   34.20616   43.008617  38.773563
  26.876944  30.200882  52.023014  28.084589  27.731895  25.575047
  28.757395  31.45515   36.58467   33.71761   31.333675  29.061764
  29.111166  40.27839   33.874836  26.929127  27.152449  30.62334
  28.212542  29.121387  33.70933   29.799011  26.723387  39.64911
  26.32555   29.012932  30.190775  28.01067   40.5754    28.603823
  33.40266   33.996716  51.720543  32.626934  33.754765  36.686325
  40.327     30.708248  25.749523  38.661415  28.509134  30.03934
  27.009232  25.137608  35.3083    36.295223  34.3582    43.441067
  37.087692  35.55713   30.028807  36.825172  34.027035  37.45526
  67.95046   25.929558  32.764977  26.866327  29.876244  48.576313
  25.190111  33.59193   54.58727   30.605715  30.471851  31.939135
  30.614807  31.06541   33.476982  30.951433  29.767311  29.884981
  38.23234   41.528854  31.815193  28.039074  35.252327  37.68125
  29.48614   51.418224  31.503397  26.605417  32.459015  29.506618
  23.405834  44.75082   29.315218  28.205526  40.209694  35.235867
  38.951603  36.16873   24.373362  29.15784   28.681139  34.221657
  37.823265  37.98477   27.744514  24.816267  28.768276  27.165316
  28.778294  33.4046    46.15437   35.102425  32.237015  38.831577
  46.372665  31.721817  28.317194  37.571205  27.296186  28.944706
  23.056828  47.024662  23.967957  26.011961  33.00309   35.022316
  33.465843  34.287075  23.770578  38.821266  33.47144   42.364635
  32.958157  22.685417  38.55469   31.232944  24.480234  38.398663
  42.57331   31.675558  39.65376   45.851967  25.05694   29.635466
  26.264204  28.679728  31.556376  42.43317   32.318592  29.116991
  25.298803  37.1211    29.661396  40.87794   31.269264  29.831251
  29.239164  22.132965  23.640055  29.58781   25.122286  37.875694
  37.27665   27.013554  30.273745  32.661488  35.32771   33.287075
  27.517962  25.876083  33.929947  38.620052  31.601217  35.17689
  24.933842  22.103657  35.64582   30.366293  39.895634  37.786324
  34.98385   39.481564  29.670351  29.073208  38.507023  31.356955
  32.732708  31.412714  23.2564    29.964039  37.803646  26.084173
  29.281881  34.066193  37.66666   23.687302  20.759895  28.063263
  36.231026  30.19848   30.785757  26.22007   28.760324  35.781708
  43.717327  24.137892  26.890417  33.129013  28.581491  28.669395
  23.105337  28.07471   22.52905   40.11882   38.377506  44.253548
  37.28696   29.592476  29.854105  27.029425  30.572704  37.442627
  28.324364  31.08769   38.58256   46.168983  34.263107  43.24726
  33.23149   24.591413  45.670265  38.62714   29.991795  27.481047
  28.102049  44.910973  33.204185  34.21352   36.8953    36.317696
  31.413803  25.064543  28.983019  31.981335  32.28257   36.39665
  28.61887   32.141743  32.4433    31.624573  32.50202   39.667423
  37.348606  30.699291  34.23828   35.693867  32.205387  35.379295
  28.609837  30.078163  26.577757  40.44185   31.810165  29.96529
  33.178043  25.764544  23.229229  37.779858  32.905685  25.22617
  33.147038  34.54348   41.199112  31.274832  29.466887  34.191887
  32.698868  43.329647  23.104252  34.420868  39.228367  33.70497
  26.188847  27.357473  42.797813  32.678143  31.98145   28.960243
  28.762877  29.108383  30.489841  28.456228  27.589321  32.030853
  30.585636  26.551746  27.64257   28.212366  38.11062   32.84372
  36.32538   48.21961   30.308867  27.304766  34.274586  24.29012
  31.645103  38.15438   27.649395  30.379677  38.82665   36.15424
  34.102787  27.67548   28.439276  37.87445   34.741714  36.715775
  41.343662  35.553154  31.740936  47.156364  37.005436  32.8917
  34.868748  45.619633  26.27226   27.109776 234.83035   38.87732
  31.085863  47.206554  35.12615   29.690454  27.074413  22.374735
  23.480284  43.64467   27.107111  37.28268   50.0143    34.62972
  34.7687    40.972492  33.1996    37.066437  29.25511   33.82636
  61.687347  40.11006   30.629951  37.791283  27.146593  38.590183
  31.516329  30.859148  22.025337  39.01133   28.965313  32.141155
  35.190735  22.922934  25.762503  25.904575  32.29262   30.489475
  27.880255  33.399544  44.21921   33.830006  30.370615  33.540787
  29.703726  34.75596   35.64171   26.01626   35.852844  32.35285
  27.4086    33.220737  48.838707  39.601402  25.690205  37.545334
  46.996655  24.567709  29.751043  38.660088  34.12022   38.55953
  27.443384  38.500587  36.40494   27.262226  41.69869   35.953136
  33.486828  33.842274  24.938503  29.935091  34.107048  25.260561
  44.029343  26.64214   25.38068   28.785019  37.57666   23.486649
  28.338686  28.267868  34.252254  25.197815  33.857     33.826496
  26.95615   22.6712    35.20964   28.455275  32.408386  20.918135
  43.132748  31.262207  26.325684  38.029964  28.68344   25.791285
  30.849611  29.209211  31.944637  27.975258  36.716587  40.461952
  30.705414  33.65517   31.270699  26.959211  37.782597  36.135048
  30.061241  29.562532  60.90114   29.55503   34.326714  36.098804
  31.441109  37.11813   31.71757   33.76847   39.764545  31.65569
  26.457842  36.876     23.077314  45.08314   32.003475  31.87894
  37.1273    31.228966  25.077684  29.118382  34.502075  34.595245
  22.180256  27.807486  29.419834  30.405497  29.209545  32.947987
  28.864872  26.085863  23.588547  24.499975  35.026287  32.156437
  30.480803  42.17198   36.712746  27.71616   34.838913  34.421795
  26.084435  32.81097   30.754637  29.547213  26.896963  32.680668
  24.563665  31.660898  23.824383  45.358444  34.669746  27.044437]",0.1356382978723404,0.23477515081564584
2,31,1457,"[[-13.800636   -14.170412     1.3777677  ...  -3.8481681   -3.3570497
   -3.0674214 ]
 [ -3.7005286   -7.0513725   -8.845347   ...  -2.83976     -9.161121
  -12.580876  ]
 [ -2.575011     0.77354646 -10.082589   ...  -2.6681187   -4.5490413
   -3.5168245 ]
 ...
 [-13.5169115    9.241759     1.8521091  ...   1.7954139   -8.709779
   13.79275   ]
 [ -5.090677    -3.8552434    6.366232   ...   3.3182263    5.463078
    9.243838  ]
 [-12.707332    -5.1145196   -5.976131   ...   9.887311     7.809665
  -10.908441  ]]","[ 29.576468  34.131718  30.934286  28.80747   27.46634   31.319555
  31.453083  41.263042  37.313     33.385635  21.93826   29.943466
  26.541462  28.70082   30.83245   32.584114  31.572784  26.594423
  23.992168  23.414362  21.91231   25.339394  35.263645  25.38885
  29.836641  31.438816  29.719925  31.009325  25.597506  32.157112
  30.368443  29.952295  31.557144  24.603695  32.81087   25.757484
  28.211374  26.954742  32.316116  26.999083  32.3049    32.225555
  21.696207  25.614702  28.70725   29.607021  43.13547   26.865963
  38.226475  32.46244   28.627155  28.502153  31.738926  35.92335
  28.122566  29.659586  26.350979  43.351284  24.738024  27.183027
  37.584824  22.205719  32.135124  32.32098   24.582838  28.155478
  31.739298  25.54984   27.895658  34.918777  24.754284  31.054703
  23.909582  25.6379    29.618599  25.430653  24.894625  26.99977
  30.630985  37.230736  24.84693   33.74067   29.934599  32.45212
  33.98773   23.425537  29.213356  26.113045  26.68646   25.853119
  22.204838  29.19317   27.993603  38.523537  32.818996  38.896015
  31.505116  26.254618  32.318874  32.175438  32.779655  27.826105
  37.7902    26.397915  26.071886  31.265493  40.65732   37.781353
  26.134768  26.62745   27.654203  27.106812  33.79358   32.5431
  33.55719   24.04694   43.29663   32.005947  24.240963  47.59001
  23.243956  36.178295  24.035646  27.950222  35.509174  24.77565
  19.451492  38.346977  27.988403  25.284845  33.12905   32.334705
  30.852322  30.468494  32.21491   31.53102   25.518942  31.399033
  40.674862  30.432026  25.684494  25.566988  25.554771  34.702972
  25.018547  27.952202  21.345678  27.47043   32.17172   27.066534
  27.655058  22.91421   36.37346   29.77077   22.725174  25.680956
  29.178577  28.427341  30.157017  46.22109   29.723389  29.627949
  39.089676  33.19151   24.95943   33.60735   27.908962  35.254627
  30.504211  22.850485  32.027416  22.523468  27.808636  39.07246
  33.51429   33.133812  27.935818  24.532589  34.851974  33.808563
  24.814922  21.91253   25.48275   29.708006  28.53501   29.631617
  30.048862  51.47128   37.10596   22.856602  29.711176  35.06535
  27.720001  33.48536   24.034956  22.949543  30.979607  30.472858
  22.71841   31.490067  30.153225  33.325336  33.298584  33.846687
  20.19196   28.317219  26.156055  29.236748  29.232155  31.062822
  21.358212  31.73634   33.52609   22.454239  30.808365  26.410187
  24.461243  27.100178  27.316074  32.040962  28.480782  27.349283
  39.056038  25.152525  36.706367  33.05778   30.592367  40.003983
  33.63248   30.041737  36.567562  29.851461  40.228855  30.273306
  28.51005   24.84849   28.308313  25.813032  28.306902  28.420357
  31.651802  25.544468  25.778606  29.89592   32.931484  35.692913
  32.989643  27.956795  30.73464   26.955355  23.966267  24.806913
  33.745865  31.924099  30.035965  42.850746  24.63565   30.073156
  26.290236  32.693283  31.243711  25.578266  34.89997   35.966145
  28.154129  21.649786  32.510113  23.246084  24.23856   26.32933
  35.494297  41.321102  25.549673  39.083527  22.441872  28.113247
  28.637823  25.248272  28.20814   29.987202  42.166634  35.717224
  25.168085  29.654724  48.266434  26.706678  26.124495  25.35485
  25.815609  28.320862  34.01711   32.501133  29.180962  26.060999
  28.076216  33.74411   30.282883  26.458216  22.917387  26.840084
  25.97389   26.731155  31.201912  26.23826   24.633907  36.71618
  24.327097  26.134771  27.677519  25.728333  38.361465  26.145123
  33.428947  33.21687   44.218918  29.497879  29.276846  32.581005
  36.871773  27.989317  25.540905  35.05344   27.457373  30.224453
  25.974676  22.639194  31.55302   31.47211   30.736528  38.637215
  35.996513  33.842815  28.15469   34.276844  30.792215  31.796846
  65.003944  25.16827   31.962494  27.311157  26.245237  40.268387
  25.205349  30.192644  49.748344  30.262264  26.446365  31.533445
  27.875     27.992458  29.2498    28.617151  27.180525  27.586105
  36.559124  35.58417   29.059538  25.797499  32.4052    33.541004
  26.37295   48.06084   30.299456  23.908213  30.796162  26.077242
  23.639833  44.428238  27.569342  24.341581  39.933125  32.543518
  37.20388   30.477383  22.733528  26.621716  24.74778   32.0023
  36.195896  34.214912  25.148006  22.737791  29.26349   23.869085
  27.775272  30.913649  41.55009   34.382736  30.207449  33.678783
  41.70936   27.659899  27.35543   34.25677   27.101086  26.988802
  23.185005  40.517303  22.866     24.270557  29.98234   30.824118
  30.987778  33.310562  23.590889  41.12306   28.909092  36.1834
  31.69871   21.211637  33.231617  28.541542  26.142979  34.520603
  38.935005  30.615639  38.441994  40.267063  23.830742  26.941778
  22.066639  29.188473  31.634037  35.79913   32.136833  26.641352
  24.738754  32.69791   26.315517  35.443794  26.352036  30.869482
  28.191473  20.610788  21.587324  29.837156  23.715149  34.169037
  34.117737  27.379492  29.015512  29.376625  33.926704  30.595636
  26.238884  24.384378  32.9011    33.80925   29.802809  33.213894
  23.511703  21.778475  35.954773  29.781708  36.72816   36.35667
  31.55033   39.20012   27.299347  27.896633  35.963085  29.539717
  30.930075  29.041924  20.949814  26.13476   38.21312   26.67942
  26.077799  30.81544   36.181675  21.774883  19.807755  25.182756
  34.457527  28.06775   30.14268   25.521736  27.40366   36.714626
  45.190884  24.069092  23.953074  28.910213  26.359894  24.474852
  20.63696   25.047606  20.149944  35.864162  35.763123  40.50579
  36.00455   27.765713  26.922277  26.025743  29.852581  33.923763
  27.247227  29.044611  35.646946  43.567238  30.774036  36.924572
  28.425508  20.038528  41.700302  37.308594  26.810402  25.879583
  25.896358  39.12988   32.11666   32.64687   31.339304  36.1627
  26.921625  23.09599   28.395655  30.22972   28.113077  30.030062
  26.479578  30.08658   29.006165  28.60286   31.08137   38.366844
  31.639967  29.140875  33.94913   34.11999   30.784931  32.526936
  28.604328  27.24496   25.241587  38.368324  30.205736  28.31121
  32.387627  23.370705  23.200468  33.921227  30.159292  24.355553
  30.649424  29.730494  36.478462  28.528717  26.759903  32.699787
  29.286198  38.24973   21.55245   30.453684  35.50195   30.502893
  24.855698  25.964827  37.915062  28.457907  30.264578  25.922867
  27.187344  26.23794   26.039963  29.72368   26.24312   29.216206
  27.30853   25.60623   25.209976  27.481726  35.399193  28.367228
  32.21559   43.745205  27.395086  25.909182  30.727192  24.261236
  27.34809   34.567028  26.161427  28.441488  38.273205  32.15751
  30.936455  24.597237  27.915443  35.88264   34.42797   33.284138
  38.191574  32.65933   30.017374  47.064484  32.524513  29.395668
  32.451874  42.29048   24.79816   25.741945 232.68187   38.563217
  28.773203  41.838154  31.714571  27.516727  22.891537  21.57812
  22.737556  39.24689   27.114248  38.46065   47.14171   31.045427
  30.819723  37.684856  29.663076  37.27965   26.774187  33.49875
  53.72767   33.617176  27.723774  36.123047  29.11459   35.52429
  28.462784  27.067867  20.165918  32.779133  26.956175  30.625038
  31.843668  20.589783  25.133646  23.238163  29.810263  28.21877
  23.410007  29.02382   39.468388  29.99185   29.186752  28.602478
  27.38258   33.74731   28.591097  23.285475  32.64533   28.685963
  29.27771   29.414036  47.506287  35.682995  23.887487  34.19534
  39.73243   23.342518  27.395214  36.38483   31.782438  33.643047
  26.95669   36.36525   34.77202   25.527056  38.096928  36.91227
  32.144478  31.475597  24.485863  29.625938  33.899124  22.025682
  38.25389   24.51112   24.860477  28.06546   34.360325  24.699072
  27.403769  28.44825   31.963657  24.637747  30.703209  30.798056
  25.262861  20.468863  34.276146  27.00155   29.93161   19.761614
  39.47961   30.795805  24.384089  32.214622  27.895235  24.098167
  28.467857  25.667984  31.929735  26.89376   35.929386  35.79236
  29.592508  34.138687  27.893188  24.719099  34.842564  33.623055
  30.668566  29.479675  54.751225  25.974516  31.951494  36.460445
  29.674889  35.595882  31.921587  32.754436  39.922962  29.520037
  25.023685  35.578373  21.746853  41.27301   27.47931   30.015121
  37.711037  26.57946   24.15931   25.920696  31.944433  31.911371
  20.869423  27.296778  27.726196  28.692453  28.296978  29.98179
  27.397717  25.83714   20.328533  24.67399   32.73553   26.816702
  27.4394    40.435402  31.93679   24.690931  32.462738  31.140789
  25.687498  32.844788  30.656927  27.92701   23.489115  30.700645
  24.905655  30.323269  22.5434    37.753727  32.829685  25.302052]",0.23138297872340424,0.29492201656103134
3,31,1457,"[[-5.3147635e+00 -3.6427474e+00 -2.6962428e+00 ... -4.2248219e-03
  -7.7705417e+00  4.6358438e+00]
 [ 4.6335760e-01 -1.6678022e-01 -3.5028660e+00 ... -4.4470863e+00
   3.5100281e+00  2.0506077e+00]
 [-6.5653354e-01 -2.8185239e+00 -1.4076751e+00 ... -6.3577218e+00
   3.9252228e-01 -4.8379474e+00]
 ...
 [ 3.5349518e-01  4.1409607e+00 -7.4920255e-01 ...  3.4292908e+00
   2.0147693e+00  2.0341976e+00]
 [-1.1234645e+00 -8.0484307e-01 -1.7296686e+00 ...  3.4719775e+00
   2.6086780e-01  9.4430727e-01]
 [-3.2344351e+00 -3.6892164e+00  2.1690021e+00 ... -4.6972075e+00
   4.5151110e+00  1.7967340e+00]]","[ 27.82223   31.309036  26.659956  26.382729  24.08583   29.277233
  29.085516  36.62219   29.791063  28.68128   22.431126  27.342325
  24.825756  28.862267  26.40894   29.090588  25.408257  25.954239
  25.102495  21.712727  20.034716  23.088457  32.766605  23.084553
  26.277084  29.197412  29.563402  28.58486   23.698305  31.591467
  25.627983  28.675415  31.948275  23.064974  28.827444  23.182785
  23.750584  23.715012  30.39735   26.490705  30.975756  31.09907
  20.775465  23.864462  26.570509  26.917006  36.30749   26.315948
  35.261826  29.875645  25.170341  25.871927  29.190723  31.82362
  25.52521   28.80975   24.757643  42.2705    20.852495  27.520548
  32.946533  20.279726  30.861404  30.183681  21.744265  24.031542
  30.495317  25.238184  25.82284   32.293083  23.52177   27.671879
  21.581259  23.838814  28.188086  23.6429    23.195282  24.301132
  27.781286  34.50501   22.277555  27.279312  24.924404  27.365477
  29.514791  21.373808  26.903072  21.416636  24.574324  23.857609
  21.104723  27.76015   25.807554  35.89681   30.69952   32.60529
  28.554216  23.94151   30.16617   31.074205  29.355486  24.748503
  34.95577   25.499664  26.088682  28.784883  35.105408  30.73138
  23.71197   21.316612  23.547691  25.133755  31.1623    27.85169
  28.514236  23.58865   37.89976   25.105995  22.177975  43.6668
  20.931076  33.58261   21.140528  25.339252  32.346344  24.185755
  19.002737  32.249912  22.687565  23.698267  30.389322  30.352001
  25.690628  27.833088  29.608948  27.01357   22.406364  26.529016
  35.181374  27.96885   25.101694  22.684284  23.005924  33.38257
  24.095613  27.213606  19.513042  25.333498  26.806719  23.992262
  26.954428  19.094051  33.095726  26.842669  19.379416  21.925276
  25.912415  26.897585  28.475885  39.720608  25.147074  28.206755
  35.47327   30.878298  23.396103  29.518396  25.843748  29.82221
  27.803988  18.703815  28.525679  20.11016   24.56797   34.65778
  31.525385  28.574451  26.08003   24.672289  32.034954  30.477026
  24.4798    23.549381  21.795135  27.649584  24.561865  22.817236
  26.332518  44.37671   31.089836  22.120625  30.222527  30.49653
  24.565016  31.279715  21.711088  20.740276  32.381157  28.387495
  21.394505  31.235798  26.512096  30.537733  33.05421   29.390896
  19.450499  28.043604  23.41641   24.375744  26.753931  24.789501
  20.109016  29.528515  29.966093  21.167383  27.742775  24.623533
  21.735483  24.60976   24.21246   27.688408  25.384624  26.03686
  31.435349  23.938381  29.45631   28.770144  31.120598  37.744843
  31.690157  25.792187  33.51695   27.888975  31.201092  29.097746
  26.902124  23.457638  27.821655  22.191782  25.88834   27.612263
  27.477337  21.302084  24.318533  25.069456  27.802588  31.734398
  31.399021  24.004057  28.836197  24.042309  24.381714  26.68468
  30.515512  26.786602  26.751453  37.080414  21.178188  25.024933
  21.91176   32.44623   29.63467   22.444614  27.312849  29.976543
  24.307684  20.3431    31.721863  21.876373  23.60826   23.872456
  31.894045  36.545567  20.247776  34.71223   21.589642  26.91914
  27.153547  20.78847   27.74984   27.586512  35.461277  32.946938
  24.04712   25.890089  42.32799   24.15029   23.74255   24.557854
  22.16752   26.46733   29.982754  30.10724   26.778635  24.66437
  25.546652  30.373184  29.515335  23.621881  21.192802  24.50481
  22.783268  24.73242   28.666767  23.345142  22.312084  32.923683
  25.027267  24.098497  25.288624  23.951372  32.744255  24.547937
  29.77877   26.462362  38.82354   25.312967  25.669975  30.248692
  30.393625  26.298008  24.362616  32.97103   24.48834   25.612246
  23.686274  21.714474  27.991812  29.703678  27.946014  32.801804
  34.433105  27.592587  26.24071   35.5369    29.562506  30.96433
  55.242783  21.740578  28.253546  24.660812  25.47583   32.53607
  22.987139  26.05098   42.812733  27.237705  25.291058  29.36426
  24.665583  26.144957  28.175787  25.307058  22.668144  24.036041
  33.34917   31.126202  26.668219  22.923967  31.34196   29.263803
  24.432451  45.846485  25.889942  22.114378  29.561108  23.703379
  20.67061   39.739685  24.747986  21.996605  32.908134  26.104149
  30.81168   27.614407  20.274765  26.05733   22.550037  25.98695
  32.287975  33.51663   23.368418  19.042994  26.93448   22.353765
  25.073338  25.843359  36.884323  29.843039  27.731764  30.243673
  33.88099   24.355505  27.391302  30.572134  25.973198  24.066084
  22.727274  36.585663  20.401588  21.946049  26.523998  28.001244
  30.57261   28.785105  20.93388   36.876244  26.398151  30.956345
  28.420265  20.970276  30.678959  27.152859  23.996653  27.657026
  36.418655  27.632252  33.63337   30.154264  18.666382  27.473825
  19.837343  27.064606  26.311594  32.757866  30.081871  25.39471
  22.6407    26.884968  22.341082  31.691862  27.518127  29.564781
  26.409859  17.707287  21.804941  26.353718  21.294962  29.062199
  33.74698   25.386925  26.478075  29.439907  31.252296  29.459003
  21.90993   21.605381  32.24836   31.446156  27.638151  31.25351
  20.595861  19.2257    34.522358  27.502935  31.723843  33.7067
  30.7032    35.96006   26.395504  23.958338  30.558575  24.620262
  28.512203  28.362444  19.277386  25.092953  36.320007  22.359032
  21.34654   28.628557  29.789469  18.267294  19.15517   23.247974
  29.402643  24.761442  26.867622  23.75879   25.066767  31.54216
  37.37923   22.151474  21.950418  25.083138  22.2298    24.036852
  19.717653  21.55922   19.17897   29.22199   32.13913   36.643494
  32.249138  22.964493  25.769953  24.185497  27.071804  30.539482
  22.69622   25.234259  31.676443  37.101612  27.225714  34.944237
  25.674006  16.518616  40.10823   33.783554  23.601274  22.645277
  23.38163   33.55491   27.091402  28.129494  30.778357  29.661524
  24.409433  19.65432   26.08243   28.021809  26.346743  27.766422
  25.205776  26.568941  27.604073  28.091675  27.474205  33.03736
  30.216888  26.477118  29.632595  29.863787  31.584354  30.002024
  26.832996  24.881517  23.995804  32.626892  28.540115  24.319765
  29.810282  21.442747  20.531925  31.07811   27.525145  21.584436
  27.77847   29.675714  34.283493  25.89275   22.119226  29.411385
  26.210688  31.940802  21.060041  26.563213  32.779686  29.595625
  23.502605  24.080507  34.558483  26.527287  28.774632  25.821703
  27.551302  24.893429  24.446917  27.657549  24.847204  25.267536
  25.161795  22.461805  22.234621  24.09908   31.764606  24.86095
  28.95995   35.088757  25.101164  23.460354  27.851395  21.966198
  25.340439  32.01019   25.427307  24.279547  32.98078   27.720873
  28.773588  22.620989  25.094296  33.94276   30.585556  31.523825
  32.637836  30.008959  26.781065  41.30909   33.281185  27.194048
  29.16045   36.164913  24.902735  22.896517 223.76274   33.381474
  27.527483  35.55746   28.604622  23.833353  21.085567  19.230045
  21.257769  33.40646   23.266273  32.40955   42.11122   29.548243
  25.220207  32.39727   26.513649  31.415997  22.472794  25.85294
  44.52473   28.630268  24.843216  34.990772  27.147198  30.914545
  26.95212   23.71344   18.025677  28.438702  23.448668  29.79773
  26.4489    18.868847  25.221981  19.820793  28.29551   28.780481
  20.650166  27.678246  34.710693  27.91053   27.600645  24.643686
  25.351856  30.610134  25.053991  19.498587  28.516659  29.68223
  26.729742  24.719334  43.976425  32.449146  24.150991  30.318977
  36.168198  19.425539  25.373201  36.860626  29.68863   32.189266
  24.595474  30.861893  31.658054  22.182615  33.30177   29.691013
  31.345802  29.900059  23.069838  27.6071    29.472467  21.025047
  33.704445  24.114212  23.30185   26.660215  27.205751  23.584175
  28.40892   23.162746  28.31806   22.858784  30.056175  28.721378
  26.195038  18.49099   32.054974  24.938906  26.086407  19.677267
  32.875034  23.60878   21.825573  29.651686  25.398739  22.136856
  25.676481  22.762165  27.774067  25.745014  32.220055  30.60778
  25.235565  30.724154  25.744764  21.788479  31.68294   31.212255
  27.558197  24.564875  42.514748  24.387804  29.212803  34.363674
  28.519491  33.193367  30.84435   27.67056   35.249355  24.218039
  24.464613  31.637197  21.265606  37.971745  26.746735  26.06628
  35.493206  25.583088  22.569654  24.42635   27.60145   29.354778
  19.50746   25.085644  21.780403  27.979778  23.526228  28.027596
  24.84482   24.115597  20.28573   21.892056  31.990454  26.064905
  25.406633  32.30742   26.057947  23.224718  28.551006  27.18882
  22.765942  29.267138  26.526104  24.032265  20.53687   28.251413
  21.9792    29.13571   21.606134  37.984413  29.505404  23.299374]",0.3393617021276596,0.36283753911654154
4,31,1457,"[[-1.6802062  -0.22518606 -2.257141   ... -2.175467    0.3206203
   0.02517997]
 [ 2.5945795  -0.5390691  -0.6825614  ... -0.6886095  -1.2707046
  -0.35279298]
 [ 1.6765878  -1.0206941  -0.7862776  ... -0.6272341  -1.1871731
  -0.53809184]
 ...
 [-1.6029739   1.8907264   0.793687   ...  1.3152912   2.2749681
   2.9342146 ]
 [ 2.233512    0.66448337 -2.0251064  ... -2.2407792   0.932989
  -1.101083  ]
 [ 1.4949228  -2.807702    1.4568715  ... -3.2650044   2.1138563
   0.59586436]]","[ 27.506338  29.245502  23.903452  23.703936  21.70118   23.630714
  26.002663  34.33032   28.137457  27.23483   21.054396  24.60602
  21.933846  24.715862  23.678148  26.08514   23.710842  23.35752
  21.969297  17.704166  17.84306   22.274614  27.402403  21.704212
  21.937016  25.772827  26.846027  26.127918  21.4362    25.419561
  24.295214  25.396156  27.691313  19.760157  24.873543  19.48757
  22.010624  21.740768  25.620707  24.741003  25.012518  28.858397
  20.86759   21.50889   25.583092  26.335402  32.577957  21.054033
  28.740885  27.259289  23.760326  25.531641  25.890501  28.93413
  23.514015  24.7724    21.469553  31.161232  19.916798  25.477037
  31.039202  17.397776  28.86914   27.35303   20.917538  21.236893
  26.882866  22.186697  22.931656  29.678936  22.298147  24.303665
  18.59583   20.782984  24.907587  22.110994  21.252554  21.26912
  26.927332  27.002089  20.654114  23.103807  22.815628  24.864723
  28.045431  19.466158  24.433046  19.46188   24.520157  20.995337
  19.141775  25.031723  21.042288  29.084183  24.535786  30.646616
  23.745157  21.661146  25.117275  24.773895  24.996386  23.215378
  31.173769  24.134523  23.93143   26.775677  29.775326  27.112024
  20.280315  19.370981  20.733526  23.199669  28.612324  25.285957
  25.492281  20.823854  28.840668  19.439432  20.424694  35.665
  19.563997  30.78919   17.653309  23.152231  27.005682  21.512249
  16.490648  29.69796   21.537113  20.349482  28.748816  24.715996
  24.013426  24.747461  26.565733  22.66476   22.405813  23.42665
  33.106026  22.614065  23.067984  22.065704  20.209093  29.684118
  21.115051  26.61396   18.932796  22.152075  26.643951  22.033495
  24.951134  17.549904  26.5023    23.54395   17.936125  20.833345
  22.114439  24.760242  24.773819  35.24258   26.161776  25.904585
  31.584736  27.915447  22.202868  27.388845  22.099373  27.239223
  25.732718  18.766546  23.95772   19.086332  23.58566   28.647469
  27.257792  25.947311  24.338469  20.493666  29.416811  27.605999
  22.116238  23.096521  20.031197  23.747952  22.184341  19.621101
  24.194464  33.74218   26.631153  18.970577  25.139936  25.667515
  22.527872  28.025738  19.183752  18.883377  31.660877  24.495867
  20.149158  34.109707  23.701843  26.951326  27.875336  25.137829
  19.009449  24.882196  20.918972  22.151882  22.960943  21.773561
  17.471228  27.107275  25.744024  17.762758  23.647356  21.603516
  20.07178   22.022635  23.060549  25.508295  23.234505  22.12748
  27.803642  23.016815  24.355207  24.978373  27.672073  34.1173
  29.221107  23.287127  33.064392  24.19724   26.26062   27.932049
  23.346972  20.018839  25.580954  21.405783  23.522972  24.50418
  23.01776   21.991568  22.512774  22.59354   25.083122  26.440855
  26.712975  20.729435  25.632677  24.835476  21.834604  24.082367
  25.414785  23.847326  22.961315  32.222588  19.639067  22.03804
  19.31493   29.481585  27.035446  20.953823  23.928911  29.00567
  23.54806   19.048813  27.517467  16.951649  23.078321  22.175995
  27.691292  29.375132  20.073826  27.430075  19.876     26.343332
  23.448843  20.335127  25.142855  24.518541  27.1762    29.909538
  19.608452  23.903925  38.699585  22.759731  22.5439    22.19516
  20.089571  21.518667  26.37257   26.507767  25.93679   21.847374
  23.096222  26.67989   25.930891  21.865852  21.49064   21.102173
  18.916979  23.610088  26.029419  21.71214   18.378292  30.129179
  22.15598   22.16344   23.186861  21.83087   30.644653  20.482351
  29.414457  25.391146  30.304419  24.690008  23.993813  30.368778
  25.881245  23.23257   21.88196   27.583353  23.074373  22.972769
  20.948093  18.312246  25.061604  24.99421   26.535229  28.235756
  27.264757  25.827642  22.869846  31.21285   25.633144  24.647604
  44.610027  21.345419  25.328533  22.549984  20.964691  28.821894
  20.97451   24.020441  31.057135  25.157894  23.736448  25.467344
  23.282303  23.952784  23.402626  24.47602   21.354757  20.81741
  29.535753  26.776993  24.686522  20.314175  27.27164   26.475018
  22.895174  38.550873  23.961798  19.246668  27.824942  22.169462
  21.135305  33.51918   21.723063  21.313168  31.216948  24.13592
  27.566664  22.096495  18.148893  21.941765  20.651985  25.855707
  30.43942   28.269722  21.290934  18.286692  22.742172  22.28233
  22.984032  24.79255   30.075573  27.633896  25.895807  28.918047
  28.579971  21.72666   23.304375  26.744915  21.845232  21.833223
  18.908875  28.752106  18.067242  20.146444  22.362133  25.766815
  27.248058  24.03292   20.40288   32.283657  23.666521  27.683868
  24.533186  20.484545  24.82844   24.201212  21.194563  27.244482
  31.757057  24.587814  29.108027  24.202469  16.86067   22.833809
  18.42492   23.18348   22.938864  28.75462   26.334702  24.522564
  19.108694  24.939983  21.201164  28.261026  24.69405   24.238512
  23.343834  17.2864    19.917286  25.383781  19.627522  23.53282
  31.05145   22.16559   24.261541  25.89085   27.00881   27.150337
  20.887459  20.888891  25.937685  26.64275   21.588736  24.111364
  21.036674  18.10369   30.928692  23.207935  26.901773  29.775772
  24.341574  36.154316  23.348642  23.03411   30.243553  25.340357
  24.93501   24.177494  18.246479  22.94187   31.069504  21.336885
  19.527983  25.64      28.154346  16.189863  18.345219  21.313635
  26.789175  23.05853   24.506018  19.55061   20.66316   27.09661
  31.826513  19.845772  21.37026   22.802298  19.520317  23.07481
  18.736797  19.153563  16.879286  24.354761  29.457308  32.20667
  28.301003  20.570658  22.815725  21.899164  24.462563  27.325237
  20.26411   23.246862  28.735662  32.90766   24.233597  29.01336
  22.21492   15.679402  32.951374  25.047491  23.719145  21.24373
  19.925999  31.681414  24.326324  26.3051    26.919382  26.004717
  22.858553  18.058954  24.227755  25.370144  23.50544   24.869726
  23.767878  23.061766  25.967508  24.76052   25.023525  31.259289
  28.257164  24.788591  26.279581  24.506357  27.72042   25.188131
  24.581844  23.099262  20.748934  28.924131  25.115114  20.630318
  25.694569  19.577906  17.886158  27.2192    25.725815  20.772257
  25.42565   24.50347   29.203407  23.097149  21.209986  26.111057
  22.576126  27.475061  19.291563  24.524992  28.797558  24.32994
  23.006315  20.360321  29.673344  24.82879   25.621458  22.790634
  22.430971  22.904531  20.691458  24.559793  21.373755  23.824774
  23.894436  22.184448  19.642704  21.3892    28.568678  22.210375
  26.22591   28.474867  20.065893  22.288048  24.851204  19.023645
  24.08188   27.392178  21.161724  21.877253  31.003181  26.139622
  24.765495  20.709059  25.53841   26.870373  26.044498  26.303778
  25.506264  26.357271  24.37289   33.892677  31.447529  24.547108
  25.355711  32.588688  22.2269    22.90439  206.02571   29.449694
  24.613005  30.549988  25.998356  21.429815  18.410488  19.239902
  20.635555  28.158487  21.195671  29.094288  35.24825   25.309925
  21.695034  27.759512  23.67325   30.376013  20.522871  21.874348
  33.421623  26.479637  21.096607  32.064545  22.047201  27.327
  25.22257   21.193998  16.894896  26.748375  20.882702  26.269241
  24.34171   18.4364    21.478989  18.031023  25.928503  24.215672
  16.913233  23.908695  31.398937  22.46784   28.848156  21.179108
  23.592394  25.074078  21.26083   16.292673  24.455265  26.69802
  25.629744  22.6325    38.473885  30.644567  20.916355  25.976664
  29.636795  18.132252  22.474297  30.375463  26.085592  26.074837
  24.364168  26.985563  27.96507   21.577873  28.709665  28.012331
  26.367096  26.627827  19.677053  22.531815  25.495275  19.079483
  29.538504  20.950153  21.1298    23.381285  23.492668  19.057701
  24.485575  22.063803  25.802792  20.742153  26.069729  26.850796
  24.015614  18.57406   28.83276   26.243044  22.80592   18.535063
  31.072058  25.219942  19.721813  26.816097  22.00209   20.564697
  22.536528  22.849823  23.656052  22.614836  28.533463  27.627312
  23.940876  27.22615   21.978762  17.80383   28.069805  23.617128
  24.780275  23.460848  37.25792   22.01395   25.759295  31.029474
  22.25233   27.608335  27.544243  26.572775  33.01486   22.774843
  22.18032   27.766289  19.199764  32.09066   21.339624  22.324554
  29.10137   21.31066   20.445518  22.017944  25.443909  23.870073
  17.99356   20.896927  22.049335  24.118023  23.310595  26.856876
  22.721613  22.99721   17.46693   19.93235   29.66722   22.783737
  23.146633  28.250055  24.543861  20.993904  24.687931  23.763401
  20.296305  25.728937  22.926033  20.837692  19.80583   25.938564
  19.215422  24.894741  20.971886  35.250454  25.063465  20.740734]",0.43936170212765957,0.4235076626141866
5,31,1457,"[[-1.1266191  -0.8713977  -1.7545128  ... -0.85325855 -0.08883884
   0.14306448]
 [-1.3636949  -0.55174935 -0.4648828  ... -1.3270721   0.5454349
  -0.11655462]
 [-0.27241454  0.7406699   1.1596875  ... -2.035681    1.8194277
  -0.8731429 ]
 ...
 [ 0.7688987  -0.40261772  2.0939333  ... -1.1172714   0.30322382
   0.758491  ]
 [ 0.7100367   0.13466713  1.3952649  ... -1.2182198  -0.11616366
   2.0989902 ]
 [ 1.5974436   1.5136089   0.3173026  ...  0.64128035  0.34995648
   0.22483464]]","[ 25.359394  26.191921  21.402107  22.67648   19.580473  20.20819
  25.431444  30.682957  22.677519  24.743498  19.222343  22.279795
  21.551281  20.75635   22.163763  24.532001  21.001747  23.335222
  19.976973  17.4686    17.502848  19.662277  26.268173  19.137625
  21.693367  23.143396  25.036709  22.8007    18.431683  24.730286
  20.41584   23.267666  25.684143  18.468056  23.712503  18.260658
  20.237556  22.419619  24.944744  22.063358  26.31349   25.809729
  19.25886   19.677452  24.231419  22.922579  28.075731  19.483932
  28.56864   23.891207  19.927576  22.846003  24.266722  25.76898
  21.895468  23.721006  20.561325  28.97445   19.123095  22.48301
  25.745975  16.549795  27.356718  25.10836   18.557934  21.033138
  24.154493  23.065102  20.147852  26.196072  19.879324  23.653103
  17.707813  17.84956   22.399183  20.275858  19.88647   20.244968
  24.039349  25.680153  19.369719  21.571218  20.628414  22.538319
  26.73439   16.779572  23.865984  17.40347   21.748446  17.622972
  18.793087  22.173645  19.458355  27.309725  20.67324   28.673662
  23.05741   21.263735  23.016132  22.465624  20.967829  24.027908
  27.853712  19.436247  21.665018  26.45013   27.764267  25.326157
  19.507326  18.217909  19.705656  23.860273  24.841206  21.096874
  23.41062   18.644089  28.012045  17.039024  18.669798  30.580893
  18.10133   28.463024  18.020805  22.994406  25.696108  20.427868
  14.899689  25.78466   19.812708  20.78735   24.230652  25.026075
  21.95433   20.604853  24.612417  19.444813  19.501152  22.69349
  27.995554  21.61579   19.13871   18.866133  18.245298  27.323112
  19.88197   22.563253  17.055002  20.979313  24.85315   21.577663
  23.182844  18.358078  25.3884    22.847038  15.329788  17.819584
  20.332146  21.42193   22.81764   33.284966  24.16808   22.918756
  29.632921  25.030516  19.505653  25.005676  21.632687  24.519173
  22.702831  16.577358  21.211145  17.569782  21.293533  26.386412
  23.113466  24.319826  20.193499  19.450485  24.571217  25.903662
  19.152805  19.512486  19.806248  22.511805  20.727636  18.060932
  21.97604   29.955038  27.04076   18.374672  23.215601  23.447943
  20.14341   26.401106  17.018154  17.110344  28.28945   21.928757
  19.26393   28.06017   22.798643  24.274014  24.474829  23.081816
  16.985355  24.680212  19.24847   21.288736  23.344978  22.02895
  18.499174  26.268703  22.630209  17.010162  23.15086   19.466274
  18.664017  20.782438  20.187876  20.756992  20.981426  19.695715
  25.880653  20.569061  25.059975  24.508484  26.229929  27.958548
  26.751215  21.716644  25.995893  20.76046   23.626211  24.917084
  20.740536  19.790213  20.468624  20.08767   23.251884  22.57254
  20.92931   20.627777  22.48284   21.568207  23.76118   22.61522
  23.519909  18.280401  23.462925  22.306618  19.68895   22.543005
  23.665096  21.721064  21.34501   27.324387  18.613647  21.61191
  18.697279  24.98738   23.232006  17.382336  21.96024   24.381487
  21.425213  17.70118   25.673952  15.880646  21.317648  21.04996
  25.720856  27.024     19.448313  27.188633  18.554888  22.785782
  21.500244  18.08682   23.62336   22.863487  28.10032   25.220074
  18.348782  21.179886  34.02253   21.127748  21.613821  19.139217
  18.117243  21.41066   24.65485   22.878225  24.665024  19.477457
  21.543732  25.065342  22.484236  21.521357  19.110008  22.127525
  18.685825  22.101587  22.751665  18.70079   19.356928  25.20276
  19.472185  19.086176  24.662971  21.726131  28.592443  20.407923
  26.922499  23.280966  28.712902  21.73121   21.818878  26.071123
  24.847334  21.897625  21.61176   28.725151  20.222288  20.149687
  21.678328  18.15967   23.014126  22.206804  22.286158  26.548357
  26.996094  23.395594  21.934029  30.560484  22.147842  22.932121
  36.885674  19.304165  22.987602  20.404287  19.663342  27.192911
  19.88367   22.268742  29.218906  21.348051  20.91688   24.741755
  22.436531  22.426872  23.113194  25.451193  18.908264  19.40617
  26.846851  24.743183  22.239685  18.747955  25.509165  24.72053
  20.72997   38.951134  23.570496  19.535345  24.796965  20.297049
  17.219229  27.55844   20.569653  18.802273  28.422674  21.711428
  26.944542  20.656977  18.594538  21.046696  20.934086  21.931316
  25.587019  27.655336  20.903448  17.607964  21.58267   19.960295
  23.602327  21.13153   26.845064  24.283682  24.150307  26.871166
  27.721966  19.373455  22.30182   25.357195  21.449406  19.556038
  18.313341  27.725473  17.107872  17.258461  22.824339  22.14263
  24.421223  22.88826   18.137465  26.709867  21.366957  25.840979
  21.170368  18.893412  23.67323   21.660093  20.49341   24.933788
  29.24386   22.977346  27.361755  23.62044   15.839906  22.076077
  17.129662  22.226124  21.483074  26.002226  24.134836  23.816212
  17.16264   24.233236  21.69977   25.71882   21.95701   22.826925
  21.997234  15.637281  17.30102   22.606707  17.702955  21.927395
  27.499773  19.690788  22.908092  25.001945  24.900734  23.561682
  17.532244  19.016525  24.990639  24.76199   21.103716  24.923433
  19.512785  18.384785  29.437754  22.064754  24.883392  27.055931
  23.714289  31.211325  22.179693  21.469019  27.425983  23.313227
  23.58759   23.500551  16.557447  21.079025  30.230637  18.983212
  17.546883  22.915377  26.681274  14.842439  18.487421  19.419727
  26.046526  19.172792  21.9295    18.997255  19.659548  25.760784
  27.38731   18.450487  18.642784  22.389389  16.714777  21.731085
  19.105951  18.737247  14.96468   23.884071  28.192047  30.796413
  24.797361  20.394764  20.09453   20.308466  20.26535   25.326662
  20.986229  21.445303  24.040234  29.996275  24.950638  28.875597
  20.320698  15.114301  29.485046  21.176876  20.834547  18.734709
  19.531038  30.566935  22.91019   23.942715  24.502043  23.537268
  21.008924  16.996098  21.151463  21.926792  24.021576  24.495739
  21.251043  22.51065   23.293972  21.161604  21.976809  26.720375
  26.459162  23.340265  26.06412   21.887682  22.40994   25.587055
  21.96356   20.750702  19.651955  27.578299  20.858393  19.126762
  22.187864  20.096647  18.124187  26.203833  25.648481  21.022007
  23.171227  22.375656  27.359217  20.111053  19.262531  24.290121
  20.851545  25.777956  17.804014  22.57881   25.21088   23.03468
  20.3194    20.650059  27.44351   22.13698   23.81838   20.596264
  20.36092   21.713633  21.590593  21.04691   20.142004  23.203644
  22.17328   21.139492  20.367334  19.97577   27.213041  20.308203
  24.24838   25.20126   19.3765    21.080906  22.646627  18.218025
  21.375525  23.903408  20.011879  20.018139  29.535833  21.00673
  23.17812   19.602621  21.52634   23.600874  23.01729   22.285038
  25.092606  24.191776  22.025751  29.45128   28.5112    23.620977
  23.925024  25.60117   19.354845  20.672487 175.64122   28.076555
  20.641663  24.865433  22.365261  18.70444   19.064642  17.502563
  18.171839  24.555737  19.692896  25.598795  29.942997  23.724794
  21.034918  24.68046   21.96221   25.919273  19.953672  21.379017
  28.492027  24.151867  19.464523  26.660973  19.231524  24.204765
  26.50427   21.123962  16.011606  22.947813  19.763027  24.936064
  22.194155  17.397573  19.722992  18.51596   23.764107  22.702211
  15.86108   22.806873  27.3797    20.780907  25.351042  19.986252
  21.609138  24.119606  20.52449   15.674115  24.104353  23.825527
  22.403011  20.719805  34.491837  29.632597  19.727638  23.933195
  27.529503  16.73099   22.964092  28.196564  23.54718   23.536383
  21.563114  25.177444  26.721107  19.75963   25.064388  25.086422
  24.13322   23.755583  18.812784  21.93684   22.663803  18.26326
  26.058754  20.433558  19.24115   21.969421  22.766823  18.435438
  23.290005  19.889465  23.964508  19.408163  25.278435  23.990614
  19.721766  15.139882  25.085144  24.403736  19.018887  15.544741
  28.05516   22.15733   18.426619  21.90747   21.853987  18.906197
  21.15476   19.809715  25.12227   20.091007  25.51079   24.121803
  25.025703  24.472355  21.64787   17.158451  25.506523  20.609343
  22.55837   21.349897  34.27196   20.072338  24.764832  28.682306
  21.428535  24.147947  26.445982  22.89487   27.046572  18.541048
  21.248941  23.824688  18.363852  26.942818  21.111158  21.728249
  25.776724  21.019484  18.908995  20.521284  25.850706  22.42925
  16.888847  19.891863  21.285099  23.086906  20.50391   22.7531
  20.240988  19.514801  16.715435  19.529045  27.289385  21.128048
  21.147232  27.811253  23.419207  16.972883  23.197289  20.883408
  18.748964  24.545927  21.323109  20.703083  17.689224  22.655293
  17.896845  22.797773  18.935806  30.836163  24.04587   18.67676 ]",0.524468085106383,0.470086936155955
6,31,1457,"[[ 0.08524035  0.586839   -0.2830407  ... -0.55184054 -0.19292389
  -0.2755904 ]
 [-0.02076358  0.34441087  0.08585612 ... -0.18126333 -0.03988793
   0.37672973]
 [-0.01670564 -0.6312188   0.10786766 ...  0.07952264  0.1437842
   0.52473253]
 ...
 [-0.13318796 -0.33624852  0.1978198  ...  0.7986209  -0.2761631
   0.16900161]
 [ 0.16357473 -1.095055    0.2727888  ...  0.7449242  -0.02805114
   0.36368632]
 [-0.6531215   0.45946777  0.8969977  ... -0.45975402 -0.25880983
   0.65434456]]","[ 24.9222     24.14601    21.354815   20.041088   18.446287   20.578522
  23.667765   29.242395   23.752987   22.634031   18.982775   21.549023
  21.94425    20.302906   22.308895   22.199047   19.541365   22.182003
  20.876467   18.237038   16.068352   19.110699   24.474155   20.312172
  20.720098   21.358583   22.352112   22.287235   19.258467   24.42073
  19.837393   23.666018   23.997911   18.02095    22.636442   18.093742
  19.917189   20.99657    24.60848    22.44982    24.705536   24.044218
  17.98353    19.643219   21.656471   22.001377   29.501644   19.043922
  29.322273   21.991783   19.046415   22.753584   19.766169   25.345064
  19.865513   21.66214    19.944403   27.049      19.08281    20.650768
  25.123617   17.61421    24.966627   22.95471    19.96349    19.335669
  23.582138   20.539951   19.5227     25.283712   19.648401   23.319872
  18.313923   18.300112   21.186659   18.73159    18.71089    19.14752
  25.13514    24.909065   17.56238    21.11233    20.741993   21.198566
  22.813549   15.861149   22.887882   18.981213   19.263737   17.902987
  18.893707   24.10795    18.149044   26.845776   23.14202    26.336967
  22.020872   21.046547   20.29679    20.420876   22.39505    23.4395
  25.847647   20.792831   20.369152   26.018236   28.856394   24.819168
  18.945587   18.085115   20.933382   21.939007   26.142746   20.226204
  21.604204   19.972775   29.344404   16.54079    19.053988   29.47768
  17.841457   26.746172   17.312841   21.38141    25.419304   18.470736
  14.273016   27.30041    19.759727   18.575018   26.401043   24.43393
  20.525013   20.991043   23.287718   19.063946   20.688564   25.094063
  26.166836   19.179504   18.063715   19.40356    17.99419    26.614662
  19.726892   22.264713   17.107029   20.562592   23.690971   23.1175
  22.140198   18.717697   25.10903    22.07715    16.23842    19.103638
  19.811077   20.095255   22.592066   30.396759   22.352108   23.01269
  28.831486   24.278177   18.409872   23.636377   20.610605   23.607758
  23.010405   16.45862    21.94618    17.37103    19.717743   27.14121
  24.313028   20.683123   18.574144   18.240046   23.5833     24.558954
  17.344656   20.652466   19.461893   22.19073    19.145933   18.152374
  21.55476    29.257637   24.706642   18.404238   21.127382   20.119501
  19.863499   26.436277   16.48211    16.569954   25.395376   20.30957
  19.014452   25.784615   19.96152    24.74749    26.034912   24.605705
  16.40278    22.451693   19.720413   19.200495   21.990166   20.949394
  17.241472   23.906141   21.852098   17.32611    22.03732    20.318966
  18.598967   19.271252   20.088852   21.187485   21.646519   18.964643
  24.982916   19.94898    24.58578    23.818584   25.308226   29.030687
  23.644194   21.280264   25.13532    21.563713   21.986982   22.593996
  21.940166   19.214663   21.768185   18.56028    21.437716   22.459894
  20.472015   21.616869   20.555899   20.325758   24.268568   22.535704
  23.487938   19.518808   21.009508   19.805311   19.931055   22.48192
  22.529045   21.04962    19.531513   25.577215   18.337568   20.086653
  17.855999   24.152098   21.717758   18.052233   19.732334   26.910944
  21.568043   18.590631   23.431297   15.971504   18.204401   20.70303
  25.10403    26.305696   19.637543   24.248692   18.306763   23.886333
  18.969458   17.749533   21.300095   22.08415    25.658854   26.52684
  17.848362   20.97645    32.56968    20.644096   21.818096   19.285917
  16.559256   20.876202   24.176037   21.621157   24.52134    18.958878
  21.301989   24.911684   22.398918   20.275127   19.540897   20.3667
  17.17858    21.573618   21.45356    19.139996   17.90334    24.03321
  18.949697   19.551817   22.7103     20.26934    25.27217    20.64634
  24.456411   23.495464   29.916954   22.510202   21.909039   25.508192
  24.921179   22.988592   19.371918   25.90298    20.399645   19.892456
  18.868414   17.688843   20.73381    21.768988   21.934147   27.102608
  26.105104   24.13162    20.543215   26.47767    19.618687   22.575214
  33.336304   18.084124   21.578655   19.192715   20.660227   27.505728
  18.369268   20.063492   26.48461    20.966465   19.459618   23.301947
  20.747879   22.336771   22.13543    25.60459    17.830404   18.912971
  25.516434   24.402857   21.408125   19.456755   25.368568   25.225828
  18.920145   36.592136   22.987993   18.713337   25.117754   19.672028
  17.652565   29.40549    19.852198   18.666567   27.602243   19.962187
  25.019709   20.552094   17.669737   21.162903   18.891584   21.734646
  23.759438   29.187437   19.224663   16.802158   19.492138   19.711994
  22.976562   21.354462   28.935488   24.711311   25.716553   25.13798
  26.37441    20.233538   20.68316    24.509228   19.397337   20.011578
  17.143192   27.043467   16.64599    17.453873   19.969948   24.894642
  23.129416   22.310665   17.405903   26.5038     20.78296    23.950342
  20.689224   18.415644   21.331135   22.634785   21.936996   25.520586
  30.750662   22.6035     24.804916   20.258675   16.409733   19.69535
  16.771055   21.496777   21.900583   24.676403   24.17378    24.162556
  19.001568   22.752659   20.238558   24.961924   20.259417   22.475433
  19.959463   13.262383   17.798094   21.732618   17.11877    20.397179
  26.063438   19.859747   21.829208   24.775715   22.828178   22.011803
  19.618155   19.816505   24.406199   24.070904   20.742428   24.082787
  17.025402   17.676245   27.526066   21.613583   25.149302   25.666603
  23.74753    29.564842   21.625591   20.164022   26.572374   20.706669
  23.695774   21.210268   15.25421    21.297167   27.526081   17.013237
  18.135012   20.619104   26.796902   13.8344345  17.597483   18.912369
  24.709414   19.39731    20.850187   16.966324   18.492186   23.032112
  27.550167   17.355202   18.82798    22.608044   15.006587   20.702286
  17.189793   19.734858   16.110195   22.01527    26.770052   24.59707
  25.482698   18.773497   22.288328   21.443295   18.84923    23.413979
  19.738518   22.97474    23.526213   28.238503   22.059631   28.672462
  20.092451   15.307886   29.610016   21.822853   20.674715   19.599342
  20.1905     31.9276     21.6427     22.8621     22.25837    23.55039
  20.096989   16.078629   19.97178    20.371647   23.062267   21.240032
  21.360096   21.849419   20.665627   20.959433   19.678509   25.487894
  26.893293   21.569794   25.042845   23.548344   22.674952   24.790152
  21.957397   22.121468   19.28985    25.777431   21.283442   17.746996
  20.221134   19.326746   18.100521   25.706242   23.443565   19.393345
  22.040117   22.218418   27.88234    20.345592   18.935112   25.335405
  21.883217   25.112162   17.440199   21.446888   24.449686   21.68832
  20.254944   20.794624   28.129784   21.39268    22.859373   19.750872
  21.251484   21.861422   21.028429   21.865217   18.47326    22.995806
  20.62357    18.565056   17.64391    18.553652   25.382545   21.473003
  20.120579   22.815989   18.2147     20.675154   20.650867   17.18556
  22.83708    25.622976   20.240343   20.568478   29.811222   20.941994
  22.462215   19.04391    20.814005   22.989164   22.434376   25.699514
  23.245054   20.892431   22.836147   29.98257    28.50574    21.260693
  22.641216   26.6365     17.158472   18.260654  182.63104    23.435532
  21.071606   27.15724    21.272814   18.69495    18.688246   16.152803
  18.300386   26.398516   20.415192   25.261036   29.775665   24.24007
  19.275738   26.47751    21.120771   24.011683   18.72988    21.24413
  24.619173   21.952707   19.906263   26.42487    19.561998   22.996172
  23.777721   19.80605    15.035476   22.87603    19.118645   24.959862
  21.684172   16.330784   18.765873   17.577663   22.942886   21.977587
  14.176415   20.446337   24.906466   18.271437   25.361841   18.335493
  21.567802   21.977158   18.071886   16.243763   21.401712   24.761393
  22.503494   21.427856   34.423775   29.274803   18.496632   26.249352
  25.299692   18.687733   19.52959    27.259695   24.95238    24.428352
  20.965134   21.895346   24.756304   19.35181    23.54308    22.609297
  22.139908   22.063717   16.72452    21.668903   22.450825   17.879942
  26.8197     19.782293   18.605211   21.033897   22.871122   19.734266
  22.244324   19.52648    23.944193   20.51204    24.619434   23.037785
  17.915703   15.462111   23.157646   21.169363   19.063416   16.164972
  28.336159   21.017214   17.66143    21.03087    20.288929   18.85677
  21.168997   18.786058   24.201748   20.373459   25.233313   24.493744
  23.850752   24.211716   20.599092   16.53989    25.607058   23.21515
  22.32424    20.721994   29.975933   20.364016   21.858541   28.41777
  22.543734   24.22044    24.66238    22.609392   25.931137   19.98073
  19.620712   25.234459   18.120152   27.826202   21.296974   21.25859
  26.384562   19.630548   19.81153    20.147297   22.889717   22.397003
  17.560612   19.365538   20.357727   21.340015   19.129095   20.961622
  17.597338   18.975933   15.884748   19.833029   24.046322   20.516176
  19.436491   27.817915   19.40189    17.344479   22.305683   20.494572
  19.542337   23.63011    21.366161   19.456612   16.39974    24.007616
  17.848114   23.809818   19.652054   29.780155   20.555704   20.201933 ]",0.5420212765957447,0.48766112625598906
7,31,1457,"[[ 2.89553165e-01 -1.57224566e-01 -6.31264076e-02 ...  5.70358001e-02
   1.67241186e-01  4.37237024e-01]
 [ 3.51775497e-01 -1.14621006e-01  4.08107881e-05 ... -5.21859884e-01
   2.33064871e-02 -2.53903754e-02]
 [-2.87701964e-01 -1.05179816e-01  3.31826545e-02 ...  7.81734765e-01
   5.07028878e-01 -1.31221950e-01]
 ...
 [ 2.24711195e-01 -1.10753782e-01 -4.30931479e-01 ... -1.98131457e-01
   8.62351502e-04  5.53884879e-02]
 [ 9.50562488e-03  6.29327774e-01  3.60224620e-02 ... -2.30189815e-01
   4.52568531e-01 -5.70100099e-02]
 [-1.48378491e-01  1.16700262e-01  6.62429571e-01 ...  7.09009230e-01
   3.66734743e-01  5.86404800e-01]]","[ 25.523792  22.338772  20.119387  21.067142  18.499449  20.258171
  22.898432  28.069918  23.362371  20.314459  19.674986  18.228733
  20.71744   20.617493  21.045824  21.720009  18.59529   19.987608
  18.907835  17.234459  15.580319  19.71261   22.979395  19.1614
  18.460249  23.40356   23.538034  21.22462   19.81716   24.242424
  18.497368  22.32776   23.739716  17.243265  20.638283  18.242014
  21.064632  19.846615  21.82552   20.361311  24.868927  25.697424
  19.195415  18.049934  21.936771  22.053915  27.75659   19.492157
  28.529118  21.842827  19.25971   20.622723  19.763979  24.261206
  19.246277  21.092297  19.590582  25.854012  17.742954  20.101912
  24.707104  17.6336    24.471943  21.18923   19.193708  21.617704
  22.736929  20.63569   19.210947  25.83797   18.692314  25.776325
  16.379333  17.486189  20.809435  17.148586  18.593548  19.090454
  25.25256   22.906643  18.04966   20.914093  20.297882  21.605915
  22.34195   16.477865  21.54372   17.103704  19.94828   17.2286
  17.42133   21.893393  18.42791   25.551805  21.666258  27.21728
  21.857983  21.820982  21.031637  19.935387  20.864223  22.468548
  23.672863  20.109625  22.357344  22.962034  27.621302  22.603792
  18.771042  18.685886  19.811268  20.379328  25.458107  20.228468
  22.340006  18.253468  28.979013  17.016851  17.950184  29.881533
  17.445848  25.384302  16.817942  21.21241   25.197374  19.27305
  16.47294   27.838692  18.903498  19.145803  23.761312  23.48976
  20.790668  18.635286  20.211754  20.186445  19.595163  21.646648
  26.940922  19.182533  19.388214  19.913023  17.74787   26.22044
  20.59879   21.18834   15.859621  21.122383  23.298027  22.609522
  23.22126   16.981064  24.448929  19.704355  15.994356  18.33734
  19.465418  21.02551   23.079206  28.550068  21.184298  23.816326
  26.488834  23.686213  18.038294  22.64661   19.321215  22.237225
  24.079382  15.412019  20.813112  16.892538  21.605604  26.317833
  23.276005  21.988964  19.620222  20.782959  23.543755  24.275192
  17.920973  20.475327  17.710342  20.80902   19.488115  16.383905
  21.95482   29.100843  24.46791   17.361885  21.230959  21.296919
  19.495138  25.356842  16.563644  16.64056   24.936636  20.011337
  18.550346  24.814365  20.302694  22.890524  26.893805  25.010143
  17.339535  22.444445  17.981627  19.024765  21.39072   23.266462
  17.87029   23.712801  19.85214   17.078503  20.783289  21.03744
  17.327034  18.326744  19.938047  20.439425  21.608511  18.96064
  23.488379  20.855415  25.263208  24.545036  24.077831  29.198849
  23.959892  21.65988   25.942574  22.041615  19.911554  24.528555
  23.022947  19.692741  20.460781  17.874418  20.172728  21.755125
  20.590473  19.330488  20.756176  20.177313  22.447231  23.11139
  22.748371  20.366648  21.39482   19.72594   20.284073  20.5391
  20.56123   21.202322  19.04306   26.53809   17.684269  18.87867
  17.88617   24.445787  20.719845  17.568403  18.918665  23.309315
  18.407997  17.966356  22.329824  15.962182  17.761347  21.176636
  24.856226  24.651257  18.773773  24.59076   17.387342  21.379026
  21.102125  16.944214  21.01718   21.434458  23.618568  25.9031
  17.790062  18.845882  31.230963  20.355692  19.628798  19.193573
  16.648512  19.004147  24.77986   22.82078   23.167692  18.379942
  19.965002  25.139664  20.427082  19.26511   18.481224  18.12925
  17.344042  20.60231   22.401833  19.859837  16.805935  22.55527
  19.247751  19.707705  22.950514  17.971214  26.482296  18.579197
  22.31473   22.846199  28.598934  21.573202  19.070692  24.518623
  21.266047  21.609594  18.07469   26.90081   21.001074  20.223696
  16.246078  17.309439  18.984608  22.705542  22.002443  27.12176
  24.891743  22.059807  20.905249  28.836117  19.411703  19.781513
  29.342104  16.822538  22.600483  17.52694   19.027548  26.86262
  17.875109  20.4498    23.451536  21.316643  19.89462   23.981031
  19.568792  22.16924   20.889202  22.165567  17.201267  16.673912
  27.619942  24.898764  22.991844  19.232023  24.775026  21.976965
  18.34317   35.885532  21.623814  18.605152  23.597576  18.155497
  16.291285  29.224977  20.270708  19.3801    25.152136  19.161299
  23.15003   21.137358  17.686192  18.616693  19.963001  24.509922
  24.00376   26.549519  18.405642  17.047234  18.988697  18.535833
  21.41177   20.416368  28.838848  25.73216   23.0057    23.988752
  23.844963  19.441406  20.08473   23.870707  20.110172  20.075901
  17.013586  27.399637  16.801998  18.659163  20.587011  21.604034
  25.173939  21.191862  15.707746  25.643476  21.21879   23.95592
  20.13037   18.039644  21.57465   19.940302  20.873775  25.084023
  27.696499  21.961325  24.186401  23.656271  15.384002  20.432468
  16.225597  19.75669   21.821693  24.550335  25.528025  20.553501
  17.6496    24.180487  20.589828  25.100597  20.207697  22.87204
  19.597076  14.102799  17.680588  20.646143  18.26107   19.395613
  26.860987  18.25573   22.745018  22.504725  23.47171   22.3247
  18.868847  19.39219   23.168621  23.597282  19.763514  23.5324
  16.850807  16.77617   26.471699  21.582865  25.435217  23.616661
  22.238832  28.798252  20.705704  22.5759    25.783295  20.469782
  22.811117  20.851479  16.191769  19.453226  25.83163   19.083412
  19.132742  19.459593  25.982298  13.318289  17.818563  19.434912
  22.860472  19.26339   21.465017  16.41067   18.677616  22.185225
  26.904236  18.466866  18.457897  22.7582    14.252828  21.421593
  16.23871   18.880735  14.442657  20.869854  26.119654  24.51538
  24.416147  17.770706  21.266932  19.489244  18.540016  22.728046
  19.180187  22.394358  21.070621  29.322733  21.641861  26.369621
  21.152597  15.041718  29.489756  21.563864  20.449095  19.03646
  19.978409  29.592066  20.651785  21.463535  22.82596   23.027254
  19.19866   16.189882  19.11149   21.727747  20.945944  19.84565
  21.941696  20.950085  20.524689  21.182514  20.907026  24.13384
  26.36134   21.369862  25.946507  22.797401  20.179743  23.412167
  21.45339   18.846098  19.938671  23.889906  22.990622  18.542288
  21.156227  19.200914  18.11261   25.13453   21.901567  19.757631
  20.082376  21.136988  27.184671  19.92035   17.302626  23.164204
  20.037481  23.43512   17.40837   21.502838  24.269026  21.561996
  18.117308  19.802914  27.179045  19.644205  23.083223  19.852448
  21.059755  20.96029   20.826513  21.611094  18.506945  22.700155
  18.653332  17.70644   18.61483   17.698626  24.37864   19.10093
  22.341948  23.22867   19.536953  20.153954  21.612255  18.916481
  20.99426   22.287758  19.320389  20.518866  28.748583  20.90126
  21.130396  18.79573   22.362381  21.307043  20.536043  23.514294
  25.085453  21.370598  18.82673   28.667524  27.340223  21.956526
  22.369967  26.037912  17.988493  17.484379 178.86726   24.36812
  20.844309  27.498343  22.755531  19.384462  16.034708  15.714457
  18.209236  26.68569   18.73567   24.300028  27.851282  23.742441
  20.093973  23.567636  20.781473  24.203434  20.53622   19.900269
  23.545197  21.659052  19.047892  26.918     18.963955  22.134464
  23.963024  20.675245  16.214714  21.969173  17.79021   24.596613
  20.419817  16.561293  18.635695  15.849323  22.98645   22.25502
  14.200634  19.555708  25.62201   19.14231   24.648483  19.538877
  21.622898  22.068808  18.3221    16.202631  22.429007  26.295
  22.191044  19.2993    33.0792    30.02108   17.400976  24.847353
  25.49338   16.510893  19.794083  29.670916  25.075693  25.007269
  19.071827  24.347118  24.401281  19.505922  22.741148  21.190556
  22.495127  21.819359  17.887562  19.353903  22.470352  17.36932
  25.03973   19.737488  17.833872  21.4691    23.334978  17.568392
  19.559196  19.787504  23.481245  17.923506  23.18091   22.346678
  17.625837  14.644002  21.974657  19.55441   18.745329  16.45622
  26.638786  20.26054   18.705414  21.115955  19.94086   18.0971
  21.223608  17.13685   22.403633  18.89115   24.365751  22.885855
  22.74462   24.10217   20.005594  16.095182  24.578314  21.835905
  22.771235  18.468178  29.389078  20.754349  22.433306  28.639515
  21.132874  22.207727  23.646189  21.452639  25.602762  20.635538
  18.276108  23.471317  16.943165  26.552578  19.551163  20.333755
  28.395256  18.301731  20.788534  19.70986   20.22933   23.713612
  17.119745  18.375362  18.580414  20.75862   19.542315  21.562645
  18.028439  18.52621   16.35501   19.136614  21.21729   20.538593
  19.758297  26.662579  20.231775  17.86177   23.07368   19.103096
  18.514582  22.141989  19.734776  19.234776  16.798601  24.136284
  17.913914  21.831472  18.192848  31.669895  21.050453  20.96519 ]",0.5563829787234043,0.4990942507982254
8,31,1457,"[[ 0.6640385   0.11657798  0.14695899 ... -0.29209    -0.03453014
   0.14260022]
 [-0.00487702  0.31353047 -0.15784357 ... -0.21466115  0.19320738
  -0.16796389]
 [-0.2216406  -0.02308807  0.0260358  ...  0.08169457 -0.04239988
   0.28430933]
 ...
 [-0.19831051  0.2883665  -0.22971073 ...  0.5741573   0.23419723
   0.6872814 ]
 [-0.04761434  0.07395925 -0.10092425 ... -0.3537411   0.4200685
   0.26566607]
 [ 0.3063895  -0.304106    0.43445507 ...  0.23481841  0.3087384
   0.59200895]]","[ 22.75008    20.929142   19.215754   18.420265   17.70468    18.413057
  20.647718   28.404568   21.426842   20.739874   17.735401   19.328205
  19.78346    19.045008   21.614576   19.763361   17.666306   19.99764
  19.411957   16.263895   14.679354   17.106512   22.231485   18.640827
  18.749199   20.897184   21.750381   19.088385   18.074038   19.639616
  16.798265   19.59972    22.482628   19.131859   20.093678   16.512688
  18.24349    18.946205   21.151236   18.423244   23.09488    21.810442
  15.794679   17.765574   19.329185   19.983212   25.211607   18.30396
  26.074322   20.123903   18.58236    21.00084    20.465576   22.835466
  17.041855   20.147923   17.908955   22.66827    15.929206   19.445744
  22.32732    15.890903   22.899786   22.652216   17.992054   18.704243
  18.84584    18.317091   19.811947   22.152054   17.7958     22.27662
  15.80012    14.690132   17.124765   15.726444   16.503555   17.221973
  21.314215   21.716368   17.313667   19.436058   20.076874   19.431028
  20.628912   15.466934   20.510653   16.375559   19.05023    16.215002
  16.871641   21.374022   18.486319   26.26543    19.647942   24.301794
  19.821186   19.408932   19.296577   19.496302   18.938807   20.667133
  22.3927     18.63833    20.13048    22.33188    25.859291   22.236248
  16.900116   17.527357   17.71677    20.146883   23.999355   17.989513
  20.550955   16.678875   23.895824   16.882505   17.59026    24.843655
  15.777427   24.155504   14.70598    19.443686   21.809538   20.154566
  15.195078   24.495844   18.380068   18.445644   20.744339   21.70791
  18.20526    18.979609   21.564032   18.936007   17.936142   22.475576
  24.943333   19.103872   18.035183   18.262905   15.646403   25.713886
  18.682878   19.126795   16.804766   18.262825   22.845528   20.7839
  19.767399   15.859217   22.243479   18.901575   14.840509   16.125273
  18.140211   18.551012   22.592041   27.05436    20.169025   21.672714
  26.158842   22.556515   17.09102    19.529709   18.50439    21.67249
  20.522299   14.959343   19.253294   14.544951   18.48731    23.943356
  22.740044   19.434761   17.144615   20.445642   22.87723    24.25846
  16.056213   18.888159   15.355291   18.210623   18.50548    15.519759
  19.773092   26.61414    22.842947   17.271614   19.886951   19.175968
  17.832445   21.45291    15.7095785  15.516587   21.209639   18.266903
  16.806116   24.970995   19.904558   21.57954    23.726297   23.303534
  16.619112   20.158142   18.45925    17.361883   20.107546   20.022982
  17.466854   20.582727   19.73208    17.560766   19.454666   18.494768
  15.133805   17.831207   18.810001   19.710192   21.1713     16.860289
  23.239109   19.135841   25.925833   23.785019   22.432196   25.001965
  22.723688   17.606012   25.334234   19.773182   19.898909   22.814024
  18.494823   19.350943   19.647963   15.902406   20.267572   20.376692
  18.947714   17.943726   20.272694   18.508087   19.625902   23.00288
  22.777939   17.792025   20.6936     18.788937   18.274837   16.738197
  19.538437   19.194614   16.52775    25.949724   15.792369   18.27264
  16.498383   21.45205    19.572844   16.94734    16.226553   22.513783
  18.35465    15.87879    21.353823   14.767599   17.032227   18.971266
  23.465986   24.13934    16.805044   22.55734    17.109674   18.48598
  18.458513   16.55143    20.024078   20.69852    21.711163   23.518131
  17.059042   18.14519    29.479847   19.106375   17.0223     16.770884
  16.382725   18.017942   21.988821   20.059822   22.998714   17.726343
  20.15748    21.749033   18.054802   17.6144     18.30829    17.832115
  16.381477   19.388319   20.273241   17.545118   16.262138   19.233757
  16.9557     19.930084   20.18147    16.890606   25.13218    17.374481
  20.316055   19.995625   26.983679   19.872583   17.982622   23.947853
  22.413536   18.769632   17.093287   22.741274   19.543642   18.362791
  18.729998   16.722454   17.381552   21.014791   19.47131    25.743801
  22.385233   21.328886   18.47106    23.67458    19.39475    18.720005
  25.808369   16.416254   20.64308    16.89236    19.164465   27.175262
  16.556637   19.750422   21.591278   18.761992   18.178112   21.47428
  18.019297   19.607298   17.162214   19.660614   17.156496   16.046345
  23.185835   23.067278   18.140905   17.657099   26.432835   21.509146
  16.944866   32.028736   21.132038   18.635368   23.038513   17.333477
  15.017342   29.005816   17.858955   17.408916   21.47307    19.62337
  21.4364     21.623226   15.730919   17.685743   17.355844   21.412834
  22.58905    25.273987   17.104414   16.476894   18.54817    17.372927
  21.49378    20.168722   25.403719   22.891146   22.59441    20.059496
  22.120365   19.194468   18.704165   21.798601   18.738562   19.461103
  14.252412   26.972319   16.035248   16.80728    20.428982   20.5793
  20.59923    20.513462   16.550636   23.304077   18.796944   23.269474
  18.051403   16.059744   18.667412   18.748354   17.977715   24.892895
  29.022474   21.015614   23.345814   21.074167   14.307833   19.382471
  15.61551    19.070253   20.043423   22.499125   22.426407   20.522913
  17.06601    21.326015   19.264711   23.284473   19.598162   20.335474
  18.881668   13.211089   16.656      21.11488    17.212564   18.500277
  26.768702   18.238226   19.97634    22.812649   21.878885   21.530481
  18.854944   18.341417   22.29694    21.239311   18.942257   21.424837
  16.672472   15.821826   22.792534   21.569504   21.653639   22.496395
  21.866665   26.06893    19.682322   21.70262    21.2817     21.040516
  22.026106   19.283665   14.322434   17.407558   23.571312   18.275423
  17.900259   19.713812   24.17079    12.840016   18.06708    18.528538
  21.42641    18.028717   21.304174   16.39444    17.446804   20.597296
  25.67337    17.266031   17.927174   18.475845   13.647509   19.824196
  15.767224   17.37951    14.563353   19.638073   22.290056   22.53938
  23.099482   16.691734   16.689568   19.55092    18.282816   20.068874
  18.061893   20.697954   20.889978   24.110205   20.524054   24.417105
  18.55831    13.855709   27.402763   21.635324   17.375896   17.6587
  19.096964   28.138502   19.983072   19.522211   22.257635   21.961723
  18.281105   14.665269   18.487122   20.091671   19.062788   20.42473
  17.480116   18.073444   20.956232   21.235126   19.280521   22.112444
  24.866142   20.514872   22.254475   21.972433   18.546743   21.855316
  20.453512   18.69589    18.932299   24.63247    19.28925    16.311565
  21.617226   18.873442   17.555859   23.5051     21.452751   17.96192
  21.05184    19.348602   25.24281    17.047705   17.288612   19.91352
  20.584032   20.973822   14.732802   17.095675   24.122534   18.511332
  16.77239    18.87637    25.674501   20.77369    20.59054    17.028381
  18.156233   20.507662   19.355621   19.969007   16.913595   21.675858
  17.505901   16.887808   18.131207   17.396114   22.700386   19.311798
  18.001024   22.81084    16.805937   19.379993   20.399609   16.322046
  21.293589   20.943521   19.024782   19.89608    27.152449   18.95609
  19.258268   17.35578    20.425676   17.61456    20.078568   21.139181
  21.60721    18.009998   18.655046   26.903748   22.653223   21.138596
  22.35096    21.835754   18.263008   17.330433  152.76524    21.908438
  19.7872     22.601173   19.861391   17.531248   15.634323   14.6729555
  17.218908   24.942783   17.928173   23.550306   24.650211   22.308155
  19.250298   22.882143   20.42159    21.341265   18.73575    19.22629
  22.092867   19.420553   16.942884   24.513096   16.575853   22.958399
  22.877321   20.899773   13.917523   20.269184   18.581902   23.1963
  19.30029    16.154001   17.938446   17.792171   19.049484   19.571795
  12.406232   17.710934   23.157446   17.878878   25.369446   18.516272
  20.373074   20.722311   18.079634   15.035189   21.727774   23.631075
  20.31087    19.97776    27.997341   25.264997   16.069582   22.092936
  23.371866   16.687344   18.624283   28.275337   20.630589   22.558264
  16.512686   21.805561   23.014156   18.66238    20.464819   21.032204
  20.26698    19.643356   16.883602   19.444511   20.579193   16.33618
  24.18369    19.630104   17.62501    20.984499   20.764696   16.640974
  19.489717   18.60906    20.71975    17.695328   21.858198   21.826885
  16.847898   13.911825   21.802778   17.932678   16.349546   15.526638
  21.775242   18.660053   16.839561   20.745337   20.527737   16.999283
  21.333445   16.450275   21.359137   18.157759   24.148624   23.145435
  21.0487     20.630766   19.292923   16.416529   21.33822    21.439455
  20.27241    16.96516    26.540716   17.769207   21.327917   26.216846
  19.488182   20.389683   20.81625    20.262276   22.897491   19.735987
  18.901749   21.595707   14.762646   25.248808   17.998531   18.507063
  25.714476   17.715319   19.594677   19.247095   19.425701   21.700033
  16.883705   16.921146   18.985422   18.916979   18.049023   20.338505
  16.114985   17.954374   14.471421   18.063095   21.95003    17.313509
  17.452534   24.919704   18.898287   16.322657   21.1744     17.655312
  18.31132    22.392437   19.065434   17.706991   15.760417   20.638958
  17.626493   21.05125    18.631573   27.648176   19.866707   19.165733 ]",0.6180851063829788,0.535456336537997
9,31,1457,"[[ 0.4493037   0.01025238  0.30437303 ... -0.09238845 -0.2739588
   0.22470751]
 [ 0.1635822   0.62261343  0.18449138 ...  0.18940054  0.18301181
  -0.00304112]
 [ 0.0141446  -0.19273157  0.58570164 ...  0.2262139  -0.02310798
   0.03805385]
 ...
 [-0.1523077  -0.10378726 -0.05421196 ...  0.30709994  0.29413107
   0.06373963]
 [-0.47801587 -0.16675398 -0.157814   ... -0.05784762  0.42214903
   0.08086406]
 [-0.2816578  -0.11367642  0.12593892 ...  0.01335748 -0.02520303
   0.25994575]]","[ 20.195013   18.84173    17.198425   16.271105   15.9730015  16.379995
  17.005089   27.072853   19.702755   19.616716   15.877311   15.936001
  17.836933   16.621256   18.69883    17.429798   18.005632   15.317443
  17.200596   14.219744   13.270708   15.388317   20.574015   15.645123
  16.57999    19.162779   19.010492   16.648672   15.988693   19.05181
  14.931082   16.604132   19.598728   15.355962   18.748375   15.509555
  17.13717    15.765294   19.117455   15.920627   18.742786   18.111017
  13.849001   15.643596   18.449755   17.39986    21.112226   17.48824
  23.113455   18.001122   18.422691   16.653627   17.377674   17.704487
  15.945746   17.578892   15.6098175  20.778868   13.701317   17.309954
  18.281187   13.304927   17.947672   17.320515   16.252403   15.7183075
  16.795979   16.738329   14.991965   18.629557   15.991753   18.163095
  15.431763   13.845512   16.982676   14.662421   16.602215   16.18026
  19.070553   19.536413   14.611919   17.171095   17.998024   16.997522
  19.048265   13.792502   18.80893    15.520982   17.704113   14.2954645
  16.070414   17.517115   15.47921    22.941645   16.333992   22.541807
  19.451302   18.149632   18.173405   17.906181   17.230501   16.844498
  20.089582   14.584888   17.560587   19.828657   21.897825   17.212019
  14.113981   16.345324   14.124282   16.026073   19.380142   16.220972
  17.784523   14.715449   19.223148   17.185476   15.390845   21.247402
  13.464633   20.90292    13.243545   15.225673   19.712236   16.821348
  13.095417   22.074238   17.096487   17.198442   18.820604   19.8891
  17.525106   16.82309    18.576342   16.708435   16.953215   19.595848
  21.629047   17.183432   14.684719   14.0482235  13.494013   21.96983
  15.2215395  16.896599   12.976905   16.529343   18.725866   19.083519
  17.986658   13.974349   18.613338   16.510826   14.063693   14.317718
  14.245644   17.614553   17.17418    21.813805   15.784285   20.694565
  24.095167   19.760813   13.874573   17.21628    15.761925   20.221884
  18.615566   13.927653   17.107042   13.854709   17.571342   22.829336
  18.940042   14.855406   15.932747   17.92553    19.594606   20.096292
  14.790804   16.699799   14.2075405  15.540199   15.745648   15.516427
  16.733671   21.42793    18.333494   15.274145   18.368834   16.337881
  15.116745   19.266123   14.475974   13.645232   19.861223   17.37957
  13.739857   20.506073   17.881468   18.512047   19.589314   19.819212
  14.700037   17.34584    16.162092   16.284723   17.748943   17.717054
  13.797806   18.35375    16.852701   14.663652   15.667137   16.656612
  14.113046   16.234823   17.209436   16.44611    16.591324   16.32083
  17.970226   16.356749   20.732319   20.307638   20.1023     21.5552
  19.898232   16.764027   20.438026   17.640451   18.126442   18.616491
  16.24092    15.736555   16.153856   14.323559   18.151712   18.007782
  19.425613   16.490126   16.628729   15.29694    18.690235   18.197882
  17.609772   16.337055   18.466995   15.407784   16.068747   16.104744
  17.77214    18.698427   16.210659   26.340027   14.522387   15.764839
  14.333139   19.115337   16.708775   14.127822   15.661173   19.160917
  15.942171   14.74231    17.773552   14.494644   14.299355   16.974442
  19.73023    20.248514   15.454703   17.086159   15.479885   17.191587
  15.699975   14.469802   17.161282   17.48945    19.038391   18.879822
  15.252302   16.015001   24.117472   16.088808   15.594645   16.662035
  14.464022   16.210424   18.44777    18.122303   19.781382   15.595626
  17.772476   19.109396   14.709589   16.738853   15.42012    16.336681
  13.877585   16.816568   17.831068   16.5355     14.16905    16.087984
  14.2864     15.833613   17.189825   16.01474    22.162937   14.844249
  18.714334   18.330893   21.079454   16.172525   17.2617     20.25839
  18.8706     17.34651    16.840805   19.778103   17.52333    14.667412
  16.322117   15.539893   15.810441   18.529104   17.539017   19.103153
  19.273079   19.125319   18.396402   21.107203   16.982882   15.8745985
  24.653961   15.388725   17.419003   14.975502   16.40573    27.75844
  15.762631   18.26252    19.18513    18.144901   15.435735   16.865072
  15.48161    17.513042   16.33302    20.028605   15.107788   15.089815
  22.265873   19.833801   16.440435   15.272442   22.187422   17.660702
  15.39286    25.57003    18.361168   14.149407   19.51472    15.3639345
  15.0289345  24.033607   17.136942   15.484927   22.283823   16.422976
  17.527033   17.833878   14.086576   15.669378   14.333426   18.983948
  17.860466   22.337748   15.401977   15.078535   16.058464   15.016019
  17.58587    18.713982   23.049149   19.417856   18.80206    18.275705
  19.072205   15.784124   16.24851    19.473207   15.029352   16.304508
  13.291132   23.357786   14.561462   15.3623085  17.279272   18.292381
  18.406496   17.318624   14.125101   20.137913   16.412056   20.442673
  16.452887   15.791403   15.407405   16.49091    15.624516   20.618303
  24.104893   17.487818   18.80675    18.574465   13.339135   16.543314
  13.666335   17.870314   17.837505   20.894861   19.810698   17.954578
  13.9487095  17.631735   17.155392   19.933666   17.746399   17.535006
  15.827464   12.207161   14.5137205  19.376047   15.3508     17.621387
  21.61437    15.985612   18.750996   19.420815   18.176521   18.890375
  16.197117   16.071447   19.637321   19.489916   17.220766   18.866703
  14.892161   13.979287   19.023092   18.079918   19.281847   20.652239
  18.815817   22.31264    17.529213   17.45635    19.46345    17.573908
  19.405708   17.8056     13.209926   15.413571   21.240885   15.8457155
  14.963054   17.704239   19.24286    11.904437   15.222263   16.028015
  17.645353   15.503294   16.902779   15.644403   15.85186    18.715103
  21.256083   14.571875   15.356226   17.550507   11.939464   16.75613
  13.630266   15.678501   12.445666   16.698502   21.244648   18.639904
  18.405556   15.157062   16.537657   16.702263   17.366446   17.818798
  16.995407   18.634      18.142153   20.671162   16.545855   18.638153
  16.44102    13.270303   21.18877    19.625866   15.226838   16.184244
  16.073908   23.183346   17.615843   16.99998    19.261723   20.395699
  16.037102   13.998578   16.9459     16.556316   17.645065   16.24131
  15.420316   17.869703   15.862305   17.475235   16.50236    19.238092
  23.680555   15.497855   18.157507   18.068222   16.669018   18.736473
  18.676235   15.887233   16.713984   20.607183   16.755781   15.897102
  18.414248   15.258478   15.703517   19.532305   16.772179   14.286195
  19.25283    16.02066    23.583994   16.46253    15.912421   17.113382
  17.747602   18.899897   13.992866   15.818187   19.50652    15.378196
  15.027616   17.623398   21.681326   17.135561   17.384966   15.440974
  16.67557    17.218134   16.740622   15.726927   15.950965   17.000902
  14.608246   12.958229   16.345709   16.056015   21.72276    16.702208
  17.044138   21.582827   14.661548   15.949016   17.848186   14.851424
  17.377024   18.276672   15.529839   18.22492    21.591578   14.630019
  18.012836   15.277861   16.969818   16.649588   17.95579    17.961819
  19.8391     18.993855   16.522755   21.705833   19.7428     16.633572
  17.313261   19.798927   15.346177   14.843523  142.39229    19.982866
  15.383345   20.007427   17.576605   15.727002   15.703547   13.639386
  15.328673   20.471178   15.71866    18.38356    22.337164   19.490376
  15.885824   19.830915   16.95944    18.6494     16.302656   16.31432
  19.939697   18.39082    14.597662   21.386011   14.877376   16.280476
  19.468102   17.217222   13.995532   18.386997   15.827892   19.133144
  18.562878   13.775458   15.300982   14.659952   16.961365   15.042477
  12.508991   16.506683   19.676298   15.51138    19.701641   15.896599
  16.686344   18.374887   17.017042   14.204859   18.361086   19.020128
  16.990166   16.549068   22.865847   21.924557   14.730981   21.515762
  20.642347   14.464119   17.455568   21.621595   18.762257   18.62608
  16.341913   19.906893   19.98181    15.423      17.030266   18.029478
  19.50032    17.417194   16.236643   15.899828   18.146477   14.09476
  19.356195   15.975777   15.949648   16.239464   20.227402   14.591954
  16.193224   15.616117   17.710379   15.802479   19.178978   17.022373
  14.700986   13.7677965  17.363062   16.074928   14.474026   14.185507
  20.449337   17.73974    15.169592   18.189068   17.45375    14.444671
  15.711211   15.686435   18.31864    16.865597   19.700039   18.595247
  17.768213   18.790918   15.403046   14.760264   17.699087   19.274706
  16.459888   17.308695   25.087852   17.042078   18.03557    21.143614
  15.138855   18.636078   17.896793   17.541264   19.677872   19.369965
  16.384718   17.589376   13.444792   23.775272   17.042898   15.924524
  20.996374   15.400816   15.165807   16.56135    17.01114    18.145172
  15.940155   14.905512   15.631296   18.18178    16.520847   15.297213
  13.799474   15.054183   12.918298   15.870813   17.171633   15.3067
  15.522359   20.87218    15.527832   13.058875   19.18872    15.568426
  16.469255   19.512486   17.185265   15.966533   15.381293   19.663824
  14.697148   17.919992   15.548825   26.309053   17.508902   16.832806 ]",0.6702127659574468,0.5896036148071289
10,31,1457,"[[ 0.42604738 -0.11698034  0.11390875 ...  0.07815598 -0.18638319
   0.09953289]
 [ 0.04240052  0.5185674  -0.24751353 ...  0.16542248  0.11311752
  -0.11340068]
 [-0.15522324 -0.01436118  0.2706383  ... -0.02521979 -0.03299852
   0.03583961]
 ...
 [ 0.206159   -0.08025059 -0.13152236 ...  0.49457687  0.0812459
  -0.0391839 ]
 [-0.12589854 -0.24394427  0.03727472 ... -0.05423336  0.59806186
   0.08223765]
 [-0.11836382  0.05457178 -0.09889358 ...  0.0806674   0.22762315
   0.40168616]]","[ 19.146255   16.777061   14.887325   15.219488   14.849784   15.131481
  14.587048   19.07422    15.610083   16.609505   13.561903   14.528436
  15.652936   15.356555   14.201157   13.982456   16.7611     15.605114
  13.63023    12.266233   11.689136   13.452624   18.761623   15.136729
  14.1904335  15.745469   16.40934    12.813632   14.629605   16.55223
  15.844184   15.664487   16.842623   14.060588   16.894997   13.445319
  14.97291    13.55382    17.936056   13.870686   17.959177   16.731249
  12.55491    13.494998   14.932438   16.330545   19.171917   14.440879
  18.3739     17.90556    17.716629   13.802877   16.504005   17.274282
  14.444712   16.187714   14.388681   18.18074    13.982755   14.177958
  16.384031   13.145195   16.508238   15.083249   15.148513   15.852202
  17.391783   14.13586    14.114448   15.777081   14.700455   16.327896
  15.057287   12.933037   15.24779    13.221052   14.755039   13.65941
  15.489275   15.240538   12.644602   15.296182   15.3331585  15.019179
  16.936031   12.89289    15.416135   13.903827   15.4768715  11.801807
  13.203891   14.99563    13.410973   16.981943   14.422008   19.596699
  16.797892   16.62681    14.587309   15.75725    17.279577   14.945497
  18.665968   14.53588    15.61394    15.640882   19.21872    15.924661
  14.497421   14.632728   13.681419   15.288411   16.317703   14.827302
  14.5606165  12.9163475  19.406313   17.037083   12.617312   20.387669
  13.321485   18.741867   13.165137   13.810279   17.739407   14.656317
  12.546423   19.25174    17.012243   14.794909   17.357777   18.460125
  13.857874   15.724876   16.333433   15.497123   15.724146   17.269445
  17.034386   14.418311   13.090583   13.375694   13.797315   17.415443
  15.636915   15.736002   12.484996   15.094115   17.566332   17.844172
  14.691545   12.859621   16.677366   14.1880665  11.392323   11.954901
  15.576004   16.571663   15.530709   20.066055   15.866593   17.29218
  20.974068   17.168203   13.80896    15.6739235  13.495113   18.893469
  16.038568   12.186364   13.838977   11.321736   14.961725   19.978283
  17.765131   13.343623   13.930082   14.013015   16.645443   19.708094
  13.369763   13.492637   12.693923   13.45796    13.860033   14.876626
  15.739482   20.6563     18.298752   14.573935   15.804615   15.440156
  12.490081   17.8859     13.441417   13.078872   16.093529   15.926472
  12.266501   18.380892   16.475195   16.732855   17.700274   15.900889
  12.718866   15.3933115  14.597518   13.547901   14.206163   14.636361
  12.245893   16.36883    15.116959   13.350827   14.482578   14.403789
  11.603252   15.910525   15.099447   14.769991   15.294609   14.812404
  17.74408    15.648296   18.862082   17.805946   17.603136   19.902925
  16.931292   14.837622   16.289145   16.32492    17.754007   15.474944
  13.862861   14.668471   13.585653   12.948693   16.913048   16.832321
  14.942443   13.145725   15.013728   13.286334   16.196905   16.997389
  15.51039    14.4218855  15.337437   14.47338    15.043859   15.836638
  15.410603   15.613911   14.622456   25.382782   12.212415   15.084343
  13.984126   17.207106   14.653887   12.8751955  14.447864   17.205387
  14.759429   14.450078   15.175995   13.699754   12.1866665  15.277186
  16.519339   16.82698    13.618674   14.796035   14.122012   15.502911
  13.80386    13.167527   15.016854   15.5455265  16.848755   19.31189
  12.763937   13.988829   20.87792    14.621551   14.249796   13.913892
  12.074688   15.482552   15.808182   15.464706   16.608751   13.470807
  15.5160675  18.228943   13.54027    13.907208   13.923964   13.996228
  13.816711   15.304397   15.102043   13.42465    12.617715   14.920977
  14.495646   13.642299   13.321458   14.763237   20.606897   13.642528
  15.56992    17.638346   18.062038   13.6842575  15.3431     17.769133
  16.971767   13.372593   14.993831   17.315004   14.303487   14.138355
  14.938865   14.072194   15.274632   15.291307   15.887413   17.073837
  18.707815   17.590378   15.8984585  17.51105    15.715303   15.989763
  22.113321   12.862355   14.711004   13.445815   15.408542   27.564695
  13.67893    15.989909   17.839592   15.619601   13.892373   15.727829
  13.017081   15.986709   15.199701   15.165077   12.729439   12.427714
  19.516596   16.781715   14.349438   14.093959   19.942736   17.094618
  13.940497   20.651945   14.940733   13.53313    16.800785   14.243447
  13.227659   20.901566   13.106705   13.878854   17.819538   16.01558
  16.789906   15.758392   11.106855   14.023246   12.876326   17.082884
  15.690123   18.607609   13.293102   12.162585   14.475851   13.62915
  14.518411   17.055548   20.114561   16.706387   16.091928   16.123093
  16.762608   15.587606   14.042734   18.784763   13.912031   13.488849
  11.065615   19.86683    12.956478   13.989505   16.52295    16.45464
  16.667807   14.316182   12.95095    17.781631   14.798103   17.207823
  13.932206   14.94784    15.025219   14.51439    14.812903   16.104136
  19.469725   17.024893   16.180426   19.441841   10.999562   13.715733
  12.375471   16.393414   16.225708   19.333904   15.8049135  16.157196
  12.6909075  16.13241    18.13828    18.148394   16.313797   13.850058
  13.37887    11.428524   13.906722   15.523074   13.076028   16.079817
  19.291399   14.620629   15.814486   16.708471   15.1791     15.394817
  14.757558   14.926308   18.48426    17.910952   16.047712   16.542175
  12.78919    12.56744    17.266102   15.481793   17.3984     16.231184
  16.5393     19.594852   15.807792   15.5146675  18.09723    13.7837925
  17.290848   16.790403   12.405752   13.838938   17.973112   14.189104
  13.91844    15.530977   18.658602   10.5605755  13.2911625  14.429802
  15.381332   15.1571045  14.605557   13.249212   14.446843   15.481474
  21.022934   11.850964   13.593734   14.652941   11.853088   14.349691
  13.419364   15.215832   11.369326   15.827535   18.5611     18.150198
  17.44109    13.392537   15.892876   14.092792   14.844551   16.954807
  14.029063   17.330381   15.357759   19.687536   14.473087   19.47324
  13.685204   12.626495   20.475922   18.210691   13.111233   13.812607
  15.113678   20.004677   15.589271   13.886288   17.064806   17.543673
  14.86714    11.551577   14.976254   15.388336   16.04308    14.47441
  13.605456   15.718391   15.078093   15.4959135  15.386902   17.190563
  18.65421    13.149135   17.305859   16.390776   17.337627   16.76368
  14.533096   15.620345   13.215469   18.674686   16.642582   15.244836
  15.253216   13.49523    15.372642   16.07179    15.645229   14.067236
  16.429955   14.71809    20.466082   13.256727   14.28545    15.125638
  16.00375    16.624458   12.975081   14.136817   18.136541   14.532207
  13.435259   15.412845   18.19964    13.708345   16.501963   13.92844
  14.844152   14.989001   14.944662   12.774805   14.419267   14.321024
  14.007801   11.709734   13.391495   13.481771   17.530039   14.499565
  14.478018   20.490412   12.262709   14.746204   16.20564    12.870412
  13.709459   15.741751   15.304615   16.146505   18.66549    14.356594
  14.328356   13.112727   13.977681   14.554043   16.46829    15.940426
  17.897377   17.316614   14.947543   19.413225   17.63853    15.254765
  16.037853   19.33582    13.842168   14.349143  124.31765    16.774012
  15.026642   17.351765   16.300888   13.093579   13.039312   11.582734
  13.215667   18.812141   14.23823    14.864204   19.454046   16.83395
  16.498398   17.030163   15.6217375  17.717184   14.920434   14.541678
  17.68782    19.544037   15.301244   20.307692   13.563461   16.537563
  18.548609   15.417895   11.752712   15.761367   13.335722   16.272358
  16.259644   12.168642   12.127494   13.898871   15.859546   14.579906
  10.899693   15.222144   17.616812   13.698498   18.023624   13.1339655
  14.93575    15.529117   16.506529   12.532884   15.9188175  16.255981
  15.925757   14.418733   21.997902   22.179703   12.540829   18.14691
  18.024153   13.204346   15.096442   19.336828   17.32226    18.497583
  15.711352   17.392885   17.86266    14.144476   17.636402   15.713772
  16.944305   16.12193    14.040661   14.173978   15.065367   13.798148
  17.603117   14.514485   14.0339575  15.064212   16.868378   13.661346
  15.798563   13.906059   15.68086    15.264381   17.526634   14.591542
  13.162108   12.66401    15.4459305  15.5025215  13.358312   13.413589
  17.007437   14.665649   14.146843   16.571415   15.486486   12.930673
  14.201293   13.098171   16.703672   14.7951565  17.829493   16.966799
  14.31054    16.146885   13.28057    14.214023   16.117722   17.464848
  16.593376   14.561505   24.854357   13.75458    16.815296   19.971298
  14.333753   15.769314   16.54149    16.351398   17.64389    16.72923
  14.341843   16.6639     12.150565   22.354795   14.075135   15.426496
  17.428982   13.843519   13.567488   14.571373   14.390382   16.06475
  13.427326   13.952303   13.126966   15.1972065  13.391422   15.952514
  13.699503   12.728532   12.47636    14.356798   15.000565   14.673307
  13.588995   17.49823    14.038894   12.209825   16.80719    14.17931
  15.1292515  15.845826   14.9740505  14.736838   14.607263   17.186363
  13.380134   15.809538   12.545635   21.9497     16.35677    15.200237 ]",0.6936170212765957,0.629393857717514
11,31,1457,"[[ 0.69636226  0.00829944  0.05858311 ...  0.0412687  -0.12226233
   0.04983319]
 [ 0.05695088  0.56589806  0.04570824 ... -0.14191833 -0.04950408
  -0.0863895 ]
 [-0.13824826  0.05225999  0.5954382  ... -0.00722349  0.12716466
   0.10944424]
 ...
 [ 0.07855201  0.03474212 -0.03269238 ...  0.51987904  0.02027919
  -0.0766645 ]
 [ 0.00572498 -0.11302815  0.03965071 ...  0.21002612  0.6160525
   0.0164537 ]
 [-0.06141061 -0.03186544  0.03574249 ... -0.00638635 -0.12159498
   0.45111912]]","[ 16.823757   14.200665   12.590337   13.006694   11.859785   12.941987
  13.291279   15.622383   13.552223   14.011124   11.826189   12.206334
  12.47522    13.662384   11.783986   12.689387   16.658401   13.504975
  12.18523    10.835722   11.115188   12.68333    15.588156   13.0891485
  12.420627   13.656248   13.63275    11.60265    12.18362    14.855769
  14.834006   14.649891   14.276978   12.100905   15.262672   11.707958
  12.6984415  11.37609    13.896346   12.4639     14.799531   14.019534
  11.519106   11.057434   14.1617155  15.175425   15.843093   12.487614
  16.689623   14.41157    15.759152   12.87927    13.815817   15.828005
  10.984287   13.873133   12.406738   16.683584   12.890469   12.900087
  14.29078    11.9838505  14.078333   13.122801   12.85143    14.285939
  14.756843   13.162377   11.951957   14.181576   13.447413   13.176151
  13.092457   11.482355   13.120364   11.575878   13.679503   13.047917
  13.06148    13.556057   11.242      14.234516   14.088764   13.549878
  15.403022   10.447597   13.590413   11.154568   13.975714   10.7091055
  10.872309   12.970061   11.719312   14.416448   13.381      17.76403
  13.614669   13.523062   12.093989   12.917683   15.047738   14.056821
  14.270916   13.2597685  12.110682   13.344127   17.10621    13.910504
  11.476375   13.228209   11.390287   14.465896   15.145385   13.544005
  12.899272   12.220665   16.837612   16.888254   11.173838   17.967169
  11.634049   15.0525465  11.353501   12.878821   15.81302    12.33377
  10.900801   16.021442   16.041391   13.027903   14.517895   15.282461
  13.14681    13.938973   12.975814   12.244859   12.476482   14.209319
  14.270276   12.308689   11.970948   12.932037   12.878129   14.940626
  12.606194   14.159454   11.292438   12.282339   13.3986     15.712869
  13.075473   10.818352   14.222997   12.403807   10.09707    10.771269
  12.992047   14.552146   13.371214   18.70807    13.167125   14.285134
  17.409737   14.473238   12.069087   13.12255    11.825891   18.304115
  13.882243   10.168317   13.641114   11.356474   11.871115   17.998098
  14.38424    12.799616   12.303544   12.69665    13.206535   18.275034
  11.741208   12.41197    11.842552   11.767876   12.309175   13.774072
  14.791661   18.533216   15.926494   12.187643   15.052979   13.23853
  11.538515   14.133522   12.572158   10.64377    15.081569   13.397582
  10.73881    16.786129   13.18054    13.638515   14.112763   14.136035
  11.55702    13.116475   12.547164   11.822829   13.148403   12.04918
  11.489158   13.738141   12.782153   11.723183   12.136152   12.204292
  10.604357   13.04225    14.622606   12.734214   14.227879   11.778368
  15.120076   14.286444   15.749609   16.911104   15.222264   16.67665
  14.563478   12.814735   15.524283   13.921681   15.058228   13.972305
  11.104149   12.270049   12.228238   10.956828   14.404224   14.0441885
  14.163527   12.201402   11.984088   13.140144   13.633155   14.669317
  14.204435   12.652583   14.134121   12.719468   11.993668   13.9298315
  14.0147295  13.346052   12.065859   26.505972   11.055924   12.860409
  11.941032   15.33699    12.657149   10.913522   14.491456   16.297255
  13.895037   13.737556   13.667591   11.841039   10.840326   13.208571
  16.043814   15.951138   12.153571   12.311241   12.603473   15.041996
  12.836096   11.795508   13.335733   13.741437   13.813684   15.465217
  10.334259   13.326258   17.745201   13.115076   12.192251   12.349779
  11.233952   14.647092   13.747826   15.031595   15.470025   11.6952095
  13.952975   14.811912   12.301264   13.010235   12.448712   12.473001
  11.789525   13.610908   14.969816   11.352367   10.44706    12.476889
  12.049362   11.6556835  13.944337   12.601542   15.806585   11.512665
  13.862601   14.419595   16.810324   12.643047   12.505916   16.348831
  14.719501   10.635449   13.178575   14.564682   11.559121   12.618842
  12.676983   11.366064   13.564369   14.426015   14.49516    14.9596
  15.530271   14.274687   13.548399   16.444288   13.441347   12.992181
  20.263762   12.215523   13.258342   12.611152   13.169469   28.783499
  11.525933   13.948128   17.100876   12.572378   11.318484   12.967446
  12.692075   13.972739   15.010335   14.508609   11.796068   11.467627
  17.50399    13.8504     12.588174   12.159708   16.848288   15.176373
  12.403194   19.075504   13.412803   12.209481   12.661867   11.755929
  11.1954155  18.282476   12.950177   12.848766   15.643215   11.553121
  13.727859   13.992884   10.275797   11.264368   11.127355   14.972158
  13.717649   14.740322   11.719066   11.797784   12.279991   11.141856
  12.416315   17.74191    17.10317    14.759336   14.159108   14.9339695
  14.200672   13.553937   12.156931   14.798915   12.435764   11.366334
  11.057932   17.557972   11.281723   12.13271    13.225563   13.939887
  14.922416   13.609835   11.6891365  15.675342   13.609399   15.308848
  11.60262    12.432103   13.580147   11.819748   12.478949   14.044037
  18.383192   15.807576   15.218331   16.824179   10.160517   12.0184355
  11.406003   14.244068   13.550857   16.944122   13.858162   14.350647
  10.672654   13.881981   16.838943   14.148101   14.569644   12.347113
  12.141826   10.894138   11.056814   14.879254   12.96464    13.850292
  15.823246   13.204668   14.926759   14.669174   14.101505   13.388711
  11.586327   13.389786   15.311385   14.958867   14.335267   14.201085
  11.0046425  12.275818   16.108664   12.31497    14.6564865  15.959465
  14.013864   16.289347   13.84599    12.67767    15.041594   12.367983
  15.428923   13.89818    11.528872   11.444614   14.703422   12.167153
  12.148613   13.873926   15.782956    9.033225   10.450699   12.751192
  13.928239   13.482496   13.480765   11.843026   13.120589   11.603083
  17.824581   10.687849   12.43407    12.82977    10.530113   13.722627
  10.536091   13.475098    9.740768   14.256826   16.791172   15.883075
  15.890227   12.797085   13.440336   12.563034   12.973251   14.627289
  12.571093   15.024288   14.052642   18.156109   13.499487   16.24204
  11.632945   10.872911   17.052023   14.972816   12.024451   10.813763
  13.258065   17.909023   14.041059   12.744307   15.869403   15.937791
  12.983008   10.834069   11.588979   12.159921   13.953024   12.116048
  13.024841   14.421781   12.4688425  13.47266    14.016418   14.788067
  17.266153   11.2867565  14.861531   13.946413   13.100405   14.785053
  14.667841   13.067193   12.9647045  16.011305   15.23141    13.036402
  13.882785   12.366403   12.658106   14.876381   13.6698265  11.395626
  15.427877   13.016562   16.81077    12.315658   12.937723   13.156658
  15.539285   15.430192   10.592438   12.178195   14.05606    13.217294
  12.779183   14.386878   16.21019    12.282471   14.362661   12.139226
  13.001436   12.103652   13.604645   12.113951   12.39399    12.053315
  13.91623    11.197001   12.590637   12.551416   15.397459   13.727876
  12.9590225  19.592432   11.607      13.171306   14.848442   10.411155
  12.093902   14.119018   13.416687   14.388731   16.62145    14.315856
  13.336527   11.644147   11.483405   13.714082   14.797505   13.57828
  13.129748   15.5788145  12.939904   17.435402   15.936732   12.646739
  12.736149   15.29171    11.9698305  12.807038  115.83102    14.5439205
  12.353239   14.6559925  13.482317   13.097635   12.632044    9.97003
  12.230757   15.876504   12.966058   14.409708   15.803322   14.628349
  12.922217   15.911084   12.956689   14.763686   13.651889   13.035906
  17.179527   18.248287   13.078372   16.693369   12.484759   14.068708
  15.35495    13.093389   10.339788   13.198288   11.834714   14.706403
  12.483989   10.652298   12.217191   12.4868965  13.275406   12.89146
  10.606557   12.230546   14.898567   11.778405   16.025434   12.005984
  13.312975   14.332657   16.5108     11.005497   14.140473   13.4055805
  12.7556505  12.720466   18.249142   18.051828   10.616256   15.514523
  16.385406   11.443948   12.365489   16.842833   16.199207   15.112116
  12.78657    15.690385   14.258744   13.292947   15.556076   14.3217745
  14.2724085  14.0139475  11.518103   12.824752   13.211202   12.634252
  14.698801   11.259276   12.723332   12.262627   13.236571   11.977436
  14.207837   12.192718   13.238915   12.642349   15.253061   14.551503
  11.259708   10.802756   14.326549   14.072607   11.900811   12.697376
  16.02717    12.404346   12.194606   14.320853   13.437424   11.402631
  11.65877    11.048739   14.892487   12.006434   14.478601   15.1823635
  14.006834   14.076936   12.28597    11.925312   14.37316    13.838066
  14.292159   11.8623     22.527874   14.636353   13.440963   17.729563
  13.030027   14.224953   13.948769   14.291677   14.739554   14.109773
  12.428766   12.605386   11.450001   17.642832   13.168569   13.600019
  15.249227   12.852269   12.325613   11.712173   13.207838   13.045929
  10.816444   13.346788   10.807616   13.340014   11.735867   14.996616
  11.9707365  10.694131   10.863061   12.796468   12.914161   12.220197
  11.343247   14.254702   13.414733   10.664044   14.457195   12.466568
  11.594752   12.593615   13.653616   13.001152   14.038757   14.968631
  12.168606   12.968285   12.860142   18.801401   13.127285   14.508907 ]",0.7164893617021276,0.6807891925175985
