,Images_Per_Label,Train_Data_Size,W,Residuals,Classification_Accuracy,CLS_Cosine_Similarity
0,28,1316,"[[-8.60957813e+00  1.89309139e+01 -9.40916634e+00 ... -2.47982235e+01
   3.95601320e+00 -5.07343674e+00]
 [-4.42923880e+00  3.67366123e+00 -8.85587215e+00 ... -2.94759674e+01
   1.09770250e+01 -1.41682205e+01]
 [ 1.49327364e+01 -1.78709745e+00  1.99009666e+01 ...  1.06774750e+01
  -2.06571293e+01  5.61873198e+00]
 ...
 [-1.33267145e+01  1.70498062e-02  6.38904953e+00 ...  3.02230740e+00
   1.72973804e+01 -2.67827930e+01]
 [ 1.30139637e+01  1.12439022e+01  4.11625862e+00 ... -5.14692039e+01
  -1.43575268e+01 -4.05522308e+01]
 [-6.48997545e+00 -3.57960625e+01  7.16369867e+00 ...  2.14362030e+01
  -8.00416470e+00  1.58466282e+01]]","[ 28.822536  30.27643   28.332327  23.257822  24.166601  24.920137
  27.178427  35.611855  33.977543  28.098886  20.382875  32.45187
  24.984653  26.15096   24.750772  27.885435  33.02472   26.629135
  22.452402  21.49473   21.149681  22.721344  34.42938   23.91758
  29.830456  29.685297  27.159605  27.656342  24.92635   33.621933
  30.64759   25.054777  29.734518  24.48745   27.27378   24.395603
  25.151878  24.977589  29.901043  25.104176  29.284355  26.584251
  21.107986  27.67475   25.915037  29.54966   34.08953   28.881418
  40.26416   29.884993  28.680662  27.129795  32.037598  35.708282
  29.093058  25.318232  23.769814  45.253487  25.182516  26.160044
  30.608185  21.227325  29.533613  30.438183  20.825119  26.37323
  29.702833  23.312647  27.16479   30.47437   22.222475  30.143608
  20.26398   23.86818   28.67853   21.658445  21.972733  22.132824
  28.780493  35.14886   20.67319   35.353447  27.597784  27.995277
  29.314426  23.859793  25.716982  22.638607  23.761646  24.244564
  20.834768  27.072828  25.88109   36.99302   30.52362   36.47154
  33.137802  22.465485  32.27281   31.880981  31.179174  25.725
  37.377434  26.505262  22.384153  26.657099  41.56471   34.61203
  26.934399  27.934845  24.656843  25.111588  36.526802  27.03033
  30.218618  21.569757  39.4275    39.08289   19.74884   40.612907
  21.17495   32.330883  22.51467   24.85317   35.423298  23.034185
  17.323553  33.502697  26.67061   27.65589   30.458178  28.456362
  28.674488  25.195284  31.190495  29.646029  22.13487   29.745735
  35.88063   26.59381   25.115206  23.47843   22.012981  34.586876
  22.959122  24.975826  20.462479  25.54154   28.020416  25.387188
  25.19676   21.795519  32.80232   24.174593  19.18033   25.63918
  26.65826   25.703194  28.437365  43.316936  26.550077  28.57803
  34.75106   28.671173  21.284153  28.747583  24.316862  35.97808
  30.609808  21.325794  28.199745  20.606739  24.609705  38.110195
  27.505024  30.496235  28.040491  24.033028  29.99694   31.11098
  21.995857  20.93819   23.89906   25.87975   24.047697  32.572037
  29.915453  48.908165  41.979694  18.897543  26.065825  31.053215
  23.476177  31.731844  21.060198  20.379887  32.43916   29.43949
  21.616766  28.486797  28.349928  30.337933  31.483826  31.045424
  19.523773  23.771418  23.764965  24.353714  27.188568  29.72565
  21.165583  33.127777  32.62206   20.649218  29.865868  26.615889
  23.38947   24.334642  25.20861   29.65347   26.81739   25.635607
  41.15308   26.671606  36.58136   30.525898  27.299105  40.422638
  28.181446  29.545565  33.556995  26.622932  38.540596  28.141016
  26.447117  24.080786  26.47305   23.323318  28.079634  25.614033
  25.770966  24.236956  25.910744  24.881124  29.814482  30.297867
  31.125093  24.951113  28.007174  25.663605  21.324665  22.920317
  30.544043  31.57654   29.23813   54.782005  20.745974  43.873108
  26.939064  28.715414  26.686192  20.847061  32.680126  29.089357
  26.940998  19.159534  29.22195   19.167837  22.357883  25.044468
  30.568163  34.12408   23.13142   39.00422   19.977707  29.90194
  25.048119  24.150177  26.195612  29.30163   36.034054  31.555462
  22.856808  23.662066  45.625385  26.277132  24.458624  22.253347
  23.904165  25.490906  34.109093  31.107681  28.574423  22.233822
  23.560373  33.321182  28.938871  23.81699   24.940565  24.267038
  25.06206   24.34208   29.109085  24.627735  22.209036  35.818985
  20.942535  22.545965  23.337488  25.085505  37.144566  24.414923
  31.28424   30.860931  43.905815  29.803612  26.383207  35.291214
  36.841103  25.632446  22.063715  31.246159  24.163935  25.951117
  21.739847  20.915312  29.501562  30.432322  28.053997  38.106926
  31.08589   29.541172  25.00267   31.390726  28.719542  32.108757
  67.20556   21.339136  28.149221  25.286327  26.154825  52.342632
  22.425953  32.199837  49.312496  25.034403  26.95353   26.4882
  25.755186  28.872753  28.010746  25.964937  26.734596  26.116457
  32.356354  32.547695  31.856714  21.381023  31.85846   30.974335
  24.647785  42.646645  28.521673  23.078722  29.271109  23.942432
  24.57755   38.468903  24.284355  23.095327  36.370132  31.212753
  31.942095  33.26994   19.673954  25.380283  23.278414  29.030252
  32.13346   33.909256  25.092232  19.703495  25.291122  23.576933
  22.58816   27.511797  36.329407  28.953915  26.858894  32.91123
  38.814156  28.07382   24.920918  35.882046  24.343939  25.43953
  20.57645   37.90017   20.148575  22.04553   29.490124  28.127337
  27.504267  27.7764    19.562395  32.52406   27.123627  34.032204
  26.602335  19.368269  34.52821   26.373804  22.821947  35.11576
  37.095184  27.094784  37.07122   43.986538  21.299397  26.404556
  21.802135  24.58756   28.840836  38.24482   26.63488   23.78053
  20.367558  33.766697  24.593073  33.8144    27.252918  26.295647
  26.383572  18.999691  20.003159  26.504675  21.165155  35.73766
  29.66703   25.132832  24.11981   26.684404  31.8083    26.771027
  21.5913    21.751707  27.34108   31.08019   27.958122  28.692732
  19.749989  19.492453  28.107647  30.252005  35.975315  28.322773
  30.312824  32.902676  23.444658  27.000326  29.353333  23.72531
  27.346039  25.601053  20.191463  25.812521  33.320587  24.006166
  24.968029  29.052017  31.157225  20.564995  18.533371  23.416874
  32.48096   26.788172  27.215658  24.3082    27.619328  29.762348
  39.707573  20.296177  21.742708  29.306137  25.942938  24.127083
  19.099113  24.462553  19.932398  34.377144  31.720774  39.18834
  32.990055  24.693993  25.381304  22.119953  28.57796   35.419235
  27.310236  25.58853   33.480064  41.321987  28.956255  33.988834
  29.625217  25.637613  37.54809   37.186634  26.88042   23.611118
  24.033195  40.437355  28.058115  31.490263  32.099567  31.843496
  23.940207  22.008066  25.010975  29.056185  27.785412  31.191025
  24.118317  26.244564  26.674921  28.813585  26.027449  34.06718
  31.318216  29.572239  31.214445  33.30536   27.329441  29.37987
  25.42526   25.213438  24.048717  36.08301   27.713867  28.092848
  26.392187  23.25531   19.277006  32.4511    27.997072  24.829796
  27.185617  32.2238    34.72251   25.198177  23.884865  31.049534
  25.652296  32.690353  18.510786  30.76082   33.66046   28.717138
  21.691196  23.750875  34.58671   28.144817  24.788494  24.299267
  26.801645  26.053326  24.351183  25.873787  24.289701  27.285934
  27.234253  22.641592  23.213516  23.833467  33.363605  28.024776
  27.07006   46.377075  26.541117  23.320337  31.337276  21.522648
  24.779877  30.333902  23.340767  26.83741   32.924908  34.38105
  29.31223   23.29931   23.84061   34.353104  30.93511   31.528294
  34.365433  33.046143  26.69611   44.124947  32.10172   27.15996
  31.472511  36.58369   22.06506   21.78012  205.529     31.382826
  28.253616  41.812454  30.480486  27.376574  25.839283  18.887825
  21.471308  35.32752   24.110338  31.354355  40.535156  30.553596
  28.875124  35.24092   26.104244  32.09375   21.912231  30.189474
  59.36616   34.55206   25.318512  35.547077  25.956234  32.15036
  23.23827   25.696753  18.083094  36.40872   24.901611  24.973154
  29.489708  20.55306   20.947113  21.941523  25.928305  26.560472
  25.494717  25.848583  37.26641   27.053251  30.273062  27.63585
  25.29815   29.233461  38.816032  22.690086  28.185375  26.150187
  23.962408  27.531397  43.574104  33.379677  21.041649  33.303062
  37.745472  20.447004  23.639034  36.49909   28.45299   32.630833
  23.666182  30.08717   30.401375  23.600458  34.447975  30.907812
  28.076935  29.233505  21.14771   26.262629  29.063349  20.184055
  38.978176  26.28939   20.899103  24.185484  33.724396  21.561893
  25.386827  22.85671   29.364431  20.503979  26.322636  28.101725
  22.633865  20.191076  30.595253  25.128716  27.8378    17.34982
  36.471622  23.913689  19.778496  31.034912  23.621338  22.773302
  25.811878  25.13172   27.129025  23.086922  30.129543  38.663883
  26.504929  29.93977   25.83186   22.12073   35.542484  30.341387
  26.857756  24.697367  55.82657   26.719183  27.334475  39.570374
  25.454338  31.659449  29.197863  27.477753  35.09386   30.903889
  22.831917  30.290174  23.134972  43.04312   26.902946  28.830793
  32.68621   27.469212  21.603067  24.114126  29.483147  29.164717
  18.980183  22.5841    25.075253  25.15416   24.733332  24.619764
  25.82484   21.74763   19.001951  22.87168   26.539175  26.396004
  25.253534  35.85673   31.221859  24.125809  30.791162  28.548334
  23.273008  28.862206  25.929834  25.158176  25.27814   29.033867
  18.620783  27.122349  22.015907  37.650887  28.921516  23.947624]",0.08138297872340426,0.16600653827190398
1,28,1316,"[[ -7.370842    11.608503    10.570309   ...   3.8426766    8.002893
   -6.1627564 ]
 [-24.149002     5.6695766   -8.584078   ...  10.406073     7.5322256
    2.704502  ]
 [ -8.292108    -4.248986   -15.44411    ...  17.459286    12.092062
   10.895813  ]
 ...
 [ 11.539187    -7.68469     -3.338808   ...  13.888792    -5.7256985
    6.7385497 ]
 [  8.8325205    0.78935146  10.794503   ... -10.622112     4.461937
   -5.3119626 ]
 [ -6.504484   -33.50013      6.190886   ...  -2.3820634   -7.308305
   -7.8333745 ]]","[ 27.350431  28.012484  26.027534  23.704094  22.33447   24.688223
  26.301025  32.34859   31.298763  26.722801  18.84083   27.080904
  23.041945  23.994314  25.420881  27.444601  29.65342   22.849796
  21.36244   20.851156  18.987392  22.347347  30.451971  21.042686
  25.638828  27.295202  24.576242  25.594421  23.012997  29.872932
  28.297897  24.03163   28.06962   22.702587  24.82824   23.027243
  25.928186  23.439548  27.742466  22.617693  28.675713  24.961237
  17.392305  22.87813   24.150229  25.619514  32.414913  26.693733
  36.45871   27.911655  27.450552  27.372606  28.064367  32.36944
  24.076405  24.910938  22.620893  45.367805  21.82676   22.78934
  30.745186  18.868612  27.43946   25.432705  20.004452  24.794823
  30.275124  23.884382  24.534985  29.324284  21.259958  26.828178
  19.348204  23.413946  28.444702  20.002533  20.725464  21.436634
  25.953533  32.778614  21.044683  33.947803  25.679363  26.605547
  25.740526  21.04955   26.005894  23.633213  21.192856  22.120085
  19.518122  25.453678  24.076248  34.081886  29.814081  34.914955
  28.93458   20.038582  27.667805  27.134293  26.979462  24.175821
  32.89481   25.464954  22.059093  23.990448  38.13844   31.383158
  22.054792  24.639723  23.134634  23.808441  29.720629  26.00685
  28.026394  20.877062  37.19165   34.384468  20.438313  41.57737
  20.891342  30.57549   21.008177  23.691893  32.335014  23.061045
  17.701544  32.36523   24.642653  24.293282  28.877558  27.332535
  28.012331  24.079836  26.127329  28.149933  21.550539  27.80931
  32.96047   25.376068  20.47115   21.339134  20.243437  31.913464
  21.852697  23.630299  18.672686  23.59258   26.427233  24.16054
  22.221634  18.987278  31.31201   24.175383  18.722063  24.063498
  23.557364  25.960014  24.303875  37.723686  24.474007  24.980978
  32.97268   30.417353  22.175173  25.871801  24.154093  32.49491
  26.264708  18.486     25.180984  19.236746  24.878462  34.359905
  27.521935  27.219751  24.519537  23.28882   26.539341  27.41009
  21.264673  21.10224   21.34403   23.999437  22.682741  27.940447
  25.547195  45.263054  36.091366  18.361246  26.343357  29.151272
  21.957148  29.234787  20.483402  18.937326  28.166662  26.074327
  20.259634  27.021564  27.861704  27.832968  28.836348  31.91952
  16.737648  23.921803  21.01354   22.746155  26.946857  27.910704
  18.438099  30.257582  29.700302  18.468813  28.190414  24.128757
  20.257719  22.986376  23.164202  26.118889  25.05768   23.703804
  34.644314  24.816015  31.264341  27.876339  26.4046    34.008453
  28.535843  22.848448  29.900831  24.487797  34.876503  25.138649
  25.038448  22.306583  25.88584   21.66343   25.083494  23.483566
  25.027395  20.73052   23.816732  24.596567  24.71432   27.339008
  27.109608  24.814564  26.102951  22.917452  20.122244  20.513916
  27.23174   31.920475  28.13353   44.17337   19.833202  33.099983
  23.764288  27.59537   25.142344  21.81287   29.59633   26.59908
  22.88022   16.894823  27.786295  18.445644  20.851213  22.236732
  29.566904  34.644978  21.83607   36.964973  20.36324   27.131857
  22.8906    21.313076  24.022291  25.956196  35.86025   31.233221
  21.5702    23.667612  41.403233  21.822165  22.651924  20.467087
  22.37351   25.768984  31.484892  27.501495  25.739485  22.94611
  21.26634   31.094042  26.006834  20.3105    20.331253  23.545181
  23.491259  23.195559  27.223469  25.321537  21.535196  34.551
  19.238178  22.70504   23.300798  23.202557  33.83437   22.245115
  27.669958  29.365953  40.44983   26.641031  26.737495  29.911934
  32.51343   23.820112  19.956364  31.510067  22.91987   24.097631
  21.49622   19.184969  27.655155  28.73208   25.665833  34.871845
  27.803082  29.213114  24.879454  30.869892  28.302073  28.674726
  57.190605  20.943495  26.904127  23.335224  23.408575  39.516903
  21.385736  27.45888   43.20639   24.049917  22.157082  24.99603
  26.070305  25.30723   27.776754  26.812445  23.122856  24.293432
  31.913824  33.403564  25.314938  21.737028  28.910936  30.161417
  23.552713  40.825104  26.145203  21.010935  26.6294    22.339348
  19.880306  34.42357   23.494228  23.16159   32.55677   26.021477
  33.73252   29.130316  19.646936  23.851469  22.043444  25.80182
  30.266111  31.20255   22.677094  18.27466   24.051481  21.913511
  22.068441  25.444038  35.915565  29.632263  24.73803   31.089523
  35.043804  25.192337  22.682892  31.057222  21.923513  24.37468
  19.099602  38.070286  18.777376  21.485435  26.504082  27.09985
  25.111893  27.053251  18.921148  30.839012  24.758295  32.948044
  26.4424    16.86714   32.071766  24.793352  20.21438   33.296837
  35.088474  25.319962  28.752008  35.130222  20.175856  24.211014
  20.534079  22.357552  27.03389   34.707237  25.488235  23.877592
  20.612377  30.41405   22.571064  33.639793  25.577087  25.783031
  22.804024  17.478056  18.13105   23.14517   20.319456  29.927868
  30.07874   21.197664  23.808384  25.242376  28.100859  25.987469
  21.19829   20.96289   26.987146  28.589153  25.45443   28.618801
  20.022614  17.452805  29.701473  25.226452  33.51346   29.677692
  28.838991  31.054699  24.845232  23.144512  30.476988  23.105495
  25.200901  24.869692  19.779066  24.552439  30.155539  20.77287
  22.06763   25.958874  29.22344   18.125044  16.841501  20.943464
  29.352346  23.071629  23.433529  21.880503  23.639858  29.339066
  34.856625  18.09882   20.388765  26.918682  24.295683  21.297722
  18.528109  21.191422  17.394464  31.754635  30.981508  37.480343
  28.360052  23.525078  22.294731  21.578499  24.982264  30.376831
  23.950397  25.211565  31.104946  36.915646  27.566101  32.502377
  26.874903  20.801392  39.535507  31.26175   23.737852  23.125103
  22.368675  35.43395   27.422232  28.104128  28.170029  28.100328
  23.68704   20.098536  24.513931  25.671093  26.596373  29.395569
  23.42096   25.53899   24.260633  25.831423  26.584383  30.531649
  29.152927  24.265137  28.036049  28.409359  26.482372  27.168291
  23.626297  24.279856  23.034775  31.397821  24.005499  24.553425
  26.039013  19.856895  18.074936  30.527061  27.565851  21.35677
  25.637503  28.155373  31.864883  24.163225  22.30005   26.524652
  24.171505  34.236507  18.12937   28.017992  31.57895   25.44
  21.102524  21.979105  31.285189  26.36996   27.994696  22.316774
  23.50289   24.50122   23.337698  23.637075  21.168222  25.512022
  23.28742   20.276258  21.06005   23.177671  32.343765  25.512077
  28.78342   40.489822  24.15355   20.89508   26.616049  20.399395
  24.062574  30.713926  22.6572    26.318207  31.217636  28.2688
  27.241331  21.858397  24.166952  29.991518  26.310091  28.061428
  34.149273  27.639795  25.594408  38.397472  30.013617  26.521675
  31.072357  35.021164  21.150686  20.641413 187.21587   31.123028
  25.506609  38.070698  27.642864  24.716692  22.774128  17.362583
  18.242628  34.788334  21.326927  29.71383   38.9073    29.79139
  26.569647  31.81847   26.748816  30.372623  23.593645  28.389399
  50.147003  31.46048   24.039495  29.034004  23.00127   30.528929
  24.159227  25.042917  16.715925  32.121128  22.353556  24.64033
  29.029638  17.93113   21.182133  19.728638  25.116451  24.94214
  21.174467  25.609678  34.231945  26.340181  24.778233  26.203884
  24.51385   29.033966  29.397942  20.343739  28.430006  25.710442
  21.57749   24.508516  40.056416  30.139872  19.45054   28.475702
  34.669643  20.412447  24.682756  32.060246  27.36894   31.641201
  22.084827  30.242214  28.797176  22.087393  31.67186   27.826931
  26.36959   26.71797   20.36243   24.573874  28.606892  18.706268
  31.769505  21.4411    21.046043  23.730719  28.944685  20.099213
  21.512476  24.234322  25.880835  19.530966  27.481535  27.246258
  21.564734  19.347565  28.938574  24.452085  24.523172  16.283545
  32.429634  22.946161  20.629673  29.506056  22.425251  21.175245
  23.251488  23.285442  25.998896  21.596766  30.006004  32.356674
  25.387655  28.21813   23.78422   22.46522   29.17047   28.286554
  25.033922  23.1538    50.149014  22.80388   25.698645  30.550974
  24.776178  31.557283  24.815422  26.322039  33.24114   26.204117
  21.676834  28.609247  18.048641  37.865414  24.752432  24.995733
  28.462069  23.491549  19.519941  23.49161   30.306961  26.314949
  17.458345  22.660818  23.64278   24.30195   23.311356  24.557596
  23.188177  20.836796  18.151777  19.69672   27.246439  26.92359
  24.240694  32.539135  29.810183  22.334087  26.728746  27.563648
  21.156788  27.169592  24.699123  25.45441   21.492926  25.838753
  18.716415  23.819166  19.655455  36.996315  27.223421  22.62014 ]",0.1276595744680851,0.21232273677984873
2,28,1316,"[[-10.715136    -9.833462     9.923439   ...   7.4230957   -4.631074
   -9.961485  ]
 [ -6.8439026    1.4440287  -13.290661   ...  -0.65214884  -6.2679763
   -7.6867537 ]
 [  8.1780815   -0.33262518   1.7373313  ...  -2.4540477   -6.9059534
   -3.8666039 ]
 ...
 [-10.366416    -4.89229     -3.8061297  ...  10.199424    -9.345456
   18.008255  ]
 [-12.328588     1.4156724    0.85265887 ...   9.186687     3.7149522
    4.282096  ]
 [-11.719424    -2.5808637   -5.388213   ...   8.324276     8.861372
    2.8739061 ]]","[ 24.566296  27.305658  23.810204  23.588106  22.827488  26.1494
  24.911566  31.229143  27.562231  26.771996  18.001003  23.478634
  21.965118  22.683153  23.84402   26.88951   24.518396  20.741653
  20.094849  18.327599  19.117706  19.86142   29.915756  20.756086
  25.643764  25.931093  23.547356  26.44311   19.91131   26.11785
  24.056124  22.923506  24.825603  20.685392  24.20164   19.897623
  21.562876  20.670332  26.553373  22.113682  25.424725  24.12358
  16.635479  20.313797  22.951002  24.52605   34.39795   20.83477
  33.42584   25.257446  23.301355  23.69617   26.201603  29.373135
  22.415255  24.494452  22.007254  36.924667  20.08881   21.730341
  29.422768  17.346094  25.203726  24.604248  18.842432  21.415743
  26.239136  21.29739   23.183216  26.949162  19.764149  25.632736
  19.413095  21.411491  24.946442  19.58337   19.655243  21.407639
  24.174452  32.10001   19.81152   26.876078  23.580439  25.12599
  26.016659  19.002598  23.860361  20.08987   21.70662   21.642467
  17.622528  23.92151   22.156258  28.828112  25.611238  30.125074
  24.731571  19.458895  25.536179  25.68593   27.178154  22.542467
  30.207996  22.022963  23.553898  23.516926  33.646873  29.711435
  21.486107  20.591433  21.386831  21.394035  27.937704  24.821665
  27.685444  19.267313  37.589947  24.956667  18.070919  37.352913
  18.81944   28.775936  18.648542  22.927952  25.872982  20.414793
  15.116471  30.69486   22.20297   21.04452   25.18699   26.549973
  24.314154  24.810966  26.184378  24.394646  19.230366  25.767889
  30.731897  23.128084  19.871605  20.90048   20.31288   28.058731
  19.778648  23.312721  17.658094  23.013393  24.229826  22.360348
  21.374655  17.591352  28.592321  24.521852  17.426682  19.402575
  24.202143  23.568249  23.650976  35.148212  23.308294  24.43458
  32.422688  26.814194  21.258493  24.486235  21.841413  26.42945
  25.375124  19.068012  24.007801  18.611526  20.951616  31.053736
  25.541264  25.764597  24.254211  20.697     28.252193  26.610792
  19.908253  18.748983  18.196709  23.649807  22.513876  21.8723
  23.338554  40.447937  28.25806   18.8843    23.19905   26.592503
  22.64266   27.070555  18.41474   18.561865  25.759043  23.365473
  18.63621   26.98249   23.486254  25.568579  26.98534   27.09465
  16.26725   22.85492   20.2384    20.95317   22.633074  26.74029
  16.654816  25.966158  26.74754   18.7812    24.07416   21.867249
  19.588917  22.229328  22.849485  23.689384  22.29508   23.326416
  29.745777  21.05157   28.896439  26.178658  24.239275  32.64029
  28.019331  24.060415  27.51561   23.145458  31.950693  23.705442
  20.932182  18.518772  23.147766  20.92152   22.797834  21.501255
  23.311487  19.906406  21.64607   23.963678  26.105003  25.836376
  25.46148   20.965347  24.836767  21.839233  19.841711  21.178171
  28.596645  24.275785  24.747421  35.409286  19.783209  22.656586
  22.73472   24.451963  25.327993  19.843311  27.285978  27.772066
  21.756145  17.07782   25.5589    18.469522  18.403233  21.669035
  28.615244  32.212727  19.488539  31.841406  18.599255  24.576498
  21.879345  21.181974  22.074583  24.165794  33.52493   27.686954
  18.886671  22.2994    38.58134   21.26358   22.099825  19.806736
  19.966682  22.444937  28.606186  26.48806   22.844297  19.847534
  21.035423  27.063574  24.109222  21.981224  17.963203  21.199427
  21.631962  22.455341  25.28057   21.35964   19.886847  29.883419
  19.422482  20.083906  22.915493  19.737625  29.297733  21.40086
  26.63509   27.4425    34.994057  24.429125  22.863007  26.730768
  27.525661  21.562338  20.98996   28.268309  22.897076  25.289831
  21.42201   17.591114  23.653423  26.990942  24.480871  30.618708
  27.248514  26.138052  21.919619  28.876554  24.538757  25.654797
  51.67976   19.750181  24.840895  22.524012  20.419086  32.671288
  20.83055   24.636074  37.771946  23.325254  21.02553   26.48983
  22.306269  23.085823  24.737612  22.568869  21.086086  21.45432
  29.427729  27.145573  23.29896   19.511381  26.594488  27.729704
  21.135685  39.491077  24.43662   17.547848  24.171532  21.56159
  19.879248  35.088318  21.83148   19.96001   33.08953   23.82436
  30.100674  25.69041   18.643435  21.68459   19.24461   26.120272
  29.628143  29.807186  18.83091   16.798313  23.345972  19.496464
  21.254175  24.153164  30.516397  26.915653  23.756153  28.894817
  31.548843  21.139097  23.20759   27.20222   21.83944   21.483664
  18.210382  32.41027   19.431787  19.293798  22.180508  21.691025
  26.107487  26.252937  19.501879  32.3071    22.393055  29.363863
  24.851973  17.611328  26.405865  22.325888  20.195486  29.39882
  29.673521  25.21475   31.160995  31.003332  18.769339  22.358591
  17.272896  21.882133  24.43779   29.481197  25.098373  21.517338
  20.474474  25.88915   20.8087    28.085764  22.166649  23.620573
  22.599522  16.445847  17.669197  21.547478  17.877466  28.053541
  28.614584  22.435389  22.191257  24.118189  28.401958  23.949808
  20.627659  19.747458  25.410957  25.423891  21.971497  26.992672
  19.245914  17.156597  28.563007  23.116047  28.34007   29.502728
  25.623241  31.071943  21.057423  22.335537  28.336025  24.839363
  24.224964  22.66702   15.79628   21.379189  29.816236  20.553244
  20.398762  24.84117   27.193188  17.44425   16.129513  19.30996
  26.445375  21.922325  24.997269  21.404385  21.209635  30.397612
  33.94459   19.4359    18.83321   22.790178  20.986433  18.812832
  16.910194  19.97432   16.665997  27.013372  27.999187  32.093163
  27.5457    22.436285  20.125792  21.093775  23.05786   27.791689
  21.858728  23.161438  30.08689   34.460327  25.69253   29.220995
  23.581465  15.015231  37.021713  29.64213   21.180422  20.757858
  20.533945  31.670872  25.630066  26.790844  25.60246   27.340279
  21.680613  18.076971  23.034782  23.646378  22.303406  24.51237
  21.70979   24.41548   23.529106  23.104965  24.244287  30.430672
  27.19598   23.78336   26.1547    29.1859    24.319149  24.404928
  22.622824  22.964567  20.743565  28.005095  22.716837  21.23288
  25.73406   17.109331  16.773617  26.185616  25.597294  19.734667
  25.506832  24.743431  30.433323  22.52855   20.771519  25.486223
  23.428423  29.52393   16.04832   23.966501  27.830809  24.940819
  19.589058  21.856884  28.198988  21.766207  26.295057  21.029436
  22.080677  21.479544  22.126915  23.69033   20.999723  24.041296
  21.88915   20.066853  19.988832  22.573694  30.62705   21.957739
  25.853884  35.076866  22.056911  19.500435  25.338453  19.710447
  21.769348  26.23226   20.153276  23.11989   30.795164  26.048681
  25.418545  19.743683  22.327858  29.10322   26.881979  27.398096
  31.513876  24.126745  23.79331   37.264065  26.796415  22.269552
  27.95503   31.993586  19.898228  19.65065  178.74818   30.06348
  22.65855   33.54127   23.579105  22.86945   17.87058   17.532272
  18.191635  31.291117  21.197008  30.172058  36.34959   26.19358
  24.514751  29.151964  23.483227  31.577051  20.150724  28.210419
  42.376537  28.101982  20.959425  27.886518  22.655474  28.52903
  21.669636  21.296957  15.482565  26.403162  20.453321  24.262812
  25.690521  16.41074   21.344564  16.67393   23.150558  23.516373
  19.776384  23.611692  31.71038   23.394724  23.706413  23.042536
  21.028055  26.222084  22.338282  18.492502  24.483936  22.635374
  22.2511    22.743355  38.57266   26.830372  19.264885  27.050343
  31.894726  19.254135  22.483158  29.730629  25.626913  28.706224
  20.18416   29.021866  27.57953   19.329874  30.109318  25.274498
  24.971329  24.784819  19.798128  24.268095  28.902117  17.522282
  29.985651  20.870993  19.95458   20.53368   26.00356   19.115913
  21.007826  22.274776  25.121279  19.143751  24.623072  24.160053
  20.04365   16.488743  27.131912  21.782253  24.082487  15.669956
  29.790491  24.309307  18.789402  27.121038  22.002916  20.268162
  21.284517  21.095081  24.57817   21.48412   27.788063  28.821438
  22.989431  26.08434   22.62154   18.904255  29.287191  25.815754
  24.573782  23.600948  45.912857  20.680967  24.540298  28.39685
  24.221245  28.955406  24.422499  25.897987  31.7527    23.990717
  19.703577  27.255531  17.384779  34.921986  20.765406  21.825733
  28.73669   21.21931   18.798203  21.089937  24.977093  25.151283
  17.248535  19.898935  19.825642  22.571117  21.362759  23.594357
  21.717024  19.409266  16.793066  18.980045  26.133213  23.508287
  22.505096  31.259415  25.851778  21.855951  25.016378  25.31709
  20.419273  25.387276  22.486868  22.15937   19.625362  24.564865
  19.864887  22.258371  17.427042  31.945889  26.10901   19.802536]",0.19787234042553192,0.2663294916351636
3,28,1316,"[[-8.182652   -4.4481163  -5.2294602  ... -5.427653   -0.35531196
   1.113831  ]
 [ 0.53194535  4.75641    -4.3870535  ... -8.30068     1.5884513
   3.268712  ]
 [ 0.4015343  -0.40327224  2.4289148  ... -4.681357   -2.2254033
  -0.24718954]
 ...
 [ 1.2527435   2.875424   -2.618354   ...  0.08562414  5.022878
   0.44250882]
 [ 3.696967   -5.484433    0.9838313  ...  4.7537      1.5591004
   4.9902368 ]
 [-9.149468   -4.5574965   1.7515994  ...  5.625659   -1.0997002
  -0.27281508]]","[ 22.640621   23.464252   21.024376   21.140772   19.922045   21.438786
  23.995935   28.637863   23.603844   24.665281   17.873926   21.936483
  20.109274   20.33871    22.431068   22.45978    20.51349    21.325474
  20.47317    17.915176   17.001698   18.216812   27.66881    18.522385
  21.493223   22.259052   22.574747   22.25756    18.390415   25.579634
  21.262032   22.092741   23.6421     17.819948   22.232155   18.414743
  18.992554   19.120409   25.368124   20.85136    24.139095   24.178553
  15.714479   20.168177   19.7103     20.588032   29.407516   19.136831
  29.137598   23.285435   21.426971   20.106386   20.942211   27.50076
  21.137878   22.37901    18.575079   33.002876   17.41198    21.536386
  27.812433   15.509935   23.163425   21.757654   17.662848   17.955324
  23.578358   19.760145   21.26788    23.898785   18.28064    20.708544
  17.398914   18.598576   21.109919   19.513166   18.686152   19.64862
  21.222523   29.155996   16.178608   20.509478   18.69993    21.362783
  24.934097   16.236887   22.416698   17.76694    20.31119    17.835976
  16.36464    23.593266   20.791006   29.595926   24.662136   27.792599
  22.209414   19.188921   22.786518   26.45006    24.804438   20.387732
  30.276022   19.46731    20.960192   21.48107    29.405104   23.684309
  20.0401     17.523077   20.15361    20.004032   25.443546   20.60499
  23.722616   18.998167   31.086182   19.834578   17.266487   34.522594
  16.199867   26.742035   15.748732   20.008787   25.438442   19.25613
  15.09433    25.699602   18.497318   18.127522   24.086664   22.31873
  21.296032   21.237902   24.384995   22.453299   18.17103    22.446611
  28.855059   20.242954   19.93799    18.73498    18.666943   28.031624
  19.530596   23.151531   15.572539   21.329958   22.423393   18.851217
  21.116781   16.856007   27.078201   20.812315   16.770527   17.940823
  20.239206   22.04324    21.37877    31.053858   20.02227    22.294418
  29.11404    24.859432   18.971306   22.5402     20.39332    23.06937
  22.374664   15.686038   20.630428   16.130976   19.560562   29.278515
  25.032272   21.974665   22.052345   17.55264    26.089808   24.38966
  18.973232   17.318338   17.76105    23.104021   20.110703   17.740381
  20.180632   35.13062    23.764452   17.439075   24.200354   22.941656
  20.883503   23.227276   16.904097   17.13609    25.908846   21.57773
  17.227283   25.85898    20.299513   24.858603   26.209589   23.464502
  14.327542   22.537355   18.564825   18.81085    21.465666   20.9619
  16.682882   21.471823   24.24796    16.622875   21.9733     20.346571
  17.970905   20.14635    19.903013   21.200027   20.252602   19.858969
  23.573984   19.368141   24.733255   22.9937     25.118336   30.344948
  23.158672   19.516613   27.393938   21.055117   25.063053   23.674913
  18.987276   16.477299   22.165276   18.055824   20.004944   21.472744
  20.548384   16.663244   19.412794   19.473673   21.820581   23.880024
  23.5784     18.43599    21.886524   19.527655   18.417652   20.487186
  24.230574   21.954653   22.896322   30.920904   17.073591   20.479486
  18.356695   25.185575   23.235865   18.400944   21.413815   23.541252
  20.102198   15.022236   23.63096    16.117823   19.515202   17.968107
  25.26534    28.308054   16.725332   26.824244   17.0964     22.098383
  20.106604   17.565073   22.83114    21.619429   27.980236   25.208591
  18.180931   20.596601   37.12538    20.848078   19.47066    19.691595
  17.258053   20.474026   23.449223   23.563633   20.157255   19.37041
  19.011175   25.091148   23.995155   19.775867   18.753778   19.813345
  18.824755   19.963726   21.75201    19.550732   19.312752   26.668304
  19.687462   17.997843   19.645672   19.716984   24.67835    19.452692
  25.059418   21.31463    30.803122   20.866472   19.663382   23.287882
  24.334475   21.222124   20.187393   26.403402   21.144754   21.707335
  18.950342   16.310366   21.851355   22.986315   21.5555     26.820236
  28.239712   22.596266   20.08652    27.76745    22.476322   23.365803
  46.428196   18.618637   23.333063   20.080935   19.926674   25.149895
  19.396759   21.746649   34.065083   21.594063   19.100163   23.646599
  20.028875   20.827406   22.478497   20.411736   18.12781    18.072302
  26.298206   24.15897    20.078472   18.819914   25.073984   23.637182
  21.063072   35.66759    22.800056   17.622597   24.004232   18.572247
  17.201288   30.368605   19.671251   18.135706   26.397072   21.58131
  24.65139    22.427946   17.341282   20.354897   19.266588   20.62473
  25.596598   28.129786   17.643747   14.686627   20.51365    18.025866
  21.451729   21.883976   28.239466   25.29567    21.73722    25.064135
  26.332106   19.826115   23.487514   23.765491   20.653915   18.314451
  17.101408   29.182056   16.647467   17.620031   20.427423   22.230408
  23.858229   22.98202    16.172838   29.49003    20.384327   25.070042
  22.977486   16.34056    22.303568   21.389013   19.606897   23.265152
  27.338829   22.051311   27.020344   24.010504   13.925788   21.232143
  15.714198   20.008907   19.734688   25.775303   22.313522   21.01158
  16.989916   21.195204   15.6885605  25.555735   21.408943   24.309229
  20.685      14.200789   16.788801   21.166386   16.086433   21.448858
  26.63455    19.757267   21.308674   24.663734   26.037973   22.278748
  17.361986   16.737974   23.754501   23.417631   21.417921   27.298733
  16.431318   15.340619   27.030462   22.669033   26.75001    27.76979
  24.348574   28.56782    20.374636   20.147171   24.04716    20.267616
  23.339931   21.32515    15.2245865  20.987831   27.871344   18.364855
  16.025682   22.95923    27.180504   14.899887   14.978498   17.927206
  23.917461   19.749842   20.811262   18.873465   18.2401     25.484753
  28.621727   18.203604   17.210957   21.064571   18.376598   19.390942
  16.091146   17.287567   14.347216   23.184456   26.19813    28.253225
  24.325315   19.01058    20.758028   18.597383   22.536114   24.332243
  18.585514   20.91144    26.048744   27.999332   22.047266   27.566586
  21.311123   12.941053   33.986458   26.756771   19.277437   19.18023
  19.609879   28.78566    21.195719   24.59913    22.932112   25.156305
  20.687857   15.1819935  19.97187    22.804436   21.687773   22.115074
  20.578915   19.69796    21.550816   21.700996   22.666868   26.837942
  25.618885   19.991276   24.660341   25.394041   24.647415   24.630354
  20.797203   19.254215   18.7305     25.91769    22.471785   18.293222
  22.826187   16.63905    16.160028   25.156088   23.501171   18.951138
  21.804613   24.703999   29.287878   20.98519    16.638456   23.6339
  21.868628   27.025776   16.293509   20.917662   25.880754   23.832663
  18.084293   19.24482    27.546978   20.074781   24.297434   19.975485
  23.026423   21.18526    19.872547   21.426485   20.49691    19.63045
  18.34781    18.986238   18.30086    19.941448   26.264826   20.736723
  23.81667    27.549479   18.758884   19.442692   20.69106    16.589676
  19.767977   25.943085   19.997068   20.08291    26.202518   21.532154
  21.136946   18.436663   20.527702   26.12215    24.973347   26.531477
  24.617828   22.566841   20.400099   32.05518    25.242048   20.947575
  21.941315   26.586933   18.655214   18.681036  165.21211    26.063307
  21.74606    28.744438   22.346197   18.959387   16.191572   15.226881
  17.11173    25.721085   19.831665   25.738558   32.252502   24.392897
  20.154083   26.037605   21.208044   26.291903   17.319193   22.812027
  34.941444   22.166887   19.71557    27.415949   20.934193   24.69953
  20.567734   19.918001   14.209512   21.987494   18.87118    24.224493
  20.56219    15.91476    19.279247   16.73742    21.816357   22.50317
  16.892475   21.684822   28.215052   19.45901    22.811834   19.390965
  20.489428   22.586111   20.36468    15.136085   21.217218   21.75119
  20.087048   20.09513    36.0393     27.839256   18.18555    25.305561
  29.230892   15.590397   19.9172     29.66658    23.069023   26.854744
  17.59211    25.41346    24.746017   17.91719    25.377417   21.796051
  24.839628   22.938232   19.061255   23.053814   23.543262   16.620064
  26.388523   18.123138   18.649158   19.189913   22.367777   18.633383
  22.46132    18.917995   21.62276    19.224628   23.691769   23.207869
  20.512403   15.250027   25.936377   20.757654   19.589382   16.27789
  26.839369   19.01061    16.856106   25.484674   19.433987   18.770355
  20.48058    18.417025   22.000372   19.665594   24.47609    25.038721
  20.45277    24.518064   20.089634   17.500751   26.966524   25.330786
  22.115664   19.27701    36.70557    21.04695    24.620413   27.325836
  21.63484    28.118881   24.71197    22.66088    28.108215   19.97323
  19.327417   25.466873   17.634007   28.646786   20.909996   19.987951
  28.77598    18.900879   18.622929   17.929409   22.86219    22.304434
  15.638925   20.047033   17.465477   21.070364   17.903572   21.878128
  19.220755   19.437338   16.269579   17.99141    25.738436   22.69297
  19.200413   25.92426    21.38854    17.745314   23.772818   21.526352
  17.962862   24.725273   21.731283   19.703562   17.149487   23.17578
  17.291046   22.86598    18.079397   29.540516   20.843935   18.676939 ]",0.2867021276595745,0.33360986510912577
4,28,1316,"[[-4.9888009e-01 -2.1853900e+00 -1.5953617e+00 ... -1.6543460e+00
  -3.7372501e+00 -1.4108382e+00]
 [ 3.1460514e+00 -8.9677536e-01  7.7603906e-01 ... -1.1187986e+00
  -8.4087288e-01 -8.0867372e-02]
 [-9.8693961e-01 -1.2206792e+00  3.9963400e-01 ...  9.3870777e-01
  -2.6814220e+00 -1.6988419e+00]
 ...
 [ 8.8492250e-01  3.0826404e+00  1.9294444e-03 ...  1.9950938e+00
  -2.1369774e+00  1.0779114e+00]
 [ 2.2136989e+00  1.0473136e+00 -9.5308203e-01 ... -6.5972187e-02
   1.9455070e+00 -1.3579887e+00]
 [ 1.2051346e+00  2.5631180e+00  3.4469523e+00 ... -2.8933439e-01
   6.5442820e+00 -1.0511519e+00]]","[ 20.683079   21.868275   18.347668   17.196905   16.322742   16.925442
  20.544802   26.1603     21.344118   20.852213   16.022942   18.806759
  16.864254   21.245092   20.071608   19.758308   18.194386   17.782309
  17.38107    14.78439    14.271542   18.809149   23.5664     17.481796
  18.940876   21.4241     22.19011    21.687859   17.707321   22.151531
  18.603256   19.911728   19.59603    18.079252   18.57736    15.917846
  17.85163    17.353798   22.735556   18.956022   22.349201   22.976341
  15.715595   15.911259   18.157381   18.117699   25.221369   16.52398
  25.12525    20.410316   17.13093    19.223505   20.32507    24.494562
  18.276272   20.202515   17.767044   26.249226   15.547086   20.890255
  25.095558   13.44067    22.194975   20.319931   16.218155   17.275984
  21.288174   18.208097   19.774513   21.261139   17.424448   18.538555
  14.432209   15.600532   17.319069   16.803272   16.479622   16.661142
  19.548111   22.202652   14.996404   19.188608   18.671537   19.122591
  22.900244   14.951794   18.824966   14.505789   19.88359    16.320885
  14.083807   20.065054   16.285978   23.192596   20.07602    24.01456
  19.506752   17.735548   20.07897    20.73275    17.753946   18.545343
  24.609512   19.072058   18.57698    20.630522   23.625774   22.406836
  16.315805   14.487546   18.19635    18.133848   21.349745   18.468153
  19.384853   16.332623   22.560263   15.086105   15.131277   27.99669
  15.527027   21.86162    13.567358   19.363937   20.154722   16.04847
  13.45554    20.554764   17.968937   15.825923   22.090769   20.917818
  18.39472    18.5467     22.535927   17.44809    16.66676    18.261023
  25.810408   18.766306   18.715612   15.814789   16.343248   22.703724
  16.456568   19.210989   14.405679   19.899023   20.002884   17.180094
  19.538187   14.154829   23.049582   18.430004   15.0311775  16.789932
  17.480047   19.108208   19.247643   23.770533   22.068962   19.725044
  26.12436    22.968481   17.511108   18.966164   17.81207    20.759499
  18.758175   14.9532385  18.094093   15.82216    16.222183   25.006493
  21.494263   19.669071   18.48655    15.578187   23.089933   22.08697
  16.547293   17.023706   15.762265   18.65613    17.671999   15.364813
  19.534605   24.515497   19.406528   15.275583   19.023336   18.519745
  18.12586    21.833904   15.651547   14.706913   23.408897   19.11142
  14.732573   24.929298   17.956057   21.488483   21.652811   19.960478
  14.728748   20.427916   16.31511    16.368586   17.54662    18.55254
  13.589835   20.460285   18.963497   13.781605   17.06257    16.241316
  15.712895   17.0811     17.962032   19.136581   17.230577   17.65151
  21.968353   17.961876   20.57119    20.424326   21.823755   25.535887
  22.236134   18.546206   23.377127   18.780869   21.737997   22.576982
  18.613876   16.149242   20.198252   16.897663   17.82841    19.77409
  17.97941    17.2351     19.102295   19.390017   18.6987     19.573992
  20.403599   16.49694    19.746822   19.126524   17.264715   20.41337
  20.814167   19.95195    17.46886    23.827936   15.328755   16.606236
  15.224298   22.539246   22.391912   16.063057   17.021717   21.441044
  18.53038    15.151362   21.071737   13.453577   17.353437   18.420351
  21.946516   22.534342   15.30826    21.869463   15.350277   18.506466
  18.144066   16.627733   20.750235   19.604046   22.583277   22.257524
  15.495737   18.93763    31.222334   17.771322   18.060528   18.203495
  16.081812   18.10657    18.9171     20.49797    21.06156    16.52374
  18.15253    22.472324   19.78651    18.252548   16.668097   16.898666
  15.833302   19.212507   17.383982   17.71469    14.863716   22.401476
  16.06132    16.938162   18.3921     17.464308   23.483793   16.391685
  22.716759   20.00777    25.56077    19.834171   18.997284   21.85618
  19.614948   17.61885    17.313774   21.950058   18.997679   17.52222
  17.490385   13.694164   19.083027   20.213968   19.532608   24.254152
  22.593243   18.91437    16.619219   24.76093    19.948223   18.94629
  34.02242    17.348734   20.829933   18.464355   17.531338   20.535454
  16.40187    18.21174    27.019423   18.873484   17.56127    20.239471
  18.874395   18.267893   19.27067    19.71994    16.039942   17.185612
  23.104864   20.486618   19.25763    15.661071   21.821587   23.53669
  18.795126   29.296812   20.557487   14.761811   21.693836   16.589983
  15.927914   24.444159   16.36216    16.44789    24.228008   18.036827
  22.64023    17.5508     14.344856   17.776596   16.12643    20.604126
  23.129559   24.908405   16.11904    14.006273   17.665958   17.559505
  18.997366   17.552677   21.991968   20.765194   20.24121    22.449656
  21.346878   16.670692   18.724337   21.578394   18.096752   17.25804
  14.928667   22.511414   14.267337   15.846901   16.29253    21.0613
  19.536308   18.85238    15.124464   24.178684   16.182041   22.142296
  20.412853   15.573053   19.576416   18.645782   15.94532    23.4144
  23.403448   20.132952   23.229654   18.816397   13.723999   16.666727
  15.3133545  17.32576    17.522663   22.532427   20.396208   18.465603
  15.17254    19.78365    15.791913   21.747585   19.911785   19.510017
  18.416964   13.175929   16.22108    19.199945   15.678776   17.524162
  24.896902   17.656933   17.32243    21.127754   19.681667   21.468225
  15.814501   15.983799   19.401428   20.958752   17.823261   20.119114
  15.88612    14.960126   24.309877   18.260284   21.76685    23.593367
  19.72351    27.582052   19.220829   18.611162   21.653725   17.791592
  20.239      18.205837   13.213035   18.76665    23.773615   16.232922
  15.051324   20.575678   23.232094   12.701041   14.512734   16.392075
  20.30624    17.064964   19.092724   15.980669   15.585309   22.23503
  23.57973    16.539234   14.667684   18.792568   15.695302   17.38502
  15.699165   16.071558   12.466741   19.64076    23.720057   25.110184
  20.762903   16.14857    16.254929   16.756762   19.217314   20.889036
  15.688155   17.292717   22.788666   23.396929   18.73586    23.061468
  17.425371   12.713418   26.694675   20.273796   17.578066   16.683498
  16.685392   25.458027   19.812174   21.737377   20.316328   21.21034
  17.423952   13.577533   19.12952    18.482294   18.518326   18.884033
  18.857748   16.814795   18.888062   19.100218   19.168299   24.620665
  23.535019   18.74707    20.441416   18.33178    21.501839   20.908007
  16.745977   18.784887   17.730902   21.875032   19.010935   16.310347
  19.513441   16.36534    13.454062   20.908169   21.991335   16.668373
  21.179638   21.542288   23.998678   17.720455   15.887155   19.73504
  17.467281   23.169281   15.548675   18.552515   23.913656   18.997458
  17.537548   15.454103   22.03306    19.031897   20.53173    17.232056
  18.19799    18.507053   15.632783   19.058437   17.20144    18.95148
  17.577375   17.750227   15.628129   17.978252   21.767277   18.374155
  21.265898   21.34937    16.19983    16.645653   19.43939    14.759131
  17.649755   22.170443   16.963451   18.838493   23.145647   18.426464
  20.070852   17.124178   17.53516    19.752447   22.105143   20.92946
  21.953478   20.550951   20.48615    26.726852   23.792965   18.788513
  18.96027    23.494606   15.389547   16.972319  145.63176    22.88489
  18.403372   24.44736    20.982738   17.949682   15.595213   14.826475
  17.196417   20.601736   16.32651    22.781818   27.375399   20.258507
  18.565107   21.197721   20.138786   24.647583   14.507004   17.983843
  26.591251   20.370844   17.228615   25.040552   18.119234   21.383696
  18.545078   17.134474   13.043055   19.133196   18.172958   20.129232
  18.273212   13.559294   14.211057   14.478508   19.738878   20.012465
  14.470551   18.805573   23.6814     16.86095    22.082489   17.17452
  17.014624   18.93064    16.529251   12.670875   17.94822    20.472113
  20.71668    18.907839   28.594822   23.814154   16.808725   22.81647
  22.31619    14.568534   17.457561   26.647278   20.673016   21.029976
  18.147663   22.995333   21.524994   16.73126    22.81078    21.540224
  20.3236     19.939703   17.021437   17.306591   20.7738     15.471002
  22.91701    16.38395    16.209562   18.250761   18.148699   15.296913
  19.855938   17.041328   19.55674    17.055008   20.976467   20.606222
  19.154604   13.935166   21.067825   19.7262     16.254663   14.565912
  24.671127   19.939892   15.71749    20.28016    18.648222   16.851477
  17.892752   17.571644   18.31568    18.193554   21.140827   20.80281
  18.84899    20.975712   17.806154   13.591308   22.106554   19.577866
  19.911669   18.365011   29.937807   17.658215   22.498861   24.638193
  16.836315   22.372618   21.573956   21.287647   24.95815    16.73595
  16.80639    18.738825   14.683119   24.84414    17.04859    19.441328
  23.100101   16.893593   16.166225   16.765251   19.833504   19.23335
  14.640685   16.320461   16.737295   19.82575    18.516026   19.419449
  16.218899   16.72397    14.964849   15.517377   23.058529   18.526806
  18.24375    22.479452   19.979105   15.363075   20.108402   19.116161
  15.759255   21.173862   17.929256   15.649863   15.242494   21.591639
  15.25709    18.98963    17.167168   27.588919   19.649223   17.670486 ]",0.40797872340425534,0.3983744551738103
5,28,1316,"[[-1.1431701  -1.273704   -0.34568813 ...  0.7659044  -0.27993685
   1.1822233 ]
 [-0.87482077  0.53181684  1.317575   ...  2.8344936  -0.17303908
  -0.7053118 ]
 [ 0.0990769   0.9825644  -0.44250607 ... -0.02203996  0.51238835
  -1.1985183 ]
 ...
 [ 1.1066792   1.7595507   1.1865679  ...  0.6896298  -1.4462026
  -0.16717777]
 [ 0.44526988  0.22856878  0.66478044 ... -0.62559146  0.7832407
   0.5534231 ]
 [-0.7982097   2.0295122   0.50598896 ... -0.7667508   0.52280194
   0.33177352]]","[ 20.916662   19.633562   17.07335    16.388737   14.485982   16.374123
  18.20963    23.53432    19.185425   19.015142   14.15317    16.50921
  16.50406    15.654701   18.070938   17.77332    13.530172   17.88872
  15.019582   13.790075   13.593399   16.105885   20.261202   15.357238
  17.7282     19.066942   18.853954   18.706987   14.360702   19.24417
  17.499157   18.303705   19.873043   14.447486   17.189985   13.725373
  14.133361   16.603706   19.839027   15.275455   22.455603   20.956827
  14.450169   16.568459   17.133314   16.316326   23.147394   15.379681
  22.629183   17.45245    15.827417   16.115978   19.125526   20.881031
  16.1171     18.631021   14.398428   23.074766   14.404364   16.793816
  20.650196   13.494917   20.337744   19.7625     14.083603   16.588322
  17.575794   17.98117    17.602365   18.98886    14.828863   18.013142
  12.755801   13.194719   15.835065   14.234819   15.761608   15.955321
  19.264536   18.346718   14.46131    16.168253   14.425941   18.679539
  19.77075    13.658955   19.153217   12.478343   17.504896   13.484581
  14.053072   17.501749   15.038608   20.633465   16.75428    21.185946
  14.78955    16.41444    17.748493   17.320002   17.949612   16.393183
  21.765066   15.848158   16.293089   19.824589   21.39519    18.225742
  15.294075   13.031846   16.39052    18.457346   21.885021   14.688862
  18.380919   14.855139   21.558142   11.615871   14.197698   23.545391
  13.82211    21.934551   13.954857   16.401175   18.95826    15.580146
  11.961025   22.42568    15.053303   15.03663    18.658068   20.250273
  16.417522   16.013453   19.477116   14.468867   14.962787   17.519672
  21.890223   17.622803   14.145785   13.859617   14.725785   19.46638
  15.435187   17.570915   12.629285   17.367865   19.338936   15.729886
  17.439587   14.012661   20.031404   15.722692   13.07427    14.15869
  14.939047   15.919547   18.565193   22.179386   18.877956   17.1068
  24.052423   19.698776   16.577307   17.265335   16.44911    16.533298
  16.895807   13.060035   15.80463    13.5348215  16.373198   20.726974
  18.853437   18.778378   15.981889   15.694329   20.617252   19.757387
  15.931776   14.840481   14.442282   16.22135    15.515085   13.129283
  18.280981   21.765392   20.022505   14.122951   17.485794   16.92497
  15.194565   19.599836   13.002005   13.458765   20.570864   16.220657
  13.975935   20.402323   17.787716   20.541702   20.085823   17.66402
  12.563811   19.631456   15.171797   15.400399   16.816496   17.485062
  13.802294   18.594675   16.793886   13.066967   17.72203    16.220213
  13.638099   16.102163   16.83331    16.12667    16.058043   15.930788
  20.415802   14.266668   17.782734   19.3373     19.92085    22.132229
  20.777452   15.851297   20.384872   17.413593   18.178165   19.583912
  16.583752   13.860768   17.602283   14.601397   18.656569   17.028046
  16.624842   16.517584   16.843534   17.851162   18.470285   18.059185
  18.545559   15.281403   17.441349   15.70364    15.264558   18.21163
  17.621803   17.231812   16.255247   18.63351    13.9813     16.601036
  16.203598   20.490227   18.953182   12.828919   15.134524   18.485567
  16.283457   13.314633   19.392107   12.119079   17.023619   16.154575
  18.90005    20.920269   14.014909   20.130114   14.537965   17.78522
  15.991856   13.472901   17.043224   17.258535   19.853891   20.21148
  14.001137   16.147871   26.846674   15.823454   17.601997   15.867775
  13.377561   16.056389   18.257029   17.07325    18.136566   14.920262
  17.377478   20.11417    15.92531    16.864964   14.271339   17.34773
  14.689234   16.828909   16.560415   14.165891   14.27188    18.87727
  13.831797   14.950612   18.07421    14.425036   22.139984   16.139902
  20.561144   17.347063   20.639938   16.581951   17.459002   19.084929
  20.126396   16.437675   16.187855   21.149591   16.38061    15.89481
  15.445879   12.432875   16.578577   18.367819   17.769268   21.409899
  21.055426   18.774248   16.245861   22.55182    16.45153    16.921272
  27.339933   15.52857    17.487673   17.122412   16.444536   17.406689
  15.890195   18.396683   21.053345   16.547953   16.29228    18.675179
  17.543222   17.527807   17.895359   18.165424   15.5204115  14.174214
  18.462103   19.562138   17.502642   14.962193   19.721613   19.827347
  15.366854   28.821194   19.831753   14.351147   19.406445   14.404795
  13.348742   23.545156   14.348799   16.039232   20.691122   15.9134865
  19.64418    15.291673   14.393688   17.56862    14.932889   17.594112
  18.916824   20.804193   16.216011   12.784929   15.713824   15.367037
  18.629162   15.150881   20.117216   18.67676    17.348267   20.717194
  18.74122    14.873313   17.321972   20.23576    16.176363   16.402195
  13.128434   19.098125   13.686782   14.389989   16.879034   18.336815
  20.101645   17.188927   13.965768   20.71626    14.952869   19.809013
  18.396265   13.447986   16.320913   15.920223   15.803918   18.748838
  23.639032   17.281956   18.900717   16.763178   11.24944    16.470854
  13.725811   17.962973   16.491104   18.473694   19.44978    17.475952
  13.728259   20.012106   14.773309   19.280611   16.591633   18.531176
  17.682863   12.58       13.20391    18.61939    13.514009   15.131302
  21.241795   15.799408   19.11673    19.576305   18.285753   16.658932
  14.304537   15.153836   21.07021    19.663403   15.517803   20.519955
  14.263098   13.586915   22.631792   19.518732   19.323982   20.502495
  18.444065   24.443304   17.797445   16.485004   20.011587   16.1607
  17.90702    17.209938   12.284314   17.54826    21.05172    13.780904
  14.004449   17.881304   19.78019    11.236232   13.961661   15.522036
  19.12656    15.1801195  16.580273   14.636221   14.859997   19.866812
  20.646832   14.76672    15.123317   17.9296     11.737551   17.181286
  13.227439   15.137523   11.64909    17.978666   22.041508   24.558645
  19.111357   15.104931   14.817987   17.120947   16.126764   19.405533
  14.835381   16.283634   18.478315   22.298006   20.135323   21.29321
  16.843187   11.172038   21.653261   17.242165   15.510357   13.563433
  16.242134   21.90745    16.91885    16.99359    17.863245   20.6652
  15.751384   12.346154   16.423477   18.151798   16.783234   18.246008
  16.030548   16.68817    19.356367   17.9298     17.31462    20.728605
  20.232536   16.57969    19.507856   15.679453   17.858599   18.021986
  16.29304    14.970969   16.089432   19.756994   16.19378    15.097319
  18.401953   14.678683   14.260546   20.330328   19.789192   16.431307
  16.756247   17.182255   23.597937   15.916552   14.647858   17.496105
  17.844006   20.037514   14.164771   17.444088   17.875349   17.578022
  14.321553   16.788248   18.524944   18.338524   18.37679    15.904914
  16.729506   16.714855   16.478695   15.620785   16.00159    18.9642
  15.818113   16.883112   15.567218   15.565472   20.556423   16.182951
  19.24223    18.399168   13.997275   15.850157   16.545803   13.287581
  16.652636   17.94692    14.756503   16.217972   22.0812     17.25207
  17.789053   16.042475   15.8281355  19.137312   17.659052   18.403414
  18.097261   18.516136   16.823427   23.972271   23.502565   17.833364
  19.2922     19.664051   13.707777   14.862676  154.3046     21.480963
  17.565573   20.262321   17.232035   15.545602   13.603746   13.581392
  14.336107   21.512333   15.787623   20.3529     24.529346   18.64002
  16.321932   18.591084   16.139256   20.475645   15.512674   16.179945
  18.923866   17.645546   14.397692   22.028666   15.525397   18.513935
  17.824066   15.997219   13.107479   17.188324   14.93165    18.688534
  16.95061    12.30383    14.617959   15.642607   17.759012   16.981762
  12.644534   15.582293   21.412102   17.224138   19.106571   15.20499
  15.937733   18.24973    13.215404   12.981935   17.536959   18.788698
  17.635592   15.456979   26.38187    24.015837   14.418367   20.355858
  21.438217   12.174582   15.495145   22.388025   17.339994   18.00033
  16.086891   18.32823    20.137712   14.752037   19.18236    19.499317
  19.765127   18.018433   14.60638    17.37763    17.94209    13.186575
  21.670183   15.684099   14.663236   16.931746   17.870173   14.336376
  17.373283   15.204393   16.9208     14.997034   20.264696   17.470497
  15.103497   11.09244    16.492903   17.736498   14.769886   12.43403
  20.174536   16.26674    13.681302   18.56558    16.679127   14.608593
  15.657675   14.852687   18.20788    15.784033   18.298622   17.882994
  17.615337   19.081581   16.433289   12.825581   19.427225   18.370102
  17.400751   17.512642   24.014801   15.039761   20.811806   19.547394
  16.40517    20.187742   19.431694   16.130465   22.469091   13.92836
  15.902632   18.530603   12.6797695  21.425135   16.687502   18.776953
  19.782778   17.341026   14.860651   15.166027   19.220455   19.31573
  13.439295   15.720589   16.57393    17.084087   15.93596    17.934715
  15.438518   14.59639    15.072678   16.450954   20.42818    17.555017
  15.393471   20.113768   16.325169   12.585384   16.959045   16.872591
  14.878705   19.309134   17.368206   17.605804   11.654514   17.461227
  13.399355   17.848633   14.827377   25.057476   18.250586   15.512488 ]",0.4851063829787234,0.4494538644949595
6,28,1316,"[[ 0.09637638  0.4772137   0.20251004 ... -0.8301274  -0.04875047
   0.30662763]
 [ 0.5800022   0.74610305  0.88733363 ...  0.12607364  0.51192904
   0.564129  ]
 [ 1.0406585   0.3050563  -0.20215149 ... -0.1496716  -0.07966059
   0.02918338]
 ...
 [ 0.7337555  -0.0216079   0.29200837 ...  0.17002255  0.81572944
  -0.047899  ]
 [ 0.674737   -0.9061515   0.39526907 ...  0.37742853  0.24420768
  -0.05981734]
 [-0.71840876  0.54078114  0.4359194  ... -0.7598407   0.13942479
   0.6842043 ]]","[ 19.728243   17.839048   15.306538   16.034788   13.237563   16.180582
  17.375938   22.824772   18.442225   16.716368   13.75024    14.5302725
  16.663652   15.123691   18.937483   15.704954   11.39033    16.32985
  15.786003   12.964218   12.799854   13.984005   19.496527   15.890709
  16.171373   16.059746   17.611868   16.32461    12.199233   16.161495
  14.07038    16.65193    18.051714   12.476514   16.731504   13.500811
  15.045749   15.228359   19.083601   15.179777   18.828062   18.433426
  13.927702   14.416485   15.926829   16.479326   20.778143   13.099817
  21.546835   15.821134   13.978613   16.995987   16.675415   19.203915
  15.498288   18.035316   13.777853   19.762121   12.977693   15.34918
  18.735502   12.023116   18.084002   17.366879   13.920635   15.376927
  15.699073   16.088472   15.517152   17.677412   14.362291   16.840689
  12.305507   11.8542385  13.906769   14.452055   14.973429   14.841245
  18.565815   18.710121   13.642291   14.700567   15.262672   16.63052
  19.313435   12.348394   17.640844   12.044585   14.536476   13.268014
  12.355797   18.380304   12.442981   18.056015   15.98446    18.914625
  15.638681   15.78864    14.787516   15.443026   15.88862    16.547308
  19.949348   15.194086   15.801396   17.7082     20.248198   17.92478
  13.8981     12.53185    13.394201   15.678596   20.901134   14.830599
  16.170925   15.159215   21.494879    8.27951    12.000909   22.109476
  12.852547   19.65176    11.760823   16.721542   18.255762   14.194218
  11.849943   22.194658   12.555044   14.820749   17.999332   19.388365
  13.379172   14.799482   17.155626   13.015273   14.972809   18.224804
  20.135948   15.012899   12.900114   14.305553   12.495034   20.309502
  13.566657   16.908886   13.556901   14.708525   18.805813   15.899961
  18.084259   13.073616   18.029665   13.682434   12.475821   14.320899
  13.101415   15.323477   16.956774   22.182367   17.43377    16.762783
  20.365786   17.918362   13.926469   16.802103   15.416774   15.5960045
  16.535122   12.362113   13.579345   13.287957   14.828125   21.176464
  17.363956   15.627988   13.293417   14.479914   18.173368   18.843273
  14.307753   15.5819025  12.952091   14.650722   14.538089   10.8670225
  16.768358   19.713419   18.51011    13.210635   14.68319    14.72098
  14.3589525  18.61697    13.608994   13.630303   18.53846    14.925379
  13.822225   18.707014   17.361654   19.100817   18.838528   18.40716
  12.7250185  16.886202   13.189767   12.647524   15.071735   16.285898
  12.629856   17.494934   15.627991   12.661761   15.999829   14.473729
  13.088676   13.957993   14.508601   15.829996   14.494832   13.806547
  17.958578   13.443978   16.982649   18.539587   19.506838   20.226755
  16.733261   17.115719   19.334425   15.618571   15.433416   17.633934
  15.496002   14.270582   16.689657   13.04026    14.754787   16.546957
  15.090243   15.199716   15.884551   15.419637   15.913103   16.293934
  16.089668   14.100959   16.652937   15.082537   14.41244    17.320518
  14.345054   16.664516   13.579121   15.519203   13.040017   13.7152815
  13.767211   17.669773   16.40741    13.010585   12.24768    17.331678
  16.434624   13.419755   18.22127    12.903401   13.69894    15.942616
  17.171156   18.525753   15.150035   17.504496   13.550503   15.235093
  14.200235   12.878794   16.461884   16.936174   19.07843    20.261036
  13.9045315  16.037495   26.234589   15.593931   15.453073   13.976295
  12.176557   16.088503   16.69951    16.653254   17.001795   13.42093
  14.388407   18.134884   16.323296   14.610502   14.055072   15.666876
  12.488167   17.186384   15.706273   13.790706   12.848095   17.741976
  13.475795   13.36559    16.253881   13.689995   19.42695    14.952272
  18.911747   16.169231   21.10113    15.196451   15.530353   19.16368
  16.941277   17.480999   14.183545   19.108038   16.372545   14.992125
  12.890451   12.557064   15.510245   17.022387   18.233093   18.486517
  17.987944   18.296803   14.499543   20.452251   15.185312   15.205617
  24.226357   13.221777   16.537355   14.983112   14.884773   14.5019865
  12.573998   15.8240595  16.78865    14.922798   14.319817   17.423254
  14.141663   16.78253    16.04777    18.380568   12.625731   13.451919
  17.902214   17.03587    15.690655   15.05846    19.526318   20.569538
  14.426003   23.705856   15.996206   12.346974   19.278423   12.331768
  12.81168    21.289589   14.240784   15.056586   20.833942   14.327122
  19.036606   15.776867   12.172042   14.824698   15.053335   18.059137
  17.348026   21.039995   15.9261     12.149894   14.515778   14.197329
  15.005584   13.068858   20.115252   17.085161   18.846788   17.916206
  17.731419   13.481455   15.5857315  18.312687   13.36651    15.453587
  13.016477   17.664154   13.388      14.716943   15.276403   17.739914
  17.401306   14.731837   13.750258   20.197836   15.5060835  17.26898
  15.1883135  14.460665   14.046495   14.9999275  15.458919   20.100027
  23.9874     17.474493   17.858877   15.574906   11.852935   15.800204
  12.78584    15.691089   15.533558   17.698202   16.647354   18.52791
  14.351588   17.862675   12.798667   18.70528    14.068243   17.402353
  15.456404   10.386783   12.586703   18.197056   13.587818   13.861905
  20.749632   15.013393   16.179981   19.021708   15.871322   16.891865
  15.832643   14.78534    18.237503   18.18938    15.246353   18.558857
  12.621726   13.247856   19.24826    17.72399    18.895102   20.052143
  17.784346   21.513052   17.238714   13.970257   18.29949    14.612555
  17.086937   15.884003   11.316197   16.609936   20.71681    13.400269
  13.8109665  14.848831   18.397448   10.154501   13.198083   14.727041
  17.53911    14.106663   14.979906   13.043696   12.952272   17.106905
  18.566854   14.139609   12.872195   16.924149   10.567084   16.83346
  12.770737   13.92493    10.804182   15.729389   20.282612   19.534899
  17.924967   14.608244   14.053823   16.511223   15.824789   18.032328
  14.6013155  17.092018   18.75694    20.37693    16.945272   18.67351
  14.23934    10.7806635  22.984226   16.342264   14.678544   13.579998
  14.543842   21.381874   15.818726   14.903872   17.967585   18.252804
  14.732085   11.689182   14.368307   14.733698   16.021566   14.553565
  15.412597   14.748136   16.57519    15.0059595  14.988122   19.037605
  20.365149   16.740883   17.81355    16.284288   17.131021   15.388327
  16.134125   14.598949   14.297831   16.74716    17.499395   12.08234
  16.253223   14.669262   14.670415   19.901632   18.33758    16.513544
  16.41397    16.406588   20.014196   13.64643    14.375808   18.034859
  14.849483   18.561134   12.683569   15.867856   17.150589   14.767285
  15.733219   14.372908   19.266977   14.997752   16.881037   14.398188
  15.399341   16.258707   15.62532    15.506695   12.7448635  17.500906
  13.662698   13.769787   13.256612   14.232273   20.147028   16.308613
  15.869236   13.723232   12.90915    15.711096   16.102924   12.84452
  14.543276   16.348518   15.755374   15.938454   19.447916   17.13002
  18.35753    14.069768   16.045435   17.624294   17.57562    18.594177
  17.16095    15.417873   18.32207    20.075308   21.445248   16.05171
  17.07992    18.205858   13.050192   13.458529  142.60146    18.9492
  16.354841   19.637548   16.715696   13.136162   13.875472   12.619048
  13.040382   18.280863   14.472886   18.509117   21.922403   19.057281
  14.076843   18.60613    16.119581   17.815954   14.452755   16.50131
  15.85487    13.76144    14.53206    18.551693   14.74512    18.255142
  16.226368   15.702565   11.176774   15.839942   14.03424    18.295855
  16.661842   12.49546    14.46671    12.956123   17.159159   15.427364
  11.592612   15.3787155  18.533499   13.959488   19.441118   14.721037
  15.832133   14.951764   11.59286    12.340944   17.139822   17.981493
  17.9839     17.144339   22.255955   22.397575   12.564079   19.008986
  17.34435    13.339111   16.092415   20.933393   18.57518    18.250229
  14.135454   17.991467   17.296976   14.336427   17.17709    16.901562
  17.708971   17.89295    12.868918   14.872957   17.224321   12.684044
  18.397453   15.279618   13.083215   16.48754    16.8765     14.04837
  15.986222   14.14758    16.09053    15.698235   17.63858    17.01223
  13.547287   11.829255   16.466524   15.342131   13.631221   12.576232
  19.859703   15.381475   13.32312    15.406861   13.965942   13.756027
  15.431318   13.509816   16.775778   14.753707   18.335783   16.294525
  17.01506    18.181845   15.266367   12.158646   18.156166   18.071297
  16.459099   14.51937    20.704966   15.293406   15.315455   18.366571
  15.005383   17.920956   17.815887   16.323555   19.544985   14.695767
  14.9754715  17.830708   13.468312   20.16074    16.764587   15.131973
  19.003593   13.708933   16.522478   15.682723   16.721226   17.458412
  12.187914   14.618118   14.589585   15.198468   14.963011   16.99036
  13.663687   14.193634   13.16564    14.792674   16.864288   16.233582
  15.5041065  19.593529   13.282167   12.812914   17.31151    14.883323
  14.379273   16.736515   16.904236   13.261133    9.78211    17.629543
  14.017156   15.994861   13.980612   22.446526   16.850412   15.03318  ]",0.5382978723404256,0.48524764279524485
7,28,1316,"[[ 0.52796155 -0.7170028  -0.20147793 ...  0.07358041 -0.0095398
   0.24820228]
 [-0.03315822 -0.27444813  0.08281362 ... -0.6734131   0.10194017
   0.3881533 ]
 [ 0.1122313   0.21088547  0.02901548 ...  1.3322673   0.16111311
  -0.39886352]
 ...
 [-0.02180776 -0.0286159   0.22009364 ... -1.0470874  -0.26049447
   0.34990364]
 [ 0.3393328  -0.46442842 -0.6489167  ...  0.11271817 -0.18192376
   0.4271788 ]
 [-0.30500543  0.36198822  0.0266689  ...  0.40334028 -0.2391656
   0.6426217 ]]","[ 17.759296   13.884057   14.593047   15.110659   12.873939   15.666583
  16.090902   21.477425   16.194246   15.124624   12.511064   13.290786
  14.0045805  13.623854   14.98826    15.146574    7.912371   14.2737255
  12.79177    12.332629   11.010062   14.087729   17.069332   12.533575
  12.989725   14.604597   15.855016   15.794005   12.516551   16.156225
  12.205535   14.942556   16.206844   11.391927   16.075138   12.570146
  14.125063   14.024421   16.97917    13.12911    19.279354   16.12394
  11.745952   12.069999   14.799349   15.911482   18.42779    13.12017
  19.544735   13.418261   12.853163   14.519173   15.033231   17.631247
  14.641359   15.058783   13.858157   18.978664   11.815682   12.381337
  16.70855    12.203758   16.320265   13.978892   14.308143   14.618904
  14.929779   14.812667   14.176971   15.061609   11.503637   16.500462
  11.859001   11.026079   12.441667   13.255971   12.722041   13.4304285
  16.944288   16.772284   12.673044   13.87637    12.97776    14.405332
  15.990718   10.769133   15.333813   11.092307   13.572014   12.963813
  11.922082   16.881496   12.210483   15.521035   14.327305   16.49723
  15.51689    13.206583   13.92627    14.395335   14.5665     14.20083
  18.019741   13.193042   15.393819   15.432688   19.458382   14.026949
  13.505438   12.331308   13.702848   13.87696    18.002087   14.503286
  15.250389   12.716011   20.873575    5.953053   12.462921   21.236889
  12.243162   17.032362   10.944458   13.281129   16.236507   13.340453
  11.332223   19.738308    9.973397   13.785014   16.264973   17.042973
  13.871866   13.308488   15.153247   12.505336   13.693306   16.128992
  16.657557   11.5227585  12.507131   12.814328   11.04287    17.580736
  12.601436   15.250628   12.163996   15.633907   16.707695   13.781157
  16.311022   10.302262   17.96003    13.585201   11.307855   13.228706
  12.880289   12.797022   14.915595   18.29807    14.5325     17.162025
  18.192411   14.77366    12.197695   14.955637   12.842547   11.919037
  16.64755    10.89364    13.622319   11.380182   14.035825   19.075275
  15.957473   16.764172   12.395976   14.107648   16.993952   16.938622
  12.889709   13.58493    12.705482   13.429433   13.804769    9.170719
  16.48066    17.389168   18.374758   11.721707   13.43368    14.6377
  13.457358   16.020603   11.179232   12.094876   18.592678   14.195948
  13.366242   18.830359   15.307912   16.605097   15.449873   18.012938
  10.836303   13.8037815  12.988518   11.738089   15.212127   15.424879
  12.69311    15.433801   14.947247   11.991181   14.952516   13.264483
  11.068203   12.904554   13.733887   14.86085    13.948466   12.170809
  15.512225   13.735821   15.643876   16.890253   16.62548    19.36719
  16.942493   13.455493   17.69664    15.221013   12.405105   17.781715
  13.448381   12.31642    15.281935   11.606301   13.994524   13.893269
  13.347528   13.673574   13.656929   14.569971   15.489242   14.155936
  15.651457   13.144274   14.816987   13.050782   14.359796   13.198123
  14.743544   15.083255   12.222799   11.075005   12.199116   13.608039
  12.41837    18.474005   16.060432   11.786964    9.456492   13.931818
  13.891978   12.562903   15.282226   11.087428   13.129299   15.004357
  16.56321    15.41138    12.46179    14.087546   12.970515   14.46101
  14.099856   10.758076   14.126573   14.022862   16.648895   17.39237
  11.145687   13.708777   22.489096   13.794895   13.53871    13.036464
  11.108086   13.250164   15.928541   14.880052   16.265594   12.452589
  13.6409     16.40491    13.786409   14.946849   13.25146    13.549621
  12.792075   14.109391   12.817567   14.132051   12.296366   15.01016
  12.20561    13.301006   16.37419    12.14681    18.272137   13.144556
  17.100147   15.3643465  18.467194   14.103692   13.910781   16.133862
  15.877745   15.861064   13.269083   18.77966    15.719238   12.973691
  12.446098   11.247981   13.268907   13.6259575  16.24376    19.251955
  16.832325   15.648958   12.888751   18.526941   13.85839    13.894321
  19.115004   12.491498   14.512753   12.615375   13.67052     9.057451
  11.979899   14.547608   14.1480665  15.080617   13.799715   14.852666
  13.5557995  13.067716   13.0446005  16.987646   12.684987   11.849557
  17.037573   16.537825   14.947273   14.021324   16.95634    16.228102
  12.6515875  23.430628   15.874064   13.201826   17.028252   12.523143
  11.488616   21.788675   13.050213   13.927956   18.925997   12.827712
  15.081964   15.075518   10.767853   13.234797   13.19238    15.575327
  16.11147    21.667435   12.991299   12.003451   11.713894   12.414873
  13.50617    10.770004   18.311907   16.794218   16.518286   16.180704
  15.5589285  12.262839   14.088666   16.955637   12.388154   14.4895115
  12.541976   15.279567   12.880556   13.444372   14.788672   16.1837
  15.979386   16.157104   11.57763    18.390495   14.80479    15.1664295
  13.5422325  13.3418255  12.725556   14.815164   14.527111   17.090166
  21.53219    15.18322    16.457937   14.78059    10.959816   14.396442
  11.599047   13.451134   13.760172   16.380993   16.910215   16.160124
  12.429737   16.433205   10.873605   18.849915   14.09577    15.300211
  15.209806    9.522113   12.157284   16.106173   11.941774   13.739359
  18.121029   13.061249   15.167918   15.7487545  14.913486   16.867434
  13.704016   13.051953   15.357125   16.734562   13.369675   16.970512
  12.948342   12.286883   18.099941   15.506899   15.090625   18.435392
  16.256924   21.800005   15.216903   15.251331   16.741999   14.858494
  16.672039   13.341488   10.029944   15.348677   17.146051   12.66449
  12.147476   14.133351   18.25333     8.854159   12.122375   13.423212
  13.986754   12.486255   13.489526   12.443177   12.425846   15.690611
  17.493309   13.201397   12.140566   15.053421    7.7665834  14.378185
  11.720275   12.48101    10.715114   13.5020485  16.837574   16.171791
  16.550838   12.479023   12.601055   13.651929   15.077736   15.69946
  14.032107   16.177444   16.17908    20.816954   17.249592   16.307613
  14.082499    8.774687   19.131226   14.016179   13.090704   12.7375345
  14.529851   21.601183   13.670588   13.86422    15.135815   16.364931
  14.045517   11.486155   14.154813   15.072647   13.233158   14.186878
  13.359037   14.871767   15.560078   15.134524   13.460825   17.515057
  18.061083   15.24073    17.518425   15.187853   14.383528   15.583773
  15.696613   13.139034   13.973233   15.91216    15.08681    10.151517
  15.187541   13.284037   12.554579   19.88231    16.496653   13.771456
  13.868285   14.377777   18.656761   12.541551   12.204436   15.594479
  14.337742   13.789769   11.593824   13.6974745  16.739098   14.5178
  12.709274   13.018904   16.77134    14.963518   14.861071   14.048229
  14.565144   13.954023   14.452989   13.856823   11.029032   14.45152
  12.110957   12.433206   14.472498   13.245703   16.115927   14.128194
  14.634799   10.057593   12.809847   13.809329   14.111143   11.545373
  14.393365   15.259591   12.970498   14.328243   18.856773   15.222255
  14.665634   13.13098    15.834872   15.885586   14.459861   15.642959
  14.946774   14.619186   15.013427   17.615232   17.930042   15.58088
  15.046299   14.5322     13.718239   12.076345  146.82399    16.278822
  14.215653   17.912378   14.807034   11.387019   11.038841   11.02709
  11.682417   17.005472   14.068412   18.092775   17.361982   15.6986265
  13.247653   16.051487   15.11072    16.43519    12.592156   12.624075
  13.735459   10.617621   12.642463   17.05327    11.971861   16.124857
  14.728988   14.828575   10.409952   14.15981    13.271663   16.11061
  13.891602   11.566067   13.637316   11.367451   15.494124   13.732614
   9.878595   13.733337   17.245447   12.587177   16.1352     13.554543
  14.352066   15.824675    9.803134   11.9405365  15.90175    16.735876
  14.802913   15.06121    19.067568   19.370827   12.4414835  17.036674
  14.218543   13.371374   15.121675   18.967024   16.544512   15.887028
  12.492232   15.59557    15.359423   14.389949   15.546795   15.417597
  16.61826    15.527293   11.831239   14.553967   15.314124   11.834873
  15.641866   12.397921   12.353336   14.535532   16.568386   14.114124
  14.428103   11.447983   16.41578    12.294955   15.616943   14.384278
  12.894655   10.781212   15.24044    13.638738   12.506791   11.635699
  17.681124   13.357496   12.602327   15.019592   13.591142   12.760188
  15.647239   12.6429825  15.7972     14.102961   16.90121    13.848115
  15.058634   15.557808   13.412449   11.515361   16.89446    16.133316
  15.344963   13.140195   14.339092   13.971627   16.139519   16.142616
  14.365526   15.7804165  16.11871    13.535576   18.499437   13.833775
  14.198385   16.357151   10.793075   19.126965   14.438658   14.235387
  18.15816    12.789084   14.575475   13.535139   15.167091   15.15594
  12.22551    12.751569   12.974758   13.413569   13.243358   14.883767
  11.994402   13.281413   11.029173   13.572139   14.751594   13.017701
  14.59389    16.85482    13.324571   11.60861    15.786009   12.545125
  13.571556   14.777805   13.517744   14.17195     7.2906322  16.560793
  13.323317   14.047098   13.584257   20.394077   14.116694   13.1453705]",0.5888297872340426,0.5183047066132228
8,28,1316,"[[ 0.7198741   0.10890569 -0.29529026 ...  0.41890588  0.03848772
   0.03929374]
 [ 0.05169061  0.4752303  -0.47813872 ...  0.14853328 -0.34177175
   0.2868447 ]
 [-0.03230971  0.32989335  0.47404346 ...  0.7207765   0.02319707
  -0.35749692]
 ...
 [ 0.12131769 -0.46519193 -0.02377253 ...  0.611685   -0.10443721
   0.45190865]
 [-0.19212231 -0.00413038 -0.3780352  ... -0.09993911  0.89964116
   0.181767  ]
 [ 0.09832422  0.3759876   0.05065649 ...  0.3943595  -0.08621404
   1.3516036 ]]","[ 13.485582   10.876861   10.398403   11.5195265  10.204956   10.841346
  11.9993     16.442062   12.648553   13.131337    9.973317   10.285093
  11.4613495  10.785929   12.71757    10.986476    6.292119   11.656685
  10.720908   10.170831    9.344548   10.890988   13.659999   10.695919
  11.372794   12.199935   12.650118   12.387105    9.367225   12.14313
   7.581719   11.7057295  12.958082    9.2910795  11.475883    9.490374
  11.125494   11.611554   14.158803   10.864486   14.111559   13.54981
   9.792338    9.89066    11.442473   11.663947   14.869529    9.487168
  15.1238785  11.234756   10.812834   13.191664   11.076838   11.365809
   9.260769   11.816945   10.676326   14.187524    8.979297   11.231573
  12.9333105   9.991328   12.8473835  11.967465   10.946805   10.113357
  10.735751   11.324073   10.453222   11.45864     9.725644   12.607441
  11.437549    7.387203    9.923282    9.72471    10.708062   10.354176
  12.414      12.323517   11.087928   10.1720085   9.946252   11.365535
  11.838617    9.303735   12.764746    9.993341   11.633467    9.429153
   9.748751   13.323711    9.39698    13.66131    11.146674   11.972935
  11.46786    10.845203   11.796505   10.617152   12.412653   11.2388115
  13.212313   11.430169   12.293489   12.989539   14.07068    11.168398
  10.459441    9.969414   10.949412   11.328926   12.509795   11.254663
  11.275838   11.033564   14.234819    4.5103545   9.48202    14.483423
  10.11047    13.811285    8.965938   10.8186865  12.089227   10.534257
   8.170304   14.258025    7.3224573  10.541265   13.565695   12.800527
  12.331568   12.084483   12.350917   11.041512   11.694188   15.027344
  14.355557   11.233179    9.475715   11.705621    8.578598   14.179026
  11.175642   12.663439    9.836256   12.297284   13.935623   10.731143
  12.219353    8.634415   12.517208   11.47308     9.811424    9.833552
  10.328378   10.960982   12.6846695  13.111916   10.46056    13.359279
  15.993372   12.427567    9.443465   11.819317   10.7193165   8.655217
  12.002952    8.918129   10.592389   10.1612     12.467488   13.857021
  12.509013   11.869262    9.450092   11.369586   15.054734   13.896326
   9.673659   11.280263    9.396087   10.026712   10.767001    7.007742
  12.922655   12.838421   12.722957   10.779232   10.399774   10.049757
  10.049382   13.047096    9.807164    9.746643   13.7200775  11.104669
  10.3079     14.415121   11.652256   11.378177   14.218277   12.890693
   9.685571   12.354172   11.024432   10.499418   11.461803   11.355378
   9.657016   12.310866   10.93365    10.426164   11.11585    10.690306
   9.047759   10.135821   12.717174   11.319829   11.594785    9.691949
  10.765464    9.724121   12.644229   14.350702   13.030825   14.291595
  11.376769   11.080033   13.637871   11.2148695  11.648971   13.302843
  10.5426655  11.428247   11.205824    9.103063   11.6763735  12.916564
  11.707686   10.354458   11.337824   10.531447   12.088306   12.40817
  13.383363   11.17402    12.943667    9.381435   12.022127   10.431752
  12.604522   10.80304    10.662607    6.6492157   9.885335    9.553479
  10.066786   13.489763   12.5705     11.258042    5.851539   11.985326
  12.549241   11.0569515  12.881003    9.96998    11.714623   12.303063
  12.713942   13.2415495  10.552014   12.476789   10.24344    11.938462
  10.493971    9.638556   12.900143   12.184031   14.305285   12.952435
  10.443956   10.570091   18.55073    10.53003    11.8508625  10.472089
   9.269056   11.033752   12.43968    11.207407   13.01182    10.277224
  10.755254   14.459697   10.813287   11.092023   10.642111   11.395427
  10.286322   11.879892   12.078269    9.575151    9.874113   10.159364
   9.96828    11.185175   13.174083    9.369633   13.552074    9.89622
  13.379533   10.87454    12.920095   10.526186   11.241436   14.634178
  12.383142   10.6874     10.854445   12.66234    12.319749   10.284621
  10.362689    9.541483   11.016321   12.441201   12.751011   14.8574
  13.33202    13.453063   10.437664   14.350747   10.813376    9.812865
  12.455938   10.4222145  11.108994    9.236843   10.67991     6.4678893
   9.918031   11.23116     9.302614   12.63356     9.915635   12.515462
  11.0319605  11.914537    9.093092   13.907694   10.092355    8.662102
  12.268273   13.338908   12.057139   10.462578   14.674337   13.01608
   9.692793   17.665625   13.303228   11.285507   12.808225   10.220453
  10.299173   14.326409   10.223841   10.662989   13.855914    8.579661
  11.783343   11.912005    9.055472   11.683355   10.934591   12.1650505
  12.859937   14.485579   10.740539    9.112147   10.600627   10.251578
  11.164034    7.1329603  13.244789   14.509604   12.834992   13.324674
  11.210899    9.941585   11.193985   11.856204    9.960321   11.498342
   8.932204   13.845708    9.771839   10.272477   12.131557   12.657606
  12.9607315  10.646664   10.254958   14.914385    9.995582   11.099477
  10.019606    9.7145605   8.690063   11.459446   10.249224   12.724828
  17.247465   12.49917    14.136975   10.071978    9.321701   12.01114
   9.278842   10.926783   12.382191   12.886464   11.56956    12.519923
  10.207409   11.929137    8.848083   15.19713    11.544717   12.003496
  11.360417    8.141209    8.971633   13.70063     9.780383   10.474605
  14.330817   12.1980505  11.240743   14.050981   12.824362   13.120005
   9.887412   10.176922   12.55099    12.109042   10.666993   12.584201
  10.466754    8.542638   14.251281   11.645973   11.754813   15.721808
  13.247116   14.381567   12.275939   12.083346   12.885352   11.740394
  12.665098   11.785133    8.361543   11.2467985  13.563156   10.229892
  10.656646   11.201697   13.973829    7.4436464  10.2967005  10.531803
  10.240564   10.641302   11.616943   10.487449    9.431663   12.201016
  12.510213   11.303046    9.297437   11.578849    5.89713    12.172159
  10.07092     9.341169    9.226572   10.853772   12.232236   11.868408
  13.035644    9.600514    9.646371   10.761777   11.346272   11.565453
  10.599514   11.686879   13.392816   14.597031   11.790046   13.243302
  12.309424    6.4909987  13.649259   13.310669   10.4535675  10.724527
  10.190455   15.425736   11.868378   11.2965765  11.559138   13.276997
  10.670061    9.035854   11.231627   13.059362   10.485846   10.862672
   9.711231   11.722191   12.476695   11.970963   11.577661   12.077748
  14.234458   12.299756   12.107961   11.627299   10.440437   13.341933
  12.957539   10.487678   11.674917   14.237799   12.066073    9.027904
  10.727056   11.065864   10.702076   13.722297   13.960372   11.06865
  12.774583   10.601962   14.760652   10.518401    8.619191   12.080896
  11.686869   12.513395   10.591731   11.102593   12.549109    9.99927
  11.695848   10.641581   12.782737   11.313876   12.228977   11.618115
  10.476524   12.106796   11.8409605  11.418028    9.9096     13.6449375
   8.537054    9.715419   11.407728   11.248823   14.357906   11.470029
  11.551524    7.0732846  11.529418   11.2420845  11.782939   10.60202
  10.462827   12.14425    10.74808    11.5399     14.034258   11.211511
  13.420878   11.308456   11.875059   12.491657   13.235628   11.516256
  12.557977   11.654704   12.647214   13.517961   14.939315   13.441052
  12.672715   13.195196    9.702659   10.322935  100.46634    11.477751
  11.081083   11.651389   12.173679   10.368246    8.974095    8.933519
   9.551611   13.49343    11.333609   14.551592   14.491975   14.204876
  12.225686   12.717085   11.663809   13.146616    9.711968   10.940426
   8.123378    8.360187   10.589465   13.963636    9.901747   11.848104
  13.036332   12.175117    8.143355   12.11437    11.353792   13.011506
  11.023322    9.25721     9.717102    9.2816515  12.237004   10.915374
   7.595682   10.5848875  12.255117    9.949127   13.614056   11.255204
  12.853976   11.778448    7.6569185   9.550973   11.975702   14.105576
  11.992767   11.41383    14.351325   13.543497    9.819323   13.646772
  12.325034   10.0538025  10.76443    14.459104   13.152938   12.717134
  10.834575   13.146485   12.675809   10.395595   11.827725   13.153444
  11.4969845  11.500564   10.828285   12.154453   12.192762    9.490015
  13.161166   10.740527   10.382066   12.650731   10.717682   10.552949
  12.386248    9.937222   11.654944   11.189975   11.898147   11.580793
   9.814639    8.924747   12.486027   10.646282    9.829787   11.0582695
  13.090414   10.970158   11.876311   11.339052   11.545189   10.5692425
  12.492927   10.098383   11.41032    11.220325   12.65971    12.045807
  11.098285   12.151776   11.461543    8.360635   12.430641   12.009678
  11.156686   11.189255    9.24562    10.935305   12.675241   13.353255
  10.56792    11.536039   12.621507   10.787848   15.053577   10.925596
  11.56914    12.001923    8.525962   14.078271   12.149072   11.308769
  15.313778    9.786824   12.061916   11.436333   12.708409   11.811673
  10.445816    9.954566   10.57708    12.111199   10.486992   12.64336
   9.766575   10.364029   10.452437   11.256569   11.32102    10.562277
  11.50984    12.899021    9.401332    9.642164   12.92498    11.189585
  11.627531   12.6646595  11.393548   10.417966    5.2033567  11.999733
  10.982193   11.275398   12.119842   14.448067   12.10631    11.463751 ]",0.6696808510638298,0.5974630494912465
9,28,1316,"[[ 0.7145062   0.15319954  0.27909473 ...  0.21213533  0.05660812
  -0.11390438]
 [ 0.01661921  0.6264237  -0.02780634 ...  0.05269171  0.16696915
  -0.15141475]
 [-0.03981688 -0.02320348  0.72598547 ... -0.07341806 -0.35742673
  -0.03582323]
 ...
 [ 0.09324953  0.1407138  -0.043974   ...  0.52020735  0.03538564
  -0.00652279]
 [-0.12937485  0.19508019 -0.09986346 ...  0.12215672  0.69950426
   0.1026307 ]
 [ 0.10643145 -0.10892851 -0.05564686 ...  0.05034963  0.08113059
   0.84662   ]]","[ 8.458678   8.693736   7.5119658  8.401834   7.7177706  7.9627366
  8.039505  10.488821   9.367947   8.101456   7.2455387  6.781357
  8.51831    7.6267204  9.345833   7.787977   4.16772    7.692588
  8.050818   7.614811   6.745845   8.000306   9.311099   7.603603
  8.391855   8.07805    9.38522    8.800143   7.2777014  8.220406
  5.3277264  7.305584   9.124966   6.4259663  8.176808   6.74341
  8.0650215  8.600098   9.182385   6.7424755  9.65932    9.072109
  6.5679917  7.215397   8.230045   8.412571   9.239431   8.537025
 11.153954   7.903299   7.216263   8.00559    7.822934   8.354622
  7.7016683  9.703755   8.641977   9.07268    7.6966443  8.206465
  9.507152   7.9625626  8.187678   8.05527    8.150146   8.05393
  7.218043   9.06111    7.2157764  7.401192   7.0545626  9.506101
  7.303342   5.7174525  6.9179807  7.746316   8.769823   7.2738714
  8.930845   9.022562   7.548584   7.3316193  7.2225375  7.914787
  7.294122   5.736203   8.68501    7.4700985  7.8763947  6.912426
  8.027344   8.325905   7.82479    8.696618   7.733851   8.883515
  8.226218   8.332177   8.368357   7.9007063  7.999331   7.497081
 10.051707   7.6954618  8.904257   9.002497   9.51253    7.033682
  7.160227   6.458921   7.3733845  7.737648   8.793334   7.052387
  7.3419557  7.645013   9.365829   2.4569173  7.3832717  9.840055
  7.5794644 10.660127   6.490643   7.256421   7.342746   8.2742
  6.7764688 10.462881   5.0795064  8.979329   8.544385   9.000511
  7.6527424  8.002713   8.066168   6.9853926  8.273417   9.406471
  9.460751   9.025336   6.955091   7.628312   7.700465   8.188491
  7.930056   7.100501   7.9554434  8.748347   9.151971   8.691323
  9.151873   7.4765162  8.131817   7.92364    7.702447   7.7752023
  7.347138   8.645151   7.8880587  7.458502   7.5762873  8.966768
  9.872879   9.139437   6.4224043  8.524996   6.976549   5.011933
  8.491534   6.599278   7.4653025  6.7584414  8.270605   9.349729
  8.841588   6.420609   7.78779    8.380208  10.253857  10.026377
  7.2108293  7.3167605  7.8637176  7.837255   6.831583   4.6677938
  8.285307   9.37854    8.839522   8.319901   7.848658   7.890687
  6.775297   8.431388   7.3362703  7.764639   9.559585   8.784347
  7.486996  10.125932   8.063149   8.314697   8.468036   9.29386
  6.898719   9.004531   8.101741   7.742635   7.525463   7.6070356
  6.9807773  8.872202   7.514625   8.008409   7.396131   7.2932134
  6.567305   6.7932134  7.426646   9.013789   8.2607565  6.5014424
  7.840664   7.208545   8.76329    9.267719   9.114333  10.022549
  9.043825   7.535814   8.341379   8.577323   7.1820717  8.4608965
  8.43953    6.6998677  8.425648   6.7521954  7.559201   8.6710825
  8.0689945  7.9186945  7.6958103  7.822066   7.878846   7.850063
  8.423944   7.8202233  7.7334785  6.7537894  8.899039   8.605559
  8.2060175  8.2481575  7.5944624  3.527399   6.757288   7.361558
  6.3997726  9.988693   8.974678   7.4614105  3.6636453  8.24192
  7.864616   7.4063187  8.91097    7.10918    7.8868227  9.088473
  9.998162   9.573711   7.078245   7.2323585  7.959041   8.314594
  7.137981   6.571557   8.753312   8.151669   7.7222576  8.186888
  6.97644    7.520995  10.821202   6.5451803  8.69664    7.705246
  7.436345   8.939562   9.61651    7.811237   9.969839   7.1918736
  7.90388    9.020006   7.9424624  7.9750223  6.2464056  7.613583
  8.053505   7.6793027  8.49678    7.9539657  6.856581   7.363726
  7.5965447  7.343703   8.521276   6.211063   9.009952   7.3494406
  9.705603   7.5730433  8.380025   7.4853296  8.59173    9.997492
  8.192699   8.117348   7.692739   8.351509   9.774133   7.6947007
  7.9655056  7.341855   7.753839   9.372261   8.289352   9.2736025
  9.444726   8.696336   9.009689   9.636902   8.53363    7.004537
  7.214711   7.3017     7.6931567  6.903118   7.788869   3.6257288
  7.6931753  8.485725   5.526027   8.061068   7.4320793  8.992985
  7.114406   9.326836   5.4246697 10.684578   6.9917684  7.763723
  7.654869   8.675124   8.039641   8.576724   9.591115   8.127574
  7.15883   10.503841   9.276797   7.2327733 10.240516   7.8666224
  6.8980236  8.817592   6.6467957  8.3176    10.37485    7.3164406
  8.4593315  8.028417   7.0621357  8.093424   7.7161055  7.876847
  8.950489  10.470524   7.304823   6.9816527  7.741288   7.7549543
  9.097443   3.6833878  8.401984  10.198333   8.299033   8.062845
  9.019116   7.1740913  8.125137   8.554457   7.678227   8.0826
  6.081075   8.698005   6.8432946  7.819762   9.092364   8.594708
  8.545738   8.061832   7.116745  11.445465   8.0891285  8.340921
  7.2759237  7.7907977  5.911476   7.5832114  7.8850713 10.762428
 12.335154   8.841724   9.199506   6.844526   6.415423   7.789019
  7.070162   8.106156   8.140809   8.782557   7.9421163  8.576343
  6.818339   7.410153   4.992359   9.841756   8.796198   8.0956
  8.103334   5.52772    6.8924856  9.126563   7.6916437  7.036956
 10.254042   7.745058   7.8271646 10.379662   8.568131   9.701373
  8.01419    8.598047   9.438311   7.3995585  8.083964   9.254114
  8.103233   6.6237874  8.759042   8.648045   9.123721  10.642679
  8.271329   9.912488   8.861659   8.485752   8.928469   8.92193
  9.190265   8.57942    6.7508383  8.483369   9.154157   7.1944666
  6.648233   7.710489   9.562183   5.6726427  7.911      7.3271527
  6.955702   7.5048337  7.8262286  8.149658   7.380765   8.655401
  9.682328   8.494876   7.0748005  8.913643   3.873221   8.216431
  7.3768997  7.6168118  5.885947   6.884488   8.628999   8.374736
  7.6978807  6.936073   6.2133102  8.4011     8.171631   7.528476
  7.764707   7.6703     8.7410555  8.990133   8.48514    9.350443
  8.47692    4.4379425  9.3159275  8.815088   7.1777406  8.346657
  7.8856096 11.053788   8.578399   7.2728972  8.397809   9.273804
  8.09618    7.2263017  7.680847   8.162621   7.757818   7.1424017
  7.3209887  8.449593   7.961363   8.145944   8.302626   8.142375
  9.0006695  8.98078    9.97791    8.59008    7.543148   9.074333
  8.884822   8.09646    7.8213973  9.044835   8.167785   6.3806887
  7.9803486  8.369045   8.152577  10.265027   8.331144   8.366549
  8.592085   9.08678    9.657711   8.029373   7.7726693  7.345659
  7.3207073  8.718824   7.574089   7.558485   9.272919   6.759095
  7.3085814  8.207466   9.676851   7.7394433  7.6420703  9.131675
  7.018361   8.465339   8.629673   6.9706383  7.049621   8.4259405
  5.5506763  6.83811    8.6030035  7.2309623 11.823142   8.870574
  7.833573   3.4614587  7.7499537  6.821391   8.203732   7.891105
  7.9022646  9.17025    8.104418   6.9349885  9.488759   6.9374595
  9.079927   7.620255   8.278652   8.602384   8.2627     9.05777
  7.6909046  8.040849   9.052627   8.406662   9.277522   8.187486
  8.782373   8.675279   7.16513    7.1017756 71.07035    8.22028
  7.2276015  7.9650245  8.3976965  8.26242    6.8304887  5.952137
  7.520208   8.916033   7.9195676 10.042281   9.169219   9.698523
  8.781514   8.695525   7.8954444  9.35563    7.5324826  7.3396797
  5.5306664  5.0379786  6.6545486  9.360336   8.935947   7.9609604
  9.359357   9.306309   6.9856772  8.227201   7.827453   9.567867
  7.6037273  6.6897826  8.041616   7.6794925  8.3916025  7.7607584
  6.1969304  7.524834   8.402136   6.4409914  9.305987   7.1259875
  7.946492   8.286722   5.004065   7.10483    8.652357   9.258578
  7.9492073  8.797596   9.166888   9.822674   7.414628  10.116774
  8.524591   8.366866   7.449128   8.624586   9.30717    7.4291344
  7.782938   8.299069   8.5098715  8.093546   7.6753144  7.896923
  7.8645306  8.046927   7.8492928  7.8537016  8.3448105  7.0428743
  9.514044   7.2357597  7.4878774  7.6731997  8.15448    8.088893
  9.176294   7.259593   7.840607   7.3250103  7.9961276  8.315742
  6.5225873  6.1996694  9.013074   7.9572177  7.918289   8.679842
  9.944843   7.5792885  7.2039022  8.9054165  7.6254196  8.728579
  8.734356   7.908122   7.758052   8.213946   8.632538   7.7916427
  8.624716   9.129767   6.5470057  5.8970227  9.4680395  9.538078
  7.952931   7.365262   5.0939226  8.265387   8.63905    8.273591
  8.6265745  8.123349   9.207853   7.6040792  8.256178   8.420826
  8.231158   8.854862   6.3900723 10.626088   8.919794   8.183358
 11.234207   7.8675294  7.7276344  7.3268447  8.827358   9.356817
  6.7430124  6.8268366  7.8994102  7.782301   7.009747   8.100371
  7.5394335  7.4168606  7.454302   7.559947   8.75481    7.821629
  8.00486    9.310434   6.0102053  6.986482   8.689697   8.093904
  9.012385   8.2790785  7.584472   7.7827663  3.5195317  8.338621
  7.5631275  8.506273   8.171175  11.408426   8.15068    8.445493 ]",0.7430851063829788,0.6962321281433106
10,28,1316,"[[ 7.81219721e-01 -1.33702368e-01  9.10679810e-03 ... -2.14918219e-02
  -3.40528525e-02  4.55346890e-02]
 [-6.92533655e-03  8.48266482e-01 -1.18462071e-01 ...  5.80481961e-02
   5.89244589e-02  8.91508982e-02]
 [ 8.25325176e-02  1.13534520e-03  8.20532501e-01 ... -4.96919379e-02
  -1.49960577e-01 -1.05797045e-01]
 ...
 [-1.32154804e-02  1.67664140e-02  3.01496107e-02 ...  7.75125980e-01
  -3.96216065e-02 -5.21320999e-02]
 [ 1.70493741e-02 -2.03812346e-02 -7.04753256e-05 ...  8.00708309e-02
   8.34857106e-01 -2.92968117e-02]
 [-1.21433847e-01 -8.21862370e-02 -1.57688204e-02 ...  1.40397549e-01
   4.04306725e-02  8.72318387e-01]]","[ 4.6736064  4.9788594  3.6367412  4.3204203  4.977024   4.2855644
  4.5946803  4.959614   5.127297   5.215937   3.6966834  3.9367847
  4.549614   4.2163982  4.779241   3.6503437  2.0014548  4.3336506
  3.7664623  4.574171   4.5099983  4.157988   4.8968496  4.1124396
  4.2985296  5.2743807  4.816844   4.2014875  4.2175374  3.985213
  3.038325   4.545425   5.4574666  4.6620874  4.9255247  4.565032
  4.763699   3.701775   4.977121   4.0438514  5.0372696  4.8572774
  3.71275    3.834106   4.8500915  5.129763   4.286203   4.4651394
  4.822429   4.3702583  3.2319627  3.9875832  4.5836215  4.0366654
  5.482249   4.602445   4.3661337  5.162221   4.5248814  4.4703155
  4.6044393  4.4524727  4.2984405  4.244428   4.529225   4.417748
  4.413281   4.5582714  4.815577   3.5933268  3.678848   5.0163164
  3.5649674  2.7665985  3.6384685  3.6019022  4.5910525  3.7580538
  4.5496593  4.6356125  3.755339   3.8239517  4.75983    4.4273853
  4.6160917  4.114864   4.5903015  3.421506   4.091002   3.2112033
  4.2322326  4.646782   3.8693972  4.6582046  4.3699994  5.3860917
  4.5458746  4.2876577  4.680808   5.1596694  4.418515   3.69184
  4.5503807  4.625884   4.8258348  4.831528   4.7399206  3.8354409
  4.3347106  3.8695755  5.2320867  3.9610884  4.698551   4.578512
  3.609974   4.435521   5.08072    1.2786733  3.928183   5.3272386
  4.3599186  5.999978   4.0824122  4.1389737  3.5796847  4.614489
  4.434148   5.23348    2.11155    4.151006   5.0069523  4.6550183
  4.5066714  4.413904   4.111499   4.3348446  4.529247   4.7659917
  4.6233535  4.617481   3.7499614  4.248891   3.968191   4.386513
  5.1632285  3.737318   4.6006136  5.692666   4.6430993  4.830813
  4.9858403  4.2933836  4.4880795  4.6631813  4.5720997  4.1923666
  4.0239706  4.0718894  3.629457   3.7776992  4.7463193  4.4022365
  5.233105   4.997002   3.8397014  5.000089   3.490632   2.5385616
  4.426026   4.216488   4.854391   3.7986724  4.9791827  4.83805
  4.314284   4.0062885  4.104886   4.488842   5.1773925  5.837558
  3.7533438  4.195853   4.7408524  4.079969   4.5786057  2.7819116
  4.1930046  4.2772803  5.5922313  4.3630404  4.255973   3.7540028
  3.8160539  5.0630226  4.2644486  4.81241    4.0320764  5.7144184
  4.2361574  4.3835826  4.5535383  4.6115737  4.450428   4.89562
  4.4303207  4.2973614  3.9463718  4.938106   4.5820956  4.3138433
  4.1289916  5.2199235  4.325528   4.2534766  3.720078   4.499767
  3.5937877  4.167905   3.716993   4.7435884  4.8476553  4.189162
  3.692216   4.4529524  4.584445   5.448399   4.9176855  5.068666
  4.145416   4.322349   5.1234403  4.505603   3.9686217  4.7555547
  4.6821213  4.0332203  4.4912133  3.9851904  3.8353503  4.7630553
  4.1271467  3.7850401  4.185871   4.148501   4.200428   5.251664
  3.935867   4.3562036  4.1633196  4.1805453  4.9033585  4.265386
  4.928447   4.5152335  4.5618916  1.4364921  4.3596215  3.9274936
  4.4402843  4.81468    4.3296638  4.4446573  2.0035205  4.8694897
  4.3567615  4.196244   4.3847666  3.8588815  4.4393935  5.255102
  5.2055335  4.860239   4.5315247  3.8104763  4.4843984  4.486825
  4.8404713  4.394743   4.184146   4.6768785  4.4913964  5.079798
  3.662052   4.712172   5.530301   3.8215556  4.413588   4.5930934
  4.364127   4.4209046  4.304835   4.2939386  4.2288694  4.2226195
  4.313829   4.886612   4.1446486  4.465926   3.7635143  3.8767536
  4.3375483  4.0874395  4.241593   4.059836   3.6214547  4.0122385
  4.078319   4.1270638  4.572206   3.0261877  5.326871   3.7399156
  4.7038617  4.5689726  4.5097218  4.252399   4.290462   5.34164
  5.343544   4.3052874  4.589417   4.308784   4.786884   4.2953224
  4.706424   3.8076763  4.3373885  4.8553853  5.1035547  4.290275
  4.8178296  5.090616   4.9829006  4.313713   5.0504355  3.5465991
  2.8871763  4.3480515  5.141383   4.4521117  4.178979   1.3026751
  4.364152   3.9314456  2.796118   5.3649883  4.716318   4.387607
  3.7466571  4.4120626  2.9516947  4.821875   4.1455226  4.3807607
  4.4370766  4.3513923  4.997166   4.3896666  5.5782766  4.350472
  3.8454654  4.5528417  4.3634043  4.665998   4.9884553  4.2798843
  4.5675297  4.820078   3.523917   4.697868   5.388688   4.933398
  4.589993   4.785579   4.359381   3.9494076  3.721073   4.1446314
  3.974262   4.9145894  4.412827   4.341644   4.3006644  4.198306
  4.07481    1.7623836  4.2558494  5.252955   4.9648004  4.3988204
  5.366273   3.8930404  4.115411   4.960747   4.1424503  4.6869674
  4.257474   4.591192   4.379117   4.704997   4.057265   4.277809
  4.6974955  4.60953    3.9230013  5.203366   4.8291464  4.4561296
  5.16543    4.0274096  3.7225735  4.2559342  4.261969   4.8936024
  5.65109    4.1928153  4.5379705  4.3920183  3.3912027  4.199877
  4.3665185  4.0470376  5.2861595  4.9933968  3.6182885  4.4646235
  4.0131707  4.2218537  2.3346198  5.0091743  4.7142158  4.2479863
  4.4948215  3.4331136  4.357486   4.1260366  4.941478   3.6385243
  4.4310875  3.8032463  5.224454   4.901828   4.257198   5.0207376
  4.4883533  4.2577076  4.710144   4.6539187  4.2923164  5.5235047
  4.242502   3.7545567  4.844682   5.0810385  4.4675045  4.5335493
  5.3946524  4.5524216  4.5499587  4.6264205  4.1671796  3.9641209
  4.740884   4.4591494  3.8256161  4.316798   4.7148337  4.0983763
  3.9393399  4.349031   5.7046857  2.9997463  4.466296   4.1565685
  3.4827049  4.300182   4.297771   4.632078   4.4240236  4.208903
  4.9915905  3.8552785  4.2388663  4.67847    2.585641   3.6877182
  3.7386749  4.2001767  4.069435   4.4141836  4.200268   4.757264
  4.245332   3.842026   3.6219676  4.747516   4.183076   4.631088
  3.924815   4.616411   4.320517   4.9969025  3.8793004  5.4717193
  4.6015277  3.005233   4.806023   5.3853936  3.5875828  4.688552
  4.1430154  4.5145993  3.8702555  3.7830431  4.497688   4.476723
  4.595616   3.8089612  4.2615857  4.5172625  4.208727   3.8021345
  4.047991   4.1151     4.2902694  4.364045   4.2345285  4.7759943
  4.604417   5.4267564  6.0505323  4.803727   4.8142815  4.1554885
  4.0176086  4.3164687  4.0665035  4.988356   5.0667405  4.2774053
  4.324873   4.0203447  4.3512435  4.302822   4.577306   4.2006507
  4.0170655  4.3648543  5.181138   4.4009113  4.2578726  4.5189085
  4.481566   5.600199   4.4581017  4.37683    5.3934336  4.729484
  3.52256    3.797099   6.1618924  4.3399587  4.4394493  4.446352
  4.2220526  4.807899   4.5785666  3.649819   3.807022   4.0689673
  3.1024451  4.1847887  4.270051   4.254169   5.089449   4.295854
  3.8646972  1.7054993  4.44748    3.4562848  4.340192   4.187834
  4.732315   4.760258   5.5938787  4.1160684  5.1415043  3.6906369
  4.508868   4.390021   3.9107645  4.188298   4.5491138  4.6165104
  4.5239415  4.696314   4.4393334  4.5043445  4.8931146  4.2331314
  4.6283603  4.647219   4.4611015  4.1472893 42.465454   4.927105
  3.988912   4.711837   4.1368914  5.163115   3.4109864  3.4871376
  4.0803266  4.476894   4.9571624  5.0445194  5.0278525  4.467514
  5.101302   4.0296216  4.706343   4.8775864  4.11022    4.162073
  2.1524465  2.1793523  3.9788294  4.5658607  4.7628765  4.9607873
  5.5773215  4.278265   3.5462186  4.2000813  4.5408583  4.6716905
  4.5351634  3.447492   4.5241666  3.856251   4.4999394  4.5178523
  3.361007   4.073201   4.6362753  3.8418248  5.4568915  4.0018063
  4.966038   4.596853   2.3931243  4.151749   5.0650887  5.473568
  4.6325307  4.712693   4.545465   4.9772296  3.8569078  4.8908844
  4.670642   4.238616   4.8319955  5.1235785  4.711931   5.0955844
  4.1534257  4.371624   5.236811   4.2180386  4.726075   4.1595964
  4.136953   4.107955   4.651114   4.507521   4.131715   3.7474635
  4.4290977  4.0000534  3.838712   4.3644915  4.449605   4.949172
  5.0704527  3.648498   4.865936   4.352443   4.466751   4.336451
  3.6849093  4.1942315  4.508185   4.669137   3.9155426  4.4436193
  5.605844   4.0422254  4.6401954  4.3364916  4.3761473  4.960669
  4.453577   4.17458    4.5627236  5.0996675  4.309089   4.252986
  3.7244563  4.8905454  4.3239493  3.7028666  4.38349    4.563714
  4.709827   4.3195767  2.630463   4.604911   5.5987     5.075833
  4.6508946  3.7345753  4.2762547  4.9931016  4.561612   4.2382326
  4.349683   4.5283976  4.016798   6.09925    3.9538183  4.568847
  5.405719   3.9034111  4.0655794  4.9590573  4.049266   5.723696
  3.9115782  3.9022493  4.640642   4.861765   4.147406   4.9025774
  4.761937   4.0637527  4.468354   4.3802433  4.710177   4.687925
  4.1507316  4.7626486  3.358435   4.1974506  5.2111654  4.3632355
  4.7164598  4.2774262  4.2574973  4.434202   1.7134242  5.173533
  4.2904053  4.8554897  4.166078   4.784597   5.026016   5.070194 ]",0.7643617021276595,0.8185484707355499
11,28,1316,"[[ 1.0000000e+00  2.5645761e-15 -9.5805694e-16 ... -1.6031466e-15
  -4.1593672e-16  1.7442568e-16]
 [-2.6143993e-17  1.0000000e+00 -6.0645933e-15 ... -6.2450045e-17
   9.4368957e-16  2.8449465e-16]
 [-2.5578947e-16 -2.2377933e-15  1.0000000e+00 ... -6.5919492e-16
   7.6327833e-17  5.2773541e-17]
 ...
 [-1.1360193e-16 -1.4755992e-16  5.1347815e-16 ...  1.0000000e+00
  -3.2223166e-16  3.2959746e-16]
 [-2.1167930e-16  2.0816682e-17  4.1459891e-16 ...  1.8236281e-16
   1.0000000e+00 -3.1918912e-16]
 [-2.3805400e-16 -1.7694179e-16 -1.9081958e-16 ... -3.7470027e-16
  -9.8879238e-17  1.0000000e+00]]","[5.58775565e-31 1.62938052e-29 2.59309916e-30 8.79864763e-31
 1.45470144e-30 4.65615945e-30 1.72569417e-30 5.97357679e-30
 1.31169461e-29 8.75089679e-30 4.48818601e-30 9.31334507e-30
 2.23692230e-30 7.19847312e-30 2.55685086e-30 8.09843762e-30
 7.07531742e-30 2.47501257e-30 7.10795517e-30 9.70621747e-30
 6.12466486e-30 4.47844577e-30 5.84685436e-30 4.32286750e-30
 6.77366564e-30 4.25658541e-30 5.77329136e-30 5.14015505e-30
 5.37020061e-30 3.98934345e-30 2.14030265e-29 5.99088608e-30
 8.97998879e-31 2.95871364e-30 1.66467096e-30 8.38529867e-31
 2.96881612e-30 6.09549304e-30 1.40390146e-30 3.20622987e-30
 6.96891280e-30 8.73687587e-31 1.80233471e-30 3.11526372e-30
 6.88538763e-30 3.95902736e-30 1.70343745e-30 3.52766569e-30
 2.18624857e-29 1.27579684e-30 2.31648935e-30 3.51683422e-30
 1.76505630e-30 2.28129486e-30 2.39573949e-30 2.12721163e-30
 3.47191228e-30 2.45146338e-30 1.86022263e-30 2.83218832e-30
 5.52664819e-30 3.59041339e-30 6.03554020e-30 2.74226526e-30
 2.36255162e-30 2.22993968e-30 2.03118126e-30 3.27344355e-31
 2.30084644e-30 1.19436790e-30 3.91600652e-30 9.89036214e-31
 1.55755052e-30 2.57665578e-30 2.30643389e-30 7.67404842e-31
 8.82395179e-31 1.22475189e-30 1.05687080e-30 9.28982277e-31
 1.68710429e-30 1.43925648e-30 2.49514945e-30 3.92542138e-30
 2.62905970e-30 1.16470096e-30 5.13348953e-30 3.41695670e-30
 2.16517596e-30 3.86931024e-30 1.85786732e-30 1.96712096e-30
 4.09997496e-30 2.15757756e-30 4.90253329e-30 3.49667176e-30
 1.16980932e-29 5.32262808e-31 5.29712737e-31 5.48758567e-31
 1.44986780e-30 7.12797957e-31 1.78211225e-30 5.79471977e-31
 5.16803928e-30 3.52078802e-30 1.78793368e-30 2.14191923e-30
 1.18700056e-30 5.78078593e-31 2.02171957e-30 3.20808959e-30
 2.06487563e-30 9.43446406e-31 3.24838592e-30 1.74881812e-30
 3.86000108e-30 3.90373173e-30 1.73430951e-30 3.61253526e-30
 1.82329857e-30 2.56326098e-30 3.46301802e-30 1.72258146e-30
 2.99621717e-30 2.20204228e-30 1.66107602e-30 2.76417290e-30
 5.21400356e-30 1.68632432e-30 1.47854610e-30 9.27058228e-31
 5.52228908e-31 5.12011767e-31 1.19870152e-30 1.11657767e-29
 7.29938358e-31 8.32496478e-31 1.75696646e-30 5.56465559e-30
 2.04341600e-30 1.42030412e-30 9.32129687e-31 7.39674789e-31
 1.00073144e-30 6.39531040e-31 1.42851669e-30 4.96156831e-30
 1.80926787e-30 7.12680220e-30 1.84686319e-30 1.49884915e-30
 4.60676612e-30 1.39212856e-30 1.14152238e-30 2.70964914e-30
 1.66677294e-30 1.57773159e-30 1.11414624e-30 3.51161427e-30
 1.04583667e-30 1.16359261e-30 1.51070866e-30 2.05740005e-30
 1.81727089e-31 5.28053833e-31 9.24256601e-31 1.74126919e-30
 1.17165246e-30 9.91512276e-31 9.48185247e-31 2.63279194e-30
 1.21838033e-30 2.11661488e-30 1.91849405e-30 9.83788902e-31
 1.12436307e-30 2.50970884e-30 1.35713597e-30 1.34942200e-30
 8.47850221e-31 1.20616695e-30 2.35908946e-30 1.64045729e-30
 2.43109027e-30 9.90838012e-31 1.00359260e-30 2.14935004e-30
 1.87049156e-30 5.95839354e-30 2.31979766e-30 1.29896169e-30
 7.15134793e-31 1.51351227e-30 1.52088403e-30 1.91526736e-30
 4.66028215e-30 1.18215564e-30 1.16674905e-30 1.07416476e-30
 5.32045858e-31 6.59023699e-31 1.25316566e-30 3.24798305e-30
 1.76808306e-30 1.59874473e-30 1.50110864e-30 1.12889343e-30
 1.76329908e-30 2.20169471e-30 1.14710964e-30 4.18794896e-30
 9.98291681e-31 1.69698427e-30 1.36750609e-30 2.85436002e-30
 2.20870160e-30 3.55531370e-30 3.11086530e-30 1.04484088e-30
 1.03168052e-30 1.15820085e-30 1.66060883e-30 1.25750201e-30
 2.15676469e-30 3.06582694e-30 2.01288418e-30 1.95691353e-30
 2.15712580e-30 1.10269345e-30 8.25202771e-31 6.69741715e-31
 6.89853248e-31 1.12175113e-30 5.88072928e-31 3.70948683e-31
 1.78536866e-30 1.82185882e-30 2.23753450e-30 4.37653812e-30
 7.53525639e-31 1.38727066e-30 1.06775531e-30 2.83948353e-30
 9.32403812e-31 1.67482648e-30 1.27362189e-30 2.17341119e-30
 3.17532245e-30 2.13862784e-30 5.50991668e-30 1.21309475e-30
 3.22303812e-30 2.54135522e-30 2.01035075e-30 1.58850852e-30
 9.46024124e-31 9.58266474e-31 1.49258038e-30 3.31122201e-30
 2.46403834e-30 2.71199110e-30 4.85288596e-31 6.18398708e-31
 4.30742272e-31 1.77629817e-30 1.70865307e-30 8.47702391e-31
 8.76696570e-31 1.44480622e-30 2.52826284e-30 6.78464344e-30
 2.84231111e-30 6.22823222e-31 8.89964798e-31 8.73014828e-31
 1.14957047e-30 1.91167035e-30 9.77125918e-31 1.10702416e-30
 2.37870592e-30 3.00768530e-30 3.83292521e-30 2.84481068e-30
 1.92601364e-30 1.32645434e-30 7.74609400e-30 2.68959145e-30
 6.70507103e-31 9.03868733e-31 7.06822449e-31 1.36079552e-30
 2.59804019e-30 3.00173429e-30 2.05100424e-30 5.88704545e-31
 1.38369170e-30 1.40415367e-30 7.47980362e-31 1.04752599e-30
 5.65774797e-30 1.04371560e-30 1.54151640e-30 1.96246882e-30
 3.76794953e-30 2.46861694e-30 2.09883087e-30 9.89462496e-31
 2.08557393e-30 2.95862957e-30 1.94103420e-30 1.81557773e-30
 2.45004244e-30 2.01255748e-30 3.00400177e-30 3.71224238e-30
 2.76022587e-30 7.17698320e-30 4.50427167e-30 4.00253570e-30
 6.74584046e-31 1.00067577e-30 7.64056658e-31 2.31242144e-31
 2.08151913e-30 1.86518811e-30 2.02678604e-30 2.76670576e-30
 1.65948750e-30 3.28837642e-30 9.15579384e-31 1.48485296e-30
 3.81099030e-30 1.55494195e-30 5.73173255e-31 2.51696568e-30
 6.67387087e-30 3.17318851e-30 2.97677976e-30 2.49913221e-30
 1.07626025e-30 1.22703479e-30 1.16658551e-30 1.26832474e-30
 1.99594464e-30 2.54890038e-30 1.76017885e-30 3.62816124e-30
 2.59831610e-30 2.90660238e-30 8.74061770e-31 8.61484075e-31
 2.25130151e-30 9.17691136e-31 7.59887509e-31 6.10243410e-31
 1.37487211e-30 1.62753531e-30 4.54423735e-30 2.13111841e-30
 2.71738465e-30 8.69084727e-31 2.39924735e-30 3.85360197e-31
 5.96475315e-31 5.51656160e-31 1.75000001e-30 3.35482439e-30
 2.96745781e-30 2.49340784e-30 2.60159789e-30 3.72556590e-30
 1.70247599e-30 3.34069589e-30 3.43491298e-30 7.65205304e-31
 2.06995095e-30 1.86640047e-30 2.39014282e-30 2.91090788e-30
 2.90627832e-30 3.03037441e-30 4.30627253e-30 1.04154451e-30
 3.37858071e-31 1.03072357e-30 3.36957581e-30 1.58165755e-30
 1.57149639e-30 1.34122203e-30 2.28862017e-30 2.31867540e-30
 3.05069447e-30 3.89320419e-30 1.32400452e-30 4.13825780e-31
 2.01169665e-30 1.82145050e-30 3.75912937e-30 1.55457529e-30
 1.73217030e-30 2.54367874e-30 2.77938248e-30 2.85994785e-30
 3.29375398e-30 8.26456788e-31 2.09854048e-30 2.22461328e-30
 1.82108563e-30 1.49226384e-30 1.57185139e-30 6.84556376e-31
 2.21968297e-30 4.00364160e-30 3.80285362e-30 3.22608350e-30
 1.62617757e-30 2.27046000e-30 2.25678214e-30 1.41645931e-30
 4.12257577e-31 1.08848134e-30 5.91732571e-31 2.02545783e-30
 4.18409672e-30 4.91549946e-30 4.03776366e-30 1.66574132e-30
 4.07669453e-30 1.45461699e-30 2.83185429e-30 2.22187165e-30
 1.90759336e-30 2.09529122e-30 3.37552475e-30 3.70829422e-30
 5.90072773e-30 5.58500650e-30 1.76713627e-30 2.01742046e-30
 3.10837288e-30 9.70434628e-31 6.73352787e-31 2.73207325e-30
 1.04611136e-30 2.89836714e-30 6.58382913e-30 4.66399784e-30
 3.53801117e-30 2.02561864e-30 1.26530212e-30 1.47942171e-30
 1.36600728e-30 4.98287212e-31 5.10750603e-31 2.10910601e-30
 2.46700172e-30 6.28156345e-30 3.68414487e-30 4.25523764e-30
 5.55868944e-31 3.23217350e-30 6.88435649e-31 2.11676083e-30
 1.15009380e-30 9.64618093e-31 2.88055192e-30 3.06123668e-30
 4.05670022e-30 3.29967509e-30 3.86031216e-30 9.62589472e-31
 9.24461702e-31 3.10346138e-30 1.60004736e-30 1.56790521e-30
 2.63591349e-30 2.43736026e-30 2.58152458e-30 4.58416503e-30
 5.06198487e-30 3.10903793e-30 5.25839295e-31 4.51312107e-31
 1.71761824e-30 6.94309923e-31 2.12672845e-30 2.76928940e-30
 2.42384208e-30 2.07384174e-30 3.98837033e-30 5.48149943e-30
 3.82492170e-30 2.64327302e-30 1.57997048e-30 3.04893071e-31
 2.53337765e-30 2.77806310e-30 1.06433415e-30 1.09139619e-30
 1.16372295e-30 4.41429688e-30 4.65985070e-30 4.24358087e-30
 2.40996843e-30 7.92841975e-31 2.70591333e-30 3.28319860e-30
 2.40123083e-30 9.26552577e-31 1.36480104e-30 1.98641204e-30
 5.49230232e-30 6.14147725e-30 5.46721783e-30 2.12268118e-30
 2.53701567e-30 2.55024872e-30 1.26230367e-30 1.13497694e-30
 8.53763522e-31 1.02620817e-30 1.15326124e-30 4.32148662e-30
 4.50083057e-30 5.34619758e-30 2.48801674e-30 2.77144723e-30
 1.01078540e-30 2.04156624e-30 1.07833664e-30 8.63182241e-31
 8.60234289e-31 1.95484993e-30 3.84475012e-30 3.15480885e-30
 3.49577162e-30 2.95189671e-30 1.56943298e-30 1.63057523e-30
 1.10534207e-30 1.40152198e-30 1.94946992e-30 1.45246978e-30
 1.50762689e-30 4.73077006e-30 4.87858292e-30 4.49874816e-30
 1.24015246e-30 1.12275481e-30 2.27644524e-30 2.32925673e-30
 1.14766316e-30 1.49951927e-30 2.88467668e-30 1.28492018e-30
 4.44300415e-30 5.47040201e-30 3.99268374e-30 1.63475774e-30
 2.79636038e-30 1.65905135e-30 1.76628070e-30 1.55554757e-30
 1.31127100e-30 1.00853569e-30 4.43583307e-30 4.77509541e-30
 4.72760092e-30 3.45078197e-30 2.67017529e-30 1.81531047e-30
 8.23152615e-31 1.41310502e-30 1.31188574e-30 1.15975204e-30
 2.77627955e-30 5.44867925e-30 4.52713908e-30 3.86943588e-30
 4.94884626e-30 1.05548888e-30 8.63382639e-31 1.21325330e-30
 3.15527849e-30 1.41892907e-30 3.86738093e-30 3.61368480e-30
 3.13813959e-30 4.63122957e-30 4.19874620e-30 5.16120637e-30
 1.75681637e-30 1.62936382e-30 1.17387866e-30 4.45246904e-30
 4.07029194e-30 4.12512603e-30 1.74169218e-30 2.58289060e-30
 6.93651430e-30 6.55273815e-30 3.59467828e-30 7.25977788e-31
 9.38066836e-30 4.04746629e-30 3.34216403e-30 4.80260010e-30
 3.24491336e-31 1.21768501e-30 1.15982238e-30 4.13590446e-30
 3.82586360e-30 5.98714632e-30 2.48624748e-30 3.94897547e-31
 4.31272740e-30 2.96120813e-30 1.33056763e-30 2.15640132e-30
 1.31853875e-30 5.24442150e-31 4.32182215e-30 4.42914159e-30
 1.16006720e-29 5.86128717e-30 2.63537859e-30 4.58067654e-30
 1.65337550e-30 1.36641984e-30 2.10343279e-30 4.58986675e-31
 8.22336577e-30 6.36005262e-30 4.36836007e-30 7.41614383e-30
 3.40796087e-30 2.78473333e-30 1.24597803e-30 1.67966012e-30
 1.40789852e-30 2.84007918e-30 1.43295235e-30 3.19846206e-31
 7.36451988e-30 4.39555555e-30 5.74230834e-30 3.88210188e-30
 2.63597536e-30 2.07391660e-30 3.25162689e-30 2.18984178e-30
 1.08217261e-30 1.91359779e-30 1.93265678e-30 4.20385706e-30
 5.94349316e-30 4.06410151e-30 1.91360700e-30 2.74064006e-30
 1.84661906e-30 1.77161556e-30 2.04546531e-30 9.60947448e-31
 1.30119429e-30 1.56415284e-30 5.32336027e-30 5.15875796e-30
 5.65127128e-30 1.93659215e-30 1.80179586e-30 1.80333284e-30
 1.35735866e-30 1.43163974e-30 2.14513726e-30 1.93177112e-30
 5.76336003e-30 4.57958907e-30 5.95090084e-30 4.12929386e-30
 9.02964261e-31 2.50213659e-30 2.13891015e-30 3.54443219e-30
 1.62326949e-30 1.62922821e-30 3.75195754e-30 3.35318359e-30
 5.23113982e-30 6.00102392e-30 4.53619772e-30 1.31979954e-30
 2.12385950e-30 1.51930726e-30 2.02420541e-30 2.57543947e-30
 4.13691783e-30 3.18381535e-30 1.28719039e-30 6.36069360e-30
 5.08327655e-30 5.02553589e-30 2.64397851e-30 2.29792501e-30
 3.66021519e-30 2.77436265e-30 4.54411209e-30 3.88511002e-30
 1.91237565e-30 2.92949104e-30 6.49287333e-30 7.07333432e-30
 8.06037041e-30 6.25152609e-30 1.62874466e-30 1.78775011e-30
 7.17858639e-30 5.55309136e-30 3.20360466e-30 2.08836257e-30
 1.50438338e-30 6.25246649e-30 5.08117646e-30 5.27169870e-30
 2.64272609e-30 3.50245482e-30 4.25808741e-30 4.99008825e-30
 1.68788199e-30 1.94330638e-30 2.64324688e-30 3.99187725e-30
 7.10644000e-30 5.55022203e-30 5.07567552e-30 2.17321784e-30
 5.12389938e-30 6.20683436e-30 2.89830564e-30 3.16262899e-30
 4.22658755e-30 3.46106463e-30 4.75963079e-30 6.28388322e-30
 5.41881041e-30 6.21725131e-30 4.51367901e-30 5.79474855e-30
 2.97276616e-30 5.74014054e-30 2.21048459e-30 3.16636048e-30
 3.20820169e-30 3.01240834e-30 6.92911151e-30 5.88268681e-30
 6.65325213e-30 5.07161038e-30 4.27277714e-30 3.12288243e-30
 3.57866898e-30 3.52765667e-30 2.37986091e-30 2.14321434e-30
 2.38009357e-30 7.82677466e-30 8.57679874e-30 6.15075557e-30]",0.7851063829787234,1.0
