,Images_Per_Label,Train_Data_Size,W,Residuals,Classification_Accuracy,CLS_Cosine_Similarity
0,27,1269,"[[ -7.374674    15.475759    -4.316245   ... -32.46605     -2.5446117
   -5.8806276 ]
 [-10.472488     0.5605993   -7.3459945  ... -29.330801     9.032311
  -14.98704   ]
 [ 16.908443    -6.7899933   20.10867    ...  21.28721     -9.76112
    6.938593  ]
 ...
 [-11.261419     6.252691     0.74651295 ...   3.5487654   17.018255
  -25.21795   ]
 [ 12.837844    12.281015    17.72201    ... -59.030464   -29.514212
  -47.36884   ]
 [ -5.189      -35.97963     -0.937434   ...  23.733126     1.0779035
   17.358976  ]]","[ 25.837765  28.067816  26.1574    21.0867    21.706953  23.408884
  24.3527    31.83516   30.62304   25.907322  18.84528   29.55623
  22.44288   23.700678  23.14292   25.91269   29.91806   23.265732
  20.696903  19.381609  19.464783  20.223717  31.286692  21.585093
  27.616997  27.116293  24.29578   24.703712  23.100662  31.243217
  28.460453  23.068571  26.55816   22.771639  25.308308  21.457933
  22.45609   22.883587  26.96204   22.75682   27.110075  24.769691
  19.454195  25.042776  23.8641    26.51445   32.097095  26.401567
  36.24441   27.42668   25.628305  24.715584  30.270115  32.566074
  26.617168  23.646315  21.671679  41.458824  22.580153  22.894817
  28.296776  19.206173  26.961107  28.034235  19.207394  24.120434
  26.688736  21.747072  23.907381  27.45923   20.300196  27.805613
  18.766865  22.167109  25.622852  19.723291  20.327156  20.603603
  25.8429    32.049503  19.01672   32.682537  24.852795  25.095531
  27.582233  21.841507  23.585394  20.76291   21.379883  21.929146
  18.506416  24.779476  23.332705  34.418594  27.450294  33.0228
  30.214054  20.479475  29.876537  28.590872  28.415947  23.743155
  34.397053  24.538982  20.908636  24.406012  38.62554   30.839863
  24.610125  25.02554   22.625189  23.263039  33.287704  24.067516
  28.272202  20.044104  36.43602   35.874664  17.769598  37.098743
  19.702137  29.731586  20.592903  22.643082  32.372906  20.650185
  15.906019  31.160952  23.876356  24.507427  27.452625  26.608608
  26.331335  23.280458  28.944576  27.369776  20.757181  26.946888
  32.29966   24.305374  22.721804  21.136574  19.889172  31.345804
  20.608282  22.75689   18.37832   23.042917  25.967865  22.9278
  23.763508  20.730152  30.083675  22.832024  17.37795   22.788294
  22.652178  23.731207  26.812468  39.625645  24.701641  25.98361
  31.964657  25.505484  18.894829  27.052122  22.537333  33.459686
  27.765896  18.954868  25.382523  19.415403  22.543875  35.30156
  24.9258    27.895672  25.683681  21.843851  27.970156  28.671074
  19.945856  19.20591   21.319557  24.104475  21.533499  30.556984
  27.517193  44.626007  38.89667   17.026909  23.676868  28.021929
  20.64985   29.595142  19.323057  18.335678  29.461437  27.63107
  19.90731   26.018637  26.127428  28.170584  28.224064  28.426723
  17.163843  22.28776   21.927858  22.254688  24.751371  27.246023
  19.89878   30.788149  29.837591  18.722748  26.63219   24.549982
  21.636036  22.173643  23.065042  26.46801   24.349201  23.308376
  38.46359   24.675604  33.542294  27.48233   24.366709  36.17751
  25.473684  27.012259  30.038923  24.85523   34.43277   26.384642
  24.80302   22.474554  24.649136  21.755373  26.724499  23.780165
  23.63687   22.617556  23.909655  23.763489  27.201805  28.29388
  27.963789  22.864683  25.984446  23.796162  19.97977   21.137918
  27.440786  27.952349  26.79043   51.035923  19.230581  40.47412
  25.751204  25.700302  24.773935  18.736652  30.19952   27.001564
  24.950212  17.243317  25.840174  17.315575  20.024103  22.898886
  27.791649  31.434528  21.082163  36.268757  18.601809  27.637913
  23.456839  22.415798  23.327356  27.40633   32.64454   28.697754
  20.796257  22.365656  42.86449   24.803265  23.096514  20.483082
  22.00033   23.309904  31.333754  28.338108  26.084328  20.071035
  20.818365  30.32594   27.344418  22.324438  22.312859  22.236847
  22.426905  22.614603  26.760387  22.812332  19.742258  32.94205
  18.89454   20.448467  21.89628   22.871164  33.76577   21.532066
  27.702848  29.215765  40.411198  27.769258  24.35476   31.925596
  33.325382  23.142675  20.549229  27.158579  21.97366   24.007675
  19.32397   19.587978  27.241667  27.55879   26.259356  34.526875
  28.029432  25.517496  22.756466  28.778126  26.647663  30.043087
  61.05804   19.39452   26.084568  23.220692  23.96025   48.496956
  20.14346   29.287628  45.951942  22.85365   24.988052  24.113594
  24.208448  26.587538  25.986359  23.728476  24.775576  24.079004
  30.741365  30.04126   29.597303  20.099392  29.410078  28.86579
  22.241753  38.68962   25.265884  20.512247  26.249222  22.145634
  22.861847  34.957962  22.57934   21.507622  33.54988   28.434399
  29.566555  30.683615  18.293919  23.398746  21.696299  26.220966
  28.741402  31.831049  22.556427  18.51272   23.460537  21.892023
  20.663368  25.664783  31.489017  26.165266  24.351902  30.829271
  36.103855  26.087221  22.665804  31.989458  22.59816   23.421293
  19.027775  35.134388  18.50773   19.883724  27.53577   25.474087
  24.934294  26.071495  18.19867   30.30072   25.453632  31.290018
  24.386576  18.027721  32.13001   23.558393  20.608595  31.07604
  34.465923  24.466799  33.821632  38.425114  19.514082  24.957026
  19.792482  22.538387  26.797699  35.20896   23.525656  22.483217
  19.096323  31.273188  22.263578  31.270575  25.113043  24.261806
  23.46089   17.475285  18.737455  24.592503  19.47134   32.861687
  26.827505  22.680374  21.290522  24.061436  29.594679  24.838354
  19.673172  20.159609  24.856874  28.397642  25.58075   26.692972
  17.863731  18.025906  25.653086  27.018589  33.093525  25.30021
  27.39902   30.194508  21.701952  24.598993  26.914299  21.7324
  25.406233  23.820358  18.531605  23.836285  29.720901  21.656565
  22.597202  27.095087  28.821594  18.774775  16.597687  21.058277
  29.418133  24.81577   24.76578   22.51186   25.033314  27.15125
  36.16213   18.31664   20.114435  27.157402  23.653183  22.287552
  17.463234  22.079086  18.329117  31.98691   28.330128  35.948204
  31.054825  22.47857   23.2221    19.704363  25.763403  32.678566
  24.01007   23.270298  29.774326  36.5436    26.884762  31.155107
  27.985712  23.639246  33.567234  34.05045   24.048353  21.489145
  21.411974  37.09331   24.963978  29.53196   29.728472  29.303513
  22.154255  19.704075  23.14812   26.796034  25.72404   28.397177
  22.117178  24.519169  24.540337  26.818176  23.734442  30.980536
  29.106586  27.659155  27.91612   31.069418  25.584764  26.927814
  23.441452  23.064562  22.05057   31.812937  25.309952  25.370464
  23.948027  20.944656  17.625338  28.871618  25.133589  22.65449
  24.95868   29.989548  31.283987  22.98039   22.457695  28.987625
  23.451187  30.773052  16.61363   27.784002  29.765118  26.312407
  20.373186  21.969273  31.354067  25.73306   22.44711   22.63954
  24.370804  23.972462  22.250763  23.626402  22.869257  25.279106
  25.061293  21.034079  20.710415  22.910927  30.534822  25.37822
  24.776552  42.337856  23.57908   20.661415  28.899206  19.60323
  23.117695  28.288677  21.34789   24.945345  30.683792  31.668123
  26.982811  21.769815  21.890726  32.41468   29.147392  29.166973
  30.561588  29.26549   24.193748  40.486996  28.922142  25.442926
  28.148539  33.423027  20.863594  19.64946  181.93922   29.174156
  26.66075   37.653095  27.671232  25.146452  22.863836  17.432364
  20.238205  32.548035  22.251768  29.283947  34.968227  28.031878
  26.585382  32.76894   23.728168  29.482347  19.389208  27.518341
  54.807022  31.535587  23.321106  32.54746   23.796564  29.206072
  21.26672   23.749678  16.912031  33.9987    23.462646  23.152761
  26.515282  19.128195  19.546215  19.728653  23.748463  25.003124
  22.769806  22.866728  33.616722  24.404959  28.64833   25.137796
  23.746334  27.27207   35.131763  20.333178  25.983229  24.358837
  22.179258  24.39042   39.943794  30.475267  18.532482  29.868578
  34.273575  18.013607  21.487593  32.71144   25.701889  29.606186
  22.0343    27.847153  26.696012  21.767113  31.774227  27.778131
  26.991205  27.030172  19.460417  24.863604  26.57573   18.141298
  36.43625   24.230364  19.514233  21.791626  30.545774  19.497087
  23.56482   20.942503  26.521013  19.013962  23.528723  26.239307
  20.916945  18.17286   28.359428  22.309004  25.720575  16.332031
  33.088688  21.402975  17.905163  28.426912  20.867142  20.875153
  23.623419  23.091728  24.665123  21.273073  27.767044  34.900986
  23.995474  27.257696  24.036268  19.528307  32.18168   27.29819
  23.855995  23.225025  51.251965  25.365568  25.223055  35.36291
  23.150364  29.578585  26.991426  25.849882  31.368769  28.342184
  21.181242  27.448978  21.898125  40.225822  25.197021  26.14182
  30.485823  25.628292  19.294136  21.729053  26.437948  27.08626
  17.086128  20.7088    23.294333  23.724993  22.174023  22.800821
  24.380827  20.19025   16.741627  20.885368  24.686249  25.00041
  24.165476  32.49556   28.907969  21.285622  28.107922  25.919338
  21.049953  26.982876  23.648403  22.668304  23.107813  26.705944
  17.016249  24.515333  20.767233  33.070454  26.15697   22.344448]",0.07446808510638298,0.1585505542655786
1,27,1269,"[[-12.116737    14.802414     5.0885687  ...   3.345536     4.6988463
    0.46292686]
 [-25.744307    10.592677    -9.404285   ...  12.923199    10.660475
    2.234742  ]
 [-10.323619    -3.7035668  -13.934874   ...  22.130934     9.712262
   10.268104  ]
 ...
 [ 13.396402   -11.628042    -7.7003236  ...  14.221837    -8.614872
    6.981596  ]
 [  7.8208385    2.6522174   13.530073   ... -15.557523     1.8270386
   -2.5290911 ]
 [ -4.707719   -34.83001     14.924917   ...   2.4306104   -6.045627
   -8.370205  ]]","[ 24.373743  25.723248  23.885035  21.341671  19.99413   23.729929
  23.82994   29.316803  28.226223  24.55429   17.619314  24.8247
  20.589693  21.659454  23.272547  25.486963  25.89582   21.09544
  19.797083  18.995354  17.469002  20.823458  27.824171  19.464828
  23.019518  24.874527  22.512674  22.903625  20.632076  27.321898
  26.471739  21.90566   25.59357   20.456429  22.747055  20.468016
  24.151268  21.830633  25.702044  20.350946  26.18667   22.699102
  16.371313  20.767027  22.005209  23.85379   30.046167  24.873266
  33.131084  25.741165  25.088863  25.294006  26.573578  29.752884
  22.550922  23.040142  20.780077  41.430607  19.487898  19.966335
  28.87087   17.386475  24.611494  23.49988   18.82338   22.984867
  27.560543  22.114365  22.72839   26.418577  19.378654  24.61596
  18.103659  21.464321  25.85716   18.829927  18.545097  19.65337
  23.777964  30.496508  19.088734  30.797132  23.853695  24.655819
  23.633835  19.146963  23.792837  21.894962  19.299889  20.719507
  17.826992  23.211714  22.390041  31.300968  27.249184  32.07188
  26.610645  18.48961   25.259872  24.216482  24.784588  22.429848
  30.471237  23.80079   20.744673  21.978924  34.363842  29.283724
  19.979584  23.208473  21.286396  22.060102  27.14897   23.348156
  26.055521  19.13777   34.22046   31.612724  18.706356  38.474808
  18.661947  28.217863  19.094734  21.843447  30.442608  20.700798
  16.218851  30.037394  23.169558  21.81653   26.750689  25.513369
  25.939594  21.864178  24.435701  26.598785  20.162025  25.60915
  30.324186  22.638412  18.107637  19.055769  18.002468  28.905464
  19.56503   21.50308   16.770409  22.04303   24.544334  21.765299
  20.744917  17.580421  28.839708  22.252138  17.017714  22.211441
  21.82171   24.033312  22.018694  34.574158  22.963163  22.82092
  30.469244  27.752111  20.343397  23.002014  22.209742  29.943293
  23.86177   17.00951   22.864971  18.124617  23.112654  32.091393
  25.383879  24.421965  21.58019   21.44518   24.413055  25.559206
  19.053003  19.205275  19.798965  22.158392  20.909145  26.039793
  23.343842  41.098873  33.29966   16.735506  24.331642  26.903542
  19.495583  27.348793  18.57594   17.128174  26.117077  24.105556
  18.57131   24.75402   25.967314  25.592005  25.91189   29.193813
  14.794146  21.545889  19.30118   21.180408  24.758846  24.80542
  16.96001   28.059343  26.983133  16.544907  25.759571  22.0328
  18.557768  21.096651  21.474625  23.261679  23.661018  21.768284
  32.142696  22.323063  28.389734  25.468948  24.186855  30.94441
  26.067295  20.88236   27.253538  22.72601   31.214943  24.00318
  23.742088  20.65968   24.04947   20.190662  22.896132  21.964836
  23.076483  19.193003  22.10066   22.983648  22.587442  24.86551
  24.510075  23.30916   24.278008  21.000937  18.330936  18.93823
  23.40361   29.36253   25.509792  41.03187   18.349625  31.016113
  22.020542  25.017317  23.778526  19.943851  27.381376  24.479202
  21.276018  15.668078  25.049124  17.112885  19.433481  20.65438
  26.629396  32.24564   20.11745   34.361874  18.934544  24.861397
  21.686401  20.41332   21.622036  24.23659   32.200867  28.371386
  19.230549  22.028597  38.44878   20.485193  20.588243  18.68284
  19.655888  23.197897  28.717802  25.505514  23.244595  21.443216
  18.46431   28.296755  23.48065   18.654797  18.070839  21.778494
  20.880692  20.946135  24.892344  22.786108  20.233593  31.963009
  17.507833  21.279688  21.781313  21.410275  30.919476  20.607483
  25.368555  27.269209  36.805004  25.402601  25.12737   27.843084
  30.279158  21.168934  18.424051  29.166399  21.484243  22.359055
  19.625689  17.872078  25.081224  26.767387  23.993303  32.19577
  25.942627  26.481735  22.073227  28.790379  26.8162    27.058079
  51.21498   19.112925  24.596422  21.01042   21.564646  36.875786
  19.52685   25.577715  39.825226  22.682308  20.574629  22.5102
  24.10199   23.355192  26.234539  23.98354   21.48129   22.392944
  29.00974   31.237263  24.012093  20.052425  26.702322  28.476452
  21.356834  37.439682  22.585314  19.111063  25.283314  20.10549
  18.152288  31.960407  21.388462  21.508902  29.610306  23.758484
  31.999489  27.498617  18.024662  21.777985  19.914371  23.86219
  27.254513  28.568298  20.682407  16.987394  21.76977   20.276978
  20.451183  23.570917  32.64907   27.546047  21.911963  28.526197
  31.820576  23.242245  20.171675  27.66548   20.187551  23.226088
  17.598585  34.90965   17.06794   19.550406  24.631504  25.152187
  22.79958   25.128574  17.733849  28.082048  23.476706  30.43657
  24.492432  15.466582  29.919178  22.896955  18.23395   30.213259
  32.24055   22.607183  26.203184  32.155098  18.010576  22.77283
  18.748993  20.582148  24.827272  31.443403  22.836943  22.231817
  18.765774  28.478098  20.533428  31.274008  23.17657   24.344946
  20.181519  16.258526  17.018454  21.590548  18.701052  27.964474
  26.734537  19.28758   21.98312   23.560934  26.583015  24.108765
  20.17461   19.603827  24.821455  26.063555  23.321047  26.802391
  18.099422  15.883194  27.30959   23.086721  31.099283  27.52004
  26.32469   29.102625  22.684372  20.510912  27.565748  21.038858
  23.760132  22.433178  18.337376  22.820215  27.90448   18.881063
  20.36574   23.97401   27.92864   16.64883   15.621382  19.176575
  27.22013   21.279358  21.288092  20.234476  22.167122  26.780016
  31.616793  16.525831  18.480461  24.958748  22.614792  19.984972
  16.971489  19.27948   15.897294  29.289581  28.489754  34.995564
  26.592697  21.465235  21.302025  19.801336  22.974258  28.645546
  22.38822   22.790937  28.94237   33.847153  24.631006  30.202873
  24.83907   19.351328  36.267143  28.954683  21.184425  21.457674
  20.562708  33.229485  24.466352  26.911264  26.2118    24.479277
  21.776945  18.166115  22.961655  23.909096  24.665926  26.74356
  21.69914   23.60263   22.236992  24.046272  24.605913  28.020903
  27.705864  22.25156   25.70008   25.57874   24.9813    24.716702
  22.215857  21.800566  20.89263   28.759512  22.204815  23.27409
  24.063019  17.859423  16.470266  28.490723  25.229092  20.010817
  23.062956  26.03622   29.356524  22.356335  20.577702  24.401518
  21.714653  32.45917   15.921879  26.12706   28.722782  23.543316
  19.814161  20.429638  29.360233  24.509233  25.909433  20.808918
  21.455807  22.70475   21.061321  21.33173   19.526382  23.318142
  21.289553  19.190735  19.625542  21.99899   29.95152   23.358923
  26.66524   37.24786   21.991661  19.211548  24.833885  18.677101
  22.287455  29.12308   20.922491  24.055012  28.369202  26.536213
  25.173077  20.173336  22.491512  27.98554   24.320219  26.170778
  31.140022  25.011747  23.657024  35.230305  26.782906  23.673666
  28.027218  32.378487  19.71637   18.32772  170.14963   28.715408
  23.325264  34.77735   25.621016  22.760979  20.506512  16.14144
  16.771595  32.556522  19.204855  27.662249  35.64832   27.495878
  24.727299  29.632675  24.60638   28.351578  21.771366  26.423464
  47.10675   29.323671  22.148182  26.584524  21.666643  28.29423
  21.518572  22.548044  15.376053  28.861357  20.517384  22.919624
  26.083815  16.51697   19.519108  17.897505  23.294088  23.299269
  19.379065  23.47129   31.38364   23.813852  22.869436  24.046486
  22.389025  27.216122  26.606215  19.148062  25.958342  23.990444
  20.022327  22.264046  36.791687  27.637096  17.656273  25.785944
  31.151814  17.9136    22.158194  29.252804  24.616972  28.482798
  20.113102  27.658752  24.712267  20.614052  28.73164   25.351837
  24.636272  24.713398  18.390934  22.817059  26.798908  17.244638
  29.318165  20.213184  19.840828  21.347237  26.565279  18.895636
  19.30111   22.280048  23.32731   17.84742   24.613586  25.379904
  20.118532  17.742788  26.657166  22.07404   22.286566  15.270842
  29.48381   21.171984  19.091728  26.779274  20.329567  19.128319
  21.83381   21.555496  23.136253  20.227314  28.077017  30.267752
  23.696201  25.66437   21.729849  20.343468  26.871916  25.399193
  22.296339  21.159792  46.198277  21.402086  23.716908  27.97846
  23.054249  29.497856  22.289467  24.774223  31.003908  24.311792
  19.953043  25.687178  16.686071  34.767326  22.640146  23.128584
  26.473455  22.043518  17.832142  21.177319  27.942041  23.494616
  16.217558  21.059874  21.892046  22.887215  20.998636  22.564644
  21.419529  19.246767  16.015085  18.196836  24.974058  24.961327
  22.765985  29.718187  28.07371   20.01432   24.232924  25.150513
  19.289064  25.907522  22.770676  24.151028  19.649237  23.437996
  16.746542  22.130985  18.135912  33.18922   25.467966  20.759256]",0.11436170212765957,0.20460632691780725
2,27,1269,"[[ -9.75338     -8.42192      9.364502   ...   8.819927    -2.8127775
   -8.214635  ]
 [ -5.8140883    2.8992903  -15.870277   ...  -0.32140312  -2.306655
  -10.965106  ]
 [  4.214456    -1.9622316    2.558169   ...   3.0123146   -6.8046904
   -0.81238055]
 ...
 [-11.668654    -8.2286625   -3.0854545  ...  16.220976   -10.194508
   20.229837  ]
 [-12.018268     1.9063975   -0.94385564 ...   8.382043     6.2254186
    1.1984322 ]
 [-12.96179     -2.6281142   -3.4507961  ...  10.771084     8.696001
    5.0517364 ]]","[ 21.75553   25.417957  21.506554  20.91053   20.189028  24.450054
  23.140678  28.753668  25.349796  24.925838  16.621853  21.405539
  19.846792  19.954378  22.33002   24.575062  21.667883  18.85532
  18.662037  16.796017  17.741728  18.52175   27.214846  18.997671
  23.447023  23.882061  21.814121  24.011019  18.637506  24.072079
  21.64994   20.81438   22.590199  19.017223  22.646933  17.692476
  19.941002  19.039988  24.17958   20.580776  23.048279  21.91888
  15.226646  18.739637  20.610949  22.33583   31.433945  19.26562
  30.087114  23.588896  20.531288  21.530617  23.921192  27.136133
  20.865149  22.746511  20.241116  33.293903  18.093102  19.429113
  26.347015  15.866106  23.127016  22.774343  17.569307  19.596949
  24.47114   19.183554  21.438604  24.415623  18.358707  23.497097
  17.6219    19.54063   22.813     18.080288  18.01185   19.590656
  21.578354  29.825808  18.132486  24.439167  21.93825   22.669294
  24.018894  17.377876  21.642662  18.586035  20.32977   20.330658
  16.2769    21.258345  20.205454  26.639647  23.364342  28.184305
  22.858562  18.078613  23.877895  23.579903  24.722607  20.82635
  27.730536  20.59364   21.388151  21.755661  30.907541  27.445444
  19.48765   19.44803   19.708328  20.169188  25.428259  22.4806
  26.14981   17.768803  35.028294  22.658888  15.993949  34.532795
  16.438332  26.363668  16.80201   21.502092  23.106937  18.268543
  13.630306  27.27536   20.188412  18.887249  22.937962  24.461302
  22.616135  22.781332  23.67817   22.476835  17.620806  22.943193
  27.79425   21.093937  17.727322  19.023909  18.120056  25.398146
  17.593925  20.83888   16.429682  21.187841  22.464321  20.975801
  19.926203  16.110678  26.605907  22.148832  15.698838  17.345499
  22.33988   21.83535   21.32884   32.039314  21.75236   22.986183
  29.658892  25.158527  19.10486   22.147694  19.907017  23.122784
  23.193506  17.659159  21.568613  17.31303   19.512276  28.222927
  23.528368  23.115694  22.176754  19.074379  26.258177  24.640205
  18.311369  17.029718  17.036873  21.74039   19.74032   19.826014
  21.391191  37.02746   25.75641   17.410297  20.807209  24.09628
  20.63072   24.85819   16.90036   16.957275  24.31439   21.769213
  17.01067   24.426992  21.388794  22.288363  24.504023  24.999222
  14.273898  20.105438  18.404465  19.920168  20.811403  24.109749
  15.201315  23.05632   24.50288   17.667166  22.209972  19.805098
  17.801733  20.533274  20.671696  20.101788  20.665697  21.339785
  27.872013  19.247662  26.268017  23.627726  22.330181  30.304453
  25.53947   22.366613  25.1746    21.063702  28.620405  22.064775
  19.770548  16.675755  21.890894  19.352606  21.459377  19.952978
  21.842484  18.43835   20.129139  21.992125  24.063423  23.947962
  23.49466   19.15928   22.727713  19.304886  18.168165  19.067638
  25.906092  22.192202  22.592112  32.97089   18.276608  20.999605
  20.873865  21.902016  23.44875   17.918623  24.784557  25.84832
  20.425362  15.706583  23.04954   16.216776  16.825083  19.750105
  25.838621  28.256914  17.876253  28.867868  17.326431  21.849989
  20.311798  19.480413  19.483093  22.781815  30.404367  25.669594
  17.29118   20.892189  35.58318   19.15099   20.22017   17.887554
  17.8669    20.577122  26.205894  24.261276  20.728817  17.811693
  19.378742  24.406046  22.288147  20.522566  16.493706  18.81302
  19.456377  20.600622  23.747246  20.115152  18.253754  27.993925
  17.575176  18.994108  21.036026  18.392136  26.88665   20.058876
  24.17401   25.410711  31.578575  22.29583   21.23202   24.315094
  25.857517  19.414131  19.228933  25.978836  20.971783  23.266232
  19.454725  16.122787  21.855135  24.740482  22.419212  28.842052
  24.874855  23.864168  19.821959  26.382412  22.779324  24.261702
  47.15079   18.441753  22.667011  20.618084  18.765507  29.860044
  18.808178  23.094355  35.05637   21.844969  19.249975  23.826527
  21.067522  21.578499  22.323156  20.762325  19.648094  18.909088
  27.596455  25.024904  21.643435  17.779177  24.508688  26.058737
  19.296211  36.709995  21.937786  16.166542  22.18449   19.642712
  17.97773   32.893753  20.015388  18.172247  29.464306  21.760618
  28.20924   23.874496  17.187183  20.14056   17.07409   23.776134
  26.536345  27.78264   16.600492  15.645005  21.718079  17.983126
  19.555038  21.717855  27.687466  24.201542  21.637096  26.515928
  29.05086   19.865221  21.562794  25.088137  19.999567  20.218315
  16.894651  29.660515  17.781673  17.170502  20.744463  20.400341
  24.110382  24.52136   18.175585  29.471073  20.626268  27.033865
  23.24196   15.918011  24.318066  20.834887  18.26988   26.46279
  26.59438   23.33027   28.635887  28.850504  16.963373  20.905008
  15.911644  20.212633  22.764404  27.638391  22.773998  20.184265
  18.446121  23.99556   19.282581  25.799755  19.872122  21.937426
  20.727615  15.30909   16.477839  19.843977  15.942901  25.712578
  26.295477  20.213562  20.14656   21.398603  26.691975  21.246971
  19.116032  18.073643  23.191822  23.649452  20.395374  25.332367
  17.724537  15.688622  26.456226  21.7861    25.47332   26.374977
  23.29941   28.517872  19.364862  20.049797  25.028568  22.81625
  22.919682  20.633728  14.249512  19.282503  27.295288  18.787073
  18.83998   23.42534   24.973288  16.12832   14.599293  17.575602
  23.621735  20.176682  22.486568  20.072174  19.541616  26.938236
  31.841965  17.842043  16.708     20.879326  19.118883  17.009129
  15.216115  18.453323  15.801867  25.015755  25.045176  29.437786
  25.207981  20.83344   18.718845  19.08482   21.087013  25.867851
  20.550877  21.645103  28.123692  30.034039  23.501272  26.464186
  21.953695  13.882142  33.156235  27.438168  19.821938  18.891441
  18.556421  28.927773  23.30451   24.480675  23.646729  24.955902
  19.573683  16.524502  21.381552  22.092266  20.335775  21.911304
  19.871748  22.600952  21.50381   21.437584  22.182718  28.099112
  25.206957  22.18386   23.548643  26.793924  22.465929  22.585766
  20.648567  20.612474  18.806065  25.626822  20.963861  19.458797
  22.856318  15.541236  15.843904  24.03948   24.37197   17.990122
  22.877356  23.054064  27.520676  20.583979  19.170897  24.082264
  21.71287   27.4938    14.65313   21.833855  24.467846  22.550226
  18.002344  20.518496  26.358871  20.28366   23.833275  18.896069
  20.388683  19.675238  20.129     21.66439   19.405113  22.030268
  20.014482  18.71748   18.124477  21.086891  28.610926  19.99753
  23.56186   32.85993   19.93925   17.682737  23.573687  17.883154
  20.330093  24.029308  18.662472  21.449835  28.22777   24.200771
  23.219427  18.597723  20.816944  26.755337  24.540314  25.03047
  28.479094  21.957987  21.406631  34.47058   24.88239   20.17898
  25.619953  29.61482   18.779377  18.045631 162.39218   27.486773
  20.91951   31.211292  21.645288  20.887682  16.445662  16.398148
  16.866875  28.190563  19.500402  28.491098  33.60552   24.637281
  22.110582  27.178226  20.885027  29.032019  18.566023  26.350286
  38.944298  26.183676  19.054384  25.631676  20.88022   25.877708
  19.92149   19.883396  14.512786  23.549828  19.081236  22.575876
  23.362057  15.277907  19.348375  14.906394  20.73991   21.858093
  18.032187  21.292786  29.514256  21.448624  21.794294  21.153654
  19.406832  24.445658  20.371237  16.20236   22.61375   21.097546
  19.943047  20.851921  35.055912  24.670038  17.637934  24.342827
  29.215582  17.68387   20.736057  27.252956  22.722734  26.260387
  18.593788  27.014784  25.32748   16.871792  26.963326  22.66328
  23.08752   22.625072  18.272682  22.103155  26.82957   16.222837
  27.969982  19.68524   18.469917  18.775343  23.517864  17.57788
  19.343185  20.571394  22.94338   17.518717  21.943184  22.404755
  18.12707   15.052595  25.09649   20.115234  22.190714  14.715699
  28.198668  21.790102  16.720125  24.324045  19.74513   18.222374
  19.3847    19.754496  21.9814    19.783522  26.092304  26.55582
  20.586706  23.896595  20.943083  17.506052  26.968088  22.783596
  21.901783  21.66054   41.919655  19.331318  22.768995  25.614708
  23.0846    26.662926  22.427658  24.253155  28.946798  22.158218
  18.298723  25.245726  15.827761  33.1066    19.657976  20.319824
  26.99842   19.621954  17.328648  18.262117  22.259901  23.465166
  15.969521  18.28477   17.859562  21.092445  19.151037  21.883102
  19.3642    17.797014  14.65501   17.014585  23.800669  22.053211
  21.335566  28.903093  23.949875  20.501019  22.583319  22.841614
  18.648592  23.297657  20.063305  20.852251  18.294413  22.84878
  18.257685  20.222832  16.230295  28.494392  23.734571  17.806557]",0.19095744680851065,0.25989644676446916
3,27,1269,"[[ -6.7010946   -6.0051146   -5.623944   ...  -5.466702     0.3233016
    1.2719355 ]
 [  0.12554628   5.6222754   -4.8637013  ...  -8.41591      2.5406733
    3.539284  ]
 [  1.2577484    0.3450576    1.308336   ...  -1.9049939   -0.4807194
   -1.0909615 ]
 ...
 [  0.12148061   2.3542228   -1.7623061  ...   0.7588057    5.2498465
    2.2763126 ]
 [  3.9388025   -4.246726    -0.45601416 ...   5.9683523    2.8509097
    2.8029945 ]
 [-10.228785    -6.6096463    3.1900191  ...   6.376239     1.6397953
    0.91528094]]","[ 19.82863    21.985508   19.689394   19.667408   18.046654   20.037245
  22.011932   26.005894   21.843609   22.53251    16.558989   19.34093
  17.999035   17.85104    20.366568   20.927916   18.605013   19.986523
  18.727768   16.672934   15.945151   17.095911   25.515669   17.190914
  20.11628    20.668337   20.424192   20.720205   16.943695   23.114325
  19.659712   19.463522   21.374819   16.289898   20.559496   16.426924
  17.372316   17.65024    23.629503   19.031822   22.112232   21.44766
  14.102387   18.946333   18.13815    18.80158    26.98127    17.439327
  26.750893   21.469946   19.800243   18.861507   19.965155   25.391502
  19.599451   20.609352   17.18127    29.958977   15.486689   19.360601
  25.955395   14.168838   21.380316   20.280802   16.352493   15.998784
  22.277864   18.041794   19.589273   22.328606   16.451757   18.62906
  16.147856   17.10801    19.368898   17.995422   17.394638   17.801752
  19.111794   27.175114   14.948114   19.193207   17.422108   19.10806
  22.479927   14.679155   20.201532   16.330761   18.5311     16.598145
  15.152911   21.590187   19.166166   27.808914   22.788294   25.74016
  20.091526   17.366392   21.031017   24.66951    23.497135   18.4855
  28.399673   18.008429   19.730854   19.775848   27.603678   21.70863
  18.40489    16.564705   18.33832    18.86971    22.900156   19.321991
  22.181599   17.485132   28.78446    18.336748   15.963812   32.065224
  15.090697   23.767084   14.362055   18.261856   23.48684    17.584871
  13.7497     23.409643   17.166954   16.84618    21.834429   20.5413
  19.124496   19.337463   22.663773   20.827845   16.625874   20.34982
  26.367397   18.886671   18.266739   17.569736   16.828747   25.390364
  17.324224   21.514595   14.267378   19.588284   20.39332    17.722694
  19.457388   15.515188   24.899532   19.315117   15.685002   16.84347
  18.578966   20.351952   19.863102   29.082726   18.615032   20.08752
  26.754843   22.6324     17.393278   21.194462   18.345661   20.795155
  20.266575   14.022947   18.842966   14.636379   18.286484   26.016838
  23.088774   19.200392   20.103643   15.6945505  24.331371   22.441372
  16.940758   15.455634   16.274845   21.539797   18.489864   16.608393
  18.685656   32.244106   22.331036   16.122807   21.860495   20.82551
  19.408295   20.847216   16.07355    15.823183   23.30816    20.04029
  15.836802   23.650156   18.194124   23.096964   23.843876   21.314985
  13.110893   21.274794   16.83935    17.808916   20.104734   19.658394
  15.395028   20.16685    21.768818   15.144932   20.235464   18.90328
  16.64732    18.661621   17.860697   19.44595    18.538507   18.248417
  22.476336   17.097858   22.668268   20.985367   23.365725   27.545115
  21.461685   18.003922   24.777916   18.987055   22.991932   21.727148
  17.633305   15.426459   20.139957   17.005234   18.191784   19.896019
  18.51336    15.766251   17.739027   17.750443   20.153362   21.801302
  21.862074   16.555523   20.892635   17.710026   15.899546   18.852325
  21.484972   20.716942   21.446026   28.412882   15.78324    18.748568
  16.832073   22.960264   21.871153   16.49956    19.77323    21.609608
  18.88508    13.513872   21.479242   14.486552   17.8641     16.817554
  23.46207    25.069923   15.858192   24.311525   16.020313   20.562796
  18.30258    15.988464   20.49112    19.547096   25.686594   23.3573
  16.787966   19.456545   34.090202   19.148478   17.757603   18.216555
  15.568738   19.159328   21.327105   21.540594   18.366814   17.701326
  17.604357   22.277275   22.21804    18.25063    16.913637   18.63165
  16.989023   17.821148   20.16951    17.888853   17.94101    24.937523
  17.830517   16.320663   17.910192   17.836382   22.714256   17.762947
  22.991268   20.01961    28.403002   19.306175   17.549524   21.613195
  22.270782   19.21726    18.428537   24.32696    19.24771    19.908535
  17.640987   14.847155   20.526625   20.165684   19.603802   24.753353
  25.637802   20.929922   18.911173   25.241037   20.665651   21.799587
  42.242477   16.919376   21.764069   18.30461    17.94061    23.32599
  18.015694   20.379778   31.40643    20.148005   17.964209   21.900377
  18.101517   19.792553   20.647448   18.035711   16.239586   16.185852
  24.659328   22.19053    18.615885   17.208237   23.165808   21.148926
  19.605143   32.76794    20.391628   16.125563   22.928482   16.697899
  16.013842   28.66155    17.960426   16.45222    24.477398   19.831844
  22.838821   20.41458    16.020563   18.349606   17.051714   19.096533
  23.190786   26.71357    15.874572   13.8098     19.004171   16.690388
  18.681412   19.470509   25.91235    23.654282   20.182983   23.542877
  24.203001   18.183418   21.36971    22.25711    18.972124   17.25186
  15.660761   26.859789   14.932752   16.08482    19.00843    21.238216
  21.477438   21.012207   15.1089525  27.025614   18.864595   23.132338
  21.032206   14.673936   20.811945   19.929949   18.224405   21.681414
  25.36008    20.543646   24.41662    22.003061   12.461392   20.408182
  14.867613   18.957912   18.18813    23.871368   20.400076   19.734936
  15.461499   19.942005   14.55575    23.922846   19.653273   21.980787
  18.969995   13.336509   15.652592   18.767855   14.189849   19.883337
  24.809052   18.29351    19.195316   22.62541    24.138136   20.698261
  15.639732   15.167914   22.224113   21.489145   19.545395   24.76007
  15.19982    13.593298   24.890202   20.964973   24.408028   25.350914
  22.568567   26.45435    19.233913   18.50246    21.902102   18.784304
  21.755184   19.849245   13.294623   19.455334   25.952724   16.456703
  14.782812   21.187893   24.986963   13.899377   14.149425   16.550982
  22.129595   18.34653    19.116846   17.684673   16.91127    23.4223
  25.992825   16.85292    15.664736   19.173038   16.763554   17.28923
  14.339526   16.417559   13.148092   21.176323   23.800718   25.786737
  21.287258   17.312153   18.888073   17.554146   20.685581   22.67047
  16.819918   19.459549   24.066975   25.304829   20.750761   25.76849
  19.127058   12.261632   31.640366   24.903566   17.869936   17.72351
  17.135805   26.613842   19.820307   22.433905   20.779627   23.481922
  18.80012    14.049087   18.53547    20.802608   20.498426   20.452698
  18.701647   18.023563   19.463715   20.195807   20.6614     24.819496
  22.941069   18.379124   22.580475   23.02826    23.134472   22.32642
  19.37017    17.24586    17.171337   23.726759   20.932573   17.030212
  20.285069   15.564235   14.042883   22.587431   21.851084   16.8866
  20.36318    22.736002   27.183872   19.473585   15.498791   21.452656
  20.243065   25.511503   15.093842   19.732067   23.3725     21.854225
  16.589743   17.671785   24.811298   18.226437   22.073864   17.25112
  21.740597   19.286604   18.28489    20.024908   19.487299   17.683573
  16.716904   17.634996   16.814404   18.551615   24.299639   18.492992
  21.96449    25.693712   17.36747    18.046295   19.117887   15.006403
  18.32781    23.753675   18.015337   17.89516    24.01105    19.401089
  19.511972   17.376892   18.940434   24.587736   22.431923   23.936995
  21.38483    20.434395   18.708067   29.406609   23.686556   19.30356
  20.131147   24.606033   17.577934   16.700861  150.11449    23.704203
  20.101877   26.904392   20.524332   17.194168   14.793323   14.206486
  15.505974   23.51174    18.387506   23.353575   29.615217   22.895483
  18.382362   24.080345   19.060915   24.239523   16.012873   21.249031
  31.203548   20.270384   18.423061   25.212778   18.794312   22.890638
  18.387499   18.07153    13.429697   20.359798   17.38799    21.899242
  18.157902   14.978595   17.788141   15.276567   19.649515   20.747192
  15.2672825  20.378216   26.50332    17.377966   21.203716   17.695604
  19.049194   20.89227    18.351173   13.884526   19.69177    19.992651
  17.822025   19.191088   32.9065     26.001799   16.756887   23.640583
  26.802158   14.437407   18.540741   27.318953   21.060577   23.779436
  16.055073   23.16162    23.089245   16.4654     23.255058   20.28782
  22.359447   21.594105   17.768312   20.559662   21.662872   15.173976
  24.634802   16.838093   17.58304    17.97443    20.535215   17.254965
  20.775805   17.537615   20.203573   17.752943   21.633055   21.334774
  18.732311   14.428208   24.023872   19.303875   18.428576   15.532085
  25.379457   17.508484   14.597713   24.099495   17.987787   16.645197
  18.857304   17.299423   19.887234   18.503578   23.242218   23.267006
  18.627754   22.303745   18.198502   16.2518     24.873611   23.350298
  20.304548   18.058916   33.795372   19.806536   23.008972   25.311167
  20.114315   25.837275   22.614218   21.32086    25.745832   17.839077
  18.009245   23.526255   16.190685   26.647417   19.399378   17.883528
  26.120186   17.665775   17.205564   16.83689    21.496996   20.526903
  14.449674   18.15161    15.781632   19.897638   16.535103   20.230352
  17.485527   18.222837   14.818719   16.993422   22.983828   20.90802
  17.750265   23.890629   19.200531   16.512394   21.910908   19.789574
  16.429216   23.349636   19.624907   18.45514    15.255717   21.583805
  15.354879   21.422405   16.57742    27.356539   19.10072    16.9839   ]",0.2824468085106383,0.3241492331027985
4,27,1269,"[[ 0.13233633 -1.7046896  -1.3962778  ... -1.115124   -3.24721
  -1.7639776 ]
 [ 2.1264377  -1.3866118   0.32401597 ... -1.7903061  -0.5262693
  -0.04147163]
 [-0.8905087  -1.3440354  -0.05290816 ...  2.1035306  -3.7328267
  -1.9426413 ]
 ...
 [ 0.4110592   2.86564     0.12176506 ...  2.5457203  -2.0148537
   1.3706405 ]
 [ 2.6140785   0.6258089  -0.84665054 ...  0.8907676   1.6734507
  -1.9557763 ]
 [ 0.8209877   1.646796    3.6737235  ...  0.67128026  6.99799
  -1.6331159 ]]","[ 18.526463   20.607172   17.310389   16.114573   14.967206   15.210507
  18.881489   24.21086    19.546036   18.930017   15.0261     16.841877
  15.36831    18.8957     18.594477   17.946486   16.636612   16.57202
  15.237583   13.587756   13.264484   17.5038     21.1335     16.470482
  17.503942   19.592392   20.352015   18.950804   16.102865   19.898008
  17.05615    18.2663     17.900187   16.031416   16.755764   14.454969
  16.237858   16.302406   21.012669   17.26644    20.75365    20.214582
  14.526427   14.922884   16.288168   16.76097    22.31986    15.27929
  23.29165    19.151754   15.709418   18.096783   18.139559   22.800049
  16.76222    18.428452   16.484997   24.330853   14.369772   18.529182
  22.889244   12.205314   20.54423    18.887644   14.149354   15.835269
  19.336065   17.210688   18.583483   19.454887   15.901041   17.111616
  13.487068   14.287299   15.955925   15.222765   14.7835045  15.146552
  17.703566   20.209639   13.761645   17.926855   17.59161    16.519447
  20.506767   13.787891   17.398577   13.420245   17.743925   15.6927595
  12.602082   18.043787   15.02538    20.806934   18.689295   22.111483
  17.71577    16.486942   18.352453   19.480782   16.166983   16.914682
  22.266785   17.635916   17.660408   18.82774    21.91481    20.190195
  14.699804   13.275986   16.764929   16.948826   19.504656   17.034336
  17.734226   14.997705   20.467161   13.754533   13.659277   24.657557
  14.098715   19.40812    12.251825   17.099245   18.118235   14.9931555
  12.059634   18.561874   15.947795   14.853116   20.617657   19.139906
  16.702742   16.807234   20.222036   16.030748   15.389174   17.002316
  23.505537   16.956852   16.958906   14.537998   15.171078   21.411743
  15.255557   17.65177    13.138177   18.6948     18.784771   15.582348
  18.205767   12.788274   21.433851   16.646864   13.629951   15.524033
  15.84436    17.646034   17.681635   21.751514   20.74742    18.028208
  24.17028    20.490034   15.860955   17.372955   16.01652    19.198462
  17.072138   13.520984   16.560585   14.29409    14.98625    23.16036
  19.596703   18.841011   16.790752   13.900921   21.618046   20.174627
  14.460523   14.640754   14.507773   17.127518   16.43146    14.4500475
  18.004114   22.521906   17.500685   14.369545   17.445059   17.04577
  16.893648   20.019182   14.628634   13.778321   21.369175   17.07445
  13.445571   23.160334   16.363295   20.21841    19.87576    17.318436
  13.234473   18.41139    14.561323   14.898901   15.925061   16.767662
  12.7509985  18.992363   17.5528     12.849733   15.698453   15.112261
  14.146649   15.542577   16.571136   17.88299    15.398734   16.20462
  20.10883    16.620546   18.789797   17.95428    20.20682    23.404676
  19.941984   17.2777     20.683506   17.540928   19.503092   20.672558
  17.292664   14.519401   18.483423   15.373797   16.301193   18.026407
  16.903645   15.728617   17.691328   17.659712   16.869257   17.72375
  18.264069   15.293175   18.126642   17.146439   15.861167   18.747255
  18.301329   18.562336   16.168253   22.413635   14.218555   15.34841
  14.106143   20.513157   20.045645   14.59427    15.902541   19.822771
  16.437077   13.845917   18.733858   12.001413   16.396564   16.339071
  20.136423   20.629744   14.392116   20.4326     14.140765   17.142864
  16.267235   15.243332   19.04394    18.120836   20.634167   20.859396
  14.163449   17.74959    28.919905   15.897086   16.404112   16.365557
  14.457209   16.137302   17.21699    18.620083   19.606339   14.903456
  16.829088   20.68494    17.84107    16.993744   15.568016   15.366149
  13.776429   17.320745   15.981738   15.798548   13.626632   21.015423
  14.915796   15.503906   17.322206   16.361387   21.72933    15.290924
  21.064762   19.111576   24.044983   18.12397    17.665064   19.782501
  18.027842   15.6900215  16.224314   20.162025   17.517124   15.827079
  16.051401   12.302785   17.798557   18.630407   17.951862   22.105902
  20.110132   17.688896   15.853232   22.488104   18.702951   17.583715
  31.295675   15.936345   19.100986   17.022295   15.387825   18.94601
  15.223282   16.25429    25.126001   17.25662    16.198195   19.011795
  17.247456   16.872208   17.68704    17.75378    14.523602   15.716587
  21.09057    19.350046   18.142914   13.922162   19.935555   21.849356
  17.58926    27.269146   18.240627   13.072048   20.011898   15.132921
  14.830697   22.98247    14.801038   15.059415   22.368612   17.035496
  20.4824     15.619392   13.056841   15.997762   14.518753   18.691236
  21.567493   23.274193   14.651433   12.977012   16.503897   16.320457
  16.872179   16.560549   20.209139   19.328007   18.313906   20.810242
  19.652832   14.891703   16.876266   19.82351    15.819644   15.620617
  13.579782   20.761448   12.737747   14.30423    15.024187   19.955639
  18.030457   17.49363    13.7665     21.059498   14.862314   19.812632
  18.921425   14.168927   18.011456   17.71166    14.676003   21.55435
  21.585035   18.536018   21.208961   17.19817    12.401677   15.334728
  14.081539   16.08663    15.866548   20.811392   18.638992   17.19695
  13.632908   18.31348    14.768261   20.060736   18.11695    18.089325
  16.931875   12.35549    15.003117   17.23811    14.113277   15.67836
  22.648556   16.075094   15.92406    19.536331   17.95453    19.39573
  14.402328   14.554153   17.657473   18.987488   16.507093   18.154104
  15.014482   13.873112   22.162731   16.795506   19.504553   21.57917
  18.212051   25.278784   17.699606   16.536322   20.038095   16.806812
  18.762934   17.076908   11.704766   17.092146   21.377043   15.240428
  14.106949   19.25168    21.727629   11.697084   13.17574    15.3026905
  18.874252   15.112954   17.794027   14.714741   14.592693   20.413269
  21.858847   15.420726   13.6132555  17.271355   14.403767   15.985117
  14.594152   14.819853   11.423565   17.873156   21.211079   23.412252
  18.664377   14.701002   15.087364   15.56773    17.62679    18.87269
  14.665188   16.24838    20.744482   21.165937   17.233053   20.956514
  15.942993   11.648555   24.040052   18.31841    16.19816    15.561229
  15.331835   23.27924    18.335949   20.295328   18.959095   19.3402
  16.142305   12.728568   17.965353   16.980368   17.005089   17.369349
  17.290913   14.906986   17.211088   17.727592   17.928442   22.96346
  21.174055   17.315699   18.683533   16.47418    20.317446   18.817398
  15.735272   16.854856   15.8775835  19.723352   17.322424   14.959417
  18.000324   15.00966    12.001756   19.19951    19.867685   15.034369
  19.615982   19.676115   21.938553   16.053307   14.714773   17.949778
  16.44464    21.260105   14.461661   17.40162    21.30959    16.822561
  15.869955   14.205579   19.76738    17.809847   18.98811    15.876258
  16.934141   16.696213   14.197617   17.545603   16.314043   17.792944
  16.36067    16.799212   14.007689   16.678593   19.984472   17.070072
  19.5001     19.403755   14.9432745  15.408361   18.23975    13.288576
  15.435483   20.368008   15.610853   16.230333   21.28907    17.15402
  18.420269   15.607699   16.395004   18.579699   20.358171   19.470608
  20.52861    18.518805   19.091541   24.600628   21.730244   16.809616
  17.298126   21.89256    13.907677   15.586972  133.26031    21.184374
  16.685877   22.848835   19.240572   16.2097     14.540747   13.344498
  15.502449   18.170183   14.728397   20.685165   24.757637   18.675474
  16.89127    19.777008   18.130442   22.698921   13.085774   16.725258
  23.769547   18.993227   16.154398   23.478424   16.485527   19.579453
  16.993717   15.283278   12.140786   17.536707   17.092974   18.280241
  16.066694   12.650988   12.903136   12.911969   18.021889   18.331465
  12.917897   17.140182   21.785187   15.399032   20.174217   15.694169
  15.788461   17.878891   15.289061   11.625342   15.940443   18.921242
  18.076574   17.432339   26.401371   22.24194    14.901818   21.074709
  20.28335    13.275076   16.22621    24.28994    19.459911   19.108683
  16.244028   21.207294   19.591652   15.288206   21.194695   19.412302
  18.488522   18.523623   14.947      15.558321   19.35033    14.256045
  21.016895   14.586756   14.453627   17.003798   16.699556   14.040052
  18.077984   15.911274   17.744436   15.780653   19.236973   19.254921
  17.772806   12.883522   19.465023   18.191534   14.615613   13.509353
  22.380623   18.081755   14.430307   18.951921   16.40978    15.610062
  16.524683   16.3805     16.404818   16.849499   19.880201   19.16914
  17.436728   19.069857   16.572948   12.644623   19.959435   18.245083
  17.78889    16.773352   26.725155   16.131155   20.83145    22.878164
  15.502931   20.751266   20.142588   19.632322   22.669163   15.366338
  15.58542    16.865028   13.644622   22.638206   15.331248   17.728912
  20.92679    15.66418    14.707734   15.428378   17.852785   17.719107
  13.400904   14.907187   15.264684   18.277359   16.927025   17.89324
  14.910984   15.37617    13.608447   14.503546   21.529293   17.168236
  16.703434   20.396788   18.321602   14.137993   18.251474   17.469585
  14.155741   19.582384   16.446697   14.289987   13.888908   19.95283
  13.972791   17.912561   16.23619    25.16921    17.434483   16.063032 ]",0.39574468085106385,0.38877165615558623
5,27,1269,"[[-1.4682704  -1.5804847  -0.3388976  ...  0.65019804 -0.03488531
   1.557078  ]
 [-0.60853493  0.97071457  1.3841314  ...  2.4816475  -0.11372104
  -0.6369415 ]
 [-0.21490464  0.7739864  -0.6339027  ...  0.24538702  0.9848415
  -1.0577792 ]
 ...
 [ 1.3480892   1.8432635   1.2189344  ...  0.32551977 -1.1005093
   0.04617386]
 [ 1.0328585   0.34692454  1.5176492  ... -0.6015139   1.0980983
   1.0121913 ]
 [-1.0871127   2.5197763   0.64506614 ... -0.35113934  0.6899927
   0.65969163]]","[ 18.330675   18.341894   16.003128   14.910284   13.44622    14.823633
  16.464888   21.469683   17.705608   17.747812   13.404767   14.983399
  15.275575   14.3070545  16.493046   16.127636   12.713831   16.354282
  13.959093   12.393578   12.058808   14.8291235  18.908487   14.211122
  16.543709   17.184969   16.971354   16.991966   13.315457   17.43401
  16.127184   17.048798   18.08923    12.878298   16.203623   12.693656
  12.86474    15.025759   18.026707   14.143584   20.059435   19.313124
  13.285077   15.56063    16.017445   15.100125   20.95699    13.791159
  20.940044   16.128626   14.791759   14.926338   17.775536   19.488546
  15.043279   16.864782   13.673475   21.170916   13.263204   14.995904
  19.142494   12.038202   18.717064   18.411915   13.00692    15.366231
  15.997895   16.935175   16.692478   17.64111    13.500809   16.595448
  11.89772    11.596523   14.494475   12.971734   14.829426   14.646632
  17.52247    16.958317   13.372091   14.626898   13.353053   17.227991
  18.264648   12.802959   17.572449   11.442235   16.063898   12.46624
  12.670298   15.154075   13.68842    18.784002   15.18845    19.692343
  13.425743   15.37874    16.49768    16.434925   16.655012   14.946787
  20.119574   14.416602   15.14798    18.672913   19.38878    16.941494
  13.947195   12.056057   14.813651   17.480654   20.213223   13.2476845
  17.060488   13.949796   19.444794   10.549124   12.604959   21.407278
  12.848012   20.400995   12.901433   15.470619   17.195929   14.544482
  10.6937895  20.149628   13.641768   13.860095   16.740604   18.946484
  14.991331   14.472295   17.339872   13.412806   14.016449   16.161093
  19.772703   16.244282   13.041344   12.651798   13.030509   18.027267
  13.605413   15.642812   11.832088   16.274803   17.296278   14.088594
  16.104378   12.925725   18.051212   14.288483   12.182954   13.075555
  13.639485   14.667415   17.151205   20.460968   17.426119   15.226286
  22.664978   18.302565   15.326179   15.243807   15.044083   14.528597
  15.221596   11.702075   14.813273   12.038431   15.393715   18.555012
  17.201653   17.462784   14.868886   14.231036   19.379389   17.717125
  14.848942   13.6939     13.203498   15.238669   14.072294   12.322899
  16.92577    19.723885   18.798681   12.972073   15.864686   15.121909
  14.0584755  17.975183   12.185578   12.592708   18.837551   14.921963
  12.954219   18.880363   16.106413   18.843119   18.39332    16.29946
  11.638967   18.24123    13.628063   14.577036   14.942482   15.886799
  12.883869   16.87985    14.871721   11.958933   16.272081   14.763242
  12.430995   14.726898   15.835118   14.672972   14.227572   14.458881
  18.677204   13.439949   15.78642    16.834745   18.470793   20.153133
  18.793968   14.783851   18.200294   16.234146   16.925282   18.015526
  15.641505   12.797717   15.620469   13.239616   17.171959   15.49348
  15.201342   14.930682   16.0296     16.190619   16.924767   16.58379
  17.080019   13.722233   16.143797   14.348766   13.948648   16.627262
  15.775116   16.039595   14.796445   17.2549     12.866111   15.429808
  14.849191   18.66914    17.527191   11.376572   13.518043   16.225473
  14.267459   12.368664   17.230347   10.850144   16.284298   14.66212
  17.721401   19.554724   13.178805   18.483852   13.6924305  16.293858
  14.622742   12.419844   15.22511    15.954246   18.059105   18.68293
  12.597219   15.306964   24.765793   13.97314    16.205027   14.434181
  12.104449   14.928558   16.643261   15.432607   16.880407   13.655021
  15.8768     18.43543    14.436642   15.537896   13.285366   16.243702
  13.27961    15.369074   15.059961   12.9707985  13.314388   17.457964
  12.572671   13.927279   16.565643   13.621814   21.145298   14.86675
  19.160307   16.384289   18.969551   15.57566    15.875964   17.66097
  17.840427   15.306592   15.081883   19.970783   15.066317   15.106715
  14.6256275  11.321827   15.34279    17.249681   16.011274   20.021847
  19.40873    17.186878   15.281082   21.082296   15.047298   15.800564
  24.072763   14.336366   15.938543   15.505877   15.021121   15.663032
  14.748891   16.646238   19.621746   15.228085   15.153892   16.858383
  16.593431   16.288887   16.083025   16.360756   14.473843   13.060362
  17.205723   18.211536   16.166494   13.546827   18.297304   17.914799
  13.985279   26.429682   17.7439     13.322045   17.601505   13.22122
  12.276285   21.802946   13.049487   13.838564   19.24402    14.718113
  18.496243   13.733528   13.409975   16.041737   13.535759   15.886937
  17.480188   19.400713   14.968916   11.875892   13.977777   14.267304
  16.853533   13.586652   18.345547   17.054504   15.718119   19.46053
  17.301283   13.188129   15.475044   19.046345   14.570752   15.170505
  12.222877   16.971582   12.211385   13.290697   15.920925   17.342861
  17.609636   15.799715   12.5241585  18.491169   13.522776   18.393167
  16.833916   12.367737   14.9532585  14.376735   14.788737   16.740385
  21.728193   15.525003   16.84308    15.918789   10.156114   15.567647
  12.641811   16.90967    15.383452   17.36129    18.137594   16.190903
  12.039762   18.501091   13.6445675  17.589682   15.124004   17.49676
  16.35719    11.94535    12.310319   17.04895    12.602845   13.591284
  19.511656   14.2137575  17.231226   17.792067   16.578262   15.4370575
  12.928359   13.617562   19.352007   18.52025    14.5953245  18.732298
  13.115143   12.465822   20.978361   18.458359   17.737442   18.537474
  16.319582   22.858786   16.247232   15.204574   18.382437   15.170954
  16.390781   15.655951   11.412477   15.971689   19.324427   12.5163145
  13.351348   16.95957    18.501713   10.35574    12.951802   13.977889
  17.472612   14.006611   15.539127   13.758921   13.974756   18.370733
  19.273748   13.581392   13.55574    16.303747   10.756034   16.214548
  12.117145   13.86323    10.632228   16.510168   19.919947   22.979256
  17.68203    13.447515   13.637585   15.764802   15.075254   17.870955
  13.990493   14.854492   16.678822   21.146818   18.456957   19.159184
  15.432951   10.137073   19.3379     15.571993   14.745786   12.230214
  14.732099   19.887012   15.868441   15.6453085  16.811342   18.672325
  14.759401   11.655878   15.3293495  16.705954   15.495451   16.645712
  14.638273   15.356627   17.877417   16.562426   16.109041   18.920252
  18.634104   15.115552   18.232037   14.700835   16.14328    16.363445
  14.697069   14.081522   14.321475   17.85561    14.526578   13.918124
  16.792376   13.804315   13.156793   18.168343   17.883299   15.065196
  15.485691   15.870879   21.642603   14.437247   13.1666155  16.249075
  16.151222   18.36423    13.153333   16.418924   15.807178   16.215523
  13.144499   15.92388    17.253874   16.518871   16.329237   14.063826
  15.422113   15.478733   14.631918   14.45082    14.564889   17.687794
  14.798505   15.801426   14.168553   14.125397   18.195717   14.661571
  17.742785   17.135143   12.963606   14.3830595  15.484018   12.186625
  14.87941    16.297665   13.767444   14.134035   20.723461   15.805471
  17.027449   14.91749    14.275743   17.91442    16.384398   16.746737
  16.66866    16.484154   15.011674   21.166748   21.626638   16.504526
  17.820074   18.429525   12.700358   13.522242  142.16887    19.492266
  15.913724   18.523397   15.870384   14.298488   12.458199   12.296237
  12.829424   19.176086   14.232454   19.158813   22.044731   17.289364
  14.978272   17.298933   14.921176   18.599646   14.398634   14.960737
  16.968641   15.9508295  13.359731   20.519627   13.826953   17.275223
  16.763807   15.051839   12.120359   15.895905   13.101153   16.926975
  15.627537   11.122272   13.072442   14.012675   16.39626    15.56444
  11.540319   14.150845   20.081417   15.998792   18.023764   13.95725
  15.073908   17.142033   12.022535   11.758294   16.13348    17.158363
  15.995339   14.177877   24.525408   21.660744   13.234423   18.606836
  19.935051   11.153261   14.008782   20.432716   15.57298    15.674888
  14.856115   17.07541    18.827719   13.604698   17.701319   17.674479
  18.286581   16.387974   12.924453   16.172142   16.339933   11.816996
  20.347895   14.667425   13.268944   15.966735   16.561045   13.128427
  15.877324   13.782939   14.947764   13.796176   18.605392   16.39073
  13.908395   10.0911875  15.173445   16.094557   13.094429   11.737917
  18.142061   14.881785   12.62141    17.157883   15.253307   13.620153
  14.354416   13.733899   16.547567   14.594825   16.941708   16.798027
  16.53071    17.19478    15.469471   11.823857   17.552794   16.389772
  15.272073   15.859535   21.720839   13.90521    18.887638   17.717867
  15.189043   19.02778    18.085983   15.014199   20.752054   12.871402
  15.042886   17.043955   11.661232   19.728455   15.7911825  17.263706
  18.159828   15.504811   13.839207   14.042003   17.72572    17.230396
  12.1726675  14.813436   15.202223   15.69254    14.44895    16.53491
  13.949961   13.362178   13.596006   15.637409   18.48373    15.869944
  14.100117   18.66562    14.753324   11.743303   15.144      15.968313
  13.479884   17.635696   16.32756    16.206945   10.61449    15.5336275
  12.366022   16.570442   13.884129   21.737959   16.204924   13.871    ]",0.47393617021276596,0.43772858679294585
6,27,1269,"[[-0.18215132  0.45400286  0.21909727 ... -0.6240145   0.02380841
   0.2773367 ]
 [ 0.7149547   0.6143413   0.8682545  ...  0.17617075  0.6533836
   0.528936  ]
 [ 1.0806097   0.28910488 -0.11636635 ...  0.0817253   0.00500795
   0.05378081]
 ...
 [ 0.7895514  -0.14266658  0.25991216 ...  0.23356505  0.88548744
  -0.03360997]
 [ 0.43976003 -0.8787125   0.35300452 ...  0.42330378  0.21653964
   0.16985613]
 [-0.6597174   0.7604412   0.40745163 ... -0.7875132   0.10622232
   0.71733016]]","[ 17.78187    16.698711   14.441046   14.3754225  12.133084   14.72829
  15.898078   20.198881   16.997952   15.593154   12.81834    13.275573
  14.984722   13.772648   16.740723   14.6995     10.247428   15.127825
  14.527119   11.6374855  11.724253   12.627887   17.611195   14.650205
  14.546811   14.9437685  16.264078   15.198371   10.835539   14.693493
  13.067288   15.138776   16.529015   11.8056135  15.604931   12.255068
  13.671803   13.745661   17.367052   13.8370495  17.079878   16.77237
  12.523123   13.252295   14.150414   14.715686   19.382675   11.477914
  19.197763   13.843355   12.609727   16.071024   15.404196   17.540997
  14.210339   16.737349   12.538507   18.274588   11.792515   14.085158
  17.278313   10.956609   16.745571   15.838225   12.812325   14.100908
  14.243916   14.987112   14.357658   16.061863   13.118907   15.547852
  11.318205   10.792379   13.057779   13.36207    14.054829   13.914421
  16.677668   17.00234    12.5711     13.467497   13.552451   15.041958
  17.653912   11.393703   16.186438   11.0500345  12.587807   12.236161
  11.251577   16.383186   11.460099   16.881546   14.133886   17.264688
  14.299513   14.771151   14.011169   14.244029   14.391296   15.26513
  18.59439    13.225871   14.507394   16.169947   18.292055   16.56179
  12.80036    11.751462   12.349315   14.356898   18.64658    13.285764
  14.9596405  13.959333   19.037546    7.7250752  10.982459   20.339022
  11.718863   18.303423   10.687748   15.200429   16.445164   12.985859
  10.975205   19.904106   11.516244   13.619734   16.30715    17.272022
  12.622645   13.560258   15.901151   11.64269    13.445836   17.22779
  18.017906   13.514975   11.792521   12.451606   10.560234   18.432386
  12.432507   15.574459   12.175178   13.605008   17.320667   14.654524
  16.766758   12.213854   16.627724   12.482382   11.614912   13.065174
  12.1645775  14.116192   15.599716   20.521004   16.058157   15.708914
  19.07185    15.804911   12.514821   15.1509905  14.239316   14.283155
  14.520356   11.279194   12.264285   12.070412   13.905362   19.300816
  16.024254   13.994548   12.741096   12.893271   16.671064   17.495405
  12.866709   14.024149   12.252626   13.141387   13.177737    9.671111
  15.337192   18.295038   17.25639    12.0958185  13.241867   13.287358
  12.997081   17.051502   12.374764   12.407746   16.94315    13.253374
  12.855637   17.17784    15.803543   17.373686   17.210331   16.511005
  11.482541   15.153091   12.289203   11.730022   13.930863   15.485262
  11.44857    15.577073   14.181764   11.646085   14.843182   13.235737
  12.021812   13.144251   13.168353   13.9248     13.147976   12.6134405
  16.654533   12.075592   15.487679   16.717752   17.755976   18.26206
  14.872252   15.365492   17.901867   14.565488   13.640129   16.468748
  13.837418   12.925331   15.065707   12.057151   13.481394   15.332817
  13.827002   13.794733   14.848226   14.316166   14.650165   15.105137
  14.911767   12.630484   15.601179   13.869074   13.332325   15.95109
  12.998999   15.614324   12.532182   14.594989   11.7320795  12.877226
  12.718688   16.011606   14.921035   11.949351   11.411173   16.01733
  14.304406   12.209226   16.396841   11.803556   12.704443   14.527171
  15.488876   16.993776   13.966319   16.118176   12.302253   13.841233
  13.222525   11.778035   14.794128   15.833289   16.852701   18.71608
  12.422721   14.773927   24.120829   14.78505    13.97397    12.981223
  10.922193   15.034917   15.2063     15.204606   15.315316   12.20428
  13.175952   16.52014    14.789228   13.426307   13.075116   14.26693
  11.438719   15.407924   14.840916   12.143631   11.865408   15.848823
  12.288936   12.625933   15.272496   12.308376   17.992577   13.658655
  16.600672   14.895575   18.85534    13.407109   14.000845   17.570766
  15.514351   15.450188   12.841593   17.350267   14.819307   13.797738
  11.849549   11.6393585  14.127034   15.818688   16.531794   17.061523
  16.804327   16.75639    13.3150425  18.878098   13.725264   13.689109
  21.824522   11.935234   15.235766   14.076244   13.833706   13.173171
  11.492834   14.414451   15.558295   13.692024   13.209015   15.776445
  13.433841   15.471447   14.955397   17.143204   11.181911   12.2243
  16.749842   16.03002    14.197036   13.7668     17.94664    18.3299
  13.18618    22.101332   14.238851   11.185265   17.577951   11.309545
  11.818245   19.062685   12.9430065  13.41943    19.259666   13.564219
  17.719648   14.315167   11.243005   14.061359   13.832681   16.290808
  15.568117   19.35523    14.258673   11.343418   13.439814   12.927951
  13.839139   11.902276   18.625216   15.797968   16.740309   16.773178
  16.366503   11.910022   14.292842   16.290924   12.004358   13.832175
  12.086707   16.095707   12.070784   13.442261   14.274493   16.373907
  15.460371   13.597631   12.571951   17.798582   14.506567   15.3458805
  14.069815   12.949509   12.999091   13.55312    14.2850485  18.91645
  21.352493   16.111723   16.032421   14.283327   11.039086   14.538798
  11.690241   15.114677   14.102721   16.170408   15.290811   17.04574
  12.74458    16.102291   12.04726    17.37307    12.951123   16.552387
  13.770001    9.934977   11.839404   16.493338   12.162178   12.865906
  19.161396   13.62328    14.955609   17.367897   14.553668   15.214145
  14.380726   13.095637   16.544561   16.579351   13.634332   17.154076
  11.884163   12.497186   17.387354   16.043463   17.018475   18.471464
  16.359118   20.1153     16.00969    12.5119915  16.773443   13.589877
  15.935955   14.521877   10.515079   15.025236   18.617928   12.195422
  12.429858   13.77314    17.222479    9.379323   12.050381   13.78642
  15.766272   12.535162   14.108204   12.140804   11.832116   16.057163
  16.958477   12.778432   11.818478   15.133046    9.43614    15.795103
  11.903296   13.194329    9.53217    14.317554   18.087433   18.144978
  16.25954    13.609043   13.084226   14.285039   14.338927   16.238256
  13.520099   15.471251   17.18496    18.40997    15.352228   16.747805
  13.012485    9.760335   20.799887   15.305028   13.741492   12.713252
  13.231713   19.665024   14.19606    13.6983185  15.952581   16.422522
  13.185929   10.870064   13.4205475  13.561952   14.505882   13.180339
  14.146042   13.661703   15.0595255  13.765173   13.372285   17.204342
  18.55047    14.9636345  15.734127   14.630637   15.904804   13.813685
  15.5512     13.219759   13.1841     15.421436   16.506718   11.2748995
  14.741582   13.600498   13.408546   17.891493   17.229937   15.5775385
  15.282723   14.873337   18.675024   12.509973   12.99136    16.755774
  13.631499   17.28643    11.690988   14.893231   15.35254    13.700822
  14.748826   13.348149   18.119844   13.649157   15.471954   13.196843
  13.978132   14.956689   14.089154   14.3626995  11.584397   16.214155
  12.228443   12.701239   11.874009   12.739655   19.016788   14.38064
  14.655435   12.653222   12.00594    14.597602   14.966505   11.742932
  13.355187   14.995095   14.582326   14.050087   18.08037    15.885575
  17.09057    13.011835   15.187955   16.587746   15.711642   17.369244
  15.883498   14.1326685  16.948494   18.619036   19.193115   14.784485
  16.030972   16.147285   12.049722   12.246883  129.48792    17.549772
  15.173088   17.660622   15.594512   12.0589075  12.5559635  11.573363
  11.568255   16.699413   13.536629   16.980698   20.117825   17.667486
  12.917602   16.969622   14.379901   16.556267   13.608285   15.335128
  14.279805   12.413583   13.168949   17.189852   13.2135515  16.215446
  14.832368   14.318434   10.39836    14.462679   13.015584   16.880306
  15.200342   11.309159   13.219373   11.70715    15.7371025  13.863195
  10.777273   14.182039   17.019415   12.887576   17.440323   13.501862
  14.484089   13.533071   10.730856   11.54798    15.762219   16.445868
  16.095024   15.451266   20.423992   19.63312    11.7147255  17.487864
  16.49227    12.23836    14.946978   18.66821    16.798609   16.679579
  13.340625   16.68414    15.798651   13.023632   15.94888    15.275295
  15.4727     16.102121   11.79395    13.787091   15.881126   11.897612
  17.074318   13.905823   12.206752   15.313717   15.3248625  12.872056
  14.295264   12.75783    14.493221   14.781218   16.334967   15.857768
  12.637179   10.755646   14.911121   13.657494   12.247213   11.498981
  18.18709    14.081002   12.131292   13.950802   12.88053    12.509869
  14.084771   12.349919   15.009965   13.669589   16.321898   14.9437
  15.684074   16.263876   14.391969   11.259588   16.736328   16.38757
  14.861826   13.453903   18.57399    13.852811   13.754772   17.072115
  14.043365   16.812431   16.341482   14.746649   18.074377   13.472507
  13.385909   15.983858   12.465756   18.241896   15.333567   14.032949
  17.814764   12.500503   15.254615   14.302992   15.326729   15.999129
  10.910042   13.1126995  13.145863   13.673632   13.396765   15.841477
  12.364168   12.627807   12.026676   13.730029   15.482094   15.054085
  13.966919   17.548807   11.969444   11.658673   16.078339   13.410997
  13.186056   15.592598   15.033725   11.82869     8.814079   15.761529
  12.9053135  14.237232   13.169379   19.505621   15.346637   13.570445 ]",0.523936170212766,0.47297117511431375
7,27,1269,"[[ 0.63394874 -0.669946   -0.07872573 ...  0.07720295 -0.12391029
   0.36937693]
 [-0.08672888 -0.2273807   0.11460658 ... -0.5700552   0.24175406
   0.3736272 ]
 [-0.07477773  0.15246649  0.09524762 ...  1.2550048   0.18429619
  -0.58320963]
 ...
 [ 0.18749472 -0.06557307  0.13207974 ... -0.86706483 -0.16798347
   0.3565446 ]
 [ 0.33693263 -0.3319893  -0.39533952 ...  0.27175692 -0.16265032
   0.5151795 ]
 [-0.28884855  0.11384118 -0.18396592 ...  0.46664584 -0.36252332
   0.64972836]]","[ 15.790825   12.5453615  13.248831   13.523698   11.657606   14.0429535
  14.37192    18.867226   14.598415   14.2104845  11.475901   12.052066
  12.989131   12.887029   13.886149   13.754301    6.9353223  13.017954
  11.5454     10.806133    9.783513   12.894834   15.044865   11.77533
  11.837917   13.600771   13.861686   14.4621525  11.305564   14.749208
  11.198298   13.127277   15.333015   10.7527685  14.66086    11.153249
  12.863719   12.586948   15.280872   12.014663   17.16171    15.179565
  10.452997   11.187321   13.621589   14.540443   16.96378    11.553562
  17.291351   12.436528   11.826609   13.329053   13.783043   15.799361
  13.552275   13.649758   12.884428   17.66283    10.668917   11.40449
  15.41318    10.79917    14.380393   13.011689   13.152367   13.330899
  13.331088   13.535286   12.693777   13.8731785  10.696245   15.185883
  10.631485    9.9747095  11.466618   12.443603   11.978216   12.271119
  14.6337595  15.358114   11.828358   12.901019   12.022706   13.260718
  14.716297    9.726394   14.138313   10.215005   11.844386   11.9306555
  10.920914   15.440034   11.072473   14.369683   12.998208   14.98509
  14.422951   12.035301   12.902242   12.933088   13.093458   13.001818
  16.85395    11.868951   14.148326   14.222573   17.104456   12.830562
  12.167694   11.30492    12.780245   12.908479   16.689232   12.937831
  13.82563    11.680198   19.733496    5.5459466  10.936101   19.17554
  11.080145   15.444475    9.966362   11.883016   15.027762   11.820212
  10.2818575  16.98195     9.128347   12.754927   14.478203   15.709956
  12.669676   12.080224   14.037972   11.254303   12.701869   14.840684
  15.352736   10.3471155  11.512097   11.92447     9.632995   16.061176
  11.74433    13.8635025  11.073488   14.2472925  15.712229   12.84033
  14.840327    9.109347   16.378567   12.136813   10.434637   11.816978
  12.053074   11.904768   13.818896   16.72707    13.3482685  15.388582
  16.861212   13.564797   10.828186   13.427466   11.951341   10.921632
  15.099805    9.824716   12.653848   10.092591   12.721478   18.00856
  14.741617   15.019173   11.847381   12.713075   15.067837   15.351881
  11.87354    12.505461   11.794789   12.2799425  12.711465    8.431574
  15.339337   15.2385025  17.022213   11.023346   12.095389   12.624308
  12.124447   14.408401   10.330186   11.107528   17.038969   13.14124
  12.39672    16.675816   13.525029   14.855823   14.078381   16.535816
   9.730021   12.712105   11.722418   10.810021   13.697736   13.837655
  11.828877   14.38991    13.577196   10.8018875  13.815458   11.970335
  10.366187   11.5583725  12.138324   13.800173   12.817389   11.023983
  14.285059   12.692945   14.398776   15.130998   15.153749   17.459145
  15.877445   12.373982   16.459373   13.958325   11.182234   16.290398
  12.418148   11.278546   14.015979   10.379707   12.43986    12.52615
  12.458954   12.321483   12.675039   13.409493   14.470128   12.760446
  14.3242035  11.843904   13.752974   12.137985   13.183965   12.047534
  13.191887   13.83006    11.170598    9.86965    11.351699   12.593999
  11.193849   16.733234   14.456532   10.79551     8.215122   13.026022
  12.452846   11.416775   14.29225    10.044245   11.912037   13.378703
  14.819696   14.130824   11.582325   12.785262   12.005986   12.896452
  12.495216   10.086555   12.725468   12.935684   15.022736   15.880455
  10.215603   12.862009   20.524769   12.1038065  12.404594   11.868767
  10.074758   12.255031   14.551342   13.481729   14.610604   11.071766
  12.578435   14.583556   12.677384   13.826689   12.336537   12.218162
  11.850536   12.7413435  11.697364   12.807187   11.288858   13.626901
  11.24083    12.336138   14.945831   10.913024   16.964884   12.13198
  15.297484   13.707938   17.149136   12.665021   12.856904   14.656096
  14.27832    14.209946   12.237211   16.82626    14.289175   12.1356
  11.57232    10.2863035  12.20534    12.38671    14.151736   17.934904
  14.778095   14.324154   11.951327   17.094242   12.420275   12.971281
  17.455177   11.365974   13.412502   11.680318   12.70482     8.268888
  10.850784   13.2773     13.118527   14.03034    12.547083   13.19135
  12.539877   12.251787   11.567351   15.820953   11.536896   10.900493
  15.7734     15.185571   13.825013   12.760466   15.629221   14.637083
  11.682888   22.07972    14.187649   11.967398   15.466407   11.235562
  10.9604025  19.379541   11.779017   12.721681   17.43065    11.842285
  14.089278   13.248468    9.741415   12.331865   11.562304   14.095156
  14.578752   19.695387   11.532051   10.867454   10.65805    11.387865
  12.2521105   9.686231   16.99999    15.110682   14.642715   14.897668
  14.301826   11.260796   12.791296   15.721717   10.834427   13.358454
  11.661171   13.916512   11.739078   12.01455    13.695488   14.319029
  14.669598   14.745334   10.532839   16.384375   13.369985   13.629007
  12.357003   12.116697   11.728585   13.534967   13.287326   15.328306
  19.88617    13.282123   14.969881   13.425388    9.774985   13.173508
  10.521829   12.830446   12.47778    14.626005   15.1692705  14.422319
  11.134113   14.940605   10.291846   16.875309   12.9435625  13.952457
  13.893742    9.000571   11.239624   14.677418   10.5277815  12.4928875
  16.687239   11.959601   14.208683   14.4958725  13.475672   15.535037
  12.345767   11.358675   14.2693     15.551725   11.970504   15.736165
  12.092217   11.690526   16.624945   13.967358   13.559624   16.65693
  14.703367   20.02583    13.689219   13.388224   14.789356   13.757822
  15.64277    12.273158    9.115286   13.3014145  15.72864    11.9114485
  11.06121    12.875548   16.82033     8.262464   11.124881   12.289708
  12.345568   11.308608   12.243382   11.160643   11.418222   14.41881
  15.862838   12.118939   11.286338   13.648112    7.178668   13.194255
  10.912034   11.488718    9.790807   12.464558   15.671015   14.539258
  15.106206   11.458787   11.292077   12.363465   13.9510975  14.0576725
  12.741345   14.570111   14.456024   18.377134   15.866053   14.882144
  13.075892    8.108749   16.748785   12.639974   12.234388   11.83414
  13.378715   19.223074   12.444966   12.7045355  13.925311   15.237237
  12.762497   10.89422    13.488481   13.527196   12.228177   13.036483
  12.21407    12.938368   14.575082   14.097941   11.966458   15.610901
  16.73084    13.936145   16.339905   13.599803   12.941316   14.094092
  14.489407   11.637665   12.843363   14.951398   13.867755    9.5549
  13.830767   12.152923   11.675368   18.52904    15.529406   12.574659
  13.038485   13.139496   17.056614   11.675833   11.234889   14.146613
  13.16699    12.700308   10.10871    12.5083475  15.0998745  12.827646
  11.692195   12.105725   15.493486   13.72233    13.643      12.047275
  13.079304   12.714383   12.837496   12.178435   10.009532   13.058687
  10.881      11.133755   13.196834   11.885446   15.145292   12.808926
  13.721974    9.133214   11.817805   12.518945   12.903461   10.612245
  13.228658   14.055925   11.837632   13.098397   17.292294   14.10518
  13.496907   11.964897   14.634655   14.996496   12.861944   14.235399
  13.227479   13.213077   13.669339   16.26983    15.728577   14.141825
  13.420001   12.740783   12.810723   10.95678   134.87508    14.9066925
  12.897463   16.731844   13.807528   10.35727    10.071418   10.05393
  10.938424   15.540442   13.072897   16.441399   16.040686   14.839655
  12.120417   13.840161   13.612673   15.336083   11.540932   11.610342
  12.854127    9.590098   11.662518   15.967471   10.927956   14.304476
  13.664948   13.503044    9.275595   13.195452   11.9841585  14.736453
  12.674415   10.5139     12.4607725   9.808055   14.503952   12.627542
   8.885889   12.56685    15.741134   11.791962   14.749997   12.23533
  13.2886095  14.905056    8.904627   10.925586   14.530544   15.181058
  13.317654   13.502652   17.622776   17.773191   11.2784815  15.890343
  12.860598   12.217658   13.817565   17.59846    15.338794   13.984181
  11.659487   14.492116   13.985587   13.031013   13.912597   14.13772
  15.185009   14.052162   10.594102   13.373938   14.513363   10.763246
  14.28729    11.521866   11.234552   13.472017   15.339812   12.982524
  12.723504   10.442718   14.413274   11.257934   14.649341   13.16142
  11.657771    9.741199   13.541538   12.747146   11.184385   10.821174
  16.050941   11.993794   11.617988   14.148629   12.528461   11.68138
  14.459863   11.648418   13.774678   12.669367   15.305129   12.518915
  13.241237   14.314092   12.401174   10.556007   15.072189   14.661922
  14.025217   12.195186   12.575921   13.040121   14.791051   15.029477
  13.136735   14.598583   14.807767   12.0549755  17.193611   12.890203
  12.994349   14.471273   10.003856   17.277359   13.116734   13.059231
  16.41125    11.743619   13.6502495  12.64037    13.3284     14.075186
  11.183447   11.43561    11.733691   12.522819   11.924019   13.693153
  10.80827    12.214175    9.919177   12.45641    13.942524   11.731729
  13.451672   14.798983   11.792288   10.568317   14.351698   11.517923
  12.595127   13.885514   12.315459   12.825124    6.5443215  15.466594
  12.070121   12.470953   12.891262   18.332403   12.617968   11.81657  ]",0.5808510638297872,0.5062933892011643
8,27,1269,"[[ 0.7581619   0.01458232 -0.26562768 ...  0.35025325 -0.01595703
  -0.02974221]
 [ 0.03360132  0.48680574 -0.51862013 ...  0.08707737 -0.33706954
   0.26078   ]
 [-0.14860824  0.19146138  0.4764926  ...  0.677947   -0.07745232
  -0.4383226 ]
 ...
 [ 0.27274144 -0.41904396 -0.16647929 ...  0.54944164 -0.16255023
   0.5509685 ]
 [-0.17945297  0.03113463 -0.37062505 ... -0.06772865  0.8847054
   0.342211  ]
 [ 0.11430026  0.44212213  0.14130671 ...  0.21157093 -0.14190479
   1.3471869 ]]","[12.075082   9.695325   9.60675   10.188394   9.252218   9.948655
 10.880801  14.719683  11.463139  11.849476   9.008245   9.606312
 10.492726   9.824581  11.74318   10.153129   5.8011556 10.817343
  9.862533   9.245192   8.590202   9.736901  12.231407  10.139568
 10.416422  10.905303  11.346614  11.609342   8.562567  11.095026
  6.828572  10.551692  12.138943   8.620286  10.6133995  8.627027
 10.139003  10.614682  12.905093  10.0358305 12.843782  12.811925
  8.50816    9.066709  10.305982  10.6961    13.491245   8.623026
 14.01614   10.2013035  9.975828  12.453774  10.403438  10.390481
  8.629461  10.66618    9.797243  12.856518   8.223604   9.984017
 12.005552   8.922872  11.282925  11.096509  10.2036085  9.082207
 10.039949  10.337568   9.428152  10.717172   9.185563  11.617665
 10.630755   6.8907094  8.973865   8.787112   9.817381   9.194709
 11.021671  11.254682  10.214722   9.249857   9.1430435 10.459995
 10.546902   8.62633   12.062855   9.304221  10.393156   8.878101
  8.680019  12.281932   8.464259  12.229539  10.31375   10.756671
 10.642009  10.150221  10.72025    9.852356  11.184916  10.508198
 12.353256  10.105887  11.622506  11.968173  12.946097  10.093772
  9.462668   9.381866  10.231684  10.721329  11.335062  10.329641
 10.200127  10.340748  13.095969   4.154475   8.61025   13.423746
  9.27898   12.644247   8.085605  10.116559  11.1598835  9.604807
  7.4323945 12.784105   6.889419   9.55817   12.025946  11.638976
 11.33129   11.159411  11.418829   9.87306   10.848162  13.692173
 12.909907  10.250479   8.855169  10.490759   7.6953588 13.179054
 10.014658  11.610397   9.2409315 11.450176  13.091847   9.944703
 11.162116   7.7074537 11.4124155 10.204505   8.954035   8.876305
  9.157964  10.400896  11.435432  12.024673   9.654952  12.105193
 14.347461  11.423232   8.721941  10.959833   9.813984   8.003368
 11.214546   8.0076885  9.702217   9.419269  11.428843  12.753758
 11.743566  11.00472    8.619047  10.291548  13.643155  12.906144
  8.7507715 10.506845   8.383624   9.1496     9.92701    6.5359273
 12.037183  12.102084  11.309638   9.999144   9.302816   9.38265
  9.129345  11.884839   8.941601   9.152828  12.427833  10.156642
  9.629182  12.829304  10.691529  10.158016  13.066057  11.695297
  8.668105  11.626273   9.847942   9.814611  10.233087  10.2411585
  8.949143  11.046723  10.077645   9.401144  10.097174   9.973438
  8.276974   9.146281  11.438234  10.501129  10.622919   8.949913
  9.975096   8.728353  11.667829  12.952991  11.741137  13.241274
 10.231887  10.158906  12.428635  10.2257595 10.29878   12.0966835
  9.994669  10.174024  10.107162   8.508467  10.817357  11.458671
 10.579628   9.444051  10.611479   9.758169  10.907427  11.502437
 12.05593   10.03382   11.920943   8.833131  10.903279   9.8203125
 11.3507185  9.751316   9.595732   6.178128   9.116025   8.907588
  9.077343  12.184886  11.332892  10.217333   5.341866  11.254081
 11.07833   10.313407  11.918452   8.977968  10.822059  11.352104
 11.743428  11.81856    9.744741  11.085587   9.390569  10.604492
  9.690907   8.457995  11.7268305 11.349264  13.286423  12.103306
  9.71222    9.775637  16.87457    9.655549  10.912879   9.440113
  8.635177   9.707732  11.362408  10.16539   11.99265    9.4028015
  9.686804  13.016507   9.86847   10.259904   9.630856  10.248019
  9.512779  10.449847  11.082776   8.665052   9.110261   9.342037
  9.282806  10.653031  12.024663   8.556277  12.267989   9.027842
 12.379914   9.651216  12.201783   9.405408  10.227922  13.412274
 11.516116   9.636464   9.872379  11.765127  11.103788   9.544933
  9.568685   8.545572   9.916346  11.21911   11.613889  13.948979
 11.936741  12.509726   9.340941  12.937621  10.038139   9.041382
 11.008771   9.527218   9.914003   8.386893   9.413845   5.7659397
  9.237651  10.203997   8.842439  11.707621   9.063559  11.54205
 10.105156  10.872865   8.304791  12.856032   9.248837   7.8348246
 11.303783  12.285561  11.386286   9.670525  13.261753  11.606907
  8.988413  16.482006  12.190567  10.54545   11.28843    9.309483
  9.490797  12.932074   9.279078   9.557689  12.63159    7.700136
 11.012922  10.846024   8.149028  10.562436   9.971871  11.190652
 11.29729   13.293911   9.829058   8.33018    9.526946   9.2294
 10.278148   6.4434156 12.11436   13.353289  11.386517  12.30659
 10.426853   8.982942  10.101094  10.706394   9.235378  10.817004
  8.35583   12.862603   8.950181   9.576231  10.951481  11.669026
 11.43622    9.468894   9.223898  13.011171   9.137239  10.319726
  8.870153   8.922877   8.029299  10.691578   9.543324  11.509974
 15.327299  11.230734  12.510458   9.202231   8.248777  11.0214815
  8.73214    9.891647  11.574248  11.812909  10.515697  11.584288
  9.621764  10.9131365  8.272498  13.9925995 10.330822  11.184306
 10.428188   7.661977   7.9864426 12.325488   8.934385   9.747001
 13.499558  11.234278  10.5833435 13.138678  11.744048  11.994842
  9.065438   9.560799  11.348533  11.043389   9.8795395 11.42171
  9.636945   7.917297  13.209657  10.682329  10.712814  14.633245
 12.363826  13.040078  11.139677  10.978077  11.290445  10.996786
 11.918662  11.03432    7.875167  10.146757  12.388604   9.270822
  9.645777  10.492616  12.893874   6.865548   9.298611   9.694292
  8.93895    9.921672  10.463896   9.454389   8.678714  10.932378
 11.682838  10.627717   8.320258  10.371601   5.3297157 10.810923
  9.372634   8.483256   8.454662   9.824106  11.249533  10.78961
 12.137087   8.815609   8.8183365  9.612423  10.23163   10.680527
  9.792587  10.717901  12.237027  12.979945  10.770679  11.808689
 11.409061   5.9841423 12.322709  12.305236   9.585929  10.212773
  9.363305  14.137459  10.969017  10.490081  10.428321  12.185974
  9.288821   8.382115  10.152006  12.062495   9.749691  10.139636
  8.956835  10.937343  10.843654  10.702337  10.40701   10.498725
 13.189804  11.370193  11.185451  10.623878   9.590942  12.380662
 12.149139   9.544804  10.706596  13.132792  10.997058   8.3505745
  9.581679  10.422802  10.2668495 12.429468  12.895317  10.368079
 11.343922   9.544762  13.033447   9.911931   7.8946667 11.352242
 10.8702345 11.27545    9.834915  10.24679   11.315094   9.329502
 10.640124   9.920982  11.676211  10.591056  11.475595  10.069899
  9.456284  11.116314  10.722256  10.130679   9.405153  12.408816
  8.028903   8.936423  10.496791  10.363106  12.890751  10.462369
 10.674768   6.5770864 10.856159  10.1765585 11.0152855  9.4764805
  9.47768   11.231463   9.62064   10.417592  12.910537  10.376302
 12.187227  10.442607  10.9073925 11.374696  12.357929  10.472076
 11.234847  10.96121   11.875688  12.067854  13.575976  12.183465
 11.048315  11.88533    8.649977   9.514117  90.97162   10.628997
 10.102463  10.820535  11.240953   9.522706   7.939627   7.900542
  8.894194  12.0482    10.431668  13.478122  13.095956  13.246081
 11.069819  11.113361  11.126498  12.061555   9.01259   10.085648
  7.571442   7.555231   9.99436   12.550159   9.037468  10.641403
 11.453008  11.153262   7.4937468 10.643192  10.306393  11.96453
  9.9165     8.647284   8.836349   8.502058  11.207752   9.612816
  6.6243134  9.598617  11.198753   9.236457  12.695285  10.1814575
 11.868406  10.734223   7.159072   8.759897  10.944609  13.0267515
 10.6463    10.575571  13.312629  12.1927805  9.031415  12.438882
 11.043038   9.31064    9.732023  13.331252  12.1482115 11.415431
  9.980694  12.255105  11.639      9.65573   10.93002   12.175925
 10.479108  10.202151  10.064448  11.381908  11.21019    8.554743
 11.97403   10.079798   9.473318  11.454828   9.782528   9.6720295
 11.359106   9.310301  10.689762  10.022674  10.775377  10.788311
  8.817333   7.907057  11.465948   9.691765   8.857706  10.347247
 12.344577   9.940255  10.921023  10.283423  10.807308   9.59365
 11.264039   9.295853  10.070956  10.137134  11.688968  10.993145
 10.025838  11.01467   10.814388   7.3729486 11.331114  10.713381
 10.1716795 10.000736   8.434948  10.029631  11.580355  12.364132
  9.655328  10.700938  11.288082   9.798902  13.635628  10.314547
 10.860639  10.724278   7.720265  13.128873  10.805008  10.258219
 13.941092   8.954409  11.157233  10.617815  11.5055    10.974416
  9.55703    9.123983   9.564264  11.17213    9.624294  11.709831
  8.813182   9.585516   9.413192  10.328493  10.55787    9.72189
 10.393754  11.494777   8.494691   8.87395   12.053311  10.435047
 10.865937  11.770019  10.293669   9.593306   4.7362704 11.133772
  9.912544  10.480604  11.470957  13.121073  10.764152  10.34946  ]",0.6654255319148936,0.5853293359279632
9,27,1269,"[[ 0.6395822   0.16482878  0.36944744 ...  0.24714294  0.0317481
  -0.07680798]
 [ 0.0715262   0.60859245  0.01012202 ...  0.07993878  0.17332648
  -0.23358926]
 [-0.05413132 -0.04145757  0.81626743 ...  0.00993284 -0.33515325
  -0.03426588]
 ...
 [ 0.09138335  0.17207882 -0.16044898 ...  0.47309166 -0.01309105
   0.04184426]
 [-0.14191286  0.26124778 -0.19206384 ...  0.19568925  0.68972236
   0.07054138]
 [ 0.10126024 -0.19131103 -0.08016662 ...  0.04834024  0.0510817
   0.79869896]]","[ 7.618779   7.8224015  6.765321   7.471098   6.9951277  7.3345623
  7.285022   9.5360565  8.430879   7.501966   6.761299   6.2964554
  7.7325015  7.0054874  8.287656   7.2442656  3.6198337  7.041246
  7.38878    6.8858223  6.3135176  7.272471   8.426682   7.144882
  7.7255363  7.443229   8.708561   7.9477057  6.534595   7.378218
  4.9087214  6.749381   8.437642   5.736318   7.612388   6.2301145
  7.265929   7.7975087  8.323882   6.0392346  8.743572   8.306828
  5.9938107  6.7468557  7.405011   7.818764   8.281147   7.768961
 10.129319   7.317742   6.5924025  7.36547    7.096394   7.4373636
  7.1697745  8.997905   7.7938304  8.299302   7.019816   7.671698
  8.875431   7.2734485  7.472399   7.3735733  7.5831294  7.384144
  6.542552   8.381669   6.5261045  6.6350574  6.7086067  8.700714
  6.5861235  5.1969633  6.2554507  7.0004687  8.091547   6.813784
  7.985396   8.368772   7.0612893  6.8044953  6.6159706  7.375424
  6.8013506  5.429884   8.067444   6.9506207  7.1809583  6.3737407
  7.2758083  7.600322   7.0570755  8.108297   7.0943027  8.161197
  7.4970455  7.2074065  7.9238644  7.3414373  7.3424845  6.814019
  9.06107    6.868646   8.396928   8.166259   8.695945   6.4918766
  6.567447   6.0092754  6.8460774  7.0866203  8.018618   6.279124
  6.872802   7.0483813  8.542523   2.2587647  6.6602545  9.064377
  7.003114   9.551991   5.9060893  6.864446   6.5163865  7.395974
  6.2097406  9.754405   4.8167596  7.973166   7.9067774  8.281436
  7.2623587  7.252891   7.432055   6.1427774  7.7559824  8.702245
  8.483443   8.216029   6.4690075  7.100765   7.021331   7.714889
  7.0271916  6.1766434  7.3050537  8.238138   8.365399   7.8666277
  8.468119   6.7612996  7.6422105  7.1854877  7.0046973  7.2579036
  6.4781876  7.950599   7.453079   6.7903085  7.1281576  8.181967
  9.114595   8.48699    5.781053   7.865823   6.3717265  4.5618787
  7.860628   6.0599546  6.8008404  6.3117924  7.4873247  8.584302
  7.9838862  5.9941106  7.1894994  7.674548   9.170739   9.438695
  6.546376   6.6410313  7.3004713  7.221269   6.3409615  4.362643
  7.6156287  8.508732   8.255065   7.6538377  7.266103   7.286347
  6.1284795  7.617953   6.91967    7.033589   8.4910345  8.063903
  6.75934    8.91505    7.4617934  7.46826    7.931545   8.568443
  6.465612   8.064529   7.339321   7.2887206  6.8763323  6.9591928
  6.51894    8.3446245  6.9475374  7.3550878  6.971106   6.623415
  5.9234505  6.111988   7.006837   8.176796   7.889785   6.124396
  7.188303   6.504916   7.9704704  8.579854   8.16979    9.167236
  8.3358345  6.8865795  7.6381803  7.755096   6.386342   7.7953534
  7.6749706  6.110849   7.5765877  6.1916     6.9892955  7.8512654
  7.468331   7.4403205  7.089296   7.3374352  7.261954   7.321629
  7.7531815  7.0071735  6.9943514  6.1288123  7.9964004  7.9490585
  7.4918604  7.323897   6.9124546  3.1503181  6.231653   6.6379094
  5.7089744  9.127129   8.05859    6.8457623  3.3352294  7.70623
  6.988771   6.835019   8.277533   6.6812563  7.084673   8.446758
  9.2219305  8.645872   6.6654406  6.7664013  7.269458   7.592899
  6.5616374  5.965923   7.9313912  7.5316386  7.0024695  7.5361357
  6.195704   6.9379444  9.776395   5.758515   7.6437635  6.7976227
  6.771018   7.968736   8.57197    6.994868   9.166731   6.356277
  7.151807   8.2255335  7.317464   7.2455273  5.668815   6.9707046
  7.4027715  6.916752   8.022896   7.5025744  6.3512774  6.9041214
  6.9981136  6.4728103  7.686569   5.6794868  8.477614   6.677797
  9.1118965  6.930379   7.910059   6.8268824  7.7180448  9.088232
  7.5431466  7.5186067  7.0098057  7.6650715  8.737602   7.1121964
  7.172072   6.7936573  7.1529627  8.682287   7.588877   8.420584
  8.75689    8.012534   8.157582   8.594862   7.955305   6.4787726
  6.4863734  6.8002763  7.0711217  6.488444   7.1277246  3.3391013
  7.0275936  8.061645   5.0919065  7.490451   6.731636   8.225455
  6.5529704  8.526857   4.9587255  9.777817   6.2443595  7.1839604
  6.9655886  7.9982195  7.4656744  7.720672   9.012068   7.6123223
  6.4030685  9.792175   7.958764   6.6066804  9.40263    7.360001
  6.425089   8.144631   6.1274858  7.435759   9.544144   6.9698396
  7.8156037  7.2132454  6.469805   7.436087   7.0153413  7.1927247
  8.370908   9.711242   6.7358007  6.491405   7.133267   6.9304523
  8.27645    3.3983424  7.722155   9.539407   7.648056   7.5306787
  8.351525   6.491626   7.564107   7.9010973  6.9001164  7.4742627
  5.6265283  8.158987   6.11801    7.088742   8.447237   7.996674
  7.499039   7.303427   6.4028935 10.373787   7.5003386  7.714569
  6.7588425  7.167468   5.4468956  6.921786   7.1616044  9.925979
 11.348528   8.050054   8.42026    6.204277   5.845592   6.96219
  6.5389676  7.495512   7.512913   7.661251   7.3752356  7.925983
  6.264215   6.9296136  4.5597258  8.689586   7.776917   7.5883417
  7.4753323  5.2044654  6.30799    8.288607   6.8718057  6.4832783
  9.236519   7.1231294  7.0817223  9.387583   7.8480926  8.937926
  7.250265   7.920693   8.604247   6.930638   7.4843235  8.693993
  7.5351853  6.159421   8.017868   7.8296294  8.327768   9.855405
  7.6988873  9.3945265  8.160298   7.6769214  8.270243   8.2566
  8.613556   7.8739643  6.1189938  7.281939   8.52232    6.7345757
  6.083865   7.300271   8.899215   5.2560773  6.8289332  6.6201663
  6.1415753  7.088294   7.0416     7.4322186  6.7704306  7.835081
  8.878962   7.68692    6.3333807  8.113469   3.591552   7.67842
  6.738789   6.9445186  5.3567142  6.187981   7.7647905  7.7367015
  7.1521378  6.427273   5.5784955  7.5947733  7.4402695  6.893608
  7.067502   7.102755   8.157545   8.186299   7.726016   8.741773
  8.046729   4.1045923  8.192928   8.03515    6.4430976  7.8180003
  7.024349  10.375695   7.8282356  6.6990795  7.5236135  8.808171
  7.2356396  6.6457834  7.340034   7.4573197  7.2056565  6.4092484
  6.814756   7.8288846  7.318725   7.2797666  7.726843   7.6441607
  8.226091   8.428355   9.434428   8.07253    6.974535   8.6507
  8.277872   7.332675   7.286525   8.035282   7.3467283  5.9117503
  7.215603   7.744399   7.648659   9.355273   7.733245   7.726314
  7.88349    8.16815    8.528993   7.5818725  7.228768   6.6667113
  6.700554   7.87078    6.990344   6.826488   8.257986   6.19317
  6.8401628  7.655497   9.045206   7.2673764  6.9429083  8.224566
  6.423839   7.818384   7.803245   6.3375177  6.617353   7.808088
  5.150841   6.2756453  7.5538435  6.7534575 10.765171   8.219562
  7.4074545  3.2083201  6.892865   6.0739603  7.5682096  6.8614225
  6.960612   8.311282   7.5157604  6.531917   8.876723   6.154268
  8.344449   6.8580194  7.60246    7.9358616  7.44853    8.458178
  7.136701   7.5776978  7.922603   7.604708   8.188637   7.652386
  8.159976   8.003573   6.58364    6.6741614 66.128624   7.596591
  6.6582484  7.4343524  7.8511624  7.500887   6.004073   5.3682384
  7.0337486  8.326474   7.181542   9.249186   8.450649   8.816092
  7.6733084  8.081194   7.3445015  8.827468   6.886623   6.6977935
  5.1399183  4.6541386  6.0475287  8.523059   8.364874   7.5065975
  8.586039   8.535561   6.420133   7.317714   7.1822124  8.784075
  6.9999366  6.1891317  7.422707   6.766179   7.6989555  7.2030325
  5.7244334  6.9500637  7.8201127  5.7490277  8.430694   6.5339127
  7.3849497  7.683273   4.6425986  6.6433573  7.9984546  8.513299
  7.1236124  7.761014   8.457216   8.9641485  6.6322756  8.974415
  7.938622   7.5710344  7.003955   7.6919785  8.493879   6.870901
  7.196297   7.527615   7.7563205  7.3311124  6.954912   7.230966
  6.9693346  7.3330207  7.09406    6.734914   7.7148185  6.3158035
  8.657754   6.7743835  6.8223133  6.7491713  7.27528    7.4135714
  8.474546   6.723539   7.1325793  6.741457   7.375844   7.4864664
  6.0265026  5.608522   8.100418   7.1617203  7.2958155  8.132528
  9.256359   6.996151   6.547462   8.323825   6.8736796  7.880223
  8.123858   7.1478233  6.8362093  7.7427483  8.088522   7.239746
  7.637511   8.367664   6.0003157  5.5277343  8.696399   8.583123
  7.0598607  6.5227036  4.6326513  7.6645317  7.96981    7.5749755
  7.9830084  7.6607804  8.394276   6.885484   7.4514117  7.7653046
  7.5759864  8.03732    5.87329    9.950175   8.062884   7.2656035
 10.305822   7.287876   7.0448036  6.7159944  7.9416366  8.801241
  6.090324   6.4030457  7.162191   7.190516   6.401967   7.3054495
  7.082602   6.9096847  6.7415338  7.0625143  7.719912   7.061103
  7.313447   8.1260195  5.3997045  6.484609   7.7955365  7.660203
  8.300107   7.5930824  6.763198   7.3172956  3.2321184  7.50812
  6.966886   8.013543   7.5604415 10.154415   7.661412   7.3997536]",0.7382978723404255,0.6866482098897299
10,27,1269,"[[ 0.75843894 -0.15664841  0.00926004 ... -0.0161495  -0.0760108
   0.07699297]
 [-0.02915862  0.8362731  -0.13226484 ...  0.04844351  0.05189309
   0.05963691]
 [ 0.07902244 -0.02683651  0.8191318  ... -0.06811529 -0.14934728
  -0.13411002]
 ...
 [-0.02150753  0.02516649  0.02025345 ...  0.7708287  -0.01348908
  -0.01585443]
 [-0.01100271 -0.02834518 -0.01693336 ...  0.10951754  0.8431953
  -0.028032  ]
 [-0.11049505 -0.04866071 -0.04969563 ...  0.13646883  0.02554864
   0.84536654]]","[ 4.3296046  4.504344   3.3511937  3.9800391  4.531902   3.8387208
  4.153938   4.5982184  4.7114267  4.8453507  3.457345   3.5994196
  4.060227   3.9152174  4.429354   3.4271789  1.7869068  4.134321
  3.4142852  4.065632   4.018066   3.8261402  4.457833   3.6722572
  3.965455   4.56537    4.5175185  3.819608   3.9372525  3.716501
  2.9222345  4.2588587  5.005744   4.264432   4.546957   3.945338
  4.251784   3.36215    4.5558295  3.5413406  4.636936   4.4848623
  3.3015034  3.4363246  4.5927176  4.7220817  3.9700906  4.1803284
  4.4427586  4.0242867  2.8888721  3.7126698  4.281254   3.6981409
  4.9517674  4.2106977  4.045534   4.639832   4.1347666  4.1251516
  4.230205   4.142794   4.040009   3.9071534  4.1903405  3.9472227
  4.0356183  4.296032   4.517026   3.3087907  3.2626486  4.727387
  3.2750127  2.5387063  3.2935352  3.280018   4.107118   3.4275897
  4.029514   4.315857   3.4438941  3.527569   4.4154634  4.0595245
  4.265967   3.8675044  4.2424974  3.238418   3.6832936  2.9305263
  3.8560352  4.2159467  3.5042613  4.3910418  3.9696016  5.1644263
  4.110588   3.9777637  4.376104   4.6652656  4.0744185  3.4650714
  4.2049427  4.1900363  4.423154   4.3702726  4.395646   3.50701
  3.9130833  3.66449    4.901397   3.6801844  4.3385806  4.2173395
  3.204039   4.1354017  4.5847197  1.1532556  3.5739636  4.9581923
  3.9517856  5.5202813  3.6968014  3.815156   3.215421   4.037576
  4.1310153  4.713623   1.9514252  3.9017293  4.517889   4.3620987
  4.125287   4.1305575  3.722459   3.7693126  4.101883   4.4246707
  4.2346597  4.1927547  3.4592443  3.9376357  3.6005197  3.9662898
  4.405495   3.3653395  4.17736    5.1618285  4.3057947  4.465029
  4.685945   3.7256446  4.179048   4.2631035  4.3123503  3.8810513
  3.6686347  3.7849147  3.292427   3.4875164  4.398659   3.8956966
  4.8245287  4.4555554  3.5161085  4.4265466  3.1994073  2.3147888
  3.8992074  3.8641841  4.4046183  3.4442506  4.5567217  4.264632
  3.990801   3.509281   3.694396   4.022201   4.7928243  5.1803465
  3.4619155  3.9297435  4.4038467  3.75239    4.164856   2.5718307
  3.8369777  3.8932016  5.086548   4.138063   3.8177423  3.4525585
  3.5953128  4.5664473  4.0343714  4.4379067  3.653842   5.197475
  3.8677428  4.0058064  4.0840707  4.3284864  4.097228   4.4158077
  3.9232447  3.819464   3.5730383  4.5975385  4.246565   3.9586546
  3.8581     4.8856425  4.014886   4.0262327  3.406287   4.0934753
  3.229644   3.7872539  3.386557   4.325151   4.5017915  3.7425387
  3.340422   3.7820857  4.260858   5.024899   4.2709904  4.3772173
  3.8609433  3.889294   4.6487374  4.210356   3.5825891  4.3949857
  4.2808604  3.7971814  3.9944754  3.6317327  3.4936874  4.1434455
  3.6622741  3.5485232  3.8257518  3.7668872  3.9823885  4.6903415
  3.6192484  3.844216   3.8677595  3.8518214  4.5175066  3.9863515
  4.3980074  4.2411327  4.1316833  1.3064798  4.031665   3.5663662
  3.9808972  4.430726   3.9599826  3.9482024  1.8442054  4.2428846
  3.9085424  3.8505075  4.0854926  3.5185814  3.986233   4.8899856
  4.7618413  4.4587717  4.2449284  3.4480467  4.1292286  4.1721497
  4.4799986  3.892816   3.807289   4.2320905  4.0876775  4.701675
  3.3501377  4.393122   5.1630063  3.5086164  3.9842763  4.2794743
  4.0282316  4.0089746  4.0280933  4.0181394  3.8062656  3.902788
  4.0292397  4.3590493  3.8142402  4.085537   3.444513   3.6332183
  3.996957   3.672031   3.9769146  3.7536469  3.3911858  3.7773688
  3.725895   3.8473318  4.134169   2.807856   4.957482   3.4589362
  4.266713   4.206856   4.1203437  3.8592153  3.835024   4.890749
  4.9165096  3.808717   4.3066087  4.0196524  4.3141003  3.8961916
  4.2244754  3.4516327  3.9536688  4.4806976  4.6337132  3.9859986
  4.2927775  4.7475395  4.6695933  4.0187693  4.756345   3.2562237
  2.6779573  4.012329   4.733978   4.07637    3.7031274  1.1613363
  3.9008436  3.7572052  2.5160584  4.858364   4.2511525  3.931004
  3.3406894  4.0185595  2.6478434  4.49287    3.8140574  3.9643834
  4.0706077  3.9775941  4.6017327  4.000207   5.215551   4.0649743
  3.45526    4.294951   4.005967   4.2257137  4.6475782  3.8492742
  4.09981    4.5065026  3.2455096  4.2922635  4.8626323  4.447492
  4.257418   4.3030863  3.9171388  3.6882234  3.5051587  3.8280907
  3.7120943  4.5204725  3.981821   3.9544697  3.9111326  3.6601465
  3.7558975  1.5877144  3.9354727  4.9449096  4.564894   4.046446
  4.7882557  3.6225991  3.7771857  4.448222   3.7929337  4.27305
  3.9045122  4.3164873  4.008004   4.4222455  3.737525   3.826485
  4.242107   4.2560573  3.6093917  4.7306952  4.4367685  4.130679
  4.783211   3.5706167  3.4336326  3.97641    3.9997942  4.441458
  5.035687   3.7810464  4.111181   3.9038434  3.157853   3.8060203
  4.038605   3.785571   4.916689   4.4444823  3.3500867  4.125978
  3.7301471  3.827872   2.1884253  4.6897917  4.2997246  3.9321072
  4.0134225  3.1794386  3.9846094  3.7924166  4.4796815  3.3116558
  4.067341   3.482919   4.847574   4.503622   3.7507331  4.6277137
  4.0508256  3.889962   4.133448   4.0927124  4.0055804  5.1117086
  3.8813412  3.4948952  4.395084   4.621773   4.0488343  4.2032294
  5.045194   4.1364264  4.1963816  4.196903   3.9086783  3.7040868
  4.4425216  4.067291   3.5331483  4.0136433  4.333596   3.7782261
  3.4414537  3.952487   5.2126765  2.7599843  4.14936    3.8441455
  3.1046035  3.9345775  3.901152   4.146419   4.0788155  3.8126428
  4.43841    3.5782356  3.845095   4.280531   2.3091168  3.364629
  3.4880412  3.834531   3.5605752  3.9512043  3.830805   4.3630137
  3.7389617  3.5444627  3.2335267  4.2807302  3.7876825  4.1307654
  3.5955374  4.194959   3.9518065  4.680985   3.5744772  4.9059477
  4.1425076  2.811776   4.4108195  5.010606   3.2816389  4.202906
  3.6637354  4.016206   3.5277696  3.3412185  4.124608   4.1183777
  4.1086297  3.587293   3.9120927  4.041674   3.769145   3.4977427
  3.737451   3.6945324  3.9171078  3.9393883  3.7655547  4.3586826
  4.2720647  4.996968   5.650017   4.439595   4.4670615  3.8843048
  3.735377   3.9412754  3.7069263  4.5740957  4.626479   3.7819374
  3.8844469  3.74592    4.0408845  3.9419668  4.276022   3.8475733
  3.7123725  4.0603037  4.5487757  4.067027   3.901132   4.069758
  4.021946   5.2377152  4.054462   4.1474676  4.8859696  4.367901
  3.28858    3.4264324  5.591448   4.065247   3.9654782  4.0978193
  3.8420377  4.4668565  4.033343   3.2837455  3.5948668  3.6427028
  2.8610845  3.880087   4.0412416  3.9607701  4.6184425  3.8537617
  3.6120021  1.5119294  4.0597982  3.032594   4.0483317  3.7968097
  4.1004143  4.3329782  5.036934   3.8644328  4.750264   3.397742
  4.110717   3.9743922  3.5977035  3.7868829  4.129477   4.250186
  4.1970763  4.385309   4.1327147  4.1837974  4.3851867  3.880553
  4.1677694  4.121367   4.0483565  3.7150292 39.239643   4.544474
  3.6698256  4.2987638  3.8829508  4.748164   3.052463   3.164083
  3.741353   3.9933615  4.641612   4.646265   4.562212   4.1644397
  4.5063214  3.72333    4.3666396  4.5481486  3.7388577  3.875787
  1.9800327  1.9707439  3.6048942  4.1606765  4.443471   4.5075703
  5.129953   3.9681618  3.1488326  3.9445975  4.1100373  4.2863693
  4.1327376  3.1845977  4.152079   3.4563892  4.243598   4.0345416
  3.051186   3.7929432  4.314228   3.510129   5.0903363  3.6868455
  4.6262946  3.9725215  2.2488286  3.7376556  4.6143346  4.9606647
  4.2315836  4.313877   4.2214713  4.504837   3.5981188  4.4995713
  4.205888   3.696079   4.546051   4.638364   4.2441387  4.764462
  3.9394577  4.045075   4.7831774  3.894612   4.290672   3.7143972
  3.78123    3.652934   4.3101645  4.1991487  3.8228817  3.4257748
  4.03413    3.6604366  3.3438697  4.0186896  4.0694566  4.5466733
  4.6193366  3.365692   4.461683   3.8530464  4.018816   4.0232024
  3.4229429  3.8358655  4.0969205  4.0685687  3.7177007  4.0503583
  5.0216613  3.6369007  4.3539047  3.8756409  3.9109764  4.4378858
  4.15977    3.9398017  4.0443826  4.684043   4.044118   3.8900664
  3.3224287  4.353744   3.9285905  3.4514055  3.8951454  4.1701574
  4.2228904  3.9370615  2.400216   4.1611633  5.1801395  4.5945997
  4.347996   3.4476018  3.9177718  4.523368   4.126142   3.8544421
  3.8990636  4.2634573  3.674195   5.507906   3.6480556  4.1969438
  4.9760623  3.5733356  3.741757   4.5900187  3.7790086  5.25946
  3.5253978  3.5599499  4.2403626  4.6101255  3.8252988  4.5225463
  4.3845987  3.7262354  4.17603    3.998204   4.2687664  4.337652
  3.8197627  4.41991    2.970331   3.8754897  4.707246   4.078793
  4.3101516  3.8146105  3.9149933  3.9752917  1.5106527  4.918673
  3.9485776  4.5156727  3.7205472  4.3845215  4.621775   4.5531387]",0.7627659574468085,0.811292690038681
11,27,1269,"[[ 1.0000000e+00 -1.1098102e-15  7.5424006e-16 ... -2.8856466e-15
  -3.3461428e-16 -9.9920622e-18]
 [ 1.3865481e-16  1.0000000e+00 -3.4347525e-15 ...  5.8807126e-16
   1.9428903e-16  7.8062556e-17]
 [ 1.2948249e-16 -2.9837244e-16  1.0000000e+00 ... -6.3143935e-16
  -1.6306401e-16  9.6515677e-16]
 ...
 [ 6.3377348e-17 -5.2041704e-18  9.7144515e-17 ...  1.0000000e+00
  -3.4000580e-16 -7.2858386e-17]
 [ 2.1238995e-16  1.0408341e-16  2.8449465e-16 ...  8.4632822e-16
   1.0000000e+00  1.0408341e-16]
 [ 7.8159985e-17 -5.5511151e-17  1.0581813e-16 ... -3.7816972e-16
  -1.7173762e-16  1.0000000e+00]]","[3.19386047e-31 9.97211448e-31 4.15123216e-30 9.22144567e-31
 4.42297899e-30 3.64881007e-30 1.60378224e-30 7.33585211e-30
 5.70588644e-30 6.53515351e-30 1.60732245e-30 5.94591825e-30
 6.92725253e-30 2.23584348e-30 3.79260858e-30 6.04491293e-30
 5.04212522e-30 3.71620107e-30 6.40637951e-30 1.63094424e-30
 6.59428181e-30 4.78307560e-30 2.18868712e-29 3.31933913e-30
 1.85795334e-29 3.51659950e-30 5.05717305e-30 7.04070184e-30
 4.35238162e-30 4.70098397e-30 1.14088306e-29 6.51768698e-30
 6.05472079e-31 5.35012054e-31 3.16713311e-30 4.11138911e-30
 3.21444328e-30 7.18244878e-30 6.52368745e-30 1.76295922e-30
 1.43130835e-30 1.55316470e-30 1.21189471e-30 9.00448082e-30
 9.38061983e-31 1.68336791e-30 3.14741979e-30 1.75993190e-30
 2.33083885e-30 1.86858275e-30 1.45182279e-30 1.86926077e-30
 2.81789036e-30 2.42985854e-30 4.14812246e-30 1.72399544e-30
 6.08665069e-30 2.57714309e-30 2.23528319e-30 1.85551407e-30
 2.75976508e-30 2.11228116e-30 8.29655261e-30 2.64461083e-30
 7.65960818e-31 7.16973915e-30 6.53235470e-31 9.73049867e-31
 6.89573903e-31 8.15952194e-31 8.57634660e-31 8.04986619e-31
 6.68248461e-31 1.12529754e-29 1.05324237e-30 8.68086591e-31
 7.56529779e-31 5.58409093e-31 1.20122865e-30 8.81218556e-31
 1.49474376e-30 1.54967959e-30 4.43804789e-30 1.79276035e-30
 1.88265276e-30 1.37618904e-30 2.25761552e-30 1.46157770e-30
 1.15772821e-30 1.37636094e-30 3.00974138e-30 1.69264905e-30
 2.08810509e-30 1.62374364e-30 5.94227478e-30 4.25946039e-30
 1.64869252e-30 1.35964391e-30 4.02805662e-31 2.80341541e-30
 6.25333842e-30 1.38569804e-30 5.28245833e-30 7.35198036e-31
 6.65693773e-30 1.35030249e-30 1.85713531e-30 1.12588981e-30
 4.69124147e-30 1.31863308e-30 1.06433970e-30 8.77857206e-31
 1.01048522e-30 8.15376390e-31 2.65489368e-30 2.57410110e-30
 1.77434421e-30 3.32069781e-30 9.40896523e-31 1.09278657e-30
 1.59877745e-30 1.04514472e-30 2.48929398e-30 2.91710885e-30
 1.31327931e-30 1.80277519e-30 1.09531059e-30 1.87806175e-30
 2.05887027e-30 3.76415259e-30 3.98211548e-31 7.56260855e-30
 1.00235897e-29 3.70496917e-31 5.95797619e-31 9.24943090e-31
 4.38412524e-30 1.12557054e-30 1.70406056e-30 2.22815932e-30
 1.26684540e-30 1.88632951e-30 5.06157805e-31 1.09464150e-30
 1.04614747e-30 2.69850508e-30 9.23012176e-31 1.49986261e-30
 2.57702366e-30 1.96588396e-30 2.11641909e-30 1.68991607e-30
 1.26395096e-30 8.73216449e-31 9.60802063e-31 2.60993450e-30
 1.21280078e-30 2.45488171e-30 2.98221826e-30 3.72121752e-30
 2.53251136e-30 2.78359507e-30 3.04883776e-30 3.25298149e-31
 4.53786758e-31 5.65492199e-31 4.21445720e-30 6.47161512e-30
 8.32494221e-31 1.19825756e-30 1.96985093e-30 1.17036083e-30
 1.59773512e-30 2.08647332e-30 6.23744715e-31 5.14105934e-30
 7.98086843e-31 1.51992332e-30 4.09307434e-30 1.14253725e-30
 2.44474538e-30 1.17754009e-30 4.30222883e-30 3.71835119e-30
 2.45246020e-30 9.71480065e-31 9.68132822e-31 5.71099655e-30
 1.34494102e-30 9.29226498e-31 1.63303757e-30 1.08888863e-30
 5.80751385e-31 3.27082413e-30 1.68632997e-30 9.26161561e-31
 1.15363476e-30 1.52212469e-30 3.87357550e-30 4.52537301e-31
 6.77343449e-31 1.30913828e-30 3.70605796e-30 1.52868207e-30
 1.39354084e-30 2.76010982e-30 1.39545332e-30 1.31605451e-30
 4.13560955e-30 2.14695918e-30 7.45188939e-31 5.53931541e-31
 3.62851596e-30 2.84489475e-30 1.50921964e-30 2.49684160e-30
 3.07264650e-30 7.09522898e-30 1.04921146e-30 1.45363334e-30
 8.89744087e-31 1.05837355e-30 1.70678507e-30 1.69787031e-30
 3.02624626e-30 2.75752844e-30 4.68031633e-30 2.11319522e-30
 1.67919236e-30 9.21558607e-31 3.75690204e-31 8.42787038e-31
 1.01274744e-30 2.82517936e-31 8.30865738e-31 3.83825166e-31
 1.70504816e-30 1.37116441e-30 2.01461074e-30 6.64629847e-30
 5.42249996e-31 6.93279391e-31 7.95926567e-31 1.10809423e-30
 2.37463927e-30 3.09424588e-30 1.73707333e-30 1.63136178e-30
 1.97373683e-30 2.94395470e-30 2.04897449e-30 8.92274880e-31
 1.03317368e-30 1.18350107e-30 1.47585996e-30 1.97653507e-30
 1.31607529e-30 5.02498444e-30 1.33718802e-30 5.80433833e-30
 2.68598466e-30 1.46482790e-30 7.95350574e-31 1.56243371e-30
 3.59726968e-31 1.60360620e-30 2.60533201e-30 1.33229608e-30
 9.34236643e-31 1.80301894e-30 2.71698780e-30 2.25327202e-30
 1.68980830e-30 5.68804507e-31 6.31946986e-31 8.20432427e-31
 3.27526204e-30 1.06875956e-30 1.31953313e-30 1.17799656e-30
 4.34688144e-30 2.79300373e-30 3.02519659e-30 2.16100888e-30
 1.06139946e-30 2.08312570e-30 2.12568386e-30 1.47999309e-30
 1.10818761e-30 9.38096966e-31 6.48841755e-31 1.70861094e-30
 2.14602330e-30 1.53429585e-30 1.75423630e-30 1.41148039e-30
 1.62389485e-30 2.54976969e-30 9.19998491e-31 9.55253353e-31
 4.99883910e-31 6.50208572e-31 2.00126879e-30 2.65098690e-30
 1.58654347e-30 2.78835818e-30 2.20376622e-30 1.24459724e-30
 1.86154182e-30 2.92472380e-30 7.42500301e-31 8.43330962e-31
 1.24277617e-30 6.07034800e-30 2.73359763e-30 2.61302783e-30
 2.25597114e-30 1.61256121e-30 5.24139051e-30 2.60300435e-30
 3.11704850e-31 3.42115006e-31 1.65769135e-30 4.65960930e-31
 2.03818382e-30 2.12092471e-30 1.58555361e-30 1.93518137e-30
 3.19459868e-30 1.91403601e-30 6.04375201e-31 6.80563410e-31
 6.64290477e-31 6.69707579e-31 1.02416234e-30 2.45808169e-30
 4.87784678e-30 1.97197942e-30 1.94445479e-30 2.08334368e-30
 1.13594179e-30 1.36191092e-30 5.75914790e-31 5.72794182e-31
 1.88060965e-30 8.49285735e-31 2.09097876e-30 3.74475110e-30
 2.26314335e-30 2.96577544e-30 3.72007399e-30 1.12673823e-30
 4.14657654e-31 8.05589412e-31 1.45633641e-30 4.47713966e-31
 2.77191875e-30 1.43836489e-30 4.67455810e-30 2.04249591e-30
 2.41358989e-30 1.28558203e-30 2.48815027e-30 2.71459497e-31
 1.17570171e-30 9.94221273e-31 2.23962632e-30 1.53717177e-30
 2.33077753e-30 2.47814277e-30 3.11916147e-30 2.14133900e-30
 6.16249105e-31 7.91659710e-31 1.64107155e-30 2.09887168e-30
 1.67902084e-30 1.43631464e-30 2.00233256e-30 2.60219373e-30
 2.50123512e-30 2.58725347e-30 3.73057633e-30 6.73919187e-31
 4.01432919e-31 4.28918027e-30 3.41804831e-30 1.14826304e-30
 9.63132927e-31 1.42631287e-30 2.26248771e-30 2.25010176e-30
 5.64611528e-30 2.57330496e-30 9.21784584e-31 5.52128756e-31
 1.40126318e-30 3.05420572e-30 2.27331749e-30 1.40190152e-30
 6.13321936e-31 1.94180156e-30 2.13298867e-30 2.25388535e-30
 2.21576961e-30 5.59979178e-31 1.83939362e-30 3.14486756e-30
 2.37862279e-30 1.48754061e-30 1.24502794e-30 1.05253021e-30
 2.38138736e-30 2.56769701e-30 3.27017337e-30 2.40127955e-30
 3.82495668e-30 2.43831383e-30 1.24052195e-30 1.88439700e-30
 2.11021323e-30 2.86255218e-30 4.81761878e-31 2.85925572e-30
 3.60804731e-30 3.79600792e-30 3.43912520e-30 1.65056202e-30
 1.79539590e-30 3.80988477e-30 1.44980912e-30 4.41747993e-30
 8.79808245e-31 1.00511970e-30 3.26987320e-30 5.42688126e-30
 3.78400208e-30 4.29543315e-30 2.16195021e-30 1.81676489e-30
 1.60229115e-30 9.80242106e-31 9.09486562e-31 1.48941256e-30
 8.93423479e-31 4.57272606e-30 5.47545043e-30 4.69366393e-30
 3.65879482e-30 2.26541535e-30 1.43285436e-30 1.00211194e-30
 2.81230723e-30 4.56799080e-31 1.98025998e-30 7.93532790e-31
 2.24756589e-30 4.03947593e-30 3.41183192e-30 4.83456414e-30
 1.24475222e-30 1.33125600e-30 1.21314722e-30 7.36526627e-31
 1.11988134e-30 1.50457070e-30 2.27124072e-30 2.51465494e-30
 3.80773954e-30 3.22748769e-30 7.64689582e-30 1.62445081e-30
 1.61986507e-30 1.01086731e-30 6.80546577e-31 1.68540894e-30
 2.62184837e-30 3.44506963e-30 1.42976130e-30 3.54751519e-30
 6.82681529e-30 4.08419851e-30 4.70789108e-31 1.48574305e-30
 3.32705978e-30 2.67008934e-30 2.54993802e-30 2.05417374e-30
 1.43222721e-30 8.67683726e-31 3.96449707e-30 5.07947660e-30
 3.23739232e-30 1.56161622e-30 1.32483517e-30 8.74465482e-31
 1.76207826e-30 3.99229817e-30 2.21235974e-30 1.00460822e-30
 2.36469346e-30 4.23344755e-30 4.60003364e-30 4.86792937e-30
 1.02659674e-30 8.71886447e-31 2.57681113e-30 3.06956332e-30
 1.04822950e-30 1.75713817e-30 2.16388197e-30 2.48501029e-30
 4.94492444e-30 8.37691956e-30 5.77064997e-30 2.07577670e-30
 2.22247726e-30 2.41144353e-30 5.99988397e-31 3.25039987e-30
 1.51066719e-30 1.00249450e-30 9.47750032e-31 3.61042275e-30
 4.64876118e-30 3.91599298e-30 2.33922379e-30 2.47663099e-30
 1.23131886e-30 1.54247541e-30 1.68576686e-30 9.69109328e-31
 9.57043584e-31 2.85206019e-30 3.70737640e-30 5.53280402e-30
 4.34186725e-30 2.66862890e-30 9.32645587e-31 1.10366478e-30
 2.36902285e-30 1.12294994e-30 1.90599394e-30 2.70073438e-30
 1.23627550e-30 5.55710158e-30 3.62993032e-30 4.95798164e-30
 5.39118498e-30 1.21116327e-30 1.21857123e-30 2.20427196e-30
 1.34288503e-30 1.40005252e-30 1.51757571e-30 1.02145663e-30
 5.34144671e-30 5.50205158e-30 4.66075724e-30 1.01768809e-30
 2.27877517e-30 3.45911951e-30 1.62881218e-30 1.72813938e-30
 1.12748105e-30 7.49885462e-31 3.14862444e-30 4.34805505e-30
 3.83126523e-30 4.77577024e-30 2.02029995e-30 1.66077547e-30
 9.52186723e-31 1.72707429e-30 2.42355375e-30 1.02943880e-30
 2.58018584e-30 4.40317840e-30 3.71081787e-30 3.90112232e-30
 4.26491770e-30 9.01808327e-31 7.24011844e-31 1.13063767e-30
 1.13299374e-30 1.19933657e-30 2.73815253e-30 2.76379110e-30
 1.29028307e-30 3.17580694e-30 3.37643167e-30 5.00332300e-30
 1.98998423e-30 1.59396996e-30 1.03886580e-30 9.58539659e-31
 2.69198833e-30 3.68714435e-30 2.40149998e-30 1.49886363e-30
 4.63783942e-30 4.98569923e-30 4.17698169e-30 3.82972415e-31
 8.31434414e-30 2.12631938e-30 4.12375267e-30 3.39049773e-30
 3.96934820e-31 6.21669403e-31 1.07665032e-30 2.97676904e-30
 5.06561367e-30 5.46652307e-30 2.66836729e-30 4.19279886e-31
 2.46934913e-30 2.77275607e-30 1.59356992e-30 1.40565445e-30
 1.92213470e-30 6.18720840e-31 4.14069484e-30 4.56840401e-30
 1.08622035e-29 2.34050649e-30 5.69461261e-30 3.14880236e-30
 1.53830560e-30 1.38589025e-30 8.95889572e-31 1.07160444e-30
 2.42847710e-30 5.15174900e-30 4.78951656e-30 4.60046171e-30
 4.06151655e-30 2.27240963e-30 1.31163324e-30 1.51363010e-30
 1.24894018e-30 2.25862776e-30 6.50269040e-31 8.25690554e-31
 4.56550495e-30 4.72836114e-30 4.80063354e-30 2.70062304e-30
 3.49655177e-30 6.35854846e-31 3.39887139e-30 5.54600445e-31
 1.54800588e-30 2.21013984e-30 1.61312845e-30 4.66704359e-30
 4.91014222e-30 4.41101641e-30 1.34492907e-30 2.97839292e-30
 1.55150349e-30 1.51919912e-30 1.94039022e-30 5.99766417e-31
 1.18399289e-30 1.66037260e-30 5.08601761e-30 4.70422420e-30
 5.16453086e-30 1.59005829e-30 1.77866458e-30 1.94874864e-30
 1.98801034e-30 1.31048427e-30 2.26100245e-30 1.94523062e-30
 3.32263503e-30 4.04961829e-30 6.13537296e-30 5.65893663e-30
 9.16046855e-31 2.22481734e-30 3.41079823e-30 1.79078195e-30
 1.23357571e-30 1.32126806e-30 3.58933758e-30 3.24334126e-30
 6.26252345e-30 3.90946701e-30 4.80005839e-30 2.69114724e-30
 1.63024384e-30 1.76529140e-30 2.20403649e-30 2.62562537e-30
 4.54177012e-30 4.35967232e-30 1.66110404e-30 6.58432491e-30
 5.71106388e-30 5.89921370e-30 1.90521642e-30 1.73225399e-30
 2.89257506e-30 1.29793572e-30 5.03752217e-30 4.41786813e-30
 1.42365146e-30 2.33408998e-30 4.84734976e-30 4.87667542e-30
 5.34730687e-30 4.32402494e-30 1.60546272e-30 1.66872633e-30
 5.78415932e-30 3.86807720e-30 2.74110199e-30 2.31185584e-30
 1.43975705e-30 5.57038486e-30 5.54462329e-30 5.80683376e-30
 2.53932359e-30 2.95522045e-30 3.81136872e-30 4.42902084e-30
 1.53766209e-30 2.00981868e-30 2.74836466e-30 2.89336424e-30
 6.36213729e-30 4.74388970e-30 4.52036259e-30 1.84753124e-30
 4.38160987e-30 4.57380564e-30 2.59329589e-30 2.75103520e-30
 3.63305882e-30 2.74952755e-30 3.17872706e-30 5.91669226e-30
 6.32765261e-30 6.20109908e-30 4.52997192e-30 5.55339041e-30
 2.71645046e-30 3.58225753e-30 2.49392675e-30 3.50121764e-30
 2.90244357e-30 2.58183416e-30 5.84646692e-30 5.64484123e-30
 4.65943015e-30 4.65298317e-30 4.03538973e-30 2.54375830e-30
 3.60947897e-30 2.91242643e-30 3.88454164e-30 2.27624212e-30
 2.67396734e-30 1.12703351e-29 7.47532254e-30 6.58691814e-30]",0.7851063829787234,1.0
