,Train_Data_Size,Transformation,W,b,Residuals_Per_Image,Accuracy,Co_Sim_CLS
0,1750,Transformation_Matrix_W,"[[ 323.61588     42.37557     27.510988  ...  322.97562    -46.93895
  -166.65689  ]
 [ -55.146812    91.42937     11.616939  ...  -16.427357   -29.282166
    38.19577  ]
 [ 231.71269    140.17859   -128.85005   ...  307.5682     -87.26672
   160.07532  ]
 ...
 [ -78.954        9.721231    48.323856  ...    3.4674969   45.063267
   -95.65668  ]
 [-223.2556     132.90573    425.61905   ...  117.70094    -91.91954
   -52.185314 ]
 [ 320.3599    -360.5419     216.78069   ...  270.84003   -228.90097
  -109.53561  ]]",,"[ 195.14825   322.7992    147.9206    178.69543   144.94913   169.28061
  182.57068   300.6106    149.74088   365.90298   179.5378    197.6449
  316.60867   196.56816   182.80345   287.15833    85.501526  131.55475
  211.8427    116.005615  283.51428   218.94691   150.24022   173.06546
  246.17458   358.51358   197.18063   150.98262   150.21576   217.17455
   84.096924  222.91599   300.43433   105.371346  178.80977   268.0448
   97.920166  127.14462   104.2149    212.0915    202.83359   171.74068
  132.59477   123.9808    118.83485   188.11249   114.50367   199.87384
  210.69217   164.87668   172.5166    145.49258   275.8233    149.86406
   94.74047   108.08118   118.221794  159.6394    240.5502    358.9799
  191.66539   308.46448   146.13893    97.58409    63.062614  166.58894
  174.3641    234.58768   395.66254   209.94914   351.5853    294.34274
  153.53467   139.74974   162.85866   226.82814    83.416245  117.35726
  246.32915    86.067444  149.35068   234.65796   159.5644    222.63533
  158.67899   565.2598    370.34213   165.64877   125.03375   230.41927
  143.03671   161.73276   116.17803   157.23555   110.44628   190.43736
  133.69626   193.09932   177.70244   192.56834   321.9945    332.1452
  314.41357   194.4795    106.032326  417.35574    80.158134  460.66992
  152.24156   168.74065   200.01994   166.39305   161.79057   157.0412
  229.61018   197.77321   274.88745    86.7543    155.23952   317.26187
  114.36916   292.0355    123.90593   169.0367    124.540695  122.34289
  183.25699   171.86256   160.98958    93.83322   118.59114    69.218376
  354.56644    98.2638    125.73551   171.18866   197.40741    85.05612
  173.50076   122.54306   139.33899   186.38289   399.4154    174.74776
  406.97818   234.70853   341.39948   142.30489   277.40872   242.12659
  133.6057    214.92188    71.85477   268.9575    145.23514   239.28836
  166.57959   196.7705    231.02917   204.50156   292.69913   167.5795
  183.69641    74.2731    129.12787   117.16972   176.44548    95.29992
  244.9353    191.44685   169.99118   171.35103   170.27007   176.49754
  223.70949   236.90573   423.53296   273.27365   180.45807   334.38284
  189.99817   318.64117   254.62814    73.196434  117.85948    52.527416
   51.677402  194.37523   188.26173   187.97243   249.66667    45.63128
  143.93176    90.464355  164.98228   159.68077   229.46516   357.7811
  162.3237    327.81674    80.90783   175.83012   197.05302   287.1248
  317.35504   195.17924   220.20638   254.46307   119.008064  263.88925
  242.61646   238.32991    72.67051   151.93724   237.8312    132.92917
  188.77815   226.3381    151.57828   174.02048   172.63449   242.86601
   94.50724   238.75198   340.89072    61.748703  179.4807    167.59085
  162.52795   149.26326   436.26645    83.82932   291.72763   181.5599
  316.82623   152.1008    263.5011    167.94159   120.844765  199.33524
  142.3276    153.27956    77.27105   173.4489    194.54416    77.79117
  124.84025   260.15588   298.11884   145.88582   299.01797   111.06164
  111.45303   125.69485   174.33218    63.928875  130.44553   247.32695
   57.893356   86.31164   216.46483   302.9411     98.749855  138.21988
  330.56244    97.227776  195.10002   125.72868   157.63156   168.31522
  128.15213   270.9737    432.60986    87.51365   191.03638   131.60152
  129.54001   190.11642   115.7597    116.305046  272.263     226.4747
  421.18448   305.97617   124.541695  240.07344   202.27335   106.145706
  199.55695   233.3717    306.32593   176.8507    308.50772   453.38428
  210.46486   162.84866   273.91885   272.70383   343.0239    203.58447
  140.2781    191.10378   155.93782   160.2345    203.27434    85.15758
  182.73804   196.81906    88.35929    94.74383   218.6552     69.167625
  253.91173   232.37646   183.85452   116.22365   152.90321   211.40562
  208.4407    116.54274   127.98677   102.25007   212.92218   173.07234
  476.74545   183.14427   137.64046   136.2673    152.65182   187.53595
  177.60075   255.69783   148.67607   161.26093   276.4207    196.45773
  139.86566   219.28842   335.97745   124.66786   228.149      81.199875
  108.2564     96.9926     99.04868   400.97437   171.93883   196.64586
  130.12038   368.4295    122.46663   115.397095  325.12894   128.93538
  146.09708   308.86264    94.48841   158.3608    143.3121    189.89867
  204.37767   168.02118   251.30688   103.9607    171.74722   174.08223
  184.2766    132.23163   157.2437    119.59407   228.36333   183.40169
   81.63008   203.99202   363.7372    134.82755   149.5877    213.42699
  196.86005   244.98894   225.08089   131.92036   226.68817   276.85287
   70.02567   121.316185  169.7927    251.52776   351.73495   280.5699
  138.66841   165.14088   174.56813   244.0792    174.77585   189.3056
  204.57068   164.70378   162.98721   158.37541   169.34193   145.89842
  146.66553   145.62355   188.64806   346.5256    139.38959   153.954
  129.82202   117.65475   103.03093   145.33238   295.48312   207.11739
  188.25475   312.63943   152.44946   206.62675   174.65904   238.18217
  347.74118    92.199265  307.91806   203.93979   114.56285   161.9693
  225.31009   278.3057     95.737915   59.65269   152.05423   254.03409
   94.81787   199.73753   223.44293   159.61957   175.15279   401.26428
  110.76818   233.08882   369.4181    232.02252   194.68597   214.97194
  260.7567    147.90913    93.729004  178.64738   213.55286   150.99136
  131.58095   197.44246   197.34328   161.06596   130.56056    69.11418
  416.64392   298.15445   109.88861   294.22723   220.6425    176.79729
  102.43668   233.30925   128.04501    90.062836  101.10942   405.09885
  119.95078   289.93265   394.2627    120.51496   139.079     134.63504
  185.8433    202.39662   109.45375   236.71199   280.4712    118.88858
  265.00763   209.84561    70.1127    339.3939    109.4447    128.88606
  240.8558    259.3034    213.87653    89.897125  115.78211   303.6257
  135.14394   256.37866   336.39706   111.2283    174.8169    295.89337
  279.1997    164.25354   375.40463   129.62547   194.81738   241.23619
  130.83405    79.742874  392.5741    147.63272   146.06053   106.100105
  336.12503   192.99759   103.62947    71.7523    185.40529   205.27681
  232.10481   200.6359    145.72934   100.311226  173.68132   546.6544
  134.60152   139.26608   529.5788     91.71713   100.29196   225.13895
   97.04513   183.5083    179.35016   191.59203   150.4196    140.38947
  177.00955   204.70042   171.39178   177.34006   274.69678   323.11005
  259.52017   216.9418    208.11871   196.40785   114.86946   273.77234
  134.11273   161.28082   275.09265   204.1643    106.8772    160.2238
  144.09914   366.0478    148.839     154.62175   119.969      79.838745
   90.80004   152.90865   131.44781   144.75148   228.7898     54.542595
  192.03363    99.21638   149.20573   147.08104   222.9922    255.33987
  215.40915   203.06282   318.81195   109.02436   176.95273   406.01825
  127.39052    75.89526   233.94193   101.063225  354.12033   187.33488
  340.86154   110.53683   227.96841   230.63751   273.51874   231.39128
  308.17917   188.77301   426.4202     83.29535   110.16436   162.94333
  122.07274   313.11594   176.40288   143.85202    76.7179    175.35709
  196.84709   176.65352   169.13774   133.00674  3403.6616    303.38773
  191.91357   145.59833   118.34182   118.85172    96.168205  284.3463
  113.71471   133.48357   160.15298    65.02008   122.339325  248.84938
  104.38674   403.53998   162.7148    212.0296    101.10223    78.83215
   66.202866   97.59661   100.55601   232.74309   153.7102    277.0683
  102.32644   288.74866   200.74768   161.9268    155.03854   155.87994
   46.202065  183.73184   194.76773   179.9061    171.21812    77.20165
  224.87943   118.12345   274.67783   125.38768   236.9798    282.19342
  106.506165  250.4504     87.76347   114.59803   213.89742    98.66597
  241.58064   139.16475   139.59747   176.30688   133.997     138.47858
  145.3537    318.46188   185.3263    256.77725   259.00513   209.61899
  357.42224   296.305     232.61893   154.18352   337.2035     74.4678
  324.98425   104.12358   276.22083   267.26465    78.235374   97.70132
  165.76064    94.63328   250.45714   104.3991    236.11856   223.05531
  282.1864     99.62746    97.11394   289.81744   162.29214   206.62892
  225.18315   179.47974   129.19131   140.16484   125.103905   65.28192
  253.22224   118.09887   195.74207   342.4655    300.0866    204.50594
  158.97614   430.53897   265.74213   156.08472   178.20241   258.52637
  206.78712   255.61746   184.25291   151.14049    78.225044  129.76952
  224.74512   208.8832    188.37103   187.83984   120.13146    88.22143
  298.6514    143.16316   142.55481   224.09152   133.1665    107.53529
  172.88972   193.46083   155.86243   176.34517   212.8868    104.80703
   99.02011   528.00336   241.72891   284.24274   195.0867    207.59068
   93.26058    73.60435   275.01843   376.2256    292.43243    59.047024
  206.1352    114.64277   200.20215   264.9042    141.40193   102.70039
  143.57552   119.580475  205.67679   107.65347   180.10585   265.49402
  140.25122   137.8865    124.605995  245.55305    92.20465   180.80756
  148.0613    171.06361   196.80356   276.52243   113.92048   217.89621 ]",0.15384910878918254,0.399610930637294
1,1750,Transformation_Matrix_W,"[[ 121.935905  -227.18416    103.02063   ...  165.79692   -128.50423
  -339.19092  ]
 [  -8.312711  -242.47421     55.5327    ...  121.61399   -113.19366
  -187.76048  ]
 [  66.44447    199.24681   -124.13375   ...  -44.28129     69.56149
    80.937126 ]
 ...
 [  -8.009652  -244.20189     44.51315   ...  -71.65081     68.38965
  -180.74942  ]
 [  29.093012  -164.25687     32.39854   ...   19.769445  -209.45087
  -141.13481  ]
 [ 186.14113     67.83149     -7.6117654 ... -156.53093    170.73396
   -64.85589  ]]",,"[ 177.89131   281.66354   134.74634   170.79749   129.83174   152.32697
  162.66019   287.82465   135.14297   314.42953   169.28471   186.45671
  306.65665   184.18144   172.55023   263.10376    78.89545   109.73308
  190.42732   106.91932   250.42998   202.10133   132.80183   163.39711
  228.22461   313.92892   176.26619   133.66153   137.47868   198.643
   76.03768   207.69781   259.11844    95.702225  174.38086   247.73515
   98.18294   118.10449    99.50853   193.03668   169.86993   175.35757
  127.03456   119.76478   104.72265   182.63747   107.7392    192.69885
  193.05792   158.0309    149.27332   131.05452   263.88702   144.53854
   82.457245   99.68479   115.44541   153.90022   223.5223    328.72073
  151.89175   295.1372    133.14825    97.068886   60.874817  152.68993
  153.31317   202.05727   352.54453   184.86229   325.73358   267.24036
  145.4796    128.70786   156.03223   200.63359    77.01631   107.06812
  223.79143    75.88085   141.3659    205.63873   143.94907   191.13689
  148.87401   484.82556   350.79794   132.05112   113.6486    202.20909
  134.95055   146.91911   110.3855    152.07198    99.81134   169.85776
  119.42067   176.3294    156.65501   189.76614   293.53375   302.3558
  281.18723   167.83116   102.23788   391.46106    70.59738   389.537
  132.97845   155.52425   187.2162    163.83194   159.12128   143.47896
  200.29774   187.62524   252.87007    74.95856   141.29152   296.30145
  111.33605   263.9946    124.55747   152.51898   108.85289   107.943634
  166.86009   148.30238   145.63281    88.84517   105.036804   66.629364
  331.15268    87.56096   117.66529   159.91235   164.94012    80.51716
  144.77316   109.36702   136.48495   186.32202   379.4527    160.83882
  348.42493   232.20015   341.35587   138.03098   261.9497    232.27373
  114.036095  192.96245    67.260895  251.66466   134.67746   231.50917
  172.77899   180.02881   206.39304   176.83861   265.59033   167.67693
  162.13855    72.831116  117.03526   116.97829   168.68462    82.96922
  242.50005   185.04082   148.80214   152.7573    153.77054   163.40749
  205.5497    234.75476   429.14194   250.62976   167.50145   302.02914
  177.723     298.89825   233.1976     68.56002   108.35594    47.90378
   49.0777    177.36383   191.01683   169.78777   223.18141    41.06671
  136.96735    87.10806   143.7728    147.58313   192.38297   303.6459
  148.44846   294.64545    80.8897    177.73322   189.57942   277.51273
  312.20294   188.21326   199.23555   227.95389   114.55147   239.87971
  223.79733   224.5066     67.481415  138.89748   219.46153   128.74635
  156.83179   213.41368   145.47992   162.86792   153.13449   218.62459
   92.57708   208.41443   316.86914    51.606514  171.60814   156.3488
  159.70506   140.1722    403.96506    78.48745   271.53      172.76863
  296.5092    132.76897   223.82205   150.14708   103.73577   160.61662
  138.74934   144.71825    79.271355  146.22612   173.48628    75.987404
  123.94962   259.91663   262.27466   149.5147    293.46368   109.122856
  107.02866   108.90162   134.8432     59.966892  119.08732   212.90234
   56.66501    78.73361   209.85945   276.2057     89.956604  131.4167
  299.76324    96.77867   176.21362   120.546265  152.34982   162.15527
  110.257675  246.84145   400.43094    73.454216  179.94525   113.83428
  124.17705   175.34428    94.39752   100.539406  263.59802   206.75478
  362.73465   291.9549    118.73589   211.244     191.32771    98.02038
  185.96129   211.0514    285.98703   161.6149    277.57816   433.2299
  188.3376    151.74992   257.06964   237.9182    328.2391    190.3423
  136.47209   164.95726   145.79518   146.98521   188.3406     76.95101
  171.05109   183.76047    76.26011    73.97934   209.71873    59.62425
  249.68385   235.45787   172.9453    103.385315  144.13457   204.4784
  195.9573    109.16785   118.23388    93.47169   191.83263   173.21768
  481.4992    159.90079   124.14282   120.58744   138.10272   179.69093
  151.88272   248.48521   144.83614   146.07854   263.99695   179.03745
  116.17195   192.67177   311.8979    121.25082   203.72565    77.7073
   95.52103    89.04561    89.483246  370.0836    171.91301   183.79369
  129.32304   358.3853    111.2241    111.120224  272.81137   121.101814
  130.92995   274.5499     90.287865  150.51727   128.36711   177.4931
  181.48874   134.64873   239.28955    88.57405   158.20708   151.60371
  164.92886   122.64965   142.90652   113.17067   222.1628    169.2715
   79.78675   189.00726   330.10162   111.13529   136.78471   199.07787
  184.10095   230.3885    204.6392    122.54692   205.75452   255.98393
   65.83191   105.181046  160.54259   245.758     328.4746    222.56328
  128.92662   153.48346   155.29558   204.1086    167.93626   177.24501
  183.6278    147.97377   157.67053   140.82121   148.4243    142.09077
  133.01698   137.23645   167.56679   327.9134    129.64804   133.31557
  112.61751   118.18424   101.96845   143.24503   273.12445   198.4869
  166.45879   305.72113   132.93484   185.63094   161.87926   228.91458
  289.41745    84.19254   303.90555   185.34692   110.189384  160.32846
  204.16862   261.12006    86.85011    54.797573  138.6466    241.39612
   85.93364   184.00131   201.05049   129.69696   161.7651    357.2335
  104.53236   221.21204   329.1645    213.71594   186.10945   199.1433
  241.70374   127.4623     84.09856   167.93973   185.7602    142.08403
  120.796165  186.68275   187.60544   146.66138   118.984764   58.653217
  384.899     275.7346    108.06395   278.6947    198.36922   156.23706
   97.16427   227.7453    113.16306    79.25239    86.06089   391.92685
  120.3745    280.7921    364.2498    119.81823   127.70981   129.71109
  167.4529    200.21043   105.52341   217.69727   249.6278    112.707756
  262.08255   192.92363    65.956955  338.44342   102.945854  124.580666
  212.16298   240.53171   193.7161     84.04555   114.26129   281.74567
  120.761505  229.61185   325.05206   112.03205   159.05281   230.55057
  260.8053    149.60753   362.6518    124.788536  180.94211   215.96837
  130.58144    74.3501    319.95602   143.37769   135.73764   106.07275
  336.46545   183.49686    86.270744   65.95309   171.4166    198.33656
  216.15964   188.31981   117.19047    96.03676   158.1913    508.44257
  119.246605  128.43568   507.15146    81.46423    94.36141   198.91707
   89.52244   178.2985    168.61726   186.7195    147.19922   130.99348
  165.867     176.23305   141.41647   159.3307    235.83997   303.3511
  216.19766   182.5005    200.12872   162.7698    103.785904  250.80621
  120.8993    155.97452   234.17802   187.81403   101.39472   154.86266
  145.53073   351.08722   141.8215    149.91887   106.33589    72.01329
   77.60279   151.18051   120.49869   139.711     214.56866    51.175873
  178.88202    85.38695   147.49004   138.00815   218.3215    226.0809
  202.30934   190.48013   293.1319    104.114746  152.84805   392.14948
  120.74559    69.105774  216.1517     93.85199   316.76523   168.20233
  343.68045   102.58659   214.87321   230.49696   234.59454   198.3129
  306.73087   178.51027   409.67133    82.77275   101.62375   149.80234
  113.82468   290.67847   176.1422    139.49706    73.30309   170.60602
  184.61597   166.41513   160.3452    120.72078  2895.7522    286.18423
  189.1997    139.7814    119.39588   112.38799    81.368774  234.8056
  101.67965   120.029205  147.3121     61.291527  113.53772   229.64485
   94.25595   351.3264    145.1712    196.99548    92.08111    73.10026
   63.67661    83.074554   90.21556   209.09772   128.3125    257.63028
  101.74845   257.36923   183.67587   142.58348   153.87628   135.3626
   42.14299   173.10385   188.74683   154.7626    166.73726    72.754234
  210.86108   106.0928    253.49477   119.754074  217.23257   252.73244
  104.988914  233.11523    75.92913   101.5854    203.74257    88.50548
  222.97237   117.12524   136.15152   163.17903   114.95004   134.50682
  143.60567   294.5324    167.50085   239.86731   234.28214   179.42032
  330.75693   286.94785   199.73572   154.63351   322.34116    72.794334
  297.95517    98.78034   232.85452   231.0116     68.25914    99.687195
  158.9622     82.9941    231.83632    95.8528    203.78506   207.46072
  243.19444    86.78371    91.03012   239.9577    150.14935   197.8072
  221.96916   180.61508   111.9042    126.803986  117.7971     63.615253
  217.74619   110.82547   174.75397   334.06903   286.7301    176.9106
  148.15515   389.78238   255.9208    145.01227   152.75569   214.52257
  201.13025   238.2464    169.59248   130.3184     76.30128   115.51037
  218.544     184.82379   180.31473   179.8672    113.77173    86.99015
  259.1913    144.90689   134.04417   218.6586    125.38938    95.42021
  161.76045   180.30023   142.45586   165.38506   202.43292    90.07005
   80.55895   472.61456   216.63155   270.73337   183.38724   198.409
   85.06461    68.825134  258.47614   348.98874   280.2566     54.47425
  197.95071   108.20077   199.9116    250.62453   131.6228     92.58764
  131.20679   106.63712   193.99213    99.416954  179.86377   256.02774
  124.17256   125.60617   115.56202   213.40215    88.00483   171.21994
  136.50969   163.14682   185.95703   244.81929   105.974556  202.43631 ]",0.2390903503380455,0.45479773347442215
2,1750,Transformation_Matrix_W,"[[ 183.05005     -4.1339765   97.1115    ...   71.47539    -43.306984
   -31.903982 ]
 [ -47.115112  -148.73944    -79.62429   ...   22.4294     -73.02677
   -49.58174  ]
 [  59.616333    97.29545    104.77755   ...  197.09538    -74.66601
   -65.73727  ]
 ...
 [  26.742746  -211.01682    -33.086193  ... -101.0361      -9.534532
  -136.73447  ]
 [ -48.38134     50.044487   113.27704   ...   67.24307    -49.284744
    99.44644  ]
 [ 153.38445     30.077742    54.96933   ...   64.68896     32.374527
   133.15865  ]]",,"[ 163.9058    258.96362   137.14156   162.55215   129.29375   146.42986
  154.75728   253.48793   123.58978   303.55737   167.38068   178.93698
  297.7001    178.25362   159.97658   240.38167    76.02537   103.39611
  185.28221   106.759285  246.15572   189.90488   126.47774   159.04643
  219.80109   279.66327   170.80484   126.749985  131.66652   191.25021
   68.674515  196.86241   240.773      92.61952   169.28165   233.97726
   96.12135   111.92329    94.95528   174.625     155.53546   173.82605
  122.46937   114.82265   100.20796   167.70236   103.95605   189.34645
  181.93578   152.89238   134.55287   122.13415   248.28767   135.21892
   77.58751    92.58325   111.57322   144.58423   223.4413    314.5526
  139.80072   270.08936   126.45381    91.48481    56.921604  146.2393
  144.18568   196.32771   365.54413   168.28908   291.42535   237.32869
  139.90474   118.05031   151.25035   186.89122    72.67677   101.56677
  212.19281    80.29145   136.26279   193.49968   133.08405   176.27156
  146.93736   428.24503   337.74347   127.50848   114.84964   191.47229
  131.79924   132.22693   101.2353    126.57452    96.32551   164.97603
  111.056915  165.3664    147.03629   167.87694   271.43948   282.86542
  276.8574    162.49557    98.39647   382.04413    62.506943  365.5889
  127.12067   141.37622   175.70721   154.4526    153.93546   138.03304
  182.71703   169.5077    246.97977    70.01612   141.87505   288.72757
  105.274025  250.29594   109.34914   150.80508   103.655754  104.93329
  151.06914   134.02608   140.90828    78.37703    95.040985   62.50738
  312.9196     86.682045  107.770805  147.56541   152.41635    76.69429
  128.51111   109.2623    125.30342   171.40146   352.18185   149.47197
  330.82077   229.2425    336.04602   127.84502   240.47142   217.61874
  108.79134   196.14264    61.72298   226.7804    126.77709   219.97795
  163.14116   176.18297   173.04887   163.66367   240.46442   155.31241
  153.91718    71.01536   116.357796  105.448074  154.89285    80.09534
  223.42903   190.1364    141.58652   150.02411   148.18173   158.02034
  196.65317   210.56734   402.00085   227.20454   159.78868   278.7521
  171.20834   269.71674   219.64386    63.005516  102.46258    45.692802
   46.412933  165.83313   171.6157    155.2268    211.35593    37.23444
  119.76455    80.13289   138.94533   142.35947   186.77272   252.86195
  147.52596   278.35703    77.44589   176.29742   172.92538   259.37653
  281.17572   181.79926   179.05151   208.7865    115.03296   227.55714
  218.2458    217.7626     59.6935    130.48341   195.98691   127.52798
  139.27814   205.60272   138.26524   150.00018   146.46672   204.63206
   87.62655   198.43163   280.4112     47.614006  171.43509   148.38957
  152.2203    117.75673   386.95685    77.955956  251.5426    169.92363
  261.94745   120.48692   225.91545   142.50943    93.86976   155.47067
  134.01639   137.47827    74.95554   138.23766   152.76588    69.62662
  114.22321   251.6972    248.06389   137.25179   284.4712    101.360176
  102.915764  107.54558   124.04351    60.487625  118.93752   199.42514
   51.39758    73.28012   206.31866   254.79124    84.427376  124.66724
  286.92422    91.90661   155.87349   111.95055   142.03943   149.87068
  100.73585   231.97148   405.88953    73.19847   153.53143   107.366806
  119.82095   165.32407    90.94627    97.718     261.22012   202.92537
  331.7681    285.03464   115.72173   213.02553   180.28578    94.39132
  183.66943   200.1007    296.87598   156.88005   258.36502   412.01865
  177.40056   142.81287   242.28915   227.49991   314.06058   184.97969
  132.86224   157.87016   135.8206    145.11723   181.09308    75.27566
  167.82155   189.52322    73.85724    71.33599   203.27225    57.65789
  248.68765   224.5535    167.42117   103.906906  138.92238   199.04597
  196.70912   104.896805  108.52775    88.71989   190.06189   165.45233
  464.07538   157.80363   110.72509   113.66517   129.19649   164.38777
  145.55876   228.61812   139.34932   139.63898   239.987     173.71786
  108.63184   178.62953   296.87494   114.70642   189.49225    75.68405
   88.39111    77.84621    83.61826   343.21683   171.51605   184.17467
  123.21587   346.45084    98.524895  108.342     248.13284   111.00768
  122.26984   264.59723    83.32459   142.64667   122.44738   175.95473
  156.14445   119.669014  239.93536    81.89443   140.81557   138.82042
  158.3322    118.62071   127.64718   109.32797   213.10909   163.30493
   75.49405   180.80438   317.7555    103.29639   127.93946   190.32529
  168.63      225.25569   188.39503   112.24828   183.18259   253.60966
   61.99774    96.22647   151.21211   233.88943   319.02307   206.13008
  121.74495   136.66844   143.74335   191.60304   159.63937   185.32126
  164.14859   139.3618    151.15718   139.00209   146.66035   138.67812
  124.00567   123.37987   160.69429   317.56046   119.376785  116.85495
  113.98348   114.82284    94.93806   154.64232   254.11908   199.10861
  157.93297   291.62454   121.60741   172.7863    149.87675   201.1258
  268.83368    80.37234   290.75452   168.80403   101.342064  148.38136
  192.86353   242.6326     81.59845    54.383926  140.61848   214.88008
   85.99991   172.32147   191.14743   132.2694    159.01237   326.58804
   98.349014  199.61853   306.71368   205.91493   165.64015   178.35109
  223.86584   114.505875   86.52895   164.44844   175.83246   142.87062
  119.29224   170.65549   180.61443   144.85378   110.22745    58.879436
  361.67865   257.41672    94.04487   258.5549    195.55322   146.46562
   94.94254   213.66827   106.29998    77.250885   83.1787    374.15036
  111.495544  268.1409    357.35898   112.14492   123.53876   125.16113
  155.94109   184.01852    94.26912   210.23207   241.21526   113.02186
  251.73262   175.91219    67.01492   303.11868    99.840775  114.82963
  190.97327   228.56664   187.0105     82.220436  109.035675  271.2615
  106.39149   212.14511   303.95767   100.12413   150.54086   209.7923
  249.519     142.82552   345.3464    108.9574    165.50844   209.64145
  126.79136    69.63125   296.3945    134.14589   139.91447   108.60506
  307.75848   174.73741    75.897446   59.96536   155.36513   195.49385
  208.80809   186.8788     98.883965   90.342896  157.27834   486.51544
  110.708435  129.8907    463.03094    76.49971    89.13526   186.8135
   83.357994  166.7327    160.53047   176.40062   145.34174   119.38155
  156.29297   170.41032   131.11176   154.81104   222.16737   286.31866
  208.0965    177.45053   200.75055   148.16634   100.13569   242.75731
  119.41844   145.00752   211.03662   172.3629     96.48718   155.18446
  137.31699   316.60782   133.07274   148.64583   103.899445   67.411354
   73.4739    148.6686    121.72155   136.44962   198.46806    48.610252
  172.17216    79.21527   138.55765   136.55112   204.15897   220.18361
  203.48283   182.06265   296.8068     99.64311   153.07193   385.444
  108.711365   63.20725   210.60396    93.39209   289.36746   157.13577
  337.5205     96.15145   197.01724   213.87473   221.3813    192.7741
  277.88846   174.68599   399.42303    75.33161    94.64269   140.58691
  106.30313   267.64078   160.46002   129.25165    71.56596   161.22148
  175.34955   153.76866   154.49374   109.87191  2766.2146    263.4806
  185.76985   131.67877   110.52578   110.59218    71.658806  225.1603
   93.88246   118.64349   142.975      62.207657  108.65309   219.01945
   85.655235  332.96896   136.00464   195.07811    86.58263    71.056076
   55.42881    75.821014   87.35241   194.20416   124.4949    244.67783
   95.39683   250.1643    172.97054   136.17517   156.64195   125.04554
   40.214275  162.86572   155.78554   149.14401   159.22182    69.0388
  195.4968     97.85629   240.40776   112.53996   210.48686   234.993
   99.31873   227.80568    74.133125   95.45764   188.55914    86.55555
  215.2876    110.60337   132.70653   173.62376   100.884834  127.50271
  135.1437    252.02274   151.80132   228.14894   211.60783   156.30841
  307.5652    263.8163    194.41727   146.19698   317.48428    68.3469
  284.9456     95.72073   211.55922   218.20801    66.76522    96.16369
  145.18803    79.65587   213.28374    97.147545  191.00966   202.94678
  234.78766    86.05213    87.65575   221.1627    135.86781   193.3351
  202.52579   163.45784    98.53423   111.44705   113.25365    58.569324
  198.77542   103.86157   172.75128   317.03214   286.09897   165.42957
  134.46213   339.6202    245.33556   138.15604   149.96706   193.51859
  189.0758    223.21179   163.1236    125.0974     69.9778    106.70411
  214.00606   174.3471    177.61482   178.06068   106.32739    82.76528
  234.4056    140.64984   123.44875   204.92982   119.538605   89.63575
  150.03157   159.88425   135.81818   160.11563   191.83095    85.208046
   75.17345   443.77026   204.0824    251.40387   176.43266   206.83885
   88.49054    63.529625  244.4407    316.29782   270.94614    54.06849
  192.11217   103.25052   194.72995   237.15054   132.96327    87.17631
  128.20544   103.63173   180.99461    98.82772   171.9645    244.32489
  119.84014   114.086296  107.078674  202.00371    81.81446   151.32616
  131.22089   157.78255   178.61559   231.1415     98.50639   189.1385  ]",0.290680700676091,0.4865242190823801
3,1750,Transformation_Matrix_W,"[[ 11.250915  -32.352566   32.132774  ...  -1.9163971 -24.07878
  -48.486664 ]
 [ -4.877762  -14.54612     1.945105  ... -43.005623   10.448091
  -35.813316 ]
 [ 52.958225  -47.754463   27.061178  ... -10.888333    8.432985
  -88.73587  ]
 ...
 [  1.5341091 -29.132595  -30.068285  ... -67.65886    15.812486
  -33.64568  ]
 [ 13.302253   31.39343    27.604559  ...  47.32        2.5556834
    8.99502  ]
 [ 47.81044    15.459434   -5.9028034 ...  -8.764395   34.501213
  -17.198038 ]]",,"[ 152.50015   246.46577   118.56633   149.287     123.463524  139.3319
  142.49      220.78593   111.62672   286.11035   156.81389   175.36147
  269.46082   161.67567   154.04091   225.26923    70.96049    94.812454
  165.13885    97.42501   207.07756   188.75308   118.5635    143.69685
  198.69308   269.65552   158.65318   124.31777   119.78879   175.80844
   65.36681   186.21916   225.31735    84.905785  149.65761   219.56984
   85.37459    97.51883    81.27237   170.43443   147.51616   145.6184
  113.405716  108.43068    91.07114   148.08556    85.715935  188.58607
  178.09334   147.0297    121.126755  111.421394  235.29222   120.09411
   70.81614    96.33453   106.01193   131.17432   211.5968    309.50818
  128.79848   236.3798    117.18239    87.02845    57.15292   137.65828
  137.9661    177.40927   335.99225   151.8672    266.90472   215.8211
  124.76845   107.47085   135.39832   168.32472    66.2363     86.774796
  197.00388    70.98434   122.31722   185.79268   115.25133   168.34898
  128.69052   379.5899    314.93967   120.845856   99.85603   167.50945
  120.59074   118.96507    89.630196  125.1693     89.505005  162.94832
   97.93704   150.94919   135.70927   148.55441   227.74406   277.20456
  249.60622   152.86497    85.08885   322.13016    60.4291    332.69986
  111.39415   123.536804  180.08708   129.24886   140.39      126.98898
  159.37546   157.97052   243.94095    65.70075   129.10284   254.74333
   90.25378   234.11235   103.82639   138.9909     98.354996   95.20181
  129.94351   116.8242    124.47731    69.84128    95.85259    59.77286
  298.85165    82.83433   100.1715    130.44102   141.87541    74.79156
  110.748344  101.45138   115.12774   155.24911   310.75446   126.49124
  293.75784   207.54695   295.68625   115.5961    211.19691   191.5528
   99.88945   189.66568    57.533627  226.17126   121.60534   199.66617
  149.40088   150.85538   158.34297   140.70367   224.38803   139.28662
  153.7766     62.185795  108.3874    102.0176    127.31533    74.77495
  193.50946   163.81604   145.64604   135.14586   142.43268   137.64377
  179.45273   198.4392    363.06262   213.92998   142.45537   236.28297
  162.62747   231.19057   212.85603    62.21636    92.19763    42.886677
   44.745193  147.27301   157.76038   144.0333    193.95972    37.32378
  107.123276   70.00915   140.50546   131.0339    167.85588   241.12259
  132.0252    258.5363     74.46971   158.43092   164.32631   233.74197
  273.29904   153.5662    149.97002   201.2989    101.33967   191.65273
  190.4803    201.00621    57.09781   109.96993   173.02768   120.17619
  127.9313    173.5381    119.00285   132.52426   136.4136    188.97462
   80.68837   168.76964   240.02795    42.232887  156.51622   132.4957
  141.17012   113.39104   360.15353    72.785866  232.66605   154.32628
  236.08595   108.15732   210.11357   128.65816    95.39387   145.76813
  129.9773    133.14851    67.23766   123.95727   140.30824    63.011772
  104.89898   219.28271   232.26424   133.82063   285.42236    88.66127
   92.59037    90.60265   107.18457    54.16473   114.00955   173.2713
   46.992542   66.054306  182.25038   239.62625    78.568115  113.77403
  257.17566    83.83629   142.38269   107.97564   130.67589   141.44547
   87.160355  217.65675   346.67563    68.99335   140.52234   102.795944
  112.61546   148.01527    78.02935    84.0167    238.93169   182.85846
  295.83      260.13254   103.69012   192.35057   176.74826    86.10002
  175.38089   196.78613   279.9224    137.29593   225.53241   379.02197
  168.25807   128.10013   218.6027    194.06648   278.39618   165.37553
  117.46927   141.7199    129.49164   144.4236    155.13757    65.35484
  146.66495   177.79146    67.987854   62.9536    185.8221     55.079414
  219.55692   208.79648   161.67642   102.82588   137.63431   187.88042
  184.53587    96.780495   99.72608    84.64877   178.7385    156.26163
  424.52573   144.5853     99.71431   101.479675  112.08289   139.02347
  136.85263   208.09584   135.63219   127.01034   220.47797   145.77235
   97.2757    164.71948   274.6661     98.533714  165.17198    70.65897
   81.777824   73.462494   76.202896  343.61707   141.36339   166.76358
  119.15771   298.25803    95.41749   102.930565  219.07568    99.758934
  112.29992   252.7926     75.95127   129.68706   108.96979   154.84648
  144.02626   108.68744   212.76253    74.73205   128.4986    121.40595
  151.5244     99.5188    120.97953   107.98003   187.94806   149.67215
   71.1608    165.80455   284.0529     95.79157   115.0547    177.84085
  160.18678   189.56645   153.92822    96.07315   163.70938   230.69362
   55.08191    87.87336   130.50084   206.99463   268.73904   185.63416
  112.78579   121.731964  126.70006   186.75719   148.41406   168.07184
  152.46472   131.05574   126.02413   133.99356   140.81386   126.13207
  111.557686  125.92481   153.06184   293.64188   119.47297    99.92196
  108.77706   107.33954    87.92136   132.4694    231.6436    183.00629
  152.85463   252.74669   111.20578   145.11708   144.5623    191.33627
  223.95195    76.274155  262.91815   154.35764    89.22828   134.02109
  183.34329   213.13446    74.38791    48.720444  138.24605   214.63603
   77.63141   145.35634   186.17407   111.72046   144.52258   321.8236
   83.62354   184.94092   295.78842   189.51689   142.95381   158.56725
  220.44632    99.49268    80.088295  146.61823   167.53108   124.96376
  103.10904   156.57285   165.25316   124.11604    96.87066    49.769054
  327.51392   237.11024    90.71443   244.95236   179.88261   140.77637
   90.22521   209.27098    96.84893    69.167885   78.555786  339.67212
  102.48081   238.90877   316.1363    104.63314   111.2448    116.11767
  138.37279   174.59305    88.41951   193.70004   235.65193    96.41561
  211.03035   168.52414    62.452114  270.3619     89.91156   116.765144
  170.7401    222.12813   170.28822    78.52302   103.30895   233.37553
  100.45057   190.19815   250.8547     94.56446   140.98653   192.30267
  222.57771   129.7713    293.5632    102.817764  147.36427   187.45308
  117.58957    67.00712   275.92474   133.189     114.65511    91.40215
  280.0586    160.59468    65.49232    57.373688  141.99248   178.2815
  187.70882   167.67065    95.93359    81.920944  138.40234   442.0258
  104.62445   115.758026  422.14218    67.832275   85.94961   175.75192
   72.08554   166.47641   148.49104   160.53136   129.73929   121.692535
  138.89105   155.07158   119.700905  134.78947   204.85236   253.72539
  188.94481   146.11305   175.42874   135.79398   101.858154  247.62274
  112.54281   137.7423    191.35135   145.75139    88.96414   147.60234
  118.636604  317.68723   118.17093   140.84413    99.504715   60.995647
   63.484352  131.56615   118.35433   113.08322   173.76144    44.056377
  174.50179    69.352295  132.28705   128.23694   200.51234   193.60388
  188.187     167.59218   277.5554    100.218994  149.14983   347.60568
  100.25134    55.628338  197.40482    87.143845  252.1087    138.81691
  306.37292    84.676285  185.63307   187.20871   202.39049   173.98224
  256.7903    156.20264   329.51605    70.96927    92.302444  136.16739
  105.676346  239.4443    148.82193   117.37127    61.73215   157.0416
  155.76024   147.5982    146.22269   101.20882  2458.344     237.9953
  172.56125   125.90551    96.66123   102.632126   67.97275   203.01276
   91.903435  109.786804  125.739876   55.441746  108.819336  207.86829
   87.243835  311.07422   125.85733   176.31474    80.444305   67.036514
   50.687126   70.816315   82.52897   189.34863   118.44533   241.08229
   91.21493   215.79066   150.60345   120.76155   139.39932   112.40695
   39.25419   139.8105    150.74397   142.42804   146.30794    68.26159
  174.3711     92.649216  215.72389   100.56399   194.93231   223.6464
   94.02634   207.36105    68.460175   83.55143   169.53365    76.70726
  200.46306   100.10615   126.738525  159.4447     93.164154  121.11766
  135.28497   249.23276   135.57643   215.39803   188.32121   137.09897
  261.01108   225.72993   173.89206   131.24457   272.89816    58.27314
  264.70166    82.75999   192.60841   201.50763    63.211193   87.10273
  137.76152    75.07382   199.80179    98.85264   180.3433    184.95508
  209.84468    84.57608    83.70589   197.74954   133.49097   170.9462
  171.7047    153.00595    92.82031   100.52909   111.68395    59.40389
  184.93167    97.849525  164.30757   300.04706   248.65036   158.6337
  126.47703   310.9555    222.07268   124.42998   137.54974   170.42642
  186.51761   203.35373   146.4168    124.84743    63.417576   97.04185
  207.54016   149.66592   179.88599   157.28421    92.27822    75.850586
  219.1871    124.18683   114.100044  175.28358   107.093346   78.80906
  132.37082   145.25696   126.42114   147.53966   171.16074    75.58568
   70.35263   429.59903   169.07687   228.79152   163.38129   172.07187
   81.1756     60.804707  237.04498   286.6682    232.71548    48.666843
  178.72473    91.86159   177.10188   209.17857   127.00133    85.67888
  123.966354   95.2346    164.77257    91.33934   154.51608   226.12933
  122.24355    99.20492   101.364204  178.0872     72.62786   150.14586
  118.64186   141.94855   167.16832   216.39967    88.11093   173.0738  ]",0.33554855562384756,0.5159903809391603
4,1750,Transformation_Matrix_W,"[[ -5.052035     2.2050374   -1.9894445  ...  -4.255286    -8.719612
   12.450229  ]
 [ -0.446906    -7.8990874   -0.96965605 ...   5.3413196   -3.6750436
   -5.8482003 ]
 [  0.9529874   -9.062569    -5.449014   ...  -0.8925278   -5.8756704
  -19.270145  ]
 ...
 [ -3.5799437    5.9077587   -8.272272   ...  -1.2931136   -0.8823017
   -0.59033626]
 [ -7.212378   -21.459015     2.5656493  ...   7.8838553  -16.040552
  -16.048101  ]
 [ -0.8775012  -15.837611   -18.69322    ... -16.648546    -2.0801446
   -5.112267  ]]",,"[ 138.9583    210.67374   108.32698   131.74876   109.18189   133.41577
  138.31248   204.97913    89.43015   280.5193    139.6079    152.58759
  239.74126   147.73157   124.66969   186.39944    62.672897   91.72298
  152.09476    95.235985  187.18187   165.44414   103.776184  128.39346
  170.1007    224.36249   145.2395    112.06253   106.53472   163.72098
   53.290157  162.12527   199.71967    75.68774   120.40799   193.13518
   74.1038     86.7235     68.34024   155.70862   132.86615   141.6942
  101.22256   101.82719    81.52107   126.22415    74.93726   165.82494
  149.52077   134.6915     98.85311   103.756805  194.59694   105.434784
   66.775154   85.23385    90.561806  118.70249   207.69537   265.4625
  118.20233   208.99612   104.503716   76.240135   48.890934  132.21452
  122.75306   162.13405   291.73407   120.16817   220.31137   183.00111
  116.00494    92.33618   109.72388   156.6212     65.54318    76.348976
  182.95125    71.52798   110.46682   165.56415   104.89838   156.9346
  115.51028   313.2601    270.55777   109.947914   88.905045  159.2256
  113.855255   98.51523    76.73575   107.179474   76.24351   141.94815
   86.76283   137.27422   110.73195   133.42554   196.94244   262.81696
  227.66937   137.3075     70.63819   262.39517    57.6714    267.78546
   99.37133   104.61184   173.039     123.01719   136.03583   117.15828
  136.95154   125.6719    235.83022    55.07247   126.17367   218.26845
   83.84652   191.53748    83.40864   137.51898    93.28345    87.11221
  110.06553   107.925064  112.87557    67.66647    81.86041    49.75994
  264.79385    76.14265    91.45164   122.80887   115.5417     64.84502
  100.29831   100.9616    103.291885  126.33817   274.55676   106.3188
  249.79832   189.59027   272.25674    97.98076   194.55719   166.71912
   93.07683   175.98444    54.052715  196.96942    91.5998    180.67764
  134.45612   145.30652   147.42784   129.21875   172.80145   117.56327
  140.42613    62.926086  101.15857    91.52885   112.30567    69.42021
  167.50998   151.6212    146.09018   122.280624  121.48157   117.615
  151.51237   170.28969   310.88434   191.60619   137.83876   210.69418
  148.9459    195.00307   188.24821    58.984055   79.99977    36.67429
   41.395687  139.94604   131.54402   119.53132   163.31662    34.680008
   90.336464   65.856255  128.93475   116.01223   154.40341   208.77463
  114.596436  219.6605     65.91394   142.57123   126.36127   201.20702
  226.83691   136.9743    149.3591    185.09407    86.89722   177.98709
  182.49806   166.78857    48.604027   97.67164   142.9743    109.51847
  110.934525  165.42075    97.61439   125.23095   114.28136   173.36958
   75.13007   154.14792   212.18156    39.261753  156.97316   118.4212
  101.5149    103.47923   335.9761     67.02609   189.99101   138.59233
  205.06628    85.019165  207.4089    118.26154    88.93434   123.78432
  115.37484   122.75042    53.172325  115.58805   118.64558    54.145382
   90.32102   208.58511   208.48056   115.67026   254.48865    79.35376
   84.223305   83.83509    98.34798    45.540398  110.21942   171.29376
   42.027832   55.890556  166.11488   221.1458     72.3158     97.66545
  228.53294    68.92928   113.22998    81.90847   102.597786  117.37973
   78.50831   173.61275   322.5877     65.11801   122.05556    89.82324
  102.43319   128.09325    75.80145    71.93997   203.50812   175.37321
  250.19179   239.51573    92.62723   181.81645   158.02458    72.543846
  147.75845   170.93935   258.9935    134.46577   216.02559   307.3494
  139.44455   111.396576  201.02678   189.87253   236.59653   141.77283
   92.37134   144.08492   118.51894   126.11245   135.49953    66.071365
  133.12656   158.97792    61.329548   60.756058  154.90451    55.88959
  197.03638   178.4224    151.55966    87.81841   123.428925  165.94385
  168.8812     85.875175   83.90239    82.763794  155.24168   139.70428
  361.4087    133.11452    94.24814    97.2787     95.29435   112.97614
  121.34822   167.8817    117.835335  115.48787   184.00214   130.20164
   88.480194  152.48515   250.8455     90.25419   137.1621     52.65957
   79.61205    66.14429    73.118866  294.3217    133.03432   166.45128
  108.911415  257.55524    83.905876   80.865845  191.26694    84.73197
  110.66902   236.12286    64.158325  121.055405  100.40608   143.59846
  127.34906    93.674614  191.63908    61.83653   115.07891   105.93043
  139.01593    95.61466   117.39747    97.096245  169.17802   135.76633
   66.704346  148.9913    263.61688    82.063194   97.42562   167.18518
  123.72975   181.07785   140.52885    84.735016  135.19379   213.52977
   50.474396   76.84398   111.35075   176.67517   266.53128   164.32103
  103.197945   97.672615  111.76952   157.35626   139.72969   148.32614
  122.08614   121.665886  113.30024   121.11636   118.88922   112.44027
  102.89359   113.416405  140.8108    264.9099    121.834335   95.35423
   92.74904    96.75409    81.41276   126.0525    218.78516   164.85071
  150.32002   223.14464    90.64624   140.86382   133.37805   146.40266
  194.66344    73.46368   231.32016   152.9646     80.67367   107.55678
  155.62144   174.35086    63.3122     47.520634  125.5939    196.99939
   70.44223   131.89082   174.25127    99.01486   133.98468   264.3803
   77.81377   154.27571   287.9039    154.91809   118.854164  149.33623
  192.11288    85.52398    77.72092   133.71753   150.6272    114.37936
   97.48879   133.55292   160.51831   121.52896    86.05008    51.36083
  263.9988    190.61058    76.00608   214.26534   153.33524   117.051506
   77.176575  180.5933     83.47321    59.36141    65.42968   285.37637
   86.85946   193.36734   289.97168    89.78428   100.29917    95.24666
  133.2446    152.30006    80.59817   164.33112   225.01591    88.6717
  184.13574   150.92691    58.13852   226.18123    78.7256    110.070946
  146.82323   186.71126   157.79935    71.61895    94.68806   219.90944
   88.35536   152.35197   216.1244     82.18792   116.74323   175.07051
  189.68343   121.18247   281.13913    76.33698   121.09905   174.18951
  108.12494    51.99196   224.49554   120.99344   109.19365    90.94667
  254.75517   138.19493    58.484055   48.15078   113.796036  160.4475
  162.04898   153.04214    84.618645   69.11878   122.9686    361.61813
   94.48378    96.84913   367.99527    58.95279    79.78223   161.72319
   62.355816  149.42613   120.91449   133.21268   121.053375  116.22856
  127.92843   136.98479   103.30472   120.40755   185.25845   210.37938
  179.28723   138.30396   163.30922   119.04571    98.31078   207.3119
  100.40316   115.2297    149.97682   129.70778    81.71601   143.19817
  110.4763    288.6609    100.77976   122.913864   89.777405   55.167503
   56.5687    114.16766   102.39349   113.29618   147.25581    39.14229
  157.95052    65.61282   122.50859   124.31165   179.92595   172.58792
  167.23872   144.95586   258.27753    92.42548   133.51955   301.98593
   84.01996    47.848877  170.14911    81.3932    223.76376   116.082695
  267.8347     81.95843   173.53526   169.43727   161.88742   158.85129
  202.47523   135.85251   298.76917    62.57891    89.65342   123.65742
   93.52394   224.13293   121.4632    105.33464    59.034996  147.64603
  127.70631   132.58554   136.60382    84.122765 2292.348     204.96222
  150.84677   118.14595    83.53877    83.238396   54.702915  187.85378
   89.43012   104.156265  114.76704    49.792534   99.87505   181.92989
   79.96173   272.25626   105.765564  166.80292    68.86824    55.882008
   47.069427   60.196503   77.54977   151.11215   105.811195  217.86198
   83.71366   193.09776   129.08028   108.72706   124.41304    97.308846
   34.331966  118.68089   122.62356   122.56139   127.48327    58.72043
  148.98364    83.34039   189.49974    84.46457   174.9496    205.09433
   85.24766   190.3228     64.0589     74.05338   147.97795    72.21297
  186.5522     91.73482   109.03195   145.4014     75.66423   111.97754
  122.70928   219.53897   121.90159   188.29538   158.25551   119.35081
  224.91547   184.04268   163.65985   111.546104  259.14288    56.307243
  202.27022    72.541466  167.33409   198.95506    58.39071    80.08745
  128.11032    68.427505  163.75336    90.60597   150.98856   176.46582
  197.8141     82.01771    81.3567    166.41762   115.16957   152.25749
  143.96626   125.97104    81.31834    93.74822    96.99756    56.193813
  161.81367    93.23614   141.79283   246.26608   219.30685   130.86852
  118.7769    261.43576   195.61809   112.07413   133.78526   131.56828
  172.02777   186.57207   134.61093   120.38192    55.5892     83.31408
  188.78981   130.97974   174.6576    148.56367    86.02438    67.48125
  179.67792   103.96524    89.28057   140.81592    95.162254   74.08785
  119.99841   131.17648   119.53591   131.46909   143.16989    68.304726
   60.90767   358.69797   154.22607   204.74164   150.2961    162.41812
   79.20257    49.825954  214.92548   253.061     206.25735    48.82761
  162.3401     81.43589   163.37993   184.68231   121.30824    73.24977
  118.06929    83.93607   141.66101    77.830246  139.84413   194.5354
  114.93154    93.44977    91.450386  163.58054    69.0356    132.1918
   99.98417   139.8992    158.29636   186.57378    73.91872   149.618   ]",0.4308543331284573,0.5668531902299173
5,1750,Transformation_Matrix_W,"[[  3.4156876   -3.0875878    4.8506727  ...   5.12371    -11.49053
   -5.430454  ]
 [ -8.1113615   -0.8269117   -2.256904   ...  -5.44147     -0.29119325
   -0.69769424]
 [  0.05488246  -1.6863037   -2.3095741  ...   2.0937479   -0.22526263
  -12.309459  ]
 ...
 [ -4.167279     3.5141337   -5.4306173  ...   4.749802    -0.8871628
    3.3077395 ]
 [ -7.038857   -13.526982    -6.3319826  ...  -4.232554     2.6106572
   -7.963757  ]
 [  4.9481773   -0.7152983    1.7718391  ...   5.8611984   -1.0789049
    2.4176772 ]]",,"[ 145.17723   209.82233   103.56256   132.88225   114.86884   129.46716
  133.69983   221.96742   100.561325  258.26398   142.15912   157.9671
  241.29518   143.29268   132.01175   195.11969    67.15089    86.11853
  152.2215     91.31381   186.45721   170.5008    108.544586  130.31308
  180.22546   237.49231   145.97548   114.114044  112.21724   162.93695
   55.358345  165.38324   203.21701    77.09264   130.26625   188.5953
   75.17484    90.87812    74.4202    158.06691   128.96445   146.11613
  100.07249   100.381325   79.73887   136.41786    77.51606   178.46147
  154.28206   134.13805   107.98236   102.256676  213.19429   103.861336
   67.17908    85.373314   93.62366   122.21951   207.54759   268.28345
  124.02541   199.90642   109.84154    81.82451    47.70319   131.6546
  122.35735   167.32262   296.27686   129.29381   235.68411   185.31657
  117.37152    95.02991   116.62055   149.2739     67.98598    78.083336
  177.12923    75.14785   106.50064   168.9952    103.77168   158.69583
  128.50615   318.5733    272.31168   109.32773    91.273735  165.78407
  112.94479   109.57116    83.49819   115.485146   77.84932   151.05493
   88.79479   136.50456   113.43418   142.66914   219.42336   264.48682
  235.38327   137.59131    78.795616  295.9105     57.086426  269.4909
  103.41653   115.718895  168.09105   122.932335  129.97076   121.365715
  139.74538   138.31847   229.50761    60.46224   121.50178   219.83533
   89.86566   199.96999    92.47057   129.22275    92.290115   90.397644
  115.56984   105.984566  118.163605   65.114456   82.37826    52.521374
  266.11438    76.11626    94.56409   121.7723    124.135025   66.67416
  103.255264   96.769684  104.35676   131.03578   302.3682    109.97616
  270.1828    197.57932   270.3922    101.57255   195.96889   175.33557
   91.2398    189.03769    53.836094  198.44205   104.48485   185.09041
  136.13905   144.21298   151.0243    132.22762   181.73769   123.5958
  137.90764    62.568737  100.47174    89.33767   110.67815    69.38816
  172.42128   140.20822   138.47118   124.60095   123.43655   120.9765
  156.81718   177.61137   321.61197   199.58998   123.75406   207.68828
  147.82327   203.98126   178.23943    55.297535   88.67322    37.50217
   39.864548  136.11032   137.26047   127.40799   169.3859     34.649235
   90.9305     67.21327   126.94401   121.8151    147.03967   218.80858
  121.38301   235.9237     69.55591   137.30229   139.20059   200.27106
  233.74144   131.6211    149.9122    175.15567    91.552734  182.13031
  185.35443   174.29971    50.868145  103.3907    156.89986   109.4753
  117.99898   153.10342   105.80222   131.3903    115.17831   184.45584
   72.975525  150.34155   222.81908    42.16231   154.63965   120.83442
  115.77938   103.39438   340.52618    67.61759   200.17227   134.07224
  205.40591    92.113304  194.8282    117.75809    89.292496  129.0833
  116.038895  123.181656   61.166058  120.94325   122.40056    56.016666
   94.45609   200.00462   215.08073   119.1531    256.1549     81.09777
   81.72774    83.67417    92.33629    46.175423  108.80627   163.34808
   41.57304    57.1314    171.92758   225.43935    70.36873   101.03324
  241.61978    74.24544   124.81965    92.53768   118.76037   123.15004
   79.808266  178.33392   312.15323    63.769657  130.11821    96.40498
  107.14973   127.97703    70.17912    74.69722   200.93085   166.84392
  257.77454   248.80554    98.80515   177.11066   162.16798    82.95846
  156.648     175.15407   252.28969   126.54612   212.19482   319.78574
  141.89156   111.06617   197.54031   185.9817    235.8116    140.83427
  104.75682   137.64879   118.249306  129.67633   145.38849    64.715126
  131.84717   161.35132    61.37963    59.079445  169.64223    54.181896
  193.87943   191.57993   152.91965    92.708626  126.96828   165.22954
  166.075      86.92808    86.83078    78.868576  159.90749   151.763
  358.40643   130.61897    90.8748     99.25579   100.0236    121.50876
  126.97604   183.19518   119.91136   119.73698   188.87865   123.89884
   82.59898   145.21518   253.21977    92.327126  152.94456    55.798687
   80.9543     65.8517     70.84964   310.87683   130.0982    161.98473
  111.09164   259.87076    86.92104    85.080505  191.47993    90.836365
  101.219826  217.37119    67.388115  121.809555  106.70979   145.69943
  132.45612    95.67398   213.02525    61.36401   123.945435  110.38951
  138.21498    93.508     113.212166   98.14439   174.24544   140.534
   64.503334  153.8929    262.84988    81.859924  101.26021   172.73697
  140.24841   186.9172    145.78415    92.28713   145.55774   211.9314
   52.817524   79.016495  117.72742   181.31712   264.97757   177.04836
  106.38494   106.25639   115.77415   156.33578   136.98468   150.67628
  134.76419   125.13991   111.14391   119.26873   123.79277   116.1624
  101.82494   116.81679   132.76187   280.82483   118.29539    96.576866
   97.06826    95.25962    83.32791   119.61027   220.87395   168.52698
  153.9654    240.09619    95.4397    139.32439   136.21199   163.54335
  182.73355    70.96795   245.84872   148.88326    87.17928   121.677536
  164.40796   193.27412    67.376366   43.23175   120.71754   193.05505
   72.20353   133.5924    167.69492    96.39005   140.83485   276.34143
   81.220985  163.64583   290.9653    166.31738   133.45416   143.69786
  189.18915    88.61537    78.30357   136.98648   153.22415   113.213234
  101.42243   137.82379   161.63895   108.57719    88.38674    49.679363
  277.17734   207.108      78.694984  210.4863    152.54893   121.436584
   81.357086  182.59421    86.67813    58.87964    67.82184   302.89963
   87.78039   203.91734   290.0561     93.83629   102.212135  102.39038
  129.0476    152.1472     82.278275  165.7227    215.68408    93.6602
  192.02333   152.56398    56.646103  250.94904    80.75548   108.46026
  148.71582   197.55727   157.7217     71.887085   96.085304  224.83456
   93.21208   161.5013    242.0382     87.88389   124.127975  166.92026
  189.7832    126.437614  279.5296     86.126305  121.04124   170.89304
  110.96364    57.541817  230.35168   120.6024    101.55087    92.04567
  254.96822   140.60962    62.40479    47.362514  122.46584   155.87863
  160.95955   156.20253    85.54214    71.55244   129.82707   394.54822
  100.54559   104.48092   387.8323     60.89283    78.65745   162.02524
   64.27724   154.11407   126.92236   143.33824   120.76244   117.94221
  129.15962   140.54979   110.580956  133.25822   188.24438   218.48367
  173.90015   141.00728   167.27884   122.53746    97.139084  211.73695
  106.00966   121.08943   161.85403   138.15982    82.167336  141.38571
  111.29251   290.5949    108.72523   124.74122    89.68965    59.38464
   56.920296  120.091736  105.61901   108.71681   151.15282    42.804493
  152.83423    64.28389   115.12702   120.549164  183.22841   171.83264
  175.35025   151.33183   257.4049     94.19856   133.02751   314.37198
   86.270905   49.788265  176.64598    77.0289    233.53261   129.72171
  263.4913     83.703064  174.85664   171.89847   166.10843   155.56781
  217.45685   134.72993   289.7449     63.266872   92.90335   127.98033
   92.29531   222.78795   131.77313   107.980736   56.398212  150.75461
  139.23354   131.82532   142.3119     90.42134  2359.2788    204.60658
  159.05669   118.00025    86.75593    84.24572    57.224766  188.91103
   85.274414  102.18196   113.5552     47.84036   103.50675   179.81027
   78.878944  271.8016    115.982735  161.22614    70.63199    59.482533
   47.752544   60.93538    74.625435  162.91362   109.32447   216.71182
   82.72502   186.49585   125.70615   111.43535   121.928696  103.4562
   34.69816   126.197914  131.1823    119.079025  139.19066    63.016903
  160.49864    85.15543   190.73418    88.001595  162.40094   211.9268
   85.576836  203.66147    67.59206    78.50341   154.86888    69.22951
  183.44948    93.828545  107.461784  146.74442    80.17738   115.54744
  122.21993   231.2277    122.37076   190.82259   159.29251   120.00287
  229.73517   204.82195   158.70103   116.99893   252.32312    55.001743
  215.39859    74.37274   189.2457    192.32323    59.036728   79.26715
  129.25917    67.20673   174.30656    92.55129   160.44263   177.21552
  191.33557    81.60177    82.305374  174.91771   120.59295   149.27469
  156.18738   134.89568    83.0325     92.42554   101.42664    55.02323
  164.61238    91.333626  137.89539   255.65005   221.10696   130.63287
  116.24372   281.45828   211.93385   116.68445   130.61862   144.36932
  173.19682   190.12541   128.30408   122.162865   54.03702    88.83438
  188.92874   142.54532   172.93903   148.345      86.6415     67.99944
  186.14339   112.87311   101.69657   158.03941    98.48023    71.49746
  113.85085   132.8588    115.80341   129.58542   158.31813    65.7422
   64.80549   359.19464   146.58414   202.87515   149.99939   156.86069
   79.40729    53.66713   215.54662   275.70724   219.03883    48.717247
  166.32758    81.46525   160.76111   186.93033   128.14322    74.39518
  112.622475   85.148125  133.00229    82.96783   141.46054   209.41502
  119.58045    90.84429    88.0541    166.06245    67.29898   137.84517
  102.29489   129.13708   157.92883   186.09648    78.21363   152.88196 ]",0.4236708666256915,0.5641173865344074
6,1750,Transformation_Matrix_W,"[[ 9.85533237e+00  1.32915902e+00 -1.56321228e+00 ... -3.68336105e+00
   1.06178737e+00 -1.70463479e+00]
 [ 1.50333929e+00 -1.28267556e-01  4.91890639e-01 ... -1.26105273e+00
  -3.83697510e+00 -6.08050680e+00]
 [-4.59175491e+00 -6.74165925e-03  2.46467686e+00 ...  1.10876906e+00
   6.78736746e-01  1.58759022e+00]
 ...
 [ 4.19928312e+00  2.04040408e-01 -3.37398744e+00 ... -4.12340260e+00
   5.11863804e+00  2.80669045e+00]
 [ 2.60843605e-01 -4.19418001e+00  1.57782459e+00 ...  1.59315634e+00
  -2.97670722e+00 -9.42524910e-01]
 [ 1.02464139e+00 -1.03136815e-01  1.12831362e-01 ...  3.70036697e+00
  -5.42794839e-02  2.11335063e+00]]",,"[ 143.63962   203.54758   103.88979   132.06279   117.48183   125.8532
  128.68495   225.49762    97.01018   276.6694    145.78029   156.84198
  237.56334   144.21765   125.9093    199.01294    67.420845   93.69131
  154.6767     98.85932   198.09538   166.82582   104.76472   126.47527
  184.70479   235.47441   149.01755   116.432304  111.94716   161.19518
   54.667427  165.615     204.66077    76.06631   140.73561   194.42125
   76.796425   89.656715   77.79361   149.57117   136.5871    148.04955
  104.90523    98.48717    82.93427   147.23131    76.34987   168.46448
  162.68945   132.17705   104.93992   109.86269   203.03477   115.602776
   71.75774    83.64474    90.86833   123.23842   190.1958    261.18347
  128.17743   204.97794   102.68518    73.99924    50.6576    132.6499
  122.78363   165.28458   302.04303   118.394455  236.09853   193.48189
  122.24856    97.80368   126.01107   154.75241    68.21105    77.60128
  180.74022    72.38878   108.98959   170.74463   104.481476  164.99199
  134.6661    337.9323    287.75043   118.0888     93.24333   160.48257
  108.33013   111.59314    81.52168   108.63123    80.95295   148.99686
   88.12575   145.42865   115.750465  135.33835   232.79968   256.41205
  229.83662   139.8288     80.552124  295.1321     59.642555  281.16974
  100.90544   115.2549    164.87312   128.73985   129.9402    123.51299
  152.51097   138.41585   231.52455    57.166298  121.255745  218.90639
   95.508156  193.81937    88.99734   134.41989    85.17142    84.4301
  121.500786  104.70133   111.04887    64.85649    82.79968    53.134937
  254.23007    79.15003    95.15194   119.20518   117.57347    66.452614
  102.781      97.00545   106.00693   132.16603   304.73666   111.17728
  279.68765   195.93916   280.51593   108.82129   202.72003   179.59006
   92.9563    179.41895    55.704803  204.93454   106.95037   191.86601
  136.46654   142.0427    143.03168   145.11523   175.572     133.93095
  136.83678    62.455048   97.40071    89.946144  114.524025   73.15798
  180.64075   142.77827   144.82887   126.75386   125.76276   127.22609
  170.91498   175.75551   313.65985   195.78438   131.26654   203.16116
  157.15556   210.03523   186.55319    53.781845   95.65643    40.069447
   40.969322  132.73856   132.94986   123.48536   166.46585    33.89261
   93.16518    67.07849   130.32143   117.15434   152.29648   225.79774
  131.50272   226.5851     65.54624   132.2793    138.0985    191.62628
  220.4612    130.44112   156.01625   167.28706    86.96433   166.90382
  184.99796   168.92091    54.94942   100.74914   164.55713   109.10408
  122.23522   154.3399    112.54984   131.45387   114.94264   180.22351
   73.76461   154.94037   216.89366    42.790024  145.0439    118.24545
  120.99978    99.812256  350.31186    66.79154   199.56645   135.67668
  192.43129    94.06584   204.77846   125.91759    82.61477   129.25946
  106.69199   125.2488     59.352196  122.2382    117.25843    58.00909
   94.93559   198.61642   220.41913   116.390274  242.28323    83.276306
   84.713      84.39298    99.95397    45.60377   112.48345   161.42477
   41.479866   58.92711   167.36317   230.06671    75.379265  106.4431
  241.31857    76.76948   122.16928    91.08182   115.36203   121.615486
   77.914055  173.7752    306.53885    61.7888    125.9197     92.47615
  104.030106  129.80219    77.17425    72.1309    200.83678   165.54015
  269.98947   253.4295    103.23307   181.21692   153.30841    78.196045
  164.7469    165.72206   258.36578   130.26518   201.37239   313.4277
  141.41873   116.67112   194.53015   186.5238    250.09305   146.35263
  106.0013    145.29347   119.683014  127.178986  151.23106    65.64818
  130.61124   169.49417    61.757423   59.447556  172.8302     54.33922
  203.55241   195.84332   145.5075     91.04383   123.75382   167.27455
  170.24107    87.66777    79.84667    80.384766  160.99931   141.18835
  343.60336   138.74214    89.5165     97.15492   103.387634  132.39227
  121.39788   177.69461   113.48306   121.05999   186.07402   123.32311
   89.20765   150.92656   259.03397    98.85916   146.70554    53.831573
   82.43421    70.45915    75.48377   295.71576   128.88358   163.64331
  105.05919   254.89017    88.04582    85.32831   198.1551     91.37433
  107.93587   230.58337    65.64185   123.18342   101.1069    144.68306
  137.42355   100.06425   212.30627    61.411175  125.274315  114.62076
  134.31451    93.83578   109.4446    103.147575  174.12036   140.84395
   62.642323  146.6158    274.7022     84.08296   106.53158   180.6587
  140.20427   185.92441   139.49925    97.40239   149.4861    217.71419
   52.688618   83.43184   120.520905  177.16685   267.1276    167.28436
  107.27708   109.09478   113.66225   166.25183   131.06027   148.82318
  131.35007   134.30785   111.76338   111.97436   121.9556    109.318565
  108.71368   114.7288    139.09741   270.76288   118.31542    91.91864
   97.68699   100.92027    85.52684   116.417595  219.98827   159.69136
  150.30048   250.8926     93.08702   130.85094   136.96072   154.35759
  195.22035    69.91609   253.76868   148.43227    83.474464  116.71585
  166.02362   201.97334    65.98232    44.62131   121.654915  194.26326
   67.13674   130.55771   166.72581   102.80855   139.3709    268.13043
   80.089645  173.3669    265.17642   162.91386   135.1618    145.70155
  208.37306    94.48459    73.92081   127.723656  147.27092   110.13743
  100.011154  129.96715   155.62355   114.49438    86.36856    49.801006
  287.33856   207.51443    84.1053    217.63326   156.28519   124.2375
   79.1268    179.66263    87.15462    59.6235     73.12139   305.11218
   90.848076  206.68594   286.38834    94.57487   107.9693    100.7619
  131.64406   151.50453    84.569496  163.58875   214.48683    93.97993
  191.3279    148.41072    55.560535  252.95801    86.48607   105.508865
  153.60577   203.30688   164.99034    74.460106   94.86425   230.88428
   99.488205  160.56273   243.01357    84.78607   122.02075   176.08527
  192.96573   123.57821   281.85446    88.7992    119.1111    171.06415
  108.10462    56.161694  241.39484   117.88593   102.378105   86.90081
  263.43335   139.42072    61.42364    51.834854  124.141464  150.88234
  173.26451   157.11478    84.659485   72.75354   134.8578    374.95303
  101.37106   114.384315  390.8108     62.007908   76.63398   175.03818
   63.970016  148.4288    128.41379   144.0325    116.80632   116.291954
  125.74635   145.61217   115.42898   128.61594   202.36382   226.00154
  183.32089   139.77542   164.92393   130.76894    96.2744    216.08788
  106.92441   121.39459   158.8229    140.63647    80.55544   136.95442
  112.77443   290.49854   112.09213   131.46152    90.603294   58.86827
   57.43211   131.64044   108.14488   105.994606  159.80586    42.93985
  159.34433    67.42022   114.45693   118.664055  171.61331   169.16098
  174.20792   150.24144   256.1428     91.96035   137.00739   318.78027
   86.93985    46.405582  176.87196    79.55511   224.90712   133.73517
  268.34613    84.33632   178.18443   176.07529   169.71973   157.88063
  220.91147   139.13765   286.6488     64.34299    82.828445  122.01274
   88.95093   226.7473    128.49477   109.119545   57.311626  134.67702
  141.94226   136.89075   145.76859    94.7346   2383.2       212.94107
  165.81523   114.65621    87.286125   87.64379    59.29608   195.20996
   88.55156   103.95504   113.67478    50.470894   97.303505  184.7965
   80.74627   274.65033   113.57921   161.17128    69.4623     61.157135
   49.091602   59.995464   73.90383   152.20244   111.535545  218.60033
   81.887405  188.35542   137.61932   118.02547   123.67922   102.490486
   35.596733  127.89316   126.30252   125.1969    133.72064    58.45337
  172.65073    80.859146  193.93295    91.50648   173.85262   208.29506
   88.76378   205.35516    62.975357   82.93271   168.35104    67.63734
  178.89145    97.10384   108.687584  143.25375    80.5168    109.74335
  126.578064  230.61789   115.916     202.29716   162.45436   122.175644
  228.5633    209.69246   161.93546   123.06997   248.52814    53.6823
  214.0603     74.93798   190.28821   196.61713    62.251167   81.91943
  132.00974    67.54312   190.99245    90.932655  162.19077   181.81688
  194.17986    82.094765   78.399124  179.88771   115.7788    153.80943
  165.6972    126.449875   80.34562    86.96236    96.09341    53.053394
  177.68434    92.729164  138.88893   249.60585   211.84622   135.60074
  113.31026   269.91354   209.42247   118.54445   136.2212    147.41264
  170.99352   184.04425   125.955154  116.4204     55.194183   86.30155
  176.7358    144.52776   169.15659   149.2319     87.49885    63.438324
  180.35965   115.71279   102.2998    167.95894   104.98541    69.26052
  110.4038    134.18184   125.77937   131.66815   161.04863    66.66257
   65.32213   346.76532   145.63551   199.07996   145.05438   151.94191
   79.42859    51.04979   220.69289   265.41113   215.24466    47.815697
  164.87343    83.68901   154.91818   194.7935    116.38115    72.07727
  110.49402    83.03198   137.4121     81.38819   143.91824   210.83246
  110.7217     94.83017    92.35023   166.5607     69.61071   127.619385
  108.392914  132.53522   161.7208    184.78316    75.54125   151.78833 ]",0.4191763982790412,0.5573189431384975
7,1750,Transformation_Matrix_W,"[[-0.34483188  1.0721276  -1.1495184  ... -0.20024827 -0.82684547
   1.0050161 ]
 [ 0.13584141  1.0012136  -1.5704403  ...  0.8134524  -1.3575572
  -0.52785873]
 [-1.0558032   2.0335076  -2.1823     ... -2.6232314   1.320137
   3.370556  ]
 ...
 [ 1.9384676  -0.5635421  -0.4624271  ... -0.8978958   2.3973596
   2.353688  ]
 [ 1.745819   -3.3696716   0.27401385 ...  1.5640333  -2.0252926
  -1.2662154 ]
 [ 3.938584   -1.5371631   1.5853189  ... -3.7247882  -0.8952138
  -0.98576444]]",,"[ 130.11742   193.72823    97.74666   123.2052    110.3729    128.71375
  115.580086  196.41626    92.096504  255.03786   126.825195  145.95724
  224.0939    134.9133    120.43265   185.92892    59.73759    86.846436
  138.38425    92.10683   180.38025   151.96483    98.490074  116.75103
  155.20538   233.25487   135.90088   105.46079   101.92249   144.92412
   53.320004  156.35876   186.13303    71.14253   125.35921   171.19037
   72.13583    77.636955   65.217606  133.30374   125.05921   128.20967
   95.38044    96.175186   79.56435   137.96889    70.78601   148.3002
  143.27159   124.57921   101.08424    96.32517   191.87881   107.8591
   62.200817   77.055756   87.6766    109.102196  185.37146   251.84798
  116.80276   199.75989   102.26762    72.49884    46.68969   122.00211
  117.70278   150.74602   271.8025    122.19515   219.92155   186.20062
  110.13028    85.08857   105.96288   136.63908    64.94446    72.741875
  168.65266    70.431595   97.814415  154.5256     98.39881   156.30624
  114.93985   316.64853   269.2032    102.182335   83.94377   152.03618
  104.39345   100.564514   71.80909   105.783226   72.369     127.22308
   81.8081    131.02768   106.15935   123.578575  205.97658   230.28041
  220.2336    121.54223    74.8353    255.83485    53.765152  253.4196
   99.64611   104.50859   155.60893   119.2318    126.188805  112.2564
  135.31364   133.03976   204.77841    58.046146  112.033905  200.64342
   85.94785   190.01888    82.54385   120.28882    84.989525   79.034874
  105.71156    99.909996  102.14475    62.090145   78.51964    48.262928
  241.60718    73.79822    84.61025   103.90205   112.31354    62.011894
   99.59433    86.004875   91.446495  122.52094   279.44427    98.17187
  244.31218   168.62494   252.54915    91.84807   184.70035   172.64151
   89.25311   154.72893    52.342484  187.1303     97.39435   168.24205
  127.21675   133.69717   134.9807    125.391136  168.47812   119.56325
  130.47913    57.67847    90.96081    82.12771   106.163704   63.40514
  152.76248   126.81907   130.74898   111.66175   111.716606  111.33351
  146.509     169.68051   290.0549    177.39764   114.6857    185.09055
  133.9526    194.56664   171.72003    50.129005   79.362495   35.547592
   38.326168  125.208115  124.312744  119.33137   156.83087    31.746946
   83.251915   62.782234  116.069626  114.22422   138.97733   212.47197
  115.67367   202.21211    67.39705   116.4083    129.6311    170.17448
  208.86131   123.707436  142.71434   162.12924    81.70951   159.61917
  169.91446   156.39288    47.04355    86.9608    146.30472    98.32702
  116.064896  150.1229     98.4226    120.2434    109.422226  164.73878
   65.63376   137.57349   199.27379    42.490948  140.04106   119.47096
  110.503204   95.451584  306.0351     63.37749   183.9969    124.08447
  179.55017    84.73255   187.80214   109.63875    80.35054   120.7721
   99.4862    114.52084    57.45428   115.25493   111.53668    57.9316
   86.593575  183.39957   190.69699   108.83109   214.88664    79.20241
   76.49403    79.68603    95.913025   42.57752   101.43776   154.5919
   38.109394   53.659172  151.79543   215.20346    69.723274   94.27272
  219.2368     69.31648   116.140465   84.094635  113.12131   112.32348
   72.488525  167.77429   297.34186    57.793736  116.41891    85.51367
   98.29666   113.89272    74.18372    69.408745  178.69711   161.50497
  245.57997   213.39267    90.02701   163.88277   143.46576    73.52086
  146.93452   155.62315   225.67134   116.34049   190.96269   286.46573
  136.3374    101.83403   189.00174   178.26569   221.19827   131.75415
   94.01302   133.33496   106.93617   118.4264    136.94421    58.557335
  125.3219    148.2685     57.49257    58.89196   156.66554    54.664375
  180.9216    174.80782   134.01712    83.71005   112.82009   145.05621
  150.7099     84.67765    78.776375   67.097855  144.49927   134.42601
  315.68848   122.468544   82.125      94.49317    96.88734   115.679405
  111.8724    159.22871   105.50721   106.78371   170.91833   114.22953
   82.974525  131.84285   226.7527     90.76471   140.91449    53.004154
   80.29406    61.459084   67.20394   288.0872    117.98479   152.40697
  101.97586   225.02846    81.26678    79.21749   193.29257    81.814835
   98.24179   217.76326    62.506207  111.37361    97.57493   125.508354
  124.96051    92.56115   179.52464    62.59944   116.212555  104.10763
  125.93887    93.38319   103.12041    94.4508    164.09383   126.50195
   61.68248   131.28278   234.26826    77.96458    95.307304  152.89395
  131.24231   163.52007   123.162445   86.26797   144.69241   187.56425
   48.334534   74.05944   114.61099   152.47748   246.95361   162.28062
   98.680504  108.97631   107.32462   148.73486   123.843315  135.03929
  121.09617   117.59296   106.17977   109.27054   115.83924   103.09957
  101.39367   105.504814  125.94938   256.18445   104.82121    90.6243
   86.319046   90.27866    74.36405   112.662636  203.55922   158.85243
  135.85199   218.9306     84.41247   116.6934    126.02652   152.4235
  180.58246    70.55393   218.35916   143.18315    80.36589   113.22576
  150.9926    172.27425    59.7459     40.63405   113.35581   188.73709
   62.019577  116.716286  160.7636     97.5487    122.96014   258.17947
   72.94919   159.30057   255.4189    145.45947   117.96417   129.98929
  177.16388    86.95465    71.351524  116.66089   144.53302   107.965294
   91.8425    121.87684   142.97249   105.651985   78.0186     49.06067
  258.45804   191.80779    77.81456   201.81438   139.51196   119.24957
   75.029625  161.35399    79.8076     57.647697   67.65398   275.29416
   84.07669   189.3136    264.4141     83.508865   98.17453    94.62407
  117.59686   135.78316    76.55547   148.42906   195.08826    84.27993
  158.12642   134.59013    54.02194   209.99586    74.82691    97.54345
  149.52654   182.07483   153.7513     63.977592   93.72594   210.0493
   87.26975   150.9555    205.91954    80.112785  107.839935  160.86186
  182.64635   105.14737   272.57404    85.07372   118.32104   154.43732
  101.882965   49.75787   228.0997    109.51402    92.26779    78.62262
  233.89339   123.17804    62.03938    48.296074  115.257195  132.846
  143.32492   139.59245    84.95996    67.40769   125.59221   331.8837
   92.354      95.26622   364.86655    53.269917   72.12187   149.52602
   58.805576  142.1062    119.47142   138.9124    110.63926   106.26009
  120.5141    131.0029    109.7116    119.41266   179.93556   210.19061
  170.96501   140.35968   154.17194   119.57741    84.795135  196.37053
   96.92238   111.409966  150.24878   127.45936    79.406395  125.83185
  106.40242   269.78592    94.67931   120.1989     81.537224   52.86749
   56.278824  110.266884   96.35244    98.88793   146.88345    38.805145
  143.67484    63.638     106.70877   107.11994   160.99      155.87122
  161.18307   135.65668   232.23962    83.66605   121.01676   284.48453
   75.4064     43.74883   154.44609    73.647125  197.21834   115.10037
  243.7037     79.06244   160.29561   155.60178   157.85904   143.7046
  210.38957   130.97038   251.8833     62.051075   76.8433    115.475975
   82.54737   216.58606   117.34479    98.27525    55.881535  131.76845
  125.60926   131.45396   130.55394    89.69021  2310.1313    194.50458
  137.83043   108.97006    83.857056   83.11545    57.721573  179.68715
   79.96886    96.73942   101.774254   47.40826    88.939064  166.685
   75.10938   248.67213   103.21496   153.03426    59.095863   55.02966
   46.550358   60.040833   67.82113   149.44203   103.610954  206.90742
   76.28833   166.04282   125.37984   106.59577   113.87545    96.66889
   34.84343   114.959496  122.999115  117.24362   122.18953    54.82235
  156.3574     73.844246  185.17818    80.87232   161.68536   183.94843
   73.44368   185.40434    59.71155    71.35618   138.20819    66.738846
  163.45013    88.83606   100.89001   135.81401    78.24648   102.21176
  115.121925  212.15828   117.948235  174.3691    142.80249   116.947426
  203.08978   198.2845    152.0307    115.92205   232.3035     49.649414
  193.98328    65.90677   180.66252   174.60341    56.705936   75.23882
  118.38544    61.210876  170.16057    79.44386   153.4476    158.58974
  177.17464    75.58043    71.12784   165.5035    109.93147   144.83278
  152.53566   121.92068    81.82799    80.31463    89.4873     48.51089
  159.94148    91.127945  136.2434    232.70198   200.41835   122.030876
  108.50071   256.12622   184.72237   103.32749   118.800354  136.92711
  156.49553   174.23717   115.86489   105.217705   53.33718    80.86933
  161.44089   125.1693    152.21587   132.85278    77.20562    62.94162
  175.89429   103.71596    95.98361   150.0021     92.695305   65.25801
  106.90459   122.19097   108.6644    118.432655  151.22368    63.985775
   59.063675  321.1975    145.04893   176.23727   137.50014   142.8485
   72.39263    48.97646   200.35559   247.02621   191.7737     43.63781
  149.39095    81.04693   143.97401   182.53125   111.22119    69.53383
  102.29704    76.05849   130.87527    69.50875   127.531944  193.15181
  106.29393    92.30231    85.44006   154.71826    65.94084   128.02538
  100.66053   120.39921   150.56833   171.05283    72.790955  141.7654  ]",0.468999692685925,0.5850529402714104
8,1750,Transformation_Matrix_W,"[[ 1.0682986   0.5370812  -0.35296032 ... -1.1364231  -1.3199584
   0.94185495]
 [ 1.2005564   2.2755258  -0.5671668  ... -0.41212943  0.14687043
   2.0364397 ]
 [ 0.42593223 -0.97045106 -0.63733363 ... -0.1422994  -0.0478316
  -1.668086  ]
 ...
 [ 1.2088029   0.80176896  1.3242836  ...  2.0900676  -0.52144307
   0.13025741]
 [ 2.605667    1.0703084   0.7508622  ...  1.7384875   0.05453112
   0.4921379 ]
 [ 2.3919518   0.83797073  0.85692227 ...  1.2798622   0.15097968
   0.32098547]]",,"[ 142.3267    191.37347    98.94152   124.83606   101.136856  123.588394
  113.94795   194.92734    97.100655  249.44606   124.00862   151.04533
  235.3997    133.04575   124.38728   185.84364    57.002495   90.030136
  141.35382    87.80109   180.53624   149.22379   108.804276  117.92191
  160.4986    220.6996    134.70982   105.01264   101.25641   139.46724
   51.24601   157.78638   191.05481    71.066666  121.07431   183.1929
   71.895744   85.151535   64.57176   139.23463   129.44682   130.48926
   90.883804   99.00022    76.229485  132.66508    72.44631   145.43425
  141.71739   137.01677   100.91217    94.25484   200.93388   104.0787
   68.27609    70.166664   91.741684  105.89247   184.19485   238.13727
  114.01819   200.7561    101.58257    73.24314    46.77526   121.622734
  114.50799   147.1185    262.46808   129.64076   215.30501   179.68103
  110.62773    86.86994   107.48805   142.00043    65.45222    71.576065
  169.4172     69.46751    96.08072   170.17195   102.331474  151.08777
  119.96408   324.72934   266.72125    99.56424    84.50138   159.16606
  109.008224  102.10209    74.815094  101.15806    70.620415  129.31581
   88.3073    129.26921   102.805626  121.00508   212.18736   231.79472
  227.02025   119.19879    78.06906   279.15875    55.357685  254.87767
  103.241104  115.16661   163.29163   115.27374   125.383     112.04787
  143.8449    135.68747   206.51053    52.956127  108.163956  211.18216
   87.79749   177.90018    83.081535  125.14236    91.00645    81.91321
  113.79103   110.08725   107.6077     64.51212    79.312126   49.802433
  236.17606    77.926796   85.46134   109.424095  115.60375    65.0009
  107.52127    89.804955   94.2582    121.87831   272.12357    97.16966
  270.34982   186.76712   262.65787    95.10448   186.5585    176.38847
   81.979416  166.72282    52.244793  187.13676   100.10994   168.1346
  124.361595  143.4161    141.0939    126.64778   172.10631   120.59363
  128.28348    59.813026   91.15812    84.01918   107.49446    67.047295
  162.15381   126.54253   125.413284  113.06226   109.74284   111.57499
  143.75862   172.19283   292.9937    183.3519    117.891396  198.7227
  137.11671   191.83354   175.12193    53.32731    82.58138    37.187572
   39.12922   128.78072   126.67656   116.886024  154.53902    31.437326
   84.79953    62.363377  109.66614   120.74108   136.76154   216.7478
  120.39221   204.26111    66.86229   123.23269   129.80336   179.49498
  207.23373   123.25943   144.61064   171.07344    80.07267   159.7442
  177.99673   154.2412     49.872932   90.031975  150.35844   109.41109
  110.25439   144.24527   106.11581   124.26469   102.268425  175.05614
   66.174324  147.66342   207.9261     44.083244  141.01028   121.32546
  113.01672    99.212074  312.99698    63.79024   182.11453   124.61294
  188.84421    87.454544  188.46753   107.315216   80.49982   117.53507
   99.740326  120.1736     56.751465  110.97479   122.64163    54.19021
   88.73054   178.39012   203.09608   107.04169   229.96188    80.03523
   75.94438    83.909775   95.3805     41.045105  101.41327   152.53456
   40.674644   53.78327   156.33554   212.50157    72.859406   89.948456
  235.4831     69.82482   112.30932    80.666336  118.35893   118.00699
   79.45164   170.08205   287.2946     61.718464  120.372765   93.919754
   99.462456  109.37593    70.65798    71.30094   172.40146   162.95264
  246.24274   217.2712     93.05248   166.19247   138.73906    80.640915
  151.83205   151.21579   232.1235    119.58086   184.71626   299.7597
  135.44662   102.417915  193.65263   182.82208   213.17825   137.05495
   94.66027   133.49295   110.68476   127.52664   142.06604    59.087677
  122.54051   138.54907    53.50983    54.97187   156.49702    51.86648
  194.69974   180.25926   142.48106    80.5733    118.83605   148.11588
  160.83966    91.54854    83.487495   70.79443   134.45891   140.06938
  316.2994    119.03475    89.00534    97.3156     98.84866   115.47594
  123.56305   153.39351   108.62427   104.35123   166.30588   117.02796
   83.73811   134.86255   242.32712    89.54737   155.6653     52.54591
   79.513885   61.445084   69.93058   261.01013   115.37407   158.41405
   98.69115   223.59006    82.4934     77.921455  200.37778    82.86402
   98.866844  225.58223    62.07824   111.760544  104.36142   132.67204
  129.45471    98.13715   180.75072    63.988304  115.22366   104.20556
  127.9598     87.926956  109.92395    97.78614   166.28769   137.76968
   61.113033  137.83987   232.5779     78.76326   101.25628   150.289
  135.74765   160.05095   129.80583    86.9646    138.45735   191.40802
   52.47878    77.88086   112.63031   149.68123   247.92471   172.28947
  102.955574  107.059784  109.098206  142.96542   127.572426  135.44951
  120.92508   118.05477   102.41307   108.0808    107.75561    99.673225
   95.84888   109.262085  127.497406  264.7314    107.8171     93.91675
   84.37978    94.89375    74.12594   112.56374   207.56586   154.3351
  141.02966   228.14781    87.475     123.001625  134.05548   146.5644
  177.93832    70.64829   235.86743   141.98032    78.81093   116.597206
  142.49612   174.21706    64.55767    39.865887  109.07693   186.28065
   69.89493   121.53583   164.07127    95.89978   128.30952   250.62425
   75.49248   155.10022   252.95215   161.9906    120.63276   140.34033
  176.94098    93.20817    67.816216  118.96963   153.17043   102.64274
   96.71518   122.5104    132.80383   106.72103    84.91201    47.84207
  261.92096   203.45433    80.02323   199.09134   138.59409   120.38627
   75.43317   168.37564    82.67161    57.346798   68.52407   292.15973
   83.36145   188.85995   286.3846     83.87391    99.518326   90.19953
  115.99525   134.04135    78.47107   151.0856    209.49455    85.064255
  161.86667   141.63528    52.74986   216.02068    72.37811   101.30167
  139.86774   189.45573   149.33003    65.53938    84.252014  212.72032
   90.85763   155.36859   207.33397    80.82679   108.992744  165.8059
  177.97968   105.46673   263.17413    77.65247   116.29501   162.94183
  107.905      51.77457   230.18263   106.56988    91.88397    78.11517
  235.30125   121.13872    63.875835   50.166565  111.56401   139.78685
  148.83963   145.74757    82.675125   66.212204  123.8169    325.75754
   90.21433    98.50465   372.58115    52.33085    79.57863   151.41685
   60.737217  139.3596    117.77097   136.82117   108.45719   111.1957
  118.89484   129.02202   106.09896   122.49528   190.49014   207.30339
  162.83878   141.71759   153.11775   121.54024    88.00254   200.46439
   94.018555  109.15452   160.40475   123.15037    75.162605  116.78196
  104.56288   277.79056    92.51584   116.6812     85.61464    51.000336
   55.045876  114.17816    94.796196   97.77733   142.04683    38.678837
  148.04922    61.974052  110.58963   104.626366  168.40833   156.94305
  158.97781   137.88466   224.0496     79.842445  123.60843   297.31467
   73.000626   47.161224  157.17549    71.69283   212.16928   123.327484
  250.0741     73.8683    151.95169   158.76326   154.84946   139.79694
  207.25607   127.9782    250.3153     59.346596   80.28708   121.67521
   81.68655   211.24278   113.773476   99.44467    54.96662   131.5409
  136.19034   130.64056   130.5579     91.89141  2169.0955    194.35251
  138.5003    107.798096   83.07777    84.41012    55.76508   184.72066
   80.179405   97.57213   108.56869    45.65806    98.8516    164.5143
   74.56835   253.60992   101.29534   151.33347    56.97978    53.139416
   47.17437    60.500034   69.34884   143.79536   104.07116   197.23854
   77.04876   174.78143   121.17695   104.052055  120.16384   102.47202
   33.67623   111.10846   124.29229   113.83765   127.77489    55.051323
  156.56978    76.959435  182.75412    85.80906   162.92633   199.24318
   76.7484    190.29744    66.96929    74.22359   144.32018    65.49003
  166.73499    90.23212   100.667206  133.93149    73.06084   108.85448
  118.14675   208.08034   123.9579    170.2125    143.71075   118.57878
  207.14989   187.21394   157.677     121.05054   245.1778     50.502026
  193.2962     64.84599   185.63237   187.7037     57.65989    75.53223
  118.51414    59.380993  176.015      74.66466   145.53056   153.4692
  176.73589    75.69471    68.99716   165.9799    120.436806  146.98595
  150.39615   122.823204   83.59703    82.037224   93.433815   48.415886
  162.88474    90.811035  126.33369   228.82217   198.56964   123.68428
  109.41096   259.44257   189.95755   100.939224  123.16804   140.16115
  165.30774   174.52303   114.60933   108.675575   52.71479    87.643166
  164.16861   125.2911    160.14891   138.3975     73.18686    62.195774
  179.39787   110.387695   93.147896  159.0993     92.42806    69.17824
  105.83668   122.99902   103.80508   120.98645   153.7638     62.150616
   60.217094  315.0534    137.49219   196.88782   135.69263   141.69687
   73.61325    47.225445  186.31943   247.96698   182.73155    43.82103
  146.12611    83.00731   146.62915   170.57643   110.35276    64.50868
  107.43173    77.93657   127.06138    70.590355  130.5775    196.83833
  117.09507    90.78704    89.4708    159.4625     64.52241   119.53284
  103.70575   122.20843   140.95168   169.54375    73.75182   137.55359 ]",0.48340503995082973,0.5927504060895202
9,1750,Transformation_Matrix_W,"[[ 0.53392464  1.3648146  -0.04690292 ...  0.5013829  -0.07923862
   0.32216224]
 [ 0.7237211  -0.77448833  0.5763989  ...  0.8601675  -0.2988148
  -0.9984899 ]
 [-0.26622796  1.5694834  -0.4679982  ... -0.578291    0.6170758
   0.61679035]
 ...
 [ 1.2846688  -0.51150507 -0.44555154 ...  0.49552962 -1.1881437
  -0.37071547]
 [ 0.12623627 -0.45887923  0.04575209 ... -0.61376876  0.77265596
  -0.750897  ]
 [-0.1669528   0.20498544 -0.24096096 ... -0.19301888  0.28568354
   0.35199836]]",,"[ 136.04076   193.03712   105.13889   120.03934   102.26788   116.78401
  122.35134   195.0881     93.320145  251.57156   121.85288   152.03958
  218.58458   139.35805   124.086395  191.41196    63.784203   88.429016
  135.8026     91.20334   190.5649    153.18971   109.98297   123.98869
  161.12999   225.67038   138.20755   104.39407    98.73269   149.18047
   52.760193  156.4845    188.51862    77.376335  134.6734    187.1825
   74.30473    83.219734   68.92415   141.8234    129.1322    132.50671
   98.35082   101.78379    77.146835  138.23184    73.77764   146.03906
  155.90932   135.91478   102.72498    97.68838   192.0871    108.837944
   69.82088    75.184845   92.915016  112.09547   179.37553   255.21518
  121.4112    206.5812    102.79751    74.023926   50.204666  120.27591
  115.25675   154.54788   288.81204   125.59479   230.55243   184.00296
  115.1922     96.58735   113.57869   144.88033    68.18619    71.47189
  168.9337     69.18578    96.15232   166.18825   104.20635   145.24957
  115.82939   351.65814   279.5398    113.524895   82.38668   159.38669
   98.24308   105.8145     76.96469   107.98758    76.8356    131.80391
   88.39503   139.69727   108.685036  126.7541    216.15236   242.61371
  223.80238   131.12135    78.18411   284.34958    59.087833  274.2753
  104.502106  112.38529   166.37915   114.10426   126.36119   104.54969
  142.15794   137.16681   217.3826     54.909996  111.32296   202.67622
   87.07937   178.61539    81.31568   120.23595    82.813805   85.73359
  112.40467   115.06896   106.20076    60.367256   83.07377    48.460266
  234.62958    78.790146   86.3012    102.83303   120.56704    68.43126
  109.631714   88.96695    93.95814   117.86102   276.21085   103.88924
  288.08124   182.3538    265.40323    93.13548   191.64467   170.6494
   83.79627   150.51953    53.769146  202.62375   103.16571   174.99387
  131.03055   139.54097   139.90016   128.70502   169.06557   125.39337
  136.43268    58.469925   94.58876    85.7382    109.78754    71.62983
  163.12984   141.35164   117.76389   116.12003   112.14221   113.52439
  153.52382   177.76982   293.75195   180.72873   115.01656   203.74413
  140.68047   207.3998    180.0253     51.363815   81.0812     37.354595
   38.962654  120.53719   132.39903   121.447975  153.42473    32.60365
   86.793724   60.435787  112.691475  120.340904  139.3135    226.045
  128.45328   219.1132     67.81828   124.54738   126.90878   176.36069
  211.7124    127.833855  139.48875   179.31505    84.4317    165.97655
  172.8419    153.62976    50.347725   93.6875    151.50597   108.22243
  111.657074  145.00368   106.26852   129.03711   109.3961    173.00946
   68.815544  150.69191   195.77931    43.70123   127.847885  120.689354
  116.12034   102.39874   319.45093    63.599957  185.62764   130.46318
  184.26375    94.868     188.31752   107.28081    82.31129   121.61989
  105.21909   119.444786   55.229908  114.77135   116.80209    54.82541
   83.81276   183.6423    205.55815   110.97235   215.79306    76.77746
   78.231476   89.84571    97.49761    43.013565   98.46      155.75713
   43.584133   59.736427  152.08975   205.52539    71.01141   101.36012
  227.11673    70.18202   114.47695    85.80225   116.41565   117.832214
   76.29497   169.00023   311.4308     65.25711   123.39545    85.27694
  101.1189    120.24503    76.151955   77.21126   189.17726   154.14212
  257.80777   237.0716     89.57281   173.21974   144.19124    79.0242
  152.65488   156.07495   229.84885   117.72821   198.75304   289.11584
  129.31026   112.36308   185.42877   181.2193    225.32387   133.82986
  103.3463    134.787     118.65065   128.37337   137.85757    58.76888
  124.66793   145.86168    62.435505   55.614086  164.97064    50.361126
  188.47758   175.73811   147.61774    85.52597   115.59067   150.88704
  163.032      91.00552    83.24366    73.16946   145.4307    133.3909
  329.02716   123.059135   89.14956    93.73411    95.6027    123.827576
  120.15608   158.90501   110.53871   108.037704  172.32845   122.65253
   84.89621   138.31906   232.90709    93.86089   146.86308    51.931007
   79.59262    62.85561    67.86497   279.15253   108.53461   163.4772
   99.479355  239.09067    90.63443    83.4002    198.68387    83.786606
   96.32068   226.07088    61.475956  114.61372   102.6865    138.78827
  127.18091   107.671074  179.20354    66.8165    124.388756  100.84529
  128.19624    91.00956   112.71225    99.70529   157.1881    131.21805
   61.04406   140.80956   238.22295    90.01097    95.970505  148.13188
  141.19037   164.64278   138.53381    87.36694   142.52785   209.26349
   51.285408   82.846634  110.29227   156.50905   242.09094   188.94951
  104.94502   107.55325   110.16279   160.60161   131.09874   142.9914
  129.29405   123.31625   105.77601   118.24881   116.41012   104.62717
  105.180405  112.63108   122.471214  255.31213   112.54028    97.31019
   82.83256    95.71779    76.54383   118.958565  206.07262   159.2332
  143.6164    222.35788    90.578156  128.43866   129.62825   155.62807
  192.30121    69.80376   240.79839   137.42044    80.95944   118.762184
  153.49635   186.9505     66.87746    42.969856  124.01418   189.10394
   65.02413   128.01164   158.14557    98.4712    119.489624  254.74907
   75.888145  158.44954   260.0247    155.69026   126.508095  134.76659
  195.19313    91.42468    70.64189   120.60126   157.4398    115.55642
   97.13116   118.94728   138.42862   104.20068    83.34284    48.286945
  259.62085   199.2632     85.14484   203.0326    148.68826   118.1135
   77.753555  168.4913     83.11827    59.61194    71.33264   274.2869
   81.51427   192.42038   284.28815    85.33297   103.12438    98.6128
  123.86701   135.96608    77.499626  162.74257   221.86234    83.57818
  169.83542   140.78333    50.228203  221.9063     73.99944    96.84303
  143.89305   189.7325    144.5824     68.51205    86.90921   203.25273
   94.0318    151.9532    219.23268    80.98313   111.34323   178.03806
  188.24101   106.211914  251.75583    81.94901   117.74883   169.4183
  105.98664    55.45478   235.83054   108.66792   100.62911    75.76158
  243.26526   131.88466    66.35395    52.49789   114.568954  143.6236
  153.19434   144.57025    89.81172    69.535034  133.90616   330.73248
   90.789276  104.67968   369.52994    53.131752   77.79337   146.63542
   60.30212   134.73004   120.54645   140.84312   116.03991   112.6189
  125.31952   134.62148   106.20877   120.0095    196.20976   210.67795
  174.86726   140.53206   150.69316   128.9799     87.06569   208.91441
   98.39074   116.047134  162.64583   123.78227    72.82373   114.073204
  105.43122   278.29742   100.444565  119.4699     89.47048    56.01817
   56.152847  118.96209    97.80469    99.36911   144.1009     39.863163
  155.00516    62.496098  115.99775   112.13593   159.38559   170.35133
  160.35246   141.87067   229.92717    86.06581   129.95602   285.1508
   79.382225   45.47813   167.05736    74.66025   209.5948    131.83614
  251.2008     74.42274   148.28215   159.74382   162.06625   146.58337
  213.42628   122.56914   276.1182     58.390083   79.83393   123.0685
   80.49658   210.64745   116.75305    98.91934    58.883778  134.59258
  141.72226   133.50279   131.0916     92.26755  2192.1863    190.74963
  136.56595   111.979675   78.53285    81.47351    57.56498   183.46646
   84.93343   102.095634  102.40332    47.949543   95.19386   159.02206
   79.250854  266.50494   112.010605  153.40465    61.99114    58.482796
   48.37732    60.913113   65.94328   148.72403   107.32501   198.05656
   74.093544  179.13518   126.98576   104.975815  118.62915   105.236145
   35.246956  116.76617   127.860855  118.41483   135.33908    58.6906
  160.17072    77.45787   176.05945    85.27115   162.909     193.58514
   77.6619    178.61264    62.5887     72.48105   137.48839    74.2577
  183.54277    96.62524   103.780266  141.16077    77.052574  107.98549
  118.251335  217.7129    120.73997   183.71568   146.0606    121.478455
  207.32268   192.50916   174.35117   123.51079   253.92523    49.069405
  206.14467    66.53391   182.27838   188.20444    61.334957   74.66644
  123.378075   67.09075   182.793      76.85326   155.72498   151.4682
  174.91057    74.59575    72.23787   181.6553    116.0923    139.61552
  151.93636   126.4235     82.51686    84.396805   92.924805   50.15413
  175.63667    95.9701    138.1201    227.46336   209.90688   128.84048
  102.775215  262.27768   201.56927   100.49264   130.95093   144.69327
  158.96399   188.58174   117.6756    112.75233    53.22714    89.0866
  159.19214   140.17982   160.42474   140.46683    76.01932    63.538593
  186.34578   110.27428   100.366646  153.96034    96.06764    69.83693
  104.76741   127.6155    110.379135  130.26237   149.3449     64.64338
   67.741035  320.75803   145.03104   178.41032   130.18651   149.08307
   75.695595   49.53928   197.62283   262.696     194.53337    45.799473
  149.89778    78.20529   149.75702   165.06844   112.522484   68.29987
  101.9874     81.4068    129.0109     71.144844  125.632195  203.86183
  113.47286    88.19832    95.677765  153.3252     69.53475   117.65934
  102.62628   125.056335  133.14618   188.2571     71.528786  136.91806 ]",0.4617778119237861,0.5769795005093042
10,1750,Transformation_Matrix_W,"[[ 0.42891026  0.22873557  0.19240464 ...  1.3161478  -0.38011333
   0.6153637 ]
 [ 0.41670835  0.04438177  0.4832336  ...  0.08519673 -0.29693338
  -0.9501859 ]
 [ 0.28336266 -0.21959902  0.8447667  ...  0.6032261  -0.24856691
  -0.42012104]
 ...
 [ 0.51564604 -1.0234356   0.05309624 ...  0.6562071  -0.71102643
  -0.22119491]
 [ 0.33063358  0.31609336 -0.23401402 ... -0.7099698   1.195183
  -0.00178928]
 [-0.07578513  0.3579346   0.11515333 ... -0.34531865  0.16634013
  -0.1178643 ]]",,"[ 143.82901   195.142     107.6617    125.89557   111.08168   121.996475
  128.0189    208.8515     97.07964   245.26875   127.768974  161.45877
  232.74742   143.38515   126.71817   201.42758    63.210587   85.82933
  140.23434    96.63882   202.92934   162.62546   113.86707   126.020515
  167.9351    234.41588   153.57191   115.67959   104.803055  151.06967
   53.939465  159.6054    192.30687    78.40524   132.87395   191.64883
   73.299385   82.60283    72.06288   142.69328   128.38997   147.59691
  107.19317   103.56952    78.19389   145.94705    72.627144  153.05647
  151.39124   144.37415   113.62537    97.62056   200.46687   113.66293
   66.69665    77.568794   98.29649   123.015976  182.4256    247.15552
  121.8757    208.99095   110.15758    70.52914    48.997612  130.2167
  123.27716   161.94963   298.3255    140.0208    237.91156   197.97298
  116.6481     95.556656  117.75704   153.58643    69.34521    75.78037
  179.03801    73.321304   93.385796  174.89679   104.22481   151.5991
  119.48446   363.78314   293.20795   113.51207    85.52143   159.53952
  102.71744   111.020355   79.750656  118.0327     76.99378   128.73155
   92.266014  138.37108   116.263435  128.97931   218.88261   245.30833
  247.15416   135.44557    74.665245  278.5182     57.46058   287.3389
  106.097115  114.232574  175.35739   124.32707   128.72449   116.065926
  140.26189   141.05687   230.37538    59.07783   112.38481   220.79616
   88.14467   195.26242    85.799385  124.309395   87.02034    86.82756
  114.09473   112.38783   111.36903    63.675556   87.84319    47.871876
  240.3951     79.54672    88.052155  107.091545  124.8651     67.27668
  109.81396    87.97105    98.95811   131.92868   293.7355    104.17554
  285.39117   183.0858    255.49406    98.22875   201.9815    185.81895
   90.95699   164.28864    54.639492  207.61218   108.22646   169.06342
  132.54865   140.83485   147.99808   120.922005  177.19421   124.11706
  142.05525    58.492165   97.75799    86.47451   110.33118    73.36309
  163.97385   144.08362   115.987686  115.65925   110.82584   112.474434
  159.52298   176.58739   300.11362   186.1249    122.9212    207.53458
  138.29703   204.24869   181.48706    55.2703     78.78803    36.73144
   38.202133  131.37018   141.26974   125.09899   164.01816    33.71993
   91.825226   66.23408   114.145775  118.76526   140.36768   243.62926
  128.32391   224.26859    67.572014  127.49749   125.0938    187.74153
  227.3349    135.18758   151.71434   180.96202    88.82298   171.10536
  190.54138   160.8589     53.189365   94.23557   157.57875   114.49352
  114.551414  146.29276   103.87246   129.20609   116.12958   186.01184
   68.84526   153.35191   218.15735    45.684986  138.23674   126.9768
  118.470764  107.34132   340.61523    66.50197   198.72787   132.46255
  195.13693   100.22224   184.96637   112.97531    85.53909   133.62013
  106.18031   122.58714    57.758106  118.19631   119.84969    57.37668
   90.24227   188.25763   202.20177   111.86195   232.60501    78.52926
   76.6465     88.359825   99.90126    46.89695   104.00899   164.97334
   42.158474   63.463474  151.57335   232.18594    75.70117    98.1565
  235.19643    71.70154   121.12411    92.38796   118.44459   118.84826
   81.149185  177.51717   317.51883    64.77957   127.5892     93.70121
  104.560974  124.399345   76.8021     79.860756  196.42998   161.27324
  284.28168   242.25766    93.57093   168.23415   144.51279    86.0632
  152.41165   155.97224   232.75789   124.59814   207.59273   293.7008
  136.98393   120.01173   189.11649   185.28105   243.94357   137.15236
  100.125336  135.95383   125.85509   135.69441   136.41785    63.884365
  125.11262   148.0227     58.901543   58.512848  162.23643    52.123165
  190.46817   184.79642   151.3767     89.43824   121.797935  147.64726
  167.29352    91.880264   87.5155     72.741295  161.25705   134.73518
  336.26117   125.42254    90.49414   103.544624   97.32881   122.11441
  129.70773   172.89046   112.36136   112.98116   182.24026   124.47965
   92.714714  144.6907    237.66418    94.94956   149.8962     56.818237
   80.70603    63.418003   73.30258   295.09958   115.30134   163.21791
  104.50786   245.89348    90.942825   86.085976  212.15094    89.67675
   95.932304  229.17015    66.98052   125.80878   110.752396  145.55511
  133.23605   106.11019   187.15135    68.52052   130.34995   103.86843
  125.30581    94.09355   115.527626   97.58011   168.28192   139.66064
   67.40612   144.3914    247.91187    91.95609   101.47135   147.16763
  140.77187   175.86562   131.86229    94.97426   151.44804   210.54024
   54.852486   82.687515  120.434685  169.441     251.63564   192.90898
  109.97155   111.74426   119.467445  165.63168   135.37288   143.39456
  136.8368    122.25455   110.64734   121.79529   124.11243   113.18015
  107.60626   119.39306   127.26408   272.54462   120.88716   100.82809
   88.8624     96.33925    80.55001   118.78441   214.32791   163.65366
  150.36217   237.6334     95.98516   124.2916    137.26334   160.69539
  192.92088    68.61544   245.15273   145.24966    85.51406   119.58476
  163.82304   189.24162    69.74321    45.24001   125.546196  194.80563
   65.420105  125.05637   168.1126    102.32642   129.41837   265.6357
   80.669785  167.66302   273.80573   164.06729   127.353485  141.47665
  200.2634     95.46717    72.45465   128.32155   160.17175   117.861916
  103.28802   129.7547    144.31001   105.94357    88.174995   48.913246
  280.3683    196.2389     82.9861    218.36523   147.03667   121.320465
   78.43511   171.47894    84.85587    61.87145    72.490204  286.15973
   86.46363   201.77365   288.91235    88.96809   100.3511    106.68767
  126.161865  142.42723    80.370766  168.76526   226.56813    84.777176
  174.32014   146.2413     53.487175  231.01015    75.66839    99.49132
  147.33342   189.78796   153.19905    73.82428    92.052765  228.06224
   95.677155  162.20789   212.72162    85.64856   115.425575  181.89023
  201.69853   109.50028   278.69592    91.21932   125.2155    177.18396
  108.87138    55.761375  233.33209   111.19071    95.81195    81.357376
  247.4241    136.00446    67.46076    48.860546  129.50989   145.38727
  159.88245   154.28835    90.01238    72.8357    137.86128   360.83566
   95.34895   109.02973   373.2915     56.607975   81.551895  144.24954
   62.210007  139.22763   130.49734   140.68607   120.8027    112.62429
  132.96239   133.98576   104.82843   120.987816  184.69774   223.98775
  184.86632   142.66083   157.61604   122.55752    90.13719   219.87314
   98.32473   124.297165  168.6174    140.06268    80.98167   125.7133
  108.10997   291.45816   100.8691    122.242096   88.0515     59.57403
   57.747307  120.547874  100.626236  104.875015  147.61241    43.181274
  153.72354    65.07727   122.68748   115.03595   167.40369   183.92792
  172.71211   138.62706   233.85298    92.25505   130.0665    288.35068
   79.816414   48.06167   171.27058    78.66333   210.72661   131.97601
  261.85406    80.179474  155.81693   161.43369   172.87663   151.83878
  219.9525    134.38171   271.6365     62.24934    83.6764    125.56897
   84.229164  225.08214   124.84987   105.599884   59.30646   136.64888
  144.51608   139.66008   132.08937    92.10871  2386.8633    203.42789
  147.68668   115.85362    84.437706   89.594154   61.77379   193.3855
   89.47228   106.38012   110.207405   49.00669   102.32888   176.74709
   81.39743   267.9951    114.16289   164.44386    67.342766   56.69744
   50.695267   65.40162    70.14927   158.90947   109.88565   210.6928
   74.64432   190.53459   139.1672    111.40719   118.537735  110.221825
   36.48108   125.90846   131.35997   124.555954  139.81439    57.659447
  154.9886     81.162125  184.20018    84.858246  170.4862    214.78894
   79.94727   190.92787    69.07393    72.64479   136.51886    74.95385
  183.56364    94.63184   103.837585  150.5825     77.18084   111.9871
  122.78898   225.79047   123.54265   198.23506   153.06596   132.1201
  223.86418   203.80408   178.86285   119.28688   253.10027    48.626038
  216.51004    72.53475   193.20976   186.74394    60.66781    75.04291
  130.27318    67.6048    175.64235    77.722824  166.47495   158.70091
  177.81557    76.29811    77.07292   187.79274   121.07801   146.16328
  160.78458   132.15736    90.18584    84.903275   93.32795    52.458427
  176.41066    97.18894   145.00496   248.32037   221.75436   133.55644
  116.38759   276.4163    199.80075   101.229294  132.22508   159.32494
  160.548     187.85518   125.67659   120.0888     56.267376   87.370895
  168.37885   137.97278   172.97697   146.4669     80.158356   69.53669
  200.7906    113.329765  108.109     155.24101    92.181274   71.635895
  111.32755   132.99149   109.58095   131.20172   152.16951    65.812675
   69.37774   334.74252   150.05826   190.8547    136.56902   148.72665
   77.439316   52.329124  201.45401   274.46436   209.11905    46.99039
  158.31291    78.03004   149.87358   180.82843   108.9052     70.629814
  104.61356    78.11127   139.27962    74.1626    134.03705   208.13129
  120.01874    91.518196   93.83268   156.39261    67.390434  120.88198
  111.04657   128.02718   145.42447   198.4191     74.17937   149.7368  ]",0.4323140749846343,0.5656056765842203
11,1750,Transformation_Matrix_W,"[[-0.12458126  0.04375682 -0.9291903  ... -0.79061604 -0.24155168
   0.5399358 ]
 [ 0.54416347 -0.11283258  0.15823357 ... -0.1996863   0.09138758
  -0.44888738]
 [ 0.33988872 -0.8163799  -0.34494668 ...  0.04246166  0.20989004
  -0.39331195]
 ...
 [ 0.11873949 -1.0474882   0.03394325 ...  0.5304342  -0.41643822
  -0.3380505 ]
 [ 0.46187893 -0.00177289 -0.18031238 ... -0.71006805  0.4667602
   0.59973675]
 [ 0.19467875 -0.07524504  0.18357208 ... -0.30815822  0.11536462
  -0.15088728]]",,"[ 148.64287   193.76018   105.19969   115.92979   101.54848   119.507576
  123.21428   203.5434     97.23093   239.69589   122.60265   152.82762
  214.69597   135.35616   122.16014   191.94807    59.830173   85.72934
  138.95995    91.423096  197.65535   157.72876   114.249756  121.31436
  162.95964   221.78854   142.93515   112.82115   103.10132   146.70193
   53.68111   148.31516   187.58328    73.16911   126.67969   184.22833
   72.33678    79.550735   72.14252   135.26054   131.67824   136.92023
  101.201     101.53937    74.1101    136.26645    73.178444  149.1308
  149.17984   138.32042   109.99635    93.059715  188.32962   104.725235
   67.36548    72.58239   100.105865  115.44734   181.409     236.38908
  122.949646  187.95193   104.655685   67.155495   44.802185  128.74985
  118.24498   165.70982   290.80856   131.30222   224.85529   183.70337
  100.63437    91.75392   111.7999    135.14005    65.90237    70.10722
  169.94449    78.00747    94.773155  171.61758    99.151436  152.32378
  112.9229    347.76868   278.41467   117.375336   85.041306  162.28241
   99.01063   106.64853    78.81354   110.78843    73.907814  127.04722
   88.75101   138.28954   114.92045   124.56533   210.5391    243.32562
  251.9204    138.85536    76.91704   273.2672     59.360645  286.46323
  104.15361   114.909676  172.8295    118.01123   126.0145    111.39965
  133.83345   129.85255   238.13246    55.86418   116.67724   202.28676
   88.65852   175.26096    81.85929   125.22489    84.1446     85.08522
  114.421     110.33948   113.553116   57.714127   84.17766    45.79316
  227.15082    79.788345   87.03552   107.60545   122.32627    62.700256
  112.35012    87.95362    87.44957   122.56437   283.9502    101.10479
  285.1786    166.39262   243.45001    91.6426    186.70833   177.12622
   84.68689   168.58005    54.993256  201.25931    99.04691   163.15833
  122.68354   135.45122   138.73051   121.92132   174.92764   117.03586
  145.03813    57.239628   93.683266   78.59799   102.152336   72.71484
  142.52512   138.74211   120.62494   108.61741   105.515144  109.90879
  148.53152   167.93105   268.43222   174.5758    121.27247   200.82396
  131.47295   197.16533   170.14865    53.140472   76.75666    35.916393
   37.928505  124.355865  134.62906   123.81565   155.81378    34.921955
   85.62874    63.012173  112.313644  116.040474  143.16139   236.72908
  121.27559   219.8006     64.89883   114.47977   117.171295  170.2563
  211.39606   125.551735  143.79243   165.24147    86.82149   166.32169
  189.00401   157.13316    50.892582   92.96583   139.87529   109.47544
  115.8011    140.41376   100.21947   122.31784   105.70947   176.37721
   68.83465   145.5027    206.85101    44.629932  134.53777   118.33309
  115.95119    99.5142    326.90494    67.78083   188.94202   128.09052
  170.36186    95.748535  191.82974   113.6147     83.059105  128.28578
   99.17524   122.518364   56.45621   122.34843   112.08004    52.68943
   90.95042   168.70277   203.17064   101.99      217.49881    73.65305
   72.19433    86.83831    99.8676     44.539673   99.87012   154.56964
   41.332962   59.80298   149.25157   228.57555    76.922485   96.44327
  232.5136     68.312164  116.67976    90.576294  115.43968   117.863365
   75.85278   155.94165   288.6721     64.00671   118.09728    91.12473
  101.80308   121.80126    79.626686   79.556694  180.91083   151.27794
  272.05975   247.8553     88.72001   168.8428    143.13449    86.11913
  143.50539   152.88695   232.91096   122.64803   202.97987   271.2384
  133.7597    118.345566  173.43877   182.61588   223.29997   129.78053
   97.914185  134.42143   119.86198   137.43137   136.62074    63.260418
  122.271034  142.0513     61.698174   58.708427  151.1425     51.49791
  175.42224   161.62912   147.93518    85.31134   121.29227   138.2927
  173.74359    86.227295   79.86437    73.14021   148.03394   135.28107
  305.33676   118.979385   87.42198    99.98999    90.0618    117.823654
  124.96264   166.5467    103.51098   106.76677   170.76836   119.590805
   90.44737   139.03098   225.82248    88.4112    145.76933    53.907944
   81.35086    61.155598   68.63014   275.09744   104.55058   170.37648
  100.71817   238.56328    90.28181    81.200195  202.27031    82.91579
   96.35147   216.94612    63.696415  115.99602   109.63452   138.15166
  128.73328   108.7382    190.23813    64.30543   122.73467    98.9857
  128.7572     94.68864   106.39281    92.85998   166.61674   130.4596
   64.87628   146.49925   239.90102    91.462135   98.77589   148.11305
  131.82433   172.21774   130.22029    87.28218   144.02434   216.0536
   53.108208   77.71244   110.17916   162.80756   249.62912   190.16785
  108.0446    107.2605    115.06054   167.72955   135.98672   143.81909
  129.87846   119.809654  101.26114   117.6282    113.56983   104.73783
  100.12431   114.80528   121.49776   267.8074    116.67947    97.785805
   85.66353    91.33306    73.35953   117.92976   202.41618   150.98782
  154.59453   222.63489    92.728165  122.33042   132.94699   150.2146
  187.7179     69.649925  225.43181   135.57785    84.23701   112.028
  158.59326   182.96674    67.076035   44.17708   125.228264  187.01375
   66.16376   120.58568   157.89766   104.24483   125.24409   246.0949
   80.682045  161.3292    264.21655   160.48123   122.90838   132.42531
  191.77779    91.312416   71.69276   128.85205   156.44258   106.501076
  107.75611   119.06773   141.09052   106.22787    88.227516   48.426796
  278.89383   192.22275    75.73738   189.58684   142.6862    115.64124
   78.95453   160.64769    83.853195   57.31077    71.318726  272.17032
   78.165184  198.69818   277.3526     80.715836   95.14165   103.489944
  121.69807   132.88898    72.25632   157.97256   220.66945    87.37463
  166.08786   131.60556    53.27837   224.2657     76.49241    98.89969
  143.48619   173.10342   145.77689    75.601364   86.19444   224.13051
   92.3176    161.69179   205.05414    82.70382   111.52692   185.09439
  187.82031   107.078354  267.40805    85.12879   118.864006  171.98119
   99.3526     54.6609    237.09186   105.18106    96.13562    75.72057
  233.48653   126.035065   65.33009    46.890213  123.0195    134.80312
  153.96637   150.02635    91.000244   70.94498   127.04773   353.1706
   92.97888   106.05243   368.8126     55.90205    79.78762   143.94487
   60.29645   130.66641   126.72524   134.86337   112.56067   110.85584
  130.69212   137.1035    101.7597    122.14747   197.22028   221.3975
  174.37767   143.49701   157.00317   129.3        86.3645    215.3669
   96.24887   114.889275  164.69774   131.12003    74.92297   120.38921
  102.001015  273.5552     93.55122   119.40023    86.022514   60.34034
   56.43934   114.35163    93.85037   103.36594   138.2556     41.271408
  154.25227    63.64872   113.25743   112.06966   154.95154   172.2759
  175.71028   132.55782   230.97035    86.653275  134.01213   265.9006
   79.508194   46.16529   161.15826    76.16205   206.80437   130.33432
  249.03078    74.82434   150.33951   154.91963   165.99446   144.11343
  199.8044    126.12604   261.24655    58.137592   85.00189   118.1877
   79.74223   209.41666   122.59573   109.25416    58.487747  135.28442
  142.14684   130.81099   128.34088    93.41625  2451.9187    194.06064
  137.32397   115.87333    79.38527    81.86831    61.64444   187.20628
   89.337074  110.044014  102.42569    47.38036    96.0569    173.40681
   77.52555   264.72287   113.039246  156.07164    65.82528    58.831364
   49.365982   63.098347   68.197365  143.77953   108.569405  207.28172
   68.561584  181.2206    124.27934   106.683975  114.04109   105.62365
   33.60157   121.04707   125.06772   116.01952   136.97977    55.862614
  158.80124    76.355316  172.71335    79.46119   162.40085   204.97084
   72.42059   196.89175    67.8429     70.90961   136.08609    74.16885
  178.38876    89.57596   101.83465   149.09682    77.7949    105.72538
  118.46346   223.14207   121.01155   185.62695   144.56084   116.11656
  210.65154   187.77429   177.03328   110.89613   253.96207    50.048416
  215.35814    72.28971   197.03569   183.13634    62.238693   68.96114
  119.76114    71.24616   175.44856    70.708084  153.2817    150.39061
  176.14305    78.02337    77.48629   187.60762   115.174934  138.63818
  143.96806   126.81244    86.26432    80.66195    87.50315    49.09967
  174.74744    93.4055    132.738     219.25612   211.76202   132.0791
  115.193695  275.27252   189.71555    95.24461   137.3747    154.83609
  158.33414   181.70166   120.79969   122.79227    49.66533    89.81655
  158.24086   145.4587    172.14224   140.09108    77.42948    69.20793
  190.0625    104.69372   102.312546  146.89034    92.96965    70.670135
  106.39312   125.472496  104.77683   127.197495  145.05585    64.08625
   69.7503    320.4479    142.80496   168.77448   136.12697   143.7811
   78.38685    51.394512  187.05229   277.44803   199.9082     45.807434
  149.30566    80.41944   139.54988   178.64696   105.29953    65.074
  104.5801     79.86558   123.58894    74.359924  122.88714   195.66322
  114.86258    83.79356    89.75103   151.24612    63.597645  119.03363
  108.216774  117.20469   142.43568   179.44482    72.99501   137.93889 ]",0.4534419176398279,0.5781229099565408
