,Train_Data_Size,Transformation,W,b,Residuals_Per_Image,Accuracy,Co_Sim_CLS
0,15000,Transformation_Matrix_W,"[[ -29.81865       5.2122674    -1.3754922  ...  -12.95869
   -23.173254     19.141726  ]
 [ -71.75665      44.979176     -0.48943633 ...  -60.26695
    35.477974     23.140535  ]
 [  79.17599      17.533676    -34.16897    ...   40.53101
     5.9616165    76.89486   ]
 ...
 [  -0.9345182    17.900309    -43.0206     ...  -57.222355
    15.799896    -21.680185  ]
 [-142.83438      56.50541      51.710155   ...  -70.739265
    89.33567      12.323933  ]
 [ 107.62797      21.787254     73.23951    ...   99.22352
   -33.322575    -22.530363  ]]",,"[ 2900.7163   4334.0396   2165.3394   2639.9878   2132.7505   2472.7122
  2767.6287   4373.7773   2040.7284   4914.3945   2661.0437   2930.4614
  4786.0806   2855.3413   2562.1082   4035.8809   1191.8446   1778.6398
  2863.811    1655.6113   4245.6953   3058.1882   2380.2725   2562.7266
  3537.6924   5183.392    2940.2947   2185.5566   2237.3726   3257.4592
  1174.9442   3228.5237   4498.2803   1550.7241   2578.1143   4014.1042
  1489.8558   1861.2081   1536.222    3125.7031   2833.9292   2725.7932
  1946.8458   1850.7114   1653.9078   2907.8857   1627.2205   2977.6208
  2939.5322   2529.543    2352.7263   2148.0854   4126.8105   2262.8684
  1378.0039   1601.8524   1751.9524   2311.0515   3710.872    5091.1265
  2711.4688   4481.625    2232.6626   1562.171     905.3197   2434.4263
  2385.3896   3345.5388   5954.5894   2935.9524   5172.6914   4189.97
  2325.9846   2007.3319   2296.0886   3249.1533   1196.1997   1724.8365
  3328.3936   1340.2776   2206.2122   3426.6362   2152.51     3232.9268
  2360.3333   8257.554    5311.507    2279.2056   1779.6029   3298.9773
  2186.0532   2364.028    1628.1273   2324.3875   1646.8881   2624.438
  1937.8462   2963.599    2517.355    2726.514    4681.8687   4879.9233
  4615.726    2928.0483   1517.688    6019.158    1109.1658   6298.215
  2187.512    2433.542    2843.9019   2533.38     2329.6003   2289.1414
  3312.8496   2926.2715   4052.487    1220.9119   2307.2046   4486.3706
  1660.9513   4050.7742   1854.704    2409.093    1694.916    1817.9097
  2666.3086   2431.3123   2353.5103   1340.9244   1697.5421   1022.9485
  5136.5703   1399.508    1803.0768   2580.8145   2711.83     1286.7552
  2621.901    1728.047    2095.8975   2650.9036   5838.9253   2442.4138
  6092.295    3748.4858   5365.6855   2123.7468   4202.1777   3615.5203
  1949.9937   3172.4329   1040.5779   3801.1174   2134.2085   3601.9287
  2493.4988   2731.2483   3260.921    2896.433    3982.6326   2521.798
  2620.7253   1082.5376   1853.1641   1813.269    2682.043    1467.8234
  3766.651    3040.2378   2424.721    2467.031    2252.511    2448.918
  3212.2185   3457.042    6415.343    3854.0688   2614.1504   4990.041
  2668.765    4609.1333   3561.8489   1154.4819   1725.5072    755.954
   738.3877   2757.9336   2735.3374   2605.015    3655.3232    666.1675
  2069.3484   1291.2596   2207.583    2260.231    3183.8557   5089.363
  2523.3274   4728.756    1251.9751   2730.2673   2792.8708   4197.083
  4658.4033   2860.611    3257.5012   3576.325    1822.6393   3687.2114
  3537.4497   3443.142    1068.7678   2170.2627   3568.3975   1980.4022
  2740.4243   3196.1792   2263.3083   2530.7058   2473.423    3628.631
  1401.0337   3494.0596   5058.311     851.53186  2848.124    2422.7803
  2452.0544   2062.3694   6460.222    1211.994    4059.9583   2724.1863
  4557.6665   2154.5642   3777.3093   2393.2222   1657.1594   2746.3525
  2140.6858   2215.4758   1129.0973   2517.2495   2700.5312   1152.1215
  1861.4606   3951.7554   4023.3335   2311.7498   4450.435    1565.647
  1591.401    1834.1812   2427.9631    928.9319   1870.2893   3427.4795
   761.2479   1267.4965   3186.5847   4447.5615   1482.9962   1992.0009
  4868.592    1341.7944   2783.2751   1933.5985   2485.8735   2491.193
  1759.2739   3718.2578   6503.009    1298.9657   2710.0132   1867.0197
  1941.4644   2647.64     1654.328    1812.7374   3912.6072   3274.2617
  6120.6562   4466.926    1821.5768   3406.6877   3106.4355   1609.7911
  2967.6428   3361.3755   4781.7197   2569.818    4428.3716   6394.4424
  2912.057    2375.0078   3997.0928   3857.3916   5071.0186   2845.9138
  2049.2244   2691.5017   2270.6519   2357.6062   3035.8635   1218.2826
  2723.1174   2961.6519   1214.2856   1312.2646   3344.5156   1062.2317
  3997.0044   3723.463    2699.906    1637.7084   2262.4338   3148.4927
  3080.4136   1825.3479   1712.5673   1451.7567   3131.4897   2766.2278
  7128.5103   2502.9497   1975.7777   1976.2605   2294.6047   2802.8384
  2675.5117   3693.51     2235.5818   2213.851    3859.0576   2806.1873
  1996.0948   3021.9033   4956.3174   1894.7      3382.8728   1176.7555
  1506.3757   1466.9108   1540.2367   5646.309    2578.0264   2940.8557
  1958.6658   5345.0713   1721.6348   1696.9706   4691.0264   1817.8989
  2092.8933   4300.6143   1383.2495   2368.1123   1977.2461   2867.4604
  2862.162    2316.868    3660.5908   1469.6462   2549.5144   2479.9211
  2732.009    1937.5917   2201.489    1839.8591   3288.2139   2869.0308
  1199.9095   2977.3823   5446.1426   1972.946    2191.5999   3157.6694
  2730.5002   3711.196    3148.889    1922.8081   3352.1567   4088.0771
   997.43713  1802.3108   2541.446    3847.2769   4964.4067   4112.091
  1989.7988   2418.8538   2544.061    3451.5254   2632.741    2845.021
  2906.2273   2370.8977   2298.824    2430.1057   2404.5403   2144.9287
  2226.1914   2106.8562   2637.3801   5305.5107   2081.9048   2184.4377
  1887.7169   1816.162    1576.6526   2210.645    4237.263    3226.736
  2800.771    4852.421    2124.3816   2961.0615   2576.9832   3455.796
  5003.841    1322.7113   4966.6084   3011.5994   1595.6572   2496.211
  3211.706    4064.012    1407.8679    826.7483   2330.9822   3705.9543
  1395.9498   2816.1694   3224.6814   2248.3542   2576.4202   5881.4766
  1566.1774   3385.6245   5305.4717   3332.3364   2714.522    3211.8071
  3658.8704   2141.8213   1383.98     2597.8557   2960.0781   2221.1248
  1922.408    2720.5027   3040.4543   2286.1638   1779.2377    946.4851
  5997.5103   4368.126    1627.1074   3949.3418   3270.9875   2490.0154
  1534.2915   3488.328    1909.9801   1272.2505   1469.6508   5630.8594
  1784.3256   4325.438    6111.624    1796.9951   2097.2153   2054.1423
  2699.8467   2960.027    1666.6367   3318.7725   4088.4697   1750.3827
  4021.127    3078.106    1010.8278   4888.8047   1550.843    1994.9261
  3309.264    3792.137    3156.5593   1332.3788   1827.6367   4364.855
  1981.7235   3436.199    4848.921    1674.1133   2514.624    4165.798
  4172.077    2299.0286   5657.393    1962.9042   2843.496    3650.763
  2015.6576   1154.5833   5372.346    2294.5198   2195.3271   1662.025
  4945.0063   2782.2786   1474.6661   1078.9005   2664.6116   3071.385
  3226.991    3014.807    1975.3276   1369.0001   2557.671    7989.3657
  1846.5197   2006.4829   7771.4683   1337.0725   1551.5573   3206.475
  1359.8711   2715.175    2598.7458   2823.5688   2336.0132   2014.6187
  2656.2373   2788.0103   2372.8262   2550.1687   4037.1304   4610.5986
  3516.8586   3087.0593   3157.7612   2872.9229   1666.867    4124.402
  1929.0728   2373.9526   3901.2703   2956.4185   1509.9612   2487.9238
  2135.7676   5348.7627   2049.7913   2319.5981   1657.3262   1130.1877
  1264.3845   2308.824    1895.7175   2145.6907   3246.478     761.8632
  2843.1995   1381.2009   2164.216    2145.4365   3666.6218   3802.2017
  3362.3662   2964.4854   4704.326    1585.9292   2417.344    6352.9873
  1774.9893   1117.2275   3380.7913   1516.7096   5082.5913   2771.0103
  5026.635    1642.2161   3503.2473   3575.4558   3688.6028   3235.7957
  4586.53     2818.7527   6233.9644   1225.8552   1691.5529   2629.4077
  1769.2998   4561.219    2584.9885   2152.8953   1117.768    2663.2917
  3003.9668   2686.5376   2491.1719   1951.791   48139.5      4377.9146
  2907.1077   2103.731    1800.5026   1675.2225   1301.4086   3992.1348
  1588.8864   2042.1923   2196.7803    929.88104  1851.3492   3672.9756
  1525.5063   5478.557    2316.6794   3273.4434   1395.7886   1168.6262
   958.3549   1387.7959   1445.8812   3209.6384   2199.5195   4088.89
  1630.4225   4110.7974   2970.0269   2273.5833   2433.217    2398.6606
   683.01953  2670.2979   2897.5103   2566.1497   2450.6335   1061.5159
  3338.7373   1699.9058   4090.4346   1812.8723   3280.2983   4106.2583
  1571.5004   3754.0222   1323.4044   1665.5479   3178.9253   1417.2794
  3627.949    2112.4985   2049.449    2682.4502   1894.0421   2120.2686
  2130.4824   4654.9185   2681.543    3617.9382   3613.9382   2977.0576
  5024.5776   4277.262    3381.6284   2373.8943   5122.8135   1100.0825
  4653.545    1474.9313   4075.0457   3770.4902   1108.7858   1505.752
  2334.3896   1375.3842   3565.9062   1502.4772   3262.6267   3364.5444
  3961.5286   1567.8287   1417.0459   4384.0405   2574.999    3154.9167
  3486.6316   2751.9233   1901.6555   1975.1522   1885.1624    925.9871
  3479.8965   1751.5995   2895.2893   4980.216    4418.4067   2924.592
  2325.124    6332.46     3796.525    2228.1252   2589.741    3553.8445
  3171.0847   3937.4666   2662.2708   2173.9294   1143.2623   1959.9185
  3317.5898   3025.5823   2874.5256   2878.4426   1776.0724   1279.4073
  4152.1665   2191.395    2059.8887   3263.6624   2011.876    1471.4767
  2475.733    2799.4375   2176.3184   2581.797    3041.1226   1522.9458
  1443.0928   7189.749    3435.8967   4001.0706   2843.7578   3223.3557
  1393.953    1007.35815  3935.4658   5443.3096   4398.7266    886.23914
  3030.0125   1632.5004   3014.3218   3954.2273   2191.5745   1339.2465
  2141.7637   1651.0923   2887.14     1509.8961   2850.4556   4047.7827
  2090.7463   1980.5243   1817.9698   3646.8228   1378.3975   2791.8513
  2111.4167   2596.9578   2916.9128   4255.7637   1538.3068   3092.9895 ]",0.25414874001229254,0.5667703547114529
1,15000,Transformation_Matrix_W,"[[   2.429533   31.173878   42.223305 ...   63.136288  -57.832745
   -38.473915]
 [ 126.43838   -31.53541    33.04434  ...  112.25098   -63.580254
     2.953861]
 [ -37.22389   146.66608    18.443407 ...   62.22877    29.367975
    52.18951 ]
 ...
 [ -22.587994  -31.31337    25.852509 ...   -4.44285    10.595962
   -42.102825]
 [  -4.650601   23.034426   37.13302  ...   66.0119    -41.707485
   -26.669926]
 [-123.01674    20.646736  -36.247265 ...  -38.277138   17.753094
    29.212582]]",,"[ 2556.413    3869.0703   1990.152    2465.6997   2009.3962   2274.7095
  2588.018    3999.3013   1869.8635   4528.735    2591.2847   2820.811
  4457.3096   2598.5103   2373.9666   3662.504    1136.0703   1553.9031
  2701.4795   1578.6971   3792.5256   2930.5164   2079.535    2336.094
  3411.5845   4718.039    2750.207    2065.0327   2123.762    2982.5537
  1064.9366   3034.3062   3967.3838   1398.2179   2410.2063   3595.688
  1426.1841   1725.1597   1416.1619   2870.6794   2466.614    2591.123
  1830.2212   1754.7104   1507.6227   2733.6482   1498.1998   2869.5576
  2852.6157   2412.6316   2138.7866   1939.7089   3877.22     2102.0981
  1272.2711   1525.791    1678.0427   2138.0708   3535.4785   4693.251
  2272.6455   4158.5337   2047.1802   1467.8317    877.5193   2281.9275
  2173.4526   2967.0166   5544.031    2592.1538   4815.83     3760.2769
  2201.092    1806.8962   2140.7      2910.8452   1142.3112   1572.7002
  3131.2056   1252.1814   2049.4824   3111.4841   1894.3381   2907.9663
  2209.557    7251.739    5057.2715   1994.5476   1658.1694   2970.1357
  2022.3539   2119.5222   1525.7388   2134.0515   1521.5468   2474.3533
  1728.1974   2755.5085   2220.5857   2491.7444   4229.1763   4585.586
  4236.2476   2552.0037   1449.4518   5641.7256    986.58905  5558.0947
  1959.6471   2223.9766   2755.558    2435.9902   2194.391    2196.1685
  2899.634    2694.0027   3844.1904   1099.0371   2164.2134   4248.3716
  1585.4336   3776.9956   1749.6503   2303.8257   1586.6617   1658.0493
  2369.1714   2118.4487   2169.5513   1227.4238   1535.4587    964.0511
  4772.749    1282.5471   1701.2441   2357.6099   2375.762    1219.3984
  2190.9094   1644.8112   1991.8973   2502.018    5378.1074   2234.5696
  5359.9907   3610.7175   5140.044    1995.7744   3917.1863   3360.1162
  1721.4476   3024.2407    965.35254  3539.8591   1986.2808   3349.459
  2435.3916   2550.6882   2912.0454   2589.1777   3609.5063   2382.6558
  2377.3022   1033.0441   1762.0198   1738.6547   2417.8843   1303.2808
  3483.954    2845.2131   2286.4414   2303.76     2092.9312   2311.3206
  3016.838    3228.4448   6161.0474   3509.0623   2412.1628   4487.881
  2616.2844   4245.13     3402.8884   1054.3151   1613.3019    720.2072
   710.44476  2542.9788   2563.2412   2400.8066   3347.6047    614.75183
  1917.4409   1203.5309   2048.9934   2134.0916   2802.4426   4368.5664
  2297.9897   4270.239    1178.1897   2611.641    2619.5352   3871.7285
  4436.2065   2663.7173   2996.3303   3285.8381   1711.9785   3333.8662
  3402.4265   3242.8064    961.6084   1996.5817   3200.369    1874.0682
  2287.1025   3027.7144   2146.5686   2320.1846   2219.9004   3370.3809
  1348.1431   3102.7822   4553.8955    752.2249   2748.6072   2273.8147
  2321.43     1893.6508   6144.2134   1153.5638   3709.2324   2549.0269
  4112.8076   1878.5648   3541.7817   2181.377    1527.4807   2427.0413
  2032.1299   2125.621    1077.2987   2226.386    2405.322    1094.4
  1742.9336   3782.4473   3773.822    2223.3545   4297.377    1500.168
  1486.7499   1634.9376   1987.8574    866.0354   1791.7897   3144.5889
   727.8468   1149.8088   3053.7827   4175.485    1363.8082   1834.3663
  4554.9707   1288.4016   2472.9773   1817.0792   2287.5393   2325.2737
  1549.4236   3415.7942   6006.002    1167.7018   2471.7437   1724.5883
  1836.8821   2448.9917   1381.1676   1576.146    3753.269    3031.07
  5399.7725   4209.1865   1743.1085   3188.8953   2917.7156   1479.5886
  2824.8274   3120.1084   4639.235    2414.7883   3975.3025   6121.6226
  2665.776    2169.6533   3708.6702   3515.0007   4791.228    2662.1816
  1927.3992   2501.91     2128.97     2248.1184   2770.202    1117.5422
  2580.7446   2855.911    1118.7244   1075.348    3078.2373    920.02924
  3801.7068   3514.474    2554.797    1558.5883   2198.2725   3002.388
  2950.4993   1686.0156   1604.4851   1319.0574   2872.07     2638.0566
  6905.739    2397.099    1743.921    1833.0187   2084.495    2572.0955
  2330.0085   3395.5881   2150.6685   2093.808    3544.4602   2537.1238
  1684.7988   2786.238    4639.692    1783.9097   3013.2417   1106.8398
  1371.4938   1304.985    1362.7762   5400.0723   2460.5952   2754.9075
  1853.6997   4989.3467   1565.8806   1624.5741   4142.573    1665.8927
  1920.4313   4051.4912   1298.1615   2254.2158   1866.3336   2682.8809
  2499.7405   1959.6274   3514.2993   1296.2766   2340.3804   2204.548
  2485.4517   1783.3646   2016.4858   1735.9646   3048.8936   2586.9722
  1123.6521   2685.1182   5052.005    1657.9293   2039.3832   3045.9338
  2585.3826   3422.2642   2860.4412   1750.9144   3067.3323   3883.8206
   952.82043  1544.6754   2418.8823   3528.211    4672.546    3478.3936
  1913.7694   2278.7676   2214.786    3088.6748   2468.1458   2655.7742
  2654.4902   2229.8582   2135.7542   2225.9019   2196.4756   2028.3585
  2004.1803   1970.244    2477.3071   4980.7646   2008.0656   1933.1918
  1717.6842   1758.841    1448.8217   2136.8428   3923.2131   3071.8223
  2646.897    4583.3867   1919.2253   2646.7834   2447.5923   3209.069
  4231.7256   1254.9604   4626.9253   2781.9875   1450.2402   2332.69
  2939.502    3645.123    1301.6133    776.41876  2169.254    3434.0508
  1317.3684   2552.0305   3012.3975   1941.9194   2491.5605   5304.83
  1451.6069   3173.692    4922.9766   3065.8123   2438.6716   2890.065
  3510.3823   1870.6661   1260.7864   2393.7632   2703.8108   2063.4153
  1816.8478   2553.85     2859.4866   2089.0027   1641.103     826.1255
  5717.952    4086.8918   1550.5813   3767.741    2978.5808   2308.8127
  1463.7991   3328.7336   1698.5663   1152.954    1279.6278   5388.7637
  1714.8591   4116.465    5612.097    1688.4387   1914.129    1939.4755
  2383.7493   2803.9463   1557.0422   3115.703    3820.2346   1656.7281
  3755.7195   2817.0562    959.1237   4516.6084   1524.3701   1887.643
  2959.366    3593.647    2970.238    1250.7341   1740.9226   4159.752
  1771.9211   3148.4692   4414.223    1563.3636   2343.516    3449.0886
  3864.4207   2145.4404   5363.0605   1824.3656   2532.8755   3281.605
  1937.7766   1060.2156   4690.7793   2209.6802   2017.8252   1588.9502
  4671.063    2632.3638   1257.5072    965.6714   2495.0095   2923.2317
  3063.2068   2855.1235   1676.2145   1307.9469   2325.6335   7403.2363
  1702.271    1880.4382   7315.599    1220.8524   1410.4775   3033.2205
  1273.3768   2584.6155   2445.9705   2671.5305   2218.6948   1881.6028
  2469.3264   2469.0208   2121.3682   2370.422    3583.7666   4278.436
  3152.3694   2753.0342   2979.7976   2423.6306   1574.4121   3817.1882
  1862.3969   2270.925    3333.0657   2724.772    1421.8456   2403.2756
  2076.4263   5083.8867   1970.475    2244.3635   1534.4108   1007.1221
  1122.5004   2186.792    1809.7509   2032.0544   3075.5112    715.18634
  2724.982    1236.4272   2096.8071   2048.197    3415.1868   3433.1147
  3177.6123   2778.4314   4461.1074   1539.5234   2242.5989   6093.614
  1687.3048   1008.06915  3164.3267   1400.1188   4536.242    2501.22
  4861.364    1560.1725   3264.7559   3403.287    3345.4934   2946.3247
  4366.4014   2629.9314   5768.6562   1134.7411   1601.403    2402.9421
  1634.203    4279.1846   2445.9177   2019.2815   1054.2285   2565.3325
  2764.143    2481.476    2406.4675   1754.4674  41806.28     3925.6304
  2772.502    1990.5135   1716.0405   1576.616    1155.8065   3576.6533
  1509.53     1908.9087   2088.8508    872.3059   1740.5093   3531.1118
  1400.1437   4915.526    2138.095    3019.0293   1275.8613   1092.95
   899.0857   1220.8339   1320.3058   2940.263    1944.2115   3882.6577
  1555.1871   3763.2463   2661.704    2105.448    2344.8684   2073.116
   638.06396  2520.8042   2607.2778   2340.221    2308.4211   1002.83356
  3067.3289   1581.4337   3763.8254   1683.0985   3053.5872   3809.2148
  1523.6392   3509.446    1195.044    1527.7585   2970.9885   1308.6318
  3375.27     1769.4507   1966.8955   2551.8      1679.8934   2018.9452
  2069.9333   4245.8276   2442.1216   3468.1738   3327.8008   2524.735
  4643.122    4065.8945   3001.074    2244.3416   4715.566    1027.5848
  4235.009    1379.1041   3489.0667   3435.906    1047.6282   1450.3428
  2220.9631   1211.371    3331.885    1461.663    2951.4111   3210.7805
  3556.28     1461.771    1362.3468   3696.2878   2315.2898   2938.6296
  3269.315    2586.9202   1634.8092   1773.0228   1800.1345    892.83484
  3187.5085   1635.3495   2621.7834   4753.095    4187.5146   2573.6047
  2157.98     5524.7363   3598.8523   2122.32     2336.0378   3129.5684
  3022.5405   3623.7478   2468.2585   2031.0865   1065.5953   1717.9121
  3210.3389   2700.5452   2785.1248   2681.0361   1694.1935   1208.5673
  3701.0388   2109.5747   1921.402    3128.727    1833.4197   1355.2493
  2254.0347   2566.3196   2078.6406   2370.8262   2870.4714   1328.6907
  1284.04     6572.13     3029.3464   3796.26     2654.6067   2987.3486
  1344.9204    951.953    3771.875    4967.0254   4116.0967    812.00073
  2898.83     1515.7783   2899.739    3830.4878   2080.4324   1278.7247
  2009.5818   1504.5925   2684.8367   1391.2853   2747.722    3848.6323
  1951.2468   1793.492    1698.2467   3216.819    1281.5721   2551.4958
  1929.9119   2355.1404   2784.6968   3816.6013   1426.5725   2900.2383 ]",0.39639674247080514,0.6229393269857552
2,15000,Transformation_Matrix_W,"[[ 2.03526554e+01 -5.83425903e+00  6.81786489e+00 ...  1.08284712e+01
  -2.41096992e+01  7.40657234e+00]
 [ 5.27266455e+00 -7.00446243e+01  1.45450993e+01 ...  6.79155884e+01
  -6.90591049e+01 -5.98781776e+01]
 [ 1.22725630e+01  7.27145767e+01  3.60203052e+00 ...  3.64981575e+01
  -2.83656616e+01  3.27072029e+01]
 ...
 [-1.70293331e+01 -6.19749870e+01 -1.22061205e+01 ... -9.12378788e+00
  -2.92763492e-04 -1.28151884e+01]
 [-3.64163895e+01  7.33043594e+01  3.76290092e+01 ...  3.19356270e+01
  -1.13670998e+01  8.83897781e+01]
 [ 4.84441681e+01  2.54560871e+01  4.07153511e+01 ... -1.37934265e+01
   3.69776764e+01 -2.52984219e+01]]",,"[ 2400.1294   3682.5486   1916.5913   2322.271    1941.8232   2181.354
  2486.7532   3769.853    1743.1796   4301.406    2522.988    2721.988
  4301.9062   2511.5762   2275.2734   3502.1292   1101.209    1466.449
  2612.7356   1574.3374   3584.91     2858.9539   1925.3945   2287.9622
  3291.8103   4406.267    2658.4238   1988.8411   2033.5052   2887.3987
  1008.365    2886.469    3766.9143   1330.9668   2313.0535   3493.087
  1394.7928   1654.1571   1335.489    2700.5432   2336.4976   2507.959
  1776.2124   1704.6409   1451.694    2578.9807   1422.5055   2800.5364
  2767.6824   2356.05     2014.3167   1845.5446   3685.4922   1973.5786
  1182.4014   1506.2632   1613.4873   2081.7905   3394.8906   4551.77
  2115.0713   3908.1853   1905.7593   1405.312     861.63434  2182.3447
  2064.1392   2838.841    5355.354    2357.6233   4500.19     3509.8428
  2136.8247   1681.1738   2080.678    2764.886    1103.2987   1471.0304
  3052.0027   1206.1708   1979.2281   3015.9375   1751.671    2710.4905
  2106.443    6601.994    4842.068    1921.3654   1609.6368   2767.5212
  1945.3193   1987.807    1453.8225   2008.8071   1440.8679   2373.2612
  1606.9777   2640.7432   2125.8037   2359.185    3962.1213   4414.964
  4017.4075   2460.6665   1397.6477   5411.0034    937.8944   5277.4307
  1848.2875   2070.329    2707.008    2323.9092   2141.0723   2111.7021
  2665.1763   2547.885    3762.699    1031.0204   2106.5664   4071.0256
  1498.6163   3583.4844   1643.1454   2216.371    1506.0165   1582.675
  2163.97     1892.7328   2079.9258   1148.7834   1496.2184    921.6164
  4571.407    1245.9707   1633.947    2234.6445   2271.963    1156.5325
  1947.9036   1583.6346   1891.9121   2384.3555   5147.268    2078.7258
  5039.514    3475.2207   4993.4683   1881.6475   3661.7803   3178.9028
  1615.3287   2936.5723    904.2441   3410.3467   1911.3218   3255.3088
  2377.302    2484.0803   2637.1995   2409.0173   3413.5225   2265.914
  2296.8777   1006.6469   1714.8759   1670.8286   2251.2996   1249.1556
  3272.7117   2747.0146   2190.5796   2175.052    2007.7714   2195.0593
  2907.018    3078.0745   5896.1807   3320.427    2325.6655   4216.124
  2576.0918   3975.5671   3295.9065   1000.27435  1533.2733    690.046
   687.8874   2390.4006   2474.8054   2257.6355   3169.65      585.5491
  1807.1857   1134.8445   1997.3212   2046.4922   2645.0625   3942.2498
  2226.6028   4085.0735   1147.8428   2550.5505   2455.348    3665.203
  4218.4795   2525.0984   2802.7737   3094.104    1652.0997   3106.524
  3282.6216   3095.6377    890.04254  1888.058    2938.3062   1834.9532
  2069.519    2903.7766   2044.7367   2194.5598   2089.1711   3203.8699
  1303.316    2888.1594   4211.245     707.99286  2679.6611   2184.6663
  2200.613    1758.7538   5955.644    1105.7423   3564.2605   2480.0122
  3811.7034   1756.755    3388.99     2057.3188   1449.6555   2320.397
  1978.3154   2067.139    1029.2748   2092.1775   2207.23     1029.6364
  1670.6979   3682.4856   3538.6646   2161.7478   4142.906    1423.0732
  1448.5392   1532.6742   1841.983     836.432    1725.8192   2962.859
   703.2794   1091.4421   2989.9553   4008.8376   1287.0309   1757.4683
  4369.6484   1265.4847   2305.8035   1728.6893   2143.2676   2200.712
  1420.8707   3248.1255   5761.8076   1098.0333   2267.8684   1647.4424
  1769.4893   2340.3494   1287.2738   1490.4357   3666.7046   2892.7793
  5034.8027   4086.6223   1680.7275   3055.3367   2805.5461   1391.0203
  2738.9648   3003.594    4519.2363   2372.5366   3740.2583   5911.2393
  2542.5383   2062.1296   3555.052    3348.7754   4587.797    2520.8047
  1864.5118   2362.348    2018.8608   2169.3508   2586.0007   1080.7429
  2499.5872   2786.3303   1060.5161   1026.1375   2990.765     883.39795
  3650.0522   3378.5547   2458.7505   1520.5354   2143.3528   2907.3792
  2894.6968   1588.4009   1505.507    1272.6228   2765.736    2523.8088
  6732.741    2319.0247   1610.6135   1772.1362   1951.3938   2417.9082
  2244.1792   3199.8906   2107.4187   2024.2255   3329.2886   2389.8992
  1570.3339   2686.2566   4526.012    1701.2275   2779.2844   1050.0833
  1311.1182   1205.6675   1260.8184   5244.0312   2378.9753   2664.4634
  1807.1649   4761.219    1484.1484   1569.9551   3852.798    1549.9271
  1846.7693   3882.2297   1232.9408   2191.7603   1788.602    2567.682
  2265.2292   1817.5144   3400.1982   1195.1864   2156.4316   2061.767
  2401.0674   1673.5933   1886.1755   1709.6306   2927.5693   2483.1653
  1090.3295   2524.1245   4807.942    1546.4906   1939.5585   2962.8662
  2448.7996   3300.3987   2661.5164   1658.1128   2873.0552   3776.5928
   923.1314   1456.937    2270.3704   3392.2844   4517.255    3122.5388
  1823.693    2122.4011   2041.3911   2920.005    2340.7825   2600.6584
  2494.3784   2114.8997   2023.8342   2115.7554   2111.6582   1983.2351
  1889.4792   1896.9248   2350.679    4777.1177   1957.5034   1765.7418
  1642.5002   1691.792    1419.4635   2103.7856   3708.9875   2970.8643
  2544.2515   4325.83     1820.9194   2463.8018   2358.4495   2977.3174
  3876.399    1209.501    4426.6196   2639.4365   1381.4692   2183.122
  2872.47     3394.093    1238.5035    755.5545   2110.8577   3287.377
  1254.888    2398.8225   2874.1135   1865.2347   2430.7588   4964.118
  1386.9812   3008.586    4744.7603   2957.6104   2259.7888   2672.609
  3441.734    1693.8982   1236.7063   2289.6987   2610.0864   1999.2006
  1758.7482   2430.829    2802.4302   1992.4612   1542.2878    796.0743
  5465.987    3825.5486   1472.5612   3662.499    2839.535    2182.5295
  1394.0697   3196.8206   1610.7094   1102.7814   1232.3973   5256.195
  1626.0248   3922.0134   5390.6704   1609.1526   1824.8304   1856.2687
  2315.4004   2687.204    1486.8971   3004.2717   3669.2458   1595.5284
  3566.9917   2660.4368    937.3979   4272.944    1490.3837   1803.8114
  2793.4812   3399.4355   2847.2905   1219.9062   1668.4827   4000.9705
  1648.4423   3012.995    4165.4473   1466.0856   2254.1584   3208.2537
  3654.9258   2061.2378   5151.1157   1697.1245   2340.2593   3095.132
  1877.6116   1013.97626  4330.7446   2150.3994   1931.619    1554.0897
  4548.2944   2577.6428   1125.999     912.38     2371.5708   2826.8022
  3005.1392   2762.2397   1526.8126   1240.1222   2251.0183   7075.047
  1604.2576   1816.5448   6930.483    1141.7174   1374.41     2921.159
  1180.3063   2500.3357   2374.7495   2558.7424   2155.9702   1800.4231
  2347.1824   2380.1155   1974.1578   2252.3057   3354.5881   4131.0195
  3048.9326   2585.3257   2819.4912   2234.0864   1499.4073   3693.9084
  1812.1328   2182.0845   3104.9934   2592.463    1362.1597   2363.6301
  1998.4753   4938.2305   1923.3411   2189.873    1487.7064    962.2663
  1061.828    2104.396    1741.3828   1958.7343   2940.3784    690.22437
  2633.7185   1168.1567   2058.8972   1993.2744   3274.975    3286.765
  3034.6052   2678.22     4330.337    1519.9849   2153.1638   5793.4263
  1618.8569    919.1889   3084.5378   1346.2811   4216.095    2325.855
  4789.032    1512.562    3106.6587   3261.0833   3178.397    2774.0325
  4080.2976   2515.4507   5519.6265   1090.8605   1534.1757   2232.7454
  1576.6077   4069.9597   2311.0571   1934.7902   1033.9547   2461.448
  2638.1663   2413.7935   2351.2295   1622.8701  38863.473    3799.4153
  2723.6438   1964.0184   1626.8383   1513.0858   1087.2216   3415.3665
  1456.0669   1860.4607   2037.5938    844.00165  1691.1462   3399.3862
  1332.9922   4712.908    2045.0681   2882.3386   1221.2837   1047.99
   843.41473  1094.9563   1264.847    2779.1685   1834.7454   3721.7021
  1502.0651   3565.0952   2498.4204   2022.1903   2288.2485   1928.132
   609.73175  2390.4124   2422.892    2222.5935   2246.768     985.98004
  2893.567    1522.4913   3555.356    1602.323    2933.6013   3683.436
  1484.2166   3344.3325   1144.3884   1450.8851   2781.5356   1251.3213
  3226.4277   1699.7521   1900.0913   2502.0234   1557.8441   1925.6332
  2044.0135   3906.3154   2250.1475   3394.2766   3121.5159   2268.4114
  4352.6987   3851.9226   2814.8408   2128.351    4528.3354    985.83563
  4032.6946   1325.3856   3199.1543   3348.4539    998.0884   1411.9661
  2156.295    1164.815    3159.7317   1438.709    2805.5872   3121.4216
  3369.1235   1420.9874   1311.3207   3404.9902   2157.5671   2790.1675
  3044.9434   2419.4185   1510.865    1658.3832   1723.6079    866.5186
  2983.2407   1589.6819   2536.3987   4578.6924   4008.1672   2462.0828
  2051.8235   5004.4204   3464.147    2060.963    2229.7231   2917.4333
  2910.2688   3405.5496   2368.4658   1940.3785   1007.1849   1567.5936
  3102.168    2559.2705   2713.724    2566.5215   1615.0385   1155.4966
  3425.1      2039.605    1808.4878   2959.0781   1779.9327   1277.3091
  2111.6128   2393.993    2015.0148   2287.3982   2718.5493   1243.4692
  1188.0287   6192.215    2817.3684   3621.5298   2555.7046   2922.4326
  1325.6816    903.01404  3672.963    4635.141    3940.5437    792.4755
  2819.9734   1437.1543   2840.6096   3691.9202   2016.9956   1241.607
  1933.3226   1443.4615   2564.2322   1355.3188   2674.793    3654.173
  1901.1887   1664.2537   1616.377    3057.616    1229.5352   2392.1501
  1835.4614   2250.373    2668.136    3592.7095   1370.722    2781.462  ]",0.4549016594960049,0.6454840066684845
3,15000,Transformation_Matrix_W,"[[ 11.111422   -22.99754      3.2613044  ...  -6.9698896  -10.203404
  -11.8070755 ]
 [  6.0018272  -15.439469    -4.598557   ... -21.199131    -7.9660215
  -17.437494  ]
 [ 24.358128     4.2308884   -0.64340055 ...   5.691156    -2.6178324
    5.3995457 ]
 ...
 [  3.3485267  -16.715885    -7.399295   ... -17.484354     7.4315023
   -3.9447737 ]
 [  7.1332493    1.2835679   13.051834   ...   7.2493954    3.1334183
    1.9217292 ]
 [-12.521483    38.03282     -3.6453676  ...  13.469497    18.38544
   12.462591  ]]",,"[ 2209.1848   3322.5125   1718.7573   2152.6616   1802.502    2059.5408
  2257.608    3435.8574   1588.7637   4025.6519   2317.1938   2538.5083
  4055.911    2338.9775   2077.6594   3161.4695   1014.42883  1295.2467
  2382.6033   1463.5042   3176.3887   2710.8777   1767.5737   2138.386
  3017.6016   3951.9375   2369.9954   1834.7103   1819.0789   2631.5596
   908.80164  2680.5166   3337.9634   1202.7234   2155.4197   3188.4263
  1303.0283   1483.627    1209.9911   2484.9307   2126.4946   2333.7856
  1672.0586   1607.7632   1301.0872   2374.8433   1279.8647   2674.1672
  2621.9277   2211.8079   1814.5687   1704.9237   3389.8206   1778.1942
  1079.3346   1428.4261   1516.9974   1938.2389   3172.9468   4220.7456
  1871.174    3549.1116   1686.0094   1348.491     818.7134   2008.355
  1923.6648   2576.4736   5000.7124   2133.1775   3989.0254   3172.7065
  1961.9412   1557.177    1904.2236   2421.845    1005.49066  1314.0355
  2853.1394   1140.8365   1804.6152   2795.9106   1566.5358   2419.0032
  1935.7329   5720.279    4461.1865   1781.7881   1476.6241   2476.3726
  1798.9747   1804.5388   1312.5865   1846.6818   1313.1539   2153.7358
  1469.0522   2403.8333   1906.7458   2202.0718   3530.54     4167.846
  3730.5134   2226.9695   1286.4277   4876.382     868.7295   4648.968
  1662.2216   1827.8712   2601.4016   2149.2954   2037.2454   1922.0033
  2280.495    2320.6843   3608.395     948.6584   1897.1604   3681.1528
  1393.044    3335.429    1506.1573   2071.977    1378.4512   1462.8618
  1912.3989   1698.1298   1872.3247   1059.6917   1381.7964    855.44006
  4268.283    1160.9119   1541.2649   2013.7095   2032.7972   1062.6544
  1692.6478   1504.1345   1696.312    2206.7205   4746.174    1849.603
  4514.5713   3158.5664   4613.8315   1719.287    3298.4783   2938.3057
  1435.7157   2763.1755    838.6879   3222.0195   1769.5721   3037.476
  2281.0076   2262.544    2384.3906   2049.0305   3039.721    2092.6204
  2109.2896    935.7481   1576.1212   1530.2584   1979.9537   1143.1477
  2874.8108   2517.5652   2052.9602   1992.0922   1888.4135   2027.828
  2628.847    2834.2236   5496.0444   3018.899    2087.755    3702.2397
  2417.1467   3557.6016   3112.9941    934.35895  1384.4904    634.50995
   645.53906  2191.3486   2288.8772   2020.5171   2944.357     554.0816
  1657.9246   1053.9838   1905.1812   1882.9536   2367.9792   3560.876
  2017.4171   3641.1448   1076.2427   2349.6155   2218.8936   3338.3784
  3831.3838   2268.7158   2508.9517   2886.7688   1498.2085   2825.41
  3001.5066   2836.0183    814.6537   1689.5591   2580.1497   1712.8137
  1838.549    2710.3538   1837.4984   2031.1738   1859.7847   2893.128
  1235.7609   2513.1104   3753.8982    646.94635  2453.5786   2022.9972
  2008.5338   1620.3606   5475.933    1057.507    3235.2114   2352.1309
  3401.6975   1537.4508   3181.82     1858.1558   1349.8091   2110.1597
  1860.6613   1910.1757    958.278    1843.3428   1954.9696    942.81604
  1541.675    3459.2483   3222.1292   2039.6038   3940.9468   1309.7439
  1344.4937   1393.3337   1569.2457    779.9738   1615.0812   2709.8438
   657.4729    980.7999   2780.311    3660.4592   1204.4287   1638.3765
  3869.921    1182.4347   2032.8143   1583.1592   1968.9396   2062.7373
  1274.3335   2981.2866   5169.7285   1030.3408   2091.5012   1486.1146
  1638.1553   2169.6768   1129.8649   1332.4342   3409.2993   2698.592
  4404.919    3909.8655   1558.775    2837.6445   2639.2412   1278.5974
  2564.7896   2775.5132   4215.4404   2104.6052   3338.5898   5343.4795
  2323.3567   1846.2703   3266.6443   2936.79     4118.0947   2296.1863
  1713.0387   2218.5198   1855.7522   2020.4906   2312.6658   1001.6903
  2292.0757   2668.789     977.4021    910.55396  2779.574     815.6212
  3271.8198   3147.1597   2291.9338   1428.7583   2020.2306   2685.396
  2750.8477   1472.4961   1370.8906   1202.0231   2569.9033   2337.6584
  6277.9536   2098.6375   1428.3201   1584.6356   1740.6919   2142.193
  2025.0297   2929.8484   1982.0823   1873.5027   3084.1643   2117.463
  1401.3279   2422.3691   4024.808    1595.8367   2492.607     956.8857
  1245.2732   1085.7677   1095.6976   4940.853    2201.992    2504.478
  1686.6267   4410.0117   1397.0841   1439.8844   3391.4685   1423.328
  1723.1421   3649.165    1133.2731   2004.9417   1635.6857   2296.7336
  2018.7543   1606.9141   3177.1326   1080.2095   1922.8447   1847.2119
  2224.0034   1498.8916   1756.9137   1643.0756   2700.593    2249.6118
  1027.0465   2367.3547   4127.0063   1389.8154   1763.328    2712.097
  2210.9573   3048.252    2376.7834   1512.9747   2577.1257   3554.7515
   842.1237   1288.9045   2044.1239   3086.65     4162.7607   2780.239
  1704.2461   1899.4198   1858.218    2662.4485   2147.0203   2411.3574
  2221.5132   1944.9054   1811.5774   1983.9839   1971.0303   1872.8485
  1672.694    1791.028    2184.5986   4434.6157   1866.7102   1591.5515
  1530.5256   1600.1727   1337.6868   2000.7809   3351.8784   2769.7659
  2418.3374   3924.3167   1639.5758   2177.3223   2194.1802   2687.7563
  3328.8738   1118.5225   4015.791    2440.666    1280.1321   2033.1206
  2650.0103   3006.4775   1098.373     697.4421   2015.5239   3065.5999
  1160.5028   2207.6526   2705.0588   1632.5358   2201.1853   4472.3936
  1243.5619   2740.0444   4400.8706   2747.0361   2005.8412   2351.2046
  3267.9287   1491.432    1166.1204   2135.2527   2400.7053   1810.4993
  1579.542    2169.4111   2574.7231   1834.2943   1404.1141    729.62085
  4908.183    3416.252    1347.5696   3453.8875   2600.9243   1979.9331
  1308.5764   2942.9983   1427.9741   1003.5729   1117.3079   4889.7817
  1524.7871   3521.9912   4928.7876   1446.9463   1689.117    1699.1392
  2108.338    2532.0386   1337.6807   2730.054    3459.795    1436.6047
  3227.0022   2329.3193    887.72003  3970.0115   1385.2245   1652.9702
  2479.937    3077.577    2567.3271   1149.1241   1561.8118   3581.067
  1495.2566   2703.2957   3790.634    1374.8944   2026.8755   2825.7642
  3249.3188   1868.9589   4707.6484   1526.5809   2080.9316   2871.0457
  1770.7098    920.9296   3800.6458   1987.8615   1747.8018   1486.0834
  4327.068    2357.776     979.78296   828.209    2149.6235   2625.7207
  2772.5173   2551.8335   1323.1825   1159.8796   2060.8462   6432.3696
  1491.3394   1671.9255   6323.46     1031.3584   1277.0219   2616.1006
  1088.791    2359.8591   2152.7327   2350.0193   2030.1743   1689.5397
  2123.1929   2144.6667   1726.615    2030.7822   3071.5623   3697.7317
  2750.7915   2294.415    2600.993    1984.6135   1441.863    3378.9082
  1680.6992   1992.8806   2748.3853   2363.4014   1258.174    2195.1138
  1880.9182   4698.47     1773.4941   2116.0723   1402.8379    892.0852
   935.9382   1950.9417   1652.8033   1813.8068   2685.6814    637.75946
  2518.1528   1052.917    1941.7235   1900.2198   3034.5464   2942.1365
  2853.3855   2433.6104   4077.3262   1467.5642   1963.3889   5241.5938
  1480.8823    804.4355   2869.8848   1255.0465   3757.6904   2019.841
  4546.541    1404.5624   2753.6318   3034.4316   2869.069    2534.2075
  3704.222    2309.841    5030.6943   1028.4875   1447.5864   2058.105
  1416.9551   3708.2463   2082.8416   1776.6838    955.98755  2339.2725
  2403.5476   2275.2458   2178.207    1500.518   35758.14     3426.4358
  2509.1013   1870.6141   1506.293    1401.6333    970.3312   3084.4902
  1390.5898   1711.3998   1860.7301    774.89813  1576.8452   3118.916
  1239.0751   4213.2183   1881.4673   2652.7632   1118.1523    979.76196
   778.3787    994.50336  1163.1584   2543.1875   1692.5316   3503.8062
  1373.6792   3196.4998   2219.9607   1826.9164   2098.006    1747.474
   568.60736  2110.5742   2164.0603   2090.5596   2102.7925    933.40784
  2718.0708   1388.628    3230.475    1440.6489   2715.0518   3347.894
  1362.3995   3113.9675   1051.4296   1274.2799   2473.0156   1129.9738
  3033.5583   1551.0864   1794.5923   2369.1504   1364.7339   1776.7091
  1966.4254   3556.908    2073.7412   3123.979    2830.1167   1996.1251
  3819.863    3536.656    2571.423    1939.3086   4210.831     890.82513
  3607.0806   1205.3909   2866.7322   3106.4019    922.516    1289.2308
  2030.5695   1057.076    2904.2234   1397.843    2592.125    2763.5435
  2993.6816   1335.1069   1245.9886   2937.6353   2011.7145   2569.451
  2760.6824   2263.8772   1365.1327   1437.9204   1590.7617    823.63916
  2746.4282   1500.1106   2334.7952   4157.7207   3686.4514   2216.9097
  1859.6157   4403.88     3223.0586   1861.2524   2014.7618   2558.1106
  2725.9377   3142.8652   2132.7537   1862.0481    933.3891   1423.9532
  2969.563    2262.1152   2604.3616   2417.2747   1477.2421   1067.6809
  3110.7073   1884.5739   1642.7991   2685.4766   1657.9135   1136.7223
  1879.3295   2163.1584   1912.6757   2109.292    2479.0713   1093.4928
  1078.7473   5745.393    2471.109    3270.685    2311.7583   2707.2788
  1235.735     829.4943   3485.0613   4272.808    3472.8982    748.8712
  2658.3337   1316.503    2665.553    3337.2058   1918.3284   1189.157
  1799.4434   1346.285    2351.4517   1275.9631   2416.524    3315.491
  1803.7001   1528.7625   1512.9543   2709.7698   1148.7174   2215.2817
  1664.3037   2106.6858   2416.9033   3132.632    1269.1816   2585.1753 ]",0.5321527350952674,0.6792811008870455
4,15000,Transformation_Matrix_W,"[[ -6.6612325  -14.085635    -1.841631   ...  -8.968599    -3.0929208
   -5.173684  ]
 [  4.15764     -4.851077    -0.3436305  ...   1.8476857   -6.199749
   -0.45704696]
 [  2.3477988    0.69745904   3.173347   ...   3.0729363   -1.2224101
   -3.092977  ]
 ...
 [ -6.8256445    4.8822036    0.5540926  ...   0.81154585   0.34409332
    0.4385953 ]
 [  0.7529392   -9.138385    -1.643743   ...  -4.835017    -5.5914645
   -8.819607  ]
 [ -2.3476248    3.1256988    0.4939468  ...  -1.970854     1.4922752
   -0.5666343 ]]",,"[ 2026.2775   3040.1035   1583.123    1940.8656   1673.8352   1907.9689
  2107.823    3107.8672   1310.3702   3795.568    2042.5865   2202.6416
  3579.5757   2182.4036   1823.5304   2785.5789    896.7147   1246.8904
  2076.882    1394.0609   2886.6077   2459.5803   1591.478    1936.3431
  2599.8235   3338.1929   2123.943    1639.3896   1634.3584   2415.595
   804.63086  2385.2676   3016.6172   1084.7123   1825.4374   2910.764
  1175.6577   1287.4908   1113.5377   2214.0696   2004.0087   2140.7825
  1510.409    1530.8734   1173.9517   1986.494    1109.4407   2534.0066
  2263.6177   2010.2465   1511.5118   1493.225    2946.5176   1586.7511
   996.8357   1342.9916   1317.5374   1780.9531   3046.3918   3772.6814
  1684.3546   3041.0415   1491.9818   1206.6123    762.3111   1829.1554
  1739.2122   2358.5115   4486.874    1817.903    3407.0642   2668.042
  1774.4368   1384.1628   1654.2561   2231.638     915.4422   1215.3716
  2614.7617   1081.6785   1624.2434   2512.2937   1472.1508   2221.228
  1756.0508   4802.414    3959.7786   1663.3628   1324.0542   2277.7136
  1610.8523   1569.8853   1173.2694   1643.517    1151.5568   1915.677
  1268.8502   2196.812    1651.9095   2010.2927   3078.152    3924.4238
  3420.3462   2013.4454   1098.8331   4103.061     802.2803   4091.6348
  1487.117    1567.8356   2401.809    1870.1814   1904.8744   1712.1282
  1960.1979   1969.0283   3396.803     851.3029   1754.3999   3217.767
  1250.6947   3032.4844   1262.3221   1954.5743   1256.8403   1328.5078
  1621.2955   1498.9784   1699.5798    952.6952   1256.2584    775.4217
  3793.0764   1110.9865   1360.5033   1797.8007   1785.3125    964.542
  1477.2067   1441.9222   1494.2465   1917.2067   4279.4526   1618.7664
  3939.9648   2878.6733   4199.284    1534.7533   2869.786    2619.8167
  1332.6144   2611.4185    756.93195  2890.727    1477.0054   2738.479
  1970.9651   2084.924    2120.6135   1814.5684   2610.5889   1811.3165
  1929.3849    893.9536   1429.1824   1386.9352   1723.1447   1075.1816
  2560.8286   2290.988    1916.128    1822.1073   1765.4379   1802.0361
  2287.7185   2517.855    4681.243    2815.659    1905.3676   3291.5752
  2216.9355   3040.5083   2772.1528    860.21844  1252.6411    581.63574
   583.2202   1979.9446   2020.7185   1733.6638   2588.3354    513.8384
  1399.511     937.9361   1830.4021   1685.3517   2213.3596   3217.5789
  1790.038    3221.5903    982.9706   2100.4026   1839.1637   2941.3364
  3280.774    2005.0503   2258.3054   2615.5059   1304.4155   2614.2937
  2714.5002   2369.3174    736.9327   1478.8368   2180.4824   1568.4452
  1620.465    2408.851    1526.2738   1885.1118   1626.6818   2695.6555
  1095.412    2224.9036   3249.8992    595.676    2288.4597   1857.2465
  1572.869    1438.8871   5099.2207    980.70605  2878.1895   2057.5586
  2937.5818   1286.3341   2997.7942   1682.351    1249.008    1869.7421
  1723.6241   1746.0793    807.17456  1697.8268   1655.3883    810.67084
  1390.8856   3005.3997   2850.9995   1846.8242   3585.1494   1141.1309
  1246.9183   1277.5826   1442.4291    681.38837  1512.0018   2364.8728
   580.3225    884.5605   2538.257    3236.2864   1096.817    1439.7372
  3406.863    1049.7274   1753.0685   1273.5477   1616.0168   1754.121
  1129.375    2540.0522   4672.4136    962.88196  1824.9172   1358.2875
  1505.7903   1985.0308   1034.6971   1168.9016   3030.6963   2473.456
  3828.1794   3596.629    1426.1738   2599.0964   2347.7542   1091.4159
  2261.883    2604.4663   3946.4941   1961.1298   3108.302    4540.8604
  2103.0007   1642.254    2902.4324   2685.253    3668.2322   2027.7959
  1439.6682   2028.1305   1629.0441   1785.9178   2074.5996    931.2045
  2053.5527   2474.7634    890.99866   869.93744  2392.6838    794.27985
  2903.8762   2758.426    2085.012    1283.1027   1819.1262   2486.7039
  2519.2146   1317.9622   1183.3938   1091.5203   2343.3281   2090.487
  5433.661    1894.27     1308.7944   1454.195    1500.8158   1802.0267
  1824.3672   2659.4688   1819.3695   1699.4275   2793.7727   1916.5961
  1266.1736   2166.5564   3663.4824   1407.8087   2100.1833    814.8028
  1164.017     965.8408   1017.60126  4355.8794   1962.7126   2312.9905
  1542.0333   3940.9797   1242.1249   1226.0328   2867.0059   1312.767
  1585.6943   3314.027    1009.57697  1804.4935   1490.5988   2062.0464
  1809.5582   1394.312    2854.0454    934.0482   1671.8169   1613.3346
  2040.4637   1387.0616   1564.655    1550.2684   2468.8018   2072.2185
   961.65045  2233.7031   3673.0298   1234.2833   1584.9158   2418.4434
  1868.6934   2759.816    2145.2578   1311.6239   2059.3076   3322.8835
   760.5604   1167.6542   1754.0308   2760.9873   3777.28     2503.1987
  1563.8478   1608.6096   1709.0856   2410.3906   1945.4037   2194.7893
  1848.6158   1814.1805   1631.7142   1780.8356   1833.7993   1666.4531
  1512.3959   1636.0094   2006.7832   3959.945    1754.6245   1423.285
  1414.7711   1487.4036   1225.3944   1859.0122   3072.1707   2520.44
  2245.7808   3481.7935   1408.2109   1999.821    1972.0973   2331.5256
  2949.3992   1033.4681   3599.6267   2282.3198   1203.0071   1732.261
  2392.9084   2594.601     983.65765   658.0611   1882.1599   2787.2605
  1046.0844   1983.5966   2513.0408   1462.9397   1954.6963   3912.944
  1120.5      2292.2808   4115.049    2365.1187   1772.1216   2149.3767
  2881.657    1312.5209   1096.0217   1957.5582   2269.9087   1655.1111
  1408.3271   1917.0786   2410.2634   1683.1387   1253.2441    694.8525
  4142.7295   2936.6978   1192.1177   3125.3748   2308.5066   1723.2333
  1152.7035   2577.1167   1203.2899    885.5056    968.7276   4264.6216
  1321.4521   2910.3044   4424.142    1317.825    1567.8733   1422.66
  1958.098    2227.9736   1206.0828   2338.6982   3164.2808   1302.0076
  2897.5276   2109.749     836.2402   3577.6267   1194.1068   1569.4463
  2228.0999   2714.994    2261.8357   1068.1338   1427.6632   3170.381
  1336.3694   2355.1948   3304.1804   1242.9088   1742.0054   2583.7366
  2877.324    1711.0333   4171.507    1204.6174   1777.0101   2571.1614
  1573.9193    767.056    3403.7188   1848.208    1608.2805   1392.2954
  3721.3171   2160.9294    851.67474   734.9187   1778.3152   2374.9824
  2489.4832   2321.7778   1196.1927   1020.80566  1835.1832   5421.416
  1365.3572   1442.8673   5341.301     925.1151   1188.9996   2346.7114
   931.65686  2097.9834   1886.8994   1945.8053   1855.0231   1548.325
  1896.1212   1989.2012   1522.2653   1854.491    2768.2402   3194.2236
  2554.2612   2076.0403   2385.8472   1756.0907   1341.1815   2966.3145
  1504.3046   1691.0149   2273.6055   2051.3994   1110.9347   2066.577
  1640.244    4193.0835   1502.3656   1868.0204   1324.5701    821.6347
   819.5321   1751.2697   1554.3546   1599.6782   2209.198     598.0739
  2301.2212    964.58527  1757.7825   1818.8289   2738.0266   2607.3474
  2570.3982   2140.063    3777.52     1379.5615   1796.6547   4605.0596
  1245.479     688.8829   2514.0615   1180.3314   3312.32     1706.6111
  4097.7017   1268.6294   2460.165    2577.2627   2356.5422   2323.9604
  3091.4038   2101.537    4580.058     926.4934   1356.5697   1899.9221
  1306.4292   3271.0718   1826.5638   1602.7853    883.6647   2139.6067
  2050.4404   2056.2886   2006.9475   1267.1475  33896.93     3058.1147
  2219.965    1752.6218   1269.3254   1250.847     847.9854   2862.814
  1287.9868   1609.0127   1633.5568    712.57587  1445.0891   2655.279
  1121.3046   3781.534    1666.1014   2425.028    1023.84894   875.4954
   723.557     908.0137   1088.1965   2284.863    1540.672    3166.4204
  1245.8762   2834.1016   1966.7877   1631.3894   1909.6387   1563.0978
   530.06586  1839.211    1866.2899   1846.8134   1930.9885    857.89026
  2286.6897   1255.3302   2880.312    1273.0315   2524.9326   3002.5242
  1271.8615   2857.322     954.135    1115.3126   2193.2751   1026.9496
  2814.426    1422.3151   1644.9226   2199.3337   1166.2704   1626.5443
  1785.2246   3069.565    1797.5056   2843.4604   2366.791    1745.0621
  3326.046    2839.0403   2374.276    1677.8213   3860.912     817.9326
  2987.1047   1088.8019   2606.228    2892.1096    839.1958   1183.6772
  1864.2333    960.4651   2512.7058   1324.4532   2245.6506   2561.691
  2788.854    1247.7373   1147.4108   2563.203    1777.9187   2309.5723
  2269.8645   1933.8279   1214.9989   1317.1752   1410.4031    779.80194
  2393.2634   1399.0015   2091.879    3717.113    3210.1003   2022.4753
  1660.439    3800.3787   2898.817    1646.2869   1818.6018   2127.7126
  2517.4163   2836.882    1886.2303   1765.9064    795.2036   1246.1196
  2761.38     1971.7931   2434.7358   2206.8567   1254.8575    949.8308
  2621.6995   1603.1927   1347.5758   2197.2632   1478.5978   1062.5922
  1668.4005   1854.0543   1700.0415   1951.2759   2108.129    1018.3556
   958.5991   5280.5317   2234.312    2872.916    2113.5625   2494.8552
  1146.1073    747.4596   3135.2622   3855.459    3170.0815    692.33765
  2447.155    1145.8905   2443.489    2781.5066   1827.4766   1079.0176
  1645.6083   1256.8844   2010.6759   1215.4095   2214.2556   2945.1804
  1660.6173   1343.3071   1332.5273   2396.614    1029.2208   1965.936
  1478.4296   1941.2754   2234.997    2665.4421   1166.7054   2231.001  ]",0.631799323909035,0.7194291694451316
5,15000,Transformation_Matrix_W,"[[-3.1749988  -1.261313   -0.23559311 ... -1.1076769  -2.7310033
  -0.24705322]
 [-0.31982222 -7.0680165   0.7391255  ... -3.3304608  -2.5937252
  -3.8440428 ]
 [-0.2769633  -0.53860795 -0.59478784 ... -1.374742    1.4232378
   0.11106305]
 ...
 [-1.3117903   2.1070168   2.8857353  ...  2.9283059   0.18027873
   2.145339  ]
 [-1.1172917  -6.3095593  -0.20126197 ... -1.22663    -1.6159184
  -6.4378195 ]
 [ 1.4780059  -0.08004872  2.266935   ...  5.8815236  -1.7215155
  -0.6413632 ]]",,"[ 2007.5325   3018.8403   1497.9872   1945.5481   1651.3362   1932.0446
  2073.0896   3090.3135   1344.5823   3694.9502   2047.3578   2218.2188
  3636.414    2108.4604   1837.6489   2806.6194    904.0112   1233.144
  2128.8523   1397.2184   2765.5852   2482.072    1585.1771   1893.5016
  2643.8376   3419.16     2090.0083   1663.433    1635.372    2381.152
   808.2533   2414.6292   3046.109    1076.7655   1867.3585   2858.1494
  1140.7217   1320.802    1115.2605   2217.9807   1979.4681   2112.6091
  1480.4453   1509.139    1177.2352   2048.2812   1130.1487   2538.5156
  2251.0295   2009.714    1562.1735   1481.5718   3003.8284   1595.0654
   985.4757   1325.9349   1312.2416   1728.6198   2967.9119   3802.9546
  1727.2465   3023.4185   1516.8876   1212.9323    755.5018   1838.4911
  1755.5963   2320.918    4357.441    1854.8655   3455.633    2706.9253
  1755.4526   1334.9712   1635.3683   2193.9763    936.662    1188.7
  2603.5476   1081.6726   1579.9988   2548.9712   1428.1787   2272.6665
  1785.8461   4738.2896   3969.328    1661.7162   1309.9005   2330.3503
  1611.2441   1604.3784   1189.4967   1662.8286   1127.768    1938.4058
  1261.5692   2101.9531   1650.6454   1991.5117   3110.6404   3880.9395
  3412.9155   2005.2797   1127.0333   4215.4404    800.58417  3960.7476
  1449.4658   1599.1365   2423.7537   1873.5054   1877.9282   1743.7772
  1991.3755   2034.556    3413.418     861.2487   1736.083    3190.5427
  1265.0983   2996.617    1288.5497   1950.0928   1250.4302   1320.9608
  1646.5948   1485.6898   1725.9362    943.25446  1279.6301    766.5354
  3867.9016   1106.5864   1342.8173   1771.9052   1805.6431    968.0016
  1511.5259   1418.9288   1481.5979   1922.5417   4323.606    1634.3511
  3946.2744   2838.3308   4065.7869   1505.2013   2878.609    2622.5947
  1341.313    2609.7498    761.2913   2967.3755   1507.3484   2751.9927
  1988.8912   2064.8672   2109.7476   1841.8063   2625.6406   1821.4973
  1908.8019    894.4561   1405.1406   1368.6818   1696.572    1045.6427
  2512.1152   2150.0361   1949.4998   1791.982    1737.2094   1825.5531
  2281.5166   2548.8115   4639.1255   2752.5393   1829.4586   3134.5273
  2222.8376   3058.249    2668.3755    850.9515   1267.2411    585.4017
   588.728    1966.5808   2002.4019   1753.2273   2616.4414    507.43893
  1379.8525    936.632    1823.4104   1675.6091   2151.158    3211.8718
  1814.9106   3221.9607    991.1889   1983.9534   1882.8207   2815.1406
  3323.263    1903.5409   2192.0796   2564.7827   1299.2734   2641.0972
  2725.4734   2370.5771    729.9665   1475.032    2244.5298   1577.6108
  1646.5668   2322.1616   1573.3406   1829.4031   1624.4353   2718.934
  1076.4697   2140.0813   3196.2148    614.1656   2302.6858   1855.9875
  1661.0774   1430.4167   5101.0063    957.82465  2814.7424   1985.548
  2865.2908   1313.7136   2950.837    1643.9944   1259.1748   1900.1492
  1690.6901   1769.4285    835.4362   1720.3055   1648.6333    832.41376
  1365.0421   2908.0312   2891.7983   1848.1672   3591.0352   1155.9098
  1209.9933   1224.1351   1434.9762    663.6157   1531.7886   2358.3687
   589.5434    860.8028   2547.886    3313.805    1075.1853   1476.9142
  3482.9814   1050.998    1782.1182   1320.2943   1650.4553   1768.993
  1107.6008   2516.2783   4485.684     940.96985  1824.5967   1374.5299
  1478.8467   1951.332    1050.0438   1161.2601   2899.7253   2402.6968
  3812.7214   3566.7922   1425.7205   2515.9355   2391.127    1123.5032
  2290.4087   2591.6553   3877.9192   1939.0452   3087.0037   4510.6416
  2082.5154   1580.5715   2868.5115   2731.44     3540.823    2023.7043
  1494.25     1994.37     1650.4211   1809.547    2102.6853    926.0171
  1998.7487   2441.6116    869.4875    875.1558   2487.0728    786.4817
  2881.7495   2790.822    2078.5845   1317.0148   1855.1954   2395.5005
  2515.4766   1302.8988   1178.6792   1088.5361   2366.119    2129.5894
  5193.2114   1906.9915   1257.4069   1474.2319   1521.7017   1847.725
  1836.9904   2666.9355   1761.489    1699.5973   2763.9133   1826.0775
  1271.3502   2120.55     3624.4414   1396.6436   2108.7861    821.65173
  1147.1414    969.22675  1008.5405   4380.8096   1895.0786   2290.9453
  1561.3043   3793.9478   1268.0914   1225.0273   2837.2866   1335.7104
  1543.8215   3184.3083   1013.07477  1790.1545   1522.9302   2098.5793
  1784.3259   1372.4194   2896.5286    923.99384  1706.2025   1628.8811
  2055.4236   1384.1462   1541.8027   1526.3075   2441.7297   2073.0188
   959.767    2192.9824   3701.089    1211.6809   1568.2904   2455.868
  1926.5251   2734.2092   2132.2603   1317.4713   2148.7344   3204.891
   770.96124  1147.1476   1766.036    2680.0037   3761.5747   2483.2017
  1587.1881   1638.401    1681.8645   2349.2131   1929.3125   2104.2053
  1903.868    1799.6681   1585.5962   1760.096    1854.533    1637.3503
  1465.4098   1692.9783   1987.0427   4015.9275   1781.9976   1408.7574
  1392.7933   1459.1237   1214.6666   1776.2817   3106.852    2494.5415
  2285.0576   3541.9136   1403.1332   2006.4587   2020.8995   2371.5159
  2938.572    1031.214    3624.6968   2226.1284   1219.0077   1751.7582
  2368.86     2630.3496    986.7097    635.37366  1843.2028   2811.3408
  1022.54565  2003.1056   2507.4875   1471.3822   1982.1423   3963.6182
  1089.2404   2389.0564   4098.449    2407.584    1780.9802   2122.755
  2916.9937   1285.1818   1066.2251   1909.0127   2272.7954   1624.7145
  1427.0505   1913.6888   2337.9407   1632.8557   1272.8768    690.8097
  4202.2485   2989.9187   1194.3303   3072.2844   2228.9175   1763.5354
  1167.4685   2540.975    1215.9055    878.02515   980.03735  4304.989
  1336.2079   2941.123    4270.4453   1300.6256   1515.11     1446.0078
  1905.5732   2196.226    1206.9767   2298.0742   3104.7576   1328.6622
  2825.5503   2075.5383    823.12616  3554.295    1209.6106   1560.787
  2188.5195   2777.4045   2297.9658   1067.24     1431.2346   3218.173
  1352.553    2380.6362   3368.332    1250.0144   1765.055    2490.7324
  2814.6428   1676.0869   4132.6304   1263.5715   1803.7241   2539.5637
  1578.0933    786.612    3438.604    1802.3928   1497.5671   1344.4879
  3734.0256   2065.7048    885.7554    739.99567  1797.2977   2246.8298
  2441.9165   2234.4543   1196.9746   1017.1408   1868.2776   5447.8794
  1357.6956   1483.4475   5580.9707    921.2002   1177.3585   2360.4314
   933.2628   2132.5613   1863.6501   2049.5774   1825.8383   1575.99
  1880.701    1968.1433   1548.658    1876.7393   2744.7922   3222.5332
  2545.9795   2083.9778   2377.08     1796.2584   1348.127    2943.846
  1516.7527   1696.06     2288.252    2061.9626   1135.0801   2032.9333
  1631.0735   4245.594    1528.1687   1858.845    1306.9819    819.6899
   811.60626  1745.1074   1533.4463   1564.8883   2241.0022    597.7237
  2264.444     970.6348   1744.6877   1785.8718   2722.5742   2521.6436
  2544.53     2148.003    3736.2312   1368.3141   1788.9832   4603.316
  1240.5812    704.14954  2500.815    1125.7753   3326.3215   1784.511
  4000.2485   1251.7817   2510.8452   2573.2092   2359.587    2330.0261
  3202.373    2077.3965   4309.126     942.3041   1349.234    1902.1605
  1296.0134   3261.5542   1857.1447   1576.0754    841.4187   2147.924
  2058.094    2095.676    2024.5748   1292.7217  34166.742    3035.8313
  2223.886    1736.9867   1266.1304   1250.4417    855.65594  2827.6802
  1284.145    1615.3812   1636.0289    691.38135  1468.3593   2681.4468
  1137.2158   3724.5764   1691.5731   2368.8923   1022.4696    890.6696
   724.44885   910.0448   1079.215    2275.5498   1551.6476   3172.9424
  1222.9728   2815.2876   1924.6768   1653.581    1847.3832   1559.3385
   531.17596  1841.303    1904.9388   1812.8297   1968.7303    859.8296
  2341.018    1266.4756   2920.346    1265.4835   2434.0488   3029.6719
  1247.1786   2855.6494    972.45667  1127.6572   2206.8186    991.92377
  2688.9849   1409.099    1604.9586   2141.7249   1176.7722   1598.8052
  1812.1279   3186.3618   1792.6285   2834.4895   2349.92     1745.118
  3369.9312   2929.0967   2284.5376   1714.6312   3615.3892    802.87494
  3017.4387   1071.936    2635.304    2887.2278    845.6259   1153.0822
  1864.786     967.23987  2564.48     1312.6655   2327.1213   2533.1094
  2711.4954   1249.7174   1150.2532   2564.6257   1804.0382   2262.2031
  2299.0098   1946.3087   1226.191    1282.4755   1426.4026    771.7119
  2360.0815   1403.7281   2119.5493   3692.6724   3155.1707   1949.6765
  1711.4736   3911.0168   2862.5938   1645.8231   1832.7113   2158.3445
  2503.572    2780.1494   1874.151    1784.3937    785.9514   1233.1543
  2730.3274   1989.2136   2478.8452   2179.6882   1269.0958    932.0314
  2649.1494   1638.7517   1402.6188   2258.2866   1479.9642   1032.7155
  1627.5382   1885.5043   1672.11     1889.5052   2168.2004    991.4032
   937.7356   5262.0522   2203.3096   2833.941    2106.0398   2330.3142
  1140.7656    749.28503  3097.2307   3868.081    3221.1616    691.1391
  2365.6414   1174.9374   2327.7778   2849.5144   1827.1102   1068.4106
  1624.3247   1258.2808   1943.3279   1200.9235   2190.3909   3001.1045
  1710.6072   1326.5848   1339.2766   2402.725     991.56067  1989.5927
  1472.9297   1853.7467   2241.3264   2640.2837   1154.5896   2253.4893 ]",0.6320298094652735,0.7191239574910382
6,15000,Transformation_Matrix_W,"[[ 2.6683934  -0.9829897  -0.5188338  ... -0.50144    -1.0681673
  -1.0571941 ]
 [ 0.23958232 -0.3890858  -0.59576976 ... -2.540449   -0.9560854
  -0.45906204]
 [-0.25744978  1.8568015   1.2930357  ... -0.17217761  1.7112396
   0.6466128 ]
 ...
 [ 0.63860667  0.58964455 -0.58755744 ...  0.9939893   1.0814644
   1.2534407 ]
 [ 1.1395967  -1.6878803  -0.3063187  ... -1.5012759   0.8776019
   0.6235375 ]
 [-0.5606166   2.511302   -1.0347341  ... -0.28779033  2.4406934
   1.5461819 ]]",,"[ 2091.8984   2970.2341   1520.4694   1908.9819   1655.1676   1900.899
  2068.1497   3107.7046   1371.5955   3677.7246   2053.041    2219.5706
  3551.8508   2094.7488   1834.5653   2893.5054    932.33057  1220.1526
  2152.8398   1420.0441   2841.0842   2478.6624   1638.1979   1901.4092
  2650.214    3426.8777   2149.9429   1644.953    1657.2201   2403.3755
   809.5643   2368.6055   3069.5686   1077.069    1913.4086   2850.924
  1140.3019   1337.0875   1117.0759   2221.0503   1998.097    2123.023
  1504.5336   1529.8265   1182.8047   2095.5051   1119.8834   2539.5742
  2316.8796   2047.7119   1576.9408   1496.105    3000.351    1637.4861
   994.2588   1319.1039   1353.7545   1733.5813   2897.604    3769.9924
  1746.4236   3103.5981   1562.8912   1164.8009    758.8922   1893.1095
  1759.8907   2390.3403   4396.0254   1925.1143   3415.8496   2769.1995
  1783.3151   1384.8818   1722.5034   2227.5999    963.41266  1181.9574
  2620.2026   1084.9348   1557.414    2605.159    1427.2672   2313.409
  1844.6865   4895.218    4040.217    1744.8167   1328.5837   2349.6167
  1609.4576   1643.7814   1215.5968   1707.1351   1154.2578   2013.2555
  1291.3075   2103.5498   1686.5706   1975.8795   3172.7969   3852.1626
  3534.9258   2076.7112   1148.5282   4337.6016    805.61597  4009.7915
  1476.8634   1651.6357   2448.2192   1901.8732   1893.611    1726.7721
  2093.2556   2072.8535   3442.0781    874.5145   1812.5907   3120.1675
  1276.5923   2976.123    1299.2799   1958.0754   1217.7827   1319.6056
  1712.3712   1516.8115   1716.7356    946.27344  1289.083     770.4912
  3794.3577   1120.9344   1372.5078   1715.4135   1846.3174    971.0565
  1573.8804   1411.367    1513.7085   1920.8708   4409.2656   1634.1104
  4145.3555   2924.2087   4172.127    1531.6714   2864.6367   2646.4546
  1355.9049   2619.11      800.9098   2970.772    1553.152    2746.8477
  2000.7762   2089.2524   2174.7742   1918.786    2618.0056   1895.0099
  1925.3501    896.9828   1436.057    1359.8589   1703.719    1067.9656
  2563.0657   2155.8252   1955.2573   1824.1738   1721.1401   1795.3182
  2412.073    2606.3354   4629.11     2708.3645   1882.0021   3123.2417
  2239.857    3107.6624   2698.0122    850.0999   1307.9872    580.85657
   594.46857  1957.2378   2057.6785   1748.7605   2584.2727    512.61475
  1404.9187    952.3179   1815.8077   1674.4181   2157.1394   3422.067
  1915.7313   3255.745     995.4697   1995.5535   1905.3407   2822.8032
  3333.9443   1930.8221   2205.012    2545.8738   1344.9774   2595.0386
  2704.7854   2452.7012    761.582    1475.2377   2305.0754   1606.4893
  1764.6918   2356.305    1630.3126   1897.0966   1656.0985   2788.7437
  1092.0625   2208.8064   3222.0415    632.30695  2271.4678   1858.0593
  1740.7461   1470.1467   5166.7183    968.08545  2892.2434   2044.2952
  2861.8215   1394.3029   2947.892    1705.5607   1247.026    1905.195
  1654.2594   1804.9562    851.82764  1781.6915   1662.5679    848.14996
  1404.6847   2963.561    2936.2446   1829.0543   3598.1648   1177.4017
  1228.658    1244.3232   1478.1292    680.6517   1537.9758   2402.4465
   597.2259    884.57764  2504.8645   3345.926    1104.4828   1501.673
  3616.2903   1054.331    1771.9486   1353.4056   1733.9884   1809.132
  1104.9253   2565.8376   4541.0015    958.263    1861.7283   1374.6825
  1505.4318   1952.1586   1096.5686   1174.526    2986.5386   2404.6484
  3861.056    3609.6328   1428.4945   2498.7795   2335.486    1187.9653
  2349.2754   2511.3762   3870.1318   1983.0444   3085.4324   4521.553
  2070.6165   1627.8522   2850.2268   2740.6157   3541.971    2024.2517
  1521.9117   2013.6637   1675.1062   1875.1095   2130.7146    938.24316
  2034.0991   2483.85      858.86206   879.14343  2584.6467    801.6232
  2940.2437   2827.3022   2087.5293   1364.466    1887.131    2415.1626
  2557.7527   1336.8313   1185.9983   1099.7869   2389.0916   2108.971
  5240.354    1988.6703   1240.5469   1492.8396   1549.6647   1925.9497
  1880.5101   2688.97     1749.6493   1723.7535   2738.0583   1814.2285
  1263.1176   2155.0583   3627.1511   1425.1057   2187.892     839.40436
  1162.5792   1004.3906   1027.4146   4327.8135   1918.3732   2324.672
  1559.3871   3807.3867   1289.4862   1251.8389   2919.5532   1346.7235
  1552.4419   3212.3926   1003.1149   1845.9758   1501.0851   2137.9473
  1856.8644   1436.2532   2893.5298    950.4517   1759.7355   1660.6622
  2053.364    1428.8682   1552.5685   1566.2601   2482.7288   2139.7214
   970.49756  2256.23     3768.4036   1257.5837   1590.2316   2445.52
  1992.3069   2773.3643   2096.126    1338.9834   2201.252    3231.5938
   786.1087   1185.2181   1751.1587   2684.9434   3778.824    2618.5364
  1585.7386   1631.9554   1721.2748   2397.89     1942.0985   2156.6736
  2018.1202   1844.2094   1604.0533   1769.447    1862.6526   1660.0481
  1473.8461   1703.6001   2004.8859   4127.3994   1783.3828   1431.44
  1435.2579   1476.2864   1229.1425   1809.2983   3178.676    2484.7664
  2289.895    3486.0288   1434.1323   1980.8685   2072.498    2410.811
  2928.8884   1041.0317   3689.81     2215.1096   1229.3213   1807.5494
  2357.194    2757.7336   1014.34753   639.3984   1887.7517   2799.946
  1021.3948   1971.8303   2472.0874   1595.818    1998.0991   3946.8315
  1082.0725   2417.6436   4110.772    2498.377    1833.8982   2103.8635
  3017.8916   1314.4158   1073.0459   1956.6078   2277.8784   1664.7858
  1487.6544   1893.5406   2334.9365   1634.015    1260.1046    691.9146
  4304.7715   3028.035    1213.3362   3058.3416   2305.6445   1790.5032
  1181.772    2553.267    1243.5996    889.2585   1014.1395   4308.0225
  1341.3965   3013.8892   4285.7373   1312.8579   1562.849    1495.6298
  1929.7361   2240.8657   1236.8539   2385.4167   3121.1187   1353.8694
  2845.2075   2077.6663    834.77716  3632.7551   1237.1013   1546.45
  2196.9004   2855.8586   2347.8254   1084.2654   1448.772    3218.3977
  1416.9486   2411.986    3367.3865   1262.576    1773.7865   2597.9707
  2801.8584   1648.6566   4270.5063   1309.756    1867.0167   2552.4668
  1582.1853    816.50085  3465.7021   1781.03     1501.2966   1350.1549
  3745.178    2051.4275    922.32983   760.45416  1801.4418   2247.5483
  2465.336    2273.8525   1215.5264   1024.9384   1933.4442   5625.198
  1392.3354   1553.3701   5610.5874    907.5427   1180.9772   2405.3843
   910.7559   2071.5132   1862.1451   2056.3108   1793.04     1594.5504
  1932.8497   1978.2306   1582.2899   1906.8324   2885.923    3389.09
  2614.4204   2103.7495   2413.623    1873.2526   1360.1896   3011.2546
  1563.8684   1739.3932   2382.2532   2124.7656   1160.1204   2043.863
  1623.2563   4254.7183   1587.406    1905.2522   1304.7822    848.37756
   837.85767  1794.9446   1528.4309   1593.4392   2279.7954    603.2788
  2312.6194    977.97736  1771.6658   1770.1201   2717.5596   2551.607
  2576.2285   2125.9878   3687.5151   1369.2441   1842.5378   4620.734
  1239.1151    706.6444   2524.1943   1132.0917   3280.7217   1901.3541
  4059.7817   1261.7251   2565.6494   2599.7065   2518.0398   2347.447
  3278.388    2124.791    4277.9136    943.6513   1333.0198   1932.4227
  1272.9347   3304.2898   1892.308    1654.8479    839.5801   2074.6191
  2149.8538   2118.8591   2064.5068   1356.7632  34141.61     3090.031
  2237.2573   1772.9071   1294.3705   1237.8933    863.97595  2840.0525
  1306.6445   1647.8197   1629.0226    693.6708   1489.1174   2741.293
  1163.9117   3798.8916   1742.3607   2337.3223   1022.58264   897.97723
   748.28455   922.8585   1057.279    2283.252    1594.4509   3179.342
  1224.2083   2777.5894   1976.1852   1690.2362   1863.4124   1600.3662
   530.9215   1852.2179   1914.2188   1837.2294   2027.2894    850.91614
  2416.956    1243.0348   2940.1506   1294.9927   2442.0308   3062.4153
  1254.9141   2912.176     987.3833   1156.8956   2292.6152   1011.07697
  2723.7654   1438.4379   1617.8271   2179.0522   1194.4828   1610.9873
  1833.5697   3313.4885   1787.2312   2922.1987   2418.0085   1771.3143
  3373.9092   2952.8992   2338.0132   1797.7582   3793.6267    791.7137
  3080.3396   1076.2037   2785.7202   2910.5664    866.58606  1157.68
  1872.7609    994.43945  2629.4563   1315.7092   2431.4253   2519.047
  2721.12     1260.7953   1175.9031   2686.7954   1835.7906   2299.0862
  2278.3586   1960.0326   1246.537    1244.2362   1471.6401    754.6948
  2406.7646   1442.0582   2154.2612   3667.9856   3231.9265   1964.2845
  1732.1417   4100.67     2890.2263   1673.68     1861.1665   2231.5676
  2498.671    2805.6057   1953.1134   1762.1139    795.29913  1265.8131
  2724.9824   2097.8625   2490.9724   2158.4678   1278.4838    951.20856
  2756.2664   1660.5735   1472.9368   2285.8428   1476.9536   1016.08295
  1637.8885   1939.4569   1716.3981   1909.4164   2168.5315    988.70715
   964.7717   5101.636    2226.7615   2834.4      2129.6917   2356.2317
  1182.5453    742.0554   3074.7568   3999.3503   3297.9612    705.453
  2384.7217   1209.0927   2330.4658   2912.3406   1778.0151   1075.4321
  1614.5344   1236.9303   1970.3322   1196.9686   2214.729    3101.9531
  1747.2225   1348.8456   1377.4475   2467.5105   1019.19403  1967.3441
  1517.3481   1883.6267   2224.9934   2709.4912   1162.7695   2265.0613 ]",0.6262292562999385,0.7168709542007352
7,15000,Transformation_Matrix_W,"[[ 0.4811913  -1.131769    0.32617983 ...  0.12173965 -1.062044
   0.24818087]
 [-1.0260346   0.5848183  -1.1806992  ... -0.45557705 -0.23965722
   0.241765  ]
 [-0.9168778   0.17094275  0.08373543 ... -0.7227028   0.4819922
   1.2313906 ]
 ...
 [ 0.030769    0.27386978  0.54812294 ...  0.99236315  0.21037869
   1.0631751 ]
 [ 0.9657113  -1.3471849  -0.6877581  ... -1.9599581   0.24202137
  -0.37346855]
 [ 1.1703544  -0.49532393  0.19995058 ...  0.03164332 -0.67337626
  -0.20560364]]",,"[ 1932.6882   2700.1611   1441.1863   1744.5253   1532.7715   1794.8218
  1983.8837   2874.7808   1277.1459   3335.2542   1856.7814   2100.9011
  3293.2588   1920.4858   1722.6987   2665.119     870.33563  1149.8215
  2025.5094   1349.4673   2686.692    2308.1274   1512.4055   1700.7836
  2436.9824   3229.6372   2082.8945   1520.3336   1493.5208   2278.3708
   788.1704   2162.5764   2909.0251   1015.36005  1792.6373   2569.202
  1024.1559   1250.7441   1021.4432   1972.1233   1878.2118   1960.9537
  1396.5947   1412.4424   1100.8739   1930.1526   1081.3807   2275.897
  2077.4622   1932.4918   1469.7285   1335.9431   2822.0037   1521.4783
   923.7641   1238.4823   1284.5201   1634.6884   2632.7324   3492.5366
  1714.1415   2872.1562   1525.0988   1079.2778    705.7595   1723.9619
  1657.5929   2208.975    4014.468    1832.8113   3225.2317   2631.869
  1638.4417   1223.0883   1562.2567   2031.5862    926.851    1066.9778
  2410.2126   1031.1771   1452.8566   2528.631    1332.3551   2144.7527
  1674.5559   4475.0254   3814.9822   1568.2825   1222.2803   2210.0388
  1483.7734   1546.1132   1111.9802   1623.6248   1050.6458   1828.6022
  1199.2963   1952.0997   1546.3132   1812.809    2922.1335   3558.2893
  3392.4268   1857.4882   1117.7301   4077.6934    781.3622   3604.6104
  1389.5204   1601.4736   2344.2385   1711.0703   1787.9342   1580.5437
  1974.2858   1983.768    3148.5498    828.9839   1689.7281   2909.933
  1198.7838   2745.1497   1260.6763   1803.9972   1160.1526   1211.7388
  1599.9841   1411.8333   1599.7268    871.46857  1232.1769    683.7463
  3421.6125   1068.8802   1248.503    1625.3981   1746.8105    903.3134
  1463.349    1295.6967   1357.2426   1780.1516   4124.909    1524.8195
  3810.8552   2623.7732   3732.0596   1403.3679   2571.0815   2494.8884
  1280.3418   2347.9622    731.75653  2833.6924   1476.6925   2550.3057
  1850.0286   1865.4343   2018.7017   1801.775    2421.101    1774.1462
  1807.8062    853.83215  1361.1758   1243.1449   1603.8827    942.60156
  2344.6794   1940.2362   1787.5658   1665.184    1552.4436   1626.0531
  2209.4963   2428.762    4056.0679   2463.312    1782.91     2880.721
  2009.8506   2955.5913   2417.7446    777.71783  1188.1357    539.3316
   563.97595  1822.9865   1870.5734   1654.6342   2303.6091    484.41006
  1252.3467    882.4352   1628.1965   1607.4062   1955.0176   3242.4402
  1791.6846   2969.9995    939.0252   1759.9401   1796.2079   2490.657
  3048.3438   1815.5568   1998.1821   2347.962    1294.8573   2423.1995
  2550.5325   2262.439     703.3469   1360.7753   2130.318    1536.7489
  1644.9006   2160.3882   1545.365    1711.4156   1549.1765   2569.7021
   993.2666   2015.8934   2946.2534    622.9335   2126.804    1724.1216
  1686.1779   1382.3811   4763.298     927.35944  2619.7876   1831.02
  2577.3691   1316.5197   2694.2585   1563.7094   1217.5806   1775.4215
  1493.4926   1682.104     828.21375  1689.3406   1555.6558    793.75195
  1312.959    2626.8853   2711.1675   1678.0454   3182.6208   1115.3678
  1080.0039   1143.4882   1389.9377    624.4708   1403.0145   2271.8083
   569.9099    838.6495   2320.6262   3080.7866   1070.3322   1400.4829
  3281.3452    980.90717  1658.4448   1325.084    1643.9176   1733.9698
  1028.1111   2378.2063   4170.284     887.5709   1673.375    1297.5874
  1398.1492   1736.2207   1012.5101   1085.389    2676.939    2199.9583
  3685.0652   3218.5881   1292.5862   2268.898    2156.1968   1167.3517
  2159.5808   2254.6997   3456.1995   1873.8713   2935.052    4154.302
  1904.531    1517.0743   2603.7144   2586.3713   3208.92     1886.7374
  1424.3461   1833.9598   1548.5574   1814.2595   1971.0886    861.2111
  1890.8275   2280.5383    795.837     811.8787   2396.5288    760.4326
  2702.7751   2543.3022   1995.6471   1277.5048   1788.4048   2114.229
  2423.0107   1231.212    1106.1849    983.645    2246.5608   1961.6923
  4544.127    1838.059    1165.2426   1429.2872   1457.9299   1803.573
  1779.9071   2341.916    1581.9266   1538.51     2461.0962   1704.6942
  1240.8115   1984.618    3315.8103   1286.2334   2057.5913    789.1954
  1105.3593    927.6975    947.3276   4081.1465   1738.2476   2174.381
  1487.5377   3447.5356   1221.8905   1182.0945   2682.7866   1213.6208
  1449.5089   2964.5193    932.98083  1766.0928   1415.6328   1999.879
  1707.6019   1330.3677   2636.303     911.00964  1638.4891   1522.0686
  1946.2559   1361.185    1449.25     1432.9855   2308.8984   1923.6726
   932.20184  1981.8881   3528.9116   1158.7272   1458.6527   2199.9187
  1886.4694   2447.181    1943.9779   1275.6594   2125.146    2875.3787
   748.9774   1085.2078   1628.4453   2387.52     3542.1187   2422.4873
  1506.0944   1546.5245   1562.6309   2193.2783   1862.66     1971.6703
  1943.2914   1696.5083   1500.0892   1671.3121   1757.3107   1557.7007
  1365.998    1618.7858   1873.169    3826.057    1671.8523   1354.335
  1308.6627   1338.9786   1130.5469   1661.0818   2922.9375   2259.0842
  2116.5974   3196.5583   1278.8226   1832.5529   1924.8353   2241.7278
  2784.9583    983.51227  3341.3853   2060.8713   1105.5942   1661.7423
  2214.1252   2534.3533    970.0815    612.2195   1737.289    2657.8804
   936.9274   1840.1128   2283.2112   1507.4757   1830.156    3629.7134
  1028.9171   2305.297    3993.726    2377.5288   1686.2313   1959.7009
  2787.7588   1230.3473   1012.1222   1763.5583   2164.0261   1577.4578
  1426.7363   1740.3414   2224.544    1569.2814   1174.0374    661.08
  4013.9844   2781.0154   1136.1995   2798.053    2077.9382   1679.3083
  1119.959    2286.7969   1165.9088    836.0532    957.02496  3979.0479
  1215.3923   2816.0894   3921.0999   1201.5677   1438.3425   1420.765
  1779.2795   2025.3105   1149.8735   2219.3037   2958.5674   1227.4009
  2487.9236   1927.2798    782.10455  3248.8281   1102.229    1451.6934
  2090.0999   2656.8066   2191.9666    988.8677   1327.7067   2941.457
  1303.7682   2201.2124   3115.5315   1131.542    1636.7524   2384.909
  2639.735    1496.222    3977.4297   1237.3552   1736.2769   2321.7249
  1463.2382    766.3514   3224.1445   1633.2375   1395.181    1202.3761
  3375.5317   1817.297     857.0173    718.02515  1618.5681   1968.5109
  2189.0557   2059.575    1190.4185    955.06635  1807.7507   5159.013
  1313.551    1422.5708   5275.0005    807.1763   1095.782    2209.1885
   847.21027  1922.4822   1724.7241   1979.6322   1622.1913   1483.489
  1782.0737   1804.4852   1470.5333   1754.2235   2655.4175   3099.5369
  2367.275    2026.7501   2205.5889   1739.3484   1266.4252   2861.194
  1428.9083   1631.6321   2237.211    1985.4601   1083.6202   1903.55
  1490.4868   3910.9094   1413.4836   1811.2239   1193.9878    786.6777
   800.4824   1628.1652   1396.0951   1464.8933   2101.625     561.5663
  2146.7227    910.39996  1664.6777   1618.342    2431.6895   2390.991
  2391.4517   1999.7002   3313.7527   1264.9655   1683.3966   4158.533
  1088.489     643.1092   2297.3496   1056.5616   3146.6875   1789.017
  3657.486    1186.1116   2301.001    2328.1938   2283.4407   2179.8848
  2991.098    1964.9929   3817.473     899.1474   1229.9567   1730.2897
  1186.0911   2935.773    1687.66     1474.0245    775.94415  1910.7769
  2031.6705   2027.5055   1904.8069   1278.5371  33222.76     2865.7212
  2055.2869   1629.7416   1179.7628   1170.548     800.70703  2610.9988
  1231.2303   1516.3181   1503.2876    658.74786  1383.9218   2448.214
  1110.6044   3466.476    1618.0797   2166.7227    916.443     832.8778
   712.6444    881.39355   984.0768   2132.012    1483.6122   2935.753
  1114.9878   2585.036    1821.5656   1572.4271   1688.6736   1490.8099
   507.6924   1639.5176   1833.9706   1720.7004   1850.8499    791.8985
  2266.2314   1153.0098   2676.1587   1207.2438   2306.224    2830.6885
  1130.1879   2652.7449    942.4566   1075.0745   2033.7769    976.8719
  2432.9941   1297.0261   1467.0826   2078.841    1137.4332   1492.7499
  1732.3401   3073.1287   1658.6876   2658.891    2094.0447   1675.5902
  3077.6409   2755.4817   2230.279    1677.0887   3377.8057    750.6965
  2864.3208    971.00385  2602.283    2773.4072    822.1155   1072.0104
  1700.066     919.42865  2513.5276   1202.9056   2257.022    2273.7505
  2523.5464   1182.3275   1110.7134   2559.0452   1663.4534   2117.3005
  2067.0261   1762.1469   1202.2395   1169.8313   1379.0662    711.97766
  2222.633    1324.7814   1978.5972   3320.1335   2936.015    1773.655
  1633.3872   3739.275    2653.0352   1545.3207   1727.6674   2022.0409
  2262.7632   2454.539    1791.645    1680.0603    750.2186   1190.7994
  2382.3726   1924.398    2385.4402   1954.0386   1138.2118    924.6277
  2595.1238   1559.8037   1445.8296   2144.645    1362.1963    979.3146
  1561.578    1773.7323   1522.6155   1771.4436   2023.4144    938.21454
   878.5282   4530.3477   2117.5603   2519.256    1997.7682   2143.0366
  1120.1846    696.02374  2762.7744   3532.5977   2982.034     653.65045
  2188.7822   1194.4291   2015.4851   2657.9094   1647.9906   1003.1707
  1545.1406   1164.7793   1798.7928   1073.1367   1978.1406   2866.6902
  1662.677    1233.4625   1310.8263   2344.4219    913.52856  1848.5378
  1441.8557   1645.8708   2053.6934   2590.7175   1068.214    2023.2216 ]",0.6696373693915181,0.7420830492305521
8,15000,Transformation_Matrix_W,"[[-0.35733312  0.80500317  0.7507884  ...  1.154612   -0.5225297
   0.61900645]
 [-0.01447326  0.49941236  0.12837388 ... -0.12467042  0.09546629
   0.22954497]
 [-0.83575386  0.12135785  0.5671866  ...  0.9185983  -0.44695303
   0.12958758]
 ...
 [-0.08792169  0.21636304  0.5234529  ...  1.3011127  -0.11995503
   0.6700558 ]
 [ 1.0087415  -0.2635834   0.37853286 ...  0.14307728  0.00299314
   0.45585957]
 [ 0.48774204  0.8659985   0.33565837 ...  1.3858551  -0.56680775
   0.22455266]]",,"[ 1990.5248   2644.9575   1401.1317   1712.439    1505.2977   1718.7064
  1901.3757   2823.93     1281.428    3286.781    1740.6008   2099.4849
  3222.2673   1887.2257   1720.1519   2650.84      856.17993  1130.1185
  1945.2334   1312.2958   2621.155    2180.872    1550.141    1680.6283
  2342.299    3060.346    2048.4526   1452.9741   1449.2793   2242.741
   779.1427   2101.753    2803.8655    994.1033   1750.4203   2579.4893
   997.2136   1221.5778   1020.6881   1969.981    1850.2786   1957.4989
  1368.7012   1388.3625   1078.0698   1914.7843   1068.0612   2231.9387
  2066.1157   1941.4791   1429.0741   1337.3698   2800.866    1491.4207
   918.2575   1180.0479   1307.5073   1626.8005   2506.9155   3357.4023
  1698.5814   2801.6096   1485.2153   1039.3372    693.7944   1734.5603
  1629.9448   2163.6301   3828.6948   1859.1442   3107.4392   2584.2566
  1570.914    1221.0151   1563.1355   2020.7661    912.5309   1070.3507
  2383.8003   1016.5232   1389.5619   2529.402    1314.635    2106.2712
  1695.1073   4482.0337   3782.34     1553.1586   1219.4114   2236.7393
  1456.0558   1537.679    1112.8759   1610.0715   1048.2662   1776.2272
  1188.1033   1903.2046   1533.0344   1798.5269   2944.529    3486.5767
  3446.9976   1851.5771   1108.3937   4050.5928    779.5778   3617.413
  1376.1539   1589.3059   2347.0972   1704.3744   1765.6354   1537.5597
  1937.7239   1958.2941   3105.0774    806.1073   1661.7635   2882.9116
  1207.4303   2716.4822   1227.9501   1741.7097   1141.3431   1200.1191
  1564.6926   1429.423    1584.6067    877.4952   1214.5122    674.95435
  3252.1804   1063.4047   1196.9636   1549.7372   1722.2368    904.02924
  1505.078    1248.7748   1308.3651   1761.7726   4116.0513   1510.6871
  3815.6753   2543.9568   3583.841    1372.1594   2555.0703   2489.9297
  1250.8805   2289.0007    732.0348   2806.5532   1468.3269   2524.801
  1799.725    1838.8909   1992.8827   1757.8092   2443.7275   1760.1716
  1801.3169    843.5642   1328.7377   1204.7986   1548.344     947.25653
  2285.4487   1876.2328   1724.9275   1609.3286   1529.0824   1611.6561
  2204.1096   2434.4      3929.5574   2428.4119   1749.3176   2844.0757
  1915.5519   2887.5608   2421.9363    774.6705   1194.5769    523.137
   550.86096  1787.3009   1878.6119   1633.9174   2248.3047    473.77808
  1230.9352    872.55835  1566.7515   1627.2529   1947.9025   3223.0984
  1786.9186   2960.11      923.4011   1721.7623   1791.9012   2486.147
  2954.572    1739.9994   1964.7468   2392.7097   1251.6613   2392.6511
  2557.1858   2147.8982    717.2821   1359.562    2090.1611   1553.1306
  1624.6237   2114.7458   1535.3654   1739.8988   1519.5559   2545.897
   969.36914  2025.6444   2926.9055    619.65     2050.1138   1715.9479
  1670.6461   1380.5333   4667.57      927.96063  2591.793    1836.9258
  2553.1282   1305.3395   2658.6243   1560.4813   1162.9882   1687.4567
  1434.7172   1691.3961    827.2094   1670.5293   1572.1974    784.0222
  1316.7919   2596.7444   2698.9126   1624.7866   3126.559    1112.0023
  1062.244    1142.0938   1382.4155    600.88367  1341.912    2209.1763
   564.33575   835.04486  2226.8914   2985.7974   1078.9286   1395.0863
  3237.2312    976.87427  1631.8114   1291.2662   1665.7919   1691.6787
  1019.63824  2337.8694   4069.9912    906.3909   1667.7969   1285.8007
  1374.2109   1717.5751   1013.5339   1073.5399   2633.1619   2166.5088
  3629.0718   3251.4663   1305.0452   2238.807    2078.2876   1183.3438
  2131.5457   2146.65     3319.3594   1812.3958   2879.1265   4140.9854
  1891.678    1494.5953   2564.9043   2534.753    3148.0493   1857.1716
  1416.5024   1816.1458   1548.4506   1839.3748   1971.7106    851.6172
  1808.0216   2150.5696    786.6451    795.85144  2367.3452    763.69934
  2596.5586   2540.0056   2018.9093   1235.9229   1770.4869   2009.3966
  2370.9915   1227.0245   1102.661    1013.84155  2181.8242   1913.252
  4369.7935   1791.8701   1164.1422   1428.1757   1434.4884   1782.0161
  1767.541    2394.1055   1519.0282   1525.0895   2455.7207   1659.5316
  1220.959    1954.4672   3211.862    1275.5492   2077.3997    785.8763
  1088.5414    911.3922    948.75446  3804.1333   1667.0754   2199.4404
  1451.3157   3401.662    1219.4795   1172.5203   2653.2844   1232.6624
  1425.4216   2951.119     932.9773   1733.9287   1407.6749   2006.9519
  1707.9797   1330.9539   2571.4426    905.0709   1629.6035   1492.8695
  1913.618    1327.9502   1464.6747   1397.411    2314.9543   1906.7664
   919.89856  1981.738    3445.897    1162.93     1458.6838   2094.429
  1899.1201   2447.3633   1932.0583   1265.6014   2078.6167   2831.6714
   753.56525  1100.3605   1617.9663   2371.9912   3494.1414   2430.0405
  1498.7782   1502.9156   1567.627    2177.0798   1878.3999   1929.1008
  1915.3696   1684.3584   1462.78     1634.4553   1695.2496   1514.8027
  1329.2997   1618.5972   1831.78     3855.667    1626.9257   1341.3823
  1264.1837   1330.1552   1136.0153   1636.0928   2869.7861   2196.373
  2104.689    3145.3184   1272.3013   1827.4496   1879.6489   2263.27
  2739.7224    958.3922   3324.0356   2009.8591   1129.468    1670.613
  2177.4163   2546.7952    966.13513   596.8835   1709.997    2587.9194
   933.8205   1817.8086   2215.0586   1480.6012   1744.6155   3455.2085
  1033.5      2276.939    3862.0798   2362.191    1719.8167   1935.0334
  2744.5828   1244.4564    977.42834  1749.7101   2174.769    1550.8444
  1421.9155   1720.5802   2150.0715   1537.8447   1151.4526    661.57605
  3948.5974   2725.6343   1119.901    2735.4138   2028.8286   1650.2139
  1114.2369   2238.938    1142.6805    822.74      965.9641   3933.0933
  1211.1954   2729.722    3892.5789   1189.3716   1414.7836   1406.1539
  1777.9352   1969.7452   1123.6472   2204.8074   2949.3706   1204.6876
  2459.3606   1908.0972    761.5692   3305.682    1053.445    1399.7227
  1993.5054   2602.202    2174.207     993.1191   1298.229    2929.5552
  1310.0455   2187.1213   3117.4116   1138.9629   1592.7233   2435.958
  2577.9739   1437.3005   3908.8494   1222.7039   1696.9452   2316.9326
  1445.2058    761.8245   3198.47     1570.9331   1385.1527   1179.897
  3315.3113   1778.3777    869.4605    704.18805  1579.0664   1907.3777
  2101.185    2018.6696   1157.7477    945.55225  1785.3534   4998.0234
  1274.2672   1412.959    5261.693     810.41693  1109.1982   2125.8577
   824.0481   1835.6587   1696.9805   1960.9711   1588.3137   1486.4373
  1777.4307   1782.8975   1432.4193   1726.1836   2700.1045   3061.1418
  2344.0186   1988.7902   2197.8057   1751.1559   1240.8619   2849.4363
  1369.024    1597.1434   2219.375    1946.7692   1067.5874   1853.2343
  1452.3789   3865.7676   1371.123    1756.3209   1184.7413    776.6669
   777.4473   1624.051    1358.4938   1431.1204   2013.9044    555.352
  2167.7395    884.58386  1635.8287   1561.7026   2395.9922   2350.457
  2364.955    1965.9949   3118.233    1226.8959   1685.809    4026.3584
  1055.5198    642.7478   2284.9866   1022.7196   3054.1672   1782.139
  3556.7458   1164.9113   2218.665    2312.4275   2242.5312   2112.1807
  3008.6697   1913.7755   3814.2498    878.754    1177.6233   1741.8605
  1144.6122   2918.705    1702.9615   1498.7855    762.3366   1822.1116
  2021.4838   1984.3901   1842.3273   1274.3805  32397.742    2816.0317
  2037.1289   1606.3254   1167.2048   1165.2594    781.6256   2632.6099
  1201.4258   1495.1449   1478.1863    645.0758   1380.2975   2364.0168
  1095.3916   3473.8926   1586.746    2093.3208    915.8498    828.75934
   705.77844   881.49097   974.1137   2085.844    1434.6006   2855.5583
  1067.8939   2571.8      1807.398    1526.7839   1636.8173   1486.2205
   504.566    1626.8882   1832.573    1682.9086   1873.6903    760.9803
  2202.821    1112.5013   2579.5837   1188.068    2284.404    2781.0986
  1101.2305   2683.1096    948.62555  1045.9901   2002.6066    958.84265
  2385.9253   1326.4696   1440.8961   2051.6145   1079.492    1461.7926
  1719.7058   3003.0571   1624.1359   2621.0806   2049.7314   1666.401
  3039.542    2645.7485   2209.3674   1671.501    3372.4321    724.2978
  2837.5588    979.61646  2657.9187   2755.875     810.3506   1032.3827
  1710.092     910.4633   2515.4355   1123.8612   2168.5508   2185.3464
  2487.508    1171.96     1082.0516   2544.072    1701.3164   2054.964
  2049.8887   1786.9037   1190.7274   1143.7782   1367.0382    699.9495
  2189.5852   1320.2281   1910.8649   3269.9502   2834.7007   1783.8052
  1601.9688   3803.393    2678.035    1474.8777   1737.7732   1999.2372
  2213.0806   2494.5496   1744.0312   1656.378     728.4585   1202.4708
  2306.7625   1932.8767   2393.412    1952.8975   1124.0334    912.96265
  2575.6973   1566.8535   1440.4634   2140.3472   1361.1791    954.22406
  1522.7772   1735.7297   1479.0354   1739.3666   1988.0878    918.25024
   870.3856   4467.871    2064.3975   2449.6746   1951.0387   2068.3296
  1111.7417    691.1993   2619.4746   3566.9084   2957.1182    652.68616
  2106.5386   1179.8341   1959.3188   2589.979    1586.7198    961.91595
  1517.1821   1141.189    1761.4742   1046.0881   1922.4432   2853.2263
  1663.564    1225.756    1314.5503   2341.9768    915.4028   1777.9305
  1421.4016   1645.4305   2000.3201   2539.3855   1072.9923   1991.6226 ]",0.6742470805162877,0.7448877985120113
9,15000,Transformation_Matrix_W,"[[-0.4028052   0.5473136  -0.14204547 ...  0.28147948 -0.09485482
   0.3459048 ]
 [-0.2895467  -0.01337648  0.1553283  ...  0.23491646  0.06933885
  -0.10931633]
 [-0.3935794   0.44205964  0.14146651 ...  0.43582827  0.07488713
   0.21568067]
 ...
 [ 0.04129115 -0.5743251   0.01032254 ...  0.31604436 -0.38936794
   0.01651018]
 [ 0.85042876 -0.2780917   0.11494333 ...  0.0259658   0.15503189
  -0.3335501 ]
 [-0.18259649  0.28708905 -0.22407581 ...  0.11734427 -0.26515236
  -0.03768022]]",,"[ 2043.9506   2761.1768   1484.9705   1776.0841   1533.9895   1778.3713
  1971.3743   2852.8127   1306.0587   3415.5774   1765.8475   2186.9233
  3344.8167   1959.3993   1787.5356   2717.8088    880.25964  1164.6721
  1992.316    1368.1052   2764.2861   2227.8047   1587.7356   1779.3855
  2404.9917   3201.6118   2166.2722   1500.2106   1510.1147   2344.5276
   800.5293   2166.9714   2883.1511   1037.8936   1792.7505   2700.8987
  1028.8783   1244.9225   1042.6415   2030.6637   1916.4377   2036.4403
  1426.606    1405.3267   1132.9137   1972.5709   1104.0337   2253.4988
  2150.7883   1989.4553   1492.3519   1374.3584   2848.4988   1543.752
   949.18097  1212.8026   1331.9047   1695.0807   2606.3916   3535.1704
  1763.5359   2860.7244   1561.1997   1092.5396    720.0297   1782.6615
  1672.2523   2261.5093   3974.4246   1910.1158   3275.142    2671.8252
  1619.1543   1274.3372   1610.6198   2121.2517    928.70483  1089.4764
  2465.3328   1053.6469   1404.4069   2588.6858   1372.0038   2191.922
  1706.6693   4807.623    3937.257    1649.8834   1256.9791   2314.0806
  1501.1667   1602.0708   1155.6874   1667.9993   1103.0985   1825.6865
  1248.2307   1955.8019   1606.1846   1801.1836   3057.047    3564.6143
  3538.9517   1962.6122   1148.476    4134.9956    813.7714   3925.0354
  1441.7498   1630.3206   2400.9653   1752.66     1819.65     1568.422
  1991.7373   2033.9287   3205.24      830.48145  1735.794    3008.791
  1229.2362   2809.7522   1260.2057   1787.7809   1181.8982   1254.8
  1595.6102   1497.6879   1626.916     880.19885  1242.2489    691.87146
  3402.176    1087.3573   1250.8558   1603.8864   1810.9869    933.21826
  1547.9641   1271.21     1318.4209   1809.4215   4202.0107   1551.2084
  4028.0435   2570.371    3623.4302   1378.9563   2648.9016   2533.3474
  1291.1576   2289.732     747.7168   2925.014    1508.0173   2583.7756
  1830.6798   1906.1631   2039.7592   1798.2317   2521.5955   1810.6833
  1901.2253    863.4698   1393.317    1245.3839   1573.1584    998.77966
  2330.9482   1964.7731   1758.1571   1663.5488   1565.278    1651.8068
  2289.602    2457.2903   4053.0552   2473.8452   1804.0718   2983.305
  1947.0964   2949.012    2541.6948    813.20874  1205.6942    537.4397
   554.211    1839.0632   1916.0144   1715.9818   2341.7031    484.89636
  1276.2983    901.2625   1620.0665   1695.2427   2046.5502   3387.9119
  1852.5852   3097.9246    958.0452   1745.5594   1840.1665   2517.1436
  3041.9016   1777.7677   2038.706    2508.4407   1296.7197   2471.489
  2642.2305   2182.9978    727.8524   1398.015    2135.9548   1581.4152
  1672.9591   2178.9578   1555.987    1794.8655   1591.6808   2646.8032
  1008.8003   2133.034    2991.2278    643.5353   2135.336    1783.9116
  1694.6675   1419.0359   4806.1763    952.13837  2646.614    1920.679
  2611.7544   1361.4896   2729.4265   1617.3732   1209.0319   1786.4861
  1474.5135   1713.4856    837.6054   1744.9475   1640.8624    809.1307
  1335.2109   2661.07     2785.4055   1667.0886   3151.953    1132.3884
  1092.2577   1210.2037   1450.6417    626.38104  1361.6213   2290.6357
   574.8445    874.26733  2266.3127   3091.8325   1114.1998   1441.0586
  3319.0566    996.5465   1712.9062   1326.6251   1677.2268   1729.2325
  1062.4064   2440.3386   4325.293     938.40967  1716.4702   1333.4291
  1405.1157   1785.8536   1067.8638   1141.       2719.1042   2229.6174
  3855.1292   3361.4001   1323.1636   2330.572    2166.9355   1203.5402
  2165.2258   2234.6985   3356.6934   1915.3097   3032.152    4297.231
  1972.9951   1576.7834   2655.409    2653.764    3305.6487   1933.682
  1467.2512   1886.0723   1642.8234   1877.533    1983.9712    877.4238
  1889.5814   2189.0605    835.06805   838.05457  2423.5896    772.071
  2626.3076   2564.668    2124.4048   1254.4027   1782.421    2032.428
  2381.2883   1246.3557   1128.808    1040.5924   2265.9895   1970.5055
  4526.862    1856.0874   1203.3301   1509.2177   1454.3661   1839.4921
  1841.5419   2419.1292   1560.4458   1568.5629   2486.6345   1750.5568
  1253.4357   2029.3145   3318.9797   1301.9745   2134.1453    807.6362
  1140.0972    924.8855    985.4804   3952.5408   1683.2905   2296.6716
  1497.1996   3495.4805   1269.8573   1212.0908   2814.3298   1244.6996
  1462.2186   3097.5183    953.9301   1813.8906   1469.5669   2029.7104
  1763.1265   1426.9109   2597.6353    941.9489   1699.1111   1527.5197
  1959.2883   1384.0941   1501.0182   1416.227    2335.1494   1962.0258
   945.74506  2014.0653   3576.175    1238.4388   1486.893    2137.8828
  1955.5057   2539.381    2002.152    1299.0754   2161.5317   2935.545
   762.50903  1156.754    1693.282    2441.5916   3593.9731   2563.2844
  1545.256    1569.2439   1609.8738   2312.6487   1950.8317   1991.9867
  2007.0184   1733.5651   1488.9214   1706.3254   1719.5862   1553.5122
  1401.732    1660.9274   1866.7255   3917.301    1678.4719   1387.4069
  1296.533    1346.2202   1152.3987   1682.956    2946.0518   2294.1902
  2167.6016   3231.0085   1330.5841   1900.3213   1917.1405   2331.8884
  2865.429     990.07263  3391.2502   2068.005    1153.1552   1702.3531
  2266.009    2622.1367    995.56964   620.29767  1756.6733   2688.345
   954.28357  1867.046    2280.751    1571.066    1802.7462   3652.3064
  1050.6332   2377.6892   3987.796    2389.179    1737.7712   2004.8976
  2871.2063   1305.5166   1017.23706  1804.0786   2273.3625   1637.592
  1464.3848   1788.0739   2246.2764   1587.1868   1181.6859    688.32043
  4120.114    2768.119    1154.3356   2814.774    2169.6748   1695.5652
  1136.474    2304.0205   1173.0299    848.0296    997.91943  4026.6099
  1243.3129   2789.5537   4077.5962   1207.8157   1450.5786   1461.5709
  1835.2965   2018.4076   1157.3306   2305.0132   3048.2048   1225.1417
  2506.8188   2003.3649    773.4464   3348.5603   1086.3651   1479.1388
  2057.6187   2670.0586   2245.302    1013.11957  1343.8607   3028.638
  1352.5964   2289.4888   3226.422    1153.253    1645.8367   2609.7283
  2709.8164   1456.2037   4033.78     1270.7272   1730.3038   2420.8318
  1466.9364    794.3685   3365.9514   1629.5802   1457.6581   1202.0007
  3472.4832   1900.8938    890.8533    739.40674  1669.1589   1931.1215
  2165.9082   2057.4072   1234.088     973.0755   1845.9987   5170.731
  1297.66     1461.1948   5480.431     840.23456  1150.1405   2166.73
   860.96173  1902.405    1757.1212   2046.4279   1649.5148   1526.3037
  1853.1982   1842.0872   1481.4352   1774.3232   2811.2407   3152.6958
  2479.6511   2073.2283   2222.0356   1829.4967   1254.3529   2963.376
  1415.122    1657.4952   2345.6587   2014.4639   1083.2793   1916.9178
  1482.3585   4049.1987   1409.6013   1785.2795   1212.0353    801.848
   810.3989   1661.2721   1394.1226   1489.4026   2083.26      569.5523
  2244.276     908.01215  1695.9508   1587.2847   2456.421    2488.6558
  2405.4062   2069.4287   3192.6167   1255.3872   1759.053    4075.9224
  1097.8645    654.4884   2369.8298   1057.2886   3210.699    1849.2183
  3593.1733   1198.6494   2239.2073   2385.4387   2347.6523   2164.8518
  3111.5513   1945.7039   3948.5671    902.2113   1220.8672   1778.2252
  1197.409    3020.0603   1754.347    1505.8967    785.37384  1897.0452
  2077.9675   2061.0552   1870.9219   1314.9567  33020.965    2853.361
  2069.7668   1642.6011   1182.7445   1200.351     829.07227  2780.3213
  1254.9681   1561.9188   1537.5366    667.5896   1398.8156   2431.872
  1119.4447   3632.4822   1645.6986   2222.8442    959.6494    843.80566
   721.64703   901.4709   1015.80225  2167.324    1504.5347   2933.3647
  1087.5607   2721.1243   1880.0292   1598.2875   1656.2657   1555.3816
   519.886    1691.4531   1906.6422   1755.4072   1900.054     785.72864
  2269.912    1153.9441   2658.6873   1203.2377   2370.4692   2863.4644
  1134.8838   2726.6567    959.81177  1063.856    2020.5632   1015.03937
  2491.868    1379.4219   1462.1973   2129.9453   1129.3694   1484.1273
  1747.6465   3075.6135   1690.9615   2726.5083   2139.0718   1750.6033
  3171.7395   2718.4148   2341.109    1698.931    3439.0469    739.52094
  2962.222    1010.9779   2702.4705   2818.1763    837.658    1040.2692
  1746.6792    956.07166  2608.0325   1134.3401   2306.0996   2250.1914
  2597.3723   1182.6564   1107.7532   2697.916    1751.1163   2077.8303
  2122.7695   1829.2122   1255.3461   1218.641    1387.5598    717.27686
  2313.1199   1352.7329   2023.2887   3396.6543   2942.1824   1884.8446
  1680.3478   3890.6206   2795.4648   1506.3036   1819.6139   2132.861
  2281.1204   2593.965    1802.2366   1692.2063    744.0874   1247.0118
  2323.8425   2010.5698   2469.1301   2001.6533   1159.9171    939.40466
  2681.2312   1597.4846   1477.657    2198.1218   1388.9385    996.60474
  1574.2831   1786.9048   1522.9845   1766.4979   2044.5118    942.7361
   927.74677  4654.3413   2150.3757   2483.5327   2016.5275   2136.5032
  1148.4982    709.7043   2733.2312   3652.388    3074.4128    665.7275
  2199.546    1206.2859   2017.1571   2685.7434   1628.8792    986.69006
  1573.4865   1176.6611   1817.1791   1078.1543   1962.3508   2928.0188
  1688.1278   1253.8505   1340.4037   2428.9358    945.1186   1860.98
  1472.8971   1685.1334   2075.0244   2693.7358   1095.5321   2079.5742 ]",0.6471266133988937,0.7350175675068792
10,15000,Transformation_Matrix_W,"[[ 0.24512734  0.2999975   0.18091606 ...  0.42578655 -0.10105361
   0.48455778]
 [ 0.14720736 -0.01077824  0.29315773 ...  0.2910978  -0.13848433
  -0.28716606]
 [-0.1998653  -0.12438471  0.11105238 ... -0.09190555  0.02090919
   0.13009843]
 ...
 [-0.01301285 -0.40510333  0.0049727  ...  0.2699891  -0.02481931
   0.19726227]
 [ 0.39922398 -0.20255521  0.03257203 ... -0.41077682  0.25835574
  -0.27231324]
 [ 0.06094623  0.38452822  0.05285257 ... -0.17544965 -0.03840593
  -0.0613768 ]]",,"[ 2155.4985   2908.5261   1553.5306   1841.4604   1565.5144   1828.2308
  2056.8347   2955.5076   1366.7136   3523.292    1834.8002   2261.4468
  3498.639    2017.7122   1869.6978   2854.4731    904.74915  1222.3098
  2048.6648   1401.1675   2925.991    2312.6362   1700.1858   1874.9785
  2489.9983   3419.075    2257.0938   1593.36     1572.1091   2426.9587
   827.53687  2251.2905   3014.1743   1086.0636   1873.4932   2878.5195
  1071.9443   1275.6569   1072.8899   2060.284    2006.485    2091.8394
  1469.2632   1454.9757   1172.3722   2095.8875   1142.1649   2310.7258
  2189.79     2060.3762   1593.0715   1467.9264   2975.7144   1601.8716
   973.7065   1243.0415   1378.9115   1748.7902   2690.9443   3643.6072
  1887.9349   2940.3777   1647.9185   1128.5267    737.7875   1875.206
  1729.0486   2375.2686   4149.0996   2000.803    3503.0815   2823.224
  1643.0867   1337.8115   1662.4774   2216.6787    953.83997  1149.936
  2542.5662   1093.4263   1454.8877   2674.469    1437.5481   2283.6467
  1749.0288   4961.3857   4068.7747   1696.0156   1298.8662   2433.9023
  1534.9901   1670.6904   1196.2631   1727.7589   1129.097    1859.492
  1305.3796   2018.14     1704.1858   1875.8907   3152.7207   3604.5986
  3633.0686   2019.0791   1177.4232   4298.4395    841.836    4104.709
  1514.9618   1698.9843   2465.6138   1830.3541   1855.3799   1653.2742
  2067.3894   2131.4487   3314.9746    864.4977   1799.4352   3100.794
  1257.6494   2884.0146   1331.911    1834.9397   1205.0244   1310.362
  1651.6305   1538.7319   1704.9816    882.4196   1306.3503    704.4188
  3515.7883   1123.1284   1302.3678   1683.2042   1904.9662    961.4825
  1675.8693   1304.5773   1357.9888   1851.3387   4302.4316   1629.4805
  4205.26     2644.0322   3729.8728   1397.9174   2834.632    2598.292
  1367.3896   2349.089     792.47284  3026.967    1559.093    2643.621
  1886.9651   1950.1191   2028.3257   1897.5068   2674.606    1842.2367
  1977.0453    885.4982   1432.5148   1306.3889   1635.1824   1054.3417
  2400.0974   2018.0084   1811.412    1683.1174   1609.4891   1706.2544
  2373.082    2565.0203   4239.416    2605.636    1877.9152   3154.9448
  1975.7314   3091.643    2607.281     852.5787   1231.2122    551.897
   569.67584  1888.9781   2017.1198   1811.6116   2393.9172    504.7725
  1301.1917    927.1578   1667.0743   1748.4849   2124.7512   3493.4744
  1939.1676   3247.7112    995.869    1799.1165   1916.8457   2590.894
  3142.45     1830.3936   2080.1868   2552.0298   1331.0936   2577.3987
  2724.3494   2255.6458    754.6554   1451.9343   2227.6375   1621.5797
  1716.7567   2226.6943   1616.2721   1899.707    1665.909    2736.3684
  1041.482    2224.077    3071.4756    669.1609   2195.0808   1831.8717
  1765.1348   1433.9839   4992.604     969.7764   2813.3596   1996.4185
  2648.8252   1426.7891   2792.5715   1671.2173   1240.3181   1862.0356
  1542.2675   1778.1938    860.3331   1846.404    1690.4924    833.28644
  1391.4039   2741.8848   2867.4133   1732.8983   3235.0735   1154.022
  1113.8467   1255.8      1562.7648    653.0115   1424.662    2342.7297
   586.2003    905.89087  2345.7603   3254.5193   1142.7001   1484.6149
  3455.635    1023.3132   1836.5985   1393.8623   1756.3264   1778.614
  1104.8318   2502.444    4526.0205    987.3185   1788.6549   1396.8877
  1468.8942   1819.9722   1145.7552   1231.8771   2772.5115   2286.8162
  4140.6753   3453.6514   1359.2489   2394.8176   2252.7766   1229.8516
  2228.3591   2332.7988   3439.6716   1980.125    3157.0522   4421.025
  2041.31     1664.0483   2709.772    2773.2126   3406.423    2001.7803
  1518.75     1943.36     1681.6984   1932.0853   2058.247     910.72186
  1951.1818   2200.2356    849.8452    899.02734  2479.7693    801.8024
  2725.673    2639.196    2184.057    1290.874    1824.6233   2115.0742
  2433.2039   1304.5468   1156.2266   1073.2117   2349.412    2067.4287
  4688.7866   1901.6824   1263.1989   1559.3119   1505.4287   1908.9316
  1952.3212   2551.1375   1604.3722   1636.9766   2565.9004   1809.866
  1325.964    2113.246    3457.5168   1369.8975   2252.1992    834.9658
  1149.2205    936.00195  1043.235    4136.476    1702.6237   2372.9111
  1556.7192   3570.1855   1285.7206   1253.886    2926.0327   1305.1932
  1508.6661   3180.821     994.1196   1849.6548   1528.366    2121.387
  1766.1056   1482.6628   2699.6074    979.69836  1805.7378   1570.5118
  2011.1344   1419.7377   1530.7319   1450.804    2424.2444   2065.3804
   978.6      2125.8503   3733.8098   1308.105    1505.8849   2207.7556
  2019.8401   2643.343    2091.5623   1337.2665   2297.7302   3017.0994
   780.55853  1227.4218   1755.4629   2558.9639   3703.388    2706.467
  1603.5594   1656.5615   1718.6715   2389.004    2023.5519   2064.8376
  2040.0052   1779.5839   1545.0369   1765.4606   1784.624    1591.0948
  1500.407    1721.4253   1920.48     4038.4229   1730.4702   1432.3151
  1306.7494   1371.558    1191.238    1730.1161   3072.2383   2375.8052
  2179.6948   3416.849    1389.0703   1973.2408   1995.715    2434.075
  3064.252    1015.976    3540.3953   2089.533    1201.9827   1785.8
  2371.55     2750.2449   1035.4543    635.88116  1817.1648   2781.231
   962.337    1920.091    2393.373    1630.0985   1858.6885   3841.0615
  1104.4703   2495.7212   4076.5015   2449.97     1804.0802   2096.8232
  2893.04     1335.0596   1059.7582   1887.4594   2342.7666   1711.4457
  1514.789    1849.1866   2297.7676   1635.2037   1226.9861    718.1153
  4262.146    2938.8328   1216.681    2911.2112   2261.7178   1763.8296
  1167.5695   2362.768    1214.069     885.74664  1047.875    4145.695
  1276.0383   2913.959    4255.2485   1247.1886   1498.9664   1517.9349
  1925.6466   2022.1233   1200.1279   2385.0652   3122.7573   1275.4517
  2584.048    2107.2148    789.8187   3466.7383   1119.7206   1547.7744
  2185.143    2767.2017   2320.1052   1052.1029   1381.4901   3166.8413
  1371.2142   2400.421    3317.139    1221.8179   1724.2942   2794.4927
  2877.5122   1531.015    4067.122    1352.7656   1800.9512   2543.8596
  1518.3721    825.7093   3541.425    1687.4514   1517.1364   1226.1274
  3620.4082   1954.3052    956.457     759.6162   1780.9171   1983.0782
  2220.9124   2152.8525   1319.5232   1002.537    1935.8949   5344.681
  1313.492    1523.8105   5704.5303    876.07367  1214.7358   2244.5544
   890.0766   1978.943    1821.4827   2115.2551   1716.0425   1554.8833
  1950.4834   1943.1787   1571.1349   1833.5334   2947.7769   3333.4905
  2583.2434   2172.833    2306.226    1949.6392   1255.989    3068.058
  1447.4889   1729.0171   2453.8135   2039.8207   1140.4032   1936.212
  1541.6342   4191.584    1457.341    1807.7477   1251.1234    847.8338
   849.6346   1714.9365   1422.291    1549.1688   2178.3325    587.1369
  2277.5703    948.3081   1747.7101   1627.1707   2547.6587   2637.5032
  2484.1995   2134.6946   3320.3806   1266.4126   1811.1102   4275.9585
  1149.3494    684.22754  2449.0508   1086.088    3318.0635   1932.4117
  3642.2747   1214.0522   2347.9556   2507.1433   2422.5208   2243.9363
  3255.8386   1985.5724   4063.993     938.2547   1261.9843   1879.9359
  1254.9994   3152.227    1837.3369   1598.9308    802.34235  1991.4174
  2162.4805   2150.9233   1915.5201   1381.91    34211.58     3030.2932
  2129.837    1691.9828   1234.8201   1233.5226    865.8669   2900.977
  1260.1118   1599.5933   1586.3718    696.23676  1460.8049   2540.6633
  1145.0219   3829.6433   1671.7091   2327.3184    984.838     866.18976
   741.844     944.0465   1043.2108   2238.4463   1557.7166   3047.575
  1132.3654   2815.8162   1974.9985   1651.466    1705.3182   1636.3385
   535.6879   1788.3856   2001.7534   1813.506    1970.0922    812.2079
  2370.0854   1211.4565   2754.7498   1225.6146   2423.0945   3013.5564
  1178.5256   2821.7659   1010.0312   1116.5929   2077.2732   1052.5979
  2577.343    1473.4884   1492.4261   2161.9485   1207.41     1559.6139
  1752.3407   3238.1885   1756.9974   2786.305    2152.1538   1833.8007
  3309.7903   2888.7505   2421.0198   1770.9226   3609.1838    766.2993
  3136.504    1056.2211   2837.9668   2915.8635    873.45087  1060.4226
  1832.4805   1006.62537  2699.9      1145.3291   2363.0151   2344.602
  2687.9397   1219.884    1109.5247   2897.524    1875.6671   2108.8806
  2247.3872   1933.1819   1329.7771   1284.7988   1411.6237    729.58276
  2372.5613   1422.7582   2106.114    3514.2769   3036.9365   1999.0132
  1756.4547   4137.2007   2884.4094   1538.4259   1912.9487   2236.1802
  2380.3484   2751.404    1826.6464   1731.288     760.87946  1301.6759
  2393.302    2141.2468   2536.3777   2085.3372   1213.2053    969.2221
  2764.0383   1653.9531   1540.1907   2288.9622   1453.4862   1044.892
  1609.1445   1816.7253   1576.8195   1833.3086   2131.7812    991.99817
   963.591    4824.869    2247.5247   2524.0422   2075.6648   2202.685
  1179.6783    735.00964  2835.3965   3905.6707   3198.3586    683.8802
  2256.579    1246.0607   2102.9453   2799.934    1686.594    1010.88727
  1602.9181   1208.7344   1873.6334   1116.274    2044.6185   3038.5813
  1721.1168   1278.9923   1359.1315   2542.5432    991.6138   1924.7009
  1526.8344   1735.4714   2156.1199   2849.4407   1127.0842   2114.0552 ]",0.6185464044253227,0.7227295039619802
11,15000,Transformation_Matrix_W,"[[ 0.19600637 -0.07305534 -0.06723319 ...  0.04231141 -0.1586856
   0.16806173]
 [-0.10530504  0.20650244  0.0576611  ...  0.01919519  0.16321844
   0.0133689 ]
 [ 0.12117549 -0.3227185   0.01067498 ... -0.09118413  0.08682277
   0.0650687 ]
 ...
 [-0.19862741  0.04315951  0.02663234 ...  0.16850421  0.05772803
   0.34354508]
 [ 0.2320225  -0.24529266 -0.06748348 ... -0.25769016  0.16989917
  -0.01364932]
 [ 0.00918844 -0.08443575  0.02933609 ... -0.06955741 -0.08648793
   0.074936  ]]",,"[ 2144.2173   2782.2644   1520.2142   1778.8677   1534.8507   1761.2407
  2022.3148   2854.25     1338.4236   3422.0293   1799.4089   2209.6707
  3310.6677   1952.615    1795.7487   2762.2969    890.89795  1199.7369
  2006.8625   1367.818    2870.6917   2249.2827   1668.9786   1767.2695
  2436.2559   3249.8545   2185.2158   1551.6208   1514.857    2352.9048
   812.88025  2147.7217   2934.6191   1040.1787   1775.8323   2685.174
  1034.1123   1249.7622   1061.5793   1991.9403   1916.0457   2024.837
  1448.8629   1405.3761   1140.2871   2009.3318   1137.0502   2227.3345
  2142.63     2026.0553   1513.4052   1388.7651   2879.555    1543.9574
   954.89655  1204.3009   1365.7733   1701.8486   2571.9265   3490.7498
  1841.6102   2881.6199   1584.0033   1064.0787    715.9793   1829.109
  1705.8141   2311.8184   4023.3909   1982.9723   3310.2556   2692.8796
  1582.6683   1307.4163   1620.3427   2127.9968    941.315    1131.8776
  2490.5095   1080.9631   1434.0916   2642.8367   1397.4386   2222.5347
  1700.6683   4748.5977   4007.3972   1619.849    1271.7169   2402.127
  1475.8584   1627.8793   1171.431    1662.878    1103.885    1809.7472
  1261.2633   1967.23     1642.7838   1796.343    3051.4      3495.577
  3574.2585   1933.5508   1165.948    4148.412     823.0317   3952.4084
  1480.0958   1674.2285   2438.0525   1759.1515   1818.6406   1598.3392
  2021.2943   2035.2131   3245.21      851.21326  1749.2509   3035.0288
  1229.096    2835.4612   1268.9025   1800.4401   1184.9912   1268.2958
  1635.2784   1520.8269   1694.3807    851.0549   1251.6978    675.07996
  3288.9998   1089.6      1259.3032   1633.5945   1846.7997    936.65857
  1651.8701   1270.8164   1323.1371   1809.2189   4157.8286   1610.9761
  4051.2935   2556.449    3582.937    1379.7837   2721.5825   2510.4197
  1353.1378   2303.0334    778.5209   2944.8518   1524.9509   2550.275
  1814.3627   1901.5918   1981.8184   1866.2802   2561.9507   1788.5757
  1947.3164    873.74866  1403.9452   1244.0231   1610.979    1015.691
  2318.6865   1973.5981   1766.841    1667.6853   1555.4987   1669.5138
  2328.4385   2460.518    3954.457    2499.8254   1864.3458   3100.18
  1915.6317   2983.98     2549.9822    820.64886  1192.5509    541.8115
   564.2586   1825.7817   1933.8691   1745.4144   2278.9111    498.39313
  1246.2551    889.4032   1608.8486   1711.7931   2076.4675   3406.1365
  1833.7009   3109.5532    954.08856  1742.6909   1865.7426   2484.3774
  3080.4268   1799.992    2003.0349   2503.5725   1293.5143   2526.6362
  2665.4177   2204.7217    743.7991   1405.2496   2124.1897   1583.4537
  1683.4708   2179.2954   1562.9686   1854.9282   1652.708    2659.117
  1018.03766  2192.09     2927.503     656.8486   2104.9128   1767.287
  1715.2877   1402.9254   4856.8667    954.6556   2692.0513   1948.3865
  2584.5837   1379.334    2746.95     1652.4307   1204.842    1806.317
  1458.7145   1748.7501    849.8098   1810.601    1647.0863    797.5595
  1354.6871   2598.5537   2797.5051   1640.6403   3118.7993   1121.5216
  1070.2152   1224.9137   1515.2753    646.1546   1392.1317   2286.5278
   572.10376   884.126    2260.8025   3152.9722   1144.8079   1443.677
  3326.96      988.81116  1743.6965   1350.4585   1716.2473   1727.9149
  1070.5851   2462.372    4425.6904    963.379    1738.323    1364.0195
  1398.9436   1768.0232   1141.3202   1181.2721   2723.3047   2227.8765
  3963.9536   3361.9868   1314.078    2354.213    2141.7957   1208.3804
  2187.2886   2215.1995   3327.4626   1929.0245   3116.806    4309.826
  1976.7302   1631.4124   2598.2969   2730.668    3329.8828   1953.2325
  1475.4172   1901.7523   1661.4727   1916.3672   2000.4945    885.3963
  1914.1147   2114.1765    838.72894   866.1939   2400.2952    786.72626
  2645.4087   2514.015    2151.647    1270.022    1808.675    2036.6339
  2376.3398   1255.5386   1131.2638   1054.4725   2265.2996   1952.9996
  4465.3306   1867.2562   1229.7312   1503.3103   1440.6252   1852.5881
  1866.5452   2453.0718   1557.303    1595.0333   2506.9973   1796.9191
  1307.4542   2068.1682   3332.9922   1294.1685   2195.6523    819.4119
  1139.495     914.5943   1000.946    3923.6455   1639.3433   2341.9585
  1484.1819   3511.179    1259.6115   1218.2325   2814.1885   1268.8843
  1491.8011   3101.3013    971.987    1810.7423   1487.5352   2095.237
  1718.3119   1449.2191   2612.2861    969.80676  1748.7606   1496.3053
  1960.6749   1396.6595   1489.168    1412.1299   2361.478    1967.2816
   951.0337   2070.3352   3680.6785   1294.0692   1465.6804   2147.0981
  1967.2568   2543.88     2076.0337   1273.588    2191.137    2934.43
   764.9708   1161.4757   1705.7599   2467.3948   3606.4172   2671.079
  1566.4796   1583.3479   1672.7075   2333.5408   1995.2244   2012.346
  1953.1187   1745.6396   1523.3153   1713.9425   1745.9875   1538.1747
  1431.9797   1665.8097   1900.7343   3935.4146   1704.1211   1399.0916
  1231.8417   1329.3228   1132.878    1685.7704   3030.849    2264.1243
  2132.0884   3237.7048   1327.2069   1945.4396   1954.7727   2374.54
  3039.813     990.78375  3319.2046   2000.7078   1180.2058   1722.889
  2296.629    2669.4016   1014.7955    623.7069   1781.7878   2679.0764
   949.92     1874.802    2307.6968   1564.0251   1818.2311   3661.3113
  1080.7444   2391.203    3951.3323   2383.7148   1752.8998   1994.6183
  2825.9102   1294.31     1037.5979   1850.6594   2263.7334   1669.2899
  1492.2468   1796.83     2234.0813   1621.1924   1193.0714    708.2415
  4144.1436   2796.7969   1161.1259   2824.9377   2194.2231   1714.9308
  1147.1116   2282.7988   1193.2554    864.44775  1022.4895   4000.5972
  1217.846    2836.2693   4092.5693   1214.6078   1462.1989   1459.8411
  1846.9012   1938.308    1152.9918   2326.8713   3046.5195   1254.0581
  2523.727    2008.2107    778.83514  3373.69     1093.4037   1473.2817
  2122.6443   2674.8372   2289.612    1029.6099   1334.2576   3078.8018
  1340.831    2289.1223   3218.157    1176.336    1669.2859   2705.4087
  2820.6433   1481.9349   3891.6758   1277.1345   1782.0631   2471.0671
  1448.2964    799.50543  3395.101    1617.8649   1507.7153   1176.9032
  3459.4683   1872.9454    955.37946   731.52435  1690.1544   1905.0125
  2162.4634   2092.8267   1281.0609    992.4651   1833.1581   5136.091
  1285.4473   1471.0872   5561.5684    845.7774   1166.4071   2170.1394
   869.81757  1863.3344   1764.6792   2047.2349   1636.6503   1520.1323
  1919.167    1861.114    1507.0886   1796.6726   2908.2856   3208.0437
  2516.111    2113.976    2245.6396   1901.3875   1233.2091   3021.406
  1428.8127   1669.4172   2387.7908   1959.7737   1092.0519   1857.733
  1468.6487   4040.007    1404.2172   1754.3219   1223.0184    820.67194
   840.0288   1658.3169   1381.8807   1522.8533   2107.0234    574.63696
  2256.6082    931.1512   1724.7495   1579.0057   2433.4297   2547.2903
  2428.3374   2081.9277   3170.17     1239.516    1783.5972   4058.5222
  1113.6357    688.5361   2384.0422   1074.4756   3219.1028   1899.1101
  3527.7102   1170.6185   2293.5293   2405.143    2338.6384   2225.5344
  3104.9797   1895.219    3960.2493    896.1622   1211.047    1817.1609
  1220.5072   2995.1921   1798.2417   1557.0159    788.8461   1902.6588
  2069.457    2102.2512   1871.8191   1357.2437  34261.48     2908.4883
  2057.4846   1655.7897   1189.9409   1200.2651    839.3182   2818.6812
  1248.6652   1538.3778   1532.3768    670.8834   1401.7535   2444.0205
  1139.7925   3689.0505   1612.2203   2253.702     958.29553   839.74414
   730.5416    940.4575   1008.7428   2190.8108   1515.3975   2956.9778
  1090.7705   2761.2651   1956.8915   1618.7737   1665.2821   1597.2163
   521.1069   1736.2787   1928.1476   1791.2537   1910.8936    790.0806
  2268.3281   1159.7839   2629.3813   1205.1495   2369.8652   2906.4348
  1131.569    2762.951     990.26624  1098.7056   2042.5161   1036.9985
  2486.5193   1396.0583   1450.9734   2101.4397   1161.2563   1512.5266
  1714.7092   3196.4128   1701.5096   2719.3203   2034.5009   1771.9036
  3262.4805   2717.0422   2380.262    1703.0624   3519.435     746.3438
  3015.1882   1019.47845  2811.9568   2850.7253    858.1341   1044.3212
  1764.5149    983.0076   2632.4001   1116.7179   2283.019    2282.2852
  2670.7954   1192.0138   1083.3936   2826.9832   1805.9694   2003.18
  2102.696    1854.2178   1293.1313   1264.925    1375.3198    706.79047
  2317.1526   1363.5586   2014.7802   3416.8772   2925.478    1915.665
  1709.1232   4087.4932   2817.9473   1500.2312   1883.2378   2127.3682
  2292.2163   2635.9954   1787.9911   1717.8009    736.88684  1287.0765
  2309.9944   2078.962    2504.1323   2006.4927   1182.3085    950.78564
  2711.008    1585.8628   1509.1648   2198.854    1388.9131   1017.93616
  1605.073    1787.3665   1529.6847   1770.6362   2028.7192    983.12085
   940.7364   4665.147    2251.2559   2449.0806   2019.4146   2156.2175
  1144.7788    718.2956   2696.3032   3824.4678   3090.9834    664.8839
  2179.596    1230.4359   1996.9381   2693.9915   1623.367     990.7461
  1597.9866   1171.5631   1836.4004   1070.3508   1941.1123   2941.9136
  1702.2421   1216.8143   1334.8008   2509.451     950.41583  1849.6702
  1486.058    1669.4489   2091.902    2732.1423   1095.4427   2014.3552 ]",0.6401736324523664,0.7348517585152198
