,Train_Data_Size,Transformation,W,b,Residuals_Per_Image,Accuracy,Co_Sim_CLS
0,850,Transformation_Matrix_W,"[[  657.43365   -366.857     1534.7788   ...  1639.3973   -1215.3225
   -938.5657  ]
 [   32.687042   449.45416    103.02536  ...   271.24362    235.62764
    526.0628  ]
 [ -837.5235     199.52417   -456.30853  ...   192.10005   -135.19351
    947.1941  ]
 ...
 [ -156.5189      19.95558   -592.7653   ...  -480.32263    223.28918
    506.3073  ]
 [  591.831      235.7432     415.22864  ...   879.0018    -243.20529
   1138.6132  ]
 [   86.023766   315.45282   -404.5722   ...  -984.14514    -95.76523
   -582.5147  ]]",,"[ 19.023788   25.504004   10.40314    12.620482   12.491159   16.497438
  11.670051   26.523964   14.887749   35.587692   15.624393   16.16789
  29.554945   16.438496   20.926556   30.838556    8.734595   10.972722
  20.000233    9.848773   20.419544   17.939224   15.827082   18.579046
  21.036299   24.171015   17.42683    13.143119   17.059574   14.414978
   8.986881   16.562029   19.580095    8.3040085  17.383427   27.825914
   9.751162   14.260862   11.933316   20.030869   14.9398     14.798057
   9.926779    9.258064   12.274006   15.079566   10.824823   20.926796
  19.040058   14.339691   15.579055   12.272541   21.17016    11.69292
   8.164113    7.8566165  10.919287   11.791476   18.239172   30.618572
  15.708807   29.278278   11.201226    8.806556    5.0404415  15.619645
  16.24645    14.718734   27.106602   18.567953   21.00275    26.809305
  15.390651   12.509923   14.870894   25.135126    6.0760407  10.338447
  22.10658     6.776554   10.260529   17.779375   14.815834   15.457816
  14.940975   40.692528   32.769955   15.335063   10.55081    21.285826
  17.637316   12.562773   12.413842   13.643763    7.2467723  14.308866
  11.492681   13.42916    16.896048   15.6315155  27.207264   25.144321
  34.23771    16.867495   11.464888   40.476677    7.322311   36.316692
  12.28414    22.262732   13.03246    16.581387   11.830452   13.046762
  18.815968   14.702617   21.258183    8.10048    12.68476    26.085678
  11.211966   27.42762     9.899353   14.290903   11.602219   12.176368
  15.025372   13.96188    13.462016   10.41844     9.705796    5.73655
  34.307743    8.385481    9.058831   16.583958   18.086393    5.6972365
  15.810446   10.365323   13.684454   17.347763   38.169395   18.856382
  49.108322   22.28394    31.920528   13.219485   21.38634    23.85927
  11.514983   18.485516    6.8851347  22.138714   11.7443905  18.640734
  13.708045   19.60726    21.018532   15.212891   28.677809   13.55335
  10.705065    5.3716326  10.880278    8.976057   15.545836   10.479346
  22.005356   14.98518    15.326071   16.256062   12.956086   14.508731
  21.928146   21.871593   34.878613   23.722565   18.557325   30.94292
  14.208596   32.159832   24.480337    6.936495    8.684372    4.2293334
   5.0362616  15.864807   16.566582   15.213948   22.879162    3.9710524
  14.897101    9.260846   12.073375   14.962875   18.759563   31.48385
  18.155165   19.383862    7.0726843  17.118189   21.92204    31.740826
  28.808535   16.199278   22.39504    21.863028   10.219537   26.8094
  22.418602   17.819923    7.2333865  18.038311   19.152918   11.72127
  18.148445   23.507986   14.08446    16.133724   14.183515   22.189816
   8.860696   18.841202   40.839188    6.4809685  16.23613    13.58966
  14.055134   13.248118   40.953083    6.9506664  27.535423   18.127285
  36.011734   12.057095   23.586784   16.705502   10.073501   17.757427
  10.34939    14.54996     8.133251   12.072554   23.121077    6.5340376
  12.832959   26.409456   24.669268   12.362418   22.42848    11.567517
  12.35455     9.880499   15.221846    4.821227   10.060338   24.45498
   4.5318074   5.135041   15.43305    27.558374   10.292592   12.22593
  36.525093    7.6820855  15.184998   12.894206   18.294834   12.544119
  11.6079645  26.385342   41.62255     8.025934   16.28326    13.183849
  13.017738   18.817327    9.096269   10.035601   23.901094   22.91558
  30.864786   26.575827   11.490928   18.897383   17.619705   10.94636
  19.415785   16.09327    27.828415   17.490099   26.804686   46.685833
  17.588913   13.31928    28.07127    27.29048    27.88499    16.281672
  12.859449   19.02731    11.162391   14.513052   19.7458      7.00522
  17.880686   16.26689     6.7863293   8.100511   22.653439    7.430043
  18.466604   18.818052   12.087651   11.786973   12.370923   16.858566
  17.601254   10.208284   14.214399    9.084548   16.179749   13.598095
  46.599064   17.283003   13.5288315  12.483993   15.327224   18.524609
  14.675992   25.84868    13.496125   15.160139   31.431784   16.682829
  12.396808   19.782778   19.98532    11.531155   23.938633    6.69618
  11.789576    8.775427    9.974528   30.59061    16.235899   14.539719
  10.319038   31.832718   10.422482   12.146425   33.851902   12.427264
  12.101103   27.78051     8.897757   14.970557   11.492721   17.889261
  18.218271   16.39791    17.493078    9.688749   12.723231   12.730679
  14.980706   14.172252   15.279661    7.9490757  23.04214    17.608572
   6.7899456  18.301      26.817274   11.622376   13.245237   14.455035
  19.40802    22.300766   21.95827    15.101057   20.131344   24.28856
   8.834607   13.262033   10.893951   25.553686   33.717064   25.897795
  10.535691   12.795828   15.735208   17.683569   13.54249    13.834033
  21.055038   14.3159485  15.722408   17.464523   13.956339   15.775656
  13.243461   12.862618   17.056473   38.6034     10.154823   13.805573
  11.14025    10.864655    7.8872085  12.666077   25.16645    18.546202
  10.92172    24.60146    14.643776   19.295132   16.997852   18.267574
  34.13144     9.65765    29.607563   17.160482   10.537851   15.649351
  16.704626   26.35998     9.296887    4.9774966  10.25173    18.282883
   6.988742   21.888193   19.171976   17.6702     15.303245   33.321083
   9.9395075  17.533813   30.769321   22.428967   19.326246   19.69921
  24.665415   13.766498    6.209458   17.354675   19.545176   14.427173
  13.992778   21.432756   13.745832   18.10374    15.527251    6.896548
  41.713955   23.341358    9.589702   30.40697    17.354252   12.701158
   7.4039016  16.602585    8.284208    8.151718    8.85867    34.847095
   8.3783     20.663435   38.544525   13.308656   13.90511    10.334927
  15.138092   22.17839     8.414859   24.157164   22.958088   10.788063
  27.573927   19.25649     6.0496078  34.075455   10.717528   10.509383
  22.033484   20.574236   19.0054      6.397701    8.542856   28.44867
   9.333061   24.371181   30.989752    9.96514    17.962597   26.903378
  21.514765   14.154818   40.761948   12.998908   18.356909   23.587646
  10.697584    7.083979   29.067507   12.144252   12.87277     8.275064
  30.01053    17.74046     8.309478    5.915988   15.702001   20.375721
  21.135456   14.435711   10.140691    8.343925   18.89491    49.188488
  10.244337   12.132074   44.42765     8.028979   11.890174   18.641153
   6.105854   12.690316   15.197969   18.330578   13.982536   10.711778
  15.020805   15.451559   11.523567   17.18289    26.363008   34.657738
  28.499601   23.11645    21.746754   16.322527    7.8111167  19.157211
  11.514189   13.760293   27.091576   24.952316   10.9806595  12.501308
  14.591897   27.78092    14.874677   11.988993   10.860781    4.6917953
   9.849779   16.980398   11.414159   13.913121   24.820044    5.098696
  15.4371805   9.9889145  11.376129   10.297412   20.944021   19.841774
  25.474907   18.190662   26.451506    9.651047   10.776016   36.070763
  12.094241    6.9835954  22.35928     8.574516   42.002453   14.78113
  30.270847    9.423542   18.70047    20.342747   30.61997    20.218775
  23.244808   16.78195    42.064682    8.920828    6.9987984  13.715079
   9.456604   30.126326   17.975233   12.646123    6.447088   12.503753
  22.03311    11.335321   14.00158    13.12696   338.5098     26.459982
  14.392682   11.202171   13.174328    9.502233    8.840288   28.67026
   8.420888   13.065679   18.007793    5.0311055  12.958249   24.130058
   5.862232   36.81814    16.88822    17.265165   12.133295    6.2201014
   6.5388484   8.082139    8.032634   21.947542   11.502714   26.314138
   9.237609   24.745256   17.222591   16.062819   13.284504   15.152667
   3.8925545  17.59218    22.152601   15.680913   13.985716    6.954584
  18.827948    8.148177   23.352638   12.926813   22.148058   28.089254
  10.597462   24.652441    9.373265   10.043432   21.691088    8.267117
  19.81891    14.174148   12.353934   15.05694    11.583439    9.874655
  11.36955    22.681816   15.873696   22.896027   26.606792   18.854916
  35.57298    25.855225   15.118764   15.920614   30.926754    7.1442842
  29.512674   10.494304   30.793762   20.470383    6.723496    6.712684
  15.825774    7.6103373  22.721558    7.0805125  22.110907   17.063309
  23.402683    8.380384    8.872051   20.793571   13.9029665  22.369013
  15.202836   13.725614   11.122392   11.963487   12.254534    6.618931
  25.950726   10.104464   21.717188   33.264576   35.642796   18.674362
  13.688855   39.83595    25.261675   16.427208   12.780072   24.765726
  15.216706   24.630692   17.300322   12.113239    5.9450245  13.2160425
  18.385843   19.359097   12.003837   17.591219   10.519577    7.8881907
  34.584873   11.630915   14.991543   18.676737    9.90176     8.039642
  16.357357   16.11156    14.430513   11.439495   15.426833    8.6129875
   6.522391   37.539715   23.836473   24.715626   17.480238   19.02327
   7.3631754   4.2007236  23.630953   33.53927    25.37244     5.3571105
  16.028221   11.20934    20.108736   26.851757   12.320806    9.092923
  15.2723255  10.297462   23.337582    9.162864   17.236383   22.015806
  11.749697   14.644392   10.530188   20.781376    8.693261   18.737478
  10.608652   19.93905    14.919555   17.068548   11.85975    18.754522 ]",0.11351413644744929,0.15592566074881273
1,850,Transformation_Matrix_W,"[[ -348.4337    -424.55493    725.0319   ...  -258.90097   -438.8122
  -1187.6918  ]
 [  263.69687    569.0455    -319.16257  ...  1096.4011    -307.92865
    537.5179  ]
 [   63.061543   370.23917    -75.82322  ...  -600.58374    -85.81933
    427.3689  ]
 ...
 [   85.72195    631.0333     152.54645  ...   355.7133      11.969013
   -162.44566 ]
 [ -413.33087    347.23996   -285.8104   ...   342.6352    -427.4408
    126.53306 ]
 [ -543.18506  -1127.4062    -179.3834   ...  -368.78015   -320.49573
   -666.9247  ]]",,"[ 14.144506   25.003942   10.740074   13.593466   12.86628    14.020714
  11.262546   31.839733    9.775161   29.571198   14.206725   15.057561
  23.496565   12.342106   15.125062   26.909363    6.6957865  10.420074
  17.0202      7.943257   15.026867   15.686189    9.765602   15.736586
  23.415504   26.0874     15.355782    8.876872   10.334654   14.537572
   6.0190077  17.97952    19.41016     9.729605   15.9662895  22.263008
   6.0809093   9.321715    7.0345707  20.065649   16.471872   15.78966
  10.8702      9.618043    8.571008   15.764958    8.26931    16.547962
  16.186935   12.383833   11.548064   13.872799   17.84468    10.954401
   7.471598    8.582412   10.569907   11.829494   22.055367   36.82648
  12.513295   27.254015   10.085324    8.789704    5.5928006  14.699604
   8.492281   14.447947   29.13444    12.109351   21.59352    18.262291
  10.270466   11.152537   12.293896   17.808012    5.5224595   8.55408
  14.839034    6.9173493  11.647424   15.6830225  14.180684   16.633741
  14.930673   42.203125   26.46691    10.349469    6.5135093  17.64073
  11.376661   10.272307    9.009858   13.652904    7.3704677  14.9179945
   8.736668   17.143068   14.189697   20.961798   31.809628   37.155575
  27.510014   12.041913   10.496877   33.642696    6.8284464  26.2565
   8.669273   15.422028   17.966345   14.181932    9.8258     12.936528
  15.246474   15.100914   20.357971    6.4357944  10.477973   18.238699
  10.8226795  17.733313   11.742288   12.371192   10.82685    10.243197
  12.922756   11.084679   11.257034    8.459555    8.334791    6.034365
  35.183563    8.988619    8.575227   14.4108515  12.767579    7.418692
  13.82045    10.114225   10.15057    10.408378   42.907837   13.691181
  29.368183   18.523552   26.769445   10.828478   22.086683   22.346416
   9.593519   13.384555    6.0822434  19.051851   11.445165   25.409307
  17.02103    12.973159   22.122211   14.419975   22.660019   13.219258
  13.847633    5.783441    7.849762   10.3050375   9.30896     6.774134
  16.513554   11.281415   12.256201   11.014473   13.142456   14.436395
  14.709377   21.02734    40.470535   23.754566   11.982168   19.355686
  15.316478   21.032066   16.010729    7.2305746   9.075904    5.1102386
   4.4851127  12.115647   14.180576   12.251304   19.72774     3.846396
  12.584374    6.381894   13.137187   12.012515   12.396302   29.176947
  14.155449   22.729776    6.8911676  11.902998   16.353062   21.959236
  26.312271    9.798958   24.855951   18.761423    7.241228   22.337084
  20.95218    15.055168    5.1153674  16.374525   20.68338    15.675338
  17.692244   15.241452   14.69827    14.429168   11.702456   20.059587
   6.721384   14.595889   36.14688     4.0171237  18.244167   13.367926
  15.8629     12.207588   29.76459     6.4478364  25.786758   12.941503
  23.36212     9.865987   18.791887   12.01498     9.928535   14.901504
  11.028474   11.475896    8.312544   12.689948   17.772444    6.52416
   9.729101   22.055258   22.838715   12.933757   26.280403    8.182746
   8.5035715   7.897287   14.216069    3.6160166   8.527849   21.69734
   4.2043753   6.2186546  23.300528   21.603584    7.544217   10.135714
  24.12718     7.682462   16.007812   10.458592   16.876738   14.909586
   8.508115   15.380508   25.705893    5.9763956  16.642754   11.145996
  11.537169   10.529889    7.930791    8.553279   14.280858   11.34648
  19.267656   24.37147     9.918295   15.406527   17.060898    9.251691
  16.030172   20.151382   25.841818   11.725619   19.926783   35.997723
  14.81512     8.742141   16.607796   19.754137   25.743603   10.985064
  14.812122   15.734758   12.656811   12.977773   15.9809675   7.258763
  11.390438   16.150045    6.346563    5.722699   21.704947    6.9517183
  19.778913   22.558422   15.1466875   9.003789   11.7029505  17.550697
  19.329931    7.437806    8.809682    8.8928175  14.177452   13.0240755
  36.477505   11.55706    12.288541   12.347832   13.220504   14.436494
   8.923724   20.740316   11.45894    11.910575   18.393375   10.185789
   8.662952   14.181145   27.878067    9.028301   17.144365    5.83435
   7.0597      9.587383    7.705055   27.646957   12.563839   14.728007
  12.284518   26.563147   11.620006    8.673693   19.616297   11.880216
  10.880564   23.691423    6.8170176  15.0882015  10.018796   18.666311
  22.814356   10.99231    21.201427    5.7410135  12.273778   15.086767
  17.127447   10.6954155  14.490527    8.528214   20.269512   13.256352
   8.0207405  15.188558   26.675348    8.913549   10.670406   18.39358
  18.01153    21.46603    21.122696   13.886831   16.576138   20.394732
   6.6760716  11.137576   12.072326   17.933205   26.164068   21.154747
  11.457152   13.610158   14.171677   15.751639   12.885909   13.020418
  17.891985   13.982777    8.727669   12.163656   11.513287   10.327
  12.694722   11.314498   13.957737   32.513966   10.862668   11.1847315
  10.805801   11.65714    10.554022   11.015441   24.198664   13.860364
  13.302909   26.328558   11.779973   17.92207    12.105511   16.333515
  23.759869    5.310266   27.694757   19.716978    9.335715   14.930036
  18.023293   25.910513    7.878138    4.231454   13.395067   24.106302
   5.5640697  18.963419   14.408773    9.484744   14.127548   33.16884
  11.145888   18.086775   27.5886     16.477383   20.229082   15.860927
  20.758999   11.2336445   5.824918   13.611881   17.062984    7.461041
  10.890483   14.577221   15.0434265  10.949285   11.888482    4.036646
  35.77337    22.939047    7.268181   16.671848   14.249163   14.162383
   9.972805   20.369795    9.495267    5.1512284   7.2392936  25.577831
  10.01178    22.45936    22.385305   10.793173   11.892961   12.323015
  15.641446   21.49402     6.2699866  15.901221   27.767994    8.394878
  19.327248   20.710197    6.680307   27.91819     8.600763   10.013053
  18.32523    19.091383   16.520338    6.9766164  10.670475   28.02335
  12.780559   18.16333    37.31665     8.628435   12.563183   16.807457
  15.263684   14.177293   32.876675   10.340914   13.107911   18.071795
  10.814644    6.9836345  26.417791    9.519015    8.180565    9.745251
  27.589542   11.972505    6.1944637   5.6890903  12.022798   15.288627
  13.11293    14.254585    9.089247    7.852893   16.327986   43.169353
  10.220079   11.309425   46.706882    7.1815796   7.9416084  18.009304
   5.976508   15.899454   12.52679    18.248358   10.651213   12.873744
  12.429975   17.623854   12.133797   13.543308   23.747692   23.05682
  18.581648   16.68645    16.575851   13.682146    9.850309   26.949587
   8.386768    9.964197   14.609036   22.642157    7.6588883  13.646025
  14.673876   28.714464   11.56453    10.715928    9.802477    5.8035483
   6.360183   12.613489   10.314513   10.968775   17.241005    4.3112636
  16.785555    6.931887   10.639431   13.121947   21.660872   14.66906
  19.143583   17.393856   27.886318    7.45332    11.139981   32.675198
  10.065579    5.663473   17.539791    4.7812886  33.86469    13.456112
  23.136806   10.722253   18.765688   20.506338   17.516201   14.502528
  25.848349   16.75244    24.01318     8.710312    8.369382   14.358486
  10.315745   19.732145   13.617241   11.675164    5.264428   12.182688
  15.168036    9.320373   13.667131   11.426444  307.55185    24.794249
  19.367216    9.425258   10.537487    7.3166995   5.336405   19.287226
   9.322974   10.07371    10.016351    4.0083017   9.997336   19.237421
   9.417007   30.77509    10.658192   13.313884    6.5179276   7.1318116
   6.089136    5.469701    6.8629427  13.9895     10.50179    23.106516
   6.9177527  17.435999   12.807005   10.416799   11.451266   10.265576
   4.027861   13.2568035  18.59832    11.81472    14.49415     6.009923
  17.722952    8.485685   24.254852   12.014784   16.098001   19.914051
   7.290854   20.430502    6.0791483   9.261621   19.665964    6.96287
  19.703789   11.485512    9.977075   13.901576    8.910541   12.530513
  13.649165   25.64419    11.560463   17.63646    21.918428   12.872149
  22.50909    26.066948   15.056496   13.232602   21.639685    5.711169
  26.817486    6.286476   24.183302   21.54146     4.486681    6.9859734
  11.054409    5.8073707  17.923468    7.4829288  18.83987    18.17723
  17.023       7.2016096   9.53211    16.133064   11.222491   19.204657
  22.499023   14.590094    6.5994377  12.288935   10.983304    5.5131497
  21.036928    8.313595   16.159853   26.221195   23.92725    14.752347
  11.232819   32.179844   23.418463   13.075742   14.281912   18.231483
  17.122854   17.720028   12.799852   10.855138    6.6575      8.863765
  19.428858   16.349874   17.663252   16.772715    9.803544    6.9066195
  19.100197   12.23605    14.991603   19.066498   13.705477    7.0570326
  10.229196   14.959648   11.981068   16.625086   17.356802    5.8547378
   5.523536   33.66863    14.286038   20.272768   12.317336   10.0432
   6.816709    4.9670568  24.616146   29.536825   22.547892    4.9317155
  18.999084   10.834135   15.728811   22.61542    10.636885    7.4390826
  13.121492   10.669581   13.48309     8.709423   12.79242    21.792814
  10.256593   10.351437   11.49349    16.043985    7.231017   17.064323
   9.085548   12.907413   20.296219   20.02151     8.569248   18.694735 ]",0.13214505224339274,0.17808087748596652
2,850,Transformation_Matrix_W,"[[ 662.17535  -514.85156  -261.62265  ... -275.2452   -165.35693
  -594.8434  ]
 [ -64.76788  -103.7323   -306.3156   ...  -46.352962   92.602356
  -184.324   ]
 [ 329.97266  -186.40446    74.22193  ...   53.63158  -185.30273
  -189.01302 ]
 ...
 [  16.055449   77.07416   434.33856  ...  387.0937   -184.60966
    90.328804]
 [  91.78699   350.4846   -164.95789  ...  -63.77404   340.3978
   400.64038 ]
 [ 267.5882    968.743     217.08705  ...  236.7023    377.8895
   946.5029  ]]",,"[ 14.352521   21.066528   12.549438   14.57158    11.060543   14.633911
  12.006374   20.186337    9.980618   21.678938   13.035541   16.112917
  31.376564   11.523581   11.840926   20.477673    4.8203936  11.072463
  17.25576     9.322442   18.541086   16.838861    9.880449   10.371
  16.552776   26.512432   13.03383     8.952075   12.286135   14.347936
   5.342596   19.191889   18.999971    8.327354   12.7165365  16.054062
   6.926139    7.505436    8.276527   11.57261    14.061574   17.708902
   9.516195   11.482454    8.874435   16.794626   11.71305    15.720392
  15.01821    13.094867   10.7995     10.655999   19.453068   13.448343
   8.377541    8.214333    9.367283   12.440422   24.718323   30.440636
  11.255629   23.192135    8.345914    8.448248    4.1947803  10.424695
   9.927805   14.368165   31.920347   11.543116   25.465286   18.895594
   8.60736     9.494492   12.749291   13.624091    5.391974    8.946483
  15.197866   10.114265   10.776385   15.899496   12.874045   12.879212
  15.409915   37.179493   33.261383    8.576502    6.9018383  16.51011
  13.121413   12.991521    7.1874294  10.202716    7.336458   10.394716
  11.11282    15.121131   12.160144   13.870434   25.447357   26.124796
  26.761765   11.707977    9.325657   36.472954    5.243359   21.941185
  13.100993   13.54709    13.36157    13.905859   10.6179285   9.108554
  16.309113   15.011645   19.803188    5.046772    9.373682   22.296494
  10.975899   20.269056    9.882444   15.260697    9.609763    9.0579605
  13.159596   10.580493   11.821043    6.7777057   7.8369656   4.7449217
  27.593216    7.001945    9.935376   11.691802   11.739051    6.062166
  10.597165    8.918004   10.016581   11.738917   36.532032   13.933764
  30.17247    18.522394   30.148386   10.503807   22.433914   20.622671
  10.700975   14.740556    3.1784055  19.439337   10.234694   20.179384
  13.719084   11.143498   13.927141   13.049069   19.366163   16.657286
  11.672035    5.921455    7.37805     8.384104   11.402363    6.2763357
  18.323008   16.48689     9.620679   11.002564   10.356759   12.769592
  16.319445   19.00211    34.077034   19.308714   10.66211    24.180359
  13.758915   26.823683   14.530451    4.7421336  10.378118    4.3855505
   4.235948   11.568405   15.246231   10.835255   16.382473    3.1772797
   7.1075172   5.5697975   9.981052   12.742616   13.194234   20.424158
  10.044145   22.998331    7.411431   11.4965925  14.952377   15.37796
  18.564661   12.5475     16.705957   13.366644    7.2418065  18.258213
  20.696888   14.343367    5.945514    9.047415   15.284517   10.459005
  11.605496   13.818306   12.54995    12.370388   10.229502   16.225967
   6.1807094  16.546432   21.300388    4.2564178  14.42651    15.826124
  12.931989    8.250694   32.075115    7.669434   22.269432   14.759671
  18.387638    8.009485   21.209097   12.242803    7.869293   10.593817
  10.744263    7.7762547   6.470802    9.541808   11.694753    6.156477
  10.0950365  21.579977   23.787449   11.770062   23.091991   10.972115
   7.590026   11.501361    9.884327    4.009912   10.055062   18.010283
   3.9846835   6.0668817  18.725067   19.676012    6.650342   11.538559
  22.45868     5.9961653  13.761982    8.202675   12.914614   11.00437
   9.138267   12.887141   39.458553    5.6350636  13.106776    9.27998
  10.628721   10.966514    7.675774    7.7607136  13.880643   13.431619
  27.417967   26.329592   12.066079   23.914207   16.755463    6.571424
  16.846096   17.65896    30.075304   10.174011   20.427477   29.121828
  12.870404    9.7537985  24.17224    17.570503   26.755219   14.125086
  13.821032   12.760567   10.5063095  10.255281   20.627813    6.272859
  15.175716   15.983205    5.6905184   5.429635   16.641663    4.7477455
  19.858568   20.40424    13.385409    6.3828626   9.889901   15.528065
  16.734365    9.545974    5.659099    7.313691   15.305073   15.512944
  31.72442    10.753964    8.557307    9.435395   13.977676   12.955413
  11.703609   20.583178    9.853201   12.117402   17.235424   10.772234
   8.39737    15.184928   22.77101    10.377986   17.777447    5.401376
   8.235832    7.696134    7.3538213  30.408352   17.323088   15.604739
  10.128659   29.76391     7.6151123   7.5004697  19.912922   10.244039
  10.159925   20.804256    7.3126044  10.075406   11.614236   14.852893
  14.321054   10.414782   19.714087    6.720949   11.515988   14.684461
  13.341666   12.795999    7.8832912   8.574662   18.532112   12.464915
   6.5642996  16.974451   22.960693    8.769242   10.964655   15.399176
  15.47067    16.580223   14.918877    8.934001   18.57541    23.759613
   4.885805    6.4730644  12.249006   19.650955   24.980356   18.065046
  12.420147   12.203394   12.528081   11.821905   13.379252   11.069245
  10.854727   13.559522   13.318521   13.797712   13.719173   10.278776
   9.709078    8.821162   12.499253   30.12755     8.646043   10.263387
   8.353739   11.985594    8.385939   14.675193   24.000265   21.993876
  16.519257   29.82036     8.003709   16.1831     10.755536   13.460157
  22.73105     7.169975   23.455381   17.019327    8.676385   14.573166
  20.89228    20.677584    6.9646907   3.5556757  12.621459   18.1561
   7.123202   15.340176   17.690514   10.2269535  12.775268   25.944624
   9.523122   18.21745    21.137543   15.598639   14.307683   16.996109
  17.368465   10.238084    5.4055433  13.703556   14.780075   10.996531
   7.6630955  11.451718   15.209976   11.582462   10.424947    6.165622
  28.010336   26.26634     9.084172   18.26551    16.03269    12.148596
   6.5578103  13.82279     8.077777    5.347684    7.48531    27.37926
  10.165609   19.080654   34.843655    7.665067   11.225589   10.648669
  10.169156   14.691471    6.7994633  13.580397   19.428814   10.213994
  24.286255   11.1687975   5.278538   27.794868    7.9121513   9.664
  19.061493   17.030642   14.500391    6.3150854   9.359562   19.933184
   8.175808   16.651545   32.8556      8.260141    9.671564   13.894546
  20.926702   11.362297   32.77119     9.482933   10.76974    21.428818
  11.794375    4.424954   28.130102   11.910206   10.863028   10.598514
  21.786064   11.296285    5.510663    6.0938997  11.589754   11.405578
  13.328713   14.720153    7.4550843   8.411025   11.898999   31.869734
   8.970495   11.471407   41.35885     6.038711    7.6491547  13.715743
   6.374962   14.424411   10.881125   16.970518   15.70822     9.710331
  11.96235    13.986115   13.26277    14.105348   20.913397   22.219591
  15.190643   18.85212    21.928387    9.388925    7.0578804  19.743774
   7.3592973  10.37734    13.796089   15.087229    8.604864   13.683205
  12.846979   27.438356    7.985108   12.711419    7.7756863   6.65371
   7.110727   15.175407   14.975726   11.661152   18.8085      3.885664
  15.829975    6.4007444   9.681989   14.099658   13.756084   20.385962
  21.088636   13.80451    27.981024    8.809903    8.260649   39.634323
   7.9693894   3.7775023  20.49562     7.4460573  21.498577   10.010512
  23.041784    8.174825   16.165237   17.218489   14.773899   15.142509
  24.60965    21.162214   33.14794     7.025572   10.017821   10.616603
   6.9241295  23.455286   12.737279    8.837655    5.536271   16.231728
  13.080777   12.954703   12.268126   10.761662  223.1727     22.944159
  16.863949    8.734523   10.323663    9.273297    5.60109    19.796846
   6.392551   12.311215   13.025381    4.8459144   8.624078   18.465742
   6.3870535  20.315666   11.622168   19.903048    7.2363696   5.5825567
   3.924896    5.4260035   6.3983603  12.497785    8.529527   24.316265
   7.785496   18.243666   12.837302   10.835309   13.773547   11.580824
   3.4710593  14.082825   14.967567   13.514243   12.2464905   6.866098
  17.429623    7.0168595  24.968035    9.100316   16.52115    18.29284
   6.6269317  26.132833    5.075386    7.6036286  19.406672    6.6381245
  19.157755    7.1448174   9.476233   17.62012     8.85803    12.8605995
  11.120638   20.133245   16.648413   15.423848   13.4742775  11.65348
  18.76801    25.455093   16.451872   12.783128   25.18472     5.889293
  19.691431    7.4957724  19.580214   18.44599     7.549301    7.142687
  12.411634    5.531158   23.495592    7.7877045  14.986003   17.214558
  16.041286    7.087179    7.284789   16.836151   11.0142355  19.469322
  18.629564   12.917594    7.9506774   7.651743    9.523714    4.525694
  16.76854     8.172414   16.31219    20.92481    20.85881    10.553107
  11.089892   25.040401   23.500935   12.297044   12.35037    12.706152
  15.471969   15.000402   13.388667    9.758434    5.6599593   8.899184
  18.181227   11.835539   13.439571   19.29501     8.122655    5.810432
  16.331085   13.059939    9.397264   18.425333    9.92452     7.3538303
   9.368492   10.667782    9.237736   11.584286   15.982281    7.906056
   6.5997753  27.741209   17.575502   18.855522   13.496967   14.205084
   6.148078    4.3809576  15.671591   24.334974   19.760845    4.5455675
  17.16259     8.173621   14.152017   18.610096   13.7866535   6.949611
  11.081284    9.321096   12.107126    7.33806    13.593582   19.240845
   7.6850266  10.808544    8.069931   15.8926115   6.6088295  13.583264
   8.59547    10.197751   15.369954   17.353928    8.300354   17.186634 ]",0.14509065765212048,0.19968759228248853
3,850,Transformation_Matrix_W,"[[ -60.151497   -295.20602     -14.453896   ... -119.109024
  -166.5443     -246.41089   ]
 [   0.47408396  -72.14294      63.246506   ...  -65.551056
     1.9991258  -140.46425   ]
 [ -22.205502    247.96695     -79.170715   ...  -51.635136
   222.47179     164.33539   ]
 ...
 [ -36.33143       9.098569    147.41873    ...  -20.044157
   -60.545025   -135.24747   ]
 [-138.33319      93.16838     220.486      ...  198.31502
   -35.04214       0.72914755]
 [  73.71267     198.10258       2.3226912  ...  116.98947
     5.006993    200.1176    ]]",,"[ 14.593006   21.58938     8.047505   12.312098    9.799111   12.791838
  10.524695   20.451563   12.208699   25.659254   14.0851     15.195304
  21.781803   11.806172   12.922608   22.951069    6.0260696   9.616959
  16.243454    8.6147785  13.65066    20.25705    10.372684   12.599674
  13.781673   22.28641    13.256856   10.4979725   8.737795   13.648537
   5.084746   14.475823   14.396003    6.139717   14.42508    19.41318
   6.3867025  10.685903    7.213984   13.250773   11.587626   12.848987
   7.672166    8.397194    7.352444   12.906748    8.749027   16.519777
  17.920275   12.819463   10.019763    9.278759   20.277315    9.808398
   5.9773326   9.474674    8.985167   10.869249   19.829252   26.669928
  10.21319    17.525507    9.146771    8.7767315   4.8599653  10.28879
  10.715638   13.518225   22.058304   13.481211   21.116323   17.470137
  10.978984   10.25844    12.390859   15.942122    5.8930693   5.2113886
  13.96089     5.0702395  11.08981    12.451157   10.010474   13.562534
  15.6196575  33.721153   25.516819   10.8324585   7.527564   18.15802
   9.712502   11.082854    8.966954   11.139285    6.744152   15.210273
   7.996249   11.859741   10.7697115  14.053901   28.080431   27.141146
  22.785992   11.151275    8.141899   28.252426    5.8341765  25.671247
   8.815566   11.059808   12.380513    8.585171    9.959042   12.170854
  13.144933   12.532125   17.358429    5.4517407   9.75226    21.082691
   7.9666743  18.769897    9.45438    10.866561    8.997117    8.880113
  14.255432   10.969441   10.020762    5.538693    8.943645    4.199342
  21.191328    7.282466    8.637717   11.61327    11.7855      6.550089
  10.449588    7.7966247   9.72704    12.889647   29.900646   11.89515
  24.907028   17.901945   23.40413    10.953902   16.999838   17.371187
   7.733188   15.375457    4.9548264  20.384575   10.340913   19.391613
  10.859974   12.228774   15.820252   13.523366   19.925056   13.378747
  10.8676195   5.2898436   8.551707    7.0215197  11.068299    6.9747925
  14.743062   10.65502    10.629008   11.713758   11.358563   12.715673
  17.26109    14.658385   23.37541    15.782377    9.688245   16.03751
  13.1648035  19.972445   20.529802    5.3941107   8.578339    3.689303
   4.9401374  12.750742   14.260936   11.716376   11.522125    2.8116498
   8.660379    5.344194   10.917243   14.244169   14.724467   23.749083
  13.9231615  21.289358    6.6219916  11.616664   14.118358   20.234278
  21.567366   11.546435   13.687465   16.112741    6.581097   17.410868
  17.184496   15.4446      5.527321    8.360184   14.981146   10.496359
  12.004562   11.790826   10.336667   13.851379    9.255181   16.863579
   6.3231783  13.522435   19.502829    3.9195182  15.70776    11.07281
  11.12328    10.667769   25.48553     7.523752   19.429207   11.8014555
  18.815247    8.313611   17.567877   10.453256    8.329637   14.125806
   8.186168   12.300662    7.6366115   8.413867   10.863659    5.548025
   8.03753    17.023993   19.479301   12.764807   18.596893    9.031493
   7.960563    7.2991834   8.747922    4.890327   10.427119   15.563342
   3.9100723   5.0578866  16.459497   22.030428    6.4564495  12.262631
  24.521223    7.1875243  12.274009    8.6825695  10.594494   11.551246
   7.278503   16.479792   22.973368    6.4745684  14.109498   10.168881
  10.876359   12.9253235   5.5974936   7.298477   17.827541   15.367987
  22.263994   22.841291    9.671808   18.029606   16.0606      7.0871873
  16.462368   12.779844   20.093437   10.73782    17.591087   30.154152
  11.98371     8.4495125  18.31029    18.989943   23.844694   13.920498
  11.679912   11.91499    10.982464   11.021135   16.045973    5.27001
  11.798461   16.807003    6.0524035   4.810506   20.955446    4.8923097
  18.657864   19.942827   15.492061    9.332332   10.1083975  11.00246
  12.351348    6.7474337   7.5004272   7.302789   11.203426   11.336099
  28.626675   10.5980015   9.006085   10.460693   11.435806   14.665884
  10.758449   17.248283    9.643612   12.168459   17.600584   10.991315
   8.818867   10.296278   18.925837    7.1020575  14.0171      5.3621473
   7.6836176   7.103462    6.227087   33.962734   10.121305   11.7162075
   8.559692   29.682095    8.574232    8.274422   17.820053    9.3813505
   7.9436264  22.976048    6.7876997  10.018037   10.449606   11.877729
  15.451832    8.821856   22.327957    5.8815823  10.842469    9.225368
  10.867166    7.7862964  10.349582    6.2846704  16.751766   11.919926
   5.2358217  10.705408   21.253508    6.1594696   7.893076   15.286355
  15.159618   11.817765   13.713063    6.503302   16.527502   18.015936
   4.010285    8.979829   11.68348    17.867899   24.348934   15.37848
  10.177101   10.201727    9.311765   15.038852   12.108264   10.361422
  12.653094   12.270401   10.368894    8.983027   12.223865    9.616714
   8.909063   10.521596   12.528625   26.04306     8.893228    7.827141
   7.3712955   7.957051    8.333754    8.328478   21.145481   15.064159
  14.832541   18.732986    7.817049   15.620096   14.768752   14.757608
  18.152225    6.210733   24.986658   15.033151    8.733099   10.325493
  18.694675   22.531092    6.37633     2.98027     7.3024335  19.0137
   6.164848   14.294362   14.193747    8.40433    14.410257   26.611355
   6.7933283  18.77034    25.336369   12.074173   15.100172   13.117474
  19.658012    9.429152    5.392097    9.790319   14.181117    7.768277
   7.3850675  14.3515625  14.151316    8.86273     7.6829214   5.3165064
  29.85621    18.0011      6.5265613  20.78347    14.8105955  10.407145
   6.499136   13.229028    7.769317    5.8402386   6.6309304  28.317013
   8.550005   18.461264   23.018904    9.092215    9.706055    8.2629595
  10.175188   12.699163    6.8711843  13.839944   20.11913     9.10091
  20.584846   15.754116    4.0337014  30.185534    9.216477   11.996215
  15.253548   16.625406   13.168569    5.2119713   9.007273   18.328392
   9.74687    15.052146   30.911448    6.6883616  14.273682   16.78018
  15.305034   10.982568   24.352707    9.8692665   9.34116    14.727523
   9.915583    5.5238214  23.59051    11.806235    6.958861    7.119935
  21.958504   14.1014805   5.2623625   4.8277197  12.55944    11.63732
  17.058704   12.9649725   8.240249    9.129341   13.641928   29.624613
  11.93432     8.821074   41.25273     5.8273973   7.3938     15.044959
   5.845166   13.741638   12.329519   16.920914    8.392321   11.127599
   9.139622   11.181761   10.763942   11.003568   23.52462    23.935637
  14.714353   13.600191   14.750561   10.111032   10.174862   18.116344
  10.054933   10.829864   12.680191   11.047333    8.81273    11.828733
  10.653941   27.22668    11.74883    11.678214    8.0512705   4.3866973
   5.260013   12.441532    9.9606495   9.79563    15.784916    3.0403554
  16.593168    5.282031    8.684912    7.1508927  17.219051   14.3431835
  15.493478   15.79435    18.034271   10.4494295  11.726208   29.29952
   9.493454    5.9336476  21.15749     6.3524237  20.66456    13.2156515
  19.723898    7.931423   15.696306   14.458102   15.660891   13.859706
  20.658167   12.786674   25.572046    6.5600233   8.3414755  11.405251
   8.695566   18.835102   11.179246   10.049134    5.346785   13.165633
  12.106632   11.317786   11.142253    9.770193  170.2768     18.97782
  15.398269   10.673588    7.3708196   8.631297    5.171463   20.980669
   7.4994836   8.567255   10.194661    5.179975    8.3770275  17.99802
   7.9350653  22.893414   11.694154   13.364871    6.7697387   4.6154847
   4.921371    5.035909    7.3597374  14.869392    9.101362   21.579117
   6.465596   16.866108   12.067513   10.587372    9.560372    6.9799266
   2.5168307  12.174973   15.653272   11.413899    9.222581    7.267782
  15.459061    7.5622935  17.487326    9.227751   17.183908   17.40283
   6.444055   18.65341     6.39176     6.457566   19.2975      4.482775
  17.707012    8.498132    6.8754973  11.135886    8.136743    9.789102
  11.855024   24.150679   10.937156   15.911631   12.186456   11.042943
  22.231327   22.25479    12.360771   10.706662   19.435656    5.879301
  19.653118    8.028092   18.404003   15.988618    5.2936873   5.6983438
  11.461504    3.5855536  19.398767   11.672206   11.961706   13.21134
  15.437211    7.057111    7.9014387  14.54852    12.504499   11.704878
  14.857188   12.005384    6.04735     7.967038    9.4564      4.565245
  16.220314    7.3080635  12.408999   24.932903   15.243224   13.974005
  12.407497   27.894611   26.107288   12.1383295  10.587483   14.339221
  12.785495   15.884159   10.542584   10.688909    5.339626    8.539542
  13.301268   12.26382    16.159922   12.124675    8.284077    6.1244006
  19.733774   10.953915    8.771911   14.27944     8.750435    5.340454
  10.575824   11.393152   11.498087   11.639804   15.533073    6.026856
   5.449211   31.902275   12.382871   22.699621   12.714202   12.064587
   5.5173      4.935334   22.467672   28.174088   17.92913     3.5749316
  18.562649    8.831199   12.239413   18.66914     9.108383    7.3049803
   9.769178    7.5001063  12.199825    7.6746974  13.657294   19.12106
  12.760613   10.548266    8.427855   11.837614    6.4767456  11.760594
   8.379767   11.545989   12.155561   15.646572    7.0084095  13.174729 ]",0.14897049784880148,0.19486777189688834
4,850,Transformation_Matrix_W,"[[ 26.301226   -3.412228  -24.087284  ...  -9.659382   10.887738
   15.922927 ]
 [-13.626602   -7.4321313 -18.740223  ... -31.751417   18.230568
    9.760015 ]
 [ 39.20869   -45.204075  -32.950115  ... -34.425102  -15.40796
  -39.394894 ]
 ...
 [ -5.5747313  38.622665    5.557127  ...   4.1454096  29.933569
    5.374176 ]
 [-15.015353  -77.275185   -9.921612  ...  -5.7564692 -52.632095
  -15.44584  ]
 [ 40.997906   -1.4079878  22.758137  ...  61.888214   20.40159
  -36.356384 ]]",,"[ 13.732978   17.955427    8.64167    10.511374    9.063591    9.577437
  10.250721   13.773977    6.0527716  28.507261   10.067447   12.225928
  17.386496   13.698617   11.719913   13.568299    4.731535    9.223133
  12.750831    8.282599   15.558356   12.549599    9.167958   11.133727
  14.499928   20.323864   10.610637    8.771394   10.275535   15.107137
   4.363035   13.539827   16.964882    6.7891874  11.718616   17.472763
   5.334114    5.9486456   4.9952426  13.295155   12.455989   11.039815
   9.073498   10.696674    7.4870214  13.3794775   7.99738    14.337098
  13.0857315  12.887763    8.228951   11.21061    14.354972   10.957883
   4.728085    6.013439    9.611132   10.08737    16.626833   25.712141
   8.623371   21.131252    6.9457154   6.897375    4.0457025  13.691579
   8.371362   16.201      21.647322    8.559908   19.46529    14.876345
   9.188649    8.611465   10.121528   10.346553    5.4610386   7.5974035
  18.758715    4.346868    7.957542   12.500105    6.6354084  13.302155
  10.251726   31.472101   27.284603   10.710259    7.3444486  13.869508
  10.43287     9.173458    7.0759506   9.158402    6.7853026  11.861034
   6.49409    11.491376   11.482731   12.383411   17.872892   21.009968
  17.3745     11.718337    7.0015807  25.682283    4.009964   24.191805
   8.067666    7.2233944  18.078238   13.772153   12.422358    9.238014
  13.13245    11.216648   22.08907     4.0885696  11.7445755  14.745967
   6.641832   12.48085     6.3706923  10.336687    6.3987803   8.006449
   9.565183    7.028988   12.349189    5.894489    7.4239235   5.2520304
  24.544004    6.3727174   7.00861     7.409835    9.417107    6.3982873
  10.174715    8.842463    8.468981    7.829051   25.96616     9.579843
  18.903278   16.39011    24.337456    8.373882   18.612192   14.637209
   9.052895   12.557451    4.9191303  19.624483    6.9551306  17.842772
  13.311928   11.652045   11.998239   12.825235   14.276133   11.480941
  15.002679    5.5294275   9.3278675   7.856742    9.647942    6.1352262
  12.765488   12.288015   11.069504   10.1971655  10.280026   10.532598
  14.402575   14.241412   29.856625   16.012377   11.527818   18.108828
  13.377166   13.922224   12.938351    5.3668914   5.55412     2.9899893
   3.8442783  12.551668   11.775707    9.002598   13.898157    2.1642256
   8.299644    6.389014   13.0118265   8.021553   12.950155   17.128202
  11.40759    25.924158    6.005734   11.705899    9.660362   17.136429
  20.116808   11.308176   15.315018   14.20064     5.9059525  15.730843
  10.951902   15.164218    4.073553    8.944558   13.576677   10.131802
   9.841159   14.355382    8.150886   11.685551    8.167536   12.8218155
   7.058081   13.278289   18.9817      2.313047   13.191384    8.266794
   8.379273    9.231618   26.910252    5.082683   14.53906    15.646088
  13.778591    7.485016   17.843237    9.00424     5.637744    8.807622
  11.243491   10.934053    3.924584   12.153591    7.7485957   6.043024
   8.42558    20.650425   13.924386   10.566054   25.32557     7.3986096
   7.936867    6.4101157   9.788667    3.3204415  10.497462   15.004911
   3.9930918   5.134528   16.583427   16.953333    6.9901524   9.135527
  21.37822     6.195774   11.432751    6.7794137   9.924319   11.004312
   5.7164154  11.586417   28.831072    5.7010145   9.49094     5.9354186
   8.822462    9.97086     6.099847    6.7851753  16.074078   14.774373
  20.702635   19.297739    6.9979653  13.235208   13.707627    5.653866
  10.761053   15.174487   22.244205   10.950531   20.288029   19.652641
  11.849782   10.794002   17.322939   14.178599   19.813734   11.221118
   8.730564   11.699201   10.865784   13.0179     11.1676      6.008587
  10.209232   13.861984    4.904534    5.648131   15.727198    6.1425443
  19.30493    16.303064   13.116488    6.196176   10.933399   15.831558
  15.172429    6.121868    5.6253047   8.047218   10.992464   10.822403
  35.719505   13.235291    6.883498    6.7522945   8.92968     9.639961
   9.98913    16.034275   10.577635   10.615196   13.5637045  10.463931
   5.6236258  13.7715     23.425097    9.021436    9.279386    3.7409403
   5.55525     6.9023204   6.234361   18.25402    13.133881   14.695597
  10.631981   19.672474    7.5650954   7.8084908  16.02155     8.271893
  10.306035   17.441315    4.4315653   9.568001    7.3028464  16.390503
  11.245602    7.1607857  15.782128    4.3573117   9.742755   10.994192
  12.760343    7.06363     7.7094455  10.249942   15.165727    8.602972
   6.3597603  16.053541   24.491936    7.3420196   8.586891   14.399741
  10.732516   18.904745   13.984351    6.395149   12.16842    16.463617
   3.9449592   6.549084    7.934282   14.272135   24.086632   13.378258
   8.372326    8.681201   10.189571   13.899153   11.6691675  15.116145
  10.170722    9.631364    8.304587    8.676732    9.66693     7.938584
   8.776456   10.746646   11.175046   26.853561    9.751477    6.142205
   6.6568866   9.509564    7.340397   10.735811   22.678106   15.774793
  11.282288   18.069536    8.7150955  13.799156   11.537738   13.296415
  15.627994    4.926307   20.801865   12.953758    7.267406    9.869947
  12.966548   17.922813    5.5576982   3.2103505  11.05392    15.7887335
   5.839986   10.792396   12.649766    7.6787558   8.745893   19.901163
   6.432453   14.391141   21.970476   12.865806   11.392779   10.83302
  18.887856    6.560775    6.9887943  13.044252   10.837497    8.787144
   9.083288   11.469427   12.160531    9.260822    6.690195    4.701685
  23.89329    16.859308    6.485822   15.247327   13.323902   11.893619
   7.623301   20.623325    7.12006     4.358879    6.8335714  22.018
   7.498353   16.017536   23.699553    7.0624657   9.198336    8.584202
  14.287665   15.681872    7.166469   14.130123   19.859003    8.181274
  15.494137   11.204121    4.3333116  19.873846    7.2605553   7.153082
  11.745958   15.421643   11.11722     7.5607204  10.4957075  19.697891
   9.421848   13.340551   23.86336     6.43301     9.084097   14.661563
  15.90336    11.711856   28.526268    6.666534   10.801742   13.100197
  10.1681795   4.40481    21.490547    7.875179    9.468226    8.292736
  25.228046   12.169083    5.623411    4.6914425  10.87644    14.305546
  11.178983   12.545537    7.610403    5.8700943  11.966905   32.371433
   5.5813127   8.925997   27.882074    5.457719    6.9811845  14.5252495
   5.0840197  12.277023   10.179398   13.024094   10.364275    9.371577
  10.896615   15.966468    8.796681   11.611329   20.152014   18.736425
  15.339072   10.260986   12.656885   12.315495    7.1291137  25.015821
   8.54268    10.096867   11.646622   10.531332    7.5065155  11.582904
   9.745797   27.342672    8.486835    9.851447    6.874732    5.9284472
   4.623184   10.828749    8.924752   10.039172   11.593575    3.7619672
  14.836652    5.6924577  11.483565   11.176134   16.5013     14.574122
  13.98594    11.726988   22.030714    6.0624247  12.81681    26.392843
   6.723677    3.9569035  14.732561    6.12959    15.184122   11.85516
  22.902046    6.7516904  17.904604   15.518283   15.853708   12.644968
  17.716478   13.54884    25.14782     6.8044133   4.0192432  11.279979
   6.3878827  22.420952   11.061245   11.258533    5.0628767   8.162432
   7.7768574  12.532981   12.665231    7.237791  206.57657    17.898716
  11.967818   12.54657     8.660956    6.37069     4.5159864  14.619883
   7.485837    8.667577    9.238182    4.2140493   8.77874    15.603604
   8.548763   29.942295    9.697247   12.940541    5.798144    4.719923
   4.939489    3.5201836   6.083571    9.098662    9.335513   18.087194
   7.379423   12.22943    11.589723    7.9535165  10.220138    7.2402034
   2.6432106  11.400764   10.319805    9.371455   11.989154    4.5447164
  11.677039    6.218991   17.80997     6.1596417  13.347945   17.916088
   6.807585   17.46946     4.41251     5.1083007  15.122606    5.871293
  14.341373    8.663989   11.743635   10.322559    6.020271    9.522341
  11.962375   20.146687    8.334849   15.198454   16.175035    9.328386
  17.53089    15.319353   11.56554    10.718791   23.738352    4.6257973
  19.122885    5.622237   13.839784   18.464165    5.048752    5.8900766
  12.054253    6.343859   16.224556    7.4723487  13.747011   15.145131
  16.726982    5.865247    7.3162227  15.405048   10.557346   12.279165
  14.853304   12.48335     6.1839085   6.6915636   9.189465    4.435735
  11.739631    8.153637   13.712217   19.353617   20.749197   13.93581
   9.680458   21.572535   18.027346    9.377523   12.730765   11.43
  14.833566   20.829248   11.5532675   8.40034     4.2392097   6.831133
  17.294846   14.3624115  17.26945    11.476452    7.6861005   5.5056806
  11.300722    7.2237077   8.082327    9.94513    10.047839    4.588007
  10.48485    11.080897    9.110175   10.176456   12.772843    5.001489
   4.8119154  29.719261   14.089577   14.711504   11.766907   13.76604
   6.0993676   3.2684278  17.544964   27.03419    19.786415    4.989148
  11.95523     7.5968847  13.839177   14.767319    8.873652    5.881926
   9.273251    7.9119287  11.535448    6.8635936  11.170967   21.108906
   7.883675    9.471361    8.71484    13.673309    6.450122   10.603788
   8.01745    13.682799   14.248302   16.80755     5.272573   16.090168 ]",0.1843500307314075,0.2481269047066972
5,850,Transformation_Matrix_W,"[[  3.9253623  -24.377369     0.9179839  ...  17.165363   -38.371605
   14.75483   ]
 [ -5.0606003  -14.764266    14.960836   ...   1.9478573   -2.3431375
  -16.00869   ]
 [ -1.5901883   21.29537     24.301247   ...  23.514042    -1.999509
  -15.068586  ]
 ...
 [ -0.43213972 -28.154179   -20.31355    ... -34.01808      2.2023368
  -12.161873  ]
 [ -8.686397   -27.065239    -7.740157   ... -13.492583    12.640421
  -26.501167  ]
 [-19.021444    -7.8877273  -38.10396    ... -45.973663     7.6854773
    0.1755385 ]]",,"[ 12.953449   21.208931    9.633601   10.306534    7.8461947  10.406559
  13.063204   16.358767    9.835226   21.908344   10.281606   10.685381
  19.906376   10.869302    7.929824   15.530002    4.524216    7.0000453
   9.449859    6.3528576  18.557966   14.109975   12.026588    9.693258
  12.720521   20.834444   10.351535    9.467839    7.3888454  12.2495
   4.261253   15.441972   13.427236    7.1672463  10.660344   14.527923
   4.3766475   7.4058647   5.0285025  11.26926     9.766855   10.845965
   7.7886415   8.922519    6.2374854  13.24461     5.7786293  12.564454
   9.866161   11.392638    7.647749    9.913788   16.427902    7.732188
   4.4428616   6.7246428   9.425631    8.982328   15.649572   19.43078
   8.829179   16.242998    9.067408    7.549585    3.4478054   8.099161
   6.5121665  13.484452   26.89385    10.599403   22.777277   13.044103
   8.2240715   7.669009    8.277936   11.556233    5.4775567   6.037866
  12.066386    4.2441134   9.884571   13.676059   10.251911   14.270427
   8.6591835  28.602419   23.599356    8.877056    6.2390943  11.088817
   9.56301     7.547725    5.0704837  11.975165    6.7011228  10.14155
   7.2405095  10.857784   11.089563   12.64788    19.990993   22.81006
  15.644446   11.650474    5.658704   20.118422    4.8613944  21.702398
   8.449329    8.900384   14.987214    9.89364     9.585287    8.669102
  10.093844    9.569557   18.404388    4.099181    9.227533   15.520383
   6.022403   13.255977    8.568989   10.367565    7.150948    7.743982
   9.363049    8.746621    7.856524    4.834554    6.2232614   3.1823728
  19.915382    6.9056      6.963251   12.039837    8.653341    5.5876856
  10.079449    9.314336    6.3673854   9.140936   22.43553     8.403906
  23.48895    15.359464   21.780876    9.067558   15.473645   10.128708
   6.7813854  14.152022    3.8385746  15.111258    6.0242534  15.909542
  12.741777    9.191836   14.817597    9.431469   15.184267    8.595425
  11.614047    4.384185    7.4495196   6.886842    8.742983    5.4793267
  10.652287   10.942103    8.615462    7.6350102   8.29749     8.856174
  13.8959055  13.664589   28.373156   17.068335   11.167167   16.43754
  11.086856   15.214139   10.757591    4.677628    6.2561574   2.57326
   3.22699    10.680098   11.372897    8.72337    12.156155    3.4012778
   5.6586466   3.607853   10.533751    9.903749   13.051559   19.128628
  11.028034   18.647076    5.8957543  10.478142   11.319225   12.740502
  18.94177    11.719225   10.66523    16.780304    8.7593975  15.185856
  13.286269   14.432806    4.7185316   6.4464593  12.146565    8.792536
  11.087466   11.27728     7.6184144  10.829242    7.559921   14.652369
   5.0478225  11.887886   13.564432    3.7693655  10.427923    9.200876
   9.270963    9.7009     22.23866     5.1599865  16.387234   12.703968
  12.318315    6.952804   18.330791    8.923671    8.642004   10.89965
   7.7266383   7.769374    5.8706017   9.569815    8.445821    5.7149396
   9.456864   15.054955   15.767703    9.099472   23.19063     6.9700065
   6.230006    5.9010653   8.453168    2.9955735   7.530485   15.091667
   2.4182584   5.7490664  12.776226   14.706033    7.177913    6.874046
  16.492048    5.645245   13.141817    7.5821695  11.566116    9.67178
   5.793224   10.814652   22.40448     5.1535316  13.410372    5.799366
   9.108371    8.219663    7.29018     6.3734927  12.496712   11.980638
  22.012009   16.384068    6.951865   12.376921   10.749499    6.7552156
  10.472365   13.72906    19.787859    8.835402   16.034355   15.035885
  10.986471    9.988477   13.858189   11.613846   20.039389   12.163906
   7.166962   10.085167   10.001515   10.107703   10.6263485   6.2572026
   9.007402   12.776347    4.399769    5.114462   16.99068     4.574916
  16.222591   17.192526   12.967896    5.8708405  10.1774235  12.815403
  11.009181    7.997799    5.6304116   5.9099154  12.8998     11.248034
  23.932241    8.906548    8.518169    7.2250476   9.049158    8.087521
  10.54594    15.027423    6.4527564   7.8070197  11.817748   10.688144
   5.870548   12.6846     15.759412    7.461886   14.091215    3.5971649
   6.220043    6.1447773   5.75619    25.516722   12.101411   11.023804
   8.896268   19.899452    8.837781    7.8619943  15.298307    6.938761
   8.719068   16.51125     5.198894    8.481091    7.6424747  11.306013
  11.83299     8.577836   14.954934    4.5795145  13.887916    8.78856
  11.013652    6.9535456   8.388464    7.913732   15.700261   10.112149
   3.7904987  14.35878    17.992523    7.523046    6.4181705  10.288981
  11.659871   13.715427   11.03852     7.1160836  12.658275   17.165947
   3.0012214   6.7399044   9.082518   13.98385    17.009855   18.36238
   7.5906205  11.068533   10.136983   13.306189   10.441336   12.02832
  10.439465    9.462482    8.976425    8.21377     9.50642     9.223623
   8.367802    8.067722    9.313868   24.969883   10.122587    9.306798
   6.6821265   6.2499056   6.539112    9.077284   18.6201     11.423807
  11.122683   21.928122    5.2109857  12.467263    6.8106637  12.819417
  14.352298    6.5208535  20.326889   12.506055    7.15204    12.354059
  10.533095   15.284527    4.6205945   3.0395644   9.867135   17.96948
   5.8333793  10.324554   12.25203     8.680463    8.546517   22.847261
   6.054667   12.653842   23.495264   10.304102   10.976688   11.098014
  18.882467    7.0641675   6.307244   12.674335   11.821922    9.793941
   6.1151342   9.144584   10.862414   11.425923    5.92078     3.9996905
  23.280493   18.931482    6.7152853  10.740763   10.582145   10.331373
   8.105381   17.312132    5.291554    2.9297729   6.161685   20.871937
   7.2973156  16.119326   23.448519    6.4167323   9.337409    9.195261
  10.336732   11.201733    4.57758    13.049564   20.767784    4.995069
  14.13307    11.199226    4.8794336  18.711609    6.331844    8.020614
  12.12839    13.926989   11.834712    5.9120364   7.284355   14.991619
   8.373237   12.187378   16.679136    8.204511    8.172344   12.880066
  18.961279    9.707442   16.882254    8.533911   10.01135    12.245034
   8.814306    3.8894582  18.973       8.5641575   8.625001    7.630963
  21.981613    8.963281    5.250843    3.7152371  10.267577    9.545792
  12.36069    14.055696    8.529477    5.5218267  12.958747   26.741474
   6.0771365   7.9539356  27.83603     3.910631    6.8461456  11.809783
   5.231995   11.694407    7.9110413  12.24578     9.412678    9.317884
   9.357043   11.516823    9.024284    7.247237   17.24701    15.984628
  13.066605   11.349313   14.104377   11.246689    7.4141717  19.957619
   6.5386033  10.574337   10.957426    9.284877    5.633821    8.346504
   7.757605   19.745125    6.4037604  10.499733    7.041447    5.7455287
   5.209309    9.310877    8.153879    8.05281    13.489392    2.9281769
  13.93055     3.8462677  11.505864    9.743372   14.012551   15.775701
  13.72863    10.908916   19.698198    6.1506147   9.3041935  25.014484
   7.109761    3.870607   13.941934    4.878451   18.195292   10.788982
  14.553817    5.4665956  12.092711   13.322244   10.230621   10.880934
  17.396624    9.87803    20.465681    6.4448514   7.8251896  12.591411
   5.0943294  14.03721     9.941791    9.095922    3.739245   12.800028
  11.769262    9.976198   10.612274    7.970242  203.13795    15.511056
  10.624947    8.387198    9.151727    6.639516    5.6300764  12.243456
   7.988253    9.194031    7.6028633   4.370532    9.32578    13.658658
   7.644797   18.78954     7.5931     11.504447    4.279486    4.012831
   4.365863    5.5570226   6.2031927  10.982825   10.798718   16.170343
   5.131425   14.312371   10.493528    8.189937    9.66285     9.508746
   2.6140313   8.637656   12.39301     9.40941    10.586064    4.4969897
  14.876967    6.6078644  16.84901     6.6818085  13.5196     14.86999
   5.6439667  16.476345    5.532619    5.6948204  12.460203    5.9018445
  14.929074    8.008792    6.892184   10.911362    5.9594646  10.514901
  10.619599   22.014896    9.179365   12.473119    9.911319   10.109383
  16.75521    18.99564    16.449991   10.027558   22.86303     5.094452
  14.383293    5.214009   18.372782   15.986022    5.116754    4.7256474
   8.559169    4.559166   12.673919    7.837204   12.179369   10.705143
  14.720459    5.616716    6.8405676  14.037792   10.839707   10.006176
  13.52222    12.7238865   6.905868    5.86921     8.383647    4.2158275
  13.91714     8.179115   10.972631   15.928621   12.486524   10.23695
   6.2036676  24.209122   14.747531   10.425935    8.838475   10.366844
  11.9990635  15.63034    13.795602    7.944155    3.9743793   9.929781
  15.996713    9.827412   12.977832   12.083929    5.7391057   4.2127967
  11.923697    8.491277    7.469343   10.723151    8.6766      6.231842
  10.01876    10.598961    7.7403827  11.476726   13.512863    4.733992
   4.135469   26.687819   13.477258   13.000895   12.185063   15.772221
   5.0342417   3.168848   15.495055   23.653042   13.443582    4.336468
  13.335815    5.957531    9.447389   13.613266    8.812494    6.249548
  10.975997    6.3789864   8.981119    6.246358    9.212471   16.666996
   9.353362    6.7911186   8.8221655  12.009778    5.916086   10.895091
   9.137074    9.570282   11.307908   15.608164    5.2742243  14.261366 ]",0.18569452980946527,0.2465586291410999
6,850,Transformation_Matrix_W,"[[  4.3332467    4.8474455  -17.164629   ...  -6.1042967   -2.4462535
    4.6630015 ]
 [ -1.7623183    9.301376     0.48657376 ...  -6.4229574    5.695288
  -15.357201  ]
 [-16.984007    15.530024     1.3440297  ...  -9.147189     2.3570151
    0.62635845]
 ...
 [ -3.6319528    2.7267852  -21.331219   ... -14.898026     9.8472805
    6.480409  ]
 [ -8.355926    19.823229     1.8088802  ...   5.523467     8.269349
   15.384308  ]
 [ 16.91433    -10.92724      1.7034197  ...  12.819718   -13.831135
   -2.6050684 ]]",,"[ 12.649901   19.047869    7.732707   11.508294    7.269239   10.974551
  10.173314   17.86815     8.097835   19.063654   10.382031   16.53797
  22.554647   11.460659   10.307904   18.2059      3.8105013   6.352253
  12.940457    7.4554367  19.077635   14.789339    9.955912   10.363401
  12.948469   19.726461   12.365308   11.509518   10.073458   11.637118
   3.2177322  15.636426   18.122007    5.7679524   9.99024    17.044815
   4.930241    8.818006    7.0734653  12.037901    8.299142   11.689058
   7.2180223   9.058771    6.050431   11.836508    6.6494894  12.830862
  10.942895   11.731698    9.40509     7.0263143  19.171263    9.383602
   6.4000955   6.520343    8.307639   10.783824   15.538577   21.942945
   9.479031   14.454018    9.424115    7.7130384   3.8145714   9.322994
   9.159156   12.816192   24.654722   13.128125   21.204782   17.172638
  11.085986    7.3879876   9.874792   14.319201    6.5796847   5.298196
  12.763092    6.2954507   8.099393   13.447208    7.534869   14.14252
  12.425786   31.476183   23.852499    9.993232    9.429444   16.053988
  10.244692    9.396581    6.3687463   9.170483    5.876858   13.289778
   8.640972   10.653108   10.103213   10.361732   20.27861    17.126036
  21.282892   13.160471    7.56303    27.296661    4.5652924  24.782578
   9.024167   10.65474    13.992111    8.878466   10.75739     9.383323
  15.143558   12.930229   20.352257    4.1111493   9.488076   21.540466
   7.5043287  15.747396    9.017574   10.338644    7.9505415   9.247013
  11.095538   11.38487     8.72242     4.934214    8.411537    4.623131
  22.595928    6.192769    7.1785126  10.685336   10.664321    6.859926
   9.528215    8.978453    9.294231   11.732306   24.421984    9.941193
  26.829508   19.649403   23.387264    8.615223   15.366675   15.3671665
   6.9074674  18.612251    4.569073   20.661629    9.553489   13.878802
   9.486309   12.545192   12.0071745   9.57553    15.066616   12.752858
  11.978447    4.6382794   7.690763    8.070063    9.919839    5.9756036
  15.036296   11.78752    10.909139   10.422742   10.669603   11.1736765
  12.600337   17.766222   27.463812   16.986322   10.971066   17.411348
  12.419539   17.718426   14.888153    4.724204    8.340025    2.5037878
   3.4312422  11.998025   11.285456   10.033174   14.77638     2.8774915
   7.150566    5.1959176  10.767045   11.57219    12.415786   15.922204
  13.041232   23.412008    6.7813277  11.906552   12.609897   14.28924
  18.704655    9.346486    9.411605   13.823792    6.9956264  15.144484
  17.304596   12.647421    3.7311058   7.31172    13.503952    9.969321
   8.073942   10.45067     8.697667   11.966903   10.112013   16.292608
   5.9865904  12.852293   13.752073    3.6615074  12.066764   10.773783
   8.833999    8.315525   24.338327    5.540777   18.388132    7.6773143
  15.537765    8.823527   16.7826     10.131029    6.2878265  11.966166
   8.657521   12.642969    4.607658    9.201595   10.096782    5.6954937
   9.741189   13.220331   20.557217    8.6065445  24.196257    7.7832923
   6.922529    7.7647023   7.489338    3.0118282  10.326666   11.3311205
   3.824671    4.386529   12.890147   21.8073      6.5940676  10.0925665
  23.333319    5.75145    11.630082    7.380415   10.471567   10.458544
   7.2402487  12.948447   24.798943    5.0973     11.636703    9.343767
   8.688717   10.252169    6.07478     8.2082     14.711851   13.44515
  21.79245    24.439829    9.282361   14.891412   16.732845    6.38012
  14.821737   15.362266   21.042267   10.060738   19.466654   25.381725
  12.526492    9.405747   19.114134   17.06119    18.380564   14.08444
  10.442996    8.9473915  11.214383   10.282817   12.26559     4.459475
   9.642718   12.230368    5.966801    5.143262   14.366282    4.378902
  20.05118    19.035505   13.705193    7.550875   10.208729   13.368679
  10.985461    8.300163    6.704512    5.6747565  13.659501   14.070069
  26.620626   10.470936    6.9812317  10.383675   10.746049   11.999631
  13.609537   18.053438    7.2580686  10.485759   13.860805   10.6354475
   6.8838935  10.52114    21.73222     7.9458256  12.65809     3.6231415
   5.3311677   5.859947    7.521284   23.311441    9.80825    15.119933
   9.588834   21.382711    8.318777    7.357198   19.476572    7.938044
   7.6531677  17.290266    6.645232   10.038024    9.325852   12.269662
  11.789361   10.058084   22.412804    5.8050103  11.213582    9.751626
  10.7457485   6.048642   10.220609    7.98583    15.900022   13.884395
   6.2753153  12.376962   25.387594    7.8263135   8.966059   14.455603
  12.557446   14.347247   13.327911    5.0519114  13.866755   17.357899
   3.7628763   7.220012   10.742771   15.966108   22.943811   18.382826
  11.673391   10.994278    9.905572   13.728163   11.966519   11.686509
   7.481944   10.386444    8.207688    8.620932    9.621489    9.390579
   7.241468   12.889105   11.219107   27.667261    9.100561    9.8765745
   6.4478045   7.9970126   8.437034    8.990248   20.028969   13.604679
  14.610417   22.375957    9.50208    12.607366   13.077223   13.303005
  15.578511    5.964237   24.308859   10.498454    6.690657   12.03268
  15.015465   17.814638    5.374195    4.05669     9.754839   18.982393
   6.2031593  11.28741    14.537478    8.426657   13.219263   21.625309
   5.750872   17.79978    19.839989   14.620734   11.542381   11.853823
  16.355778    8.308872    5.5516872  11.097621   12.178916    8.3554945
   6.989101   11.660619   10.904988    8.298519    5.8872886   4.1631074
  20.379707   19.415266    9.050751   17.03007    11.986814   11.724617
   7.299672   17.218985    8.289087    5.3007593   7.664936   25.53042
   7.7888856  16.722797   25.130564    7.78796     8.652773    7.1317563
   9.573343   10.6278515   6.416088   12.018702   16.320906    8.016778
  16.773668   14.248687    4.5451546  20.987978    5.809796   10.198758
  10.660343   17.010807   11.962385    7.389286    8.513589   17.191067
   8.848179   15.789761   22.543379    6.9422703  10.625451   12.257013
  14.357073    7.7924933  21.674856    7.611953    9.313547   17.744738
  10.530487    4.6189766  20.747395    8.66678     7.893834    7.0092263
  19.288       9.859334    5.0857363   5.1277633  11.451919   12.039246
  16.08888    13.380705    7.917693    5.8699913   9.883536   31.466349
   7.3068175   9.615421   38.39066     4.9411387   7.505821   13.192615
   4.134922   11.766512   10.699176   14.791531   10.391189   13.5605
  11.343359   13.016051    9.263683    9.418412   14.551249   21.404478
  13.062194   11.362897   13.513565    9.562419    8.855637   19.29733
   8.004779    9.761773   16.637655    9.925597    7.0271354   9.41715
   7.3519244  27.912758    8.9314575   8.108766    6.8211718   4.6910973
   4.775143   11.306894    9.6769495   8.664447   12.035455    3.9833357
  12.228909    4.73071     8.024179    9.714299   17.086514   14.830333
  14.6045     13.421228   22.538498    7.056459   13.444443   26.517048
   6.5962644   4.8396745  17.24052     5.1510625  19.987225   10.732101
  21.467484    6.0561185  15.193994   12.952259   14.825218   12.400799
  19.62956    10.767968   21.646461    6.032343    7.154589   12.153247
   6.6897006  17.225636    9.683791    9.873458    4.7803493  12.6254635
  11.687923   11.911298   13.965439    9.540339  185.19554    19.353401
  13.472366    9.115029    7.692857    8.363813    6.0304713  14.875457
   6.2927895   6.949237   10.822915    3.8822837  11.081091   15.762874
   6.7115993  19.458729    9.082918   14.842557    5.507594    4.280418
   3.5645134   6.3802724   6.3244624  13.648726    8.427838   20.155928
   5.028023   14.256233   11.563628    8.678079   10.777665   12.122458
   3.354244    9.512168   13.244823   10.369061   11.45353     4.8301654
  15.614415    7.1631274  18.010015    7.779957   11.645492   21.217255
   7.0530734  16.425014    6.482122    6.5419908  14.181457    6.324519
  13.521965    7.7887125   9.256668   10.631274    6.033928    8.367769
  10.771451   19.353401   12.783833   14.001157   12.438304   10.754517
  22.209335   13.788706   13.98227    12.311424   18.401798    5.5386057
  17.735914    6.8662233  16.6971     12.382147    5.460834    6.174045
  11.402234    6.5739875  16.504866    6.440201   11.067276   12.061682
  15.068145    6.0432005   6.4179955  16.021727   11.096631   11.634305
  11.433628   13.409263    7.488774    8.090048    9.63774     4.251799
  13.396142    7.6812057  10.916559   19.364685   14.000159   11.349019
  10.156083   25.711197   21.081915   10.700433   12.622004   14.088061
  17.834856   17.159288    9.718036   10.095691    3.585671    9.359164
  17.220106   11.672243   16.858847   13.058146    5.3127503   4.549746
  16.415974   10.296902    9.095242   15.97961     7.984332    4.610794
   8.230953   11.25837     8.122021   10.214509   13.979422    3.9584143
   5.0070024  32.235867   11.133077   20.085428   12.88593    12.770906
   6.9581814   3.5059483  14.693227   22.852776   15.662373    3.5475943
  11.4391365   7.673533   12.839232   16.089365    8.49549     4.742003
   8.009649    6.50156    10.220186    7.0140815  12.16979    23.569492
  11.734376    7.522108    7.2232494  12.433276    4.934945   12.407664
   9.383575   10.550716   11.124919   16.447449    5.826674   11.004717 ]",0.182659803318992,0.2411022622330476
7,850,Transformation_Matrix_W,"[[ 3.0263464  13.041616    0.10706378 ...  6.33798     4.689654
   3.912422  ]
 [-3.7072985  -3.426261   -4.310042   ... -1.8502895  -4.7103677
  -4.6936216 ]
 [14.106957    4.7986493  -1.5442264  ... -2.3006039   4.9919763
   4.3269105 ]
 ...
 [-2.054536   -3.6865664   3.5244722  ...  0.234005    2.961782
   3.5117855 ]
 [ 0.70990306  0.28315777 -0.87267065 ...  0.2861049  -2.2836175
  -2.2203755 ]
 [ 6.3596478   3.3196445   7.6330237  ...  7.716099   -6.1035533
   5.2337184 ]]",,"[  9.522719   18.282917    7.5304484  11.02357     8.11122    10.167289
   9.828593   17.39461     9.049855   20.31532    13.715829   11.228233
  16.914541   11.687453    8.511127   19.304142    4.504459    8.051897
  13.627518    8.081155   13.711483   15.840255    8.610139    8.050807
  13.722694   23.14917    10.220613   10.762859    9.33904    10.414305
   4.1816053  15.7249155  12.796588    4.460727   11.439719   12.509156
   5.0484      7.3068314   5.9850836  10.572893    9.74426    10.2760725
   5.9510727   7.7374096   7.4087534  12.619317    8.40342    13.193889
  12.855037   10.405975    8.642656    8.198602   15.464112    7.3942757
   4.9533305   5.906479    7.5834603   8.098476   15.103171   20.315165
   9.031669   18.092138    6.5643573   4.195128    3.75988    11.952384
   8.107622   13.057247   19.854486    8.941911   18.312084   16.66404
   9.307793    7.0890527   8.379069   11.220828    5.1053777   4.8607993
  16.952232    5.076247    8.176314   11.606181    8.008943   14.105543
  11.145043   23.158777   21.866505    9.074359    6.891173   12.108127
   8.0868435   8.580698    8.657969    9.786443    4.801349   11.277369
   5.235712    8.90795    11.827242   10.287902   17.485838   17.720966
  12.392374    9.621515    7.4943132  29.67566     3.290074   20.410841
   5.8891153  10.079999   10.35371    12.025532    7.5765204  10.944102
  11.382912    9.534091   18.179585    3.2606845   8.102334   13.858239
   6.9813266  15.34916     7.961964    8.800364    7.121588    5.3685527
   9.715943    6.76263    11.556222    4.5573797   8.142591    4.319899
  17.726099    4.990004    7.073353    8.50278     7.7706285   5.3380117
   7.2181854   6.3441014   9.591279   11.668694   24.520657   10.062888
  22.522797   18.280655   22.544527    9.08969    15.62481    11.415712
   8.077887   13.584088    5.6794677  14.342782    7.5129533  15.165769
  11.63408     9.935343   11.612846   11.70895    17.139002    9.301417
  10.280301    4.837752    7.0738053   6.267982    9.501906    5.0169477
  13.878643   10.193757   13.378947   10.221423   10.222856   10.8705635
  12.976015   16.00574    24.902084   17.476894   11.474333   15.702589
  10.608322   18.857908   11.746234    3.4131944   6.8523335   2.6616008
   3.9849234   8.540128   12.579777    8.787277   15.540315    2.6442318
   4.9675465   5.641336   11.153799    8.265172   10.632388   16.53723
  10.496581   18.978859    6.393774   10.880093   12.922814   13.168799
  17.844511   10.213205   11.700824   10.833964    5.4459734  14.664498
  12.798445   11.331585    4.1469345   7.548045   14.147988    7.974698
  11.001866   12.13437    12.29692    11.690022    7.6638627  13.9644575
   5.3342433  10.76889    14.979837    2.6641784  11.499408    9.98751
  10.451254    8.519283   25.087446    4.561436   19.611969    8.40182
  14.214339    6.40464    16.219395    9.329892    6.8464284  10.91466
   7.8548603  10.448908    5.1719484  10.635296    7.632443    4.811899
   9.216557   15.518373   14.568541    8.518685   23.83074     7.5659204
   6.5214334   5.9112706   9.203686    2.9690597  10.817832   14.654853
   2.648393    3.8380845  12.935518   20.519838    5.51784     8.649668
  21.24075     4.7272387  12.062399    6.962147   12.192284    7.7900367
   4.8349752  10.248656   23.327969    4.1246767  11.104242    8.971111
   8.735849    9.369583    5.1907253   4.5839233  12.177445   12.049967
  20.348877   17.790985    8.907546   15.038603   11.560107    5.6551013
  14.026073   12.953139   17.8442      9.84667    15.927604   21.205105
  14.794083    7.6084414  12.699471   17.05604    15.815092   10.661506
   8.976164   10.53717     7.763296    9.653299   12.316339    5.7120905
   8.964927   14.007327    4.649026    4.6760015  14.285244    4.126399
  18.5045     16.107258    7.774836    6.9400873  12.959617   13.223829
   9.292329    8.071522    4.880822    5.588284   11.62133     9.989316
  21.755934   10.021689    5.2470517   7.371494    8.6576      9.813418
   9.073589   17.8429      8.03101    10.579882   13.418507    8.168197
   5.649921   13.127054   16.26298     7.5552526  14.189542    3.6149874
   5.3364034   4.7362657   5.7522216  27.560322   12.132019   10.49098
   7.2358875  20.237917    5.622616    5.8557267  11.6908865   7.514204
   7.8030586  13.461902    5.3603497   9.424184    7.8449717  12.563964
  11.46051     7.099085   19.142391    4.462519   10.454415    8.045328
  10.978211    8.253351    6.8332195   6.960484   15.551924   10.501914
   4.857405   11.484622   21.910427    6.0332284   6.2559996  16.327562
  12.280604   13.2819395  12.631166    5.858219   15.04476    14.922919
   4.213719    5.1127515   7.848636   16.154089   21.39979    11.700563
   8.018144   11.003287    7.8224044  11.585113    9.279871    9.438978
   8.6765995   8.819196    9.2593975   7.791514   10.247171    7.3925257
   7.787825    9.312142   11.182177   22.706278    9.5516      5.8233147
   6.4686484   6.000103    7.7234087   6.840793   24.454947    9.676465
   9.470404   18.016394    7.8519697  13.04157    13.775971   12.748986
  16.588732    5.410622   17.850206    9.501615    6.346123   13.270553
  12.608279   15.376538    6.2706437   4.0695906   7.6821795  12.920542
   4.121705    9.939455   14.909394    6.651723   11.857093   18.18129
   6.789861   12.870596   18.001156   10.992441   11.746355    9.671671
  15.828858    4.933459    4.588395   11.09241     8.360171    7.6662183
   8.858913   10.589038   11.7331505   9.961881    6.097817    4.347002
  30.936705   19.684546    6.5096464  15.509989    8.620064   12.758457
   6.8897057  15.742241    5.874974    4.2403655   5.0044117  24.618736
   9.159922   13.845197   19.702124    7.878848    8.81391     6.76191
  10.106961   11.496377    5.7685676   9.712213    9.870707    8.39255
  17.350187   11.735018    4.974228   19.67962     7.2146306   7.6413193
  15.391861   16.425533   14.909632    6.0225286   7.50899    18.653866
   7.478506   16.494928   23.683508    7.271145   10.656461   13.107968
  13.819091    9.202079   20.35985     8.611205    8.325512   11.600466
   8.909892    4.4051805  21.125605    8.698283    6.1466427   7.1668057
  18.38771     8.796088    5.145341    3.8531003  12.106615   10.93456
  14.342736   11.446688    7.947196    6.8839693  11.467013   29.831873
   9.5110655   6.9888015  34.33723     5.0147634   5.75066    13.546427
   4.053913   11.889437    7.3294067  12.448424    8.024628    8.094121
  10.432344   13.668213    9.487448   11.527686   11.521329   22.90651
  16.325903   12.868258   12.262069    9.278449    8.189531   17.56265
   8.641566    7.627196    8.348888    9.070044    8.936465   10.342456
   9.216788   20.122362    8.145132    9.405316    5.946339    4.1867843
   5.4494863  10.250743    7.446826    8.816098   15.823682    3.525459
   9.689325    6.338944    7.7815366   8.764256   14.458348   11.793596
  12.641386   11.890218   19.131327    6.47246    10.013266   28.432642
   6.6755967   4.373381   16.03352     4.6520705  17.704376   11.599352
  18.03944     6.4402103  17.806963   13.883721   12.129836   12.845345
  17.736446   10.1473675  18.40142     4.7479854   5.438646   11.243431
   6.4547157  16.65257    12.431634    9.652002    3.2628362   9.070569
   9.839941   10.371797   12.829109    8.633799  176.46841    19.132
  11.54102    10.033831    9.060426    8.247392    6.1937356  14.535795
   5.77        7.471269    9.359405    3.6293619   8.141555   17.292912
   7.5764184  22.032223   11.332266   10.478452    5.888344    5.6700425
   4.433721    4.32088     6.0767956  11.566413    7.1028438  18.874577
   5.7820735   9.638743    8.496725    9.727293    9.718788    7.433113
   2.8998697  10.74718    11.133248    8.895523   10.33086     5.5552406
  13.6808195   6.252289   17.608513   10.00768    14.646308   18.267443
   6.5813146  15.675492    5.175594    7.859163   14.840216    3.287514
  10.403722    6.4643097   7.1929936   8.222841    6.078502   10.0988655
  11.789268   20.803673    8.537772   15.244242   11.323921    7.662148
  22.185719   20.08        9.106229   10.518261   20.331049    4.3295164
  15.991454    6.8071947  17.485826   13.016027    3.7897012   6.8399973
  10.602894    5.6113696  12.305667    8.238361   11.264788   13.978755
  13.797037    6.1614456   6.03981    11.165767    7.8003335  12.836823
  11.199331   13.506294    5.1771364   6.2432814   6.8043385   3.676103
  11.786489    7.8550897  10.380917   17.084831   13.664369   10.2348995
   9.370765   24.72627    16.675968   10.763983    9.834267   12.551921
  13.172331   13.455711   11.414208    7.2741823   4.295425    7.253274
  16.521048   10.985308   11.883706    9.962263    6.9507284   4.7509384
  13.425839    9.408501    9.104611   15.2468405   8.27976     5.8097224
   8.185357   10.444629    7.9586163   8.711219   13.3171625   5.542266
   4.050695   31.47682    12.37488    14.906922    9.9765415  12.18594
   4.3896313   3.4294963  14.201341   26.53893    19.1341      4.118831
   8.838217    8.399921   10.563052   20.031675    7.5095315   6.344253
   8.934715    6.0960617   8.927714    5.950711   11.572113   16.40355
   9.025221    6.3851924   6.7737665  13.811736    5.5749307  10.535569
   8.172905   10.085177   12.984162   13.681962    6.771454   13.181599 ]",0.19226336816226183,0.24479328527936772
8,850,Transformation_Matrix_W,"[[ 6.168496    0.9212862  -1.0989708  ...  1.1581106  -4.006769
   3.826116  ]
 [-3.5333323  11.146949   -2.5571728  ...  4.933381    3.1846914
   4.4814873 ]
 [ 1.6799062  -6.4154296   0.30412814 ...  0.94315916 -1.9971033
  -1.5856    ]
 ...
 [ 0.52936625 -1.2764767  -0.37390473 ...  1.1811769  -2.7222378
  -2.499553  ]
 [-0.80262315 -2.416958   -3.4968402  ... -1.9131753  -0.7321059
  -1.0452256 ]
 [ 2.0234873   2.8424866   2.1794899  ...  5.275795    1.3272772
   0.23446868]]",,"[ 12.060313   15.507275    8.46266    10.466247    8.118725   10.922683
  11.0349245  16.32971     8.102032   21.199905   12.935773   17.046703
  17.103647   10.843165   11.425276   15.737988    4.404486    6.6996655
  15.399778    8.353141   16.104794   12.244669    9.788153   11.138631
  18.885427   17.967573   13.484428   10.7229185   9.8584795  10.783354
   4.8648353  12.532471   15.652139    6.6389465  11.969471   15.97142
   5.268539    7.249925    4.2964764  14.888118   12.327413    9.555979
   7.527544    7.5688357   6.110221   11.308627    7.4356856  11.2320175
  12.993962   11.914481    8.100851    8.189897   16.594854   11.023557
   5.20378     5.7081375   8.115802    8.42206    14.311822   21.434587
   9.2851515  14.089943   11.262813    7.4772463   4.7419763   9.6579275
   9.128527   13.261604   26.682547   10.632204   18.56001    11.761519
   9.497876    8.143512    9.361712   14.752235    6.367982    6.1009183
  14.127888    5.483813    7.8774548  13.4732485   7.739259   12.178588
   8.665193   29.872236   27.682573    8.710396    6.424998   15.029063
   8.925477    8.982517    6.2637005   7.2710304   7.0645614  12.785859
   7.628598   10.457896    9.385078    8.336223   19.49589    21.520174
  19.270496   10.167536    7.619003   22.195574    4.724172   23.224207
   8.823111    9.197657   16.689293    9.436673    8.676911   10.263803
  11.454954   11.911831   17.05446     3.843443    9.480674   18.959433
   5.859456   14.107072    7.7249537  13.354082    9.516874    8.14872
  11.303795   10.702867    7.4333453   5.9107447   5.7223344   4.126092
  20.218924    6.5887823   7.157142   10.014846    8.905058    5.102593
   9.761977    7.837239    8.887606   10.085456   19.743477    8.536289
  24.026413   18.098017   20.80213     7.074488   16.715328   12.597671
   6.079754   16.4367      4.792118   17.866337    7.911801   15.7734785
  10.148218   14.114873   11.465539    8.482269   14.452467   12.145653
  10.809491    5.1223354   7.843966    6.94716     6.6953807   5.738348
  11.065607    9.254692   12.726713   11.227509    9.885804   10.437525
  13.0514765  14.138007   25.024355   14.2458     11.041856   16.10787
  13.622125   15.44682    17.614767    5.728935    6.898832    3.8723087
   4.208042   12.41611     9.266421   11.591873   14.301989    4.1820283
   6.1996126   4.863565    9.751195   13.506885   12.815393   15.341345
  11.246664   15.714393    6.4089956   9.619111   11.458398   14.485606
  19.623972    8.467164   12.266154   16.899519    7.179661   16.294895
  16.678797   13.933256    5.135641    7.69055    11.462918   10.010299
   8.384082   11.442974    8.1851     10.007693    7.028344   16.16727
   6.020418   14.403345   17.697847    2.997351   15.741796    8.680838
  10.934691    7.795769   29.67441     6.501918   13.709138   10.665529
  15.828051    7.165729   20.393578   10.443652    6.9488444  10.655778
   9.28497    10.410905    6.431038    8.87125    13.011643    4.8929086
   7.2139273  12.514191   18.448706    8.235844   23.11723     7.327798
   7.3284526   6.4272976   7.5402184   3.4460547   9.184149   15.552494
   4.211228    4.9574776  16.281736   20.873615    6.993451    8.143627
  17.980974    5.0986533   9.915943    8.873792    9.204453   10.248271
   6.948654   14.247784   20.915865    5.456938    8.36684     9.899003
   9.430187    9.077017    4.387934    7.183199   12.307615   14.261339
  22.546726   16.387175    7.122895   13.707842   17.570295    7.399365
  12.476092   14.617099   25.012827   12.377419   15.31435    28.32681
  10.883544    9.36667    14.466102   18.04486    20.802324   12.303317
   9.300422   10.8873005  10.785183   11.887769    8.476932    4.8952165
   8.875172   11.660346    4.9401145   4.004571   14.340853    4.758456
  14.537146   15.943608   13.129265    6.3039184  10.024839   11.633927
  14.787492    8.145098    6.8738284   6.351152   12.480094   11.331442
  26.376232   13.7196455   7.49167    10.285444    7.8990846  11.106318
  10.315131   12.922784    7.033312    8.576466   11.16488     9.834762
   5.5053253  10.744287   21.722397    6.497228   12.653827    4.746326
   6.3856406   5.4488025   6.501368   23.560207    8.386004   15.546944
   8.312167   14.031655    7.3665767   8.25893    16.683289    5.9841404
  10.087381   19.58434     5.2579145   9.0538645  10.287852    9.850588
  11.017197    8.654862   16.94306     4.965612   11.607424    9.085471
  12.698282    6.537886   11.894516    8.134733   12.642239   14.371996
   5.1124473  11.626443   23.015228    7.670246    9.5957155  15.226826
  11.438582   12.700325   12.4569435   6.6948075  13.873899   14.9971485
   3.9473665   6.3848886   9.690983   10.124081   22.280153   15.770605
   8.919118   10.841522   10.185865   12.751801   10.187024   12.386282
  10.073034   10.688337    6.7461023  12.323837    8.5877695   8.883705
   7.340903    9.930472   12.254532   21.992407    9.89724     8.779189
   8.197231    9.038632    5.331377    7.828021   12.992811   12.306372
  11.624717   19.046732    5.9549966  11.407746   10.461359   11.23892
  16.543697    7.274232   21.300846   11.671017    7.678239   10.65055
   9.484389   15.461925    5.600354    3.397693    9.200156   15.816897
   6.4160104  12.24989    13.531882    6.906814   14.91245    20.555023
   5.2754693  15.503178   19.441422   11.399468    9.512587   15.490278
  15.459181    6.231986    5.0761437   9.958296   12.249676    6.898035
   7.182033   12.423667    8.971669   12.564149    9.64287     4.6136184
  29.056036   17.124249    6.9756465  14.52145    13.311097    9.472896
   7.048502   15.086729    6.8741283   4.324468    5.5669956  24.471405
   8.87753    17.08824    24.765871    8.724685    7.7809186   7.083969
   9.101606   10.590639    6.009624   13.718837   20.409136    6.3309608
   9.217032   13.85898     4.8058825  15.315012    8.553861    9.78693
  10.155425   15.803532   15.056902    6.516749    7.3530154  18.887207
   7.433468   13.8198     17.92321     6.9637947  13.485222   17.857836
  16.033384    8.087245   17.76567     7.6174564   6.9072537  14.428659
  10.264183    5.35331    18.989       8.584812    8.2547035   6.307786
  19.784039   10.745353    4.9779863   4.7643657   9.360684   12.776841
  12.3219     14.368706    7.4582567   5.8611693   9.748078   34.685425
   7.290179    7.735409   40.880566    3.767349    6.793437   13.527632
   4.8628454  12.896316   11.156829   16.203175    6.6218095  11.508698
  11.210727    9.896701    7.5544944   8.3559675  17.411549   17.069109
  13.616872    9.108779    9.923686   10.141756    7.797374   17.899704
   7.858457   10.356366   12.214167    7.6519775   6.116113    9.51783
   6.8520656  28.849258    7.1333604   9.952153    6.9303436   5.067866
   4.0170836   8.851153    9.489334    7.541128   10.707587    2.9422154
  15.25762     5.3903713   9.305991    9.560534   17.413088   14.803031
  14.040647   14.325531   22.947966    6.2067013  12.811782   21.415543
   6.7548404   4.5174947  11.276168    5.826372   21.646656   10.757009
  16.4351      5.583132   14.7395     15.274613   12.602486   12.628589
  18.87658     9.441656   13.812699    5.624641    6.9572964  11.815529
   6.5358496  15.949634    8.5979      8.434584    5.4760375  12.004003
  12.877819   10.124331   10.523333    8.894485  190.3402     12.575787
  10.197619    7.5918427   7.428234    8.920017    5.373662   17.38963
   7.881967    9.972166   10.15802     3.7048597   8.820141   18.765425
   5.5459423  23.691107    9.345781   11.584672    4.5166883   4.8197308
   4.0214696   4.818327    5.3402777  10.573347    8.165742   17.87747
   5.944221   16.625149   10.35507     9.502894   10.238285    8.623146
   3.2753763   9.029552   10.924576    9.389909    9.079991    4.305678
  12.916866    6.3955574  12.645951    7.1526823  13.882986   20.7881
   6.853828   16.795609    5.722082    6.1853623  11.150885    5.6542015
  14.385793    7.407036    8.956377   12.736943    4.4913154   8.406437
   9.237213   18.812372   11.216421   17.46091    12.926202   10.254988
  18.793188   16.424932   14.054908   10.516816   19.378542    4.084169
  21.092245    4.2925787  14.308897   17.410635    5.6490383   6.9808307
   8.675102    5.829937   15.527217    6.2336245  11.491657   12.712208
  16.140207    5.9023967   5.7471685  16.044731   10.3660965   9.100098
  13.211144   10.862545    7.4915614   8.306052    9.792652    4.953516
  13.074283    6.6230807  10.73412    21.145811   13.08481    11.691778
   8.774266   24.142395   18.911552    8.569361    9.333766   12.781547
  16.233377   16.350925   11.5718355   8.163785    4.3734818   8.284356
  15.878663   11.786555   15.538232   10.684178    5.437889    4.6843653
  13.721304    7.3203535   9.121655   14.020837    7.906464    6.7870946
   6.4129887  10.76981     9.811301    8.437419   14.051641    4.6804495
   5.322411   29.331127    8.887491   18.792913   13.313542   10.702338
   6.450983    4.28897    16.323313   21.305426   15.526948    3.561929
  14.671127    8.856237   12.730156   18.569742    8.126782    5.8398705
  10.164374    6.86345     8.543038    5.382003   11.621659   17.842138
  12.020798    7.365164    9.321086   15.680494    5.390926   12.244414
   9.968744    8.922667   12.890119   15.60531     6.349701   10.94494  ]",0.1930700676090965,0.242942544107648
9,850,Transformation_Matrix_W,"[[ 2.4932721e+00 -6.9578642e-01 -5.5466844e-03 ...  2.0132599e+00
  -2.2253335e+00  2.9257138e+00]
 [ 2.8068712e+00 -1.2817197e+00 -2.0742593e+00 ...  1.8015164e+00
  -4.6302605e-01 -5.9359086e-01]
 [-2.6826267e+00  1.0719775e+00 -2.6912984e-01 ... -1.7874724e+00
   5.1208752e-01  1.3067056e+00]
 ...
 [ 1.6121651e+00 -5.3571290e-01  1.8971745e+00 ...  4.7096243e+00
  -1.0485368e+00 -1.5436829e+00]
 [-2.1078839e+00  1.6179733e+00  1.9514029e-01 ...  1.0004295e+00
   3.1029123e-01  1.1519325e+00]
 [-3.5424918e-01 -2.3532026e+00 -2.2486069e+00 ... -6.7030697e+00
   3.1575978e+00  1.1932029e+00]]",,"[ 12.978088   15.391933    6.924888   11.541662    8.463536    8.1438265
  11.791897   13.994022    6.9343586  19.568638    9.087387   13.579791
  20.34464     9.254974   11.301217   13.727786    4.964428    5.976816
  11.583042    7.9374313  16.243015   14.021862   10.910609   11.313137
  13.434412   17.596046   11.882813    9.684449    6.4702435  12.2512455
   4.9748683  14.425183   15.662605    4.831241   10.181479   17.430092
   6.3600235   6.6504173   5.155101   11.800259   10.998905   11.13621
   7.896306    8.205987    6.895682   11.19192     7.1910424  12.329746
  11.585865   12.820522    8.244959    7.086099   15.652601   10.316286
   4.594305    6.7945094   7.7277164   8.479571   13.840289   19.136763
  10.78397    16.126226    7.8010173   6.722258    3.6382987   7.39975
   8.652942    9.731129   21.994795   11.823549   20.552568   16.371183
   8.648779    7.482676    8.611472   10.274005    6.044697    5.9502735
  14.234936    4.7222548   5.2100396  16.678682    8.201837    9.155934
  10.246541   28.961071   23.074654    8.684318    6.0837684  12.660089
   7.8824897  10.243531    6.2036333  10.439734    5.7861843  11.822932
   7.3743014   7.130498    9.829762    8.324093   18.493742   20.00705
  16.899748   11.0084715   7.9064965  23.946442    4.6074953  23.039839
   8.6953125  12.014526   13.145223    9.611662    6.8749375   7.1025867
  13.759955   13.573526   18.103815    3.4683762   7.403891   16.690952
   6.7346015  16.826412    7.7150674  10.228648    6.9558406   9.351183
   8.83757     8.913592    8.873339    6.3299246   6.865136    4.325936
  21.061201    5.010814    6.616842    8.889634   10.379943    6.198382
   9.267857    8.789073    7.3831935   8.765464   19.66211     8.711421
  24.175848   16.951473   21.492477    6.031795   14.768462   13.065422
   6.5117826  13.491004    4.500713   18.839645    7.663666   13.155979
   8.531334    9.998216   12.848559   10.406573   15.412593   10.098118
   8.660061    3.672208    5.4607263   8.366573    8.424569    6.3292346
  11.360041    9.234905    8.310946    8.30349     9.523619    8.19586
  10.29609    13.714029   26.882015   13.112053    8.194863   16.489092
  11.748543   19.323896   13.129923    5.588743    7.19698     3.7472796
   2.5121531   9.256138    8.760255    9.60505    13.798566    3.0766385
   7.762536    4.8903465   9.408686   10.788595    9.578451   22.599573
   9.789537   19.645687    7.9211664   9.252672   13.715172   13.491083
  16.148586    9.15243    12.470141   14.48833     5.65101    16.961037
  12.779268   10.76332     4.93862     9.525665   11.323389    9.263429
   9.203105    8.512482    9.994837   10.450295    8.547567   17.414928
   5.0383105  10.475606   18.029434    3.7714791  12.123864    9.519545
  10.959554    7.857256   31.689373    5.616238   13.605553   10.588815
  14.662311    6.827497   15.370079    8.847919    7.008151    8.402099
   9.707207    9.427493    5.355804    8.797358   10.614776    5.0899234
   8.8326     14.7166195  17.73329     8.863365   22.52296     6.0204654
   5.924674    6.5283194   7.2220845   2.986733    8.091657   10.621591
   3.2920632   4.2097692  11.978388   15.093356    6.257903    9.712955
  17.611845    6.194285   12.386191    8.737049   11.235946    8.837767
   6.199772   14.010355   18.073622    4.4865146   8.800261    8.728919
   8.517875    8.43618     5.4012914   9.116011   12.314162   10.883162
  22.787971   16.031563    7.8046546  13.9410305  15.072135    7.5814247
  13.329421   13.262722   20.272934   10.32188    14.743202   24.678085
  10.308941    9.842252   12.42084    13.892267   16.540768   10.978218
   7.616865    9.508888    9.411342   12.299172   10.289289    4.3825984
   8.121151   11.933534    4.2437553   5.529115   13.796872    4.903658
  15.852429   16.356705    9.290133    6.9329824  12.15498    11.500561
  12.865058    8.076448    6.562801    6.327961   17.214651    9.901219
  27.504465   10.268019    5.7114463   9.231213    8.95509    10.273543
  12.008762   12.335215    8.466709    7.966412   13.25142     6.698519
   6.0716753  12.621652   16.929611    7.6373487  13.334921    4.163632
   6.9556675   5.5485053   4.752827   22.988722   10.425096   10.447162
   6.1980076  13.455915    7.0702024   7.1653833  17.557657    5.721965
   7.833259   17.953676    5.2656617   9.378289    7.735634   11.140012
  12.485881    9.639765   12.044505    5.945697   11.283848   10.061753
   9.846455    6.9937057   8.0893345   7.0465775  13.358761   13.5253
   4.2171273  13.069005   20.410418    7.789101    8.482491    9.693656
  13.23897    14.815457   10.851951    7.894677   14.555575   16.012754
   4.5406055   6.034039    8.4190855  11.410163   13.529135   17.48148
  10.402596   10.358703   10.896873   12.761349    8.044722    8.777388
  12.6422415   9.76182     6.614713   12.623582   13.192107   10.522314
   8.411999    7.719433    9.985197   24.990532    9.803032    8.6815
   7.34013     8.288216    6.8957233   7.3284636  17.38965    11.933867
  11.866143   20.090708    6.5081735  11.5782385  10.338087   12.416661
  18.01642     6.649503   19.405415    9.904686    7.63847    11.62959
  14.303667   14.633809    5.790106    2.9188955  10.596848   12.81626
   4.499219    9.997951   14.787796    8.041214    8.800191   20.10107
   5.5975075  15.713246   24.546494   12.018606    9.6821375  10.803357
  17.322092    7.0137386   5.0108137  11.998943   13.263925    8.27774
   8.940218    9.598011   10.901029   10.080228    9.203459    3.5314019
  25.27714    19.842981    8.192006   18.701828   12.910208   10.998087
   7.101075   14.993643    7.2354302   5.4481497   5.133729   18.02369
   8.055775   11.85442    22.571285    5.9273643   7.5869446   7.843035
   9.282296   13.876781    6.138542   13.486165   14.59022     5.473342
  12.680514    9.303891    4.3437533  15.335715    5.3571486   8.468149
  11.195463   16.79426    11.494449    5.8000593   6.1026363  14.855146
   7.969783   12.745058   16.350937    7.855774    7.6066566  16.176796
  14.290923    8.490993   19.05891     7.9399586   8.648544   16.46014
   9.288577    5.1236215  21.994503    8.240212    6.07306     6.5550313
  18.503431   11.040441    3.9104578   4.002926    8.523993    9.943265
  10.9440565  11.148625    8.701869    4.6953206   8.504566   33.802387
   7.5788307   7.9183307  29.112389    4.1840844   7.7935786  11.278831
   4.058146    9.122906   10.382549   15.16261     9.763244    8.467816
   8.601421   10.675075   10.007097    9.038683   13.76498    15.396028
  15.402181    9.694293   11.276525    9.397184    7.6397653  18.009455
   7.3908377   9.791149   14.076134    9.554368    5.3140182   9.71578
   6.9941955  27.64517     6.6617427   8.514906    5.4603014   5.3416505
   4.8363457  10.753544    8.717352    6.236828   11.45387     3.5162985
  13.27513     4.6607795  10.089246    9.347736   15.564237   15.81002
  13.08024    13.886654   20.82926     8.06143     8.540773   21.75998
   6.6271634   3.1196823  16.456974    4.3737855  21.036873   11.20388
  16.690908    5.2729745   9.291609   12.730433   13.207601   12.547095
  18.627335   12.2373295  16.790567    6.7156506   7.292296   12.434686
   6.5161643  15.868014    9.361923    6.093604    3.6334457  11.545677
  12.749808   13.113649    9.33411     7.852912  157.34982    16.118273
  10.115068    9.232289    7.072404    7.307293    4.88247    16.415665
   6.961362   10.094437    8.572385    3.3428822   9.481995   13.843349
   5.5736628  23.82023     9.969232   14.79516     4.872812    3.8418868
   3.8971064   4.6120234   4.561646   14.636042    6.3130016  16.843756
   6.0056343  16.499489   10.219658    7.265285    7.7534404   9.734357
   2.8301868   8.370513   10.986733   11.209684    8.719449    4.197442
  13.639577    5.167974   15.697369    6.7839885  14.902102   15.999589
   5.8217316  16.000225    5.9276075   6.9123154   9.435725    5.6572547
  14.179122    7.8744845   7.9738746  10.696161    6.068312    9.349708
  10.367918   18.069649   10.762337   14.288876   13.194737   10.919572
  14.172249   15.009689   10.5076065  10.624711   20.172758    3.9484794
  21.087646    4.4450555  17.169817   16.449867    5.7085285   5.290505
  10.636945    6.42234    19.183449    7.64164    12.975191   11.621334
  12.143362    6.7994018   6.0830045  18.563738   12.372738   10.462362
  11.101968   12.268834    8.769403    6.3940954   8.827503    5.0014305
  11.843883    9.84201    11.094693   19.0727     17.132755   11.426275
   7.664584   19.201994   17.572186    8.582743    8.308152   12.035688
  13.680795   15.179389   12.568252    7.9216013   3.486805    7.233475
  15.963258   13.095738   13.416495   14.490319    5.213235    4.274094
  14.629899    8.403915    9.881212   13.22735     6.758867    6.381336
   7.73514    10.9008      8.353626    8.011379   10.257061    4.926448
   6.7066374  24.25533    10.1343355  11.773216   10.388846   10.886188
   4.733696    3.157826   14.394606   20.7666     15.390436    4.0141287
  13.196894    8.405041   11.650259   12.422003    8.452057    5.0865045
  10.263246    6.9931026   9.069276    6.3160086   9.562786   19.321604
  10.460408    6.688875    7.3005514  12.406554    5.452177   10.793268
   6.1972156   9.058741    9.942961   15.210005    7.038766   12.809415 ]",0.19349262446220036,0.2528709862243924
10,850,Transformation_Matrix_W,"[[-0.03940185  1.4120412   1.7998934  ...  4.50852    -1.0403068
   0.28049368]
 [ 4.0742235  -3.2611456   2.8499732  ...  2.9411273  -1.023821
  -0.86335856]
 [ 0.44451234 -3.573339    0.42006058 ... -0.11410462 -1.2801731
  -3.4058146 ]
 ...
 [ 1.8423989  -5.5832744  -0.3245424  ... -1.8173712  -3.053637
  -2.1728547 ]
 [-0.02263291 -1.0835859   3.1297033  ...  2.3504536   0.38277087
   0.86089146]
 [ 3.038327   -1.18439     2.963455   ...  2.5126305  -1.5558419
  -0.38173532]]",,"[ 13.265565   13.411569   10.526739    8.477313    8.048001    9.790777
  10.700182   18.933369    6.2313185  16.242033    9.265691   12.837796
  16.716795   11.24188     9.502113   13.491012    4.4300833   5.351768
  12.227171   11.128388   14.011477   11.659904    7.8132935   9.680647
  15.366459   18.33132    14.8995285   8.933809    6.8868375  12.500049
   5.1723504  11.919819   14.6167965   5.4713     10.1362095  12.978108
   5.200724    6.3864408   6.7604294  10.577079   11.238772   11.218839
  10.396434    9.6642065   7.0129757  11.243384    6.2634425  11.13716
  12.466765   12.225739    7.8617425   6.2038407  14.31597    10.03182
   3.6375022   6.3834915   6.43973    10.085485   12.245296   16.197668
   9.238208   14.524137    8.951971    4.7191668   4.8696723   8.915382
   8.087535   14.256769   24.317577    9.887175   18.473522   15.295885
  11.693742    7.8376417   7.590154   13.29025     5.1005683   6.387957
  16.389523    6.125757    8.078325   14.646157    7.9488096   9.711628
   8.78327    22.668707   22.88929    10.279621    6.438527   11.736815
   7.3141527   9.721343    6.601265   10.123557    4.0871964   9.861837
   7.991136   10.4888935   8.526888    9.674094   20.044504   17.95698
  21.692354   10.029976    6.511944   20.708162    4.849267   21.019672
   8.409176    8.678998   15.944817    9.86294    11.198193    8.818976
  11.411367   11.5911875  19.821064    4.185788    8.923419   16.910728
   7.847747   15.656177    6.7301164  10.500863    4.017921    6.938307
   9.381379    6.5876937   8.74812     4.6068425   6.8856297   3.2115316
  15.704296    5.0596957   7.2572713   7.9238153   8.615034    4.394257
   8.357515    8.397245    7.4065714   9.777201   26.185833    8.787535
  23.246157   13.609488   22.8464      8.882205   14.499376   15.85355
   6.725046   11.181692    3.5160239  20.090939    6.7801347  14.166193
  11.425486   11.853165    9.841238    8.906262   14.171143   11.526117
  11.755798    4.7576346   7.2856073   7.0642076   7.9808927   5.6810775
  13.194493   10.176149    7.851223    7.8288126   8.945637    9.601562
  13.935701   15.157913   20.574652   14.358      10.394346   12.88555
  14.281717   17.812506   15.334009    4.5604897   7.4899254   3.7933702
   3.359959    9.305096    9.223094   10.020245    9.566032    2.9120243
   6.820697    5.3792543   9.975263    9.652913   11.412717   24.785759
   9.241266   15.033056    4.8062162   8.034365   10.17989    12.311501
  13.133553    9.491015   10.341395   13.517542    5.89387    13.822182
  15.263083   10.834332    5.0313396   6.4925475  11.383943    9.735074
   8.983498    9.953626    9.060188   11.047697    7.56728    15.340426
   5.269087   10.001834   16.143097    3.6037483   9.836157    9.879719
   9.713712    6.2965407  33.463245    6.7695236  13.168329   12.469136
  14.771547    5.9359684  16.355806   11.09415     7.533419   12.227457
   6.731903    9.235116    5.0606623  10.449996    7.7052083   4.7830873
   7.510714   15.228422   15.547555    9.28647    16.997175    5.5696445
   6.0583377   6.5255094   6.7467637   3.490019    6.2043653  11.81563
   3.0799818   4.344556   12.643357   14.535227    6.979671   10.159576
  15.263812    6.271796    9.8845625   8.43728     9.229898   10.45886
   4.558847   10.43043    19.46517     5.602292    9.546997    7.5529113
   7.641228    9.360473    4.800269    6.405755   13.095796   12.358687
  22.59623    19.006922    6.9059606  14.419965    9.540076    7.7833614
  10.215701    9.350033   20.525757   10.219801   15.439901   22.619354
  11.166867   10.509732   13.007813   16.054127   15.270214    9.403191
   8.34498     9.566362    8.964542   12.353815   11.306208    5.1433496
   8.302784   15.737043    2.5586977   4.4952774  10.121807    3.162884
  13.55241    11.359378   12.892001    5.817614    8.628229   10.217556
  15.994164    5.5968456   6.271636    6.2644334  14.917373    8.79108
  21.864298   11.655516    6.70672     8.214066    8.428565   10.296973
   9.601005   11.418957    7.852449    9.453453   13.663112    9.457301
   8.345163   12.657143   16.882156    7.121492   10.657477    3.2771444
   6.933647    5.7477384   4.597511   25.847157   10.431025   13.3063755
   9.228003   22.139448    8.373548    7.4946666  10.567044    7.427693
   8.849778   16.674782    4.3483458  11.074244    6.7694416  13.178048
   9.942427    6.4981384  16.537352    4.5367794   9.785702    8.608422
   9.658984    9.285802    8.634239    9.383859   12.676413   10.165868
   6.073203   12.0727415  19.401346    7.123487   10.932094   10.192168
  11.539107   12.420688    9.770402    8.010302   10.929013   19.15462
   4.2478523   4.988277    8.168612   12.122635   18.36869    14.967835
  10.298929    7.7302337  10.03069    15.066488   10.784671   10.728163
  11.714717   12.362109    6.8872004   8.997233    9.314134    8.224901
   7.3514576   9.703912    9.689485   21.637314    9.968766    6.596009
   7.9082155   9.770609    5.7816453   9.5962925  19.597984   10.741309
  11.075695   16.820284    5.36212    11.086325    8.942818    9.390717
  13.876814    5.599633   16.047127    9.703987    6.5445333   8.408039
  12.964166   14.468019    5.817309    3.8580322  12.212777   18.722528
   4.091972   10.081918   13.830193    7.5062346  11.24471    17.195017
   5.4108214  14.022631   21.433704   14.277606   10.578209   11.060753
  18.48849     5.446379    6.756302   11.612369   11.9575205   8.146456
   8.174047    9.678065   12.728676    9.628478    8.591256    4.1601386
  26.279148   14.366308    9.138157   16.643305   10.847953    9.274812
   4.9503655   9.936327    5.887128    4.594171    4.5519185  23.521713
   5.549919   10.801341   19.22824     7.1581774   8.855747    7.176283
   9.242101   10.57097     8.408388   12.994746   18.814426    6.852463
  13.168438    9.85467     4.4006805  19.312307    7.448205    7.8550963
   9.673182   13.809991   11.270642    6.8226795   7.0102406  13.628634
   7.7347064  11.538093   16.862339    6.2879086   8.669879   17.648232
  13.112669    8.87852    23.895319    7.3856835   8.441458   10.7146635
   7.4034305   4.518097   18.632236    8.732044    6.2687297   7.024022
  22.114426   10.660015    4.158525    4.346475    8.959785   11.348332
  14.118756   11.325422    7.045643    6.527601   10.394279   31.12288
   7.8630733   8.244841   28.079508    3.9929934   6.2765074  14.701671
   3.614518   10.351234    8.986912   11.936305    7.914842    7.1078196
   9.302848    8.761198    7.7479      8.962788   18.266932   14.742203
  19.275438   11.624692   11.105087    9.627112    6.2574625  17.902597
   7.144517    9.572182    9.395061   11.339364    5.6766086  11.025792
   8.634572   22.918686    6.476414   12.760385    6.950161    6.058431
   4.2796335  11.0891      9.345696    8.045314   10.386003    3.731173
  14.37565     4.4112587  11.13532    10.100422   11.113741   15.704738
  15.272472   10.878265   17.369528    7.6175766   9.664236   16.77738
   5.331099    3.432296   12.975745    6.5707626  14.081559    9.702017
  25.81025     6.9055314   9.522017   11.87891     8.99855    10.69159
  14.269594   12.100504   17.962412    6.8455434   6.4415817   8.967981
   5.9147525  15.514086    8.609712    7.0096703   4.211157   10.948293
  13.009211   13.3743105  11.891859    7.5182548 230.5101     15.63539
  10.923041   10.192868    5.5071425   5.4157357   4.4212756  18.850243
   9.53094     8.45084     9.929287    3.3883002   6.985731   12.082041
   6.6567235  19.718376   10.193307   10.511716    5.925997    3.5555794
   4.9089956   4.5524497   4.777875   12.523694    8.492771   17.479929
   5.0391054  14.052817    8.625387    9.91779     7.5174975   6.8335323
   2.8179076   6.7148995  10.006809   10.689277   11.936478    3.25333
  14.330258    5.738393   14.336072    6.714844   14.522769   16.403042
   8.01446    16.247845    5.8055253   6.4119706  10.205502    4.922782
  11.379327    6.762165    9.1663     14.739286    5.5970516   7.460502
  11.705709   16.542341    7.225858   19.305054    9.427722    9.693329
  14.530234   14.852902   14.05991     9.145205   19.660246    4.0624957
  16.226357    4.7019825  16.89514    17.36089     5.6394515   6.2000165
  11.933626    5.916701   18.165442    7.433616   12.253885   11.576533
  12.794924    5.909909    5.9056745  15.185982    8.850061   10.89373
   9.507318    8.962046    5.755287    7.196561    7.614792    5.095378
  12.668017    9.572568   10.367895   17.21562    15.4515295  11.335399
   8.231699   18.777615   19.11164     8.825856    8.679641   10.195242
  10.863769   12.9207535  10.005838    9.464286    3.9037602   6.0840383
  11.745411   12.283409   13.666547   11.275885    6.511184    7.665405
  13.189925    9.94798     8.68385    11.79687     6.649663    6.565458
   8.581227    7.233753    8.660463    9.7256565  11.432698    4.0152802
   4.2410393  22.496181    9.581553   12.432207    8.776507    9.305187
   6.819349    3.2172923  18.23275    21.638498   17.496183    3.715474
  11.056377    7.3258944  11.820053   12.512361    7.4256253   5.8410196
   7.0210586   5.670648    8.750904    6.0121136   9.204637   15.79038
   8.6639595   7.129585    8.699814   11.756433    5.2389426   8.6046915
   7.7158704   8.842897   11.510638   15.5611515   5.1302686  13.026385 ]",0.1977181929932391,0.24457478900359947
11,850,Transformation_Matrix_W,"[[ 0.8427911   1.1969681   0.26524386 ...  1.2555479  -1.5922484
  -0.450194  ]
 [ 2.9226015   1.0731313   1.8578553  ...  3.7439678  -1.5198741
   1.0634754 ]
 [-0.6886775  -3.5175958  -1.369246   ... -2.3277571   0.10921429
  -2.3021328 ]
 ...
 [ 0.14901908 -2.1126158   1.1759862  ...  0.9130439  -1.112104
  -1.0430475 ]
 [-0.39575496  0.46962646  1.0064709  ... -0.9889789  -0.6504197
   1.487897  ]
 [ 1.6436441   1.9414926   1.7054266  ...  2.1165087   0.8018048
   2.3974266 ]]",,"[  9.826221   13.933419    9.269452   10.293156    7.517401    7.3721194
  11.755743   14.766328    7.2141867  16.663155    8.651341    9.084141
  18.605999   10.471428    8.11232    11.5266905   4.2705293   5.333418
  12.29764     9.380074   12.608692   11.619292   10.084471    9.200967
  12.788957   21.98852    15.385887    6.958311    6.9617243  15.173517
   4.0259447  11.602729   16.632       4.9025173   8.296229   15.9906645
   5.943022    5.90543     6.0850086   9.652444   11.048407   13.972529
   9.512179    8.144363    7.0062504   9.941068    5.7068744  11.178029
  13.701265   11.892374    7.7075753   7.9388876  12.160109    8.02849
   4.249015    7.2699885   8.588751    9.861565   14.108023   19.706902
   7.9617376  19.860739   10.514827    5.4730716   4.804728   11.818257
   7.6937394  12.693789   23.55816     8.353332   18.554707   12.379915
   8.540276    7.0189815   7.2204604  11.086964    5.215361    6.492961
  11.132466    6.4315405   7.8011146  14.979167    6.735579   10.2331505
   9.482725   24.22842    22.90712     9.229796    5.501264    9.656173
   6.53452     6.785102    7.4107146   9.75456     4.9308724  11.222955
   5.887544    8.6067915   8.0482645  10.492685   15.949758   17.890818
  20.016077   10.29614     5.2851944  19.269796    3.6233344  17.909426
   6.7706113   6.41041    13.588845   11.65967     7.518275    6.673851
  14.723756    9.950663   17.544245    4.920225   10.158408   12.736765
   6.733742   12.967286    7.304451   13.064731    3.9628563   6.79145
  10.74593     5.6152554   8.099743    5.584575    5.5467978   3.5888717
  20.621204    6.3731894   6.710947    8.495977    7.9101615   5.6753426
  10.528934    9.152028    7.7749066   8.526058   28.226013    9.146473
  20.020231   17.187897   21.027817    9.114887   11.94089    13.041575
   8.697586   10.644173    4.3210316  14.321382    5.712665   16.848988
  12.307542    8.271936    9.716334   11.275246   11.986665    9.207935
  11.357179    5.1847897   8.975521    8.329415    9.162405    4.9962516
  13.941832   11.289433   11.3959255   9.801125    6.5268297   9.533891
  15.307373   10.691168   28.394833    9.52001    12.428098   10.145061
  15.162649   15.955755   11.453428    4.1264515   5.4492183   4.088799
   2.830782   10.430622    9.804983    6.9911685  13.771769    2.1532934
   6.4816546   3.9193923   7.5020003   7.0947824   8.390726   22.182447
   9.490097   19.477062    3.895369    9.439777    8.266567   12.220787
  12.467582    9.830579   13.228662   10.21936     6.6048474  16.497343
  12.687699   11.605138    4.1054754   7.176724   12.54853     9.812355
   8.874106   12.874928    8.556572    9.70239     7.5279098  14.021687
   6.5529976  11.939455   17.550837    3.7594032  12.984821    7.482787
   9.6667      7.696228   29.799461    5.479134   12.92787    12.12927
   9.68963     7.513278   17.212643    8.413623    6.3747134   8.680852
   8.654765    7.759801    4.725331   11.4784      6.106492    4.020323
   6.228398   18.8801     15.095819   11.414047   17.056736    6.665378
   5.4383426   6.2510157   8.106855    2.9840634   6.675532   15.302515
   2.9387145   3.9973319  13.484821   15.327501    5.6712394   8.734623
  15.760645    4.5911226   8.854425    7.2437577   8.512946   11.895367
   4.0713944   8.26747    23.197897    4.9953036   7.166535    6.5688663
   8.747295   10.928139    6.1342106   6.290615   12.643465    7.842308
  17.598299   19.35796     6.1722975  11.355009    8.715986    6.502484
  10.917736   11.65091    23.22701    13.0485115  19.362337   17.199062
  10.386115    9.188766   11.564774   15.236714   17.641903   11.361609
   7.535812   10.386206    7.4541707  10.706982   10.487427    6.297865
  10.6202135  14.677879    4.329752    3.1988049  11.523501    4.0948763
  17.346199   16.692102   13.528645    5.7376814   8.002306   11.218281
  14.296724    6.478955    4.8345394   5.512739   14.986039   11.707664
  23.11302    12.821484    5.1402707   8.529677    7.5486298  11.483192
   8.951033   13.700618    8.53463     6.5984592  12.445174    9.67517
   7.078875   12.352881   18.97202     6.9851627   9.886307    4.0872793
   5.1253834   6.357446    6.40787    27.661219   11.812024   12.423077
   8.916642   20.995049    6.791253    6.072287   10.428833    6.666917
   9.011344   16.411463    6.527255   12.833257    6.6036453  11.064264
   8.937493    6.4985266  10.93705     4.4163685  10.531159    8.869169
  11.899251    9.96381     6.4687023   7.967877   11.492591   11.244716
   5.348607   13.150243   26.349964    6.6907687   8.276423   13.646384
   8.088916   17.491762   10.379812    7.4941683  10.526704   18.706532
   3.500623    5.7608542   8.028673   13.266522   21.06616    13.473411
   8.009485    9.385738    7.8264523  10.455339   11.657788    9.360488
  11.439502   10.505136    8.927107   11.052336   11.571339    9.645745
   5.6068907   6.6897593  11.307615   17.877       7.0555844   8.16567
   7.8510633   7.700879    6.758177   11.4738455  18.412138   11.935003
   9.337926   21.104132    5.831837   10.874345    7.0405693  10.212106
  15.628792    6.9726834  22.542738   11.267778    4.4902163   8.74665
  12.834478   14.124346    5.7847433   4.747142   11.428801   16.296707
   4.783303    9.448845    9.526994    9.88322    10.159661   20.48498
   6.8737082  10.051226   24.77704    10.009009   10.531091   12.311593
  19.360823    6.137108    7.1774616  13.537751    9.390537    8.3446665
   8.859352    9.740603   15.634726    9.029009    7.6747622   3.0412252
  25.18444    14.881878    7.1923842  14.108975   11.2391      9.718997
   6.5157013  12.357463    6.3643203   4.4115496   5.457785   16.56548
   7.456792   11.790862   17.978046    6.9705644   5.9655476   7.7727966
   9.808384   12.872518    8.584982   12.410127   19.479681    7.3985095
  13.336345   10.59632     4.628884   16.19471     7.6233754  10.944383
   9.6095915  14.414487   13.461087    6.907789    6.963826   21.05922
   7.226789   11.904498   16.087341    6.272357    6.405291   14.35404
  12.755225    7.906894   26.039442    6.4950852   8.288098   12.392065
   9.105008    3.6200807  18.499279    9.429741    8.644651    6.7253823
  25.533737   10.277191    5.591327    3.891781    7.3038573   8.241564
  12.697274   10.503635    8.057591    7.0608716  10.456541   27.950815
   6.9187126   8.274324   24.113907    5.3521476   7.1622834  14.090439
   5.086674   11.966881    8.891374    8.966589    8.752806    7.0766635
  10.36095     9.445767    8.114139    8.841592   16.194563   16.592329
  12.20072    11.477878   12.545176    9.348503    5.446343   19.067251
   8.38567     8.525101    8.741768   12.125397    4.501747   16.432962
  10.246787   20.3385      7.6666136  11.688818    7.0743985   5.004106
   4.647231   11.408103    9.178039    9.317204   13.709985    3.8599026
  13.885109    5.606639    8.443049    9.49035     9.852015   12.404118
  16.362375    9.962266   18.935371    5.511018   10.444995   23.377432
   6.867688    3.510213   13.427231    4.763259   14.289298   11.122407
  20.652267    8.370022   13.464373   14.559117   11.594367   12.545288
  12.6549225  13.73241    22.070934    4.1987214   8.0314665   8.773097
   7.3309727  12.821725   10.191672    9.429448    3.9502192  12.078431
  11.0623665   9.241059   11.93993     6.0944595 228.74294    14.650814
  11.27107     7.956939    6.4315996   5.9340935   3.99508    13.156852
   7.228615    7.9122205   8.767184    3.7026153   7.199249   14.655041
   6.4028854  19.32907    10.039119    9.059774    4.411805    4.322727
   4.416683    4.6997724   5.932147    9.598254    7.9494896  13.279297
   6.366858   14.808909    9.602513    9.119055    9.362134    6.1752872
   2.638746    9.915635    7.4632897   9.974312   11.179934    4.2600927
  14.980553    5.0670834  15.563458    5.6618714  15.132261   13.9671335
   6.5162377  16.31351     3.8430636   5.5458503  13.032565    4.910441
  13.280607    8.147774    8.403948   13.751181    7.45236     7.2066164
  10.600865   15.539954    7.1260953  18.389051   11.329717    8.175055
  18.201414   16.29916    11.332324    9.000911   16.541855    3.637171
  16.084538    6.168057   12.880044   19.168968    5.979044    5.8466725
   7.712631    6.054297   14.412475    6.4433594  12.765255   14.575905
  14.785288    7.703998    6.5649433  16.23591     8.975993   12.859403
  11.496121    9.746032    4.6002545   8.659661    6.994724    3.7419264
  11.083144    7.7497416  10.077695   17.333874   20.713293   11.510756
   7.9706435  17.073425   14.454863    8.800711   11.12376    11.865462
  10.693388   13.359168   10.972118    8.49448     3.7776423   5.4964314
  11.645958   12.113722   10.973884   13.640487    7.8090477   6.8935795
  13.153105    6.7970004   8.556502   10.805078    7.7544465   6.488643
   8.945679    7.2544236  10.6406975   9.389887   12.045125    4.5556326
   5.0754843  24.402485   13.296257   11.59615    11.274281   11.559973
   7.2268114   4.008624   17.209839   20.901272   23.324533    4.4059157
  10.646414    6.2043056  12.371181   16.373932    7.751913    5.0399146
   9.166706    6.8027043   9.13316     6.069901   12.647764   18.842314
   7.115174    4.1744514   8.124069   13.0903      5.0487385   8.683241
   7.878532    7.1497297  12.667071   18.3614      5.3512745  14.995031 ]",0.20509373079287033,0.24981922141896418
