,Images_Per_Label,Train_Data_Size,W,Residuals,Classification_Accuracy,CLS_Cosine_Similarity
0,17,799,"[[  -4.694506    96.163864  -135.78325   ...   47.72571    -43.09985
   -24.953934 ]
 [  83.93288   -138.8804     -82.42261   ... -113.26924    -33.0743
   -15.121498 ]
 [ 134.19942    -71.42064     14.093683  ...   13.064301    54.463478
    -3.3283846]
 ...
 [   1.9813343 -163.32375    -63.32569   ...  -56.168537   -27.759348
    94.02167  ]
 [ 159.07524   -127.21522    -58.106873  ... -239.49332    152.57315
   -77.78748  ]
 [   4.847476    21.895529    85.70347   ...  108.52194    125.43108
  -107.67375  ]]","[ 1.4853123   1.9898655   1.3786408   0.7165841   1.3678504   1.3738858
  0.9777754   2.6984339   1.6410382   1.7155006   0.6685931   2.0038373
  0.9966254   1.6408573   1.2596905   1.7512201   1.9693345   1.1839129
  1.5330298   1.4471326   1.1144594   0.855586    1.986621    0.96256083
  1.9350996   1.3495122   1.2840528   1.2514906   0.8824515   2.1147509
  1.2683234   1.4242696   1.0879709   2.442432    1.212173    1.2359335
  1.1848098   0.8643669   1.6362203   1.0215849   1.3451406   1.563133
  1.7870091   1.5428425   1.3076249   1.029203    1.2433764   1.1008298
  1.3571551   1.6907248   0.9986613   1.0280598   2.0346608   1.7349973
  1.0981766   1.0356463   1.0013162   2.4509265   1.3230324   1.0335206
  2.703197    1.1539391   1.0742611   1.7311137   1.5811034   1.5731258
  1.7688998   0.9845796   1.5411884   1.2210253   1.319147    1.9012264
  1.0704502   1.5712423   1.187445    0.8155883   1.3429548   1.1890799
  0.97386557  1.6694785   1.4382323   1.849615    1.4725617   1.9397597
  1.228712    0.9782806   1.6935354   1.392479    0.9023849   1.1724793
  0.9306925   1.3451177   1.1277736   2.0016959   2.2172444   1.4860395
  1.2376823   0.979775    1.883909    1.6847256   1.7495192   1.2546871
  1.8319727   1.4711856   1.1596719   0.7930914   1.6781453   2.4693553
  1.6327244   1.3605988   1.351936    1.4314874   0.9010102   1.5017831
  1.4466904   1.0984124   2.2073445   1.976931    1.223079    2.1953037
  1.2888341   1.7355413   1.1392239   1.9763657   1.8432908   1.2794849
  0.8582373   2.0030017   1.2778509   1.472682    1.0218726   1.7039069
  1.5015954   1.4817777   1.8714198   1.8928277   0.96345687  1.7637717
  1.5586      1.1096182   1.5840079   1.1703082   1.2829424   1.9920337
  1.4612778   1.3087907   1.0639856   1.052819    1.3320298   1.2054167
  1.2187779   1.3281617   1.585903    0.74444604  0.98784506  1.4606762
  1.0561812   1.5522634   1.413568    2.4760728   2.3357685   1.4812217
  1.2609774   1.1498545   1.3820076   1.4435208   1.2586478   1.0292463
  1.3100853   0.8210172   1.0057628   1.2933242   1.4908586   1.2720019
  1.3918406   2.31902     1.3019112   1.2420336   1.646599    2.1507468
  0.8344904   1.4722141   0.85282516  1.5953584   1.085559    1.4811608
  1.2767878   2.5504725   1.8759875   0.8979206   1.317069    1.7220827
  1.4997746   2.602925    1.0764624   1.5795038   1.597112    2.5254188
  0.96953124  1.8442516   1.7619824   1.7780331   1.2195469   2.1470208
  1.212365    1.0971941   1.2631552   1.8932449   0.840472    1.5246787
  0.77224296  2.1643531   1.5767397   1.2021338   1.621765    1.7367603
  1.4182141   1.077031    1.0926048   2.2213132   0.86691135  1.6673384
  1.7123104   1.7108532   1.6197705   1.7118577   1.3231709   2.675205
  1.1858048   1.7653407   1.3424459   1.0737482   2.2116141   1.9131559
  1.3268273   0.93186015  1.7033808   1.9213715   1.2885234   1.422464
  1.2731167   1.2823411   2.216519    0.91218257  1.360809    1.199279
  1.8284909   1.437054    1.0175152   1.3609236   1.1140977   1.2691715
  1.1511775   1.5768582   1.8723598   1.6806778   1.3051124   2.7802732
  1.1409849   1.2901958   1.4639344   1.0546931   1.675475    1.270931
  1.0240369   1.2510865   2.268464    1.0718275   1.3222984   1.2686372
  1.4571569   1.6245548   1.3046476   1.8453913   0.9865297   1.3209798
  1.3270516   1.1894597   1.975055    1.8771281   2.095665    2.5440464
  1.4483232   1.6222198   1.8562677   0.71532726  1.125153    1.0820955
  1.0176827   0.85165673  1.6061089   1.8349224   1.8346683   1.5165886
  1.2638564   2.213809    0.96226364  0.89398193  1.5774599   2.254297
  0.97377366  1.7794961   1.3035369   1.9933985   1.2761452   1.8060677
  1.1040415   1.1615319   0.88391626  1.3793122   2.275415    1.1168213
  1.4092103   1.3179761   2.9756956   1.6991526   0.8900761   1.4451126
  1.5670234   0.9415733   1.4016832   2.8847616   1.3951055   1.4169213
  1.1546317   0.99584     1.2993982   1.0543071   2.0048153   1.5469711
  1.125189    2.0574636   1.3952987   1.662959    1.255834    2.4792807
  3.8542433   1.319127    1.1758542   1.3489997   1.5328876   2.440326
  0.86932904  1.3673512   2.4704127   1.0251124   1.146605    2.2699728
  1.149594    1.4576386   1.8543664   1.6079482   1.2666609   1.0288615
  2.4871092   1.970895    2.3403587   1.1253287   1.8896326   2.0962446
  1.3424006   2.5717695   1.6240399   1.0364245   1.7158673   1.4551662
  1.7772939   1.707825    1.6105843   1.4168264   1.6335337   1.460051
  2.1018393   1.2373761   0.94503576  1.4071214   1.1333209   1.7496268
  1.7451098   2.080053    1.3363991   1.4220742   1.397779    1.7163557
  1.2451069   0.65814894  2.2019114   0.96995515  1.3944504   2.3094397
  2.281903    1.648516    1.4736176   1.883033    1.5705137   1.0991446
  1.0406829   1.6877366   0.89638084  0.9870457   2.0921104   1.7567939
  2.306864    1.7704577   0.69076866  2.1884162   2.0968766   1.5645947
  1.6328956   1.0431569   2.3978505   1.157722    1.0437871   2.4437375
  2.7988894   1.8766707   1.8376894   3.419454    1.2115642   1.343254
  1.5210878   1.8260283   1.7538953   2.3897927   1.5630748   2.0311508
  0.9019811   2.8025851   0.92508876  2.8811867   1.3279709   2.7842364
  1.0268306   0.89390147  0.5252319   2.1427798   0.9284244   2.3059988
  1.4184387   0.9078934   1.1909089   0.9916421   1.7536606   1.3734035
  0.8065248   1.0362303   1.1178252   1.5434555   1.4585975   2.1066601
  0.7977363   1.3085233   1.5963049   1.3273771   2.2524657   1.7238134
  1.6344188   1.818299    2.1610043   1.5581062   1.9949422   1.2454456
  0.9798147   1.250965    0.86280626  1.480518    1.5434208   0.99624324
  1.6256213   0.8882771   2.0198543   1.4721179   0.8603993   1.0416368
  1.5813451   1.6035154   1.685188    1.061326    1.6052557   1.226396
  2.0225255   0.965588    1.4318264   1.3114852   1.4878504   0.959635
  0.7026951   1.9765849   1.2732569   2.1741233   1.1334845   3.0760884
  1.3210351   1.0854988   1.272547    1.4250265   2.1021311   2.8592958
  1.142759    1.7295634   1.8457121   1.9260135   1.8984092   1.6060282
  2.036143    1.6224984   2.1135178   1.6329076   1.0461463   0.92923117
  0.81725144  1.8162593   1.5066496   0.97042334  1.4941828   2.055982
  1.3368093   1.079649    1.304429    1.3425341   1.5736309   0.85405535
  1.226804    1.7319255   1.7994581   2.161982    1.1477517   2.206884
  1.4990463   1.6618814   2.3453443   1.9779295   1.4924129   1.3097559
  0.9283116   0.9982774   1.2789094   0.77962995  1.475294    1.7636678
  1.6649245   1.0815322   0.8615342   0.8794349   1.1792264   1.9274619
  1.6242844   1.1762158   3.3546374   1.5894005   1.0097028   1.5433149
  1.650656    1.4343913   0.984065    1.3997189   1.6767564   1.0582596
  1.0732341   1.2838942   1.7197102   1.9243877   1.2933198   2.249776
  1.1925747   0.89521426  1.11621     1.0354253   0.79559255  2.0971496
  1.786964    1.0803797   1.635144    1.5865049   1.668356    1.409115
  1.8550364   2.3766906   1.2180936   1.340103    1.3857343   0.9661054
  0.64123267  1.7202313   1.2950978   0.89305776  1.7502885   1.8703457
  1.4814883   1.4327347   1.9034512   2.6700292   1.515892    2.3472018
  1.2825958   1.3135759   1.72433     2.3158636   1.2897657   1.914513
  1.7082125   1.2968521   1.2933351   1.0942941  12.74486     1.3449645
  2.3117115   1.5486768   2.1250749   1.5616962   1.2090801   0.8624568
  1.5081793   3.097655    0.9108071   1.9018924   3.047763    1.239147
  1.0111209   2.1294503   1.174078    2.0181878   0.73543644  1.6227205
  3.4305017   2.2469368   1.3569984   1.9101319   1.3577439   1.5434091
  2.109432    1.7213986   0.8202115   2.0417025   1.6482185   1.6521335
  1.6828625   0.98060477  1.1450454   1.3226953   1.0830904   1.319338
  1.9114854   1.0147761   1.9199558   1.6599306   1.3990796   0.91267174
  1.2265015   1.3775077   1.5503997   1.2309126   0.98654705  1.214738
  1.5750301   1.5837477   2.031741    2.202758    0.96167207  2.5041382
  2.9975054   0.9962348   1.7428693   1.9764405   1.9969625   1.8289145
  1.4100486   1.7502669   1.9830108   1.2533107   2.0443964   1.4055016
  2.1163669   1.4140264   1.4154667   1.8907284   1.6309761   1.0160291
  2.6170297   1.3443222   1.0268492   1.6816125   1.991281    1.2791505
  1.6919619   1.6058269   1.2049098   0.91845137  1.1710515   2.0478268
  0.9934312   1.2890218   1.6550312   1.577189    1.588363    0.8911119
  2.1455958   1.0228156   1.1797583   1.664439    0.9424723   1.1396525
  1.0962361   1.3073047   1.3064227   1.3613633   1.5325315   1.7448379
  1.3788472   1.6241372   1.551966    1.5415351   2.1988158   1.5636886
  1.2486637   1.1005877   3.400027    1.2109842   1.395324    1.69775
  1.5824759   1.6161832   1.7945664   1.3735968   2.2961044   1.3090297
  1.0395063   1.4686188   1.2125503   1.9380504   1.7401272   1.3926334
  2.1054792   1.2721664   1.3600789   1.1608363   2.000146    1.7902055
  0.9286739   1.7805097   0.97463     1.6431676   1.2279307   1.3114246
  1.4777764   1.1332579   1.2798663   1.9865785   0.90349585  1.2986697
  1.4361188   2.0052018   2.418514    1.5640757   1.819826    1.747315
  0.8649295   1.254334    1.956907    0.9877801   1.8855447   1.8088721
  0.8734937   0.8127919   0.95640343  2.2310903   1.5234097   1.208786  ]",0.027659574468085105,0.0427599614020437
1,17,799,"[[ -45.029263   108.5349     -11.326406  ...  -40.944607    61.165436
    35.2389   ]
 [ -30.532696   -72.02033    -23.998884  ...  -14.343018  -114.81384
    10.472761 ]
 [ -22.094254   -12.298972     7.182331  ...   21.144733    31.348831
   -12.210634 ]
 ...
 [  -6.199359    -6.159389   -71.29108   ...    8.658474    19.513628
    19.320993 ]
 [ -18.918306   -36.513214    13.288226  ... -174.46356     24.89717
    60.1191   ]
 [  23.434889   -79.73927     -7.9288287 ... -114.16047     24.87846
  -148.787    ]]","[ 1.1092095   2.0409398   1.2372303   1.1508964   1.2451426   1.157039
  1.159329    1.4984164   0.86354035  1.4854207   0.78293353  1.4171666
  0.758976    1.6031394   1.3209038   1.6680256   1.5131825   1.3119066
  0.8020158   0.9887503   0.7745513   1.555245    1.9240775   1.5336449
  1.4130703   1.8089123   1.9329497   1.5254041   1.0999331   2.0132759
  1.0160712   1.0947661   1.6122801   1.2533903   1.3915038   0.704671
  1.389144    0.91287607  1.2719063   0.84382457  1.357478    1.3114573
  1.3739003   1.9868333   1.4087015   1.1901387   1.374394    2.0666907
  2.0024104   1.0032996   1.23476     1.5359128   1.601755    2.5152068
  1.1201433   1.6439002   1.3336095   2.61709     0.7960597   1.4269693
  1.631995    1.2139257   1.2155482   1.1232556   0.8192438   1.6259366
  1.454442    1.5125158   1.0120084   1.803711    0.57629395  0.81075466
  1.6700418   1.4092498   1.5391208   1.4748834   1.735055    0.9279086
  1.646869    1.3875273   1.4658935   1.9836628   1.4548725   1.8511375
  0.96558607  1.5128202   0.9169315   1.278115    1.5325762   0.9379282
  1.1052314   1.2637854   1.2924273   1.3639171   2.20735     1.8284034
  1.6016059   0.6671082   1.9169034   1.381228    1.4540554   1.4622235
  1.9352925   1.2301729   0.76773584  1.3558369   1.964446    1.9034141
  0.88739175  1.0200299   1.378204    1.4742944   1.7606422   2.2049594
  1.12769     0.8384955   2.100497    0.9028432   1.2948776   2.1523192
  1.3873812   1.7341893   0.5883391   1.0501964   1.5616528   0.94101554
  1.0469874   2.1544285   1.2030271   1.2010807   1.2862084   1.5291504
  1.5974821   1.4521834   0.87825435  1.3681822   1.3062503   1.1040863
  2.0532413   0.96093166  0.75984824  1.1815684   0.6920489   1.4916631
  1.5923305   1.8953127   1.1736984   0.96326244  2.158331    1.0557481
  1.3174969   1.0224109   1.2790941   1.4545192   0.7068937   1.2957796
  1.1412967   1.9433104   0.47161457  2.5152726   1.058074    1.1533412
  2.0819993   1.951816    0.8713041   1.4657458   1.2694336   1.1184562
  2.3884149   0.66954386  1.6707152   1.096391    1.5107625   1.8038753
  1.2143388   0.8159504   1.4336872   0.9919357   1.5071203   1.4181048
  1.0210099   0.8702821   1.0268853   0.8756115   1.0853919   1.4057473
  0.9947559   2.6887088   0.9357752   0.66546327  1.3788915   1.4878874
  0.71407676  1.6573652   1.0591727   0.76288164  1.3748565   1.5345676
  1.0182174   1.9555382   1.5613226   1.5035179   1.1118213   2.665916
  0.7798794   1.1434138   1.1124687   1.5171566   1.668486    1.3313327
  1.2528061   1.5789568   1.8207113   1.0715495   1.6339822   0.99940056
  0.8291106   1.3556536   1.0438317   1.0453486   1.5740912   1.2045336
  1.3351654   1.5209953   1.0967655   1.308282    1.0619246   1.4396148
  1.9169676   1.1577227   2.5190544   1.0836971   1.9008367   1.0852436
  1.0768981   0.9697304   1.1093543   1.0669917   2.0265098   1.8121078
  1.005422    0.47956416  1.0646819   2.27761     0.9218516   2.045813
  1.6098605   1.8315713   1.2643981   1.4508169   0.6419154   1.490783
  1.2734504   1.1907262   1.5596884   4.3353877   0.92475057  1.5816708
  0.91675127  1.2640276   1.4876564   1.2658488   1.1948897   1.102498
  0.7734724   0.70366603  1.3394961   1.388199    1.1783146   1.4320674
  1.9908715   1.8636283   1.5819477   1.7744004   1.081318    0.6321261
  1.3520058   0.9119417   0.6622979   1.032539    1.5688722   2.3692355
  1.3150539   1.3371532   1.8492185   1.4973248   1.0629551   1.5732563
  0.9586889   1.041115    1.9255265   1.3403907   1.0324982   1.46362
  1.354107    1.5102391   1.4975194   0.7359035   0.9298      1.118121
  1.3940159   1.3954829   1.7269801   1.0953043   1.3837799   2.5455537
  0.98611665  1.3804364   1.949494    1.4919367   2.7964032   0.8238078
  1.530571    1.9817218   3.061815    1.2292073   1.2669784   1.4806077
  1.1071858   0.9222074   1.4404104   1.288506    1.3085055   1.4771855
  0.9065849   0.9252661   1.8423585   1.800179    1.2468413   1.4361827
  1.5942669   1.6797422   1.1817063   1.8878026   1.6892536   2.363543
  2.5492024   1.2094952   1.6485093   1.2898036   0.79476506  2.7532053
  1.4507567   1.3923534   1.5662221   1.2244574   1.4270151   1.4412812
  1.1126875   1.5711663   1.602046    1.0880476   0.87627625  0.8033942
  2.6596065   1.6107209   1.0970207   1.0643499   1.2119862   1.5276892
  1.3812321   2.384089    1.204944    0.82908475  1.5249114   1.2790984
  0.9370589   1.5044205   0.8303164   1.7710971   2.876549    2.0148876
  1.9843      1.5547312   0.85075295  1.7545875   0.8698292   1.4864033
  1.2239541   1.7965131   1.5034844   0.97521275  1.1946723   0.92651284
  0.8302782   2.191733    1.3378735   0.9565981   1.3265175   1.7756312
  1.5693046   1.1423104   1.4227469   1.2935746   1.5951545   1.3086903
  0.71447176  3.1811352   1.3262606   0.88524973  1.0470304   1.1909087
  1.4925671   1.9472134   1.5628653   1.425006    2.344567    1.6567346
  2.100559    1.4771457   1.8527567   1.184944    0.9072654   1.8991345
  2.6080468   1.7928227   1.2136965   2.361304    1.1001408   1.0497792
  1.2778273   1.1289995   1.4094654   1.3266492   1.7042952   1.5859209
  0.39122987  1.1151263   1.0933471   2.1078103   0.8430657   1.6867808
  1.1261232   0.7981178   0.9098843   1.3631518   1.7418463   1.1594936
  1.872135    1.0887251   1.6328132   1.5125463   1.255132    1.7319115
  1.102467    1.2598244   1.4067184   0.90739244  0.87000257  2.1560974
  0.87822723  0.9459312   1.5709964   1.2584609   1.3254508   1.2568897
  1.6225258   1.3144302   1.1604836   1.1480784   1.5742841   0.67704093
  1.4600105   1.3619102   1.0077131   1.2537853   2.2877686   1.7056128
  1.5665838   1.8063521   2.0723317   0.8714222   0.55139196  0.7732031
  1.675056    1.5258725   1.3835295   1.3519439   0.97881347  1.344804
  2.264523    1.1667913   0.76058865  1.7478142   1.7384559   1.0602331
  1.1491188   1.3224219   0.8960372   1.6540167   1.04981     1.8750888
  0.9039982   1.4216374   1.5894034   1.4837904   1.7388096   1.70856
  1.8016382   1.1725668   1.865335    2.1991076   1.3085073   2.1124537
  1.2538307   0.732881    1.3143616   1.126937    1.2833264   0.9732396
  0.59965867  2.0022907   2.1250095   1.3776294   1.6372073   1.1268762
  1.3840643   0.9202925   1.4454151   0.7465267   1.353065    2.0914183
  0.98697335  1.1665043   0.90957344  1.1538004   1.2508876   1.4391375
  1.1154069   1.4513289   1.1563078   1.5422864   1.2411923   1.8107136
  1.1432575   1.2422751   0.9543733   1.5591058   2.0461726   1.5860993
  1.2158964   1.058069    1.1108129   1.4331384   1.7945888   1.1838764
  0.8364598   1.9142491   0.60399944  2.121538    0.97501725  1.4306645
  1.744982    1.7642646   1.00078     1.3568839   1.955879    1.5066239
  1.7831877   0.77987355  1.1650562   1.5599569   1.5566186   0.9135928
  1.4315363   1.0244454   1.4816034   1.4055566   1.1365305   1.1913552
  1.1817408   0.9285153   1.0814608   1.3129314   1.6305797   1.5850412
  2.0572226   2.1195297   1.5030018   1.1010967   1.6359216   1.2001227
  1.7341754   1.0568316   1.4050288   1.4599612   1.4943198   1.0493728
  1.12006     0.7766403   1.8442079   2.2032194   1.3664564   1.5924461
  2.436924    1.7225261   1.205271    2.0006032   1.9511981   1.6890299
  1.9922118   1.4745042   1.200701    1.4232281  13.417414    1.9469745
  1.8649992   1.72391     1.4456202   1.3951148   0.9754064   1.1614767
  0.6583901   1.1759028   0.9424635   1.2558242   2.095139    1.4972318
  1.0558276   1.4876637   1.0269953   1.60694     1.7710073   2.2221122
  3.1040428   2.548514    1.1169308   1.4497299   1.1963934   1.7431089
  1.1131455   0.8308234   0.5333536   1.1589575   1.3260676   0.90173477
  1.747496    1.1478672   1.2216414   1.1391166   0.9625451   1.5943093
  1.1593909   1.8253335   1.9310554   1.3488137   2.4175067   1.4444838
  2.036142    0.80253416  1.9987296   1.5150912   1.8222166   1.6118209
  1.1594636   1.1757591   1.5086477   1.1719283   0.9934585   1.639166
  2.2889256   1.3316685   1.1706902   1.8207352   0.84712106  1.3229631
  1.0470164   2.0010335   1.6413543   1.0149683   2.2107198   1.6901655
  1.6052881   1.1825391   0.8010081   1.557987    1.1566979   0.9853784
  1.7796519   1.2001964   0.9665584   1.3779069   1.3802775   1.080743
  1.4962074   1.2323061   1.3946792   1.2073883   1.5217717   1.6903595
  1.5000186   1.2359415   1.5149139   2.1857886   1.171822    0.69173706
  1.2896619   1.4209465   1.7993703   2.2742991   1.5077188   1.0150056
  0.84788394  1.299129    1.681087    1.0735477   1.5025061   1.7786714
  2.4344032   1.8717968   0.93470633  1.6099921   1.3510134   2.0876567
  1.5011482   0.7068179   2.7649865   1.1699319   1.3093524   0.9106332
  1.6715946   2.1233187   1.3710127   1.7356286   1.173895    1.4959381
  1.0214226   1.4290911   1.1213372   2.000004    1.3930765   1.0638196
  1.0704166   1.2227805   0.9844468   1.0643449   1.5285773   1.6162237
  1.108758    1.6427901   1.0057869   1.4736487   1.4632161   1.3529264
  1.3761669   0.95250744  1.1223108   0.88257414  1.5345854   1.343252
  1.8710532   1.4963272   1.6320368   2.3557196   1.3557812   1.9511768
  1.0326122   1.2013483   0.97360164  1.2790664   1.022912    1.5288147
  0.9171614   1.0331553   1.1411259   1.8261013   1.1762491   1.4384985 ]",0.04202127659574468,0.05803752082089583
2,17,799,"[[ 87.24544      1.2090043  -31.734316   ...  37.34705     68.03757
  -45.54788   ]
 [ 15.521772    -0.6166411   15.495876   ...   0.18848543  25.407867
    0.5141748 ]
 [-18.7987     -18.97207     28.692577   ...  73.21246    -54.381676
  102.00683   ]
 ...
 [ 19.410265   -76.458466    16.036644   ... -12.255525    -6.2254643
    1.7718978 ]
 [ 16.478554   -15.585406   -14.697469   ...  23.957504   -52.62314
   61.556435  ]
 [ 29.340729    30.957977   -23.531439   ...  25.3417      62.25534
  -16.21992   ]]","[0.8119999  1.4371965  1.5607913  1.3892729  1.3117346  1.3903854
 2.0193927  1.0706816  1.2546011  1.5107952  1.0227032  1.1412433
 0.8069216  1.5817813  1.316137   1.3484715  0.8484549  2.1226742
 0.85484654 1.2237164  1.1522887  1.5870043  1.7532933  1.2168326
 1.3276169  0.97974926 1.7445548  1.9119663  0.7642363  1.3622738
 1.0513291  1.0712137  1.2588414  1.4623559  1.7711074  0.6919971
 1.4166656  1.1639155  1.9609098  1.5366678  1.4521244  1.8122867
 1.1029519  1.5116541  1.00601    0.7146116  1.3998377  0.9797434
 1.461331   1.9604115  0.95930505 0.7876919  1.585468   1.4395369
 1.3247008  1.8242433  1.3672104  1.5119023  0.81464905 1.0416039
 1.6975422  0.75553113 1.5484158  1.4418086  0.9864997  0.96952266
 2.1107361  0.85556746 0.83784795 1.3564259  0.989944   1.7715613
 1.1813111  1.0443474  1.2101845  1.3737698  1.4527681  1.1312453
 0.97147    1.4360764  1.1024663  1.1145736  1.167296   1.7116443
 1.2038338  1.105278   1.0102495  1.4071058  1.131476   1.7204931
 0.6335852  1.3199211  0.9991682  1.2583268  1.2776517  1.03061
 1.2201458  1.0367864  1.3453169  1.1485821  1.2503036  0.97128415
 2.2732425  1.227713   0.9632947  0.9991607  1.9019448  1.4832435
 1.7157989  1.4181464  1.3655937  1.5127704  1.3077384  1.2842414
 0.8764775  1.1424698  2.385826   1.8145974  0.98069066 2.2303474
 0.98812765 1.4214941  1.2569764  1.3521644  1.7269074  1.2333739
 1.057482   1.2642297  0.70864546 0.98308706 1.1693535  1.0950226
 1.2171371  1.9880401  1.6613616  1.8491322  1.0917505  1.8987343
 1.7109355  0.7907805  0.8396436  1.3277267  1.2401239  1.4882777
 1.387183   1.4453797  0.9998429  1.7516668  1.0030832  1.3317673
 1.1581256  1.5274041  1.802382   2.290139   1.2164267  0.8521645
 0.8692914  1.3265048  1.483049   2.0971773  1.9960035  1.2985073
 1.6723049  1.5644157  1.2300073  1.6243926  0.90481466 1.578451
 1.3460284  0.957719   1.2148546  0.6815109  1.6774069  1.9358758
 2.05636    1.8332256  0.7416701  1.036835   1.1104635  1.8909497
 1.0559506  1.2972397  0.83448094 1.3942928  1.2251965  1.1095833
 1.3871174  2.3764906  2.1209338  1.227286   1.7474843  2.5811522
 1.2472774  1.673604   0.88040817 1.4411238  1.4385822  0.86247146
 0.89731205 1.7552475  1.7874895  1.3416744  1.5096215  1.3867606
 0.6417841  1.2670379  1.3450037  1.0271108  1.4835739  1.6967958
 0.74686795 1.7897841  2.296986   1.3260119  1.7400285  1.3015218
 1.1968734  1.2566656  1.6979645  1.6313734  2.0331233  1.1211516
 2.8140895  0.57337785 1.3985358  1.1420975  1.7393115  1.5423659
 0.85701436 0.9569083  0.92593515 0.9234797  2.3336592  0.9920413
 0.9643218  0.9760429  1.3851061  0.85102344 1.1326064  1.1642916
 0.9901616  0.870189   0.95198053 1.1594533  1.510437   1.8441193
 1.5256431  1.3010164  1.5924515  1.6083966  1.1052629  0.878679
 2.2369988  1.0859073  1.6612424  3.0277195  0.7468973  0.81773967
 1.0353771  1.1922266  1.4992139  1.1401732  1.60755    1.5055299
 1.4608744  1.5032297  1.5705045  1.0924579  1.1487551  1.081366
 0.7295845  1.5103164  1.0610652  1.7956781  1.0752754  1.1182622
 1.1535233  1.3834684  1.3360409  1.1366236  1.5175115  1.7716614
 1.5474067  1.2252364  2.1595395  1.3535137  1.3324555  0.9299553
 1.1154808  1.7628615  1.1521645  1.453131   1.507917   0.47402653
 1.547952   0.93925613 1.380255   0.61764663 1.1903512  1.2295363
 1.3364118  1.2346276  1.092191   0.9253879  1.4127746  1.9970793
 1.1649435  0.5514709  0.9095958  1.073629   2.0722275  0.80859154
 1.4201014  1.6236364  3.0068128  1.2776202  1.191864   1.1255325
 1.1316377  0.9702686  1.4773879  1.9833152  1.6028801  0.77797616
 1.2060163  0.51922923 1.5370871  0.67956865 1.1450454  1.6285794
 1.3958412  1.5082297  1.2282563  1.701435   1.5164064  1.9515111
 2.2316766  0.81868535 1.8503312  0.79538774 1.124586   2.0195346
 1.2768288  1.1620227  1.7960014  1.4597468  1.590311   2.5983233
 1.223921   1.2586241  1.3624477  0.819705   1.6910495  0.7203062
 1.6735727  1.6314989  1.3861563  0.92786646 1.4259932  0.9648038
 1.4468015  2.2530396  1.2573609  0.942227   1.9001875  0.7042539
 0.6150779  1.8019842  1.3341781  0.9973754  1.3920716  1.396077
 1.6480138  1.4190104  0.92353624 1.0461993  1.5739458  1.4171531
 1.1075662  1.6640528  0.9864854  1.3695121  1.2620533  0.7431986
 1.2456766  1.4731079  2.0200458  1.4317591  0.9656329  1.3092711
 1.5688769  1.0755165  1.4447699  1.5050279  0.7592328  1.5273589
 1.231718   2.88143    1.4154792  1.0366101  1.7083687  1.2245594
 1.9782448  1.113452   0.88947463 2.1928124  1.2714922  2.4576414
 1.5204312  0.88802665 1.9235784  1.4706765  0.9797     2.6487107
 2.1362753  1.1066896  2.225072   2.2438707  1.2817817  0.89306486
 0.59641194 1.0287608  1.7557594  1.3187451  1.2543818  1.29908
 1.2562178  1.2475761  1.1104151  1.6094275  1.0868509  1.521931
 1.0429615  0.73888195 1.1036638  1.2569257  1.1374534  2.620672
 2.2557385  1.6689016  0.9306012  1.3650925  1.8864068  1.312848
 0.9615698  1.0497632  1.2728829  2.0079904  1.3333699  0.61727834
 0.91873527 0.99553484 1.4999146  1.3033376  0.97515935 1.4117163
 1.7231078  1.9082899  1.4488698  1.0660195  1.2850658  1.3287115
 1.3503622  1.4544064  0.5403917  1.3772486  2.0352051  1.1763223
 0.9488584  1.2284775  1.52135    0.69820595 0.9271051  0.9654456
 0.92476803 1.8808992  1.9990413  0.6666824  1.126346   1.4850352
 2.0988748  1.1764078  1.4247034  1.9911791  0.75475746 1.0403321
 0.94829    1.2922966  0.9888813  1.3177354  1.69483    2.1989563
 1.6900679  1.1687334  1.0880759  0.8219894  1.5829504  2.009491
 1.154633   1.6805549  1.4012043  1.882809   1.2773647  2.1105833
 1.5155666  0.7303888  1.3191385  1.2768503  1.1201179  0.85330456
 0.8487455  1.4522464  1.8163406  1.5881802  1.289766   1.3820976
 1.2326226  1.2625952  1.1390071  1.25746    1.2848774  1.383672
 1.4149724  1.2573123  1.1442194  1.4910914  1.1113458  3.1320827
 1.4362997  1.3261     1.6504469  1.3766274  1.3058469  1.8507545
 1.0885142  1.2634246  1.4001555  1.6457301  1.3155721  0.6987419
 0.98598206 1.278085   0.851423   1.6833134  0.7525381  1.2406663
 1.2210524  1.3075434  1.7447716  0.9886838  1.1235106  2.3368173
 0.9775197  1.6877512  1.2003515  0.6877774  1.9990025  1.5293876
 1.6151131  1.0864238  1.6913842  1.1025685  0.8006755  0.80364233
 1.3080996  0.9530648  2.1292064  1.0551482  1.0882951  1.3299108
 1.1162658  1.4557394  1.6193308  1.3727261  1.155916   1.254159
 1.8597533  2.1495633  1.1640941  1.0733886  1.2547061  1.2181933
 0.6810668  1.1496621  0.94902617 1.0038972  1.8259372  1.3900235
 0.86782646 1.0372983  1.5327051  1.7108124  2.224062   1.6760451
 1.9185177  1.0526987  1.1652589  2.7709682  1.6091882  0.6681539
 1.2264735  1.9679278  1.4575617  1.3498287  9.366736   1.1020122
 1.7175822  2.3953316  1.2445768  1.650232   0.81149566 1.4201868
 0.5922157  1.9221823  1.1707273  1.89568    1.445345   2.2386055
 0.86869454 1.2353406  1.9229543  1.9370631  1.51874    1.6438342
 2.3209946  1.7466707  1.1951897  2.026045   1.4649835  1.732955
 1.1587712  0.8867372  0.67857313 1.9866529  0.98846424 1.8105167
 1.173215   1.3019799  1.2216923  1.2556057  1.1164875  1.4470829
 1.0754358  1.3657488  2.2435946  1.5523362  1.3261527  1.0611316
 1.0574499  1.5921035  0.8452848  1.1805717  1.3962609  1.2076873
 1.0898628  1.3746026  1.9150671  1.8596845  0.86164594 1.5266078
 2.81641    0.7910022  1.1584301  2.0135055  1.2121049  1.4017631
 0.9103821  1.2810777  1.9925989  0.9706273  1.1095392  1.9313548
 1.7462491  1.9073586  0.9844022  1.1076598  1.822734   0.99021584
 1.3596693  1.5491059  1.2811475  1.3074178  2.1082053  0.93039936
 0.7799556  1.1146721  1.2887452  1.2733464  1.6396787  1.3262696
 0.8851943  1.035217   1.410981   0.8738605  1.3559968  0.70923764
 1.4980779  1.7622417  0.9439263  1.8520396  1.2934178  0.92642146
 1.2791237  1.2589077  1.5837046  1.0818403  1.9936411  2.1272557
 1.3389516  1.781919   1.4865694  0.81021166 1.9863132  1.6264255
 1.3533317  0.8786522  2.3064744  1.3977221  2.1303616  1.3657959
 1.1060383  1.7983676  1.1059434  1.5885962  1.9008977  1.0245588
 1.4420801  1.3681587  0.73453736 1.7466989  0.9874743  1.14501
 1.521435   1.2931209  1.0118859  0.85696137 1.2130872  1.2358664
 0.9652966  1.2931023  1.3076851  1.1020756  1.2408855  1.2792525
 1.7990584  0.82755184 0.9548386  1.2672881  1.1334797  1.5429074
 1.5297191  1.2675968  1.3284819  1.160062   2.0153935  1.7677383
 1.2874568  1.4482507  1.2086616  0.9167361  0.92207026 1.2787011
 1.239796   1.1640552  0.8779497  1.4484823  1.1232573  1.2749554 ]",0.04627659574468085,0.08066413352886835
3,17,799,"[[ 18.09761     -5.5760646  -23.832476   ...  11.064399   -29.120836
    5.6806064 ]
 [ -7.0310235  -32.11743      0.16770026 ...   4.88564     -5.026447
  -23.529835  ]
 [ -3.2431524  -10.24559    -16.510984   ...  -5.91062    -11.889245
  -21.09302   ]
 ...
 [ -9.580055   -10.836892     1.4869436  ... -25.566334    -6.2838197
  -36.575104  ]
 [ 29.879454    -2.9917622    1.6593053  ... -13.213126    -6.293759
   16.612503  ]
 [  4.959499    -0.91311884  -3.4451973  ... -11.080914    24.354904
   -5.6925306 ]]","[0.84098    0.99497837 1.8881184  1.4758531  1.0162963  1.2157001
 0.97476685 1.014449   1.3965847  1.4991837  0.7014398  1.0783361
 0.9024455  0.95060384 1.2919412  1.3573753  1.0250014  1.2721316
 1.1620328  1.335753   0.7618435  0.976978   0.8995865  0.8970939
 1.0787292  1.2848617  1.2903569  1.1675436  0.6279627  1.3649018
 1.3111656  1.1731019  1.049094   1.0407817  1.7913591  0.85449743
 0.6817293  0.93347126 0.86824673 1.0847223  1.3871174  0.8542224
 0.89376795 1.0371486  1.2993621  0.98242307 1.3690788  1.0663676
 1.5962826  1.6418232  1.1666238  0.92790204 1.6587148  1.435602
 1.5092936  1.4277352  1.1319647  2.305788   0.92596304 1.2321367
 1.6586406  0.70399696 1.2947793  0.98635334 1.505818   1.1445001
 1.6697868  0.91032326 1.1122648  0.6800973  0.5633017  1.5000573
 0.69499874 0.78573906 1.2777625  0.9611722  0.77394104 1.0463974
 1.1586137  1.5572709  0.9931786  1.1109039  1.0114255  1.3555127
 0.9906042  1.0536768  2.0717688  1.0177547  1.2404673  1.1412864
 0.5683487  1.4174006  1.0368274  1.6894239  1.2876     1.1586934
 1.1196185  0.66946524 1.6896638  2.568343   1.5760375  1.374438
 3.311963   1.193692   1.0267212  1.2782782  2.2256413  1.5498494
 1.3437041  1.1664953  1.0924153  1.0671425  1.4010202  2.076706
 1.3390759  0.73509115 1.4016294  2.0958648  0.92670065 2.071391
 1.1606413  2.045551   1.0270196  0.7670685  1.1860499  1.0351179
 0.59621525 1.8971     0.8146185  1.4849552  0.9545143  1.3586539
 0.8380576  0.9281565  1.8315921  0.9280249  0.93480885 1.174066
 1.5387331  1.314012   0.90044516 0.8436363  0.8236004  1.6867634
 0.9975305  1.3334165  1.0026498  0.94390345 1.0324905  0.758955
 1.1589993  1.3046865  1.2568225  1.1550064  0.952994   1.159535
 1.2371659  0.9298791  1.8513575  1.4482585  1.1287316  1.2511162
 1.8039991  1.2079349  0.6691215  1.5012546  0.7399524  1.2561651
 1.4016883  0.52364194 1.1324389  0.5151864  1.4016095  2.1129482
 1.0507016  0.86668    1.489902   0.76027083 2.0466797  1.6090207
 0.7170228  1.0868063  0.8309084  1.1891094  1.1059735  0.9758004
 0.78562725 1.373273   1.2097243  0.7491918  0.86312276 1.1429752
 1.01039    1.1319991  0.6324658  0.8826409  2.081059   1.6062018
 0.63746226 0.96869665 1.4458033  1.6072884  1.3003165  1.4413333
 1.0422657  1.2153734  0.9059691  1.3873062  0.8734556  1.1659622
 1.1844279  0.86021805 1.3689885  0.65672183 1.0327504  1.3762469
 0.99828464 1.1215622  0.9773848  1.6225226  0.97859824 0.9641433
 1.6363031  1.1423662  1.2657611  1.3637669  1.6719412  1.2953398
 1.485073   1.2868812  1.2728138  1.0962745  1.2575676  0.6459415
 1.0417286  1.3785279  0.8678885  0.9826341  0.8452523  1.2706897
 1.2254481  0.9101951  1.2025964  1.3180472  0.994072   1.1664157
 1.541638   1.1495451  0.8556126  1.0566217  0.8255983  1.1596521
 1.6938257  0.9780453  1.0436358  1.1343782  0.71918774 0.72629726
 1.0011454  1.5927919  1.9558492  1.0377795  0.8409615  1.0866455
 0.74145794 0.46942908 1.0296962  1.2418483  1.0880075  0.9000965
 1.5299737  1.4907347  0.7767942  1.1437576  0.9851085  1.5036083
 0.86210644 0.8453761  1.0081676  1.2955118  1.6967928  1.4883457
 1.4691539  0.8178781  1.665759   0.83305913 0.91600895 1.128188
 0.76964486 1.2667383  0.7203578  1.0965279  1.3925564  1.6115557
 1.0822368  1.0784621  1.2722477  1.5205016  1.0705961  1.0608885
 0.8699874  1.1743674  1.2858135  0.934575   1.1207612  1.7240306
 1.4820422  0.9261066  1.0123538  0.79890466 1.0129284  1.1944189
 1.0628562  0.86890286 1.7600821  0.7601512  0.74246705 0.818659
 0.99140817 0.85069364 1.0139996  1.3537415  1.5319325  0.87927777
 0.91022784 0.8472242  0.745983   1.375762   0.69991714 1.2466484
 0.8562817  0.97937804 0.6852336  1.1811895  1.543149   1.0902119
 2.0542426  1.2128893  1.1078601  0.99588406 0.8613554  1.5695735
 1.5332123  0.8946994  1.4277353  1.4210372  1.1381997  1.3382144
 1.4499673  1.3112909  1.0090004  1.561917   0.6736882  0.653844
 1.1985564  0.9047778  0.866853   0.9253038  1.3694433  1.1673
 0.815662   1.7526834  0.954037   1.3630322  1.2641232  0.59634036
 0.66846186 1.9818842  0.8933018  0.65130574 1.4849886  0.7689874
 1.617517   0.9056223  0.4400616  1.0672765  0.75920546 0.8019433
 0.9748235  1.1718044  1.0570345  0.61178845 1.2285705  1.2756628
 1.000503   1.0657654  1.0148072  1.103782   0.64570725 1.2308738
 1.3541749  0.6323696  1.2798584  1.2558314  1.0773196  0.75293136
 1.0163882  1.2306147  0.6956862  1.0955007  1.2410233  1.1188077
 1.0664531  1.7285566  0.92279756 2.1363919  0.65498024 1.1506728
 0.725572   0.7406232  1.2359555  1.4612535  1.1068144  0.7611906
 2.215781   1.4659185  1.2090254  1.138117   0.59353983 1.599228
 0.83762074 1.257261   0.71948695 1.3956776  1.0023652  0.86630815
 0.95360863 1.2276027  0.58895934 1.273427   1.3496547  0.9209461
 1.08059    0.62812364 0.86556625 1.1230428  0.8863287  1.0919116
 1.4966029  0.682061   1.0181992  1.3323886  1.4414663  1.6448466
 0.8906425  0.9791733  1.5940926  1.1009007  1.0868523  1.4363627
 0.5304733  0.6471274  1.1037751  1.5807956  1.4910709  1.2257893
 0.9007689  0.94760156 1.4679809  1.1988058  1.5087147  1.3666027
 1.0225664  1.266641   0.72285587 1.0626485  1.1572903  0.6543068
 0.8199701  0.87546444 1.191586   0.7662915  0.7216396  0.5036382
 1.3330673  1.3512067  1.3799167  1.5738325  0.8532017  1.9512591
 1.1457628  0.89800316 0.67994934 0.9553535  1.3451217  0.9618863
 1.1217844  0.91143256 0.75098765 1.2378573  1.4098071  1.3378171
 1.2630217  0.51205665 0.7895536  0.98383945 1.250109   1.4920729
 1.178996   1.412734   0.89176214 1.6148077  1.275057   1.5682724
 0.84973454 0.62793535 2.133165   1.512587   0.93960136 0.97870356
 0.7655566  1.1473874  0.98601663 1.1623554  1.0077289  1.521259
 0.8613607  1.2149446  0.73139924 1.3365896  0.669462   1.1634629
 0.75575596 1.3778517  0.84095514 0.85832614 0.9823326  2.181237
 1.9123446  1.3431886  2.160797   1.4021035  1.5672174  1.550156
 0.9543917  0.9971989  1.1495199  1.3327099  1.5564294  0.79555863
 1.5219078  1.4836311  0.8959722  1.0499251  1.3277835  1.1936375
 1.7630976  1.563428   1.0978892  1.2224365  1.3427117  1.459275
 0.7185416  0.6947969  0.58841836 1.2969275  0.8976386  0.99078035
 0.88145345 1.3956146  1.2669935  1.0145698  1.7862686  1.213052
 0.59512883 1.0907114  0.9922616  1.0516742  0.9725364  1.2883105
 1.2722173  0.9519507  0.83614796 0.9567328  1.2952155  0.88875157
 1.4526303  1.0233674  1.3891722  0.9164988  1.4324073  1.2077732
 0.9408279  1.6328068  0.92867094 0.98360026 1.4162201  1.2069116
 1.081638   0.6698204  1.0206331  1.673457   1.2209021  1.3011469
 0.8197168  1.1551478  1.4401461  1.559114   0.7790403  1.0606802
 1.5550622  1.8971702  0.93168277 0.99890316 5.5726776  1.3675998
 1.7994967  1.3749495  0.8548829  0.87834555 0.7224687  0.54840076
 0.7945162  0.8654382  1.3574754  1.3769667  1.7912081  1.7145847
 1.252368   1.3766702  1.4507186  1.6567943  1.1236742  0.91626567
 2.543954   1.1398618  0.69211787 1.5805905  0.96086395 1.4550028
 0.8221447  1.3034227  0.66243154 1.5224237  0.8155236  1.1201221
 0.86257833 1.067171   1.143742   0.5092408  0.87700063 1.592767
 1.0130209  1.1476958  1.6035732  1.3860276  1.120108   1.377843
 1.0329117  1.1583363  1.1540015  0.5815988  1.184447   1.6321776
 0.9402829  0.9297232  1.2028742  1.0861461  0.79079396 0.93756026
 1.3787729  0.9118937  1.0627221  2.101165   0.84659475 1.577831
 0.84993416 1.2480531  1.4973946  1.0339745  1.6139634  0.9412777
 1.4159812  1.4883647  0.8969268  1.0306221  1.2616717  0.5848894
 1.5208893  1.1049925  0.66342646 1.4062192  1.240246   0.7400036
 1.0392979  1.039892   0.9095688  0.7251295  0.63769644 1.0471858
 1.1987667  0.8081517  1.2125385  1.6791333  1.4590411  0.74735785
 0.78807807 1.3375953  0.5502712  1.7171391  1.4616016  0.78512305
 0.899179   1.2849696  0.9519773  1.2855608  0.8903684  0.97655934
 1.3981725  1.2266171  1.1604726  0.97784144 1.1851461  1.816295
 1.5780249  0.66366863 1.61065    1.2241514  0.9515644  1.88167
 1.4365188  1.7065446  1.1006589  0.7239561  1.5174955  1.0755138
 1.0848938  1.3621492  0.88332534 1.172049   0.9496008  0.9652757
 1.6200571  1.076059   0.82297516 1.182816   0.9989626  1.3812072
 0.71579456 1.4786756  0.8989671  0.8391404  1.295916   1.1525615
 1.1285511  1.45356    0.80895835 1.220924   1.5374929  0.902659
 0.9721141  1.6702553  0.64718974 0.9317796  1.5747836  0.8745474
 1.071503   1.0803216  1.213041   1.5004786  0.5706411  1.1431218
 0.838466   1.2656293  0.9469326  1.0377272  0.942914   1.2207865 ]",0.06223404255319149,0.09503245602051417
4,17,799,"[[  0.31470352   5.064617     7.0048213  ...  -3.8136787    7.7750015
  -10.268028  ]
 [ -0.27209312   2.5250094   -1.5863423  ...  -4.4971685  -14.813543
    2.2976308 ]
 [ 12.383775     4.420866    -2.1775663  ...  13.102809     3.996599
    4.1319985 ]
 ...
 [ -5.58373     -1.4536086    1.4935151  ...   0.8540437   -6.750175
    5.1228685 ]
 [  7.032109     5.279324    -1.0215788  ...   4.9410305  -13.618484
  -13.697362  ]
 [-19.102686     4.449558     0.619743   ... -17.396414     8.1954775
  -10.762584  ]]","[ 0.72935766  1.1382649   0.91385335  0.9800029   1.1815814   0.63892716
  1.2526193   1.2938108   1.622828    1.2732514   1.0954925   1.1185925
  0.63490605  0.81973165  0.9358363   1.2227213   0.69493026  0.9433367
  0.7955351   1.0320791   0.5224819   0.879198    1.4870926   0.7123188
  0.91896945  1.1900856   0.80471116  1.2097986   0.7995011   1.2910094
  2.013901    0.71386594  1.3020487   1.0587034   0.7675153   0.7863319
  1.14854     0.7811356   1.5866412   1.2486609   1.1521248   1.3400457
  0.9905471   0.64123845  1.4430925   0.9874122   1.4074967   0.9737347
  1.5133737   0.9824596   1.2445267   0.3879152   0.9035006   1.0891789
  0.7653615   1.7098067   1.2799343   1.8736857   0.83749926  1.5782933
  1.3472165   0.50774074  1.4614047   1.294134    0.98926723  0.85073465
  1.1396724   1.310916    1.2828628   1.4024682   0.6709444   1.060097
  0.5388482   0.58289903  1.2120867   1.2145716   0.9040407   0.7469134
  1.0384923   1.1243445   1.0773815   0.6127033   0.6327128   0.693495
  0.7383274   0.5576794   1.354237    0.72444856  0.83929163  0.7946066
  0.74830997  0.8856063   1.0930691   0.8209116   1.3918262   1.4962744
  0.8626413   1.5231961   0.9022389   1.0001178   1.2745436   1.003884
  1.3153833   0.9857216   1.0043539   1.0341251   1.4851084   1.4624877
  1.3634715   0.50542945  1.1961762   1.5176455   0.9988197   1.3307322
  0.9870586   1.4449763   1.2712573   0.8674266   0.7538825   2.0981126
  0.72087103  1.1597466   0.60231096  0.62029207  1.2933097   0.9627514
  0.53493625  1.2823355   0.95078015  0.934754    1.2840254   0.90087765
  1.2111759   1.1882677   1.2626421   1.1316266   1.3482522   0.7634764
  1.1193093   0.9901113   1.3362782   1.1242297   1.0374999   1.3495829
  0.79650366  0.6375238   0.42386705  0.8593328   0.9854373   1.1005192
  1.0464896   0.5597612   1.5886122   0.89620215  0.6869219   1.4852556
  0.8998873   0.92467594  0.5279506   1.5900297   1.6678865   1.2073894
  1.2515626   1.8228232   0.9139121   1.1715695   0.5290179   1.359181
  1.452203    0.7265297   0.82958615  0.7443597   0.6728869   1.0108488
  0.9286691   0.91827536  0.6482303   1.00717     1.3897502   1.2728132
  0.9889073   0.7451178   0.60758185  1.0358533   1.1947509   0.80305374
  0.99842703  1.1426911   1.5752017   1.1394753   0.86431134  1.0274848
  0.93734676  1.1530074   1.0588461   0.71302634  1.0850658   0.43448412
  0.83960557  0.8491791   1.4583938   1.0618092   1.122869    1.056467
  0.973169    1.1870011   0.7815901   0.60102254  1.3021928   0.9327223
  0.5584719   0.79954106  1.4254806   1.4196409   0.93016464  0.63084435
  0.7902595   1.0386596   0.75539654  1.1299404   0.9286077   0.8437092
  1.0199447   1.2361358   1.7945765   1.0777249   0.77970994  1.6134605
  0.71189046  1.0643106   1.0100929   1.0636693   1.7117757   1.1470639
  0.8781528   0.63986814  1.1010476   1.2801548   1.5493895   0.44249436
  1.096649    0.97537     1.4449174   0.90730053  1.0045805   1.0277126
  1.5536557   0.8640259   1.3777438   1.4602811   0.86796767  0.94576514
  1.7439234   1.022284    0.70095104  1.3170948   1.020707    0.8408
  0.68867177  1.1955655   0.81759846  1.0832858   1.178723    1.4375013
  1.1277554   0.6087971   1.5711912   0.7306669   0.8307868   0.6441868
  1.0354898   1.0593796   1.0897838   0.98369455  0.72584426  1.0984398
  0.9803426   0.91337943  1.4389668   0.78323317  1.1461095   1.7599305
  0.94550604  0.95055     0.9129528   0.80871725  0.98691696  0.93381345
  1.0822045   0.6259203   1.2697875   0.7862689   1.2386638   0.8280229
  1.0266571   1.056067    0.94951206  0.58471864  0.98891467  1.0066499
  0.7669948   0.95518565  0.6954199   1.19799     0.87620777  1.1264286
  0.643922    0.83455664  1.0389205   1.4932244   0.94214576  1.3607193
  1.1375939   0.79653335  1.0994909   1.0502454   2.1708462   1.9183394
  1.1123823   0.6867892   1.3222458   1.2886783   1.1076857   0.9175909
  0.9732118   1.0713964   1.2025828   1.3166679   1.1722394   1.3424275
  0.97640973  0.8211514   0.7191831   1.255421    1.2567638   1.1655861
  1.815269    1.2289151   1.3241701   0.71946806  0.7047901   1.5854894
  1.2192501   1.0194865   1.197279    0.78516114  1.4695852   1.1751224
  0.96716154  1.0883775   0.71395373  1.0606276   0.9197045   0.95178705
  1.3196254   1.3570828   1.5357397   0.8001776   1.0018078   1.0403864
  1.0803267   2.8627982   1.4160445   0.8081274   1.346993    1.0410275
  0.6520217   1.568102    0.74803025  0.7431222   1.121804    1.3681523
  1.6129966   0.77313155  0.87893724  1.1603656   0.6171904   0.84502184
  1.6457012   1.5030999   0.83939046  0.70366013  1.2221785   0.7863157
  0.9947386   1.1027604   1.3710438   0.92876405  0.6873284   1.4032449
  1.2339469   1.0010104   1.1626753   1.4889958   0.9454148   1.015099
  0.6718422   1.5782186   0.9028119   0.66266525  1.4505368   0.9274203
  1.6792706   0.5951706   1.1369743   1.2882925   0.8133296   2.025674
  1.0630053   0.6352898   1.2454453   1.0161026   0.83246654  1.5213368
  0.98061     1.2084196   1.2997955   1.0761011   0.7931289   0.926177
  0.77726054  0.5214638   0.7586257   1.2110958   1.7121261   1.0702673
  0.9429626   1.3234152   0.89028996  1.1235521   0.9823054   1.0731794
  1.023554    0.5697356   0.5510955   1.1231146   0.5383777   0.9181363
  1.6700921   1.4398218   0.87345225  0.975328    1.1002823   1.1065805
  0.6456622   0.8832896   1.1627446   0.51432776  0.63910383  0.6814998
  1.2197188   0.39157432  1.696617    1.0442932   0.93254435  1.7019749
  0.91506624  1.9777882   1.2842624   0.8693994   0.9001172   1.2412615
  1.1539357   0.8436329   0.82347363  0.9406776   1.7562459   0.9093583
  1.2400489   1.2791303   1.1555256   0.82631344  0.7038429   1.1278356
  0.74745417  0.90025145  1.4510375   0.92482626  0.77341545  1.3179412
  1.7380195   0.93099475  0.7575786   0.9106284   0.9721474   1.1993358
  1.0786091   1.3327346   0.6722607   1.5993468   1.3284696   1.736719
  1.3196889   0.92767304  1.0574343   1.1263912   1.4344679   0.7329919
  1.7157924   1.068412    1.5446509   1.1567601   1.3334866   0.9889093
  0.31176358  0.29915446  1.390534    0.8214662   0.6683254   0.6878715
  0.5692811   1.1057266   1.0868713   1.1271694   0.8788604   1.0555148
  1.0296116   0.8727928   1.2871268   1.230934    0.84856284  1.2172856
  0.9643976   0.7936533   1.0797198   1.2697772   1.591635    1.4316428
  1.5157716   1.0763775   1.2113211   0.9654196   2.0381448   1.0431439
  0.99010545  1.0116688   0.9047973   1.1598233   1.1259077   0.9914422
  0.926667    0.6849461   0.50618976  1.0818754   0.69837344  0.72128683
  0.9573787   0.9241345   1.6664112   0.6532818   1.4110252   0.9977107
  1.395726    1.5701336   1.1454409   0.92790955  1.4873296   1.4946731
  1.2770565   0.9071546   1.6507514   0.88674414  0.72418344  0.7753515
  0.872109    0.4437668   1.7369903   0.7976829   1.216364    1.2316278
  0.58976936  1.056655    1.3189788   0.8947665   1.0607537   0.9124876
  1.6254101   1.2357771   1.1835436   1.2615494   0.63136214  0.9212946
  0.7837164   0.86819136  1.15811     1.0554655   0.993308    1.4172047
  1.0608485   1.1013362   1.3510326   0.9971316   1.6255208   0.7121682
  1.1050931   1.1036003   0.9507392   1.5174404   0.860439    1.0675343
  1.4631151   1.4004964   1.2806511   1.3457714  10.791793    1.6690681
  1.0015264   1.3896396   1.4462403   0.9884649   0.6428786   1.0595875
  0.8285578   1.398329    1.496669    1.3090291   1.1763145   0.88649505
  0.76204604  1.0298908   1.4927592   1.3688313   1.0217787   1.1376665
  1.3152729   0.96159685  0.86211085  1.59299     0.90478796  1.4211551
  0.9186351   1.2540292   0.6319804   1.5110269   0.85659873  1.3539294
  1.0362555   0.96187305  0.55996287  0.71271324  0.5864268   1.0955164
  0.86514854  1.2895763   1.1106843   1.3180673   1.2360764   1.0959836
  0.87344736  1.0122442   0.53937125  0.6671262   1.2695655   0.9597181
  1.9293108   1.1034529   2.5182083   1.6273711   1.003751    1.3386972
  1.2538153   1.2187301   0.7300299   1.338542    1.3158264   0.72556853
  0.6936079   1.2297333   1.0082958   1.0010245   1.0599643   1.2308978
  1.2319586   0.66217333  0.921772    0.8414846   1.2021081   0.5203246
  1.6454587   0.6327976   1.2447594   0.9570203   0.9386479   1.0907738
  0.9569444   1.7927285   1.1119745   1.0321366   1.627655    0.89895666
  0.8703976   0.6962106   1.1320729   0.98593867  0.9324322   0.82199264
  2.1394792   1.5345879   0.6949718   1.4806964   0.88322896  0.70241684
  0.8721201   1.1093154   0.74817777  1.3472288   0.8860003   2.2225726
  1.0082512   1.6030176   1.0826776   0.53856915  1.2923131   1.1681207
  1.3734856   1.5270904   1.9551964   1.1100234   1.1398869   1.3801394
  1.0117329   1.8178158   1.610821    1.5466603   1.8610201   1.1038538
  1.1574295   1.0052618   1.1420195   1.1365083   1.1661243   0.9849527
  1.2547622   1.1544416   0.9107498   0.96034116  1.0457398   1.0310749
  1.2036644   0.67059886  1.1547102   0.954325    1.0176623   1.427022
  0.47985852  1.0886134   0.99748373  0.8769159   0.9115182   1.634842
  0.6849661   1.2521974   0.7700699   0.8252001   1.1845748   0.6829564
  0.8745883   1.2871908   0.9336198   0.7536357   0.91720384  0.8127598
  0.9873538   0.7836542   0.6116752   1.3259633   1.0271145   1.0287985 ]",0.08191489361702127,0.11872812062501907
5,17,799,"[[ -3.8011384   -4.0276484   -4.1554666  ...  -1.3163841   -0.98805726
   -3.7901013 ]
 [ -5.1670375    3.0335467   -3.7053063  ...  -3.69781     -5.3524184
   -4.113846  ]
 [  4.220489    -2.655678     3.4182293  ... -10.427715     6.0585732
   -1.4581096 ]
 ...
 [  0.7986381    0.6607912    0.824624   ...  -1.854917    -5.380939
    1.4468098 ]
 [  0.74141896  -0.4471461    1.6846334  ...  -7.070677    -2.5809376
    2.1294181 ]
 [  6.9965224   -0.80661017  -2.1744177  ...  -2.648037     1.1670272
    0.9085288 ]]","[0.8275496  1.290517   0.6131484  0.80651003 0.4082207  0.8622468
 0.834658   1.8128132  1.1866031  1.1054573  0.48688865 1.0842426
 1.1257875  0.87989056 0.83785534 1.1587542  0.9261979  0.46016157
 0.928307   0.80478895 0.36857638 0.7923042  1.2430247  0.7774567
 1.0295243  0.8623738  1.2245845  1.2909063  0.948682   1.1669757
 0.8787624  0.9568235  1.1178708  0.8738958  0.7433126  0.4583799
 1.0004681  0.75252163 1.4703338  0.90737164 1.1410897  0.9137298
 0.6275064  0.77791876 0.8200208  0.91910785 1.1885004  0.8459857
 1.2576116  0.93170863 0.8383518  0.56950194 1.3289903  0.9825503
 0.7557868  1.1681455  0.9784482  1.0372542  0.8487923  0.63430536
 1.2904048  0.6608198  1.2459823  1.1627457  0.77013475 0.7433403
 1.3127018  1.1767623  0.83874863 0.8754507  0.6620532  0.9962819
 0.7866529  0.3372095  1.4650131  1.0853432  0.6701952  0.9198596
 0.8826143  0.93134767 1.3703073  0.82552785 0.80730927 1.0438122
 0.6545094  0.78147113 1.0985383  0.5982433  0.9291318  0.90234923
 0.7179103  0.5875253  1.1079285  0.90961474 0.85011    0.77788
 0.87835205 1.3728718  1.0253882  1.1654991  0.974738   1.0530618
 0.76510364 0.6737622  0.8136615  1.2612206  0.8443996  1.1840643
 0.694222   0.7044239  0.9041962  1.6128528  0.8488484  1.0475577
 1.3546356  1.0897427  1.0462106  0.64230704 0.96881926 1.1667072
 1.1176718  1.5606818  0.5777288  0.76487654 1.0358174  0.6519584
 0.56913245 0.82904077 0.96909595 1.1561508  1.1999749  0.8179332
 0.67573345 0.62902313 0.98375535 0.79163337 1.4381493  0.8423975
 0.922847   1.2206957  0.8153838  0.8277278  0.4663788  1.6239351
 0.81420267 0.8377201  0.8245704  1.1160318  1.3216174  1.1343898
 1.1970235  0.8763436  1.0829141  1.0565287  0.638396   1.1129546
 0.9061473  1.146357   1.0039506  2.1344352  1.2039566  0.95302415
 1.0549976  1.2209778  0.8601995  0.8005715  0.74472874 0.8042251
 0.7451448  0.54161525 0.9191944  0.743103   1.5972741  1.6255448
 1.1131704  0.87224174 0.7759528  1.0001891  0.83799666 0.70906574
 0.87054265 0.74889535 1.0234593  0.541225   1.1361371  0.6775755
 1.3877972  1.3713082  1.0130999  0.8631215  0.9321042  1.1326611
 0.9169855  1.4737935  0.70966095 0.5905848  1.2000049  0.6958019
 0.49740043 0.44797763 0.9589852  0.60502964 1.0980124  0.8568733
 0.6458661  0.9736574  0.48191148 0.9943853  0.82598543 0.9590353
 0.6284873  0.9100448  1.0450544  1.1766298  0.9397744  0.6436152
 0.57963914 0.76443934 0.6317633  0.94726616 0.6179063  0.88752294
 0.958613   1.2297802  0.930102   1.2682819  1.4090787  1.1525886
 1.0786848  0.8461167  0.9233573  1.2129028  0.812355   0.8082972
 0.7692826  0.59487677 0.52825874 0.9646297  0.85350454 1.0461355
 1.040989   1.0380105  1.2642022  0.43839946 0.6075443  1.3551148
 0.67258775 0.8181011  1.0264654  1.4576342  0.9542946  1.2896316
 1.0253788  0.92610323 1.000017   1.3533968  0.7447256  0.6501641
 0.5969877  1.5160143  1.0761058  0.92422664 0.78544426 0.5019177
 0.90370256 0.6032336  1.1268148  0.4732302  1.3777719  0.6590753
 1.0794665  1.6022174  1.2978202  0.7629025  1.0172193  1.0106263
 0.7122721  0.791761   0.83091587 0.93105054 0.92983484 1.3753748
 0.6529527  0.46763286 1.9341792  0.6618666  0.629988   0.832276
 1.283206   0.94476634 0.8253563  0.91591567 1.1254108  0.93949986
 0.6214208  0.7038841  0.967875   0.67951953 0.702572   0.77913517
 0.4677758  0.66718715 0.59771514 1.0353627  1.0269688  1.1956857
 0.76241815 0.847425   0.90463895 0.910866   1.4633048  0.57407135
 1.3054793  1.0339614  1.059674   1.2240876  1.1619017  1.348875
 1.2307069  1.2446727  0.8277259  1.6060882  0.8260421  0.85830605
 0.8641554  0.8926704  1.0890807  1.2559178  1.0533847  1.4093986
 0.6689103  0.81125444 0.49497998 1.6155459  1.2952867  1.3501693
 1.1333606  1.1668779  1.2560672  0.91517746 0.5706695  1.138174
 0.9016494  0.62884283 0.76503587 0.70272607 0.954579   1.1201657
 1.1623659  0.8585071  0.6961153  0.8690407  0.8464658  0.5883816
 0.89068764 0.94262725 0.65057206 0.44246018 1.1656843  1.0080844
 0.8188731  1.4233469  1.216286   0.7280421  1.2554654  1.0679634
 0.45490938 0.93370324 0.8302975  0.6645917  1.4206258  1.1267743
 1.7395824  0.53977484 0.7477476  1.2240981  0.8829799  0.58292556
 1.3470526  1.6647879  0.67074865 0.6805422  0.8549937  0.93524456
 0.89857465 1.0246471  1.4460405  0.5948207  1.0908607  1.2045019
 0.6686611  0.387665   0.922072   1.10467    0.5528919  0.85016817
 0.61542726 1.5026859  0.839823   1.1204538  0.94624555 0.5349262
 0.7105211  0.7941821  0.9949999  0.812272   0.7531291  0.74082744
 0.6157444  0.8376586  1.4157284  0.94007057 0.7656723  0.5579738
 1.4126843  1.0141083  0.7691919  0.67371905 0.737603   1.1241416
 0.7976342  0.7865357  0.87980556 0.86332834 0.9042426  0.89144725
 0.56436473 1.3351979  1.4730022  2.0852723  1.40751    1.1115725
 1.2701107  0.59849167 0.5352417  0.8267023  0.5842476  0.5621876
 0.92806256 0.86581856 0.7909307  0.97612995 1.1267258  1.1698579
 0.5635642  0.67958015 1.4403435  1.3232216  1.3448986  1.660657
 0.73853636 0.72390836 1.4487904  1.1433709  1.3028637  0.8771462
 0.5775077  0.8102329  0.664018   0.7510576  1.1036828  1.0903106
 1.2200133  0.93328446 0.92084295 0.5310108  1.3568016  0.9094825
 1.0574639  1.2140174  1.6198689  0.6101329  1.1562546  0.74079907
 0.90082306 0.9743995  0.8793444  0.88745314 0.52271485 0.79310113
 0.6009596  1.0521389  1.1863532  0.65979815 0.5337502  0.90281814
 0.78292865 0.85226005 0.73799515 1.1477063  0.6819558  1.4429865
 0.79420835 0.45170715 1.1031203  0.6560652  0.83563703 0.53893083
 0.7713107  0.69916844 1.4893763  0.9981092  1.4953928  0.91456926
 0.84051526 0.6097626  1.1548868  1.0616801  1.0591037  0.5265117
 0.8845388  1.0414683  0.8075849  0.6976738  1.1514964  0.7913786
 1.3415065  0.9395578  1.1431745  1.3232622  0.8370409  0.9706815
 0.867658   1.1732621  0.9619316  0.8340377  0.9627198  1.2579031
 1.0787598  0.760267   1.2406377  0.9034506  0.78758305 0.86454844
 0.7305821  1.2157192  0.8039773  1.4599494  0.8540091  0.80729914
 0.83930904 0.6269421  0.47935683 1.2290736  1.0945699  0.8440529
 1.2643726  1.3920271  1.2125001  0.6980417  0.757384   0.7011259
 1.3842834  1.3822483  0.7174882  1.0957682  1.4043682  1.1971825
 0.6254872  1.0428187  1.4688522  0.6979925  0.92908245 0.7336801
 0.73435044 0.8760173  0.8235102  0.8951855  0.5010083  0.87861323
 1.0856562  0.58159107 0.5025382  0.7636606  1.7736092  1.010716
 1.9501784  0.89765996 0.7691021  0.78532815 0.9281386  0.46844426
 0.75157183 0.9558277  0.49526387 1.2496753  1.1936035  0.8998319
 0.7957473  1.0825828  1.1472179  0.94617724 0.65131336 0.6742838
 0.9643326  1.1373587  1.4482327  0.6443158  0.8767144  1.1096431
 0.9289807  0.9627515  1.0837961  1.0407239  7.0193515  0.9840898
 0.71634173 0.8426214  1.0457287  0.86483896 0.46191895 0.963975
 0.97295207 1.4325873  0.88460517 1.0291798  1.2462677  1.2754171
 0.7040882  1.0630982  1.0174139  1.642124   0.9170534  1.0935111
 1.1198014  1.0044949  0.61899406 0.9024994  0.9727094  0.96163887
 1.0916339  0.83262867 0.82881576 0.91516477 1.0525001  0.6476099
 0.9267359  0.75581324 0.4304985  0.8082124  0.7585277  1.2088834
 0.92297816 0.84034437 1.4244355  0.8713619  1.0105022  0.55606174
 0.69410175 1.126252   0.8977593  0.7882983  0.7714272  0.8641205
 0.82500803 1.2230549  1.8769875  1.3140249  1.0197841  1.3012078
 1.1395173  0.51463133 1.2048304  1.2167277  1.1824014  1.2825209
 0.7208282  1.0986005  0.9185567  0.93623227 0.80988896 1.3688675
 1.5150269  1.1448114  0.50328624 0.95970696 0.62749463 1.0408565
 1.4572636  0.8674297  0.57937664 0.7309717  0.8914336  1.0066298
 1.0424311  0.8296428  0.8574918  0.8299333  1.6035665  1.3496042
 0.78637195 0.8880045  0.7362402  1.2320064  0.826681   0.6501117
 0.7000225  1.0046487  0.7692606  1.2307801  0.75844884 0.533855
 0.46280947 0.8332207  0.60676295 0.6877698  0.8910009  1.0327778
 1.1639689  0.7508308  0.607066   0.8377317  0.8802815  0.7003074
 0.6292202  0.83752716 1.5635229  1.4468945  1.5769879  1.5153533
 0.8360454  1.276678   1.8865473  0.67625916 1.2767681  0.72820324
 1.1121578  1.2315067  0.9310376  1.1049745  1.1318612  1.3267962
 1.0285001  0.75336754 0.881516   1.0239838  0.9339945  0.7587088
 0.6815371  0.70093226 0.8840843  0.7426824  0.70955133 1.1960073
 0.84186935 0.8418865  1.0480161  0.58352363 1.4415289  0.61302125
 0.7382293  1.3440001  0.7296862  0.50065386 0.80092955 0.5761106
 0.6452764  0.7056282  0.6176439  0.6999743  0.71049047 1.0180743
 0.76915735 1.2381084  1.0375956  1.5011687  0.68148255 0.66024446]",0.1148936170212766,0.14480552300810814
6,17,799,"[[ 1.3372248   1.793664   -1.6503874  ... -1.780614    2.816962
  -0.5554351 ]
 [-1.9068823  -0.6122689  -0.8841217  ... -2.3929813  -4.299684
   4.6935396 ]
 [ 1.7746645  -2.1218886   0.7483928  ...  1.7277895  -1.3408642
  -2.2328289 ]
 ...
 [ 0.96605384  0.9463801  -0.97721    ...  0.9150611   0.7326557
   1.0440046 ]
 [ 1.9651802   2.0286312   0.20789292 ...  3.1385863   2.7397952
   4.013618  ]
 [ 0.50360584 -0.558504    2.3338108  ...  0.66313934  0.95556676
  -0.51087093]]","[0.668954   1.0599111  0.9919079  1.1893028  0.82374334 0.54361504
 0.9381011  1.3493448  1.3186121  0.783182   1.0113273  0.9750897
 0.6375875  0.6864696  1.2808572  1.0739149  0.94890946 0.96533674
 0.7113884  0.73157036 1.1144032  0.60370475 1.8711168  0.97357
 0.8263341  0.6723112  0.9316531  0.6650211  0.7168002  0.79983616
 0.7746915  1.2473024  1.3209417  0.75004655 0.77892435 0.71080035
 1.0788803  1.0413126  0.8644722  1.2116028  1.1108133  1.0922234
 1.082387   0.8590739  0.6082789  1.2637824  1.0345114  0.7810098
 0.979022   1.005928   0.48544282 0.56114656 1.348751   0.90758985
 0.9136758  0.8807449  1.1539491  1.3030907  1.1462522  0.9209832
 1.2047464  0.9330116  1.4174235  1.3216274  0.83306414 0.78417253
 0.9990604  1.1735084  1.0688037  0.97912073 1.3622603  0.8888665
 0.5752061  1.2768192  1.0313056  0.816957   0.9564993  1.0409436
 1.3140576  1.0707726  0.9527712  1.1141894  1.0724777  0.7632183
 0.78225726 0.5377701  1.0522366  1.0437269  0.57676893 0.9059453
 0.99665475 0.7216733  1.0542296  0.7312831  0.9410256  0.98888683
 0.74982303 0.992356   0.73584783 0.92469674 0.86826324 0.93400764
 0.9398929  0.53076094 1.0285163  0.99961084 1.4403447  0.82788897
 0.9506736  0.6868364  1.1220176  0.9019231  0.7243928  0.77309
 0.9838399  0.72444135 0.9586385  0.7273598  0.9681714  0.7496109
 0.6140725  1.1294394  0.479702   0.92130965 1.5813816  0.8524072
 0.583808   1.4446286  0.76322466 1.0221976  1.9824439  1.0410962
 0.62480867 0.6608276  1.223655   0.6723839  0.7818594  1.7080426
 1.9624039  0.78529286 0.84643644 0.51208574 0.90334475 1.2968394
 0.6870149  0.978247   0.65762717 0.870509   1.3134687  0.76388466
 1.3628983  1.0268962  1.2401724  0.71081144 0.64904827 0.5005462
 0.94680953 1.2007062  0.8393914  1.6976979  0.63417923 1.3299052
 1.0861907  1.0634379  0.7352586  0.86014503 0.5887119  1.2208562
 0.5140522  0.83558124 1.2515894  0.7543282  1.1314656  1.3527448
 0.8778803  0.7268699  0.5106819  0.5376355  1.0300287  0.74081403
 0.97601926 0.81408226 0.97055984 0.9151225  0.8587604  0.7674292
 0.98836225 1.6758869  1.0364784  0.43993533 0.9067052  0.9093652
 1.1800156  1.1198093  0.800068   0.64221454 0.8974591  1.0499659
 0.86910915 1.156301   0.8439839  1.2001277  1.2480432  0.8706989
 0.55512387 1.2175481  1.0738038  1.0512933  1.0751027  0.57492507
 0.7139005  1.0329835  1.003632   0.5860952  0.96230984 0.9763679
 0.5415356  0.9007067  0.57981944 0.9945318  0.827386   0.5998353
 1.302985   1.2754898  0.74070174 1.2096952  1.220139   1.5918922
 1.2899841  0.9389564  1.0725907  0.87795347 1.0825001  0.960538
 0.82356423 0.7341638  0.7553303  0.57597774 1.7965891  0.9557326
 0.708261   1.1068314  1.0883446  0.9087708  0.51285785 1.24346
 0.96671784 0.8388517  0.9950627  1.079828   0.9659389  1.0399039
 1.24904    0.8702917  0.77462316 1.404164   1.0785655  0.96153986
 0.8326156  0.6845935  0.8086146  1.0583555  0.6992351  0.9726013
 0.8494142  0.64545095 1.6014123  0.7681902  0.5935344  1.2562065
 1.548083   1.2082847  0.70217025 1.386796   0.8455618  1.1415898
 0.57004404 0.71798456 0.714681   0.87041616 0.9172609  1.1090184
 0.93756515 0.66099995 1.2443945  0.923814   0.8331488  0.7089459
 0.7220988  0.8834933  1.5048426  1.1602484  1.1247666  0.80830795
 0.6211185  1.2466116  1.4351453  0.9302287  1.0864557  0.7299296
 0.87297755 0.60359186 0.5251594  0.46557084 1.07459    0.95836115
 1.1507314  0.6195694  1.3709394  0.9338547  0.7939481  0.88356066
 0.9213326  0.97280765 1.1985945  0.44001937 0.88342005 0.80044
 0.85125774 1.2095507  0.7744658  0.9313011  0.9033853  0.58240014
 1.2220737  0.4753878  1.0166707  0.73087    1.2563274  0.8411464
 1.3328786  0.66434276 0.86946255 0.88239175 0.7704109  0.6473488
 1.0982412  0.97642267 1.3930461  0.7654556  1.066791   1.1202694
 0.35633254 0.66753894 1.1818808  1.1084538  1.0941721  0.91492623
 1.0313623  0.89804095 1.1660422  1.2234002  1.0877914  0.49349588
 1.2057729  1.0203924  0.88925034 0.9573718  1.2050878  1.1123986
 0.76189977 1.7915342  1.4180768  1.0134158  1.1341268  1.2760723
 0.63736063 1.3109763  0.99165297 0.86394864 1.5644968  1.2461473
 1.474143   0.8181394  0.91205484 1.1205299  0.9962887  0.8154348
 1.104937   1.2261103  0.51482016 0.69653517 0.8671697  1.07225
 1.2662599  1.2205777  1.4256546  1.0341911  1.2649094  1.1611181
 1.1051074  0.42068103 1.3559082  1.1982888  1.0575242  0.7340135
 0.70402336 1.8133633  1.0747716  0.5887773  0.6955251  1.3079759
 0.8518545  0.5681389  0.8478793  0.81662893 0.73674804 0.975956
 1.6018436  0.9589194  1.8221545  0.9311638  0.5783078  0.87063545
 1.1900388  0.8290352  1.1252782  1.2901039  0.47960272 1.0624614
 0.8399307  1.0192361  0.97156537 0.8549686  1.1829125  0.73903525
 0.988946   0.98471373 0.63440585 0.7861597  0.9596076  0.93577105
 0.6790975  0.73406047 0.430609   1.245979   0.67743874 0.4773321
 1.3264605  0.80347276 0.9101805  0.95143163 0.8541197  1.0943542
 0.81992984 1.1663544  1.1731243  1.0080398  1.0357344  1.5489316
 0.5533406  0.77128077 1.190561   0.957627   1.0005597  1.5842348
 0.9927481  0.82619786 0.8233129  0.82057494 1.6296566  1.1473602
 1.1469     0.6617199  0.57722235 1.063312   1.311408   0.70470357
 0.6283803  0.7497477  1.1136553  0.6790582  0.52631783 0.70762306
 0.9031266  0.70710087 0.6212962  0.5549026  0.6355664  0.9508547
 0.8471442  0.7929784  1.2525156  1.2141836  0.6212333  1.2889242
 0.68216884 1.1148553  0.6229978  0.89915437 1.0601879  0.70381886
 1.1965144  0.7107047  1.5323185  0.77158266 1.1080326  1.1118549
 1.331311   1.3841215  1.1506516  0.93452835 0.6242691  1.2022309
 0.573084   0.61838984 1.2491926  0.977097   0.87809885 1.0311868
 0.6250234  1.2631203  0.6365112  0.8942964  1.0139182  0.79791003
 0.98602223 0.57952124 0.8766524  1.2424363  0.94332194 0.83496475
 1.077619   1.296627   1.0453465  1.5795969  0.7137883  0.9102921
 0.917743   0.9996543  1.0226427  1.254251   1.3351604  0.95030737
 0.71610874 0.98214066 0.60655445 1.5840755  0.6835943  0.6867283
 0.7020573  0.78585136 0.6492936  1.3131741  0.9963389  0.69658315
 0.99508256 1.0087636  1.7032145  1.0399438  0.8300182  0.6531017
 1.0690893  1.0419055  0.59609795 0.73953575 0.89366275 1.0247014
 1.1352043  0.9827338  0.73788005 1.0367143  1.3431354  0.58569133
 0.690754   0.792052   0.9609742  1.1045654  1.0245194  0.6473139
 0.83238053 0.7732242  0.44890064 1.0873171  1.0663782  0.6741739
 0.78756773 0.8373233  0.8075707  0.63097805 0.39801836 0.74925524
 0.74981713 0.8321607  0.548502   1.1155744  1.4047928  1.0418406
 0.7117482  1.358998   0.92191416 1.5918578  1.1739408  1.691554
 0.7982783  0.7959951  1.3303975  1.0644836  1.3634232  1.1963289
 0.8491776  0.69229877 0.52349335 0.91504407 8.661234   1.2930547
 1.1221818  1.4547328  1.0511928  1.1602885  0.7057806  0.8947823
 0.6325867  1.2804004  1.0325027  1.1822431  1.2699177  1.1155878
 0.78419054 1.3754821  1.1637753  0.89090216 1.271695   0.9005752
 1.4959301  1.1821481  0.81340736 1.4176702  0.56884307 0.8103375
 0.748625   0.82584304 0.75316894 1.0580626  1.1804792  1.401692
 0.99890804 0.70165294 0.67633593 0.66642207 0.9581037  0.845127
 0.5350294  0.75274104 1.5860324  0.70183694 0.89259547 0.704931
 1.0158528  0.97013444 1.0092553  0.5931625  0.89402235 1.0222564
 1.1536236  0.8903205  1.9473951  1.4462667  0.680928   1.0021222
 0.81814325 0.830161   0.79189306 1.1041394  1.5256028  0.92357504
 1.0836222  0.8704139  1.2668966  0.681198   1.3952539  0.53046304
 0.63752276 1.1454338  0.85207045 1.2514863  1.4067949  0.4522993
 1.2598027  0.7414445  0.8198032  0.95295596 1.2944475  0.7462749
 0.74847144 1.3603824  1.5204222  0.6641588  1.5914836  0.96463764
 0.7457808  0.75796443 0.94085836 1.1189129  0.8911007  0.77007604
 1.1051505  0.5125904  0.7703924  0.9314454  1.1766862  1.1340488
 0.8411712  0.36461923 1.0872352  1.0233347  1.2597575  1.2119317
 1.1959726  1.2827935  0.6949152  0.6208621  1.1959195  0.99017906
 0.73034513 0.88466144 1.7008119  0.459905   1.0664996  0.9749401
 0.8454555  1.0117695  1.1280781  0.89262915 1.4169737  1.0465977
 1.0226866  1.2700423  0.70674556 1.1840456  0.9359171  0.789404
 0.9138246  0.9598903  1.1586355  0.73988265 0.975192   0.7925466
 0.9694743  1.1271932  0.8308835  0.83596826 0.7919639  0.8971999
 1.0802636  0.7021481  0.6448938  0.7145938  0.9115316  1.4860727
 0.7252515  1.4914908  0.85616785 0.46875516 0.48253748 0.5572544
 1.1101303  1.0312887  1.2934675  0.8882212  0.39386865 1.3909957
 0.87793046 0.7545926  0.9959845  1.5192558  0.87658596 0.76336145]",0.12340425531914893,0.14822470818956693
7,17,799,"[[ 1.6969038  -0.7437436   1.6742607  ... -0.6684943  -0.8215305
   0.63806957]
 [-0.02844492 -1.9299916  -1.5952084  ...  0.9905786   1.525583
  -0.26681593]
 [ 1.3749217   4.5987535   2.4276164  ...  2.3844302   2.5789113
   1.2469344 ]
 ...
 [ 0.415233    1.4955108   0.43662706 ...  0.02990498 -0.05727125
   0.08080599]
 [ 2.0905447   4.4338365   1.1824424  ...  0.09616266  3.0158036
   0.7303121 ]
 [-2.52143    -0.26843497 -1.7779003  ... -0.13788766  0.02284139
  -1.7455711 ]]","[1.1376972  0.40386662 1.0128189  0.9234627  0.5313818  0.8389463
 0.87493026 1.3847182  0.9915428  1.0428758  1.130181   1.1070118
 0.8154113  1.2395297  1.2379248  0.822517   0.56178564 1.1221635
 0.86764246 0.57926744 0.51015186 0.99745023 1.1129055  1.0759563
 0.92029643 1.0570318  0.80056566 0.83167005 0.8259042  0.73812574
 0.8337491  0.752461   1.2587659  0.6589113  0.8926264  0.6992266
 0.93740207 1.1640115  1.4628433  0.90953493 1.4398011  1.5874699
 0.8638407  0.7912788  0.67131466 1.0976028  1.2916421  0.83720523
 1.2462649  1.0323327  1.121465   0.7629653  0.7457865  1.2762105
 0.9536093  0.7351218  1.9064476  0.7728713  0.89378595 0.9296249
 1.4323574  0.8199003  0.76574856 1.0614063  1.0153373  1.2082145
 1.343726   0.7913565  1.0423678  1.2405838  0.93569034 1.344108
 0.5190856  1.1544255  1.0353613  0.6397558  0.8779058  0.7868034
 0.7756083  0.7174106  1.213839   1.2226208  0.68890566 0.9492567
 0.7971507  0.59283715 1.0613512  0.6346575  0.9865882  0.6908446
 0.6275147  0.50867426 0.5679941  1.4281739  1.5157977  1.1592553
 0.88728786 1.3106925  0.98216474 0.9186146  1.3485479  1.5971738
 0.84505844 0.8141814  1.6318277  0.89474887 0.81872463 1.0276463
 0.8510809  0.6351005  0.74329865 0.5757233  1.1691265  0.9811385
 1.0939317  1.1902921  1.4103174  0.6739162  0.8174042  1.9382855
 0.75122213 1.1031551  0.6161679  0.72561854 0.879796   0.9984672
 0.940708   0.90687364 0.5601884  0.86236686 0.84449214 0.58517474
 1.014657   0.7439733  0.7003688  0.93942976 1.1767865  1.0028213
 1.2014769  0.74547774 1.007343   1.196581   0.8550635  1.2948921
 0.799981   0.65251076 0.67857975 0.8914095  1.3212798  0.98818797
 1.2316911  0.6095681  1.6583859  0.9713492  0.5280151  0.63041604
 1.078866   1.2613554  1.0123447  1.0514791  0.8633379  1.2828182
 1.6368101  1.2503867  0.9099719  0.7739621  0.5976081  1.1859452
 1.1749983  0.6610829  0.7831708  0.92289627 1.0376298  1.0229871
 1.0138906  1.0174916  1.0704255  0.6874927  1.046016   1.4665442
 0.5296128  0.7619321  0.68120325 1.1078671  0.64512193 0.87037736
 1.0695508  1.3211278  1.1896725  0.7321048  1.288943   0.7371816
 0.6567267  1.1416925  0.51035243 0.67218286 1.4795874  0.6984399
 0.9338251  0.8959263  0.53318715 0.75490236 1.5355471  1.3242729
 0.65882415 0.8335577  0.64332247 0.58968145 0.873884   1.1026459
 0.8524266  0.9655639  1.3786213  0.50073224 0.798847   0.8061457
 0.7016706  0.93022203 0.8738455  0.54000753 1.3776761  0.62639195
 1.039898   1.1655142  1.184178   1.0531604  0.8968423  1.0174649
 0.7690271  1.1665014  1.1082727  0.89835274 0.93393356 0.9078554
 0.8981618  0.813415   1.0396456  0.95784295 1.1218538  1.2638557
 0.62305623 0.89171547 0.8105694  0.82226616 0.82460403 1.2723364
 1.238349   1.0572479  0.8585839  0.75967354 0.94247305 0.94314355
 1.0069054  0.97399557 0.6331156  1.1640129  0.5366674  1.030323
 0.61721534 1.1376433  1.2787508  1.0496432  0.8350856  1.0940851
 1.1304259  0.93694055 1.0500234  0.9173856  0.9216072  0.7680676
 0.9983814  0.9383671  0.6784891  1.3163359  0.7210299  0.6786369
 1.0243598  0.52243054 1.6338552  0.97014505 0.92451155 0.96462584
 0.6837118  0.7067989  1.6586165  0.8841426  0.5929588  0.6872149
 0.48206535 0.64211106 1.0221697  0.83998877 1.241096   0.8264374
 0.93744665 1.2351002  0.8820584  0.7267522  0.9631308  0.565875
 0.6355039  1.3406342  0.94196683 1.2502182  0.794542   0.97480726
 0.9491192  0.9962832  1.3568304  0.8910164  1.0993253  1.1639847
 0.85141337 0.98161405 0.9052634  0.7338315  0.68737334 0.98059064
 0.9043929  1.5177871  0.921604   1.3997483  1.0889428  0.92798406
 0.6914203  0.6022916  0.7839694  1.1733199  0.66928136 1.4595804
 0.81500167 0.9334436  0.9749592  1.0160601  0.78156465 1.1742647
 1.0687468  0.5508224  0.81681365 1.3521411  0.7710769  1.3765804
 0.9455662  0.93912905 1.0535136  0.87930465 0.6397711  1.2582798
 1.0168583  0.7105564  0.8429092  1.3011132  1.1019359  0.63605535
 0.8378523  0.9900268  0.68178463 0.8304534  1.1483324  0.78953207
 0.68918234 1.2582663  1.0850248  0.83415204 0.90251786 1.0376605
 0.6956036  1.2388232  0.73445517 1.0453329  1.1696874  1.2049401
 1.6401087  0.9719353  0.68581396 0.8121373  0.94849294 0.89801764
 1.0880022  1.1200761  0.843906   0.68351203 0.86791325 1.2264122
 0.51190233 0.8380108  0.9210986  1.3477898  0.90505385 1.5201056
 1.1203133  0.98264134 1.010683   0.9002541  0.6325905  1.2990533
 0.50804555 1.2198315  0.8598008  0.8660992  0.95981103 0.7755656
 1.2250435  1.3116637  0.6769674  0.995636   1.1043593  0.72637904
 0.8147846  0.80851966 1.3922207  0.9425587  1.1006532  0.9477335
 1.1895305  1.0173202  0.87190264 1.6089693  0.54443985 1.1428248
 0.5851128  0.63019294 0.9619819  0.53227544 1.2197368  0.7756093
 0.71051335 0.623833   0.7607474  1.1982135  0.9776803  1.2138964
 0.6534089  0.58005434 0.6903588  0.5474044  0.7256694  0.7930967
 1.3854327  1.0783683  0.6394433  0.9341033  1.1420891  0.84629345
 0.7888349  1.2213837  0.7769569  1.999333   0.8100566  1.0850937
 0.65432096 0.87993574 1.374548   0.6934872  1.1348714  1.4590781
 0.9735512  0.8484855  0.79601854 1.2167605  1.1027542  1.0388014
 0.82776195 1.2268037  0.8652763  1.0047375  0.98751396 0.96027625
 1.2876776  1.0403494  1.257508   0.6086229  0.76781976 0.9805826
 0.6009568  0.95487887 0.72968817 0.677131   0.7328248  1.3103848
 1.1708423  0.83109856 0.8555597  0.88791263 0.6113817  0.7014315
 0.37792215 0.64010525 0.6011111  0.8973506  1.3024124  1.20297
 1.1192181  0.7734091  1.0410237  0.8378193  1.1330283  1.2047588
 1.4139651  1.0361549  1.3108803  1.3291452  1.1686156  0.9487855
 0.8740223  0.555288   0.9529827  0.9250713  1.559655   0.7905052
 1.0035679  1.58462    0.85728186 1.211713   1.2967465  0.86744535
 1.1476165  0.8089243  1.2696204  0.79790306 0.95720047 1.6168208
 1.0807151  0.9119588  1.3675538  0.56325316 0.96834266 0.5880637
 1.1211028  0.8576773  0.71492666 0.9259552  0.92261416 0.91311496
 0.80368435 0.85380584 0.83665144 0.94982976 1.0265462  0.9974057
 0.9424575  0.47353008 0.6322443  0.78531706 1.0603235  0.8355296
 0.95717317 1.1044065  0.7990595  0.9181995  0.7293395  1.2022889
 0.7813903  0.84718627 0.670134   0.67815757 1.3263471  0.65763843
 0.68128127 0.76092786 1.4215609  1.0090828  1.1943054  0.59984136
 0.7723845  1.136732   0.8641781  1.1687082  0.81647664 1.0761598
 0.9565835  0.82308525 0.6410298  0.7892931  1.3076817  1.3154612
 1.1294013  1.1183233  0.9677779  1.4629929  0.88006496 0.6624312
 0.9427909  1.0412111  0.81104136 0.81361884 0.9675338  0.93025655
 0.8742529  0.78168225 1.3093702  0.82018083 0.6809602  0.7001602
 0.91227144 1.173342   0.57527936 0.7704199  1.4918269  1.0986925
 0.62607116 1.0926445  0.5672291  0.48168248 7.5718994  0.99792993
 1.1012193  1.8356615  1.489501   1.1636488  0.45901445 0.67747563
 0.8356744  1.0904082  1.4031767  1.1539755  1.2222631  1.1978582
 1.3024585  1.095357   0.70294225 1.2279614  1.2655269  0.8227389
 1.2087396  0.8873045  0.77040803 1.8140614  0.7413162  0.9728937
 0.60619265 1.3733039  0.6598665  0.73442215 0.7350495  1.3522484
 0.8356641  0.5509452  0.70555687 0.8942635  1.4244168  0.7883299
 0.787916   0.5741448  1.4695033  0.8636767  1.4242811  1.1043559
 0.90100384 1.1221601  0.6087883  0.31818908 0.9186225  1.1217357
 1.1406987  1.0045948  1.2595677  1.1616147  0.73943734 0.8930777
 1.2011716  0.58309793 0.8831138  1.2291988  1.0695894  1.35031
 1.0945776  2.2178988  0.85725915 1.2429229  0.8819684  0.6887168
 1.2298806  0.56824595 0.621954   0.623791   1.0426891  0.46369827
 1.35409    0.6446812  0.6951126  0.6493478  1.1496931  0.5755581
 1.0541406  1.0564041  1.2825894  0.71313816 1.0758891  0.7408903
 0.60317177 0.4664024  1.1516131  0.9083018  0.8553736  0.8931015
 1.7741433  0.5794303  1.0917252  0.66104925 0.79618764 0.53020066
 0.7919167  0.80812395 1.1544333  0.8034033  1.4015608  1.0121511
 0.94641155 0.9300314  0.6866668  0.8002197  1.4923661  0.84629154
 1.2267848  0.44299504 1.1818264  1.1061093  1.2996292  1.6269667
 0.9596894  1.2962948  1.6291798  0.54685175 1.372035   0.44983426
 1.1220955  1.0896826  1.0591924  1.4949936  1.1683936  0.8026232
 1.5080513  0.51030064 0.86200607 1.0526094  0.8403961  1.0617685
 0.6019479  0.6412857  0.59330547 0.7861904  1.0855068  1.0990793
 0.7639019  0.9767008  0.7956211  0.85497385 0.7590358  1.1322342
 1.1427073  0.91966766 1.0221719  0.99138576 0.73841286 0.8836112
 1.1882458  1.244584   0.78477514 0.5975775  0.83952546 2.0154207
 1.2158705  1.019268   1.2874885  1.7039616  1.0442924  1.0688463 ]",0.12234042553191489,0.15106653173764548
8,17,799,"[[ 0.7123855   0.0689351  -1.2951057  ...  0.89650726 -0.04015398
  -0.18372792]
 [-0.05855256 -0.8574295  -0.9695419  ... -0.30306128 -0.9621364
  -1.085794  ]
 [-1.4395244   1.1378604   2.0600352  ... -1.2424195   0.44837603
   0.567622  ]
 ...
 [-1.341829    3.1355255  -1.2177153  ... -1.4871691  -0.43112695
   0.8745126 ]
 [ 1.1664075  -0.86482114 -0.22355673 ...  2.291258   -0.30034274
   1.3255501 ]
 [ 0.00832954 -0.6223418   1.1361526  ... -0.5911191  -0.70672005
  -0.90031403]]","[0.93192625 1.123764   0.7416511  0.71169484 0.64696807 0.5918464
 0.96858895 0.78403765 0.8559163  1.0318881  1.49723    0.57115054
 0.50116265 0.62166417 1.0225048  0.68106824 0.5771103  0.76904035
 0.7688893  0.53297657 0.5187949  0.46255693 0.6884728  1.0832242
 0.8071071  1.0719955  0.6602104  0.79706126 0.6635914  0.674073
 0.7176247  0.52803385 0.88516057 0.5630408  0.6376574  0.83982486
 0.68177545 0.76860696 1.001536   0.62322134 1.2561996  0.7718975
 0.7779263  0.7774122  0.67111564 0.99540883 1.4105965  1.3600323
 0.98353314 0.9410507  0.57351905 0.73650825 0.52975655 0.7566537
 0.7427889  1.0311513  1.1959331  0.89372915 0.5926054  1.0351464
 0.77358425 0.66095275 0.95647794 0.77525204 0.7854504  0.9027857
 0.8966711  0.8948693  0.92153186 1.230297   0.87305385 1.143497
 1.0099651  0.7692112  0.69666743 0.5572352  0.66080767 0.47118068
 0.91386795 1.1615003  0.47025898 1.0056965  0.768145   1.0192698
 0.7155933  0.84474057 0.7628653  0.3647854  0.6735039  0.64599484
 0.914678   1.1242522  0.6930793  1.2134767  0.90731204 0.70219046
 0.8405669  0.578346   1.2823129  1.1612114  0.5887809  0.8444451
 0.43945226 1.0385915  1.0072143  1.2157719  1.0471474  1.1609153
 0.9538526  1.2382109  0.80945903 1.1268343  1.1001157  0.82995033
 1.0739033  0.42212474 0.6804793  0.50328636 0.6561335  1.0434525
 0.3522556  0.97508425 0.5471116  0.5796152  0.64954555 0.6316715
 0.82571745 0.6432055  0.723021   0.79962385 0.8818411  0.7102883
 1.0788115  0.8507109  0.5767413  0.604855   0.85182333 1.0001109
 0.8296126  1.0213065  0.83311146 0.7384234  0.68628615 1.1778647
 1.0340408  1.2790593  0.9140129  0.5534336  1.1472954  0.8400277
 0.7950246  0.8610373  1.2511435  1.0954005  0.4656022  0.7473886
 0.46366566 0.92680067 1.0566047  1.3182268  0.8037568  1.4731874
 1.1367786  1.3693528  1.2250786  0.9116722  0.7027336  1.1354171
 0.7628085  0.58557975 0.8707508  0.9483406  0.7185045  0.8210654
 1.0424277  0.87311494 0.45363596 0.56123143 0.91829467 1.0621904
 0.72230655 0.76308566 0.547769   0.9429321  0.797789   0.43633017
 1.0491759  1.050263   1.2409889  0.6191051  1.0588312  0.74622566
 0.7307379  0.9614202  0.78692526 0.61624855 0.93124366 0.6676801
 0.8230825  1.1393088  1.2968687  0.61039704 1.2454054  1.1034186
 0.7383697  0.99078673 0.63214916 1.0905943  0.8244843  1.0756834
 0.90285283 0.935885   0.7611058  0.8060891  0.6546299  0.9154459
 0.71868813 0.77572423 0.9303363  0.92385656 0.699035   0.62829477
 1.9600111  0.9688595  1.2899687  0.91815084 1.0658224  0.78788185
 1.0127734  0.8094478  1.2290316  0.8154705  0.59277433 1.0747811
 0.9305281  0.93925774 0.7196899  0.99690384 0.6816212  1.3637784
 0.6907001  0.38929507 0.884415   0.8903433  0.4372194  0.9234697
 0.95806766 0.8063812  1.0027118  0.56444323 0.46495372 0.9942186
 0.5974542  0.8588356  0.92974526 0.82408917 0.6283952  0.9369652
 0.47262698 1.0775479  0.8624273  0.7105662  0.60655737 1.4361622
 0.9222155  0.770698   1.3409194  0.6888116  0.713725   0.80411965
 1.4496734  0.87071365 0.40611535 0.8722932  0.77934664 1.123721
 0.8419337  0.60177517 0.9034322  0.6943306  1.062852   0.9264099
 0.5934679  1.2175012  1.5700604  0.7097882  0.65853196 0.5274977
 0.5186364  0.68134093 0.5065364  0.70107144 0.97201544 0.3496888
 0.7236067  0.91690785 0.9505584  0.49277425 0.997679   0.9422254
 0.509875   0.86799103 0.9644697  0.96295655 0.6505027  0.8224246
 0.80932695 0.68882483 0.9043754  0.6765655  1.2757932  0.9045301
 0.95079136 0.9778528  0.6566082  0.9024751  0.8734149  1.215927
 0.985374   1.0383346  0.78069633 0.960226   0.652946   0.80470407
 0.8404124  0.7857352  0.59770066 1.255456   0.88123244 1.008342
 0.7709884  1.4372567  0.96263623 0.9609064  1.1058999  0.64478856
 1.4732289  0.41725054 0.75940585 0.68217397 0.82276195 0.7314616
 1.0134958  0.41655362 0.7928948  0.9933196  0.8868862  1.0973082
 0.9131111  0.82928    0.8911342  0.76032275 0.5757958  0.79684806
 1.0924609  0.85134983 0.94865876 0.9386664  1.8497564  0.57096386
 0.86492985 1.8221684  1.1018351  0.7411556  0.959222   0.79105324
 0.8862537  1.373355   0.90643317 0.41944522 0.993973   0.64129835
 1.0729744  0.9429958  0.5516454  0.5517957  0.6395437  0.8288375
 1.3058032  1.3977956  0.7019672  0.5927954  0.9989742  0.7310309
 1.228511   0.7661382  0.70325917 1.2288821  0.6583306  1.0670217
 0.9260021  1.1615975  0.7963914  1.1273731  0.49832466 1.175645
 0.59597325 1.3077337  0.77080005 0.6168045  1.0571411  0.49554658
 1.1698812  1.0477498  0.66456    0.84347373 0.7895693  0.8393723
 0.8697216  0.5907875  0.8818601  0.85926723 0.8774168  1.0838486
 0.6756288  1.209039   0.6495481  1.0188036  0.38953096 0.8400112
 0.622063   0.9431685  0.9039959  1.1716548  0.7523037  1.2044399
 0.69202083 0.9896458  0.7207772  1.1708031  0.58697754 0.75243175
 0.594367   0.4280149  0.8424443  0.7967802  0.744911   0.9230861
 1.3587352  1.0029448  0.6958158  0.7726691  1.492748   1.1495218
 0.42835078 0.65903115 1.5035672  1.1205602  0.72890216 0.88524675
 0.48230985 0.88352877 1.4985408  1.0293812  0.6973086  0.9088329
 1.1356035  1.218593   0.76796526 1.2458123  0.8596557  0.7973063
 0.97183627 0.83153635 0.5131966  0.8501628  0.96092975 0.90956116
 0.78482753 1.1420344  1.1836796  0.635852   0.48693144 0.70969844
 1.1272857  0.79646605 1.263069   0.8043294  0.47445887 0.5131219
 0.8363911  0.9940022  0.5026399  1.0279393  0.6027667  0.76817936
 0.7134174  0.78719527 0.5467576  1.303467   0.8219748  0.7786305
 1.0030217  0.68883044 0.54668134 0.8765001  0.7382589  0.8536934
 1.0397965  0.88019174 0.9692926  0.75633925 0.7257171  1.2800246
 0.8088653  0.88709944 0.51400006 1.0129434  1.2632054  0.7075974
 0.8779041  1.6011677  1.0704186  0.9666248  1.1525359  1.0319234
 0.6956815  0.38629815 0.5364493  0.9559634  1.0623457  0.58710676
 0.54579407 0.6114053  0.7699854  0.6554718  0.820313   0.83013326
 0.854178   1.1028416  1.1278006  0.43539295 0.8605768  0.7795822
 1.067011   0.66021115 0.8894936  1.6808615  0.7512207  0.79696673
 0.7586931  0.6893441  0.96827453 0.78166    0.7810124  0.74421984
 1.6033942  0.9361511  0.9369067  0.94206244 0.55013114 0.95638824
 0.67746663 1.1398774  0.6655265  0.7176895  1.2802365  0.55570394
 0.5048431  0.9266495  1.3557369  1.0058926  0.7185726  0.8683917
 0.47054708 1.2669216  1.3084663  0.69990796 0.52524257 0.63924646
 1.4567004  0.52889085 0.7009901  0.77043724 0.9097416  0.81973207
 0.6424412  0.6658846  0.5758314  0.7510494  0.69360745 0.5296415
 1.2653389  0.99240726 0.92900413 1.2723769  0.849451   1.1887082
 0.8068442  0.48267952 1.0020874  0.5998863  0.6656352  0.97966135
 1.0507133  0.48664066 0.9795736  1.1770945  0.8347974  0.86917776
 1.2841421  0.8446883  0.55125695 0.98271    3.9977424  1.1453079
 1.1271323  1.0052549  0.75468314 0.6004491  0.79138726 0.5779222
 0.65313923 1.1237372  1.2637314  1.0229071  0.90134215 1.2896767
 0.6298809  0.6410434  0.9339395  1.0169913  0.6400597  0.8143323
 0.85470825 0.604248   0.4089647  1.4485253  0.51676756 0.6701961
 0.9103513  1.2216307  0.4902023  1.0494032  1.0626559  0.9674595
 0.66678095 1.0780047  1.2421309  0.82334554 0.7109489  0.84988534
 0.37487796 1.0090715  0.63872737 0.6800924  0.80649316 0.7854216
 0.57768035 1.0837522  0.9345976  0.3366237  0.897622   0.7501035
 0.68182176 0.8592908  1.6582907  0.6710637  0.7868797  0.85286593
 0.5680276  0.68234986 0.5563012  1.2785645  0.61686444 1.1413001
 0.66328263 1.2670997  1.1921577  0.9375475  1.199252   0.9750241
 0.9452784  0.8247966  0.39369082 0.6831907  0.49804467 0.65608454
 1.0314248  0.9792179  0.714272   0.85090345 0.9855571  0.83937526
 0.44091162 0.7205619  1.0056272  0.74592954 1.0696855  0.97611105
 0.7557467  0.8279151  0.98559296 0.4313749  0.7868872  0.8361588
 0.9585502  0.69796383 0.43092886 0.89543355 1.020157   0.9647843
 1.0504467  1.0241799  0.93931437 1.2589457  0.89789593 0.88853663
 1.3163801  0.89429075 0.55496484 0.5603513  0.60769105 0.7920541
 1.1858634  0.75412923 1.1521517  1.1119604  0.9704673  1.2828104
 0.8663234  1.0975047  1.366977   0.96659595 0.60801965 0.661493
 0.7576682  0.76207006 0.5216792  1.4620744  0.75239617 1.0483598
 1.0653112  0.7525319  0.4706623  1.060369   0.9587671  0.84174776
 0.51709205 0.7042107  0.88863325 1.2223941  0.9263025  1.7047735
 0.58231986 0.77140135 0.5109145  0.4645627  0.73840654 0.87067336
 0.9790189  1.4045318  0.67100704 0.8447572  1.190358   0.9802764
 1.0130379  0.7210399  0.7066145  0.5928144  0.6355827  0.8073846
 0.92230487 0.6291634  0.8135694  1.1668853  0.6174551  0.6534476 ]",0.13670212765957446,0.16609821716944376
9,17,799,"[[ 0.6930158   1.3452804  -0.49442005 ...  0.53814894 -0.48635527
  -0.3761673 ]
 [-0.47360304  2.7611377  -0.9021177  ...  0.75865257  1.1733267
   0.21305531]
 [ 0.3935907  -0.23621792 -0.06138035 ...  0.566374    0.5879461
  -0.10147587]
 ...
 [ 0.48208192  0.01370772  0.3496331  ... -0.7086664   1.0597849
  -1.4719635 ]
 [ 0.05023903  0.29168037 -1.1948647  ... -0.64345443  0.8959655
   0.8612878 ]
 [ 0.19496247 -1.7978255   1.057137   ... -1.0953614   1.0072134
  -0.14609444]]","[0.9470256  1.0332892  0.60134834 0.5803773  0.77781194 0.43633303
 0.92491347 1.234968   0.99420804 0.9498524  0.77626777 0.5418302
 0.6303666  0.95779073 0.6798409  0.86348736 0.6404542  0.47201553
 0.6834357  0.6704001  0.71042526 0.45973364 0.8755439  0.6427031
 0.9401331  0.8646759  0.6996687  0.53349435 0.92160606 0.5069977
 0.53765404 0.83419865 0.78160053 0.42556447 0.55157405 0.43990794
 0.8200564  0.5139467  1.1857463  0.9062448  0.981435   0.63644814
 0.8282807  0.51351076 0.5942136  0.5136611  0.69066447 0.6058436
 0.96453744 1.1340337  0.5890408  0.5477013  0.8423626  0.65038973
 0.6512007  0.9567106  1.1640298  1.2722336  0.64691275 0.7655569
 0.30460742 0.3956523  0.93105286 0.8140509  0.9779925  0.86836153
 0.6675371  0.5558758  0.7979983  0.7486327  0.60635364 0.8444356
 0.5987214  0.69305176 0.8469542  0.54144114 0.56602716 0.5497653
 0.6634803  0.87255776 0.65378237 0.9659654  0.5963933  0.7471574
 1.1125941  0.75396854 1.1359851  0.71731675 0.80301934 0.7028689
 0.383809   0.54814434 0.4548804  0.53145915 0.91094375 0.98060066
 0.7689385  0.8518793  0.7239408  0.71181715 0.53141546 0.8862918
 1.1470317  0.50447553 0.9340291  0.6021119  1.2950095  0.5421929
 0.33480763 0.77638644 0.5933053  0.5736529  0.8841921  1.0966566
 0.8170996  0.7987853  0.81149364 0.8851063  0.7713673  0.7120833
 0.46965703 0.9984649  0.5765586  0.6919962  1.1158615  0.693998
 0.5916765  0.9101833  0.5486377  0.5525156  0.8658586  0.9437978
 1.2200089  0.47439992 0.9719043  0.8167152  0.89128333 1.1440418
 0.6778447  0.39737192 0.8749908  0.6619288  0.646886   0.91473657
 0.57920027 0.78349245 0.58613396 0.7510907  0.98304224 0.8879494
 0.9975822  0.68036616 0.82511866 0.72697544 0.44089404 0.6333112
 0.67491263 0.91027963 0.5752743  1.0802643  1.100091   0.60089576
 0.8024147  0.99473006 0.37249842 0.76242864 0.7301478  1.1005182
 1.0194497  0.41406322 0.52048403 0.5852962  0.97717535 1.5089873
 0.92763597 0.622497   0.6802998  1.0454798  0.8405086  0.5869871
 0.6172743  0.56765705 0.71443844 0.6328468  0.2534236  0.650144
 0.34559616 1.2378873  0.7129809  0.6766517  0.5743956  0.73521817
 0.5680386  0.87039906 0.487192   0.55600667 1.1292547  0.9021724
 0.76298714 0.84358495 1.0175331  0.7049918  0.79266423 0.88081867
 0.5063639  0.70214343 0.751518   0.9393066  0.67047983 0.7168741
 0.6138929  0.5906844  0.5890377  0.5304031  0.51248896 0.8269909
 0.49111143 0.6328602  0.6461903  1.0454259  0.6775959  0.76537704
 0.9881077  0.5948086  0.5944424  0.8326289  1.0820006  1.2025104
 0.8818621  0.9970988  0.71843624 0.87739027 1.0774138  0.97418886
 0.57809633 0.43980187 1.5759469  0.3364561  0.6597852  0.88107526
 0.8037157  0.6148761  0.6390447  0.76921403 0.7675819  0.7246683
 0.62530357 0.66649896 0.6964962  0.7945052  0.70225817 0.58430153
 0.6050587  0.6372955  0.7407025  0.95776886 0.74937683 0.78731436
 0.5279627  0.6355621  0.50341165 0.6583787  0.36800703 0.76829606
 0.9082315  0.8106634  0.6857671  0.55169594 0.8592003  0.64737123
 1.0124445  1.1156291  0.55135924 0.6228571  0.652045   0.41906944
 0.5981882  0.45112962 0.72046006 0.85567546 0.85348797 0.8748575
 0.49259034 0.5501828  0.76477975 0.66584206 0.5811055  0.47861937
 0.6663811  0.84853774 0.80704695 0.4573962  0.9804047  0.7455811
 0.5656221  1.2036229  0.7344351  0.6055564  0.66829985 0.6860911
 0.69569075 0.83592266 0.97585076 0.94621885 0.7756567  0.63356453
 0.59620416 0.6429133  0.8272081  0.8839775  1.6415318  0.39589342
 0.61100304 0.9620724  0.4435257  0.44971368 0.47046667 0.70278454
 0.7346809  0.7966343  0.69456184 0.706622   0.5600088  0.5210671
 0.4926573  0.71726245 0.7680876  0.74511087 0.6737126  0.54814553
 1.0697284  0.975623   0.7317791  1.1521614  0.45478827 0.57353795
 0.80686885 0.7062815  0.7439186  0.65980667 0.74169236 1.1535392
 0.9042974  0.7846931  0.8161417  0.5601046  0.8346255  0.6711333
 0.48524153 0.6674978  0.5818564  1.0226932  0.8067915  0.44040287
 0.794587   0.55312866 0.5077888  0.72151965 1.0995158  0.7469699
 0.6008963  0.843911   1.0453461  0.55439305 0.7420993  0.47695735
 0.77919865 1.1125312  0.8364175  0.7241034  0.92992777 0.90120846
 0.7836223  0.9475586  0.4643998  0.6679367  0.4920522  0.62452674
 0.76815826 1.1982086  0.6354672  0.8161979  0.75264764 0.82168454
 1.009914   0.7521365  1.0696937  0.7489198  0.7920575  0.7036089
 0.9416373  0.6437964  0.830823   1.1193517  0.3610651  0.7933375
 0.38052148 1.414063   0.7818728  0.5949442  1.142837   0.90443593
 0.5888899  0.9218387  0.6421777  1.0573753  0.5246177  0.97195274
 0.7899798  0.51052564 0.6192786  0.87092584 1.0088255  0.6766839
 0.9843909  0.57181585 0.5251138  0.7843062  0.3996159  0.61603105
 0.5215132  1.2499299  0.8535554  0.64969236 1.0512503  1.2840034
 0.64553887 0.9600667  0.9205839  0.74120194 0.7084861  0.87674975
 0.5254789  0.43847632 0.5760307  0.8566992  0.7420549  1.1880839
 0.82361794 0.6328542  0.7656361  0.842072   0.65864235 0.937832
 0.5285749  0.73528016 1.2367419  1.0011762  0.9717037  0.776868
 0.53086895 0.45424846 0.57696027 0.9395874  0.665909   0.89889055
 0.5875642  0.6044386  0.7476544  0.75525105 0.6838022  0.7098011
 1.1132475  0.6211976  0.7011842  0.66175336 0.81723076 0.8296588
 0.6493791  0.7772689  0.7919678  0.50891966 0.49259517 0.8459925
 0.864112   0.68008375 0.68964547 0.5099878  0.8452502  0.8173774
 0.9098954  0.89600474 0.94124156 0.72593296 0.6053618  0.82355845
 0.67108274 0.7839444  0.4124898  0.57587326 0.7261977  1.3259716
 0.5311565  0.90787596 0.5698371  0.95425844 0.6465519  0.5376804
 0.644336   0.8208352  0.86258113 0.8298456  0.71435314 0.88126
 0.5139153  0.7099793  1.2676643  1.0737495  0.5157277  0.7962896
 0.82020444 0.93109524 0.5238525  0.6271134  0.80028796 0.93805856
 0.7639498  0.5641464  0.89787936 0.7882225  0.7954139  0.5977101
 0.85370046 0.9301556  0.7000952  0.6703046  0.7980489  0.7997901
 1.224156   0.57490396 1.0462483  0.9429897  0.64882004 1.0522088
 0.7836393  0.57633615 0.45232338 0.9771829  0.6120879  0.55623716
 0.581049   0.6007253  0.7158678  0.821955   0.66066635 0.58932126
 1.004948   0.9827143  0.5902734  0.6850596  0.607655   0.6863553
 0.6484051  0.70501554 0.73735493 0.46316546 0.7071941  0.6722042
 0.5968993  0.7569185  1.0238744  0.54855764 1.0044111  0.6524822
 0.77557135 0.8319407  0.868254   0.7329357  0.9992657  0.7242708
 0.9695396  0.53436047 0.37587932 0.48507738 0.9035751  1.076458
 0.61695135 0.4900713  0.4348367  0.558812   0.74165535 0.6153424
 0.69006515 0.66881424 0.61154705 0.38666862 0.6168662  0.5997724
 0.48868528 0.94419    0.6552443  0.8327251  0.4267499  0.613931
 1.2130438  0.76431054 0.59090066 0.7292693  0.4491385  0.5782469
 0.688223   0.91519046 0.69931966 0.66506547 5.148714   0.909562
 0.7271654  0.9583654  0.5711673  0.9798012  0.95924264 0.5117148
 0.86700064 0.99880904 0.46315512 0.7511589  0.8393471  0.36439317
 0.790448   0.77161527 1.0847386  1.2195947  0.4993079  0.5294184
 0.68019414 0.5837891  0.5151667  0.5576224  0.50152856 0.5138364
 1.0687929  0.8258098  0.25557023 0.8934527  0.61997724 0.98422396
 1.0311332  0.48360917 0.82471627 0.63585454 0.73082215 0.7828261
 0.4703818  0.74514884 0.82272655 0.7147187  0.93026406 0.74391353
 0.9055032  0.4743264  0.6632593  0.6327378  0.60454535 0.65568215
 0.6098199  0.72352844 1.3488646  0.833058   0.5567196  0.949385
 0.7687729  0.93521327 0.66735    0.64036393 0.6538527  0.76496243
 0.6812154  0.87814474 1.0544027  0.62812173 0.4924887  0.6803274
 0.58956206 0.78276217 1.0545506  0.5696792  0.8747594  0.46539766
 1.147771   0.74113595 0.6309488  0.5835321  0.79489917 0.7793002
 0.5504117  0.98080736 0.61475295 0.5442206  0.82427245 0.48890743
 0.46414623 0.7473525  0.37194455 0.79835075 0.6749103  0.57763565
 0.9922059  1.0658349  0.7542803  0.6964064  0.5803096  0.53873736
 0.9053025  0.7149723  1.1875529  0.76144534 1.0324361  0.7869765
 0.7094544  0.5788724  0.9481147  0.4687096  0.87118703 0.7999402
 0.73299044 0.5472277  1.2918743  0.50033617 0.6360698  0.9187373
 0.5899616  1.1289276  0.61963433 0.67897165 0.74064165 0.91908324
 0.9033514  0.6597363  0.59154284 0.99941885 0.8873123  0.6608413
 0.97908735 0.7925151  0.46672916 0.6291702  0.47835433 0.8528102
 0.5821906  0.6099577  0.7117526  0.88459426 0.7342329  0.71575093
 0.5303157  0.4184125  0.85115486 0.59108984 0.8808136  0.65987486
 0.5281     0.79021484 0.54262906 0.3498067  0.5472911  0.5883713
 0.5717786  0.837716   0.7171451  0.74028826 0.40331623 0.6443554
 0.56851745 0.6258669  0.8394826  1.2260045  0.59456366 0.83018726]",0.18882978723404256,0.19306665261586506
10,17,799,"[[-0.3407556  -0.14807467 -0.331732   ... -0.28140068 -0.13576558
  -0.37241465]
 [ 0.23885652  0.8322757   0.23960872 ...  0.8018698   0.29553148
  -0.2807277 ]
 [-0.8973795   0.40146476 -0.25418484 ... -1.1310717  -0.33157292
  -0.1455881 ]
 ...
 [ 0.32848042 -0.79115057  0.3294191  ... -0.13806693 -0.02349787
  -0.7562635 ]
 [-0.6664973   0.038489    0.19054307 ...  0.35606083  0.96981424
  -0.75680405]
 [-0.04238831 -0.63116497  0.92453235 ...  0.38725486  0.4455459
   0.28525433]]","[1.0052353  0.74496967 0.48646218 0.8543314  0.52712643 0.41930816
 0.6598289  0.82222515 0.7625015  0.65094334 0.671439   0.37815896
 0.94070494 0.5573117  0.7233913  1.115897   0.4340595  0.85749656
 0.55966187 0.4648639  0.47499555 0.38671225 1.1093229  0.71173906
 0.4271324  0.657912   0.7809187  0.42229828 0.9610174  0.6932067
 0.71042305 0.64299583 0.53322744 0.8394009  0.72536945 0.48891538
 0.8569786  0.8047769  0.74831593 0.5363105  0.9386935  0.5841273
 0.7025661  0.5151414  0.6442437  0.8626984  0.5663577  0.61234486
 0.5698546  1.0587741  1.0009241  0.6839029  0.7202751  0.45323813
 0.63847    0.6949254  0.9562841  1.1966285  0.66146237 0.44939923
 0.7031053  0.7569486  0.68336016 0.62253535 0.5990891  0.57996947
 0.6668777  0.64392567 0.5638949  0.44655806 0.6083609  0.51003546
 0.39959133 0.501133   0.6617565  0.4779694  0.5053718  0.69395655
 0.63988245 0.62021357 0.7124057  0.72055674 0.53126246 0.92975473
 0.94815654 0.80503356 0.28227803 0.9186286  0.7713856  0.40376973
 0.71190226 0.9315421  0.38141063 0.5875953  0.5797924  0.8601104
 0.59487545 0.24817882 1.0600456  0.7177008  0.8447036  0.4672539
 0.74411714 0.4929873  0.6483776  0.39386258 1.0865293  0.5747722
 0.5233914  0.76606125 0.54546654 0.6081289  0.81243795 0.541965
 0.48387182 0.66532594 0.58229595 0.8217314  0.23595862 0.80061066
 0.42951137 0.41420212 0.3543858  0.4555553  0.54981405 0.62608045
 0.47512373 0.971688   0.5394261  0.545871   0.90500116 0.70581764
 0.69783974 0.48409334 0.97238714 0.9270381  0.7974623  0.53957766
 0.6924435  0.38611782 0.40697807 0.7715083  0.6176892  0.6712514
 0.739848   1.078038   0.3871333  0.5805171  0.57959855 0.7957743
 0.39854985 0.58948207 0.37158686 0.585358   0.33943143 0.5958983
 0.6057109  0.7694661  1.0769306  0.6861956  0.81515557 1.0304554
 0.80205655 0.6569953  0.90519005 0.42793193 0.49539566 0.7801332
 0.635146   0.83846444 0.689525   0.44907242 0.6956727  0.75656986
 0.71952415 0.5175987  0.37496966 0.5420979  0.60269237 0.8036676
 0.7399913  0.4000987  0.59512293 0.6201203  0.48011786 0.44629547
 0.55538243 1.1808395  0.5399688  0.95873076 0.6488262  0.5468086
 0.6160062  0.99293697 0.53563035 0.34975368 0.9643887  0.82119024
 0.47880486 0.6277074  0.99075407 0.79388905 0.5269545  0.83172107
 0.41234434 0.9533768  0.30329132 0.5238681  0.75847125 0.79171777
 0.6495738  0.62523746 0.6440783  0.5063796  0.5996238  0.6051062
 0.628964   0.8010689  0.5611933  0.94269085 0.8829768  0.49175853
 1.36698    0.5901092  0.6147684  1.110547   0.45409527 0.4463559
 0.5266994  0.39233083 0.46347195 0.83200496 0.6086739  0.67800224
 0.59738356 0.5661307  0.42587775 0.5816239  0.59154224 0.69842505
 0.45219406 0.5695055  0.73879594 0.5300395  0.9315967  0.5951114
 0.79442817 0.513881   0.5929448  0.56670105 0.420583   0.53487396
 0.7285828  0.6999673  0.8473023  0.9842286  0.60110044 0.5724346
 0.37148353 0.6631444  0.5758689  0.5062604  0.7056717  0.84633285
 0.73407805 0.7860928  0.8933987  0.7424779  0.50308686 0.4584936
 0.7268166  0.5409408  0.33341447 0.7552429  0.84760773 0.46314374
 0.8199505  0.58047575 0.3774068  0.9475213  0.8967861  0.58311474
 0.57319134 0.24462822 0.98195195 0.56034744 0.52885044 0.712324
 0.5347489  0.46883553 0.6326284  0.63830197 0.7061264  0.5877068
 0.7689263  0.72336924 0.7040516  0.7356932  0.6712341  0.78612465
 0.4420673  0.52147734 0.55731386 0.54764    0.5643711  0.6126164
 0.58492213 0.53273135 0.4596248  0.5847888  0.6705434  0.6300739
 0.79883707 0.7775501  0.87469393 0.51390564 0.80812365 0.51323223
 1.2004871  0.30714425 0.8446629  1.0441234  0.4301817  0.6357484
 0.69194585 0.7241946  0.900637   0.46377108 0.54228497 0.9616879
 0.86351216 0.9550253  0.8517109  0.6728828  0.57221854 1.1529078
 0.44921485 0.75902694 0.7236349  0.46835136 0.5015313  1.4092193
 0.5103948  0.7033205  0.8881822  0.75946814 0.61968815 0.66510385
 0.52573925 0.4002364  0.4789068  0.97471935 0.4444503  0.5334464
 1.0090882  0.66260445 0.60107136 0.565075   1.1326704  0.7224434
 0.5936646  0.662575   0.92226726 0.55581844 0.7563426  0.70362246
 0.661133   0.85495865 0.6783458  0.6078983  0.9405762  0.6136859
 0.62909275 0.67489266 0.5505078  0.53584075 0.41310564 1.1294184
 0.5647139  0.851398   0.7351976  0.5701517  0.6688926  0.8746878
 0.57469285 0.5446077  0.8597992  1.0588274  0.6236344  0.7355743
 0.8770912  0.6068713  0.5987987  0.8062445  0.63235164 0.41091472
 0.6127166  1.238391   0.50177556 0.6347434  0.50385636 0.8942436
 0.5114985  0.8094871  0.69290507 0.5227551  0.8774881  0.70360315
 0.7558057  0.8851235  0.57579404 0.73570174 0.5966352  0.5430291
 0.86717564 0.56191605 0.5485733  0.7775537  0.42180055 0.5123587
 0.37600666 0.85351354 0.7751303  0.6684887  0.7060542  0.72191584
 0.5305351  0.34396055 0.5373236  0.61682665 0.6957357  0.66490024
 0.5264628  0.5020309  0.3762593  0.8318615  0.6389796  0.8234789
 0.71656466 0.65914285 0.7985049  0.6325734  0.6275192  0.612312
 0.7188386  0.6641249  0.88995427 0.7694419  0.8908458  0.5163077
 0.6189524  0.51011413 0.8260391  0.82995427 0.6570004  0.48657566
 0.9403273  0.90186244 0.6537976  0.7641976  0.893316   0.73038787
 0.9273005  0.7540443  0.6800248  1.6337239  0.8188975  0.6030365
 0.47260138 0.50684744 0.67744464 0.56208384 0.48891744 1.0099118
 0.57757276 0.6163675  0.5133037  0.4196743  0.78677624 1.0346861
 0.92467195 0.50434375 0.5133215  0.43449813 0.4515401  0.7054188
 0.54963756 0.8013988  0.47946158 0.9136303  0.9392148  0.5569942
 0.7969244  0.6892928  0.58159107 0.53776616 0.51573646 0.9680881
 0.7590524  1.0838062  0.7175378  0.9050331  0.41117007 0.76522887
 0.60352147 0.85370666 0.82230556 0.7420325  0.480187   0.6593219
 0.880115   1.4052738  0.392197   0.48437884 0.6867034  0.57917655
 0.5639874  0.5542261  0.5182186  0.54341865 0.8679821  0.58568937
 0.49831274 0.6841146  0.39866614 0.67714494 0.5748006  0.7421925
 0.6525564  0.3871648  0.90116477 0.6492153  0.9201744  1.290763
 0.48402315 0.7643958  0.6179895  0.8853397  1.0117344  0.83972037
 0.7890525  0.47470984 0.7618391  0.9348971  0.9289326  0.7255359
 0.7059707  0.6239682  0.97652256 0.5383081  0.46163914 0.5874711
 0.7268869  0.6888084  0.42879766 0.65498394 1.0114017  0.40198556
 0.5683878  0.5865568  0.91329473 0.43907216 0.7684607  0.64906687
 0.69979167 0.53336173 0.5927051  0.7881918  0.5654735  0.5994066
 0.77842236 0.38197362 0.6344017  0.55179036 0.7953197  0.68033534
 0.33489394 0.5522518  0.4848276  0.59361523 0.6544299  0.47118235
 0.48685133 0.733207   1.02346    0.64469624 0.71830827 0.6539447
 0.32866427 0.5399583  0.6764744  0.70354605 0.8655979  0.92484796
 0.6695127  0.5258551  0.6391756  0.96790224 0.953532   0.8619806
 0.5082577  1.1445073  0.48030305 0.69749784 5.2684684  0.65091956
 0.6972742  0.77363473 0.7304571  0.6816238  0.5015419  0.44673902
 0.6267852  0.65799314 0.677435   0.7679303  0.85854566 0.5232649
 0.9112265  0.8436355  0.75313604 0.85130185 0.96106774 1.0103389
 0.6065752  0.45178562 0.843674   1.0904267  0.30944154 0.9649941
 0.68317896 0.5430957  0.38319567 0.69629824 0.4640531  0.6649756
 0.85561156 0.34977692 0.41081506 0.47336617 0.51940477 0.7374549
 0.34871936 0.626176   0.5794427  0.54880923 0.7732611  0.5115
 0.79049087 0.5873059  0.724404   0.6069241  0.49071348 0.7529464
 0.3319896  0.836223   1.0372804  1.028479   0.66211665 0.7583515
 0.69714725 0.55773735 0.5625744  0.9235328  1.0133282  0.62062603
 0.9276003  0.84595144 0.5990242  0.7817682  1.0145811  0.33786038
 0.776637   0.9718997  0.48003474 0.716025   1.0455469  0.5836196
 0.8960771  0.6275639  0.41274595 1.026408   0.7567304  0.4052513
 0.701095   0.59374803 0.8950555  0.8883987  0.63196427 0.9306639
 0.65176624 0.45119232 0.6321932  0.532047   0.5786778  0.62070686
 0.69840866 0.90341055 0.6382396  0.70277625 0.4893377  0.38305017
 0.8193336  0.4845778  0.87918234 0.7276522  0.75899535 1.0221064
 0.37328056 0.60738784 0.3987652  0.46276075 0.5303604  0.57254475
 0.5040024  0.69035757 0.7028217  0.46590585 0.6460691  0.8808572
 0.7908969  0.66175044 0.5769359  0.55140996 0.96895236 0.6110304
 0.6884542  0.48898387 0.55486643 1.2670976  0.55373186 0.57345265
 0.59617656 0.7272871  0.82140005 0.63141704 0.41094533 0.56317955
 0.49484307 0.49304485 0.42069986 0.43684924 0.6859392  0.9583207
 0.46635348 0.43353572 0.6785576  1.1065192  0.9674608  0.45295972
 0.59983116 0.52682906 0.40346974 0.38426477 0.8272065  0.5518201
 0.5283041  1.1944531  0.5520513  0.48488998 0.48916385 0.7288836
 0.51928    0.40312213 0.76024723 0.71705365 1.0404587  0.68265146]",0.23191489361702128,0.21194158891836803
11,17,799,"[[ 0.9373624   0.16070104  0.2955639  ... -0.10150122 -0.3789906
  -0.13144962]
 [ 0.15140411 -0.3537547   0.3725411  ...  0.2434544   0.20225795
  -0.25598732]
 [-0.8629249  -0.04434431  1.223397   ... -0.15036604 -0.40881875
   0.73818266]
 ...
 [-0.5934531   0.23691799 -0.47944355 ...  0.33125287  0.01820377
  -0.3382451 ]
 [-0.30473754  0.5950031  -0.07731698 ...  0.47537136  0.7381689
   0.17262879]
 [-0.67542654  0.4945243  -0.6876609  ... -0.9922573   0.09040479
  -0.5160253 ]]","[0.6911618  0.6289317  0.6167705  0.47939914 0.55735695 0.57518345
 0.63714904 0.67626584 0.6866037  0.6055427  0.4085942  0.6658465
 0.4030048  0.4009192  0.43457538 0.48923174 0.62070435 0.6325957
 0.65413576 0.39194435 0.4054392  0.60859907 0.8732118  0.6755319
 0.41665074 0.3446209  0.87294346 0.50191337 0.24473634 0.42014736
 0.51624495 0.57239485 0.64295536 0.7512515  0.8063069  0.6598735
 0.43492335 0.33881366 0.47543448 0.6474409  0.6468702  0.4584183
 0.35682872 0.7058202  0.63627017 0.93097484 0.751336   0.5340903
 1.0044037  0.39162815 0.89796174 0.61562234 0.567097   0.61393857
 0.35819682 0.6772952  0.6580246  0.6976988  0.5352942  0.4511998
 0.6809801  0.33974305 0.71560293 0.6495409  0.55388814 0.6442918
 0.44676116 0.5450814  0.53002733 0.57114226 0.9960528  0.42763844
 0.5612262  0.5469041  0.9074567  0.32009822 0.53452045 0.45964128
 0.41622853 0.59939873 0.40246427 0.45822388 0.54273945 0.43001536
 0.5974405  0.44288298 0.5292424  0.5434818  0.58289045 0.4856847
 0.31813812 0.58175844 0.37271744 0.7144439  0.51672727 0.72501576
 0.61398286 0.42279547 0.6546553  0.38158527 0.4210057  0.6962495
 0.5116416  0.5823788  0.61482775 0.38623223 0.85829324 0.6510681
 0.74962676 0.50383186 0.32063708 0.42819735 0.29735208 0.67852545
 0.6563925  0.63974303 0.8415408  0.8148477  0.3912995  0.7049866
 0.61937934 0.33292672 0.41100535 0.62021965 0.6222917  0.5072825
 0.5084223  0.9961076  1.1523405  0.45493284 0.8124395  0.5090422
 0.5986983  0.605842   0.5354328  0.7308831  0.77014667 0.6793894
 0.7853336  0.5923553  0.5280551  0.52536786 0.5104359  0.2825631
 0.5922331  0.51011646 0.5872346  0.548497   0.4770246  0.51024026
 0.690578   0.31194305 0.6819498  0.49088308 0.28232384 0.5600423
 0.57073647 0.5468595  0.41818646 0.8910211  0.4865058  0.62056506
 0.5776936  0.6340604  0.72331595 0.43044278 0.50909084 0.86792487
 0.5825206  0.47014466 0.46520567 0.42719206 0.69053274 0.8176326
 1.082616   0.46510196 0.4528899  0.5222411  0.6235934  1.1227064
 0.61156404 0.32255337 0.48547512 0.35068414 0.5895409  0.80054617
 0.35364547 0.8989197  0.77363956 0.65448034 0.3827353  0.75259894
 0.3003628  0.6908626  0.56839556 0.57867634 0.46155328 0.3919201
 0.24161762 0.49715912 0.81562597 0.54778165 0.7131955  0.6622331
 0.53552544 0.504215   0.4357895  0.7945612  0.38608825 0.63283557
 0.63708925 0.5984793  0.4568765  0.44193938 0.32319096 0.27652842
 0.2754357  0.488287   0.7456678  0.45172724 0.56815606 0.28130665
 0.95343566 0.5042566  0.84187233 0.73167235 0.56759256 0.7436242
 0.5447934  0.37559295 0.4845015  0.7700639  0.5810547  0.5876547
 0.46579468 0.49149707 0.3294792  0.598762   0.7667379  0.45839882
 0.56829375 0.38805434 0.43239838 0.4816756  0.7670143  0.96919185
 0.46995762 0.55334926 0.21481602 0.35465825 0.4444928  0.46786106
 0.48792997 0.7970128  0.58871025 1.4727091  0.3679665  0.47837818
 0.50084597 0.57600325 0.46553588 0.6662305  0.9523946  0.9045393
 0.44728586 0.45967743 0.73337406 0.3056739  0.58613956 0.57984716
 0.55798626 0.734884   0.38135177 0.49043602 0.7540615  0.5586853
 0.49947628 0.46232697 0.59183806 0.68842113 0.41134158 0.6127666
 0.30589172 0.57410645 0.77154946 0.5024792  0.7107704  0.4617126
 0.532682   0.6000309  0.616838   0.8787371  0.5617132  0.66419727
 0.45307297 1.0360318  0.48002335 0.6196162  0.511094   0.9369497
 0.4785887  0.42727017 0.6122517  0.58747697 0.45953658 0.3641842
 0.4200113  0.565232   0.57933927 0.320716   0.95464754 0.40457895
 0.7095217  0.5325953  0.6588711  0.43676314 0.64734435 0.75209755
 0.8655317  0.4336512  0.35261494 0.5446738  0.3588269  0.6088212
 0.5992655  0.36471775 0.45418608 0.45782506 0.34851354 0.8083069
 0.7674226  0.65538687 0.5446132  0.8126477  0.5257608  0.76279396
 0.8921554  0.56948614 0.38027427 0.4220927  0.42627457 1.5145388
 0.6362189  0.4834399  0.53426796 0.4358372  0.55236876 0.5375853
 0.6455257  0.48874593 0.47467947 1.0786085  0.40032074 0.611806
 1.0282708  0.7449243  0.36954132 0.6647987  0.6731709  0.63627833
 0.51228267 0.6488471  0.5448292  0.64773715 0.46048844 0.36289227
 0.5416754  0.7833862  0.4709122  0.67578214 0.7566537  0.35168493
 0.4050368  0.767785   0.46546823 0.27386808 0.44989336 0.5637613
 0.49794373 0.52247494 0.49427453 0.47230622 0.57297087 0.29429016
 0.3968785  0.7684212  0.69234246 0.6745333  0.48255137 0.33328858
 0.7210237  0.58442384 0.43092474 0.4570209  0.4416439  0.4200709
 0.4346157  0.50608796 0.52509964 0.37771258 0.509256   0.5534692
 0.5218855  0.59324265 0.6884357  0.47690004 0.38133377 0.637008
 0.63379675 0.49679077 0.6148028  0.3936947  0.51857656 0.7011779
 1.092201   0.6853756  0.41310987 0.6945487  0.34880087 0.50391793
 0.5476158  0.6800027  0.42421362 0.8410226  0.73190194 0.5646111
 0.66076237 0.5624129  0.75913167 0.5643057  1.1505482  0.67127347
 0.53397137 0.4789854  0.52121806 0.52920336 0.65513396 0.47338808
 0.542635   0.55856764 0.5404175  0.6398368  0.51011705 0.6020963
 0.2997934  0.40755945 0.54462135 0.5778983  0.631468   0.39031598
 0.43720624 0.41217178 0.885342   0.62079436 0.4212681  0.8702491
 0.5858916  0.3420145  0.51274675 0.5956867  0.5047808  0.41180134
 0.66707116 0.6640547  0.5234615  0.4403163  0.60283774 0.5249771
 0.57378405 0.5706211  0.7597408  0.32613528 0.38421786 0.46218893
 0.5360354  0.44812223 0.5962757  0.58576775 0.5415609  0.53427047
 0.6969618  0.523331   0.65481025 0.3577899  0.49603295 0.5285077
 0.251289   0.58215094 0.414395   0.7981809  0.37260717 0.5369836
 0.5845598  0.69447297 0.7337829  0.44672188 0.4032417  0.82734686
 0.71085835 0.59091485 0.6817864  0.7177746  0.5310739  0.5578616
 0.46409723 0.6445191  0.73956573 0.52435815 0.59639674 0.4543034
 0.39095035 0.67448443 0.55261105 0.51023597 0.5919382  0.71228975
 0.6457173  0.39120534 0.60869664 0.48582894 0.5791503  0.49740002
 0.51679116 0.75065386 0.46685252 0.43829814 0.316133   0.44480577
 0.55093783 0.34384915 0.38152367 0.39447334 0.7979945  0.6141401
 0.64619386 0.3687403  0.49900034 0.39863956 0.62725025 0.3695135
 0.5640425  0.69629365 0.5578537  0.8130555  0.49800232 0.4342565
 0.7349266  0.8396319  0.62240916 0.3387747  0.5595395  0.5195383
 0.9231808  0.5187961  0.5079472  0.4599403  0.7303219  0.33881858
 0.56012994 0.5856609  0.6129434  0.43827495 0.7044438  0.4028182
 0.6547214  0.5325504  0.49905342 0.64956105 0.53255665 0.6495345
 0.85607505 0.4297382  0.62150514 0.5988572  0.5321451  0.5712568
 0.68069714 0.76846737 0.41100958 0.29778057 0.5988877  0.4564183
 0.47178254 0.38063028 0.517996   0.74700946 0.59275347 0.86156535
 0.46460608 0.68200594 0.3879525  0.63696194 0.50819373 0.8089954
 0.62246543 0.47744018 0.5287264  0.65270823 0.957995   0.6619646
 0.6436115  0.7541189  0.58600634 0.479204   5.5587068  0.7345704
 0.63813466 0.9435749  0.4459573  0.5234874  0.25899044 0.5755365
 0.5918014  0.76666445 0.63547856 0.4836388  0.55287963 0.6328895
 0.40954342 0.7110133  0.46206886 0.9409649  0.57996833 0.7534622
 0.6142401  0.28869045 0.6251247  0.7615717  0.64766127 0.5244162
 0.89674526 0.54454887 0.36108202 0.30539396 0.35406724 0.32851404
 0.6258049  0.3317064  0.7425477  0.7457384  0.6629709  0.73488945
 0.6128003  0.63570386 0.7767815  0.47286636 0.62327075 0.32821596
 0.39234614 0.6187825  0.8437545  0.43236804 0.61833483 0.6438676
 0.49505672 0.7956063  0.5737043  0.5388223  0.50942355 0.75990146
 0.90771025 0.5163612  0.89811075 0.48154905 0.8864833  0.6306295
 0.5713839  0.6829585  0.54299045 0.41985047 0.72721374 0.5367966
 0.86543256 0.6746496  0.51706684 0.72462916 0.8238018  0.45495877
 0.54048616 0.3954762  0.588655   0.53287053 0.4796677  0.6124008
 0.48088905 0.3501693  0.5283805  0.6331772  0.58668196 0.77011544
 0.44737706 0.39614344 0.53449756 0.52914923 0.6190436  0.7370978
 0.70841354 0.72832566 0.31498438 0.56120914 0.5012112  0.48253945
 0.5238542  0.6478078  0.6035009  0.5701386  0.5088442  0.97350186
 0.75723094 0.45942104 0.4464915  0.51379925 0.4817775  0.76089245
 0.5688825  0.46796846 0.65506774 0.48226628 0.25138402 0.85007507
 0.5300809  0.5416648  0.5080765  0.9099948  0.5202748  0.38507885
 0.6048364  0.6458536  0.57013375 0.5803241  0.42284715 0.57824814
 0.6719082  0.48299706 0.48613858 0.48781234 0.3849176  0.52497953
 0.44626167 0.5349516  0.33034593 0.493029   0.34801877 0.6096852
 0.3908452  0.35691863 0.50620824 0.50689435 0.36788282 0.5669578
 0.4598992  0.9740398  0.77871466 0.57595897 0.63701135 0.34540844
 0.5166116  0.47434613 0.6167442  0.45198435 0.49723405 0.5719218
 0.6008395  0.6241214  0.65838623 0.5760365  0.3720053  0.6512705 ]",0.2771276595744681,0.24406962792078654
