,Images_Per_Label,Train_Data_Size,W,Residuals,Classification_Accuracy,CLS_Cosine_Similarity
0,29,1363,"[[ -8.176388    16.552002    -3.108372   ... -25.726103    -4.4145823
   10.64407   ]
 [-33.89902     13.016488    -7.971899   ... -22.636995    13.38819
   -8.001008  ]
 [  0.10999523 -11.950713    26.153696   ...   8.73983     -9.882237
   -3.0145266 ]
 ...
 [ -0.51284313 -20.641953    16.78765    ...  19.493868    25.828758
  -47.83311   ]
 [ 14.520619    11.181432     5.066915   ... -57.940735   -18.494566
   -6.749448  ]
 [ -2.5509355  -19.62031     15.413766   ...  19.927431   -11.689104
   23.44152   ]]","[ 31.02971   34.03219   29.92298   25.425413  25.949492  26.785967
  29.746338  39.14949   37.0247    31.162004  21.916042  33.090553
  27.606188  28.100557  26.590118  29.471092  35.455032  29.154596
  23.453915  22.456167  23.562819  24.06299   36.62835   25.348291
  32.18685   32.255787  31.412334  30.082413  27.262985  35.4733
  33.02734   26.697334  31.636974  27.573254  30.003202  25.304316
  28.961348  26.952017  31.650295  26.49494   31.99524   28.540209
  22.370531  29.541172  29.763847  30.50061   38.18602   30.980309
  43.691685  31.632511  30.240377  30.343508  34.42924   38.050053
  31.181652  29.067532  25.614449  49.573666  26.411657  28.212605
  33.957623  23.32229   31.920881  33.826935  23.24744   28.016405
  33.57607   24.043049  31.132988  32.41477   24.284582  32.182014
  21.530294  25.330246  31.850492  24.341558  23.554047  24.143396
  31.435535  37.47254   22.113289  37.58197   31.284164  31.405544
  31.671028  25.002462  28.774939  23.993296  25.226246  26.597057
  22.197151  29.185005  28.430172  40.37703   33.118282  38.720413
  34.878174  24.01602   34.448727  36.281864  33.728317  27.331758
  40.88311   28.304567  24.693142  29.698906  44.85993   35.934494
  29.862095  30.662739  26.841394  27.946463  36.862278  30.205511
  32.281013  23.554188  42.03667   40.916386  22.934711  42.82129
  22.30627   34.926632  25.217188  29.198465  39.92852   25.898643
  18.361568  36.54638   29.099184  28.10049   32.593456  30.995651
  32.01223   26.765165  34.72189   30.644093  25.316837  31.385246
  38.93139   30.495995  26.19244   25.421976  22.726877  37.08543
  25.580067  26.993114  21.462614  28.09423   30.28085   26.860666
  27.220615  23.632229  36.431652  26.505415  20.704523  29.39428
  30.6648    29.774826  30.685894  46.650192  29.519785  31.085432
  37.101303  32.551853  23.285261  30.70346   27.029568  38.783314
  32.514725  22.152859  30.153217  22.98726   26.633585  40.58707
  31.247614  32.63485   30.75419   25.815062  33.249348  33.92304
  25.38174   21.899624  25.852398  27.27595   27.08586   34.24806
  31.949734  50.852123  43.88697   20.2108    27.030304  33.723145
  25.746727  35.10976   24.37546   22.607977  35.083393  33.8688
  23.817692  29.924952  30.6181    33.306267  34.25182   32.49355
  20.608835  25.53641   25.323507  25.865187  29.890879  30.35113
  22.928625  35.347412  36.534164  22.33338   32.8183    29.317026
  25.979906  26.698467  29.251404  31.153376  28.47016   28.155807
  42.081142  29.527617  40.603256  33.001522  29.232508  43.672264
  31.214619  31.207003  35.95852   29.642183  41.446686  29.240765
  29.658064  25.913652  27.834944  24.473167  30.87764   26.537014
  28.148151  24.79896   28.937815  26.693865  33.529236  32.689705
  33.357433  26.742735  28.934685  27.216747  23.08579   25.164772
  32.073692  33.789627  31.151924  57.516457  22.001495  47.086044
  30.511854  32.176556  30.075531  22.903038  36.71276   30.899393
  29.465687  22.00926   30.358503  20.581852  23.832485  26.921768
  32.87509   37.117397  24.834772  41.752193  20.327282  30.971712
  26.800682  27.396336  29.9448    33.60044   38.61723   36.302685
  25.607176  27.264832  46.94619   28.954624  25.921831  24.31558
  25.946936  28.197334  36.483967  34.693123  30.593166  25.220589
  25.397081  35.67497   30.80351   25.234768  27.129314  26.855944
  27.0517    26.943644  30.550907  26.589811  25.37262   38.278385
  23.43899   25.600275  25.906668  26.522652  40.424362  26.02516
  34.717327  33.945805  46.805798  31.403614  28.686014  37.902897
  39.43802   27.403065  25.582846  33.662777  26.322453  28.70302
  24.322979  22.822474  33.445625  32.583527  31.082176  42.841717
  33.286392  30.642288  27.632479  35.26435   29.560064  34.96451
  70.44439   22.672258  31.188791  27.8082    27.994087  56.4874
  23.448391  33.201794  53.025993  28.49973   29.972656  28.768873
  28.184532  29.644762  30.085247  28.377523  28.681934  27.135492
  33.702793  38.06607   34.222244  24.003607  34.595493  34.282482
  27.156086  48.53719   30.769575  26.300316  32.19652   27.429363
  24.733109  42.15693   26.473207  24.617287  37.20486   32.747334
  35.184612  36.030857  20.961975  27.884844  25.341694  32.95271
  33.54181   38.404087  26.761642  21.020655  27.879045  25.477173
  25.33019   29.813337  41.083717  32.202633  29.082006  34.761505
  41.470734  32.725037  26.82782   37.953297  27.342049  27.669806
  21.633604  40.7187    21.079018  23.51779   33.573452  30.389141
  32.414795  30.04984   20.83544   35.809975  29.520626  37.86299
  30.132868  22.162395  36.920265  27.797235  24.223776  38.492916
  37.870083  28.398985  39.080975  49.624702  23.80465   27.342863
  24.985363  27.54465   31.080719  41.479603  28.984308  26.427116
  22.201368  36.812897  27.01374   36.076206  28.711346  28.201681
  26.783443  20.613579  21.313452  28.100471  22.779455  37.04189
  31.864046  26.586443  26.892447  28.48683   33.518272  30.05343
  23.579811  22.808487  29.316004  33.916775  29.584015  31.37274
  22.644152  21.841219  30.210667  32.24889   38.238907  30.45956
  31.95819   35.415283  25.43465   28.098507  32.47402   26.857668
  31.112837  28.075443  21.114681  27.006086  35.4329    25.639078
  28.465307  31.595865  34.14383   22.069847  20.07605   26.572304
  35.40529   28.805803  29.432318  26.946821  30.532623  32.04178
  45.04774   22.803831  23.220562  30.961716  27.26219   26.698801
  21.669012  27.941153  21.003902  36.802937  33.746994  42.367165
  37.122128  26.862644  27.564863  24.248007  31.805931  39.402565
  28.68694   29.177319  33.527798  44.374413  31.04065   38.393005
  32.601547  28.275473  41.08732   39.50007   28.773188  25.40292
  26.166672  41.3236    30.813925  32.5537    34.458786  36.88598
  26.12288   24.314552  26.992151  31.057339  29.49179   33.260174
  26.756613  29.70706   28.995031  30.17753   28.756746  36.587616
  34.974487  30.64988   33.854786  36.108765  29.702522  32.26543
  27.181337  27.573925  25.19599   36.379536  29.14185   30.066677
  28.46587   25.062424  19.016361  34.70607   30.96222   26.040583
  29.59701   35.43584   38.05901   28.303844  26.636265  32.292377
  28.387438  34.630077  20.28735   32.811367  36.431248  33.17778
  24.02664   26.110493  38.858006  30.540796  27.775862  26.910149
  29.235437  29.440737  27.273075  26.96922   26.575422  30.33345
  29.687687  24.779078  24.35175   25.392023  36.236     29.057539
  30.463192  50.770786  29.498262  24.47732   33.320896  22.61826
  27.742899  32.223454  25.330217  28.903566  35.657257  36.206585
  32.12055   26.312685  26.175722  35.78662   34.05744   34.74819
  37.449547  36.15073   29.866127  45.69225   34.539635  27.223627
  34.85357   38.79348   24.248453  24.624142 229.51488   34.285625
  30.455109  45.765312  32.91608   29.140636  27.877567  20.287697
  23.665705  38.91085   25.612677  32.29463   45.61532   31.984516
  32.130085  35.60364   28.35409   33.15906   24.5628    31.583204
  62.89263   39.36942   27.261473  37.73071   27.519255  34.512455
  27.692963  29.65527   19.836288  38.627373  27.09403   28.428894
  32.559956  21.259134  23.466557  24.382027  28.217323  27.359434
  26.615593  28.68106   40.548588  29.311169  31.932049  29.757416
  27.17296   32.56389   41.765514  23.977419  31.101248  28.076561
  26.070917  30.070238  46.08928   36.63174   22.597178  36.50943
  42.88972   22.672646  27.15532   40.34159   31.414831  35.703304
  25.239592  35.318474  32.657646  25.3623    36.60141   32.16379
  32.167614  32.192493  23.964361  29.101246  32.540756  22.760803
  40.507862  26.543413  22.725786  26.169071  34.944023  22.562773
  27.411665  23.793697  31.3485    21.86226   28.73041   30.02563
  25.052488  22.111332  31.013086  26.171713  31.14048   18.321404
  37.372135  27.102173  22.29387   35.248493  25.56807   24.44245
  26.583881  26.518349  28.080423  24.689915  33.917564  41.73161
  27.504673  33.1193    27.858498  24.415918  38.297367  33.887814
  28.770697  26.38522   63.04883   28.17551   29.622255  42.068768
  27.595278  34.979736  30.684093  29.850397  39.131546  32.35491
  24.930254  33.31734   24.804852  47.240498  30.656235  29.148674
  35.43387   29.89337   23.229362  26.432604  32.683537  32.67178
  20.504616  24.923317  26.623293  27.685701  27.528692  27.213003
  29.211922  23.857355  19.86273   24.891003  28.762653  27.717407
  27.809927  39.80249   34.624554  25.92937   32.571407  31.679611
  25.4675    30.489737  28.325323  27.586817  27.361286  29.926632
  21.007946  28.154594  24.12509   40.052876  30.338768  25.898567]",0.075,0.17154475102821987
1,29,1363,"[[ -8.820011    13.913193     9.047425   ... -15.646261    -5.309359
  -20.649033  ]
 [ -9.952787    14.966975   -23.28724    ...  10.931796    12.744059
   -1.6317315 ]
 [-10.708695   -22.92291      0.770795   ...  19.707384    -7.0427313
   16.7536    ]
 ...
 [  9.857338   -13.480862     0.58482224 ...   7.211429    -3.3032498
   -2.2094529 ]
 [  6.493464    -2.6897182   10.992939   ...  -2.728839    10.657187
   -9.422774  ]
 [ -2.135679   -40.108574    13.636692   ...  -2.3835413   13.174377
   -0.85097826]]","[ 29.12422   30.345678  27.490545  25.204367  25.218504  25.116373
  28.44093   35.355556  34.250736  28.897951  20.543484  29.402298
  25.11894   25.795828  27.720316  29.277338  31.928495  26.17133
  22.37955   20.868748  20.267918  24.725153  33.262173  22.518402
  26.899193  30.513159  26.614685  27.446487  25.468008  31.805122
  29.75679   25.67789   29.699705  24.652061  27.432005  24.756792
  26.839266  24.129412  27.351755  25.057703  30.754591  25.445988
  19.827168  24.893652  26.144701  27.615322  35.39452   27.918991
  37.456264  30.295963  27.97757   29.405222  29.952509  35.796963
  25.88189   27.625921  23.767998  48.043262  23.148819  25.365734
  34.19462   20.67328   30.30852   29.367998  23.352123  26.721567
  32.16915   25.283361  27.517382  29.247305  23.4246    28.105957
  21.711342  24.862143  29.719334  21.454166  21.910286  23.053934
  28.576626  34.98351   20.641932  36.203606  27.309067  28.494627
  27.071842  22.921951  28.736715  25.215334  24.12895   23.336071
  20.842089  27.330257  26.260437  37.68407   31.780046  36.054134
  31.140163  21.241787  30.521845  27.58335   30.728706  25.68308
  37.058098  27.862604  23.752851  26.748758  40.168438  34.40487
  23.83172   25.121778  26.05861   25.000174  34.388123  29.800026
  30.311438  22.534262  40.68981   33.552692  22.14748   42.291782
  21.50059   32.487507  23.980625  25.470148  36.884426  25.26287
  18.942327  34.82245   25.99108   26.08677   30.01279   30.896652
  29.91963   25.404123  28.83351   29.314936  23.110191  29.680964
  36.12851   26.924133  21.79219   23.385296  21.458418  33.312973
  23.761549  25.90056   18.98453   24.927603  28.456896  26.432129
  24.32639   21.210257  32.60506   25.05125   20.454145  27.036179
  26.079569  26.353586  27.625372  43.493034  26.349617  27.94758
  35.09983   30.578964  22.543026  29.434917  26.502354  34.80533
  28.01091   19.255493  30.189402  20.890375  27.68037   35.922237
  29.946243  30.685549  26.183737  23.655127  28.9669    30.760847
  23.158775  22.095396  23.363903  26.13039   24.21015   29.953838
  26.729385  46.663773  38.904617  20.294567  28.49293   30.35717
  23.681759  30.783182  23.150738  20.254519  29.959116  28.820845
  22.022194  27.756874  28.801512  30.07984   29.977137  32.88383
  18.482632  25.583618  22.038418  26.558197  28.325102  29.550613
  19.387318  33.176903  32.202904  19.945467  31.610262  26.447903
  21.759323  24.33647   27.68885   26.5084    24.889166  24.620214
  37.139107  25.57822   35.16459   28.86329   28.374197  39.036114
  30.949457  26.391813  32.630913  28.322134  36.11549   27.448013
  25.043814  23.793085  26.913494  24.392519  26.940071  26.386164
  28.333908  23.348143  26.281393  27.545889  28.190374  31.026472
  30.790257  27.136715  27.490288  25.789116  21.765749  22.534967
  29.715475  33.367825  28.516428  47.21415   21.402159  36.429527
  25.952538  29.197111  27.797777  22.818254  31.868269  29.570461
  25.361109  19.722397  29.238445  19.833248  22.885618  25.167162
  32.665688  34.79467   24.466248  39.71284   21.588396  29.183857
  25.385033  23.261261  25.54297   29.593407  37.286343  33.211876
  22.321062  25.985521  44.71784   24.002941  23.90662   21.772724
  23.969162  26.343695  32.190617  30.272905  27.072163  24.730125
  23.480318  33.993103  27.8401    22.668474  23.738005  25.882353
  24.478762  25.786373  29.938295  25.864655  23.475483  35.354023
  21.875397  25.360998  26.148424  23.34194   34.947018  24.061653
  29.60993   29.793602  45.05228   27.71653   29.67345   31.271908
  34.187973  25.493137  21.328653  33.933395  24.416313  25.135046
  23.374018  20.753267  30.553143  31.682808  28.14239   37.84234
  31.687544  31.064047  25.853886  32.43744   29.244987  31.660421
  58.0613    23.068817  28.530842  24.005926  24.823645  42.69871
  21.878946  29.026356  46.37019   26.657412  25.281088  27.498508
  26.771606  26.478197  28.937565  27.253744  25.565275  26.603886
  33.85368   35.98397   27.500448  24.01283   31.765556  33.817223
  24.904469  45.642387  27.637121  21.753742  27.981445  25.144325
  19.458265  39.03191   24.430422  25.330246  33.922573  29.317589
  34.605663  30.918941  20.792807  25.759312  24.05004   28.890938
  32.24045   33.19162   24.609438  21.309679  25.18181   23.876945
  23.48585   28.282888  40.054104  30.300129  26.785402  33.780197
  39.252384  26.584751  24.88132   32.26772   22.737015  25.249084
  20.075298  41.090748  20.366516  22.508913  29.008743  28.71288
  28.718058  30.415792  20.146833  31.999876  28.382893  37.44076
  27.34118   19.318491  34.03131   27.264114  20.709694  32.887592
  36.15191   26.973343  34.824986  38.13431   22.296509  25.140696
  22.358593  24.426395  27.59673   37.422043  28.064283  25.65635
  21.316704  31.288694  25.802425  35.238014  26.454218  25.498901
  25.150335  18.604677  20.275457  24.610977  21.629328  31.565557
  32.86428   21.990845  25.310297  27.482204  31.095556  28.062016
  22.813267  21.44981   29.358131  31.62341   28.245031  30.728188
  20.976536  19.01483   30.90005   25.695433  34.165623  33.038284
  31.099422  34.56342   24.87276   25.275517  33.39959   26.469786
  27.949694  25.633612  19.977983  26.006496  33.39491   22.138372
  24.645046  28.668346  32.48115   19.674965  17.876822  23.794634
  31.65336   25.975346  26.781883  22.377897  24.40989   31.079119
  37.297913  20.695986  22.287434  28.562473  25.887188  23.883059
  20.22219   22.99436   19.298935  35.211296  32.525238  39.53354
  31.237484  26.026333  24.95967   23.661846  26.957224  32.07552
  25.028128  27.50635   33.357346  39.551846  30.515455  37.18173
  29.028606  21.880919  40.514725  33.721046  26.49214   23.367695
  22.990402  38.6385    27.729416  29.40714   32.41646   31.353304
  25.755404  21.728668  26.181482  27.380413  27.986214  31.581816
  25.126524  25.896883  27.641441  27.81633   28.134941  33.655663
  32.13163   26.729422  28.781618  30.505442  27.71919   30.583334
  25.512217  26.177914  23.378693  34.35034   27.424631  25.86228
  27.952038  21.338953  19.283112  32.01348   28.439991  22.005726
  28.740822  30.42248   34.663548  26.67468   25.293613  29.800486
  27.20189   37.64729   19.664156  29.784224  33.108536  27.80411
  22.785973  23.12727   35.273113  27.815863  28.574213  24.051178
  25.071823  24.972265  26.639143  24.67686   23.760054  27.51978
  26.521265  22.99437   23.672136  25.47663   34.14474   28.39795
  31.782581  42.483192  26.124655  23.399426  29.255476  20.77468
  26.55053   31.730305  23.844707  25.686872  32.921352  31.030483
  30.027836  23.478794  25.027021  31.717182  30.326618  31.317331
  35.158943  31.00227   27.591095  39.769558  31.579119  28.599857
  30.413574  37.167393  22.626125  22.002079 205.11719   32.732475
  27.255184  42.026016  29.966702  24.811516  24.156507  18.594543
  19.930166  37.337776  23.010204  30.958065  43.54896   29.610203
  28.838615  34.7264    28.578491  31.665249  24.918264  28.684717
  54.848145  33.577145  26.43452   32.277706  23.536764  33.08393
  26.760498  26.476784  18.538916  33.362576  25.255442  26.838125
  30.045189  19.379335  22.155441  22.7125    27.609129  26.142628
  23.62972   27.504356  38.30782   28.829443  25.907303  28.384497
  25.448864  29.6075    31.908396  22.374937  31.400305  27.307583
  23.86541   28.060892  41.651443  33.19783   21.846424  31.5963
  40.352573  21.281612  26.35508   34.388245  29.407444  33.413334
  23.687618  33.747192  31.24708   24.050493  36.160122  29.600208
  28.678892  29.198883  21.7458    26.373358  29.754976  21.424686
  37.24565   23.19515   21.733519  24.369926  32.239285  20.540464
  23.68186   23.51098   28.17085   21.822687  28.726515  28.573547
  23.179922  20.8159    31.519268  24.577805  27.771072  17.677523
  36.329792  25.8751    22.256247  33.029057  24.71615   22.202972
  25.118534  25.438902  27.179136  24.058416  31.822277  35.28369
  26.869555  29.631567  27.385878  23.393822  32.601105  30.621881
  25.854422  25.448267  54.12577   24.520912  28.396746  31.986591
  27.321985  32.07825   26.555798  29.861647  34.671627  27.660208
  23.25237   29.27163   19.52037   39.741226  26.174128  27.477213
  30.760612  26.337954  21.112     23.492249  30.672121  28.988913
  18.52999   23.854725  25.047157  25.20682   25.420914  28.268656
  25.680334  22.24672   19.145407  21.305944  30.864763  28.563576
  26.254753  34.721043  31.519812  24.096165  29.608086  29.27118
  21.957794  28.902721  26.046526  26.215204  23.178007  26.394522
  20.731201  26.186172  20.687647  38.49531   29.408567  23.850887]",0.1276595744680851,0.22276667058467864
2,29,1363,"[[-17.418438   -10.426854    -2.5602632  ...   2.0658634   -1.8643624
   -4.5144963 ]
 [ -6.0766244   -8.863642    -7.0751433  ...  -0.46087143  -9.162381
  -16.63084   ]
 [ -1.9896039    5.4297576  -10.826621   ...   3.9413726   -7.142004
    3.6418834 ]
 ...
 [-16.335184     5.9888744   -4.489147   ...   1.8880315   -5.3809614
   11.663254  ]
 [ -7.457034    -1.3569793    3.0248969  ...  10.457325     2.2004247
   13.091215  ]
 [-17.478523    -1.8464602   -4.174678   ...   4.5235553   13.58924
   -6.627526  ]]","[ 26.606758  28.920765  26.220655  25.00304   24.13649   27.596788
  27.935532  35.287888  32.11447   29.561106  19.40854   26.300829
  23.4952    25.781544  26.842033  28.641312  27.009048  22.549145
  20.184996  18.802565  19.620958  21.38986   29.829943  21.684982
  26.562634  26.771368  24.637947  28.228127  21.705158  27.282402
  24.47614   24.989807  26.470572  22.20936   26.49684   22.50253
  24.015242  22.498812  28.36396   23.160095  28.602709  27.474865
  17.997475  22.17161   24.274088  25.896774  36.521065  22.393955
  33.769184  28.072721  24.587206  24.49946   26.92177   31.83272
  25.019413  26.37902   22.555174  38.24266   21.83192   24.095324
  31.560957  18.948038  27.084007  27.484118  21.146116  23.974016
  27.740246  21.957672  24.383299  29.965681  20.503328  26.655878
  20.652016  21.933393  25.832542  21.39292   20.750256  23.070843
  26.755674  32.42213   21.338118  28.625946  24.666403  26.503168
  28.917461  19.687336  24.459084  22.770027  22.418089  23.070438
  18.479557  24.947968  22.970255  30.567451  28.039248  33.302837
  26.080265  22.221666  27.76764   26.783318  28.285015  24.355396
  33.19309   22.483051  23.26699   26.436468  34.856865  33.378723
  22.967064  22.629362  24.215988  23.926052  28.669044  28.258478
  30.48079   21.140924  38.087723  27.778448  20.569838  41.61356
  20.141657  31.721914  21.033117  24.398159  30.39243   22.25353
  16.890732  33.427166  24.099323  21.415426  27.67342   28.63909
  27.313637  25.597292  27.988554  26.550634  22.360271  27.615067
  33.919365  25.548574  21.961708  22.432117  22.002644  29.82053
  21.687473  24.369251  18.141615  23.066093  27.899813  22.959585
  23.0697    19.478718  31.857855  25.5205    19.485497  21.939095
  25.55128   25.541393  25.508587  40.305775  25.659336  26.529245
  33.826042  27.783642  21.839554  27.998701  23.80139   29.648947
  27.046673  19.81094   26.821033  19.33097   24.040012  33.726242
  28.17307   28.435387  24.325005  21.32856   29.475084  29.157196
  21.417892  19.646255  21.468052  25.351501  23.961805  24.773176
  25.323845  45.31612   30.706566  19.847479  25.42318   30.18082
  23.128183  29.609169  20.517958  20.139229  26.895353  25.43566
  19.85621   26.423151  26.150715  28.552378  28.439373  28.77606
  16.52577   24.650217  22.984755  25.640717  25.924656  27.61061
  18.709982  27.22638   28.751291  19.923004  25.869535  22.763563
  21.453596  23.45983   23.98763   26.95084   23.671257  23.902962
  33.795868  22.03087   31.361324  28.567095  26.192535  34.457283
  29.340094  26.101803  30.923445  26.216854  34.96389   25.989895
  23.237331  21.309586  24.99703   22.52688   23.657402  24.499474
  27.118774  21.406391  23.250633  26.735659  27.34919   29.777264
  27.721615  24.435507  26.890936  24.118977  20.386942  21.646837
  29.741001  27.971613  26.477617  37.72788   21.502247  25.27884
  22.167591  28.360502  26.913744  22.0262    29.917585  30.256485
  24.069258  19.271343  28.597378  20.263477  19.804852  22.74238
  29.922262  34.645515  21.727993  34.194496  20.214539  24.106325
  24.929499  22.282629  23.852697  25.168562  36.86845   29.99828
  21.18414   24.569405  41.62852   22.9237    22.178522  21.410242
  21.42653   23.929777  30.039091  28.238148  24.086119  21.311749
  23.689074  29.372751  25.619371  22.618105  19.63634   23.238092
  22.748177  23.365955  26.555285  21.979692  21.790236  31.688519
  21.298813  22.900457  24.50119   21.85544   32.998775  21.88391
  29.94145   29.710331  36.845596  25.212217  25.630526  28.157745
  31.950186  23.797121  22.047947  31.433496  23.958391  26.443943
  23.011919  18.958048  27.298218  27.364119  26.475422  33.54054
  30.63952   29.09334   23.337353  30.728783  26.649036  27.446795
  54.62305   21.97302   27.713396  24.013195  21.851372  34.051464
  21.926674  26.123627  43.467583  25.769663  22.495792  28.373081
  24.301056  23.880043  26.254505  24.061222  23.840328  23.817924
  31.401405  30.670744  25.240864  22.419277  28.013193  29.598845
  22.477173  41.615326  26.391514  19.277592  26.55577   22.060158
  20.077387  38.65211   23.619112  21.562172  34.533413  27.776115
  32.838654  25.881594  19.127806  23.287786  20.940052  27.879133
  31.551592  29.227959  22.017767  19.500463  25.675568  21.056812
  23.020369  26.521996  34.32768   29.269644  25.880753  29.618643
  36.03426   22.868633  24.322918  29.30722   22.97556   23.326937
  19.70289   35.203365  19.280659  21.921719  24.819204  25.191372
  26.71205   29.101324  20.93923   35.286263  25.57861   32.09533
  26.722996  17.672049  28.909254  24.954391  22.626905  30.35958
  33.534687  26.576923  33.633736  33.25915   20.764925  23.238276
  18.82855   25.138155  27.008419  31.228912  27.997332  23.049536
  21.175224  27.598732  22.736786  30.072113  22.677698  27.331219
  24.395372  17.547472  18.701195  24.493214  20.570951  28.552364
  30.82768   22.983673  23.592598  25.465832  30.302832  26.810991
  22.108454  20.372437  27.71769   28.138449  26.110826  29.013954
  19.847385  18.678265  31.29861   26.190039  31.577045  31.949581
  28.071321  35.001995  23.00698   23.849604  31.060755  25.152897
  26.253775  24.035181  17.982656  22.898827  33.076866  22.410952
  22.51408   26.863178  30.35171   18.492987  17.090635  21.279053
  29.019173  23.656668  26.633966  22.50545   22.80245   32.037495
  38.28419   20.2294    20.530443  25.372625  22.7997    21.310774
  17.769432  21.35264   17.311691  30.24317   30.147196  36.3961
  30.114473  24.591513  22.342388  22.179468  25.39153   29.515114
  23.697773  25.70925   31.197939  38.519684  25.984377  30.899563
  24.627188  17.163729  36.791386  31.673681  23.528708  22.423931
  22.13172   33.411434  27.644617  28.576723  27.640013  31.149529
  23.081028  20.600367  25.621426  25.74657   24.250336  25.979208
  22.691687  25.772768  24.889616  24.983627  26.779877  32.85961
  27.630777  25.789461  28.435295  28.96303   25.723696  27.91471
  24.481627  22.803583  21.324898  32.600067  25.095787  24.174007
  28.132751  19.146864  18.882677  28.983213  27.089962  21.788332
  26.482176  26.316324  31.970127  25.107656  22.467875  28.407297
  24.504772  33.726257  17.854465  26.34566   30.814518  26.654425
  21.951677  22.841585  31.201344  24.533987  26.471846  21.523424
  23.591307  22.61975   23.0805    25.46865   22.209963  25.236523
  23.729757  21.89937   21.840025  23.970036  31.672453  24.374422
  28.659882  38.686394  23.799776  22.267569  26.080128  20.358982
  23.30976   29.23844   22.382616  24.402739  32.601185  28.192965
  27.054583  21.93916   23.822073  30.317345  30.40549   29.685696
  33.43957   27.814173  25.873596  41.32415   27.840698  25.181986
  27.828312  35.053875  21.76236   21.568186 199.80371   33.412445
  24.45977   36.397594  27.986773  23.651613  20.329557  18.300169
  19.338789  33.896175  23.843937  33.32513   40.407543  26.864937
  26.537271  31.609436  25.847208  31.393332  22.940342  28.943876
  46.093834  29.454346  24.451517  30.77536   25.555365  31.003294
  24.350792  23.545269  17.212828  29.107084  23.467054  26.481806
  27.4976    17.523716  21.970938  19.31286   25.831196  23.498453
  20.71769   25.580357  34.680233  25.731787  25.333977  25.457788
  24.269827  28.55636   23.585169  20.394854  28.3891    25.249537
  24.717566  24.667315  42.141422  31.786829  20.575645  29.476997
  33.799614  20.897469  24.07574   31.804659  27.368628  29.053217
  23.683456  32.17935   30.414907  22.15912   33.039     31.528908
  27.858814  27.431614  21.467718  25.861794  30.032188  18.940126
  32.84467   21.187092  21.485107  24.477459  29.18187   21.140316
  22.555588  24.555426  26.907143  21.362993  26.460888  26.197428
  21.93079   18.142986  29.495886  22.46275   25.319221  16.66398
  33.714203  26.79036   20.912249  28.11789   24.073975  21.049252
  23.435507  22.419695  26.59783   23.077423  30.782461  30.612679
  25.280485  29.818373  24.650496  21.901173  30.331532  27.506624
  25.23479   25.75543   47.91215   22.245508  27.441708  32.265694
  26.128769  31.116108  27.459503  28.374165  33.651566  25.599054
  21.416267  30.422579  18.95643   35.75725   23.350964  26.289595
  30.675547  22.68355   21.246004  21.790697  28.342924  27.45676
  17.739307  23.053558  23.420252  23.553766  23.953138  26.240677
  24.412056  21.507004  17.300545  21.458807  28.045847  23.960892
  23.994747  34.415062  27.186083  20.744717  26.551014  26.931301
  22.706448  28.35872   26.084446  24.519434  20.35019   25.320772
  21.567795  24.6661    19.560982  31.960073  28.151283  21.462252]",0.21648936170212765,0.280144298573335
3,29,1363,"[[-5.847235   -3.2578042  -0.21988797 ...  1.4989743  -7.1120777
   5.0071516 ]
 [-3.3025734   0.30774403 -4.338874   ... -3.449145    3.4711668
   2.8528268 ]
 [-1.3113148  -5.216532   -2.7526052  ... -6.2121663   0.08477781
  -3.2954044 ]
 ...
 [ 0.97798806  6.574069   -2.2817874  ...  2.1621094   4.277669
   1.1418551 ]
 [ 0.354334   -1.5225781  -0.2005771  ...  1.5540806  -0.36065477
   1.7724165 ]
 [-5.6359324  -2.7622821   1.9728366  ... -6.6208076   6.0602775
   1.4606073 ]]","[ 24.881638  26.523193  23.591984  22.621351  21.127693  24.79549
  24.135218  31.677372  25.678955  24.347948  20.304602  23.152227
  20.79294   25.175777  23.506413  24.037743  22.038528  21.570848
  22.093409  18.139017  17.532112  18.499435  28.847204  20.184557
  23.219496  25.392672  24.73288   24.7317    19.731956  26.674458
  22.102654  24.703041  26.604004  19.764751  25.203016  20.164976
  19.713013  20.632965  26.142544  22.42945   27.583126  27.519016
  18.11199   20.902586  22.842005  22.815022  32.141792  22.176197
  31.71391   24.914095  21.374458  22.615133  24.204653  28.025558
  22.557268  25.395388  21.28877   37.53959   17.583841  23.495853
  28.853058  17.556606  25.346693  26.257467  18.866882  20.944366
  26.511103  21.873785  22.922922  26.725407  20.125593  23.626371
  18.550203  21.467813  24.062891  20.90831   20.237593  21.136936
  24.099104  29.420166  19.295664  24.495136  20.906746  24.464838
  24.876793  18.078093  22.450308  19.507534  20.980183  20.740696
  17.56494   24.252008  22.653528  30.166477  26.456667  28.057356
  23.442062  20.774166  26.407366  26.710438  25.942404  21.532541
  30.87502   21.51002   23.192995  24.631393  31.076178  26.075352
  20.761034  18.2048    20.915974  21.698172  26.702068  24.61406
  25.061825  20.306948  33.821022  22.035421  19.094608  37.280952
  17.701618  29.09385   18.29157   22.551544  28.705555  21.567453
  16.828793  28.464865  19.851358  20.31395   25.409605  27.033463
  22.62744   23.589607  25.807182  22.806236  19.667564  23.832914
  30.919695  22.794237  21.675852  20.040571  19.443966  28.023867
  20.666506  22.987017  16.954378  21.960497  23.919512  21.23171
  23.141514  17.096392  28.126286  23.006418  16.910984  18.998037
  22.299768  23.49059   24.116016  34.494205  21.700605  24.069557
  30.286404  25.22123   20.220394  24.206059  22.896181  25.389303
  24.536709  16.015629  24.392988  17.578598  20.704605  29.915956
  26.995726  23.958666  22.753729  21.606304  27.70093   27.294651
  21.322685  19.967735  18.02469   23.571438  20.792175  18.843317
  22.506147  36.757595  26.431843  19.994661  26.100307  25.87189
  21.170858  26.903864  18.7927    17.58875   27.852985  23.833126
  18.537476  27.178085  22.717299  26.26826   28.303345  25.23403
  16.68225   24.885733  20.281872  21.57206   22.672394  21.38343
  18.127823  25.426495  25.781952  18.801859  23.777393  21.242405
  19.578882  20.773829  20.930292  23.46868   21.221212  22.056162
  27.057985  20.859856  24.570904  24.43338   25.85826   32.616417
  28.061987  21.794155  28.418667  24.584845  26.883938  25.40349
  22.915787  21.067953  24.420525  19.345463  22.170504  23.458136
  23.33924   18.859951  21.755432  20.767561  23.8225    27.073767
  26.178799  20.653526  25.488865  20.851889  20.536337  22.897118
  26.015663  23.435942  23.481691  32.218082  18.306984  21.602762
  18.454166  28.4258    25.94849   18.997168  23.61484   25.582972
  20.50392   17.950993  27.391874  18.550573  20.074207  20.442434
  27.590513  30.926823  17.512527  29.586266  19.066956  23.955883
  23.516287  17.22541   24.283417  23.21823   30.796623  28.903143
  20.60409   23.505306  36.436584  21.08057   20.471981  21.49113
  19.16214   23.214804  25.400978  25.534613  22.675877  21.04635
  22.317095  25.737717  25.697176  20.40412   18.106882  21.71411
  19.796156  21.581188  24.076365  20.338413  20.351254  29.009153
  21.028524  20.282106  22.092535  19.999004  28.206867  20.85411
  24.78131   22.178352  32.972385  21.806717  21.569975  25.798763
  26.159813  22.506128  21.303677  29.257381  21.791483  21.781174
  20.116047  18.448118  24.352957  25.307001  25.239635  28.56337
  29.823036  23.495735  22.141973  29.94573   25.585215  26.633467
  48.70842   19.356329  24.743715  21.661467  21.581537  27.595623
  19.69664   22.957787  37.28012   23.404732  21.31457   25.559198
  20.978836  21.751265  24.708838  21.434904  20.070246  20.908863
  28.83599   27.658695  22.246342  20.322878  27.15404   26.207169
  21.15628   39.699394  22.169739  18.01106   25.705536  21.36518
  17.859512  35.04325   21.598246  19.32953   27.804592  22.402763
  27.449518  23.423319  17.169014  22.575497  19.436451  22.36572
  28.038588  28.840355  20.96584   16.668102  23.946123  19.496338
  21.673632  21.584219  31.328669  25.67096   23.878805  25.908016
  29.547586  21.166853  24.432243  25.873346  22.674137  20.421698
  19.727955  32.39118   17.163774  19.493801  22.878082  24.048296
  27.220125  25.078482  18.36415   31.763166  23.206507  26.906237
  25.467813  17.939058  25.743803  23.41764   20.892954  23.726137
  31.730146  24.602972  29.620794  25.548748  15.727421  24.38184
  17.374456  23.201756  21.892735  29.584045  26.637608  22.07624
  19.665073  23.459593  18.307995  27.35148   22.808     26.367802
  22.933735  15.17546   18.13711   22.349657  18.167803  24.808102
  29.46792   22.39254   21.5141    25.745657  27.002077  24.889874
  19.046646  18.378117  27.277805  26.387575  24.001865  27.680971
  17.828058  16.379784  30.307707  25.06041   27.89336   30.342098
  26.598658  31.12455   23.38349   20.984293  26.236181  20.202944
  24.32075   23.95414   16.58957   21.950306  31.015112  19.349613
  17.375744  24.510347  26.333818  15.909966  16.430721  19.612787
  24.975986  21.235252  23.889421  20.817598  20.859434  27.263145
  32.44241   19.392387  18.686563  21.919825  19.583546  20.858543
  16.982431  19.07032   16.341682  26.569141  26.892742  32.418087
  27.955061  20.161797  22.170284  20.318747  22.92202   26.761358
  19.788294  22.36751   27.286762  31.566406  23.979092  29.152544
  22.265268  14.309673  35.585342  28.293861  20.150412  20.372463
  19.342417  29.59737   23.592861  24.339478  26.187311  25.898617
  20.219957  16.074123  23.024328  24.532312  22.25767   23.5506
  21.349773  22.364536  23.048998  25.449236  23.642244  28.55331
  26.818172  23.005981  25.75421   25.0006    27.372873  26.927233
  24.00711   21.05581   20.562832  26.799158  24.976805  21.188211
  24.429737  18.094372  17.580648  26.441582  23.658417  19.379425
  23.525967  26.102495  29.184202  22.377151  19.430674  25.678555
  22.449553  27.98324   18.135632  22.448149  27.439468  25.41797
  20.752846  20.664318  29.026112  21.84959   25.876654  21.880465
  24.024143  21.843655  21.819412  24.05149   21.480278  22.266436
  21.171047  19.605034  19.355892  20.833834  28.4321    21.340916
  26.809933  29.906681  21.514473  19.860476  22.981424  18.741325
  21.595043  26.981934  21.895477  20.579737  29.12874   23.170057
  23.947578  19.862047  21.429506  29.088228  27.494658  27.78824
  28.222395  25.818613  22.459702  35.69874   28.38836   23.171146
  25.470572  29.727894  21.564425  19.073833 188.81233   28.62285
  24.008183  30.816864  24.517029  20.033648  18.457056  16.394691
  17.645998  28.531483  20.500805  27.456944  37.234367  26.593407
  21.530111  26.692354  22.276781  27.50066   19.74882   22.825489
  38.563053  24.345472  21.581535  29.92826   23.88698   26.850395
  22.44979   20.983149  15.678049  24.613604  20.500729  26.36674
  22.061495  15.915864  21.837002  17.071495  23.22708   24.726538
  18.175371  24.274975  30.415571  23.647146  23.961582  21.555052
  21.629826  25.811613  21.91028   17.113197  24.904657  25.140835
  23.174866  21.492767  38.865044  27.994572  20.558706  26.409945
  30.780798  17.03294   22.427229  32.281635  25.38259   28.27256
  20.808264  27.274012  27.015862  19.63987   29.178873  25.97427
  27.19936   25.454336  20.491957  24.4154    25.066309  17.304558
  29.000355  21.107815  20.19066   23.662897  23.669312  20.617685
  23.544716  20.110716  24.626087  19.827686  25.91865   24.561644
  22.734865  16.109934  27.891382  21.951889  23.066364  17.472397
  28.699892  20.323236  18.095875  26.224466  21.508871  18.796831
  21.696598  20.010635  23.844814  21.858458  27.760094  26.215248
  21.801455  25.629469  22.590496  19.054464  27.439413  26.742441
  22.844275  21.187908  37.525387  20.912033  26.041677  31.008944
  24.107426  29.327005  26.612371  24.341085  30.291632  21.221483
  21.23191   24.982315  18.44638   32.541294  22.84344   23.338911
  30.641342  22.321693  19.633091  19.559927  24.202711  24.698696
  16.380468  22.436628  18.767334  24.020548  19.84898   24.159124
  22.137459  20.670404  17.53843   19.695528  27.435595  22.318724
  22.443373  28.642267  22.49961   20.056662  24.007341  23.422031
  19.902504  25.700039  23.43272   20.93396   18.351784  23.960583
  18.744526  24.379555  18.79222   32.30292   25.630442  20.84515 ]",0.32180851063829785,0.34390398661295574
4,29,1363,"[[-1.3813514  -0.42764407 -2.5715003  ... -1.7740058   0.02847861
   0.07094359]
 [ 1.0891206  -0.26021698 -0.8922939  ... -0.59500575 -3.1319788
  -0.48043805]
 [ 2.6729698  -2.2639537  -0.8999865  ... -0.30264863 -0.8338372
  -0.8076421 ]
 ...
 [-2.5114453   2.6380677   1.0600978  ...  2.097851    2.5893743
   3.4891617 ]
 [ 3.002935   -0.2235189  -1.7451894  ... -3.6591206   0.29546526
  -1.149334  ]
 [ 1.3028657  -2.6581113   3.3082635  ... -4.0755687   1.656421
   0.64117527]]","[ 24.1578     25.454306   20.384752   19.884007   19.300764   19.873787
  21.807034   28.888977   25.12093    22.215315   18.58908    20.575766
  19.152544   21.495775   20.710209   22.238693   20.946215   19.309786
  19.213545   15.240972   15.275314   18.734863   23.947372   19.061136
  19.141699   22.267975   23.541615   22.991867   19.046276   22.489292
  20.942822   21.30184    24.014034   17.186369   20.552475   16.518976
  18.566778   18.692488   22.664541   20.95248    21.61606    26.181772
  18.363365   17.715744   22.252577   21.89832    28.348907   18.10957
  25.591457   23.524818   19.711206   22.29811    21.426449   24.140661
  19.479113   21.630686   18.709314   26.87355    17.004637   22.839716
  27.11438    15.204018   25.098541   23.377388   18.243443   18.1525
  23.47869    19.341072   20.44896    25.176449   19.17724    20.906061
  16.086525   17.67443    21.386707   19.369745   18.44326    18.768744
  23.071724   23.074926   18.053755   20.381222   18.963594   21.406063
  23.214205   16.451391   21.12025    16.956251   21.121832   18.636478
  15.914905   22.178896   17.945229   24.211971   20.91178    26.672127
  20.78455    18.390564   21.258238   21.558605   20.621693   20.398666
  27.344778   20.721262   21.08217    22.873463   25.533894   23.647999
  17.8919     17.010872   18.155022   18.90816    23.916391   22.205545
  21.787777   17.983139   25.308903   17.355995   16.884697   30.817892
  16.376177   25.904839   15.131706   20.445393   23.385168   18.456612
  14.357899   25.360062   18.590601   16.977474   24.608427   21.894848
  20.370708   21.232649   23.346893   19.315752   19.78953    20.629213
  28.875025   19.14699    19.951553   19.11351    17.529646   24.682766
  18.431616   22.57599    16.269451   19.390245   22.89455    18.977068
  21.301075   14.987955   23.135841   19.571224   15.518608   17.796883
  19.585865   22.246168   21.159286   30.704647   22.888912   22.157484
  28.011923   24.118534   18.899704   22.608484   19.470516   22.750248
  22.298822   16.242104   20.84967    16.363909   19.478043   24.57047
  23.12636    22.100199   20.859076   17.878536   24.766556   24.187696
  19.36139    20.068827   16.895647   20.0642     19.06338    16.921152
  20.181541   29.714533   21.926012   16.545132   20.815977   22.058338
  19.497366   24.590982   16.130745   16.20418    27.826809   20.945225
  16.983803   29.69625    20.472614   24.234795   23.56593    21.179392
  16.165056   21.978415   17.87152    18.628088   20.584177   18.552197
  15.352155   23.762447   22.333014   15.452692   20.553667   18.648628
  17.681753   18.541723   20.087572   22.240873   19.752207   18.36259
  23.756445   20.0819     21.243708   21.843643   24.285482   29.49785
  26.008066   19.710676   27.9074     21.159369   23.427109   24.902311
  19.720491   18.003893   22.856884   18.551088   20.860838   20.888678
  20.18132    18.846285   20.352982   19.88867    20.941416   22.477358
  23.156265   17.790998   22.753395   21.91184    18.470003   20.717186
  22.126762   20.651125   20.3085     28.786167   17.16195    18.252493
  16.986568   25.048124   23.652132   17.663446   20.67835    24.715908
  19.102446   16.507917   24.183813   14.128606   19.601948   18.892776
  23.92371    24.450954   17.083593   23.094383   16.333094   23.506971
  19.579708   17.40548    21.965412   20.302647   23.23048    26.172363
  17.27601    20.542513   32.35804    19.383997   19.792868   18.77702
  16.80521    18.590855   22.28513    22.749683   22.420362   18.155598
  19.668478   22.50861    22.162302   19.187067   18.118454   18.165884
  16.6691     20.611063   21.951872   18.505634   16.271696   26.197266
  19.345242   18.966484   20.670609   18.520472   24.982824   17.823881
  25.196436   20.954231   25.854206   21.837791   20.504406   26.303915
  22.338633   19.943243   18.291668   23.937017   20.819336   19.793009
  18.11609    15.295523   21.357172   21.928474   23.334312   24.44952
  23.910423   22.137264   19.0477     27.026493   22.175663   21.322304
  39.43461    19.108805   22.169325   19.898872   17.903027   24.585793
  17.982288   20.315214   27.060034   21.461378   21.129524   21.121809
  19.635931   20.918137   20.403812   20.121836   18.213207   18.704794
  25.53934    23.946072   21.25733    17.336727   24.13428    23.359077
  20.029554   32.5762     21.15241    15.870356   24.158344   19.731518
  18.510557   28.809528   18.60055    18.707819   27.323006   21.671719
  23.619965   18.963905   15.150202   19.14762    17.749382   22.061522
  25.83749    24.051535   18.773167   15.479751   20.105392   19.41951
  20.068594   20.731323   25.594923   23.856323   22.094925   25.198286
  24.920216   17.977451   20.347776   23.133547   18.915625   17.989742
  16.476961   24.370796   15.678339   17.737343   18.761917   22.194042
  23.191103   20.771872   17.277313   26.999414   20.748129   24.380304
  20.857683   17.573824   21.390902   21.341097   18.451794   23.59018
  27.53065    21.43107    24.034618   20.372458   14.337948   20.099455
  15.756379   20.147934   19.629677   24.728018   22.943953   21.809935
  16.887287   21.31176    17.350555   23.469501   21.07872    21.040865
  20.108658   14.20462    17.363506   21.433958   17.424585   19.743168
  27.299425   19.539299   20.452398   22.419352   23.65837    22.218285
  18.699804   17.72374    22.45877    22.754877   19.254799   21.324705
  18.332787   16.088957   27.603943   20.610975   22.621437   26.730427
  21.029053   30.411951   20.168837   20.59642    25.13463    21.90584
  21.378447   19.600626   15.872876   20.180021   26.550987   18.026293
  16.866173   21.886492   23.876886   13.75075    15.692316   17.490004
  22.900162   19.059568   21.479015   16.821115   18.180088   23.325827
  27.239561   17.691933   18.167316   20.12784    17.385086   19.312145
  16.085482   16.83641    14.558729   21.022062   24.719475   28.169981
  24.855022   17.61749    18.64328    19.411528   20.05456    22.933176
  17.533726   19.498838   25.194721   27.59385    21.703526   25.19817
  19.685217   13.451156   28.820341   21.294174   20.378635   18.401588
  17.425291   27.07238    20.568207   23.169256   22.786572   22.1501
  19.309175   15.40563    20.755854   22.562      20.44203    21.158346
  20.33803    19.287174   21.87507    21.195877   21.120537   26.472351
  25.031685   20.81142    21.963211   21.065178   23.398232   21.662184
  20.90735    19.67148    18.528984   24.661701   21.25873    17.817879
  21.053404   16.451305   15.894381   23.938725   22.273676   18.40895
  22.095558   21.14104    24.963072   19.955742   17.893175   22.578009
  19.53       24.065943   16.873766   20.818094   25.150808   20.761366
  19.129898   17.66474    24.589813   21.237747   21.893602   19.973392
  18.644854   19.912539   17.655354   20.662306   18.822489   20.349426
  20.583881   18.902418   16.93689    18.320194   25.116077   19.964598
  22.491392   24.019747   17.483477   18.932636   21.20147    15.515893
  20.934221   22.909668   18.063019   18.972794   25.512976   22.87596
  21.298954   17.291906   21.067904   21.873701   22.827587   22.424004
  22.297613   21.934778   21.471752   30.300835   26.221786   20.878242
  22.417768   27.109558   19.14687    19.897587  172.76442    24.910143
  21.384905   25.542023   22.410107   18.440697   15.968236   16.051786
  17.342472   24.083397   18.83029    24.491291   30.28509    22.012972
  18.156471   23.042604   21.19391    26.376808   17.360664   18.496037
  28.33472    22.240953   18.457787   27.670479   19.557955   23.680832
  20.884884   18.544579   14.375811   22.844841   18.541271   22.692411
  19.981285   15.279457   18.992283   15.646234   21.834288   20.673655
  14.861561   20.956474   26.603685   19.262705   25.159544   17.846498
  19.704247   21.165194   17.961586   14.298272   20.789768   23.025812
  22.155323   20.143768   32.06985    26.164692   18.096876   23.06331
  24.420788   15.5991955  19.55425    26.52625    22.607176   22.57511
  21.55706    23.67628    22.89522    18.905909   25.156569   24.240423
  23.465986   22.609972   17.589333   19.457159   22.290457   16.413807
  25.445974   18.318024   17.999086   19.440453   19.385382   16.561321
  20.505587   18.228483   22.091728   18.463287   22.401997   23.137087
  21.39715    16.189936   25.006275   22.452969   19.671244   16.089779
  26.530148   22.476145   16.607563   23.459652   19.169323   18.199955
  18.854969   19.132006   19.915903   19.324816   24.515562   24.588928
  20.893402   23.38578    18.877954   15.3918495  24.208624   20.47756
  21.389326   20.507057   33.25377    18.27586    22.287004   27.421247
  18.53681    24.24661    24.509834   23.274227   28.578693   19.45556
  19.116064   22.704708   16.386423   27.176453   18.465261   20.1257
  23.953798   18.786478   17.656706   18.814999   22.579332   20.0956
  15.62691    18.08042    19.469364   20.317854   19.89336    22.867777
  19.84159    19.656395   15.211171   17.250235   26.164013   19.520033
  19.450247   25.013699   20.96831    17.557726   20.427605   20.411594
  18.064926   22.14048    19.873932   18.037004   16.993399   22.21943
  16.914822   20.987806   17.905565   29.71971    21.387272   17.639517 ]",0.4101063829787234,0.4034035921096802
5,29,1363,"[[-1.3908489  -0.4796196  -1.7346325  ... -0.6399855  -0.3650433
   0.16545333]
 [-1.5675185  -0.92566216 -0.57665753 ... -1.0507435   0.16312882
  -0.39681855]
 [-0.45922175  1.0817945   0.9308758  ... -1.3252897   2.5598233
  -1.6939303 ]
 ...
 [ 1.0196993  -0.02753071  2.4128852  ... -1.9360464   0.4688847
   0.54387707]
 [ 1.0927789   0.6553144   1.7141109  ... -0.9768188   0.08162597
   1.7451355 ]
 [ 1.7440583   1.5246944   0.18826067 ...  0.84214294  0.3208039
  -0.38142425]]","[ 22.64731    22.294485   18.467588   18.881632   17.025496   17.722301
  21.709583   27.12109    19.792887   20.747913   16.661406   19.390953
  18.607338   18.658623   19.751041   21.27538    17.883612   20.025814
  17.272278   14.741736   14.99982    17.503119   22.320951   16.776712
  18.30403    19.320457   21.412237   20.267881   15.95273    21.455938
  18.027802   20.42412    21.559961   15.920785   19.209766   15.863411
  17.450377   19.459723   21.83156    18.467022   22.816744   22.802921
  16.833448   17.064121   20.802343   19.914745   24.295586   16.857582
  26.308744   20.781122   17.252169   19.270065   20.938255   22.024712
  18.56157    21.19516    17.974264   25.683702   16.903656   19.39601
  22.244093   14.383461   23.807852   22.237474   16.352419   18.629831
  21.167095   20.12088    17.427856   22.925997   16.829554   20.210403
  15.401714   14.677572   19.109144   17.859612   17.772182   17.674452
  21.122753   22.408972   17.014275   18.754719   17.077133   18.853298
  23.521542   14.486788   20.693905   14.937102   18.93278    15.080451
  15.905912   19.225212   16.645658   22.631628   17.20021    25.27523
  19.960737   18.306484   19.989853   19.186146   17.861002   20.70502
  24.33339    16.508066   18.471497   22.711916   24.312536   22.239954
  17.53371    15.467261   17.180168   20.537867   21.384619   17.760408
  20.741444   15.905186   24.143251   14.902169   15.820359   26.206396
  15.17862    24.834229   15.717934   20.397593   22.134901   17.211958
  13.2132435  22.412275   17.763893   17.894053   21.17666    21.802792
  19.281645   17.497187   21.786243   16.50024    17.088373   19.696741
  25.19847    18.245432   16.696527   15.222953   15.806214   23.549128
  17.592836   19.723186   14.814516   18.264965   21.037432   18.992641
  19.57205    16.12131    22.28555    19.243608   12.935406   15.645581
  17.633856   19.060192   19.589918   28.568901   20.680668   19.512701
  25.579445   21.88258    17.146923   20.444418   18.101187   20.95629
  18.994783   15.0446205  18.5108     14.997372   17.622803   22.599535
  20.483948   20.91586    17.192648   17.183113   20.751068   22.635763
  16.119425   16.46179    16.812939   19.201431   18.47654    15.246277
  19.10894    25.814653   22.855486   16.17319    19.84206    20.225685
  17.40781    23.3714     14.548149   15.114666   24.589983   18.94275
  16.766787   24.665663   19.692114   21.425102   20.588297   19.824177
  14.4293585  21.737589   16.055433   18.445524   20.06423    18.712448
  16.35645    22.783184   19.275177   14.426615   19.308115   16.778166
  16.58607    17.865852   18.355778   17.900394   17.944153   16.765043
  22.773275   17.69189    22.534006   21.61294    22.699484   23.392172
  22.67375    18.762197   22.843792   17.73453    20.72996    21.387243
  17.50414    17.052427   18.221138   16.828024   20.009525   19.603024
  18.58068    17.390112   20.256746   19.486065   20.253092   20.28448
  20.978872   15.923951   20.414902   19.640331   17.16245    19.379665
  21.012344   18.919693   18.753319   23.340548   16.022131   18.378296
  16.239109   21.631794   20.035343   14.610056   18.94719    20.632479
  18.599447   15.771526   21.983627   13.954677   18.59401    17.766932
  21.73699    22.579155   16.733574   22.53823    16.454111   19.811806
  18.48191    15.50893    20.80832    20.142202   23.370138   21.32556
  15.681484   18.618795   28.808567   18.215086   18.54654    16.313519
  15.541522   18.609219   20.78766    19.747263   20.940165   17.28418
  18.509035   22.008673   19.346508   18.729328   16.710539   18.074467
  16.642227   18.94367    19.536993   16.561615   16.704878   21.860098
  17.110445   15.455326   21.305168   17.978256   24.363604   17.63289
  24.107727   20.031645   24.498875   18.959667   18.630573   21.83718
  21.80334    18.321842   18.978422   25.042257   17.563042   16.986814
  18.972263   15.195704   20.005447   19.636534   19.041422   23.17543
  23.505869   20.368946   18.50735    26.85331    19.22634    19.386715
  32.113796   16.64074    20.265411   18.08749    17.174639   23.26963
  16.699972   19.506685   25.660078   18.389643   18.610367   21.199465
  18.765148   19.243647   20.308224   21.159384   15.907245   16.874905
  22.680628   21.80781    19.258347   16.135368   22.092964   21.88456
  17.696016   32.77143    21.042585   16.138702   21.525108   18.024565
  14.882877   23.507956   17.817526   16.443693   24.502634   18.983273
  23.553175   17.698416   15.8506775  18.102676   18.166424   18.910368
  21.857634   23.922894   18.467142   14.824534   18.942371   17.149012
  21.003475   17.667849   22.899363   20.782618   20.72325    23.037691
  24.724669   16.52191    19.559687   22.50233    18.231668   16.680387
  15.690373   23.998917   15.166317   15.445684   19.594093   18.74733
  20.883015   20.385698   15.688114   22.081244   19.091574   22.212503
  18.686281   16.137552   20.343441   19.082405   17.89781    21.491016
  25.251852   20.34624    23.920536   20.31523    14.164313   19.131807
  14.50435    19.350094   18.011463   22.572937   20.48867    20.850433
  15.0342045  21.296637   17.977842   22.527187   19.216742   19.730947
  19.499817   13.422444   14.559921   19.446997   14.896835   18.936579
  24.028938   17.041243   20.02081    21.77744    21.601622   20.344782
  15.002896   16.563887   20.998417   20.874353   18.629679   22.654036
  16.384678   16.017822   25.714602   19.761776   21.646063   24.017172
  20.658865   26.82997    18.32047    18.634535   23.723673   20.747238
  19.68259    19.654646   14.120738   18.1876     25.569159   15.738182
  15.166841   19.521484   23.065874   13.196611   15.986692   16.299717
  22.228281   16.051262   19.238976   16.430586   16.636847   22.506435
  22.79341    16.042248   15.60694    19.026005   14.776856   19.205265
  16.825579   15.864096   12.727892   21.366512   24.301435   27.353474
  21.210384   16.718077   17.311825   18.178648   17.849342   22.056889
  18.258541   18.016127   20.39343    25.669207   21.790537   24.705816
  17.46771    12.847234   25.097015   18.773842   17.365202   16.114372
  17.067728   27.00438    20.04639    20.926882   21.28425    19.516544
  17.292301   14.701698   18.428467   18.619488   20.311764   21.310968
  18.244905   19.27321    19.783287   18.699415   18.871737   22.87693
  22.842491   19.895887   22.229849   18.78438    19.242826   22.444525
  18.024038   17.168247   17.479704   23.816807   17.73119    16.591972
  19.039663   16.960676   15.07018    23.475449   22.709454   18.286066
  20.125126   19.31842    23.644274   17.844158   16.950933   20.591417
  17.98744    22.638914   15.488995   19.536821   21.45015    20.144438
  17.451982   17.241238   22.685133   18.897806   20.954775   18.111664
  17.965237   19.166525   18.565859   18.210545   17.451693   20.276878
  18.891136   18.792448   17.671377   17.290241   23.876352   17.93127
  21.306887   21.943266   16.31875    17.642122   19.07689    16.12956
  19.102304   20.352684   17.319994   16.966125   25.58281    18.335455
  20.275143   17.071375   18.976992   20.608473   19.794516   18.53057
  22.12337    20.692953   18.791931   25.55502    24.393747   20.191336
  20.642132   21.789696   16.855003   17.989723  150.63509    24.409576
  17.885944   20.603386   18.754866   16.352331   16.602476   15.020204
  15.95625    21.242987   17.015833   21.359545   25.420933   20.905186
  17.989975   21.504152   19.403286   22.446524   17.677235   18.73382
  24.731033   21.095634   16.798449   23.130527   16.988928   20.831333
  22.273968   18.800287   13.719321   19.962193   17.857582   21.219553
  18.406788   14.359502   17.228077   15.89064    19.445892   19.157894
  13.949883   20.054642   24.790113   18.035847   21.639273   17.522171
  18.126627   21.483986   17.77063    13.327795   20.104897   20.991146
  19.467083   18.426147   30.125116   25.350943   17.071625   20.459368
  23.718094   14.4504595  20.389408   24.868324   19.569164   20.548122
  18.955357   21.255558   23.338228   16.79551    22.253965   21.583687
  21.153513   20.428232   15.928276   18.579168   20.268463   15.577706
  22.206425   17.968502   16.778873   18.863676   19.6331     15.93294
  19.760214   17.854916   20.177357   17.66493    21.515572   20.898806
  16.921658   13.230153   21.46745    20.933186   16.537514   13.617982
  24.21828    19.234407   15.830916   18.980186   19.541632   16.215693
  17.809835   17.578426   21.757996   17.581102   22.39866    21.282188
  21.722927   21.568323   18.354004   15.014684   21.86098    17.61581
  19.412605   19.31859    30.355238   17.552044   21.585514   25.523424
  18.69724    21.226675   23.327564   20.151844   23.314957   16.536608
  18.024784   19.26546    15.32088    23.613565   18.562998   19.372435
  21.600098   17.818624   15.979923   17.249605   22.569714   19.520107
  14.916863   16.397146   18.390137   19.558128   17.772879   19.415903
  17.402985   17.058771   14.384118   16.774319   23.984333   18.389786
  17.970758   24.744043   20.459621   14.9062605  19.86602    17.635536
  16.195957   21.362764   18.37467    18.004845   15.595141   19.856396
  15.2031     19.944933   16.546404   27.07654    20.317163   16.033506 ]",0.5015957446808511,0.45120838085810344
6,29,1363,"[[ 0.11056952  0.51501113 -0.36647642 ... -0.36688325  0.01749532
  -0.34152228]
 [ 0.2844315   0.45051593  0.15865001 ... -0.22236364  0.2748029
   0.15603967]
 [-0.05922895 -0.6372776  -0.0675524  ...  0.141125    0.1519157
   0.48329225]
 ...
 [-0.40247956 -0.00477877  0.2113925  ...  0.65225965 -0.30237493
   0.04104054]
 [ 0.46105143 -1.1232687   0.43619132 ...  0.725199   -0.01880064
   0.47717613]
 [-0.6089121   0.415608    0.78464675 ... -0.47104427 -0.16269927
   0.8816733 ]]","[ 20.930403   21.308134   18.567736   17.250635   16.218206   17.310705
  20.225204   25.70414    20.574013   18.288635   16.047022   19.497147
  18.956354   17.454355   19.394793   18.966093   17.394838   18.239689
  18.086695   16.122335   14.010714   16.015038   20.630503   17.40651
  17.71421    18.301012   18.361856   19.65226    16.295149   21.398705
  17.612213   20.526678   21.13595    16.016743   19.157314   15.822903
  17.103685   18.125103   22.041113   18.617254   21.02373    21.575056
  15.330885   17.333572   17.768288   19.008791   25.63853    16.662733
  25.527124   19.608683   16.172379   20.081259   17.29588    21.480835
  16.966625   18.500683   17.340347   23.700005   16.51099    17.850428
  22.409689   15.70635    22.67159    19.346727   17.557983   17.28367
  20.395224   17.940632   16.528482   21.387514   16.756119   20.10288
  15.180585   15.579229   17.494305   16.383018   16.638266   15.999005
  21.935152   20.955046   15.667696   17.900265   17.851496   18.572361
  19.056074   13.4747925  19.637123   16.762703   16.745691   15.556599
  15.7743025  20.329502   16.01227    22.945637   19.756397   22.59617
  18.961409   17.861067   17.1943     17.923424   19.809908   20.366793
  23.193327   18.185347   18.266005   22.399652   25.165373   21.793661
  16.482271   15.895273   18.258972   18.998865   22.496233   17.855124
  18.565855   17.144226   25.73468    14.634968   15.797926   26.263414
  15.029427   23.908958   14.824148   19.550373   21.73752    15.968851
  12.714451   24.495386   17.415749   15.651838   22.649769   21.713923
  17.829372   17.84337    19.971912   16.093365   18.307283   22.490992
  22.85366    15.9149275  16.116322   16.90089    15.783642   23.161316
  17.120522   19.370234   14.808686   17.998869   20.020601   20.528522
  18.434404   16.226095   22.064478   18.722696   13.871284   16.784943
  17.314457   17.156929   19.728558   26.403027   19.74623    19.83717
  24.129885   21.285265   16.283045   19.354744   17.938517   20.843891
  19.2296     14.172037   19.055056   15.034796   16.914864   24.557314
  20.445002   17.627415   16.351416   16.285091   20.572035   20.987999
  15.697662   17.838085   17.11053    18.872854   16.213802   14.771708
  18.770725   24.433027   20.351398   16.29809    17.528889   17.54182
  16.921957   22.786434   14.323833   14.060929   21.880484   17.86719
  16.573809   22.79767    16.621628   21.516735   22.20763    21.772894
  14.16734    19.714512   17.25626    16.948744   19.074871   18.03064
  15.242839   20.565733   18.700031   15.158122   19.18862    17.880661
  16.49732    16.099007   17.455864   18.657562   17.736027   16.697803
  21.734674   17.63969    21.439594   20.276937   21.285728   25.101118
  20.770334   17.955172   22.190598   17.958252   19.917267   19.557734
  18.94911    16.785854   19.245918   16.084478   19.114729   19.440176
  17.643993   19.151047   18.624363   17.940716   21.204601   19.716051
  19.965767   16.204285   17.974163   17.121786   17.538338   19.745596
  19.436132   17.689531   16.829834   22.204468   15.907648   17.0038
  15.614878   21.124077   19.12622    15.510535   17.296053   22.842064
  18.55319    16.420671   21.092783   14.085097   15.695539   17.95863
  21.695261   23.233284   16.877588   21.071198   16.147484   20.299215
  15.969269   15.317832   18.934431   19.075544   22.882462   22.845848
  16.001825   18.482353   29.10231    17.758698   18.4034     17.006433
  14.497612   18.039438   21.104578   18.267815   20.91196    16.210304
  17.769604   21.749598   18.854065   17.703812   17.389692   17.185501
  15.251116   18.345617   18.490175   16.770893   15.146516   20.82349
  16.21644    17.201769   19.426731   17.386896   21.169823   17.877838
  21.183264   19.628056   24.909441   19.626097   19.059452   21.420227
  21.06556    20.165663   16.787598   22.660196   18.046293   17.059374
  15.535745   14.341574   18.060833   18.103453   19.603754   24.071955
  22.751204   21.470968   18.133644   23.274975   16.82557    18.504702
  28.78215    15.929067   18.544886   17.008848   17.933033   23.248663
  16.041344   17.675106   22.742067   18.423647   17.042854   20.049305
  17.940102   19.018833   18.84767    21.425533   15.616533   16.429893
  22.134628   21.389153   18.58961    16.849628   22.769232   22.523829
  16.706804   31.387661   20.236027   15.446597   21.413944   16.599487
  15.232188   25.2884     17.289528   16.499401   24.044884   16.966305
  21.97761    18.113573   15.5457735  17.870852   16.043512   19.41483
  20.102314   25.063543   16.90652    14.636779   17.128832   17.633717
  20.00452    18.381794   25.39903    21.375437   22.785069   20.976755
  22.644567   17.180819   17.763498   21.203524   16.85554    17.143682
  15.303571   23.831484   14.669936   15.554922   17.403      22.069874
  20.022161   18.955915   15.535705   22.736124   17.543348   20.807465
  18.080667   15.798467   18.398235   19.692162   18.842695   22.000175
  26.329824   19.758615   22.01747    18.056423   13.953267   17.545101
  15.029205   18.903965   19.10235    21.28632    21.08279    20.960503
  16.942097   19.993027   16.898191   21.408161   17.883343   19.350603
  17.206783   11.217867   15.342521   19.316679   14.92055    17.166044
  23.580175   16.567461   18.467524   21.239973   19.673979   18.994608
  16.791988   16.785347   21.349928   20.439823   18.12356    21.332764
  13.978613   15.32325    24.421576   19.185455   21.730455   22.421429
  20.949543   25.650177   19.075377   17.291836   23.212015   16.859856
  20.024124   18.079275   12.845138   18.747374   23.219706   14.134041
  15.432071   17.919594   22.320265   11.907859   15.3883915  16.454458
  21.285479   16.106144   18.427494   14.005473   15.823286   20.516535
  23.442204   15.090826   16.338839   20.12452    13.239303   17.690037
  14.95343    16.75884    14.131797   19.337488   23.371305   21.173288
  22.61554    16.228685   18.952042   18.631407   16.806805   20.211756
  17.555487   19.97995    20.493805   24.700981   20.077518   24.10801
  16.961824   12.846281   26.103132   18.570007   18.001253   17.105946
  17.669506   27.766256   18.67407    19.764786   18.792843   20.411373
  17.54737    13.555518   17.49391    17.216887   19.91834    18.706617
  18.103205   18.940735   18.181072   18.574778   17.11647    22.288767
  22.789743   18.375515   21.917498   20.397728   19.508411   21.373022
  19.21709    18.861994   16.932146   23.223604   18.451132   14.657245
  17.10513    16.143818   15.835168   21.83857    20.503214   16.642775
  18.771837   19.688211   23.898928   17.830019   16.332256   21.778019
  18.990644   21.627354   14.994601   18.4892     21.393064   18.977419
  17.895731   17.278887   23.738415   18.089762   20.690836   16.34743
  18.627129   18.213654   18.291086   18.823965   15.867709   20.492544
  17.644398   16.017653   15.379586   16.531944   22.745043   18.586142
  17.445557   19.413635   15.8908615  18.03191    17.74262    14.317059
  19.777056   22.004145   17.552109   17.381739   24.881037   18.543472
  19.346638   16.622759   17.598425   19.560947   19.524538   22.326435
  20.335236   17.826542   19.86258    26.019855   24.888548   18.789816
  19.587538   22.842459   15.093293   15.688683  162.04102    20.73895
  18.441542   23.565739   18.860353   15.743959   16.298374   14.107078
  15.033403   22.95175    17.546165   22.25362    25.136812   20.914093
  16.440466   21.85518    18.641088   20.92938    16.044966   18.597162
  21.910864   19.117687   17.272451   22.780752   16.671934   19.642155
  19.550028   16.833157   13.393826   19.542881   17.27371    21.681873
  17.908606   14.086967   16.299417   15.101288   19.061712   18.916983
  12.836097   16.598429   22.540289   15.783834   22.562716   16.368122
  18.167349   19.70063    15.872685   14.216745   18.546667   20.920593
  19.295265   18.823252   29.642962   25.014011   15.888974   22.83615
  21.859411   16.993193   17.283813   23.245026   21.085232   21.410366
  18.839329   19.053928   20.97602    16.643908   20.02394    19.726822
  19.362593   19.506336   14.479044   18.659885   19.738844   15.578597
  23.829569   17.245857   15.995422   18.233124   19.895248   16.562332
  19.166      16.6755     19.868532   18.115519   21.796328   19.960415
  15.428479   13.678225   20.05289    18.514032   16.502806   13.846701
  25.057558   17.537737   15.189628   18.220604   17.557531   16.281143
  17.791605   16.18428    21.096733   17.16707    21.803055   21.693481
  20.249056   21.13273    18.056158   14.433927   21.945347   19.576466
  19.085812   17.851976   27.008022   17.61736    18.620476   24.332235
  19.368519   21.141748   20.657719   19.710953   22.598616   16.970556
  17.016651   21.005547   15.116064   23.931908   18.083609   18.481344
  22.378208   17.144226   17.57618    17.483364   20.097532   19.488188
  15.492252   17.203987   17.689499   18.85452    16.673847   18.14332
  15.367155   16.125898   14.027486   17.343521   21.172338   17.838991
  16.850855   23.684752   16.287218   15.432717   19.374712   17.616177
  17.298334   20.29252    18.666237   17.230352   14.390043   20.407898
  15.622173   21.47211    16.917677   26.148083   18.300097   17.222008 ]",0.5297872340425532,0.47075084745883944
7,29,1363,"[[ 0.29129547 -0.27066427  0.0376671  ...  0.08587977  0.3649498
   0.58856064]
 [ 0.69887245 -0.12958422 -0.14705715 ... -0.41158667  0.06892014
  -0.1064764 ]
 [-0.22998601  0.08428629 -0.01093077 ...  0.82851946  0.49883187
   0.03816569]
 ...
 [ 0.28898638 -0.22091837 -0.23027377 ... -0.3538078   0.15027909
   0.15512885]
 [-0.0901811   0.4613453  -0.08337514 ... -0.21447413  0.22012213
  -0.13918109]
 [-0.2017245   0.16366394  0.6762132  ...  1.1995847   0.39926165
   0.69125617]]","[ 21.94218    19.427174   16.88739    18.15715    15.469043   17.88478
  19.799093   24.324398   19.642618   18.01742    17.205164   15.61678
  16.787706   18.249338   18.210478   18.715273   16.117552   16.725584
  16.685305   14.474456   13.480701   16.68948    19.81968    16.578793
  15.590312   20.059557   20.137087   18.822315   16.689707   20.385586
  15.853726   19.480742   20.038036   15.146365   16.748915   15.761004
  18.243067   16.753212   19.237432   17.65316    21.62495    22.60181
  16.552301   15.449078   18.540056   19.568954   24.507673   17.097677
  24.641888   19.314655   15.998003   18.09499    17.155407   20.5069
  16.475344   17.844414   17.019913   22.847673   15.495316   17.209867
  21.010386   15.379028   21.248306   18.501259   16.556658   18.348705
  19.986517   17.618654   16.484938   21.733486   16.471285   21.94279
  13.722931   14.977561   17.127207   14.975457   16.134565   16.59447
  22.079042   19.055508   15.751282   17.831314   17.269093   18.615524
  19.215134   13.9945755  18.976637   14.62392    16.944319   14.619264
  14.701463   18.869854   16.284147   21.205662   18.799795   23.505316
  18.444363   18.95496    17.974895   16.359644   17.686712   19.269701
  20.016628   16.981524   19.85853    19.394125   22.938784   19.232374
  16.40615    16.791447   17.697672   17.898293   21.917198   17.572155
  19.642107   15.732828   24.44465    14.852007   15.095847   25.906752
  15.023409   22.524214   14.570456   18.915497   22.146572   16.769875
  14.224968   24.132082   16.688757   16.735699   19.982906   20.28739
  19.054111   15.96183    17.047731   17.385983   17.073141   18.38758
  23.591534   16.422512   16.62296    17.373127   15.536259   22.406918
  17.566921   18.627705   13.913069   18.50373    20.046705   19.894716
  20.065638   14.967594   21.287718   17.326397   13.4872465  15.942756
  17.00573    18.53751    19.764929   24.556332   18.194654   20.498827
  22.358793   20.336506   15.780346   18.922512   17.286835   19.745462
  21.065012   13.334302   18.046568   14.312383   18.471943   23.220318
  20.280968   19.308878   17.335897   17.689743   20.592382   20.537367
  15.521564   18.245255   14.951981   18.089314   16.094294   13.962517
  19.122253   25.101492   21.133537   15.165847   17.741793   18.44827
  16.613968   22.241255   14.181668   14.048432   21.544764   17.174673
  16.251322   21.46396    17.533785   19.886414   23.112257   21.225668
  15.525389   19.500624   15.085845   16.204731   18.602627   19.947744
  15.194457   20.573694   17.070232   14.655015   17.877998   18.59465
  14.949749   15.813272   17.448137   17.777884   18.092216   17.041306
  19.750902   18.29236    21.842493   21.92849    20.323418   25.23688
  20.505125   19.136671   22.298851   18.9069     17.867167   21.246874
  18.591671   16.318449   18.573393   15.336804   17.920286   18.650307
  17.959433   16.73115    17.713097   16.811087   19.539011   20.431238
  19.39183    17.429878   18.561705   17.34558    17.754856   17.84449
  17.202549   18.444227   16.519035   23.596052   14.510228   16.328701
  15.050921   20.585361   18.021734   15.196703   16.281382   19.914495
  15.815      15.919259   19.549677   13.79232    15.628106   18.170414
  20.89122    21.749647   16.097574   21.220568   15.358078   18.810236
  18.589588   14.494759   18.729767   18.473763   20.542269   22.132969
  15.708527   16.75876    27.193462   17.731407   16.38804    16.390106
  13.669044   16.719095   20.814363   19.480911   20.825623   15.999087
  16.977526   21.782148   17.878147   17.018402   16.129385   15.873314
  15.086763   17.905315   19.049147   17.279318   14.946271   19.813324
  16.344957   17.61161    19.874655   15.596131   22.857122   15.914355
  19.267462   20.382406   24.281332   18.956114   16.602306   21.792746
  18.186329   18.303268   15.911351   22.833122   17.68133    17.20854
  13.933828   14.519698   16.691278   19.853893   18.719965   23.73331
  21.408642   19.084435   18.216938   24.988245   16.253197   16.575508
  26.03956    14.646591   19.128384   14.880719   16.309063   23.766329
  15.790501   17.332394   20.67439    18.526352   17.074295   19.367737
  17.216171   18.555426   17.66626    19.266287   14.988185   14.340764
  23.218794   22.213705   19.997217   16.928516   21.790411   18.895447
  15.819483   31.177137   18.477924   15.274734   20.525518   15.405106
  14.257622   24.36166    17.292213   16.894773   21.164034   16.163975
  20.439322   17.464544   14.3718605  16.535028   17.048439   20.586168
  19.610878   23.271385   16.044405   14.988335   16.831467   16.163866
  18.311666   17.229834   25.064545   21.521439   19.74538    20.848751
  20.625038   16.641764   17.787106   21.072397   16.940706   17.135067
  14.863274   23.496016   14.349345   16.627949   18.015438   18.590006
  21.45308    17.894613   13.577719   21.910122   18.38339    20.328161
  17.709694   15.573674   18.107365   16.994684   18.094038   21.029696
  23.339441   19.276674   20.179245   20.900114   13.37361    17.396975
  14.168234   17.027328   17.890724   21.106216   21.086155   18.619715
  15.187789   20.22363    16.647957   21.27333    17.31549    19.337744
  16.773584   11.853149   15.708973   17.334166   15.8182535  16.316866
  23.241316   15.54744    18.538174   19.703932   20.641714   18.50732
  16.408796   16.39357    20.372644   20.523142   17.22173    21.287056
  13.768701   14.192454   23.604757   18.67634    22.251549   20.365852
  19.673231   24.021418   17.592972   19.963215   22.77982    17.914251
  19.621069   17.664228   13.873072   16.934885   22.50158    16.140772
  16.005629   16.812174   22.806198   11.388604   15.496378   16.718023
  19.584486   16.166063   18.937544   13.808149   15.740335   19.63612
  23.311508   16.169575   15.848233   19.270355   12.242109   18.443201
  14.233554   15.189488   12.000249   17.854797   22.271189   21.879604
  21.048468   15.294069   18.271482   17.359024   16.154741   20.321573
  17.092468   20.035797   19.076574   26.282356   19.035782   22.558428
  17.582281   12.972244   23.933844   18.469658   18.059195   16.409107
  17.185669   24.754656   17.384016   18.954548   20.346756   20.782421
  16.363365   13.771549   16.694525   18.336441   17.26308    16.89341
  18.53113    17.92922    18.065231   18.3484     18.08864    20.452503
  22.540823   17.952871   21.885239   19.222178   18.143652   20.168316
  18.47312    15.800328   17.916582   21.122507   19.60532    16.235037
  17.95009    15.815076   15.238858   21.828932   19.40768    17.160162
  17.31708    18.938608   23.65951    17.353403   14.71425    20.106485
  16.598312   20.3214     14.776056   18.799025   20.642662   18.253376
  15.453532   17.117264   22.814178   16.477726   20.393847   17.025267
  18.08088    18.846876   18.282581   17.990839   15.659413   19.958084
  16.041962   15.37083    16.851116   14.833142   21.41179    16.128504
  19.83286    20.043964   17.172958   17.73403    18.530752   16.114025
  18.156515   18.984814   17.083866   17.120321   23.791105   18.090858
  18.009022   16.541937   19.102072   17.94003    17.65544    20.596962
  21.362797   18.224352   16.53479    24.416481   23.507547   19.059452
  19.344137   21.53543    15.8660145  14.445746  155.88498    20.799944
  17.981722   23.676594   20.05093    16.440668   14.023292   13.667983
  15.907753   21.933558   16.31892    20.773512   23.399378   20.263386
  17.822567   19.435863   18.683912   21.117481   17.7002     16.580614
  20.670944   18.364382   17.00907    23.875416   16.00736    19.25348
  20.524565   18.438473   14.199023   19.482899   15.978991   20.98117
  17.424595   14.091501   16.126083   13.432668   18.97711    18.711922
  12.34286    16.809086   22.703295   16.637533   21.73542    17.178057
  18.919865   19.374176   16.074282   14.140471   19.695847   22.260145
  18.990902   17.428282   28.913494   25.583202   15.162436   21.49142
  22.00447    14.574086   17.802223   25.36752    22.084661   21.573057
  16.287928   21.311867   20.35184    16.790745   19.34895    18.65328
  19.655205   18.699127   15.635445   17.138422   19.817799   15.149216
  22.223207   17.525982   14.886728   18.641624   20.105724   15.71666
  17.023209   17.455383   20.683292   15.717578   19.806131   18.853815
  15.592387   13.267471   18.970982   16.540026   15.596764   14.777188
  22.802263   17.229454   15.586156   18.656492   16.98831    15.127261
  17.929678   15.3767395  20.019182   16.69212    20.515587   20.388735
  19.876978   20.888338   17.683735   14.130641   21.032024   18.331692
  19.261005   16.030306   25.43925    17.321985   19.010048   25.146328
  17.86477    19.352495   20.74266    19.071434   22.581005   18.122345
  15.512261   19.535149   14.412873   23.173767   16.88676    17.746416
  23.507927   16.346363   17.9164     16.349892   17.837069   19.594711
  15.022175   16.00936    15.978881   17.476147   17.432035   18.557037
  15.635204   16.283394   14.249828   17.057072   18.358      17.956436
  17.105318   23.649994   17.139757   15.619035   19.004498   16.326834
  15.469688   19.183146   16.967741   16.862822   14.225219   21.002419
  15.52154    18.912699   16.127222   27.891716   18.052685   18.451674 ]",0.5377659574468086,0.4797929724057515
8,29,1363,"[[ 0.60278356  0.22164421  0.12163498 ... -0.4344976   0.19755164
   0.23822646]
 [-0.21635619  0.3004449  -0.20637625 ... -0.21848077  0.02772481
  -0.20949668]
 [-0.16504556 -0.19926448 -0.12200411 ...  0.02220966 -0.11833186
   0.27056408]
 ...
 [-0.09944427  0.27973837 -0.3165727  ...  0.43585852  0.28934118
   0.7239868 ]
 [ 0.17562072 -0.12596597 -0.10523735 ... -0.2496608   0.3273071
   0.4220069 ]
 [ 0.20831442 -0.13335109  0.44953978 ...  0.22691353  0.46927166
   0.52132714]]","[ 19.069912   18.201439   17.154428   15.371203   15.538953   15.963276
  17.965197   23.863861   18.379986   18.04165    15.472816   16.170708
  16.116842   16.055508   19.151152   16.473145   15.619406   17.668177
  16.30645    14.069893   13.091925   14.8091545  19.170406   15.486767
  15.806959   18.021048   18.782005   16.784182   15.258644   16.726057
  14.08853    16.873966   19.342745   16.324581   16.882605   14.528776
  16.110905   15.834738   18.359352   15.7475     19.89077    19.508902
  13.161628   15.944332   16.68884    17.280256   21.920649   15.597839
  22.43104    17.95144    16.080854   18.405293   17.330095   19.8799
  14.738158   17.595194   16.132235   19.848234   13.827499   17.05664
  19.356607   14.162411   19.970503   18.745295   16.138206   16.225546
  16.653906   15.637508   17.09925    17.893446   15.033468   19.18433
  13.191231   12.473021   14.134882   12.86369    13.858963   14.883642
  18.135828   18.374453   14.719418   17.306427   17.670813   16.782763
  17.885078   13.519602   17.776033   14.403678   16.457102   14.503418
  14.020996   18.262047   15.832482   23.1605     16.816853   20.658869
  17.60162    16.4789     16.98907    17.109821   16.501234   18.1679
  18.88025    15.751664   17.659082   19.385159   21.905643   19.508863
  14.857463   15.555891   14.889483   17.38476    20.943993   15.321416
  18.409176   14.371288   21.12051    14.300834   14.652031   21.306448
  13.952295   20.845629   12.630712   16.635307   17.896418   17.456076
  13.289626   21.053677   15.916992   16.030634   17.244171   18.6689
  16.18033    16.251791   18.845263   16.631033   15.604971   20.146667
  22.339714   16.358673   15.919369   15.738974   13.0384035  20.887583
  16.510845   16.885685   14.706126   15.884947   19.9101     17.978458
  17.232746   14.199029   19.602777   16.147873   12.31316    13.83833
  15.666091   15.441228   19.572908   23.87376    16.97818    19.13595
  23.129402   19.904997   14.8456     17.176497   16.55065    18.578716
  17.85851    13.39113    16.430033   12.578549   16.10848    21.74331
  19.654202   16.44457    14.651376   17.86782    20.128735   21.078003
  13.759119   16.167725   12.849805   15.523119   16.01785    12.961089
  17.50657    23.20592    19.36264    14.535015   16.158514   16.110683
  15.549375   19.440529   13.836871   13.194611   18.83359    16.20348
  13.552343   21.394476   16.917217   19.04489    19.605034   20.148104
  14.162676   17.622545   15.790497   14.570118   17.324205   17.733229
  14.904615   18.026665   17.290478   14.629647   17.332      16.378008
  13.163485   15.235919   16.166912   17.272598   18.465425   14.974662
  19.53087    16.530003   22.71866    19.931051   19.25786    21.374582
  19.923054   15.25857    21.174448   17.364136   17.64544    19.879484
  16.118374   17.056044   17.433079   13.608087   18.185793   17.21337
  16.294052   15.280583   17.478186   16.133467   17.016525   19.357914
  19.615837   14.984401   17.755259   16.76297    15.799519   14.5955515
  16.988922   16.896769   13.8741455  23.427666   13.429206   15.592216
  14.081154   17.964035   16.690655   14.995839   13.711394   19.627878
  15.025215   13.5491495  18.818743   12.561968   15.050292   16.511984
  20.6789     20.933283   14.097231   19.862288   14.444798   15.891477
  15.976918   14.09116    17.385078   17.62069    18.446045   20.05936
  15.015682   15.578525   25.716946   17.064407   14.607958   14.765864
  14.263674   14.785328   19.341452   17.682644   19.749308   15.192048
  17.551579   18.898571   16.112993   15.464635   15.834755   15.205888
  13.885996   16.763931   17.195      15.466757   14.230446   16.736372
  14.338967   17.48077    17.588717   14.926803   21.84024    15.171485
  17.629358   17.282051   23.203129   17.749104   15.313807   20.656258
  19.669674   15.612622   15.216308   19.36865    16.657244   16.333147
  16.559322   14.060366   15.456981   17.677452   16.621813   22.187782
  19.59515    18.133045   15.611962   21.085089   16.696072   15.696289
  22.875015   14.295614   17.857542   14.511601   16.749857   23.562696
  13.849347   17.292936   18.947222   16.367878   15.82694    18.31576
  15.47404    17.07977    14.872077   17.34603    14.644012   13.437025
  20.870079   20.403343   15.868382   15.637724   23.978664   18.586061
  14.213829   27.93226    18.2554     15.644221   19.93312    15.196657
  13.260733   24.764124   15.02683    14.772721   18.435942   16.548336
  18.933552   18.2599     13.219769   15.183153   14.662883   18.989006
  19.457352   22.169918   14.764416   13.991619   16.405708   15.110422
  18.476765   17.325397   22.244858   19.889322   20.273827   17.401072
  18.898043   16.68473    15.745909   18.870142   15.613115   16.116713
  12.674462   24.425785   14.0400095  14.221964   17.62026    17.779593
  18.269115   17.731543   14.360167   19.755806   15.61891    19.686651
  15.53055    13.685695   16.311605   16.489157   15.378682   20.981789
  23.56779    17.63344    19.605986   18.036465   12.374302   16.74958
  13.622188   16.5161     16.546213   19.916302   19.12819    18.162197
  14.690105   18.581556   16.151907   21.271885   16.965975   17.819105
  16.53901    10.871834   14.887559   18.109707   14.962092   15.826496
  23.746244   15.847459   17.095623   19.005064   18.548107   17.411047
  16.118898   15.6316805  19.725153   17.90731    16.23305    18.534342
  13.826599   13.302092   19.675291   18.756594   18.820253   20.194332
  19.537628   21.84825    16.625538   18.82163    19.093237   17.846308
  18.60573    16.103514   12.027221   14.679091   20.443602   15.588088
  15.243939   16.592688   21.04438    10.9383     15.985594   15.928171
  18.902468   15.014824   18.906086   14.173771   15.010505   17.7292
  21.93187    15.101514   15.559611   16.340866   11.897041   17.315083
  13.955668   14.554681   12.281182   16.57221    18.534744   19.534613
  20.328379   14.400966   14.5892315  17.166985   15.489725   17.89216
  15.716608   18.198055   18.148233   21.164766   18.142565   21.132118
  15.803448   12.088248   23.991692   18.305033   15.384037   15.556562
  16.67087    24.59349    17.633427   16.860733   19.56567    19.071995
  15.564463   12.347319   15.624941   17.069775   16.5231     17.844149
  15.538504   15.871826   17.999222   18.29453    16.728132   19.42079
  21.409452   17.55603    19.478525   18.188398   16.375134   19.305563
  17.78344    15.779904   16.62013    21.587582   16.599699   14.336947
  17.534899   16.276356   15.673163   19.411018   18.247686   15.481347
  18.321672   16.985865   22.495867   15.076112   15.2022705  17.446247
  16.919064   18.445286   12.680239   14.819619   20.570852   15.590286
  14.74702    16.902552   21.294994   17.49447    18.0155     14.110956
  15.821844   18.4044     16.753506   17.320423   14.777879   17.966816
  15.416851   14.630633   15.559872   15.246894   20.10696    16.067919
  15.438567   19.202055   14.793748   16.875893   17.59763    13.915937
  18.53162    17.062094   16.619328   16.919893   22.917566   16.381083
  16.878216   14.852894   17.595196   15.399225   17.61929    17.833023
  18.379871   15.472485   16.509802   23.78545    19.959932   18.537924
  20.147514   18.778389   16.252075   15.012621  134.36978    18.805775
  17.605358   19.868734   17.521723   14.834671   13.59375    12.942607
  14.966497   21.127157   15.543452   20.158405   21.495846   18.731205
  16.16211    19.721266   18.184368   18.127155   15.906029   16.437046
  19.109287   16.455145   14.885508   21.944445   14.67699    19.51639
  19.15094    18.89726    11.637422   16.813337   16.604017   19.935642
  16.580893   13.70606    15.6358185  15.692571   16.119175   16.647013
  10.602259   14.8390875  19.956434   15.696979   22.801363   16.195347
  17.810863   18.059776   15.838094   12.844891   19.524784   20.97983
  17.034174   17.533997   23.882454   21.19938    13.82592    18.793438
  20.001223   14.367046   16.461391   24.641026   17.771257   19.685455
  14.321424   19.584635   20.638369   15.985223   17.755993   17.826849
  17.824165   17.0247     14.072402   17.133738   18.030125   14.06832
  21.060646   17.500881   14.930569   18.378637   17.647524   14.776988
  16.629698   16.209188   17.67222    14.808971   18.945492   18.013823
  14.685093   12.34895    19.010466   15.059161   13.91972    13.451386
  18.575943   15.998945   14.784097   18.246485   17.20442    14.754553
  18.63566    14.821128   18.498568   15.994549   20.953484   20.472755
  18.637997   17.56192    16.901566   14.394535   17.718878   18.48837
  17.25603    14.311968   22.917097   14.50317    18.470554   23.286617
  16.905401   17.353798   18.075083   17.792934   20.76837    16.617056
  16.08949    18.152061   12.608957   21.577974   15.592085   16.344393
  21.774576   16.08118    17.396957   16.968369   16.592989   18.480888
  14.878901   14.705921   16.441133   16.37823    16.01543    17.825798
  13.862189   15.749022   12.628311   15.31199    18.936935   14.930389
  15.111065   21.740353   16.329403   14.240803   18.068914   15.549342
  15.718776   19.466848   16.079283   15.464998   13.980158   18.046654
  15.279601   18.385942   16.591755   24.590712   17.205408   16.32876  ]",0.6079787234042553,0.5165747324625651
9,29,1363,"[[ 0.41649053  0.08871932  0.334423   ... -0.00697507 -0.3189509
   0.1590279 ]
 [ 0.15053046  0.57462835  0.13304657 ...  0.21046062  0.18875071
  -0.05055303]
 [-0.03453748 -0.10996779  0.5354783  ...  0.18163449  0.00460848
  -0.09117129]
 ...
 [-0.13135165 -0.04951187 -0.0771238  ...  0.22277515  0.36367428
   0.03157097]
 [-0.5121074  -0.24175309 -0.194507   ...  0.00386975  0.365101
   0.14545174]
 [-0.04626701 -0.24985938  0.04920736 ...  0.2313399  -0.09800228
   0.28466165]]","[ 17.146751   16.186518   14.166923   13.802304   14.248496   13.941997
  14.547976   23.126217   16.807705   17.008755   13.704262   13.88626
  14.503463   14.518523   15.7942295  14.855408   15.429269   12.722031
  14.423199   12.470863   11.646454   13.256234   17.668865   13.402312
  14.112309   15.869589   16.224665   14.544754   14.334303   16.144665
  12.547323   14.73928    16.675371   13.184209   15.913169   13.146482
  14.699594   13.836259   16.74701    13.703337   16.863546   15.871458
  11.628293   13.193832   15.443731   14.710141   18.58567    15.055002
  20.158554   15.79448    16.032635   14.361055   15.420015   15.471976
  14.007187   15.534944   13.483993   18.77976    11.813048   14.843787
  16.465082   11.861653   15.884848   15.019131   14.464814   13.414858
  14.58512    14.328781   12.925655   15.372011   14.041319   15.877051
  12.97879    12.2527075  13.866202   12.424684   14.643708   13.914956
  16.340391   16.066748   12.811641   14.796812   15.590176   15.00684
  16.084818   12.021615   15.829525   13.146925   15.267172   12.285109
  13.164475   14.613946   13.424923   19.664583   14.388847   19.412971
  16.896513   15.223796   16.163195   15.379466   14.928943   14.374556
  17.758074   12.141682   14.800813   17.486938   18.563633   15.008186
  12.069676   14.338111   11.696512   13.769703   16.930887   14.434996
  15.947266   12.611615   16.992664   14.923824   12.915971   18.26567
  11.565151   17.920643   11.0963     13.3942795  17.144321   14.552435
  11.640259   19.449606   14.64802    14.148197   15.269079   16.899754
  15.427957   14.560283   15.849268   14.007968   14.381243   16.491213
  19.34317    14.262611   13.266832   12.392182   11.509274   18.714533
  13.416719   14.755117   11.187731   14.24338    15.488117   16.151783
  15.3867655  12.129592   16.476185   13.927757   11.880981   12.600904
  12.5262165  15.5226     14.954248   19.503553   13.849057   18.195099
  20.751585   16.859638   11.863617   14.657388   13.921784   17.07066
  16.640375   12.129618   14.7471695  11.458927   15.142061   19.694065
  16.828316   12.870303   14.343688   15.533856   16.716946   17.079453
  12.410187   14.839385   12.058209   13.956557   13.833237   13.287008
  14.530501   18.286772   16.237457   13.252064   14.566071   14.050338
  13.027718   16.69998    13.0739155  11.740339   17.549385   15.371893
  11.801308   17.61443    14.727941   16.107742   16.92967    16.9455
  12.483101   15.519442   13.507619   13.725146   15.499822   15.046299
  12.128249   15.943844   14.604333   12.877373   13.317537   14.370011
  11.886293   13.365151   14.631551   14.346444   14.44686    14.588155
  15.434213   14.206517   17.719387   18.015295   16.886894   18.507164
  17.52241    14.805015   18.359825   14.843607   15.982575   16.29319
  13.866817   13.365008   14.463554   12.343634   16.151997   14.784605
  16.65573    14.436975   14.604468   13.113554   16.318787   15.460887
  15.016561   13.871252   15.452503   13.612182   13.882848   13.974205
  15.388699   15.986332   14.378458   23.30697    12.237068   13.180964
  11.998534   16.83672    14.564112   11.951122   13.543701   16.075333
  13.298461   13.019356   15.476099   12.554211   12.501958   14.1941595
  17.085077   17.307606   12.911992   14.146111   13.075332   14.918362
  13.347543   12.209962   15.137692   15.109821   15.901196   16.568954
  13.047686   13.69873    20.225029   13.728995   13.914258   14.649378
  12.226214   13.656693   15.773471   15.265856   17.249273   13.481287
  15.137235   16.599283   13.044252   14.3937     12.795516   14.103213
  11.938174   14.576371   15.666974   14.134127   12.379351   14.022593
  11.878383   13.982785   15.025968   13.62231    19.237055   12.819297
  16.073181   15.44824    17.69419    14.076507   14.771824   17.479214
  15.568501   14.969535   14.660229   17.637503   15.436794   12.756241
  14.445174   13.313524   13.74701    16.376482   14.872357   16.832344
  16.501682   15.818693   15.212459   18.240372   14.901437   13.598743
  21.283386   13.322373   14.87711    12.898458   13.998177   24.118664
  13.3264065  16.172218   17.21849    15.633548   13.205094   14.056607
  13.922356   14.488127   14.04677    17.663261   12.960784   12.881165
  19.327225   16.386822   14.429855   13.253965   19.245674   15.352854
  13.303853   22.390535   16.028133   12.03567    16.57713    13.300326
  12.932503   20.80015    14.682656   13.2465725  19.37115    14.423721
  14.8577     14.797781   12.087498   13.579767   12.402862   16.067068
  15.315852   19.555887   13.84622    13.112134   13.709885   13.266498
  15.164147   16.517328   19.955103   16.687824   15.718557   16.491396
  16.143034   13.88128    14.326453   16.75094    12.439823   14.091346
  11.435607   20.21924    12.703724   12.836836   15.229275   15.447049
  15.628363   15.138014   12.068843   17.225723   14.118406   17.778856
  14.102308   14.147989   13.313576   14.135604   13.330092   18.011086
  20.411215   15.1748495  16.10637    15.966337   11.528675   14.261225
  11.618666   15.456055   15.204849   17.875673   16.820929   15.734954
  12.240118   15.466366   14.8643     17.45185    14.966471   15.124594
  13.771068   10.228296   12.666906   16.784765   13.153851   14.462794
  18.872587   14.0963955  15.261534   16.617199   15.641468   15.913735
  13.984725   13.698093   17.228441   16.133785   14.233712   16.21831
  13.180539   12.130718   16.463272   15.896665   16.256939   17.801863
  16.076328   18.545818   15.207617   15.359315   16.860758   15.0133505
  16.816954   15.361327   11.368565   13.562303   18.629925   14.182728
  13.083726   15.272362   16.186695   10.547361   13.160617   13.752354
  15.653049   13.354687   14.636641   13.249237   13.445097   16.036371
  17.785835   12.659853   13.0991335  15.454114   10.555214   14.420966
  11.920042   12.883784   10.912809   14.570715   18.029758   16.306074
  15.839493   12.979782   14.166818   14.8095455  15.340636   15.545176
  15.240315   16.576424   15.886629   17.480923   14.469517   15.707192
  14.46282    11.365241   18.206047   16.761417   13.25875    14.230181
  14.278186   19.767359   14.353823   15.013154   16.59963    17.932903
  14.118156   11.989374   14.352861   14.219726   14.777936   14.196608
  13.313391   15.271187   13.907797   14.818212   14.183443   16.871311
  21.023024   13.468322   14.978853   15.81196    14.668189   16.26228
  16.375845   13.551553   14.652869   16.890144   14.560183   13.919263
  15.319362   12.868838   13.89999    16.58843    14.606862   11.904283
  16.667788   14.307926   20.319027   14.490389   13.728649   14.822208
  14.686618   15.486373   11.756459   13.664652   16.876766   13.383248
  13.136083   15.047659   17.5006     14.190033   15.379105   12.901798
  14.577815   14.553862   14.726101   13.763604   13.971302   14.260828
  12.438749   10.703329   13.927445   13.5581255  19.237183   14.115554
  14.53969    18.387787   12.664259   13.882364   14.994423   13.070003
  14.475616   15.215394   13.954687   15.644575   18.981834   12.6869955
  15.788983   12.934217   14.193743   14.776168   15.462581   15.217911
  17.17027    16.415228   14.467476   18.863682   16.487976   14.806284
  15.183178   16.601137   13.318816   12.682318  125.032745   17.565447
  13.559275   17.03955    15.610422   13.497038   13.846361   11.60686
  12.480849   16.663948   13.619853   16.078156   19.16317    16.88461
  13.742132   17.030369   15.016525   15.767868   14.008184   13.883172
  17.436943   15.151      12.798009   19.141481   12.838642   13.888093
  16.707878   15.413504   11.970095   15.590287   13.751511   16.148207
  15.69426    11.721049   13.342711   12.560113   14.234011   12.678741
  10.365893   14.031483   17.151527   13.43248    16.915613   13.83013
  14.175184   16.076427   14.833438   12.190283   16.079826   16.852663
  14.846412   14.054854   19.542645   18.395994   12.643515   17.942375
  17.879372   12.610475   15.380846   18.399828   16.00984    16.18902
  13.926091   17.094084   16.767513   12.518135   14.741613   15.648295
  17.121368   14.935999   13.753659   13.611422   15.269982   11.931113
  16.551798   14.181271   13.669939   14.196975   17.568945   13.002777
  13.844309   13.179235   15.279598   13.683383   16.851295   13.710277
  12.40402    11.385694   14.833712   13.626155   12.435935   12.087748
  17.894716   15.545136   12.786434   15.339853   14.901826   12.802336
  12.904222   14.129945   15.886485   14.264474   17.15901    15.586391
  15.347194   15.870501   13.284946   12.693775   15.077496   16.962223
  13.831557   15.021667   21.441074   14.011526   15.679215   18.642473
  13.07215    15.948989   15.38036    15.318051   16.200188   16.510132
  14.319096   15.011109   11.430356   20.037436   14.371806   13.645653
  17.925676   12.795496   13.338534   13.879253   14.564795   15.322916
  13.84818    12.716947   13.478866   15.415446   13.831046   13.409825
  12.232497   13.263059   11.563751   13.925921   14.951246   13.327289
  13.100418   18.428118   13.333948   11.586733   16.597946   13.75483
  14.133996   16.789062   14.385485   13.982959   13.026658   17.083006
  12.568744   15.62071    13.195163   23.068893   14.896484   14.28579  ]",0.651595744680851,0.5686977912982305
10,29,1363,"[[ 0.41973633 -0.094876    0.11837256 ...  0.13095213 -0.12985499
   0.08483472]
 [ 0.04651207  0.5843542  -0.21003821 ...  0.17584024  0.04747181
  -0.16557737]
 [ 0.0238899  -0.04389778  0.2288563  ... -0.03637501 -0.09622809
   0.0119333 ]
 ...
 [ 0.2052489  -0.07755819 -0.10163053 ...  0.47128966  0.11339627
  -0.0564109 ]
 [-0.13287796 -0.29791886 -0.03604491 ... -0.07275832  0.6742823
   0.05437973]
 [-0.09382385  0.02785799 -0.08422038 ...  0.05077057  0.25576043
   0.402019  ]]","[ 16.334154   14.791073   12.725764   13.149524   13.318408   12.876616
  12.495876   16.257336   13.372367   14.362858   11.693138   12.930003
  13.093895   13.425739   12.504344   12.084927   14.439162   13.624235
  11.39804    10.933983   10.339249   11.811234   16.347654   12.994094
  12.605542   13.648646   13.731352   11.151925   12.834078   14.437164
  14.123857   13.348397   14.498227   12.339387   14.315602   12.026523
  13.050528   11.606377   16.479683   11.826144   15.705023   14.505994
  10.877441   11.573312   12.901398   14.344712   17.001095   11.562234
  15.772121   16.574982   15.633607   12.010588   14.732217   15.237662
  12.110091   14.540098   12.819397   15.90637    12.24031    12.25244
  14.270959   11.681071   14.619447   13.164078   13.386716   13.44761
  14.806048   12.688077   12.277804   12.937779   12.923736   14.185316
  12.824418   11.351899   12.696316   11.133806   12.58547    11.936967
  13.726569   13.020346   11.024354   13.4529085  13.316708   13.601444
  14.757363   11.430787   13.320008   12.192934   12.847315   10.396434
  11.039448   13.481457   11.83989    14.914696   12.462647   17.114899
  14.328704   14.203189   12.71285    13.79491    15.578657   13.287264
  16.950378   12.046117   13.782643   13.359155   16.434341   13.838677
  12.8925905  13.244339   12.255805   13.295737   13.994121   12.888541
  12.819927   11.725157   17.262005   14.728328   10.8410845  17.900074
  11.84008    15.928293   11.340191   12.383059   15.696497   13.202504
  10.891578   17.195309   15.006697   12.284518   14.046195   16.135248
  12.102183   13.618819   14.366024   13.694155   13.637803   15.159123
  14.967948   12.277128   11.620606   11.790422   11.928995   15.336506
  13.270736   14.158556   10.897864   12.895468   15.365369   14.825866
  12.988039   11.239063   14.691618   11.879609    9.735058   10.419185
  12.997037   14.313322   13.199263   17.724483   14.350354   14.59445
  18.120419   15.475854   12.261246   13.669569   11.962437   16.092377
  13.985942   10.521538   12.354682    9.562179   12.491069   17.453293
  15.432189   11.133383   12.652554   12.087857   14.2707815  17.023458
  11.339987   11.900562   10.931849   11.611652   11.817702   12.666244
  13.919924   17.766436   15.846921   12.4780035  13.077901   13.340759
  10.911151   15.9541235  11.222946   11.470887   14.235114   13.852743
  10.410327   16.067717   14.38019    14.497464   15.319261   13.709892
  10.975055   13.630209   12.223462   12.146252   12.281892   12.082492
  10.720755   14.742955   12.899043   11.186144   12.737405   12.464017
  10.096531   13.700453   13.038292   13.213364   12.818992   13.209455
  15.506406   13.772798   16.489105   15.379806   14.742269   17.21132
  14.347929   12.710626   14.300839   14.261919   15.753974   13.979462
  12.112879   12.640358   11.909622   11.1579     14.824768   14.169382
  12.367144   11.178511   13.12894    11.678879   14.052146   14.276477
  13.602416   12.433475   13.380405   12.59648    12.497345   13.6327305
  13.654984   13.48561    12.953844   22.702217   10.360192   13.087626
  12.278268   15.163861   12.795694   11.034193   12.558628   15.094218
  12.8221445  12.441929   12.822693   11.793229   11.015802   13.463564
  14.366657   14.470213   11.628982   13.031867   12.49598    13.379831
  11.700263   11.449439   13.21051    13.539627   14.074313   16.638727
  10.983493   12.053259   18.431166   12.665015   12.700535   12.080424
  10.115045   13.852362   13.283097   13.337065   14.0248165  11.70685
  13.004143   15.608166   11.9981365  11.887756   11.83071    12.350942
  12.480476   13.403023   13.269733   11.818408   11.326905   12.1819725
  12.897885   11.710155   11.699758   12.846752   17.793564   11.485698
  13.848459   14.737335   15.380629   12.070022   13.178722   15.895306
  14.744976   11.578902   13.019615   15.047673   11.959376   12.013997
  12.870737   12.152972   13.364907   13.249075   13.9771     15.265464
  16.18302    14.9339075  13.21921    15.034508   13.628028   13.785108
  19.255856   10.992328   12.331648   11.8352375  12.847616   23.858427
  12.120744   14.037459   15.478904   13.47129    12.178989   13.913272
  10.956973   13.596978   13.079825   13.283909   11.227781   10.491337
  16.97791    14.003676   12.630792   12.3336935  17.595186   14.585648
  12.372538   17.675661   13.005897   11.410618   14.715481   12.624795
  11.501864   18.274113   11.537901   11.912411   15.61298    14.3706255
  14.500483   13.533264    9.578731   12.383154   11.034462   14.659987
  13.763539   16.541328   11.940459   10.47829    12.587736   11.617226
  12.644184   14.898321   17.716324   14.746378   14.16552    14.035926
  15.177326   13.347728   11.907564   16.606438   11.915257   11.7719145
   9.628511   17.519682   11.210254   12.3355     14.362096   14.319035
  14.515023   12.605131   11.220117   15.379992   12.309035   14.364944
  11.996478   12.854637   12.796048   12.928351   12.592645   13.659842
  16.140787   14.719203   13.855242   17.533457    9.422113   11.841837
  10.802509   14.247544   13.933652   16.37768    13.457585   14.282996
  10.901973   14.15718    16.194479   15.372391   13.85728    11.75911
  11.715295    9.965136   12.519869   13.536243   11.741116   13.746449
  17.74964    12.811341   13.280523   14.169433   12.914207   13.271915
  12.526361   12.583553   15.908171   15.158987   13.436231   14.565023
  10.814232   10.9792795  15.481843   13.784329   15.046472   14.277162
  14.773111   16.658297   13.754011   13.73084    15.578857   11.796962
  15.000541   14.533645   10.683622   11.928455   16.045214   12.445167
  11.9289255  13.800142   15.369381    9.204068   11.070723   12.264311
  13.582316   13.357505   12.894175   11.512399   11.820706   13.714881
  17.91592    10.022406   11.885103   12.861938   10.319015   12.344506
  11.823136   12.755149   10.105979   13.658907   16.203743   16.028587
  15.185168   11.7245035  13.514561   12.4660225  13.023767   14.882062
  12.725212   15.558442   12.854169   17.227585   13.072669   16.735752
  12.284706   10.505886   18.289919   16.18813    11.734923   12.212692
  13.402246   16.95618    12.967524   11.841803   15.194309   15.229583
  12.657592   10.244354   12.834258   13.268902   13.461369   12.559906
  11.877058   13.213334   12.915307   13.148094   13.822195   14.304344
  16.141111   11.049639   14.427299   13.612501   14.743358   14.622706
  12.58603    13.432469   11.677701   16.204401   14.59833    13.050148
  12.967431   11.312303   13.703982   14.035716   14.266252   11.999695
  14.099122   13.057391   18.199375   11.340501   12.096709   12.993033
  13.798047   14.220892   11.281122   11.938641   16.025759   12.412756
  11.583047   13.547155   15.747924   11.516507   14.590958   11.959621
  12.765896   12.760465   12.951731   11.286757   12.516473   12.566323
  11.988618   10.3753805  11.815986   11.630159   15.316795   12.514648
  12.677497   17.71794    10.7457     12.640403   13.805409   11.315632
  11.92353    12.846861   13.656823   13.685767   16.039347   12.359685
  12.584659   11.615819   12.332121   13.046389   14.750943   13.799139
  15.052716   15.425073   13.012686   17.336382   15.55643    13.32799
  14.0163     16.427097   11.979635   12.545837  110.43782    14.661406
  13.020485   15.19082    14.242965   11.45356    11.2899065   9.957749
  11.208836   15.940714   12.231039   13.014212   16.784063   14.875852
  14.458922   14.7891     13.441469   15.349271   13.039526   12.453259
  15.833638   16.960827   13.27768    17.744612   11.940263   14.1901455
  15.793316   12.890843   10.151027   13.619493   11.626533   13.32254
  13.941374   10.483857   10.549172   11.655999   13.735379   11.78435
   9.36345    12.823456   15.387277   11.972866   16.000542   11.638072
  12.661503   13.563172   14.469973   10.741711   14.161094   14.583274
  13.806413   12.6252985  19.245312   19.525488   10.596489   15.137659
  15.938338   11.868256   13.690748   17.29517    15.268735   16.130795
  13.233656   15.597192   15.089644   12.311901   14.835836   13.731212
  14.926491   13.570696   12.189556   12.401232   13.271624   11.664893
  15.543533   12.856244   12.170172   13.065914   14.54729    12.043213
  13.163283   11.986087   13.375234   13.570411   15.413233   12.360741
  11.426863   10.798446   13.356977   12.886208   11.825202   11.819122
  15.092124   12.886747   12.072706   14.518127   13.824      11.192513
  12.247813   11.507743   13.818316   13.0004425  15.720906   14.393533
  12.74319    14.450385   11.697487   12.373022   14.274854   15.431351
  14.147584   13.215932   22.455196   11.767329   15.130534   17.356947
  12.715846   13.909189   14.727194   13.891294   15.132952   14.185519
  12.5522375  14.306659   10.632192   19.61051    12.290929   13.536207
  15.287162   11.602275   11.548956   12.729663   12.580321   13.969623
  11.215019   12.161252   11.2797985  12.980198   11.663107   13.814832
  11.990643   10.802293   10.927897   12.89498    12.969556   12.692164
  11.4683485  14.800978   12.054303   10.771366   14.483514   12.213643
  13.1362095  14.169758   12.876499   13.2422695  12.778171   14.76487
  11.684457   13.856133   11.158287   19.034187   14.1224165  13.3294735]",0.675531914893617,0.6088501354058583
11,29,1363,"[[ 0.6582811   0.03766076  0.0617332  ...  0.04661882 -0.12182168
   0.05955851]
 [ 0.05111243  0.5798601   0.02608249 ... -0.13682488 -0.00549123
  -0.09024046]
 [-0.13202046  0.10447889  0.5513091  ...  0.02872466  0.10275882
   0.06248695]
 ...
 [ 0.11192871  0.08318356 -0.00755612 ...  0.5335116  -0.01448468
  -0.05231572]
 [-0.04898093 -0.09716084  0.06236351 ...  0.06267677  0.6661411
   0.09231024]
 [-0.07576111  0.0191012   0.00543245 ... -0.01106478 -0.18316758
   0.38647225]]","[ 14.47847    12.341102   11.255847   11.359445   10.483844   10.936484
  11.257304   12.988534   11.935257   12.161995   10.3306055  10.750454
  10.507332   12.074796   10.297331   11.244767   14.510991   11.691868
  10.218914    9.460926    9.918474   11.009276   13.9291935  11.254503
  11.101838   12.052207   11.828336    9.851038   10.596528   12.991362
  13.128982   13.001344   12.32265    10.560053   13.7612     10.497504
  10.995539    9.781163   12.05665    10.951247   12.954519   11.725976
   9.837252    9.553487   12.121867   13.041775   14.151722   10.805947
  14.533883   12.962464   13.841436   10.985321   11.918979   14.070044
   9.549424   12.072765   10.814851   14.927364   11.196768   11.3464155
  12.683881   10.57507    12.313927   11.427999   10.770798   12.978447
  13.140454   11.542808   10.557385   12.037062   11.997584   11.257046
  10.95562    10.333489   11.19339     9.689781   11.982345   11.117653
  11.203821   11.533621    9.41784    12.194972   12.394384   11.449909
  13.803506    9.186048   11.485059    9.757745   11.904955    9.46475
   8.941065   11.4519415  10.158244   12.536517   11.709975   15.39692
  11.868546   11.52524    10.579723   11.482364   13.030499   12.836775
  12.62645    11.272911   10.802679   11.679746   14.813473   12.137004
   9.935259   11.918577    9.933458   12.787895   12.955038   11.62799
  11.384075   10.735978   14.9550085  14.563353    9.823357   16.003065
  10.2827425  13.226254    9.419481   11.412436   14.105912   10.821015
   9.704828   14.143696   14.025995   11.14281    12.069031   13.33235
  10.912179   12.171887   11.347526   10.611184   10.700382   12.410547
  12.300555   10.327698   10.27612    10.793276   11.184047   13.186216
  10.830842   12.520825    9.456483   10.634699   11.473215   13.396188
  11.394013    9.396928   12.5384865  10.41469     8.614843    9.263663
  11.169762   12.742724   11.716056   16.647505   11.38617    12.433345
  15.538839   12.778241   10.547444   11.51679    10.512544   15.755365
  12.171688    8.909897   11.7470255   9.906988    9.95669    15.955481
  12.788162   10.9153185  10.773081   11.310971   11.598543   16.077585
  10.076597   10.850788    9.895406   10.443345   10.801767   11.68336
  12.820451   15.645174   13.946061   10.720684   12.706175   11.635652
  10.159694   12.080913   10.666088    9.021661   13.573537   11.968676
   9.084573   14.738946   11.643317   12.215189   12.112658   12.256838
   9.695402   11.830338   10.688411   10.335852   11.45763    10.649325
   9.957104   11.696227   11.050326   10.215247   10.732025   10.736844
   9.119678   10.948625   12.579101   10.749169   12.103526   10.407115
  12.905974   12.496466   13.552992   14.810811   12.743202   14.269479
  12.787859   11.33352    13.06024    11.793871   13.640105   12.544673
   9.7012005  10.296415   10.715735    9.759254   12.689972   12.149981
  12.197493   10.83018    10.362513   11.928829   12.130139   12.433284
  12.102135   10.71596    12.013312   11.414294   10.661605   12.011358
  12.270736   11.823346   10.708133   23.591326    9.489556   11.14738
  10.695679   13.701906   11.099367    9.291809   12.289185   14.145671
  11.854517   12.050036   12.036589    9.871073    9.338936   11.748123
  13.94034    13.594897   10.671166   10.217513   11.2711315  13.140583
  11.162248   10.252872   11.793258   11.943693   12.096504   13.362444
   8.6337385  11.477377   15.272613   11.589208   10.865545   10.645468
   9.004134   12.992903   11.504532   13.044906   13.544411   10.282862
  12.131489   12.957971   11.004195   10.987272   10.914818   10.781208
  10.362731   12.163085   12.782828    9.477666    9.227334   10.797458
  10.499697    9.966541   12.183858   11.068457   13.764596    9.69937
  12.199757   12.830268   14.118593   11.50869    10.7922125  14.450522
  13.191097    9.365362   11.3590975  12.807597    9.764792   10.910477
  10.893567    9.64551    11.76225    12.669346   12.573674   13.537899
  13.536018   12.458795   11.525746   14.351307   11.449703   11.099204
  17.344395   10.365093   11.322499   11.212098   11.3808155  25.374912
  10.030114   12.490498   15.216056   11.116465   10.033413   11.223043
  11.2012615  12.371758   12.800215   12.622548   10.538041    9.699589
  15.400011   11.802721   10.712524   10.243236   14.3607855  12.925155
  10.72839    16.888489   12.074097   10.765101   11.1071205  10.082803
   9.628524   16.533644   11.563665   11.0206585  13.4433365   9.911691
  11.841499   12.365646    8.838753    9.692623    9.649324   13.500277
  11.8993845  12.682248   10.433191   10.388415   10.706522    9.730941
  11.061668   16.02465    15.123368   13.201128   12.391667   12.872521
  12.357849   11.771899   10.77777    12.645152   10.923525    9.680089
   9.5097275  14.738461    9.481873   10.725985   11.481237   12.03206
  12.856272   11.741549   10.038902   13.425977   11.588974   13.225626
   9.91104    10.815535   11.75564    10.257664   10.583207   12.006831
  15.645791   13.911149   13.036673   14.818334    8.19496    10.491866
   9.801068   12.775216   11.685943   14.638151   11.961298   12.923636
   9.031462   12.126624   14.576148   12.165396   12.694951   10.749847
  10.54053     9.548605    9.769034   13.129098   11.222837   11.888307
  14.110367   11.510966   12.8571205  12.5498     12.54678    11.320068
  10.124655   11.301207   13.256504   12.687541   12.206253   12.336818
   9.507713   10.991701   13.945751   10.987222   12.246996   14.307675
  11.987044   14.1366     12.212827   10.837952   13.488174   10.797263
  13.021462   12.290676    9.79343    10.130217   13.147669   10.825976
  10.227108   11.641787   13.239785    7.8818207   9.025317   11.04041
  12.153914   11.552243   11.711375   10.193532   11.196329   10.097135
  15.2106905   9.511463   10.527953   11.582388    9.16087    11.855599
   9.347843   11.989501    8.648586   12.297715   14.338108   13.797045
  14.053909   11.278135   11.493226   11.19725    11.245944   12.898715
  11.228518   13.181886   12.5669775  16.004194   11.945673   13.82518
  10.293032    9.656287   15.422907   13.002023   10.33432     9.562565
  11.667823   15.567985   11.737327   11.1339     14.15317    14.481553
  11.186569    9.427949    9.610213   10.729005   11.632562   10.375279
  11.452571   12.6097145  10.919661   11.962605   12.129661   12.495367
  15.240061    9.553503   12.730214   11.686142   11.284951   12.878493
  12.760779   11.357838   11.166688   13.867101   13.298916   11.205726
  11.761688   10.161202   11.331436   13.235741   12.121937   10.014328
  13.327799   11.421445   14.3825655  10.513281   11.244943   11.391338
  13.338289   13.13967     8.68266    10.56304    12.08932    10.843056
  10.957571   12.909266   14.321191   10.464645   13.0603695  10.583963
  11.231797   10.445003   11.724098   10.674784   10.80215    10.733324
  11.706626    9.688525   10.967906   11.143496   13.430683   12.220863
  11.572764   17.420065   10.338346   11.157001   12.514518    8.948353
  10.739954   12.300662   11.772391   12.371612   14.35596    12.032634
  11.782833   10.270718    9.94137    11.928815   12.866433   11.532334
  11.425011   13.750917   11.081581   15.78459    14.091811   10.8775
  11.096595   12.851909   10.516936   11.497758  103.868835   12.716712
  10.6969185  12.46318    11.854436   11.744221   10.466374    8.619141
  10.314899   14.176778   11.159662   12.545212   13.582543   12.823479
  11.020094   13.99181    11.045194   12.885128   12.090991   11.122856
  14.816208   16.356956   11.323462   15.000495   11.172658   12.031359
  13.678817   11.331715    8.638152   11.295239   10.063015   13.077008
  10.48828     9.0198555  10.423299   10.771585   11.549318   11.003375
   9.285644   10.054641   13.291794   10.102573   14.194919   10.649154
  11.612472   12.782075   14.444089    9.664959   12.46679    11.642068
  10.924995   11.070962   15.934515   15.842595    9.226114   13.747455
  14.349323    9.991307   11.0556555  14.641135   13.993057   13.040117
  11.284795   14.331056   12.190756   11.582138   12.954389   12.452798
  12.193521   11.9940815  10.153052   10.994149   11.785943   10.985819
  13.097477    9.667417   11.30931    10.332394   11.474083   10.421301
  11.944743   10.820774   11.5442915  10.853127   13.205178   12.309077
   9.587962    9.277885   12.022611   12.167043   10.10434    10.829038
  14.083656   10.813062   10.713199   12.5322485  11.829746    9.467881
  10.013979    9.82856    12.588669   10.773902   12.881028   12.800345
  12.386078   12.357063   10.62963    10.193704   12.81819    12.151285
  12.676121   10.359101   19.704111   12.921722   11.705507   15.190264
  11.351138   12.725663   12.273467   12.693062   12.642388   12.292688
  11.148854   11.019856    9.865242   15.464541   11.481002   11.940863
  13.146609   10.959157   10.755858   10.04916    11.729247   11.184158
   9.476085   11.537127    9.42719    11.398634   10.071547   13.13083
  10.531705    9.421093    9.452515   11.412899   11.015318   10.723579
   9.826106   12.588392   11.848694    9.307275   12.211961   10.9979
  10.174468   11.0169735  11.967689   11.6936245  12.280225   13.362636
  10.453279   11.492573   11.182523   16.573265   11.107813   12.787007 ]",0.7015957446808511,0.6603828549385071
