,Images_Per_Label,Train_Data_Size,W,Residuals,Classification_Accuracy,CLS_Cosine_Similarity
0,35,1645,"[[ -5.6148996   -2.0869153   -1.2043338  ... -27.870962    14.802919
    2.5414119 ]
 [-26.09359     11.182338    -1.753858   ... -19.809448    -3.9905162
  -10.354397  ]
 [  0.04374715   4.2395196   15.936954   ...  11.663557   -19.635744
    3.6707964 ]
 ...
 [ -9.756513    -6.283253    15.300776   ...   2.4896348   20.344833
  -17.428164  ]
 [  0.22325103 -12.8320875   11.71909    ... -26.431324    -4.5127144
   10.126101  ]
 [ -1.2318105   -6.1184793    5.3756595  ...  21.17635    -14.226757
   13.761168  ]]","[ 44.94377   49.676735  43.084087  37.711273  36.03979   38.956894
  42.0941    58.146206  55.2489    48.604473  32.904087  50.39454
  39.87998   43.24339   43.53848   42.216587  53.01039   43.044025
  34.404125  33.957886  33.796234  39.087383  56.566273  38.273586
  47.34367   45.71512   47.404427  43.966904  41.811306  50.800823
  51.25868   39.13049   45.151505  40.908375  46.08059   34.922295
  39.855495  40.47468   44.9824    40.1747    46.592247  44.61189
  32.19324   43.152237  42.69888   45.714657  58.943493  43.83869
  62.740643  48.7144    44.56572   44.036148  49.043697  53.319756
  44.868572  39.639484  36.530468  71.69678   37.441784  39.084946
  50.911     34.114788  48.33489   51.33672   34.956764  43.053967
  50.07323   35.97636   45.010307  50.07079   36.876595  47.49754
  33.006752  38.102844  48.781086  36.72001   35.217617  34.720448
  45.191315  56.160973  32.866413  57.009686  44.041245  46.102077
  47.89767   36.490818  42.60063   36.187065  39.05941   37.01518
  33.075165  43.56209   41.14138   59.581123  46.78547   59.074104
  49.794273  36.038265  48.886124  50.974747  49.711033  39.62063
  60.11317   41.102684  37.13201   46.367687  67.07713   52.68334
  43.887527  46.984024  38.08992   40.292194  55.590733  44.18544
  48.19386   35.92707   59.966724  60.616     35.390907  61.751022
  33.391724  53.942017  35.710743  41.276962  57.590378  37.202324
  28.536026  54.609993  43.398003  39.451397  50.072742  47.658276
  47.029293  41.00342   48.305775  45.66116   36.42248   45.599106
  59.66217   47.060917  38.493904  38.642387  36.672142  53.864532
  38.41821   39.384083  31.788599  39.98335   47.424564  39.233204
  39.89009   33.896378  54.137222  41.148834  31.065802  43.260612
  46.52996   44.580845  44.349697  65.488686  43.000523  46.007034
  56.991173  47.372356  34.270275  49.378433  40.762577  60.51913
  48.190994  33.097954  45.178772  34.910942  39.37207   61.163746
  45.04816   51.25879   44.96622   37.0693    49.810787  50.84356
  35.66948   31.952053  38.30534   40.872063  39.88085   52.692787
  46.83388   74.08598   64.51851   31.155064  41.415695  49.301094
  37.57119   50.038113  34.931274  33.25284   50.47232   49.786285
  34.74712   44.64122   45.660885  46.72466   49.188953  50.27553
  31.355001  39.946815  36.906677  39.77184   44.076195  44.231087
  32.874527  51.913296  54.9346    32.515656  49.633987  43.269638
  37.4273    38.626568  42.08943   46.773636  42.043484  42.35804
  65.90904   44.56261   59.72961   48.82203   42.450657  59.56967
  46.40393   44.63017   54.76259   42.502666  58.867283  43.421795
  43.249466  42.271614  40.77936   36.41378   46.88461   40.447628
  42.379684  38.88023   40.632965  41.63015   47.33939   52.785954
  47.36827   40.37549   42.575497  40.123116  34.751865  36.959663
  45.99804   47.598396  46.99896   83.526306  33.17998   69.95568
  44.726242  47.845497  43.564434  34.33788   52.274204  49.638706
  44.845898  32.852398  43.361843  32.240337  35.054043  38.46929
  51.07137   56.52907   37.738255  64.62017   31.00246   46.677124
  41.376266  38.48516   43.487217  45.843372  55.98401   53.569164
  37.814938  41.330387  70.955086  41.460518  38.446392  34.74781
  37.97078   41.605537  54.125584  49.50172   48.14346   39.72777
  38.507614  55.059868  45.701397  37.19149   38.911366  41.64557
  38.008507  39.484493  46.882454  38.73682   36.275402  54.213673
  36.350666  37.660732  39.16593   40.903946  60.371384  38.437492
  52.939335  47.78006   65.24056   44.701233  43.29781   57.13777
  58.500027  41.41289   36.16403   48.53864   37.416626  41.788498
  35.80353   35.052162  48.813847  48.218006  45.00443   61.450264
  50.466644  45.959053  41.380272  49.386387  42.174675  49.926243
 105.556625  32.56584   45.059124  39.292465  39.581806  78.19573
  35.075108  46.65748   77.35055   43.080265  44.783077  40.372955
  39.15622   43.500374  44.537186  43.138645  41.14593   38.598057
  48.930912  57.309105  49.324482  35.832237  50.071873  49.17639
  40.72508   69.403404  41.87206   38.22003   47.167316  39.13817
  37.14685   66.13215   37.471764  37.127243  55.449337  48.033875
  49.42356   50.851955  32.11471   38.851883  37.28692   47.49059
  50.495426  54.979145  38.33441   33.104507  41.78661   38.681637
  37.58638   45.8508    62.587566  44.694717  43.266403  52.79626
  65.03358   47.862404  38.977562  55.9141    38.445587  40.58613
  33.29649   62.670315  30.795439  35.29438   48.780697  44.387283
  46.472797  45.902443  32.851395  53.570244  44.03377   54.00431
  44.65618   31.809673  53.787144  40.859455  35.713543  53.988876
  57.235825  40.25583   56.8306    76.0842    35.831436  41.290863
  38.22233   42.46418   44.529552  59.734043  42.815254  38.059406
  32.17676   52.29393   40.611217  53.4459    42.342278  41.383785
  38.82319   30.848671  30.27639   40.941963  33.011787  52.798977
  47.90761   41.259937  42.76324   42.77054   49.83057   45.62014
  35.110607  35.80915   45.6501    50.891792  41.57676   47.12564
  34.179485  32.29546   46.595337  47.781544  57.136147  43.93103
  45.13456   52.016068  41.330894  42.665047  48.380127  39.695423
  45.25398   42.047043  31.577549  40.56298   52.716957  39.676754
  40.66323   46.705074  49.310516  32.056255  30.068384  38.945538
  52.341366  40.805492  43.99814   40.954823  43.371742  46.97407
  63.966717  33.936577  35.601307  46.106598  41.022095  38.932148
  32.684963  40.206043  30.91597   53.870686  51.8639    62.836994
  53.04901   39.20729   42.283928  36.48483   43.944527  56.962643
  42.9654    42.442616  50.06015   64.364876  45.484142  57.759007
  48.427883  40.1385    59.765907  54.50001   42.456295  36.9795
  38.058884  61.67073   47.209454  48.985943  50.2636    52.619137
  41.51748   39.083057  39.0656    46.732773  43.38154   48.12936
  38.393593  44.182217  42.25328   42.893265  41.015747  54.449783
  51.098755  45.006683  48.156685  52.822987  44.850136  49.126137
  39.432724  43.259758  34.616127  54.885284  42.68687   42.727646
  43.581657  37.783924  30.610624  51.58366   44.96803   38.002575
  43.60231   50.09443   56.413147  40.71765   37.86816   46.229027
  43.030846  53.411053  30.228144  48.08199   55.341034  47.779926
  35.788094  38.678944  61.490196  44.86147   39.543167  38.227814
  45.06588   42.14971   38.77599   40.50536   39.15028   45.13547
  42.823296  37.66026   37.137997  36.398586  54.482788  43.318104
  44.28585   72.71947   42.514202  36.15027   49.976677  32.584232
  42.956997  48.78166   39.390903  44.324066  55.91829   51.998806
  46.732685  37.721344  39.461514  53.65564   48.283432  49.5267
  54.904102  50.4103    41.71362   68.2672    49.62088   41.56375
  49.24847   59.687252  39.20138   36.45321  318.35474   50.693493
  43.574062  65.31379   46.755074  42.85505   39.560993  30.855978
  35.51623   56.873676  39.28596   49.803608  66.32894   46.597828
  48.744488  55.51794   41.01139   50.047604  37.89743   47.523888
  90.467926  60.845436  39.279755  55.227943  38.87913   52.072445
  40.45174   43.461506  29.650982  59.784317  38.66359   44.270706
  47.219105  31.015995  33.790775  32.800606  40.84488   39.664467
  39.14979   41.38432   58.182617  43.345284  48.076683  43.467896
  42.00447   46.901436  60.50463   34.833195  46.159767  41.955853
  38.79766   45.592278  72.66743   52.777283  32.848938  55.970154
  61.73763   33.447823  39.929405  63.910725  48.169216  50.093056
  36.00714   53.936684  49.106094  38.16719   53.82617   50.313984
  45.853912  48.00926   33.52846   42.45786   47.906902  34.146866
  60.548378  37.200222  34.17891   38.780357  51.78381   32.477497
  40.32699   39.315254  48.140957  32.30055   46.112286  47.041397
  37.26419   30.148798  46.678253  40.27574   44.714134  28.777946
  55.040047  40.696484  33.611095  51.372704  39.0758    34.694946
  40.23201   40.67751   44.140816  36.621403  48.58116   60.790154
  39.388268  47.59087   40.70389   35.01662   57.55026   48.20226
  43.41235   38.59922   89.571205  43.93348   44.13077   64.45981
  41.062836  50.304363  45.30835   43.166935  57.738472  46.101574
  37.526695  46.196266  36.10275   68.05494   45.344505  41.8081
  54.94721   44.633724  35.502537  40.403465  45.4784    49.249054
  31.652172  36.814632  38.49556   41.8719    40.380543  41.041126
  42.246784  35.833984  29.507763  35.357178  47.305534  40.918266
  40.772797  59.158024  47.235657  37.33165   47.590145  45.87366
  36.701717  43.45642   41.258713  39.139698  40.71968   45.163456
  32.24796   42.92031   34.65589   59.07195   46.161663  37.939777]",0.09202127659574467,0.20107332865397134
1,35,1645,"[[ -4.273443    10.360714    11.293858   ...  -0.04422802  -2.8184788
  -17.651487  ]
 [ -7.0829134   -2.3939736  -13.787453   ...  -1.2310894    4.169223
   -4.9340935 ]
 [  1.1981587    3.0841892   -1.3459349  ...   9.888393   -12.981891
    8.671132  ]
 ...
 [ 11.440856   -11.922727    -3.085909   ...   7.739515    -3.2177207
    2.065386  ]
 [ 12.832497     0.46997997  11.999413   ...  -4.6638637    3.9127789
   -2.591587  ]
 [ -2.0793006  -31.39354      5.536666   ...   1.4701867    7.5116863
    3.4800582 ]]","[ 42.72531   44.599224  40.258698  36.728653  34.638515  38.164284
  41.88745   51.954357  50.609238  42.954132  30.610064  43.551105
  36.23964   38.93532   41.202744  41.159657  47.499924  37.780243
  33.705975  31.358612  30.488388  36.488018  51.304493  32.696865
  39.66776   43.316357  43.568542  41.21523   38.323406  46.34216
  46.150654  37.863537  41.31145   35.077164  43.24489   34.3043
  37.825012  37.55302   40.829044  37.933044  43.694885  40.205063
  29.359798  34.603615  37.72176   41.36805   54.90042   39.599323
  56.875187  43.565388  40.28093   42.039494  44.7255    49.00123
  39.768917  37.97415   34.338024  67.66926   33.615547  37.35694
  49.412926  31.05643   44.335335  44.893837  34.576736  41.79165
  46.810623  37.170773  40.659473  45.43044   34.4545    42.76397
  31.757383  36.277603  44.86483   32.919163  33.733154  33.333107
  42.370117  50.871323  32.068844  51.861504  39.519604  42.066326
  40.608055  34.073944  42.869724  37.66258   37.44129   33.865265
  30.69142   39.22657   37.954575  58.48583   43.69386   54.030453
  45.93431   33.155376  43.714634  42.529984  44.369007  36.379795
  53.61135   40.601418  34.54057   41.773113  59.41247   50.62143
  35.050232  37.58195   36.092754  37.507896  50.83608   43.74402
  44.142185  33.112877  57.8686    48.85376   32.858936  60.561905
  32.619987  49.205326  34.726646  37.612442  54.388126  35.655922
  27.568974  51.652508  39.46459   36.86805   44.955906  46.67767
  43.26223   39.959553  41.017345  42.43423   33.980167  43.2685
  55.083447  42.835976  34.163807  34.897354  33.241215  49.028065
  35.139317  36.053463  28.666048  36.203114  43.623043  37.956688
  36.533134  30.29263   48.753654  39.200665  29.053375  38.151497
  39.99355   40.832832  40.59969   61.329964  39.59054   40.61932
  51.60219   43.235783  33.33122   44.729733  39.614323  52.298943
  42.07093   29.628431  42.519737  31.297329  40.3034    51.978188
  44.520584  48.152637  39.115265  32.519497  45.135918  44.451717
  33.881504  32.47765   34.522774  38.55679   35.793495  42.97372
  40.640926  68.75002   57.651436  30.080307  41.603817  44.81187
  36.558357  44.83338   32.57106   29.466234  45.566254  42.679745
  31.635532  42.565334  43.002846  43.25185   43.7192    50.10124
  29.776941  37.35313   33.944027  38.778984  40.670643  41.806084
  28.767107  46.922173  48.466785  29.99131   45.23053   38.365116
  33.717777  36.709446  39.221447  41.64282   38.634575  37.85381
  55.629173  38.44367   50.427982  44.189514  41.94686   56.613598
  46.937645  39.978607  49.541622  40.391376  50.597023  40.02248
  38.35336   36.10733   39.27146   35.595715  40.066723  38.649574
  41.376907  36.111946  38.59155   41.425518  44.46298   49.610405
  43.67846   39.529034  39.4888    37.55675   32.484528  33.868034
  42.973633  44.873722  43.060444  67.22429   31.918144  51.38501
  37.679737  43.61235   41.202065  35.41235   47.41553   46.227238
  39.46853   29.97822   43.95618   29.08012   32.33019   37.008717
  46.61972   54.4203    35.89008   59.088272  31.711458  43.58225
  37.463127  33.331593  37.92437   42.82688   53.047215  48.917408
  34.21106   38.14995   65.80319   35.63112   36.13208   32.664993
  35.624332  41.29454   46.833374  44.539722  42.667118  37.982586
  37.07533   50.11574   42.975334  34.27991   33.700844  37.98494
  36.650517  38.660603  45.122692  37.1553    33.893875  49.312595
  34.282406  36.866413  36.61422   35.629223  50.857407  36.20926
  43.27465   43.135498  62.397385  42.13923   42.615795  46.393158
  53.66811   39.53439   32.789722  49.042316  35.414505  39.153114
  33.881252  31.574041  45.142784  46.182438  42.080624  54.168217
  46.451023  44.53057   38.054234  44.999496  40.44851   45.520065
  87.07181   34.28038   40.625446  35.168488  36.89876   63.13011
  31.652645  40.900295  69.78346   41.350502  38.72679   39.206932
  38.83194   39.355415  42.12827   39.869785  38.158455  37.067192
  48.478268  53.64927   40.08384   35.25324   45.12858   46.54979
  37.902668  63.430992  40.43095   33.651134  41.564163  36.068363
  30.447298  57.978294  35.260418  35.12971   48.591564  42.898216
  49.360462  46.163536  30.437304  36.929337  36.22034   42.732517
  47.60553   49.007984  36.20737   32.026863  35.787743  35.24764
  37.097034  42.65762   57.800007  42.824142  41.42032   48.59071
  58.77546   42.23024   36.558136  48.40703   35.083874  38.178577
  29.583479  59.518326  29.517315  32.437183  42.30996   43.857426
  41.18428   44.150238  30.759914  49.253902  40.020523  50.345497
  40.72217   27.754452  50.557213  39.009365  32.775967  46.737064
  54.44883   39.296234  49.489773  57.794525  32.245987  38.49416
  34.035263  37.034416  40.615837  51.589104  41.16844   37.473854
  31.890902  46.05116   37.27335   50.621162  39.2065    37.941105
  37.219433  28.330635  29.645582  37.77383   31.255909  48.624413
  45.72212   34.9191    39.722477  41.900166  44.926598  41.602108
  34.047283  32.69562   42.468628  47.130703  38.460587  42.626358
  32.29783   29.009722  47.502426  38.779186  49.987926  45.420628
  43.317486  50.549408  38.56895   35.952988  47.831688  37.51419
  41.98967   39.899265  29.852     37.437622  49.47124   34.1089
  36.651863  42.80854   46.34787   30.044962  27.552197  35.478313
  47.70329   37.951656  39.69717   34.63455   37.017113  44.11514
  54.99013   31.18389   34.32185   41.91991   36.541626  35.21552
  30.059149  35.055878  28.614176  48.897026  49.89113   57.30606
  48.185364  36.944176  38.244534  35.144314  38.90207   49.65713
  36.19268   40.234882  48.675186  56.737743  42.44824   54.05188
  42.407627  31.454775  56.572666  48.597023  37.85495   34.07182
  35.97259   57.68463   43.129135  44.088036  47.055286  46.9959
  39.477356  33.53731   36.20563   43.106026  40.10889   43.294094
  36.6746    41.43865   39.871197  39.921925  39.91396   50.104725
  46.96899   40.240402  43.02667   45.619083  41.71297   45.54162
  36.84015   40.45401   32.532173  53.11553   40.941837  39.150314
  41.88186   32.974106  30.21613   46.877903  43.38471   32.640175
  42.19806   44.948006  50.526352  39.57055   36.494072  44.190857
  41.106224  54.501526  28.007706  43.20302   49.82902   41.73612
  32.87087   35.66252   56.121685  40.345036  39.241882  36.4665
  38.873325  38.43547   37.402634  37.847363  34.735245  41.578766
  38.770706  34.611744  34.95436   34.326397  49.09981   40.24756
  44.313602  60.099476  38.659473  35.518383  44.123528  29.555075
  40.017254  47.437595  35.543056  38.595078  50.17477   46.612034
  42.464836  34.535408  34.952496  46.80784   44.31299   45.662155
  51.46202   42.70498   38.49983   60.21641   47.117695  42.09442
  44.516266  57.014595  34.72368   35.086487 293.7182    48.882355
  39.48407   59.19878   43.83985   37.396496  34.628998  27.35413
  31.46205   55.328434  33.940323  48.324074  61.559914  44.660126
  43.886524  52.006626  40.37972   47.451447  37.602047  41.908432
  77.97022   52.225418  37.848866  49.33199   36.103813  47.77071
  38.71094   39.219612  28.153864  51.565323  35.851498  40.149696
  43.439182  29.034607  32.71581   32.217957  40.457153  37.540127
  33.854675  40.664143  54.44499   41.63794   42.053524  41.907547
  39.15647   44.589993  45.80188   31.603441  44.119255  40.923866
  34.84583   40.932945  67.068726  49.076363  32.227036  48.54843
  57.999596  31.449852  37.57282   51.74569   44.734024  47.733658
  35.064224  49.111977  47.063828  35.74518   51.454586  48.492073
  43.162422  43.685715  31.247627  38.141216  44.415154  32.01884
  53.57544   33.832985  33.084545  36.49543   46.62514   30.070791
  36.619392  36.621494  46.09432   31.925194  43.71255   43.13885
  35.19859   28.609987  44.801834  36.499172  40.68245   27.438255
  52.119785  40.636078  31.942715  46.822636  35.410652  32.1115
  38.991253  36.441788  40.911133  35.946163  46.901382  51.505127
  38.112556  41.392128  39.408676  33.486244  50.854053  44.009033
  39.433674  37.674664  77.98883   37.407974  42.388992  48.660637
  39.74978   46.309658  39.546265  41.959824  50.840626  40.415108
  34.15936   44.397476  30.1939    58.230442  39.87564   41.45334
  48.535534  38.92322   32.910645  37.159966  42.2955    44.15961
  29.703728  34.857574  36.23691   38.514065  35.503105  39.82439
  38.951332  33.516254  28.742744  32.86347   45.694885  40.18042
  37.8359    53.188625  44.30505   34.436356  43.630844  44.014435
  33.20092   41.3548    38.9084    36.480278  33.36563   41.677048
  31.86714   40.397686  30.859201  55.079926  43.759228  35.069588]",0.149468085106383,0.25713568876187004
2,35,1645,"[[ -9.313647   -11.148663    -0.8227162  ...  -7.9863377   -4.345371
   -3.6209824 ]
 [ -2.4627519  -13.447283   -10.641702   ...  -6.8050137  -11.588478
  -10.403261  ]
 [ -0.08563837   6.331073    -4.9397464  ...  -5.092618    -2.4216113
   -3.5164015 ]
 ...
 [-12.677233     6.3598347    7.308498   ...  10.199372    -5.932133
   11.059415  ]
 [ -6.605385    -2.696449     3.7814333  ...  -2.330399     1.0261952
   10.0158615 ]
 [-10.554917    -4.385272    -4.585705   ...   9.521811     5.4003763
   -4.138819  ]]","[ 38.03308   42.726757  39.556374  35.86489   33.893333  39.629562
  39.46381   53.080894  48.444458  40.17525   28.908129  38.99604
  33.4975    37.27915   39.867485  41.236355  40.76219   33.550056
  31.773987  31.103895  28.269234  33.771355  45.150547  31.059486
  36.690678  38.851864  39.97717   37.947456  32.95781   40.719055
  39.5299    37.861656  40.428623  31.251066  42.222668  33.12597
  34.395927  34.368713  41.08375   35.071724  41.486942  41.975178
  27.95885   32.11781   36.472908  38.101837  53.9488    34.724792
  50.52591   39.86246   36.60726   36.514732  39.969044  45.310856
  36.956707  36.45264   32.527107  56.05089   30.60111   36.57397
  46.347134  27.663742  39.056904  43.843834  30.882082  37.39494
  41.38427   32.796177  36.5667    42.65947   30.963364  39.776913
  29.839428  33.759777  38.725464  32.526497  30.917223  33.574215
  39.69104   46.37633   30.847775  42.719997  36.77981   41.255898
  43.457195  29.109812  37.6971    33.334282  35.17967   31.318836
  26.930151  37.84255   35.707138  51.122177  40.07707   51.143414
  39.266697  33.86615   40.696117  41.32648   41.170513  34.016228
  47.883713  34.3398    33.418087  39.927685  51.369442  46.70698
  33.991688  32.91288   33.751404  35.46455   46.30434   40.95861
  42.143993  30.793417  54.97737   40.53016   30.017101  57.654835
  30.498539  46.770756  30.812626  35.63491   46.349632  31.946707
  24.831392  49.748352  37.14317   32.242554  45.259132  42.409122
  39.47349   38.48343   39.314877  39.84081   32.35105   40.928818
  53.724648  38.445023  32.482166  32.15459   33.214706  44.62467
  32.63479   35.574738  25.895906  34.6831    41.22972   35.01927
  34.879765  28.393751  45.281914  39.312492  28.50572   32.788685
  37.32494   35.395348  38.684723  58.09176   37.274246  38.26936
  50.39519   41.29708   30.602638  41.195023  35.08384   44.669697
  38.07892   29.699562  39.558884  29.463665  36.46224   50.027092
  41.466854  43.353485  35.341255  30.3255    44.22256   41.751522
  32.01152   28.89066   31.12993   37.04732   35.16133   36.70831
  38.265816  65.35571   46.806263  28.834162  38.329876  42.174656
  35.039543  42.63945   29.611343  28.477839  42.19253   36.890438
  28.87923   39.957195  39.661366  42.31604   41.761414  43.35204
  26.281433  35.15437   32.676323  36.442554  37.221348  38.88703
  27.255121  39.992138  42.574486  29.099173  37.767498  33.418697
  31.488897  35.434826  34.90024   39.530556  37.480488  36.34833
  49.919704  32.70721   44.805622  41.46535   40.08044   51.695095
  43.148193  37.629868  46.99661   37.739147  49.120342  39.166138
  35.735893  32.99305   36.80976   32.919586  34.813137  35.74902
  39.108723  33.738758  33.514236  37.73505   41.298634  45.85805
  41.20722   35.821644  38.39942   33.638824  31.309717  33.079773
  41.217045  39.164154  38.353092  55.671413  31.971174  38.541393
  32.390285  41.416523  39.645973  33.435303  43.705902  45.5316
  37.15873   28.280325  40.332672  29.92368   32.150352  33.163982
  45.69418   50.222755  33.153046  51.457634  28.796114  36.739708
  36.83447   32.353237  35.143574  37.811867  52.499187  45.667336
  32.156414  37.763348  62.053707  34.466293  32.95837   31.671484
  31.742737  37.521824  43.46908   41.363308  38.370758  33.333847
  36.35688   42.75488   38.72697   34.980778  29.938     33.994953
  33.78685   35.29062   39.26279   32.8017    30.791992  45.988014
  31.338009  33.232082  34.281303  34.68051   48.1825    32.23755
  42.30011   42.70596   55.144455  37.8056    37.473328  42.018105
  46.51799   36.058216  31.888338  44.301075  34.68346   37.532883
  33.093628  30.130926  40.8124    42.537987  38.5131    48.49682
  46.37414   42.53798   36.029736  42.71375   37.90682   40.739178
  80.18272   32.388638  39.935265  34.716682  32.96878   51.790874
  32.907692  38.040806  64.35562   39.37425   33.51227   39.53818
  35.898895  35.905983  37.587776  35.696907  34.305595  34.216125
  45.942837  43.909584  37.934296  33.170105  41.656357  41.327656
  33.43904   59.434284  37.435432  29.921614  40.48188   32.032894
  30.735992  56.961266  33.246147  31.810545  50.042683  40.997276
  46.31411   38.991238  28.526413  34.233456  32.457714  39.84333
  45.576195  44.31526   32.084686  29.411655  35.7276    31.653488
  34.270115  39.979652  51.84147   42.457993  38.23019   43.16629
  51.922005  35.28793   35.31598   43.911114  34.397243  37.0014
  28.478199  52.36891   28.67032   29.960424  37.996597  38.86822
  39.066505  41.483566  30.951078  51.856346  36.086246  44.403725
  39.11373   26.953876  42.963745  36.71381   35.03622   43.98767
  51.433342  38.264336  47.229637  48.169537  30.599169  34.29734
  28.979877  36.454536  39.758633  45.041363  42.792553  36.00444
  30.20261   40.70841   32.066914  45.9315    34.79894   38.095802
  35.657074  26.333252  27.504684  37.369892  29.071678  43.404396
  43.937336  34.730343  36.34823   37.658703  42.86288   39.686596
  32.88666   31.016085  40.84557   42.2617    36.86496   41.979126
  29.03188   27.916481  45.605705  37.27983   47.55649   43.96166
  40.07793   49.62866   36.46242   34.66585   44.080025  36.89086
  39.182167  35.776234  26.450375  34.15594   48.358803  33.88964
  32.57644   39.201927  44.15607   27.472448  26.161058  32.417114
  45.5704    34.77247   38.41775   32.07513   34.10483   45.329792
  56.78785   30.401321  31.0741    37.09424   33.70052   32.213146
  26.659338  31.902363  25.507826  44.141636  45.113976  51.67796
  45.944763  35.26056   33.38052   33.282986  38.189507  44.663887
  34.196426  36.763382  46.27522   54.46041   38.15958   46.573444
  37.005634  25.834013  52.92836   46.151764  33.847782  31.881691
  32.656452  50.60755   40.278923  43.56229   41.59236   45.484337
  33.720615  30.036776  35.574665  38.805668  34.914658  38.600338
  34.893597  38.20176   37.377026  36.04981   38.79281   48.64794
  41.748993  37.224762  42.42438   43.26279   40.519104  41.82067
  36.228218  35.85288   31.570095  48.452732  37.359703  36.018726
  40.55744   31.060268  29.005535  42.244514  39.529346  30.354225
  38.84046   37.170166  44.356716  36.463688  33.021133  41.18596
  37.44133   47.515804  27.995459  38.632828  44.884712  37.33971
  30.72618   34.10448   48.88145   36.08524   37.847794  32.743534
  35.48159   36.47508   32.982704  38.215454  32.818558  39.62755
  34.85563   32.45143   31.396793  32.895317  44.68121   36.38209
  39.811535  55.072083  34.380154  32.91091   39.767323  30.089725
  35.472507  43.574608  33.396175  36.597935  49.05139   40.644623
  39.444454  32.220673  33.788918  45.931343  43.961216  41.868256
  47.48546   39.32894   37.087753  58.05874   42.28192   38.066566
  39.999302  52.671825  32.202538  32.21124  293.69077   47.04525
  37.140068  51.673412  40.161892  34.542282  30.410166  26.989244
  29.920786  49.926525  33.60757   49.375656  57.085403  39.71953
  39.198273  48.516884  37.27352   46.007305  34.67827   40.847008
  66.83369   44.049614  34.774536  45.95517   37.3723    44.771263
  35.16127   34.554886  25.535475  41.874073  33.20191   39.2173
  41.010937  26.33277   31.643433  29.330578  38.52759   35.35222
  30.201275  37.091988  49.692097  37.69511   39.6999    36.079155
  36.304985  41.98566   36.478584  29.476158  41.510212  36.36757
  35.969345  37.3864    62.775074  46.17484   29.707968  43.527515
  49.899273  30.806707  35.536465  47.20163   41.014126  42.625607
  34.370567  44.79703   42.989323  33.293247  47.874744  47.086388
  41.25057   38.867012  30.509802  36.656754  44.71818   28.604853
  47.548832  31.94199   31.061745  36.012955  43.629242  30.50309
  35.871758  35.163574  42.176136  31.092905  39.84351   39.44655
  31.790237  26.429214  43.96271   35.872326  37.926723  25.327291
  48.857937  38.756805  30.326122  40.86756   34.798084  30.037607
  35.83135   33.092896  40.896538  34.435028  45.861263  44.57615
  36.53528   42.18446   36.622078  30.621614  44.944347  41.8876
  38.38386   36.32096   68.777695  34.172382  39.662533  47.304535
  36.501957  43.597137  38.79759   40.530922  49.8615    36.58477
  31.811275  43.83941   28.293262  53.118214  34.50397   37.377583
  48.211773  34.063534  31.34265   33.600006  40.037827  39.444122
  27.203642  33.291897  34.35302   36.90026   36.170006  37.784466
  35.74183   32.85372   25.871525  32.739338  42.98832   35.114082
  35.21189   50.05738   38.584442  30.621498  41.100716  39.611084
  33.451263  41.020184  37.87221   35.016304  29.52011   38.6549
  31.222576  38.181683  28.7403    47.78613   41.858334  32.26566 ]",0.24680851063829787,0.32008401056130725
3,35,1645,"[[-4.395603   -3.5047135  -3.5807571  ...  0.40439904 -6.438412
   1.631646  ]
 [ 0.9157507   0.27693602 -2.990448   ... -3.1062167   0.80449855
   0.47832006]
 [ 1.2622361  -5.217584   -0.7429889  ... -6.154489   -0.14409722
  -3.849528  ]
 ...
 [ 2.8294947   1.4360582   1.0064117  ...  2.293924   -0.5270327
   0.4711755 ]
 [-1.8113754  -1.204346   -1.9587318  ...  6.2771053   0.41293973
   2.2981243 ]
 [-2.916813   -2.956002    3.6938357  ... -2.3139634   2.9192007
   1.3272898 ]]","[ 35.89455   39.60322   34.02201   33.347755  29.769485  36.9679
  36.05675   46.630062  37.422405  35.501965  27.738747  34.211998
  30.800032  36.03021   33.850132  35.990215  33.889355  32.825195
  31.524063  28.420708  24.823631  29.830652  42.183487  29.148893
  32.573128  35.823635  37.30718   35.314873  30.627201  39.83336
  34.31096   37.015915  39.30639   27.935436  37.189404  28.497156
  29.495552  29.765661  36.739307  34.278046  38.695217  39.2071
  26.48798   29.349161  33.02189   34.0349    46.2842    33.158092
  44.782547  37.695118  32.73406   33.502747  36.850792  40.5251
  33.68658   35.452877  30.846466  53.881714  26.178204  36.445045
  40.568764  24.955307  36.908234  38.036793  28.547926  30.877115
  40.065384  32.637062  34.550343  40.128326  29.97236   36.888474
  27.86226   30.475616  35.435623  30.539865  29.258633  29.797377
  35.765015  44.1042    27.570944  34.785236  31.642485  34.93622
  37.443195  27.247179  35.704056  27.589178  32.555904  29.245207
  25.810183  34.94781   32.150124  46.743412  37.861435  44.029377
  35.147507  30.320219  37.148438  38.921513  36.477222  31.6818
  45.018192  33.21885   32.26416   35.997574  44.20859   39.308723
  29.922468  28.444149  29.397926  31.69244   40.210278  35.23583
  35.994087  30.452518  49.57134   31.282492  28.422382  54.757805
  26.580051  42.948204  27.080038  31.988214  41.766827  29.338486
  24.104174  41.536446  29.791996  29.643303  39.411884  38.704155
  33.708443  34.96779   36.350235  34.293964  29.279526  35.402847
  45.6177    35.62148   32.149685  29.605892  29.439165  41.42248
  31.010824  34.59036   23.198538  33.53194   34.970573  30.270874
  33.85269   24.209486  41.455444  36.196533  24.269701  28.521423
  34.37508   34.017292  36.34891   49.424763  32.752316  36.15224
  47.3825    38.416706  29.172132  37.640182  32.02342   37.764107
  36.47062   25.364117  34.303387  25.248632  31.824837  43.550827
  39.78246   37.44516   33.123734  30.338196  40.49498   39.260387
  30.273453  29.908283  27.365099  35.24395   31.641127  28.748571
  33.661404  56.62566   40.233864  26.993755  38.02114   37.813175
  30.720566  39.62174   26.691864  26.31403   41.910183  34.166626
  27.798489  38.591217  34.69014   37.5133    40.875313  39.04842
  25.52452   34.035713  29.074488  31.149097  33.411953  31.812696
  24.640862  37.21554   38.72294   27.744083  34.563816  31.30252
  26.951363  30.933243  30.095642  35.377705  34.014637  33.514904
  40.765686  30.025803  35.97127   36.409225  38.319477  46.926216
  40.024193  32.68758   41.544025  33.824574  38.54966   37.000526
  33.541325  30.431715  34.010933  28.322508  31.58682   35.46092
  35.901474  28.561255  30.594439  31.299824  35.436905  40.073887
  38.72937   29.633694  36.78476   30.520065  30.717411  32.781628
  38.190147  33.457127  33.40209   48.4467    26.932678  32.782307
  27.503126  40.06592   35.554016  29.53669   34.14287   38.723335
  31.658195  26.908548  37.879364  27.983706  30.087128  30.323915
  42.151554  44.887924  26.2515    43.791424  28.031624  35.15391
  33.30107   26.978277  34.16058   33.867527  44.679306  42.00893
  30.005194  32.610054  52.96136   31.683455  29.864025  30.916122
  28.0031    33.124428  37.16307   38.11938   35.317135  32.27336
  33.035458  37.164715  36.188904  30.891666  27.53733   31.423172
  28.769346  31.764328  36.083206  28.726948  28.106335  40.41961
  31.453493  30.391949  30.802755  30.523876  41.23885   29.796124
  37.965443  34.992706  47.747902  31.964247  33.312515  38.77674
  39.785603  33.085976  30.386505  39.895172  31.238657  33.080605
  29.412886  27.63622   35.65076   40.09438   36.21911   40.791847
  44.684925  35.654312  32.287994  43.423824  35.58615   36.77922
  69.16223   27.708038  35.622437  31.293734  30.95667   40.78822
  29.375624  32.15326   52.697525  33.89662   33.133137  36.646564
  31.308521  32.27553   35.093384  31.64276   28.58698   29.350155
  42.98238   38.91162   34.487667  29.130074  39.238876  37.39754
  30.494968  57.86611   32.804985  27.596663  36.851765  29.015774
  26.574703  50.51986   30.940195  28.216078  42.033756  31.565393
  39.71231   35.355682  25.614311  32.16891   28.52488   34.646767
  41.759243  41.75096   28.851915  24.670568  32.654648  28.727545
  31.726765  33.487896  46.439903  37.591087  35.758533  39.230976
  43.844063  30.453318  34.861076  38.391106  32.512955  32.123566
  29.127533  44.523087  25.326214  27.63884   34.340786  34.68525
  38.340977  36.42587   27.828108  47.475346  31.520987  38.24297
  33.929497  25.462305  38.808773  35.551853  31.46077   35.296463
  46.99826   34.454853  42.736546  36.53168   25.09453   34.338535
  25.856428  34.31674   33.221714  40.86363   37.56951   32.52934
  27.63116   33.46588   29.311848  41.137432  34.51866   37.679123
  33.614292  23.629675  27.94083   33.601196  26.380913  38.05435
  42.423893  32.199543  34.12585   36.212563  40.417946  35.895977
  27.698013  27.057714  39.924145  37.80632   33.609215  38.495747
  27.657152  25.520426  43.70373   33.966125  39.02231   40.664005
  40.032257  45.307755  33.729496  30.014725  39.40993   30.221926
  35.18076   35.412266  24.21809   31.202131  45.440586  28.71144
  26.519762  35.83204   37.279858  23.718887  25.804436  29.995161
  38.73804   32.086716  33.631165  29.620295  31.436722  38.967434
  48.0591    27.635565  27.953278  32.244053  27.982122  30.246683
  24.86532   28.192205  24.11215   37.535004  41.152855  46.511868
  40.444695  29.048992  32.794193  30.679272  33.260998  39.614784
  29.684994  33.13181   40.213985  45.86495   33.80544   43.71841
  32.666424  20.692204  50.785835  41.95019   30.236689  28.058277
  30.143232  44.42351   34.58131   35.357838  39.30469   38.053608
  31.78149   26.023153  32.250107  36.1866    33.094757  34.10004
  30.999743  33.176743  35.945274  34.705276  34.23202   41.33686
  39.31684   33.859547  37.089855  37.81719   40.241615  38.85202
  33.126682  32.670856  29.453032  42.35231   35.710033  30.684393
  37.303593  28.132494  26.408026  39.15723   36.88371   27.025402
  36.116585  35.86147   44.468536  32.96166   27.517881  38.031677
  33.734173  42.490414  26.70333   33.43908   41.606087  35.274113
  30.117884  31.540455  46.88078   32.60025   35.84643   32.363735
  34.087708  32.316517  30.405706  34.95352   29.87873   33.488506
  32.2214    29.835194  28.448683  29.820158  41.703876  32.07701
  36.29143   44.487427  31.35958   29.982258  35.62776   27.996267
  33.01947   39.705338  31.900713  31.180126  42.381252  34.622555
  36.919468  28.866034  31.74218   42.21556   38.201363  37.82658
  41.394783  35.745472  35.116398  51.001316  41.522625  33.465076
  35.784912  45.492092  32.095535  29.680279 271.60428   41.880238
  34.389572  44.715317  35.38338   30.444965  26.915352  24.548632
  28.056019  43.402664  29.380583  39.6352    53.468483  37.205357
  32.5492    41.825394  34.152294  40.72151   28.264061  33.58897
  55.070415  38.451805  30.403185  43.88703   34.212467  39.037872
  34.026463  30.870745  23.977543  38.00829   28.677479  36.448925
  33.92232   24.091799  30.619867  24.963177  36.188198  34.17102
  26.164438  34.95262   42.206512  35.114937  35.942326  31.29927
  31.720251  38.087425  31.875486  24.570118  36.491093  36.851917
  33.915714  31.924864  59.486427  40.966892  29.48398   39.070713
  44.899906  25.161016  32.82484   45.799026  38.591152  39.70367
  30.632727  39.274883  40.825176  28.398232  40.797756  38.803867
  38.904903  37.61052   28.80887   34.224186  36.197647  27.29788
  41.48527   30.027494  29.287703  33.87853   34.80091   29.24166
  36.076267  30.087877  37.096775  29.187744  38.90138   35.808277
  32.578194  23.99192   39.927475  32.80365   32.863525  24.202301
  40.86959   32.138287  26.697191  37.262897  32.26154   28.913622
  32.310413  28.817657  35.217514  32.399647  42.11803   37.982494
  31.066002  37.805626  32.76779   27.897064  40.63085   38.069286
  35.98836   31.345348  54.097282  31.160505  36.436474  43.79908
  35.571842  41.223915  37.852654  34.859238  45.43957   30.575327
  31.483475  39.310177  25.908367  48.221367  33.0815    32.064404
  44.95235   31.736982  29.365074  31.883053  33.662285  36.474964
  25.272749  30.499825  30.089554  35.247044  29.754917  34.614803
  32.246094  31.029972  24.715464  29.022186  40.691643  33.73275
  32.427776  41.578117  32.486244  28.534836  34.79914   33.358887
  28.672817  37.29623   34.010773  29.6968    26.010427  35.35669
  28.69677   36.25138   26.865519  46.78872   38.280174  29.739779]",0.36914893617021277,0.390800670782725
4,35,1645,"[[-0.5307922   0.6920824  -2.2635226  ... -2.2618234   0.04401383
  -0.21283157]
 [ 3.0309966  -0.2613899  -0.8661538  ... -0.0642807  -1.6854612
   0.16027428]
 [ 1.6063238  -1.1171972  -0.07858494 ... -0.17626734 -0.582406
  -0.6219214 ]
 ...
 [-1.9192008   1.7300965   1.4498727  ... -0.21005633  2.2203057
   1.6643695 ]
 [ 1.6069541   0.6366926  -2.2881775  ... -1.6142815   0.33426616
  -0.1254151 ]
 [ 0.96431684 -0.74555314  0.07700175 ... -3.3999383   0.89662665
   1.5799311 ]]","[ 34.336582  36.37761   30.869665  30.792263  27.739382  31.612839
  34.05191   43.638954  34.566074  34.01889   25.661427  31.65515
  29.095173  32.138756  30.016006  32.762127  30.814604  29.230297
  27.953693  23.569447  22.743126  28.83483   35.918915  27.40688
  28.259169  33.130405  34.754795  32.862343  27.313612  33.175793
  30.549738  32.385914  34.236607  25.799047  33.0559    25.079826
  27.560469  28.012634  33.458336  31.94093   33.70047   37.0296
  26.309034  26.763186  32.74174   32.0912    41.345215  26.960306
  37.9961    33.12498   29.869074  32.50908   32.778095  36.61669
  31.343216  32.00262   26.654646  40.52689   25.02165   31.683668
  38.224415  21.809616  34.789032  34.829514  26.731833  28.57584
  35.057274  27.922815  29.59102   37.630116  28.185816  30.595383
  23.242163  27.24065   32.072388  28.671156  27.18604   27.333466
  33.780376  36.067078  26.387007  29.698622  29.353115  32.293518
  35.78685   24.572945  31.601212  24.90759   30.305233  27.10197
  24.17014   33.408234  28.489885  36.50621   30.754185  40.053127
  30.21829   28.032722  31.253748  31.330654  31.656126  30.822485
  38.142757  29.902273  30.28486   34.560135  39.239536  34.66686
  26.917442  24.602345  26.092905  29.610214  37.362278  31.66203
  33.434578  26.540493  39.44068   25.525671  24.649195  45.82253
  25.111223  39.2477    23.680218  28.97092   35.797153  26.281157
  21.697777  37.0212    27.917013  25.52656   36.24423   33.033047
  31.558311  31.026289  31.978306  28.180027  28.126715  30.820292
  41.34823   28.4603    29.093945  29.421276  26.078506  37.977184
  27.41562   33.37787   22.893167  28.731113  34.24898   28.381935
  31.106789  22.901108  34.70448   31.640984  23.285213  27.31549
  28.670008  31.300646  32.55883   44.78247   32.122654  34.19867
  39.932644  35.00849   27.62363   34.079285  27.742266  35.08787
  32.231777  24.284607  31.219921  24.634285  29.793306  37.41264
  34.940067  32.87443   31.638756  26.59194   36.961708  35.721466
  27.869875  27.990993  25.381668  30.583195  27.444784  25.748568
  30.772219  45.00273   34.60591   23.931225  31.664772  31.823233
  28.74668   35.177437  24.014013  25.007366  39.523834  29.19531
  25.258562  41.611134  30.72498   33.369743  35.30882   32.653107
  24.237793  31.145222  25.861395  28.376528  29.655506  30.09461
  22.242992  34.33626   33.23468   23.653975  29.95873   27.773178
  24.229452  27.883862  28.744892  31.581322  30.478884  28.030128
  36.190758  28.985987  31.19259   32.952534  34.339863  42.224083
  36.145557  29.799788  40.432465  30.34462   32.758545  35.182816
  29.277304  25.92402   31.570198  25.696156  29.312346  31.160936
  30.192356  28.663677  28.659626  28.100092  32.117027  33.525032
  33.099556  27.100641  33.378086  31.715687  28.925148  30.437284
  31.949553  29.933086  29.264399  41.16347   25.658325  29.448038
  24.99221   37.04813   33.43296   25.805658  30.958408  37.157066
  30.584192  24.794088  34.000034  22.117123  29.039127  28.18437
  35.546223  36.780174  26.228148  36.153633  24.679266  33.484062
  29.19518   25.658953  30.899899  31.17785   34.66677   38.684246
  24.828594  29.308071  48.108994  29.00034   28.423435  28.19891
  25.344545  28.008724  33.877953  34.617622  33.597923  28.176914
  30.191833  32.647476  32.225452  28.626602  27.101898  26.537048
  24.933462  30.110485  33.276913  27.39316   23.82189   38.512745
  27.936655  27.095657  28.524868  27.65484   37.14325   26.740665
  37.053555  32.922615  37.35309   30.870928  29.997984  38.02557
  33.691242  29.712948  27.650803  35.586346  29.506836  29.956644
  26.40768   23.514738  31.742     32.83323   33.1092    34.997177
  35.531734  32.389072  29.10354   39.63753   31.420305  31.915432
  57.063572  27.87186   32.005795  29.871656  27.23411   36.355976
  26.856953  30.709534  41.42703   31.119417  30.086792  32.331936
  30.040802  30.415888  29.623117  31.702242  26.601746  26.416603
  37.59955   35.00194   30.90017   25.702768  35.01834   33.88403
  28.63141   49.172794  30.347853  24.926825  35.13215   26.827883
  27.124746  44.18973   27.154007  27.431236  40.342937  29.069735
  35.531067  27.735489  22.79734   27.761759  26.60319   32.790916
  38.376904  35.057056  26.855507  23.464436  29.313068  27.529839
  28.642073  30.676819  37.772404  34.410347  33.32446   36.031734
  37.58349   27.110971  30.252129  34.21835   29.12273   29.429804
  24.50904   37.946503  23.073961  25.675238  29.646294  31.230545
  34.10428   32.258053  25.86135   41.314003  29.44752   34.56713
  30.79347   25.138222  32.199585  31.622051  28.299711  35.112972
  42.25345   30.733313  36.822243  30.41938   21.849234  29.718454
  23.875582  28.660515  29.91196   37.034077  33.405952  32.152065
  24.12684   31.708715  28.233595  37.11467   31.281754  30.417353
  29.928701  21.618301  25.194206  31.654297  24.798069  30.008228
  39.45637   28.313303  30.534666  32.45492   34.33881   34.482224
  26.011965  26.729864  33.53526   34.339363  27.870094  30.446142
  27.241547  23.531162  39.647972  29.856148  34.429752  36.201115
  32.24778   45.071323  30.156347  29.247942  37.10186   31.07892
  31.740593  30.850143  22.817     28.388418  39.466644  27.0154
  25.981775  31.702896  36.345894  21.081894  24.511091  27.094034
  34.924053  28.810623  30.441307  24.93847   27.47404   33.651436
  40.61954   25.264738  26.039286  29.929396  25.503933  29.813454
  23.885395  24.92055   21.245647  32.156548  37.129776  41.002132
  35.83003   26.618568  28.734196  28.032953  30.407242  35.394516
  26.360645  30.567377  34.83214   41.655323  30.334068  36.836414
  28.61086   19.700546  43.667767  31.694324  29.74808   26.559645
  25.873737  42.569412  31.854305  33.37011   35.22665   33.76126
  28.521122  24.329762  29.191261  31.709322  29.995686  32.380436
  29.65455   29.474394  32.118374  30.684608  31.385998  40.328327
  36.02824   31.547165  32.529533  32.016106  34.929222  32.217087
  30.629612  30.523382  26.591589  38.51451   31.277262  26.827774
  32.526943  26.017855  23.105991  35.138805  34.149845  26.524641
  32.874413  30.046043  36.250916  28.63681   26.97115   33.083332
  30.018389  34.545643  23.443005  31.246355  37.833645  30.139475
  28.729     27.8079    38.644302  31.013634  32.210464  29.043135
  28.809029  28.858112  26.713745  31.295391  27.479773  31.944532
  30.590849  27.355234  25.939983  26.444094  37.905006  29.075699
  33.231907  37.337032  25.863165  28.84253   32.02111   24.6297
  30.574982  34.824142  27.83742   28.42869   39.3879    31.825489
  30.936274  27.414904  31.774288  34.387085  32.449196  33.148907
  34.50943   31.657772  31.515022  44.071568  39.11855   30.751371
  32.018585  41.15846   28.656984  29.57362  260.57227   36.076637
  31.081297  39.565395  32.580948  27.737162  23.85021   24.123077
  26.173641  37.162884  26.328217  37.108696  44.763046  33.088478
  28.8358    35.109188  30.477646  38.948837  26.4082    29.28956
  41.702545  33.924015  27.17429   40.396606  28.326206  34.448772
  32.4106    27.54994   21.24784   33.800663  25.938576  32.579994
  30.623621  24.038603  27.954718  23.398315  34.060555  29.622269
  22.613419  30.439919  39.67951   28.240717  37.50512   27.865177
  30.850883  31.828878  27.034267  20.73255   32.138847  34.506054
  31.015387  28.57496   50.920547  39.659443  26.593002  33.51839
  36.834415  24.322308  29.20644   39.667854  34.60865   34.097397
  29.856915  35.702324  36.091545  27.150465  35.809647  35.816864
  34.685123  34.68919   24.990194  28.794794  33.02658   24.789417
  37.08504   27.065437  27.125916  29.85497   31.218864  24.472319
  31.304766  28.31382   33.720833  25.544409  34.48598   34.83124
  29.669312  23.32302   34.82851   32.117725  28.178692  23.62224
  37.546295  32.68521   24.315044  33.93944   28.320543  26.403423
  29.850883  28.32462   30.918425  27.856     37.062313  35.314945
  30.612011  34.931038  28.630314  23.29778   36.643497  30.29916
  31.920761  29.947838  47.023594  29.176884  31.908802  39.499237
  29.132217  34.36186   33.257095  33.37096   41.297043  27.624529
  27.75096   35.645973  24.395893  41.516     28.182348  28.408173
  35.77686   27.272068  26.877138  28.986021  31.19517   31.332249
  24.297577  26.557981  28.056026  30.002928  29.338406  33.014313
  28.995716  28.980894  21.559412  26.650023  36.78949   29.036076
  29.205877  37.17457   30.606323  25.952057  31.059513  30.59526
  26.129822  31.888807  29.769604  26.360094  25.378527  31.948837
  24.615028  31.647976  25.735163  43.73569   32.023277  25.585642]",0.4664893617021277,0.45212062299251554
5,35,1645,"[[-0.6333122  -0.78817827 -1.2480185  ... -0.93383944 -0.94648814
   0.15059318]
 [-1.1550907  -0.86622524 -0.3395308  ... -0.52297646  0.15341714
  -0.2910578 ]
 [ 0.61540806  0.21329677  1.0484458  ... -2.0896297   1.017828
  -0.73772   ]
 ...
 [ 0.7432503   0.00320961  1.584065   ... -0.87104946  0.5130843
  -0.2152858 ]
 [ 0.65080285  0.39805222  1.0719643  ... -0.7547189  -0.14963585
   1.3632022 ]
 [ 1.3313814   1.0820858   0.39548823 ...  0.30231193 -0.31241336
  -0.07486625]]","[ 33.01094   33.399033  27.871098  29.566906  25.044277  27.263481
  32.24605   39.183384  29.603155  31.391376  25.044733  27.971691
  27.709635  26.966753  27.511698  31.837563  26.789375  28.092644
  24.370005  23.621672  21.702059  25.007627  33.333805  24.043829
  27.14878   31.015543  31.621927  28.578548  23.37494   31.327778
  27.14718   29.8356    30.830029  23.256622  30.999945  23.463875
  25.459545  27.45636   32.585194  28.358404  33.073883  33.06323
  24.59219   24.90258   31.077675  29.139662  37.088905  24.992838
  37.05858   31.26028   25.773867  29.026222  29.627636  33.47063
  27.123926  29.672678  25.579247  37.789196  23.281315  28.532797
  31.701643  22.037521  33.453884  32.48873   23.6806    26.026728
  30.841515  28.33678   25.966469  33.905396  25.36079   29.483875
  22.598093  23.850487  29.301725  25.571701  25.873323  26.251234
  31.272612  34.133537  24.913574  28.606663  26.158398  28.89952
  33.421772  21.286509  31.842464  21.89355   28.132395  22.118814
  22.978567  30.103796  25.296532  36.19596   27.286894  37.058388
  28.556355  26.675524  28.089827  28.38234   28.672535  29.822428
  34.68283   25.715729  27.882414  32.900356  35.931904  32.85097
  24.677034  23.775797  24.847288  30.056572  32.191875  26.99162
  31.016527  23.349218  37.20718   21.96253   23.867208  39.537395
  23.624743  35.53178   23.013103  28.949137  34.153584  25.154865
  19.12269   34.902557  26.325487  25.825321  32.849552  31.299118
  28.719011  26.670885  30.741728  25.244978  25.30974   29.482752
  36.00736   27.98682   23.955547  25.401546  23.164816  36.178867
  25.456472  28.655006  21.668116  27.257944  32.62719   27.566578
  29.863232  22.740776  32.35303   30.71196   19.92914   24.146275
  26.240828  26.995438  29.306835  40.83735   29.139338  29.250628
  37.830135  30.372807  24.644905  31.70495   26.86327   32.218338
  28.87574   20.989742  26.862803  22.396524  28.110004  33.02448
  31.875679  30.995222  25.818094  25.786928  31.748383  33.43222
  24.296864  24.410545  24.652662  30.084642  26.758268  23.641245
  27.785982  38.218502  35.437588  23.044218  29.235737  29.576796
  25.439297  32.806     21.823256  22.326015  35.209965  26.200401
  24.469175  33.874264  28.766325  30.795326  31.813553  31.314953
  22.318142  30.336908  25.269594  26.89757   29.84967   28.972319
  22.53342   32.326435  30.409016  22.943703  28.967253  25.439207
  22.342283  25.948025  25.722063  26.471344  27.243452  24.75418
  32.407734  26.299026  31.300898  30.732122  34.07098   36.28378
  33.631058  27.739513  34.345364  26.808567  28.61093   31.711718
  26.418613  25.338383  26.648373  24.46084   29.385508  28.482464
  27.14684   27.070484  28.483814  26.979324  31.28586   29.782501
  30.794153  24.557262  29.506865  29.42352   25.561527  28.616266
  29.415638  27.64687   27.475351  35.067986  24.132282  27.216236
  23.923914  32.193703  30.516151  23.228172  28.435413  31.154331
  28.43521   23.074032  31.50905   20.64196   26.803343  26.844543
  31.863348  33.445503  25.353184  34.446663  23.742136  29.950579
  27.232761  23.813576  28.514044  29.389948  35.014828  33.936844
  24.120686  26.774109  43.05969   26.885508  28.271057  24.87105
  22.660175  27.084772  31.36305   29.628523  31.615982  24.491562
  27.04945   30.938396  27.859032  26.292091  23.98195   27.686752
  23.494434  28.100874  30.10499   24.852139  24.132029  33.093212
  24.964527  23.94845   30.30413   27.439592  36.03797   26.63852
  33.78635   29.443413  35.988857  27.29981   28.791245  33.297653
  31.731754  28.610756  28.268484  35.726635  25.665337  25.338392
  26.696398  22.698467  29.91081   30.189966  28.079088  33.16109
  35.313248  29.658033  27.683167  36.774845  27.654182  29.81371
  46.279892  24.143776  29.282393  25.672506  25.189714  35.182034
  25.140188  29.060556  38.266293  27.47413   26.588036  31.271494
  28.539331  27.962082  29.048773  30.935303  24.204973  23.88834
  34.76492   30.994581  28.271389  24.122683  31.910828  31.987555
  26.401014  47.63103   29.624329  24.061504  30.724901  24.738554
  22.040228  37.940327  25.28203   23.946238  36.86283   27.313759
  32.547707  25.384842  23.698067  26.956814  26.299166  29.213966
  33.710453  34.74809   26.647484  22.577496  27.131666  24.923162
  30.288044  27.266634  33.80121   31.478415  31.185284  33.6448
  33.383472  25.699244  29.631536  31.859327  27.79723   25.991844
  23.305845  34.470898  22.13168   22.099073  29.258276  28.182528
  31.849165  29.644495  23.71564   36.11105   27.9868    33.833347
  26.496264  22.556501  28.99473   28.7895    27.077562  31.948215
  37.134224  28.618185  34.3109    29.377031  20.17563   27.378633
  21.765293  28.440912  28.042688  33.159412  30.595385  29.452662
  22.162315  30.801022  28.308567  33.87581   29.13396   28.467041
  28.246426  19.58669   22.350122  28.546953  23.356916  27.967472
  34.51997   25.565954  29.487785  30.120613  31.355114  29.69391
  21.877598  24.442657  32.171543  31.275618  26.516365  30.17058
  24.635107  23.34752   36.894444  27.725298  31.612595  33.789177
  30.478445  38.875366  27.565428  26.951311  35.35555   28.942568
  29.86448   29.720343  20.995512  26.498875  37.688717  24.538603
  22.546902  29.945702  34.074406  18.759268  23.594852  24.25642
  32.793312  24.8215    28.040054  23.696373  25.25663   30.904186
  34.712566  23.769619  23.78381   28.024603  22.2486    28.036766
  24.182003  25.57825   19.065653  30.995344  36.69471   38.568996
  31.32033   26.524183  25.798391  25.75309   26.06854   33.002426
  26.108849  28.457016  30.853111  38.399193  31.543291  36.850456
  26.024324  18.869183  38.55992   28.418438  26.19768   24.495268
  24.698048  39.43365   29.058455  30.646555  30.282375  31.830044
  25.842052  22.281685  26.618202  28.0064    29.956388  31.795204
  26.3509    28.802935  29.489067  27.697449  27.298368  34.487946
  33.514572  28.161606  32.257263  28.732115  28.896894  32.592567
  27.219757  26.877142  25.70291   35.940586  26.420944  24.370598
  27.817783  25.425879  22.528116  32.927998  33.114613  26.661186
  29.58221   27.829025  34.54713   25.459232  24.355692  30.289444
  27.344143  33.39245   22.855785  28.378658  32.139324  28.980534
  25.34128   25.898846  36.47656   29.39795   30.24515   27.341822
  26.936563  28.770517  27.433262  27.754274  25.831287  31.78336
  28.489876  26.577406  26.040165  25.085241  35.494778  26.616325
  30.238976  34.07106   24.544573  27.411432  28.960058  23.07122
  27.574507  30.410894  25.824265  25.597994  36.14709   26.214071
  28.486683  25.229197  27.555449  30.588484  29.16165   28.872974
  31.991405  30.397354  28.468187  38.77763   37.28097   30.011465
  29.80968   32.145214  25.058825  25.661459 234.39821   35.24293
  26.200739  34.209255  28.931028  23.909338  24.243315  22.193295
  23.825136  33.68586   24.159159  33.779373  38.31078   30.134157
  25.66482   32.90422   28.332672  33.344555  25.710064  28.185268
  36.09691   30.579659  24.001474  34.53074   25.067707  30.62456
  32.56788   25.5006    19.96431   29.035088  24.4366    31.28355
  28.735146  22.935526  25.145065  23.200893  30.04968   28.233553
  21.077158  28.486929  35.5677    26.40828   33.86723   26.508038
  28.239462  29.954708  25.452423  20.606932  31.437319  30.291727
  29.367832  27.107937  46.206394  37.21733   25.673054  31.056622
  35.10018   22.154295  29.953869  36.067616  30.112999  29.819416
  27.629433  32.732075  34.51309   25.634687  30.841726  32.341652
  31.372776  30.238947  24.5513    27.016975  29.176374  23.023235
  32.09724   26.296082  25.061974  27.747799  29.268295  23.810795
  30.127165  25.654516  31.087017  24.406208  32.39224   30.992296
  24.747765  19.538467  31.142916  30.569523  24.042107  20.257017
  35.64643   28.23105   22.679132  28.16845   27.272736  24.373407
  28.048105  24.953041  31.78335   25.849226  32.842293  30.874424
  30.359747  31.016624  27.994644  22.023563  33.005383  27.194857
  28.842926  26.916746  44.155422  26.833971  30.776686  36.177517
  27.315607  29.245687  32.401543  29.119114  35.854965  23.937468
  26.889593  31.207468  23.108288  35.810482  27.30148   27.69032
  33.34712   26.028587  25.07802   26.815298  32.094063  28.434082
  21.84512   25.290394  27.530544  28.480764  26.505621  29.219095
  25.117517  24.988611  20.957575  24.96021   34.01482   26.780672
  26.363594  35.064125  29.397882  21.435875  28.868511  27.196108
  23.943636  30.598806  26.634434  26.180538  22.228184  29.511303
  23.33437   30.481077  24.243765  40.19463   30.361008  23.746975]",0.551063829787234,0.4995041181643804
6,35,1645,"[[ 0.08011045  0.4153433  -0.02181156 ... -0.5186436   0.02413561
  -0.12537068]
 [-0.236312    0.23886286  0.09380411 ...  0.05402062 -0.43421227
   0.25234514]
 [-0.07646827 -0.722506    0.32074413 ...  0.19646576  0.15663299
   0.22476704]
 ...
 [ 0.14585212 -0.3345251   0.69539815 ...  0.6682346  -0.15539172
  -0.05735888]
 [ 0.10030545 -1.183948    0.4860483  ...  0.536748   -0.33498216
   0.01190231]
 [-0.62023115  0.567712    0.5991011  ... -0.05804616 -0.2750523
   0.5330027 ]]","[ 31.756708  30.357094  26.472654  26.710608  23.222313  26.636065
  30.327238  36.791176  30.015682  28.712006  23.416061  27.210434
  27.438044  25.76962   28.681782  27.585596  25.56902   27.973497
  26.02566   22.847452  20.468021  24.374166  31.798946  24.81555
  25.773962  28.571333  28.572603  28.13393   24.165424  30.829283
  26.183998  29.825886  30.463217  22.304207  29.631111  22.088133
  24.786152  26.721516  30.520632  27.485584  31.706919  31.24634
  22.349955  24.821228  28.060198  29.443855  37.602776  24.292242
  37.12215   28.600174  24.646894  29.16961   26.645067  31.871542
  25.935831  27.565826  24.449158  34.616207  23.34368   25.403042
  30.595524  22.31042   31.452026  29.313925  25.641724  25.97201
  31.715893  27.202038  25.871918  32.01595   25.157042  29.414888
  23.255821  23.424967  27.49674   24.625256  24.537476  24.461382
  31.503609  32.68742   22.606394  26.187115  26.218754  27.863949
  28.485926  20.735893  29.477123  23.894844  25.012085  22.169703
  22.981415  30.904179  24.470514  34.49913   28.261003  33.968174
  28.01023   26.615602  25.697956  26.409628  28.083933  29.7286
  32.798756  26.161945  25.847532  32.251465  37.783916  31.403646
  25.020792  23.265402  26.648777  26.64766   34.15259   25.463541
  28.41889   25.12969   38.60392   22.359993  23.816341  37.29754
  23.188295  33.861923  21.475073  26.704971  32.702663  24.09163
  18.77568   35.77731   25.06248   23.80046   33.631687  30.450924
  27.184067  27.263702  29.088049  23.977903  25.919933  32.74091
  33.74082   25.56035   22.946415  25.322432  22.903208  32.995193
  25.560534  28.597614  21.11675   25.946022  30.824627  28.63086
  27.483532  23.12701   31.535229  28.101728  20.130085  24.213652
  25.389612  26.085728  29.697638  37.300995  27.588501  30.315771
  36.07898   29.491035  22.776508  29.633114  25.165928  29.790924
  28.906048  20.822533  27.288843  22.203484  26.094934  34.191357
  31.160753  27.982082  24.112928  23.345604  30.36502   32.029366
  21.930927  25.94924   24.44677   27.56703   24.93394   23.305109
  26.686281  38.039787  31.879152  23.81398   27.252237  27.051842
  24.35487   32.544003  21.39849   22.472668  31.59919   25.4497
  24.450216  33.663555  26.593872  31.765556  32.80228   32.394085
  21.470928  27.176626  24.96908   24.257381  27.841951  27.16705
  21.594513  30.607904  28.426098  22.394905  27.892906  26.19095
  23.455053  24.184803  25.061699  26.988276  28.41784   23.860771
  31.400602  25.393478  30.641352  30.230467  32.109135  36.87216
  30.031153  27.123322  32.240845  27.484497  26.093346  29.228804
  26.133612  24.446682  27.2958    22.686943  27.518673  28.95608
  25.754965  26.902813  25.547518  26.303843  30.72408   30.460062
  30.197151  24.988522  28.188442  26.100151  25.030882  27.245705
  28.0175    26.775501  24.836819  34.31384   24.21851   25.799553
  21.882135  30.703691  27.672295  22.700727  24.944056  33.014606
  27.460398  24.902845  27.972126  20.537418  23.070597  27.084208
  32.33032   32.73449   25.460358  31.120985  23.471592  30.85309
  24.782444  22.682177  27.282661  28.067516  33.351418  36.099453
  23.284132  26.417938  42.41976   25.939371  26.72752   24.322214
  21.99729   26.820858  31.002098  28.372204  31.680193  24.622574
  26.952475  30.991722  28.216753  26.556608  24.933716  25.25083
  22.141623  28.424793  27.38164   24.805311  22.182919  30.284367
  24.841223  24.8816    28.690945  25.487848  31.501884  25.930033
  31.793726  29.953735  37.03065   27.813957  26.492565  31.34212
  32.262825  30.061007  24.697449  33.1766    25.519415  25.725155
  24.961054  22.769636  26.545885  28.409342  27.632383  32.655453
  32.38538   30.553785  26.521511  34.26292   24.781746  27.612251
  42.410286  23.347107  27.793175  25.23274   25.760752  35.31899
  23.454485  25.913202  33.947746  26.687338  25.492765  29.011625
  25.771933  27.509436  27.042034  31.75257   23.703566  23.918743
  33.177822  30.90585   27.060078  24.916517  33.5599    31.915194
  24.871754  46.345634  29.614788  24.010511  31.145422  24.413382
  22.813768  37.089806  24.814001  24.175451  34.474167  24.702456
  32.369373  25.306517  22.36462   27.966581  24.035421  28.205166
  30.59806   35.428616  24.311275  21.019783  25.069752  24.99893
  27.793362  26.93034   37.103508  32.179096  32.106113  30.800299
  33.472557  26.178286  26.98144   30.463755  25.412283  26.368212
  21.883028  34.07367   21.453125  22.337696  27.094746  30.801306
  30.093315  28.91308   21.608507  34.829887  26.106302  31.04069
  27.033928  22.290934  27.003695  28.187483  26.816057  31.387815
  38.630325  28.863739  32.107224  26.169828  20.51634   24.633665
  22.650152  28.456636  29.01992   32.1087    31.023726  30.649662
  23.135473  30.147377  26.089237  32.573498  26.517162  28.04072
  25.491404  17.06315   21.806232  27.559395  21.925467  25.926998
  32.4587    25.879513  28.323843  30.989515  29.844797  28.267008
  24.089128  25.145878  31.106676  31.348003  26.332886  29.751852
  21.885195  22.79223   35.11085   27.941792  31.28904   31.968157
  29.553593  37.010815  28.360641  25.596886  33.412064  26.593882
  31.281199  27.764923  20.401512  26.314777  34.124165  21.855633
  23.190002  25.94203   32.48165   17.549467  22.928198  23.449524
  30.613087  24.846565  26.488554  21.496174  23.516134  29.259285
  35.214535  22.163744  23.98814   28.345951  19.325428  26.378819
  21.598639  25.873043  19.882038  29.4112    34.063606  31.765965
  31.765522  23.989408  28.376846  26.166529  23.931253  30.039324
  24.53455   29.355099  29.93052   36.004017  27.997375  36.656937
  26.362766  19.529167  37.367382  27.86192   25.810587  24.201694
  25.50712   40.36468   27.08458   28.951475  29.712334  31.039974
  24.86049   21.644028  24.654303  26.168913  28.51432   27.185612
  26.444656  27.686977  26.38423   26.393932  25.42017   32.473408
  34.41436   27.6425    31.225801  29.913507  28.82333   30.696806
  27.380358  28.272299  24.153692  32.728703  27.427938  22.27429
  26.65134   24.16038   23.734135  32.50118   29.88983   24.969082
  28.315268  28.070005  35.43606   25.358858  23.062815  31.409668
  28.261492  32.06997   22.968649  27.2587    30.608397  26.654099
  25.961645  27.050844  37.293503  27.892832  28.313377  24.736246
  26.779951  28.449776  26.706131  27.615856  23.7859    31.690619
  26.79697   23.949368  23.045599  23.22644   34.25954   26.431107
  27.6551    29.76848   23.255487  26.475592  26.995317  21.736126
  28.044506  30.867558  26.015162  26.367409  38.009018  26.6828
  28.111746  24.814745  26.836874  30.258965  27.986067  31.411114
  30.695595  27.351334  27.682308  37.12366   36.771355  27.562794
  28.360407  33.08719   22.548615  23.62379  227.92497   30.778864
  26.553434  34.09158   28.837969  23.789549  23.404457  20.597712
  23.734127  35.07758   25.35654   32.634777  37.810574  30.438282
  25.571331  33.3135    27.878199  31.010452  24.412893  28.313238
  30.974     28.986977  24.767473  33.848137  25.318539  29.990526
  30.895903  25.199053  19.156721  28.948296  24.34862   30.670698
  28.332375  22.456066  23.641533  22.286167  28.775778  27.344923
  18.860592  25.527376  31.823547  23.858515  33.233833  23.788172
  27.91913   27.733006  23.10947   20.526264  27.279354  30.990242
  28.226973  28.202023  44.805016  37.99872   25.071268  33.209152
  33.492874  23.167871  26.099966  33.75339   31.66185   31.150934
  26.216576  28.713465  32.081875  24.571352  29.662693  29.245438
  27.99685   28.11278   21.528988  27.813665  28.592348  22.149372
  34.250378  25.726624  23.93738   27.655308  30.13364   24.649906
  28.32444   25.43486   30.354586  25.227324  31.673037  29.267803
  22.583212  20.073904  29.250605  26.826748  24.113436  19.782375
  35.208286  26.265951  22.944256  26.784357  25.863756  24.151136
  27.886126  23.887375  30.39023   25.832947  33.716267  32.53553
  29.362553  28.83971   26.535673  21.189491  33.497066  29.929092
  28.890484  25.77224   40.69637   26.37402   27.900549  34.28279
  27.806326  30.422907  30.817223  29.255161  32.793987  25.078222
  25.482246  31.822084  23.068943  35.978115  26.676373  25.799337
  36.053104  24.649393  25.515173  26.259851  27.83023   28.63412
  22.472107  23.985117  25.976553  26.968214  24.142122  27.362057
  23.249626  24.024908  21.201344  25.0426    30.188663  26.218649
  23.960999  34.76497   25.857937  21.780489  27.439983  25.570362
  25.270536  29.7121    26.630474  25.087156  20.864017  29.745676
  23.457733  29.326262  24.49688   37.82879   27.1189    25.856586]",0.575531914893617,0.5180411378542582
7,35,1645,"[[ 0.3518246  -0.03856368  0.07156667 ...  0.05488319  0.21492912
   0.3403284 ]
 [ 0.11300036  0.0652029  -0.05013698 ... -0.43990412  0.06874967
  -0.10440233]
 [-0.13463907 -0.23893869  0.32610452 ...  0.65700144  0.3163291
  -0.21745564]
 ...
 [ 0.3079025  -0.11964899 -0.382245   ...  0.02542731 -0.05151419
  -0.03167235]
 [-0.13503447  0.63505125 -0.04568246 ... -0.29521796  0.4320298
  -0.13304326]
 [-0.23988266  0.0105459   0.5439815  ...  0.46762663  0.14535627
   0.5618922 ]]","[ 31.868843  28.879354  25.223564  26.462093  22.7591    25.444387
  29.062773  36.50885   29.857466  27.231693  24.817781  23.520472
  27.746447  25.54004   28.345015  27.347729  24.413982  26.809198
  23.966785  21.781944  20.458443  25.243366  30.360838  23.513998
  23.855312  29.855062  29.45493   26.601053  24.777313  29.807196
  24.864876  27.493986  28.927612  22.056967  26.599792  23.463535
  25.299234  24.88779   28.49971   26.72752   31.59619   31.77896
  24.137365  22.92426   28.425594  28.736746  35.024796  25.263168
  35.798176  28.113787  24.200878  26.260672  26.31185   31.534624
  24.991142  27.385181  25.074917  34.198574  22.212845  25.448587
  30.481651  22.326693  30.835032  28.087578  24.13719   28.453228
  28.907225  27.208126  24.305548  31.842009  23.286463  31.618126
  21.883783  22.463291  25.796337  23.121859  23.846815  23.935984
  32.39286   31.088436  22.768087  25.883108  25.339993  27.42353
  27.653004  20.727169  28.91565   22.063826  26.132952  22.323465
  22.270353  27.948164  24.571098  33.292747  27.345196  33.764137
  26.789043  27.408491  25.568544  26.154617  26.370594  27.2835
  30.593718  26.244997  27.681004  29.511507  36.50713   28.979923
  24.691687  22.90651   25.792974  26.31868   31.633528  25.329298
  27.630684  23.19053   37.06224   22.176884  22.421728  38.03346
  22.734798  32.239815  21.502003  26.277132  31.604803  24.72485
  20.645704  35.327946  24.51031   24.158552  29.91347   29.68879
  26.791878  25.02093   25.707403  25.369808  24.8759    28.197895
  33.32707   25.12389   24.457834  25.883886  22.636326  32.24261
  25.019543  26.467237  20.586645  26.994726  30.254297  27.189957
  29.138723  20.933     30.473545  26.019743  19.98187   23.579685
  24.49569   26.157045  30.329191  34.87503   27.809214  31.313622
  34.37241   28.964668  22.185825  28.487106  23.989813  28.990679
  29.301563  19.724508  25.745415  21.148746  26.495298  32.819695
  28.752972  27.70595   24.59282   25.58608   30.67343   30.872477
  22.131847  25.517859  22.563898  25.619425  24.627254  21.865273
  27.9104    37.42532   31.22759   21.582615  27.522346  27.254232
  24.396118  31.083384  20.829464  21.086594  31.52288   24.545984
  23.58648   31.005667  26.844622  29.420055  32.64648   31.581451
  22.427183  28.205946  23.245619  24.56458   26.618425  29.310143
  22.193485  28.938606  25.627098  22.133013  26.830349  25.842113
  22.350111  23.32525   25.222763  26.79756   27.625431  23.928453
  30.111473  26.319181  31.633543  30.210863  31.059412  35.82712
  30.203077  27.550776  33.619297  28.393875  25.13199   30.384392
  27.789885  25.807737  26.274431  23.08392   25.364807  26.874168
  25.908821  24.632605  25.848972  25.00307   28.426775  30.22511
  29.702671  25.050606  28.668415  25.292213  25.11736   25.63979
  26.966778  27.309147  24.803432  35.00522   21.956024  23.935484
  22.609983  30.280268  26.641794  22.763424  23.951075  30.641134
  23.886255  22.86154   27.908426  20.729403  22.446392  26.428123
  31.216383  30.291023  23.507702  30.193674  23.07081   27.965666
  26.83148   22.16881   25.957258  27.740658  29.719894  34.280537
  22.346313  24.490875  39.973553  25.49652   25.991854  24.312933
  21.1774    24.465422  31.597702  28.85758   30.068819  22.867445
  26.43692   30.9795    25.269691  24.889357  24.440649  23.063288
  21.888031  27.218348  27.439577  25.394415  21.17443   28.499134
  24.310698  24.562151  28.640856  23.171627  32.050663  23.154905
  29.911816  28.556976  35.647324  26.543756  24.734133  30.404343
  28.152302  27.797451  24.41988   33.7886    26.64762   25.754555
  21.23845   22.054405  25.383295  29.053576  27.673971  33.87875
  31.925695  27.132217  26.251896  35.243725  24.415838  24.962887
  38.848442  21.684732  28.286165  23.335083  23.525757  35.914562
  22.185278  26.466038  30.399172  26.605068  25.01612   29.95318
  25.136063  27.891796  25.943691  28.192045  22.283016  21.177292
  35.07807   31.166489  28.25924   23.967981  32.341534  28.580713
  23.795324  44.924347  27.554714  23.366497  29.465984  23.086273
  21.590124  36.980682  24.977436  24.662918  32.28388   23.557844
  29.592777  26.201435  22.305662  23.769602  24.392916  30.81323
  31.496437  33.745544  22.96915   21.365078  22.978283  23.091608
  26.882832  26.012238  35.164955  31.4525    28.832281  30.684452
  30.221361  23.914944  26.691362  30.063452  26.093388  25.797632
  21.30641   34.770706  21.108538  23.237984  26.835026  28.672731
  31.269297  27.768808  20.064323  32.51594   26.570324  30.709358
  26.109896  21.824818  26.988338  24.94231   25.81266   31.988022
  35.985825  28.238577  31.113213  29.58007   19.05395   25.788265
  20.409174  24.990856  28.042492  31.527746  31.641321  27.108828
  21.820065  29.676788  26.509642  33.570675  25.92244   27.91657
  24.529501  18.54171   22.6163    26.35841   22.281809  25.735317
  34.65062   25.148182  28.239517  28.713032  31.322632  28.640747
  24.176025  24.465096  30.236166  29.264084  25.272116  29.07407
  21.43437   21.919403  33.30731   28.523134  30.350279  29.825129
  29.041311  36.65783   26.685595  28.081625  33.20359   26.104641
  29.093615  27.276402  20.30598   24.32836   33.057735  23.73807
  23.154642  25.351542  31.891544  17.696346  22.64912   25.167437
  29.926016  23.431465  27.134384  21.52591   23.695116  26.983852
  35.279526  22.894796  22.876759  28.177984  17.741423  26.59094
  21.826506  24.062628  18.38317   27.25855   33.648937  30.890024
  29.781784  22.046192  26.870094  24.532343  24.04236   28.524235
  23.786636  28.947668  26.531061  38.0908    27.111769  33.432903
  26.606909  19.14927   37.470863  27.845982  25.812103  23.978203
  24.869741  37.73727   27.269335  28.263075  29.230328  29.852396
  23.84106   20.96372   23.770906  26.706581  26.717482  25.823643
  26.14966   26.42738   26.451897  26.902145  25.654095  30.831072
  33.51724   27.846674  31.248161  28.629686  26.794691  29.230206
  27.444218  24.513477  24.741741  30.808277  28.724827  23.298273
  27.471144  24.29961   22.256453  31.663433  28.182934  25.519712
  26.670774  26.296587  33.004112  25.05763   22.804657  28.165325
  25.545416  30.50367   22.278658  26.484898  31.755049  26.328302
  22.67852   25.666939  34.82935   25.752708  28.83104   24.67914
  27.252417  27.373734  26.626951  27.55899   23.549353  30.05312
  24.615728  22.750916  24.173414  22.059776  31.934807  24.109516
  27.940939  29.359594  24.92602   25.715336  27.741446  23.05523
  26.70402   28.34343   24.463272  26.701538  36.58139   25.741896
  26.277302  23.59291   28.0651    28.627064  25.490744  29.121902
  31.554129  27.092464  24.091717  35.818768  35.39943   27.415173
  27.478964  32.577393  22.728378  22.897654 229.12486   30.937778
  25.781277  35.092304  28.29519   23.846228  20.497349  20.146248
  22.967947  32.990025  25.192818  32.663948  34.833923  29.945406
  25.711504  30.80382   27.410921  29.527063  25.721733  25.44761
  29.826242  27.452099  23.542826  34.846554  24.06626   27.999846
  30.865799  25.158352  20.242754  28.095003  22.670359  30.875793
  26.677662  21.679337  23.9177    21.26993   28.696867  27.340645
  18.642576  25.259779  31.780342  24.669615  31.77214   24.483332
  27.745821  27.306107  23.639906  21.05247   28.55348   31.925766
  27.20683   25.742937  41.46119   36.93355   23.015512  31.411114
  32.806644  20.94338   25.74066   36.47647   31.509409  31.044685
  24.816917  30.846155  31.98268   25.307774  28.316942  27.436155
  28.403894  27.727226  22.242767  25.390219  28.868242  21.598436
  31.514265  24.698017  22.777935  28.686283  30.36701   22.535315
  25.485607  25.27031   29.59977   23.289396  30.24705   27.98999
  22.186438  19.172588  29.227152  25.70374   23.659222  20.857119
  33.412395  25.325249  22.53189   26.776627  25.393383  23.638859
  26.473179  22.70853   27.4076    24.514626  31.638535  29.621653
  28.522573  28.801891  25.217144  20.417032  31.334888  29.49164
  28.676197  23.931805  38.300083  25.188633  28.034578  36.4846
  27.27559   28.693417  29.632078  26.343723  33.0458    25.183382
  23.828749  32.33746   21.841747  33.888268  24.934437  25.838326
  36.581776  22.477234  26.756132  25.593826  25.549376  29.87703
  22.512426  23.070337  23.496944  25.772501  24.411108  27.493776
  22.799892  24.175858  20.993982  24.90764   27.451965  26.435492
  24.154125  33.43507   25.163126  22.27996   29.665125  23.352089
  23.47619   28.2552    26.071474  24.124321  21.091202  30.580688
  23.019447  27.660173  23.285189  39.387714  27.125097  25.87419 ]",0.5787234042553191,0.5310504863659541
8,35,1645,"[[ 0.49322334  0.0104032   0.07093443 ... -0.23439701  0.03626165
   0.17590865]
 [ 0.03598047  0.49220845 -0.10893259 ... -0.17943655  0.42652598
  -0.1752617 ]
 [-0.11448745 -0.10763349  0.0742544  ... -0.00204793  0.0278895
   0.27169165]
 ...
 [-0.12720385  0.30022955 -0.1550546  ...  0.6255991   0.14505357
   0.60751104]
 [-0.16077292 -0.11794826 -0.1261676  ... -0.47339448  0.48107472
   0.33260745]
 [ 0.29400283 -0.2461029   0.36627612 ...  0.3399787   0.2673687
   0.5558096 ]]","[ 28.868256  26.675013  24.288414  24.535349  21.453386  23.827408
  25.935873  35.85948   26.84455   26.432323  22.821547  24.0889
  25.4856    24.47263   28.919127  24.746078  23.180252  25.515316
  23.862501  20.78194   19.021254  22.760078  29.194387  22.614267
  24.155094  26.665625  27.32128   23.699245  23.103333  25.056713
  21.573017  24.506262  27.742476  23.238333  26.906397  20.805168
  22.131388  23.67787   27.229746  24.291504  29.775066  26.926722
  19.713696  21.930716  25.131231  24.824015  32.011093  23.245934
  32.95911   25.002079  23.727869  26.471384  25.579035  29.904617
  22.591845  25.065863  22.073698  30.557919  20.559875  24.05843
  26.891207  20.224653  27.576715  28.135094  22.083706  24.945189
  24.82852   22.917978  25.6731    27.8871    22.311182  28.549494
  21.582682  19.171755  22.003403  20.115513  22.387812  22.198368
  27.455446  28.709269  22.180805  24.516615  25.517586  24.770025
  25.365992  19.965199  25.487968  20.55542   23.966587  19.800016
  20.391214  27.611364  23.882694  34.099182  24.91783   31.752594
  24.931585  24.279888  23.815298  24.623058  25.118303  25.563356
  28.939022  24.225697  24.742804  28.313807  34.226036  27.70479
  21.743532  22.077902  22.564295  25.00231   31.022999  23.252245
  26.068092  22.49918   30.121418  21.801916  21.791039  32.320194
  19.942137  30.4848    18.847597  24.122099  28.89353   24.801794
  20.261467  30.541254  23.612642  22.922886  27.198925  27.807846
  24.257647  24.651398  26.529922  23.535097  23.33646   28.929102
  30.83682   23.730742  22.106447  23.06723   20.737535  31.049465
  23.552166  24.2096    20.653734  22.854336  29.383888  26.143124
  25.84945   19.869783  28.019152  24.59588   18.773962  20.664051
  22.781149  22.714298  28.515118  32.583656  25.014     27.454395
  34.0242    27.570328  20.090328  24.828512  23.561838  27.775648
  25.448277  19.144873  24.276253  18.330385  23.060402  30.185999
  28.03364   24.507807  21.986977  24.811167  29.731665  30.25546
  20.504683  23.552643  19.656038  22.948542  23.378849  21.029186
  25.702742  34.099735  29.36904   22.351889  25.161001  24.436224
  22.090727  27.761005  19.250313  20.13885   27.273388  22.882938
  21.592781  31.299927  24.980537  26.750237  29.805515  29.585443
  21.031754  24.770035  23.120762  22.174198  26.144278  24.741692
  21.05544   25.090414  24.63976   22.146477  24.770283  23.807528
  19.248007  22.139225  23.933985  24.974697  26.202663  20.902798
  29.194073  24.401653  32.33081   30.241089  29.860037  30.981415
  28.315777  23.112602  31.35659   24.944746  25.237139  28.210463
  23.642857  24.506536  24.408346  20.400242  24.993948  24.757185
  24.46657   22.969322  25.42416   23.286491  25.242577  30.164337
  29.530659  22.646267  26.676973  23.64795   23.219578  21.246193
  24.77343   23.88122   21.210775  33.722412  20.65153   23.261091
  20.245007  27.393784  24.90204   21.188442  21.78216   28.68229
  24.233507  20.835003  27.630613  19.6499    21.88644   24.720293
  28.98634   30.283745  21.765114  27.740017  22.307549  24.97663
  23.981564  21.250395  25.654442  26.775326  27.56871   30.81637
  21.988102  22.809412  37.826607  24.204689  21.879517  20.740875
  20.496613  23.13761   28.035774  26.774471  28.236597  22.91762
  25.546005  27.803778  23.353346  22.914139  23.129091  23.313797
  21.20917   24.791317  25.456781  23.441273  20.800352  24.49427
  21.72218   24.303183  24.651352  21.843607  31.350948  21.866373
  26.163475  25.4798    33.57445   23.9444    22.758713  30.170778
  29.754284  23.65587   22.443691  27.546776  24.516216  23.200771
  22.8547    21.10089   23.044249  27.156065  25.780544  31.676313
  28.835913  26.92158   23.598253  29.348305  23.956347  24.171263
  33.278595  21.159132  25.859257  20.974367  23.557497  35.442165
  20.516638  25.058697  27.77358   23.819954  23.188583  26.79738
  22.043747  25.493286  22.104698  25.555286  22.106298  20.069937
  29.204865  28.085054  23.052504  21.49614   32.430176  27.585333
  22.143242  40.424107  27.140268  23.062325  28.57963   22.210047
  20.118895  35.92512   21.489498  21.8669    29.225843  23.8865
  26.979292  27.642094  20.305204  22.575834  21.75386   26.813562
  28.204271  31.778671  21.988003  20.873314  22.037212  21.149298
  27.113737  26.252035  32.114155  28.395998  28.682816  26.392666
  27.51544   23.341871  24.082367  27.42334   24.391237  25.006485
  18.285738  33.189667  19.910315  20.832737  25.595806  27.14139
  26.76231   26.079742  21.42365   30.09199   23.916788  29.88792
  23.395199  20.266645  23.947067  24.233776  22.993969  30.558699
  38.017544  27.374128  30.356077  27.254604  18.59452   24.421396
  19.167837  24.67326   26.375036  29.38447   28.507841  26.584436
  20.951223  27.185183  24.751453  30.838507  25.070026  25.695768
  24.287376  16.801191  21.042938  26.61604   21.8338    24.434471
  32.91217   23.172697  25.797953  27.927595  28.343107  27.471027
  23.695173  23.40143   28.652576  27.252373  24.419008  26.69791
  21.463018  19.65129   29.36054   27.975182  26.904314  28.339
  26.769045  33.632397  25.642223  26.293173  26.826109  25.772623
  28.492353  25.07138   18.021042  22.102232  29.836266  23.241777
  21.63954   25.672918  29.64121   16.30227   22.207699  23.173803
  26.394606  22.141348  26.60742   21.345161  22.499414  26.0448
  33.659763  21.088394  21.969784  24.07374   16.987137  24.844097
  20.213215  22.957409  18.690222  24.657692  29.247324  28.617527
  28.944859  20.819822  22.132107  23.87335   22.67367   25.354591
  23.586452  26.189833  26.29813   31.581463  25.898571  31.648493
  23.558104  17.518036  35.885605  26.865765  22.05619   22.002968
  24.324045  34.37988   25.846882  25.297117  28.186132  28.341951
  22.862907  19.07302   22.808758  25.212358  24.452608  25.706282
  22.203522  23.306385  26.442377  26.41407   24.341827  28.315723
  31.394423  26.476213  28.594313  27.27398   25.567345  27.14285
  25.424496  24.410603  24.29114   30.677816  24.091187  21.623146
  26.734262  22.915539  21.607574  29.675665  27.633938  22.543861
  27.517101  24.547604  32.11072   20.794266  22.251059  24.229816
  26.208357  27.377127  18.909178  22.317278  30.478062  23.372025
  21.292103  23.707369  32.97695   25.80081   26.27845   21.804562
  23.952497  25.70493   24.549427  25.371048  22.41586   27.328518
  21.675072  20.840935  23.227325  21.606375  29.636404  25.06546
  24.145712  28.797766  22.142744  24.75609   26.052618  20.976269
  26.990412  26.672638  23.855062  25.382044  33.345234  24.129362
  25.19674   22.60048   25.833313  23.983465  24.964128  26.451765
  26.76208   23.624895  23.97308   32.926563  30.361721  26.663279
  27.225288  28.09047   23.784588  21.089518 201.53392   26.979107
  25.555029  30.518946  24.870844  21.740442  20.447289  19.32093
  22.18245   32.655506  22.99642   30.212173  31.585552  28.374405
  24.171047  30.744932  25.85809   26.451109  23.43416   24.358488
  26.755167  25.402924  21.108236  30.831684  21.658316  28.428772
  29.381176  25.877514  17.484217  25.670181  22.154818  30.401598
  24.11026   21.563     22.479933  22.204016  24.531279  24.584654
  16.133177  22.13369   29.82543   22.471712  32.445183  22.996685
  25.463312  26.493174  22.49031   19.47921   27.19037   29.516647
  25.13994   26.539782  35.567665  33.336216  20.85294   28.203676
  30.711006  20.47002   23.558323  34.64209   26.401262  28.983387
  21.686468  26.688251  28.616894  24.394487  25.79995   26.68296
  26.266256  25.591702  21.292288  24.887207  26.79241   20.361135
  29.422115  24.304169  22.276152  26.849596  27.357922  21.030935
  24.534092  23.61858   25.579315  22.265478  27.204462  26.960476
  20.5296    18.044994  26.761507  23.383734  20.506033  20.160244
  29.472025  23.335012  20.617887  26.424797  24.680382  21.72094
  26.342735  21.488522  26.788097  22.809286  31.238031  29.387144
  26.28258   25.78283   24.411278  20.596762  27.381153  27.535467
  26.574074  21.439003  34.62696   23.536406  27.63724   32.822495
  25.215157  25.674488  25.96088   24.9421    29.923903  24.815737
  23.81048   28.339973  19.265087  32.592415  23.03641   23.073301
  33.125656  22.638542  24.532434  24.240963  23.700983  27.448622
  20.899317  21.08124   23.85004   24.419933  23.951406  25.241886
  20.686651  22.771717  18.718464  22.963177  27.993132  22.921038
  22.51653   29.9078    23.42708   20.739214  26.991154  21.49411
  23.498138  28.317986  23.975777  23.039108  20.30066   26.133081
  22.653257  26.400105  23.420288  33.91278   26.352713  23.674496]",0.6335106382978724,0.5656139314174652
9,35,1645,"[[ 0.42624205  0.02128648  0.36749002 ... -0.12240101 -0.27910483
   0.20675758]
 [ 0.00444884  0.5996389   0.15062515 ...  0.17278719  0.30806664
  -0.01637047]
 [-0.13128342 -0.13415147  0.5855639  ...  0.27279276 -0.0031255
   0.09951879]
 ...
 [-0.06973105 -0.01823448  0.03635253 ...  0.34848675  0.28402227
   0.07016634]
 [-0.4224998  -0.14852606 -0.18201536 ... -0.16893882  0.5221578
   0.09103555]
 [-0.2879686  -0.12019032  0.01518647 ...  0.01204018  0.13966532
   0.24472547]]","[ 26.516375  24.536522  21.97505   21.717653  20.530155  21.377542
  22.05016   33.7144    24.316156  24.68974   20.141603  19.435999
  21.76713   22.214907  23.520308  22.16433   23.975101  19.432402
  22.244715  18.41471   17.024265  20.302742  26.013996  19.93704
  20.92785   24.823784  24.664513  20.542273  19.912643  23.216112
  20.108534  21.840918  24.29085   19.645678  24.403618  19.749098
  20.617205  19.567097  23.869062  19.934317  25.185205  22.864264
  17.480968  19.1756    23.1346    21.596546  26.475895  21.765953
  28.151295  22.57638   23.977121  21.414385  21.874784  22.869751
  20.043951  22.815136  19.763191  26.02803   17.447998  21.525892
  21.971823  17.388893  22.704502  21.606586  19.81693   21.4627
  22.723541  21.224926  20.200941  23.020615  20.700298  23.05091
  20.672693  17.78315   21.768698  18.761578  21.398163  20.361923
  24.00007   25.204514  18.29761   21.722538  22.450298  21.06738
  24.183546  17.237679  23.106806  20.102104  22.455761  17.643227
  19.59908   22.983519  20.512503  27.848953  20.870853  28.620382
  23.76289   22.838697  22.964245  22.558565  22.461647  20.748016
  25.178263  19.644707  21.743422  25.129547  28.38333   21.326826
  18.125038  20.30253   18.242268  21.150383  24.133394  20.517056
  22.824936  18.959955  26.369558  22.859919  18.803955  27.314564
  17.166733  25.673008  17.73541   19.237173  25.6297    21.325657
  16.907412  27.049414  22.429014  20.944666  24.124485  25.154608
  22.460909  21.22271   22.847933  21.120878  22.454552  25.174103
  27.496185  22.669706  19.003807  19.151012  18.052107  26.951439
  20.233978  21.622658  16.90588   20.953876  23.516893  25.09857
  22.609804  17.5799    22.84096   21.170515  18.22419   18.562729
  19.278473  21.850372  21.703367  27.094738  19.11669   25.532572
  29.604809  24.817846  16.399422  21.814978  20.15895   25.225939
  22.468721  17.835192  21.529617  17.611038  21.711811  29.052132
  23.834427  19.739847  19.392212  21.77984   24.799393  25.50367
  19.0934    20.74259   17.655674  19.805525  20.256052  20.494
  20.624218  27.760992  23.870083  19.718317  22.828009  21.239107
  19.772568  24.636768  17.882399  17.131344  25.041887  21.014154
  18.442537  26.689363  22.381556  23.510073  24.26907   25.38603
  18.18852   21.803808  20.793777  21.028105  22.953552  21.363997
  17.028109  22.384275  21.902275  19.33419   19.692217  21.282873
  17.819155  20.854961  21.712837  20.976435  21.663576  20.775238
  23.832855  21.33764   27.205765  25.600502  26.105423  26.485334
  24.340828  21.282604  25.009233  21.9059    22.620773  23.524485
  20.788221  20.641233  20.364265  18.061735  22.501694  22.085657
  23.623735  21.251781  21.348246  20.428623  22.910294  24.278095
  22.807386  20.146635  24.259695  19.918016  21.042234  20.025347
  22.92047   23.313202  20.684278  33.969982  18.340431  20.576715
  18.827965  24.065811  21.393726  17.91924   21.221928  24.373533
  20.227938  19.656887  22.17381   18.487915  18.917526  21.248419
  25.450024  25.051376  20.282711  22.115644  20.021097  21.28463
  20.985676  18.812414  21.41705   22.358236  24.620901  24.209133
  18.746206  19.847876  29.706274  20.564383  20.457329  19.949932
  18.429672  21.382189  24.19194   23.364489  24.960148  19.77049
  22.533499  25.142466  19.4874    21.329645  19.17357   20.763634
  18.216835  21.260086  22.03228   21.44021   18.237705  21.0272
  18.834032  19.773264  21.51469   21.199356  27.65917   19.183767
  24.777317  23.543552  26.202461  20.146912  21.816267  24.940405
  24.041769  22.147808  21.52092   24.2462    21.660154  18.947926
  20.79162   19.278275  19.727318  24.157118  22.40024   24.216719
  25.134604  24.702011  22.918291  26.566032  20.814192  20.322252
  31.17941   19.577074  21.46386   19.22621   21.12167   36.46858
  19.830908  22.91373   24.443731  22.637213  19.655394  21.99867
  19.1658    22.945147  20.400314  25.315594  19.610317  18.933228
  28.034685  24.857428  20.87216   18.864124  27.50462   23.034372
  19.977142  32.631905  23.454227  18.756285  24.686663  19.699661
  19.288933  30.394339  20.660986  19.919046  27.77889   20.897577
  22.707617  22.92403   18.411219  19.464306  18.64288   23.374077
  23.076694  28.550938  19.361923  18.57421   19.620878  18.761768
  22.007895  24.227804  29.035858  24.330074  24.334179  23.469336
  23.612333  19.682777  21.241898  23.763365  19.580877  20.852226
  17.141088  28.964455  18.541754  19.108906  22.525154  23.963871
  23.36951   22.361134  17.989315  26.365847  20.662395  25.483442
  21.375736  20.102606  20.026096  20.981821  20.11362   25.233559
  30.833424  22.439228  24.189774  24.572771  16.984884  20.811527
  16.992826  22.727169  23.406704  27.032738  25.281628  23.583944
  16.831324  22.790657  21.871002  25.891834  22.687368  22.664919
  20.14201   15.317043  19.251806  24.592655  19.652634  22.629335
  27.088396  20.672152  24.081728  24.604416  23.583717  23.571064
  20.333862  20.471003  24.086754  25.19267   22.663902  24.141209
  19.264706  17.769035  24.176077  23.034838  25.216534  25.811115
  23.246017  27.817492  21.789095  22.6242    25.04708   21.94704
  24.631243  22.911592  17.457062  19.19419   26.831766  20.103195
  18.869682  22.209873  24.400013  15.138725  19.25242   20.509338
  22.15957   20.055876  22.137676  20.506254  20.547531  23.6419
  27.375528  18.375536  19.734026  22.214893  15.220664  21.24084
  17.87034   19.565609  16.030956  21.80037   27.579548  24.386591
  23.889112  18.55009   21.154165  20.133835  21.5107    23.005007
  20.8891    23.034569  23.087618  26.584885  21.948818  24.293161
  20.110584  16.481796  27.352785  25.165478  19.353168  21.420717
  20.547876  29.244673  22.562716  21.638376  24.059652  26.207796
  19.928524  18.224304  20.947569  21.06255   22.387978  20.597498
  19.556433  22.862906  20.45162   21.809576  20.819696  24.459326
  28.798464  20.508875  23.21158   22.47043   22.469559  24.332417
  23.04875   20.953072  21.217913  26.537817  20.752337  20.28926
  24.26586   18.78805   19.397058  25.074146  21.775564  18.860718
  24.844183  20.158329  29.576765  20.179125  20.181215  21.486395
  22.820988  24.131254  17.523548  20.225933  25.698967  19.215778
  19.017199  22.223246  28.964144  21.117655  22.335043  19.090181
  20.431759  22.13045   21.726746  20.566336  20.239101  22.048676
  19.023102  16.589657  21.060001  19.69241   27.259443  20.978413
  22.184443  27.54966   18.457623  20.47337   24.11146   18.721098
  21.1575    23.30805   19.705332  22.92026   27.483068  20.067205
  23.309608  19.193907  21.715492  21.59294   21.989132  22.41483
  24.849997  24.047209  21.026867  27.991035  25.851934  21.38423
  21.895733  24.855042  19.708656  18.893139 177.23026   24.687927
  19.934923  26.099577  22.245785  19.38863   20.399605  17.73676
  19.834156  25.829794  20.495796  24.375278  30.133358  24.912321
  20.633198  25.550194  21.452345  23.418367  20.555567  20.616037
  25.74577   24.096947  18.859007  27.372526  19.33242   21.12099
  24.844109  22.135181  17.002811  23.33579   19.23553   23.924757
  22.542376  17.781694  19.17908   18.85142   22.58615   19.544506
  15.61927   20.97583   25.039598  19.629166  26.749681  20.449678
  21.648228  23.531225  21.788954  18.234104  22.318762  24.728157
  21.217888  21.638285  30.224468  28.156643  18.694061  27.679766
  26.87332   18.559694  21.484108  26.731266  24.18709   23.529358
  20.51465   24.974566  25.907806  19.82746   21.377344  23.85539
  24.272663  23.146215  19.977743  21.51358   24.079802  18.72883
  24.798374  19.798273  20.034834  21.67412   25.358921  19.21015
  20.710455  20.579903  22.567177  19.436153  24.067171  22.032064
  18.523342  17.423037  21.272644  20.252922  17.94133   18.392128
  26.390404  22.304577  18.860727  22.200474  22.156591  18.935308
  19.853651  19.650633  23.44244   21.406397  26.263132  24.198023
  22.558416  22.790462  19.598639  18.792614  22.310831  23.80021
  21.353296  21.463257  32.760967  21.303629  23.224413  27.693333
  20.139647  23.15228   22.903913  21.564875  25.439487  23.76649
  20.472479  22.969069  17.994278  31.688913  21.212152  20.50256
  27.496735  19.659306  19.882801  21.251944  21.631166  23.194891
  20.05191   19.53453   19.881691  22.975515  21.450346  20.213696
  17.95653   18.710238  16.71993   21.159258  23.698593  19.994873
  19.437164  25.903349  19.885937  16.46611   23.268818  19.465124
  20.796572  24.526361  21.081898  21.072607  20.034136  24.276585
  19.349308  22.447544  20.334972  32.204044  23.015171  21.01701 ]",0.6824468085106383,0.6182159761587779
10,35,1645,"[[ 0.45683026 -0.1241829   0.09310229 ...  0.05752232 -0.178172
   0.13268836]
 [-0.00355025  0.5064627  -0.21131715 ...  0.15813507  0.12800576
  -0.11829694]
 [-0.12151304  0.01642669  0.26291275 ...  0.03131343  0.0097494
   0.02177632]
 ...
 [ 0.15432821 -0.07538983 -0.10939131 ...  0.4582512   0.03518054
  -0.05074232]
 [-0.08728943 -0.23245692  0.06039451 ... -0.04007044  0.5847534
   0.02113996]
 [-0.15617019  0.04886082 -0.11459431 ...  0.08036014  0.17326517
   0.40465784]]","[ 24.459742   22.292055   18.070913   19.92677    18.962067   19.709501
  18.662462   24.468603   19.343971   21.178669   17.717241   19.050428
  19.530558   20.147871   18.313007   18.53538    22.426094   19.572832
  17.166555   16.106686   15.549917   17.569437   23.860966   18.386757
  17.551542   20.556139   20.338575   15.895106   18.204987   21.280916
  20.90575    20.12205    21.14174    18.200188   22.073536   17.114256
  18.26513    17.762897   21.62851    18.262903   22.604206   20.726189
  15.821716   17.117838   19.798542   20.618546   25.126337   18.93412
  23.363989   22.449062   23.128344   17.757334   20.976034   21.667702
  18.949446   20.253906   18.448914   22.2085     17.420773   18.522438
  20.245878   16.86319    21.257923   19.832903   18.529352   20.740137
  22.113209   17.736715   18.684553   19.250349   17.997425   20.949453
  19.56383    16.09864    19.526384   16.77313    19.168459   17.800207
  19.36997    19.491894   16.165417   19.049538   20.079779   19.386448
  22.066624   17.128042   20.137691   18.482864   19.849627   14.766767
  16.707636   19.223003   17.967655   21.728231   17.92722    25.151453
  21.148228   20.663004   18.182076   19.98602    21.970617   19.139177
  22.21597    18.857756   19.239847   19.949163   24.529783   21.00873
  18.467085   18.126081   18.15528    19.541355   21.299763   18.207731
  18.35808    16.561901   25.912092   22.044691   16.673346   25.722307
  17.604296   23.876226   17.085562   17.462563   22.076054   18.57486
  16.354662   23.94463    21.855944   18.59724    22.346794   22.705103
  18.544477   19.523777   20.219702   19.53524    19.853184   22.199415
  21.972744   18.770166   16.715534   17.338413   17.11208    22.011873
  19.406252   19.882242   15.469439   19.363642   21.74658    22.12028
  18.826326   16.15871    21.115263   17.87741    15.502844   15.820018
  20.089552   20.601261   19.858126   25.80407    19.340359   21.939869
  25.994255   21.181534   16.824675   20.474432   16.874983   23.751812
  19.871159   15.896689   18.502415   14.301395   18.637539   26.132504
  22.545288   17.117085   17.261036   17.201126   21.17863    24.746643
  16.576218   17.468405   16.17339    16.983944   17.979296   19.217018
  19.626917   25.752249   23.299974   17.939394   20.798042   19.366024
  15.906691   22.808853   16.610071   16.586609   20.355206   19.791338
  15.838009   23.77847    20.923859   21.501749   21.899883   20.73493
  16.258844   20.252949   18.256561   17.903662   18.055328   18.448006
  15.380503   20.39584    19.389385   16.309921   17.83469    19.031307
  14.371645   19.284054   19.5208     19.192781   20.061972   18.720648
  24.06406    19.599443   24.791834   22.815346   23.68307    25.11786
  21.247442   19.30078    21.465883   19.950926   22.358883   19.491022
  17.625477   19.07186    16.442106   16.324879   20.390886   21.44175
  19.473417   17.329992   19.298698   17.552015   20.05916    22.906961
  20.010159   18.07109    19.81477    18.429762   18.698402   19.563885
  20.482399   19.459782   18.413513   32.94009    15.712499   19.884262
  18.197224   21.72161    19.159227   15.999303   18.980558   22.375135
  18.65253    17.823547   19.890032   17.333591   15.626915   19.384731
  21.238628   20.995659   17.994822   18.974163   17.872984   19.648132
  18.172754   17.286398   18.788763   19.306265   21.252485   23.45279
  16.57061    17.724852   25.993288   18.598408   17.883224   16.861696
  15.977384   20.226856   20.740131   19.640835   20.293264   17.99438
  19.95837    22.638807   17.63915    17.329113   18.256317   18.214722
  17.95722    18.672056   19.231459   17.400534   16.37729    18.6128
  18.375944   17.00157    17.73503    19.26704    24.912361   17.0603
  21.00497    22.595545   23.476116   18.003502   19.022915   21.747732
  22.179756   17.787615   18.603907   21.533436   18.146645   18.693548
  19.854328   17.667006   19.444801   20.236076   20.754444   22.051804
  23.48829    22.652792   21.015152   22.148634   19.184877   19.80761
  27.762968   17.014357   19.48012    17.204596   19.327995   36.319508
  18.022024   20.589085   23.405167   19.762678   18.043129   19.248604
  16.585855   20.811308   19.543396   18.773514   16.117096   15.7354355
  25.30965    20.868797   17.977745   17.734112   25.233055   22.007217
  17.8187     27.196228   19.350033   16.901398   20.607836   18.038546
  16.680498   26.131594   16.676876   17.077118   23.41414    19.904774
  21.54408    20.417513   14.829513   18.109127   16.489048   21.582308
  20.07792    23.81317    17.026108   15.693868   18.229637   17.194206
  18.7749     22.165125   24.983353   21.40364    20.583258   21.128786
  20.907185   19.142717   18.636253   23.585018   18.635431   17.117819
  15.069816   23.896643   16.537437   17.50467    20.815895   21.361023
  21.241737   18.591324   16.727356   22.992214   19.197977   22.415377
  18.12897    18.34458    19.331337   18.69724    19.422588   19.938068
  24.71444    21.690182   20.842945   24.803303   14.1532     18.623676
  16.106983   20.267973   21.09064    24.100094   20.147009   21.125854
  16.243986   20.324804   23.143827   22.587902   21.156477   18.127602
  17.606346   14.18304    17.260557   19.92801    17.413887   20.92247
  24.234625   18.729795   21.251097   21.127869   19.393955   19.450207
  18.684967   18.202728   22.386442   22.24384    20.615852   20.83138
  16.208479   15.5408945  21.848316   19.451477   22.373354   20.679016
  20.664932   24.591837   20.61004    18.647966   22.545443   18.0238
  21.642355   21.988317   15.968805   17.008831   23.350647   18.373978
  17.150274   18.561666   22.995012   13.60557    17.024752   19.13264
  19.308563   19.170444   19.00839    16.841257   18.775215   19.65818
  26.90469    14.94069    17.207773   18.302097   14.899009   18.622866
  17.152952   19.530813   14.351781   19.976994   23.948957   23.00513
  22.785198   16.822659   19.994259   17.702887   18.666986   21.578566
  18.727673   21.174019   19.67151    25.300575   18.762596   24.513578
  17.721306   15.748585   25.569366   23.37304    16.746216   17.668158
  18.770807   26.491764   19.77523    18.085678   21.471884   22.497746
  18.633158   15.882722   19.019304   19.786938   19.876566   18.372272
  17.768185   20.37931    18.680855   20.285042   19.289616   21.486345
  23.149645   17.46633    22.00448    20.368546   21.23991    20.897257
  17.844591   19.498564   16.661158   24.064701   21.181293   19.66988
  19.91079    16.533676   19.387486   21.274311   19.962666   17.951307
  21.184258   17.704765   25.41818    17.218502   17.64462    18.823492
  20.782413   21.479464   16.382372   17.613756   22.983545   18.341043
  16.76323    19.716326   23.964016   17.780186   20.650433   17.78803
  18.538235   19.221003   19.21892    16.668325   17.781687   18.416069
  17.710424   15.304218   17.385466   16.838406   21.749268   18.3161
  18.171387   25.983019   15.433009   18.852789   20.886215   16.450876
  16.853167   20.17281    19.06936    20.946568   23.723854   18.213667
  18.644543   16.98281    17.418074   18.986687   21.2997     19.50161
  22.088562   20.724344   18.610798   24.879921   22.805386   19.262457
  20.08992    23.19413    17.268682   17.99207   165.93318    21.96785
  18.471733   22.60293    20.490932   17.518646   16.227358   14.90549
  16.815989   24.250992   17.634975   19.96232    25.145435   20.690037
  21.363575   21.76529    19.40959    22.63607    18.20288    19.055489
  22.477575   25.372189   18.94682    25.184473   17.872353   20.799044
  22.387999   19.487583   14.636915   20.05436    17.079811   21.283468
  20.751293   16.40351    16.366999   16.954323   19.937292   18.247654
  13.912793   19.055225   22.906612   16.990786   23.604233   16.98524
  18.667604   19.478966   20.471863   16.078709   20.156727   20.953234
  20.159962   18.38686    27.943714   28.974878   15.573224   22.882626
  23.993711   16.742413   19.32828    23.61905    21.8391     23.58426
  19.451595   22.451612   22.702599   18.72681    22.516373   20.703266
  20.668583   20.542343   17.184593   18.81598    19.03009    17.345003
  21.987288   18.396584   18.013386   19.02736    21.779995   17.835438
  20.20268    17.542198   20.052183   18.793852   21.738129   19.333643
  16.522387   15.763354   18.931969   18.992016   16.30873    17.29142
  22.09679    18.721317   18.327044   20.319279   19.392101   16.548094
  18.054491   17.528927   21.45178    18.417782   22.945599   21.008718
  19.179121   19.685371   17.389906   17.784893   20.809458   21.284542
  21.096195   18.083778   32.409363   17.978159   21.380121   24.596172
  19.032593   20.551458   20.950228   19.676842   22.027779   21.332928
  17.911171   21.089888   16.413242   29.070328   18.063416   18.816345
  23.748613   17.606968   17.843348   18.798758   18.645834   20.876953
  16.640575   17.29298    17.409992   19.465279   17.426256   19.917278
  17.312412   15.988363   16.43633    18.559078   18.942596   18.562067
  18.064577   21.684381   17.768185   15.322373   21.837992   17.998812
  18.473715   20.36857    18.472382   18.57113    18.36072    21.773718
  17.286299   19.725716   16.617056   28.261747   21.383389   19.081007 ]",0.7095744680851064,0.6564041097958883
11,35,1645,"[[ 0.6479329   0.06449758 -0.00142331 ...  0.04758984 -0.08664058
   0.02164608]
 [ 0.05609856  0.5224701  -0.03934101 ... -0.15055978 -0.04370737
  -0.0348887 ]
 [-0.15376453 -0.00865665  0.5190692  ... -0.03483366  0.09162467
   0.09597729]
 ...
 [ 0.00899659  0.0469054  -0.05454164 ...  0.52240807 -0.06360585
  -0.07800168]
 [ 0.00394017 -0.14646699  0.00684119 ...  0.17661092  0.61711836
  -0.00214567]
 [-0.11999145  0.04159931  0.0158715  ...  0.05523994 -0.08207794
   0.40207502]]","[ 21.120916   19.101227   16.152336   17.044191   15.611946   16.749355
  16.903145   20.546148   17.070812   17.944809   14.94223    15.318775
  15.956348   17.40437    14.975306   17.226448   21.536995   17.136778
  15.425286   14.116665   14.085501   16.07865    20.274803   15.845909
  15.5256195  17.582262   17.730318   14.67776    15.359488   18.379154
  19.424948   18.24589    17.621437   16.127209   18.882744   14.554952
  16.551405   14.830589   17.108124   15.895585   19.77403    17.514137
  14.345222   14.210967   18.186483   19.18563    19.74922    15.602527
  20.986809   18.167908   21.022263   16.229494   17.799004   19.401644
  14.365776   18.076939   15.787382   20.516613   15.640085   17.007738
  17.94339    14.79152    17.395405   16.818392   15.489607   18.700573
  18.668392   16.27586    15.590262   17.20257    16.612719   17.324318
  16.612333   14.8941965  17.187883   15.192626   17.085678   16.436201
  16.091045   16.971712   14.326128   17.579756   18.425043   16.971237
  19.365923   13.549549   17.0021     15.181862   18.11136    13.534012
  13.437047   16.57349    15.826127   18.50122    16.276466   22.323547
  17.107395   17.34445    15.311892   16.377312   18.784899   17.702976
  18.664848   17.227211   15.203788   16.699615   21.639637   17.757612
  13.819399   15.606902   14.780575   18.197317   19.086603   16.846714
  16.279354   15.604065   21.744556   22.267393   14.706067   22.053535
  14.858895   19.034918   14.108845   15.83965    19.951565   15.373055
  14.116091   20.180218   20.684622   17.148462   18.669882   19.327175
  17.37161    17.730436   16.076725   15.664567   16.870045   18.848036
  19.368774   16.08028    14.934193   16.407991   15.689345   18.733238
  16.002869   18.125961   13.330457   15.554478   17.233397   19.18686
  16.082623   13.502491   18.05283    15.700389   13.045947   14.582624
  17.106836   18.347595   17.252369   22.98532    16.491648   17.777039
  22.362339   18.658737   14.851716   17.144848   15.170756   22.588562
  17.237106   13.37178    17.760008   14.245475   14.802684   23.483936
  18.886875   16.401325   16.020033   15.473212   17.283733   22.485796
  14.910363   15.434544   15.002074   15.546228   15.626303   17.888117
  18.306852   23.361244   20.206224   15.457444   18.596241   16.25194
  14.917738   17.813112   15.659959   13.39228    18.478518   16.23871
  13.768469   21.683979   17.106848   17.063278   17.620275   18.149162
  14.544814   16.86605    15.649264   15.150556   16.96224    15.506991
  14.415092   16.702944   16.73325    14.43445    15.469548   15.888455
  13.345665   16.375822   17.977734   16.272362   18.907284   15.470247
  19.65326    17.609274   20.57084    20.70316    19.750734   21.221659
  18.460972   15.892763   19.710905   17.592796   19.744055   17.76703
  14.074974   15.989894   15.09057    13.710216   17.680838   17.879625
  18.664423   15.831542   15.65875    16.896439   16.989576   18.985998
  17.74402    16.35595    18.185772   16.57612    15.63525    17.244007
  17.905806   16.92873    15.536953   34.990616   14.245629   16.318712
  15.300834   18.992699   15.854431   14.297474   18.504858   20.833576
  17.011992   17.024649   17.66879    15.086133   13.64238    16.592348
  19.913734   20.582275   16.010773   16.008427   16.184149   18.916477
  16.609758   15.475253   16.695698   17.284304   17.622566   19.434866
  13.585056   16.99902    22.548946   16.546593   15.437225   15.259018
  14.210145   18.133104   17.698381   18.517479   18.813797   15.801944
  17.596413   18.531382   15.687363   16.765862   16.81964    16.307463
  14.778766   17.035353   18.596395   15.408817   13.380865   16.464468
  15.0231085  14.701142   17.387508   16.700901   19.646755   14.570209
  18.452734   18.213797   22.029022   16.70134    16.185364   20.136663
  18.684792   14.225841   16.356314   18.093931   14.884186   15.869068
  16.629261   14.132788   16.751467   18.942106   17.949976   19.473953
  18.91862    18.265501   17.085392   20.419796   16.976065   17.062489
  25.505064   15.673574   16.768255   16.413248   16.631102   37.523987
  14.645218   17.871063   21.416672   16.123123   14.817262   16.41977
  15.833832   17.48474    18.4263     17.931376   15.279905   14.656612
  21.942844   17.453379   16.192997   14.959756   20.495075   19.201307
  15.883903   23.693396   17.053965   15.2319765  16.551304   14.875367
  14.912209   22.829756   15.9505     15.85667    19.850958   15.320079
  17.694525   17.547398   12.686398   15.088429   14.42037    19.265812
  17.362782   19.074139   15.123105   14.437436   15.9197445  14.192548
  16.39484    23.067497   21.34157    18.448797   18.316402   19.194605
  17.763664   16.666004   15.810923   18.05413    16.495193   14.800001
  14.208636   21.67154    14.333191   15.005723   16.833206   17.769766
  18.345562   17.04195    14.785193   20.500872   17.448715   19.344316
  15.450452   15.817132   17.296398   15.427805   15.7174015  17.38235
  23.220573   20.19684    18.700787   19.89315    12.6417265  15.86377
  14.789577   17.470726   17.958235   21.734425   17.69656    18.46937
  13.533185   17.648746   21.743784   18.556274   18.307123   16.166956
  15.471416   13.4580765  14.4463825  19.048944   16.083874   17.459633
  20.658909   17.185932   19.122356   18.608875   17.569668   16.65543
  15.334848   16.23874    19.36254    18.961521   18.046988   18.015211
  13.675704   15.325981   19.630651   15.528024   18.798523   19.592268
  17.397282   20.624886   17.654474   15.865945   19.21857    16.025461
  19.072727   18.239946   14.861571   14.131964   19.025383   15.65177
  14.737066   17.570602   20.029913   11.751129   14.079755   16.32868
  17.87085    16.746655   16.442644   14.919808   16.680237   14.456859
  22.279335   13.537662   15.924172   16.013603   13.33265    17.28061
  13.807795   16.93757    12.252834   18.163465   20.90799    19.54278
  19.749498   15.800792   17.60464    15.980349   16.64608    18.610209
  16.179285   18.482136   17.631557   22.816372   16.88419    20.146559
  14.900961   13.582045   21.279015   19.508257   15.546093   13.73915
  16.525526   22.278196   18.134874   16.311401   20.154976   21.224817
  15.930335   13.869349   14.849326   15.547409   17.72752    15.488632
  16.240854   17.937023   15.690432   17.614315   17.520664   18.21807
  22.359444   14.793208   19.025244   17.326172   16.572075   18.015114
  17.497667   16.729212   16.205908   20.61321    19.016512   16.362263
  17.721073   14.939415   16.019888   18.567932   17.5717     14.095731
  18.957577   16.196321   20.297934   15.263414   16.21094    16.264551
  19.414837   19.811798   13.380185   15.59275    18.206596   17.322786
  16.638311   17.41427    21.190342   16.375969   18.2084     15.513323
  16.277954   15.6020565  16.970314   15.59011    15.351512   16.040775
  17.284145   14.109952   16.144049   15.456032   18.645666   17.228434
  16.122873   24.84901    14.411372   16.583227   19.255264   13.596338
  14.581895   18.163126   16.24531    18.390207   20.846106   17.902143
  16.518972   14.359341   14.774262   17.378706   18.944647   16.70885
  16.928532   19.334814   16.626562   22.832504   20.448294   16.124083
  16.89681    19.865448   15.418269   16.261707  151.80856    18.693989
  15.83491    19.10594    17.6201     16.428347   15.644039   12.858089
  15.754225   20.360678   16.47941    18.675991   20.264364   18.281643
  16.47341    19.57231    16.359858   18.622604   16.442226   16.2357
  22.211643   23.211754   16.427406   21.1861     15.443718   17.370106
  19.200615   16.417093   12.958855   16.652344   15.003711   18.555672
  16.584497   14.281734   15.302122   15.02951    16.725657   15.73083
  13.403125   15.382513   19.707867   14.840187   20.18957    15.325451
  16.688002   17.561789   20.40111    13.854747   17.518322   17.00023
  16.462399   16.442467   22.892918   22.752539   13.322526   20.033827
  21.608023   14.045848   16.423344   20.46312    20.127838   19.048536
  16.783213   20.958214   18.172146   17.008211   19.485062   19.225441
  17.86233    18.339266   14.411759   16.533272   16.984257   15.9324255
  18.431704   14.379205   16.34261    16.117407   16.244944   15.759668
  17.955557   15.742297   16.617815   16.018894   18.800674   17.999203
  14.329917   13.425144   17.68379    17.449621   14.160039   15.8765955
  20.26317    16.173222   16.080324   17.896656   17.344809   14.541198
  15.128049   15.367577   19.058437   15.34286    18.887953   19.002066
  18.120127   17.36143    15.398716   15.505632   18.69053    18.005991
  18.454185   14.754655   28.952448   18.092775   16.480896   21.88786
  16.649412   18.125563   17.529552   17.63073    19.133503   18.012531
  15.766686   16.306826   15.379145   21.888327   16.871634   17.033522
  20.24693    16.26107    16.10705    15.78285    16.16671    17.053919
  13.780872   16.926872   14.303368   17.168453   15.448058   18.863752
  15.790878   14.02306    14.4166565  16.67517    16.407377   16.56199
  14.600347   17.924387   16.886652   13.071527   18.504297   15.655283
  15.349614   16.630566   17.348639   16.343376   17.782417   19.189445
  15.447339   16.890053   15.951758   23.975092   16.70846    17.348927 ]",0.7308510638297873,0.7078599651654561
