,Images_Per_Label,Train_Data_Size,W,Residuals,Classification_Accuracy,CLS_Cosine_Similarity
0,33,1551,"[[ -5.3778706  -5.130618   -5.4831567 ... -27.87749    14.586055
    6.9326825]
 [-24.39451    11.238151   -3.6604352 ... -24.808298    0.644107
   -2.436607 ]
 [  7.281255    6.7879376  22.679588  ...  11.855419  -17.476458
   -1.1342169]
 ...
 [ -4.142675   -9.78072    21.12305   ...   3.066844   17.68984
  -24.098354 ]
 [ 20.511074   -9.381203   20.840618  ... -44.95007    -9.244198
    8.811597 ]
 [ -9.853503   -9.44899    14.40642   ...  19.889423  -11.711502
    7.7625184]]","[ 39.574978  45.04045   38.769867  33.431183  32.75981   35.100945
  36.767014  50.8061    49.3476    42.14596   28.88007   45.320873
  36.161728  38.161835  37.932053  38.938423  48.396744  37.63533
  31.219856  31.018599  29.512535  34.437595  49.42659   34.543987
  42.403385  41.00276   43.307446  39.10665   37.783684  46.45902
  45.48761   35.457855  41.08539   35.627632  40.21564   32.058346
  36.293888  35.174984  40.70464   34.457916  41.602753  38.50726
  29.091488  38.60808   38.37946   41.453335  51.641857  38.70142
  56.314594  42.91409   39.793602  39.39061   44.515877  48.618122
  39.684387  35.80027   32.644894  64.970695  33.54145   34.60696
  45.02389   31.30785   43.114864  46.346436  31.752165  36.989872
  44.976997  32.93796   40.175587  45.76975   33.403126  42.45888
  29.312063  33.852333  43.735435  32.180473  31.504122  31.748045
  39.661644  49.787693  29.446981  50.388794  40.011753  41.350475
  41.381035  32.599525  38.46953   31.386986  34.935997  33.140457
  29.719887  39.144424  37.720806  53.061172  42.78663   51.389774
  45.237064  31.941889  44.935043  46.426983  44.640297  36.268658
  53.177536  37.451473  32.738415  41.355602  60.67457   47.873882
  39.612083  41.744377  34.53261   36.887115  48.649105  39.841866
  42.8425    31.822388  54.00996   54.301117  31.11939   56.82709
  30.44339   47.091915  31.936062  36.859627  51.361374  33.1523
  25.899605  49.127357  38.88965   35.35897   44.6355    41.865707
  40.95329   36.303963  43.624275  40.75525   32.83156   40.21513
  52.873398  42.11982   34.57966   34.201485  31.979452  48.975548
  34.730957  34.81935   28.512903  36.281517  41.833996  34.359116
  35.530895  30.768696  48.62433   35.846615  27.474098  39.526398
  41.50864   39.85352   39.920868  58.297066  38.659084  40.885998
  50.66118   43.186417  31.15038   41.99678   36.40559   52.468796
  43.432583  29.5951    40.452015  31.545502  35.123096  54.19172
  41.93254   45.622993  40.597816  33.28455   44.046543  46.130836
  32.140625  28.581602  34.67083   36.692772  35.0798    46.456497
  41.304707  65.38876   56.72893   27.423248  36.762207  43.933205
  32.995464  45.85973   31.89862   29.596806  45.514656  45.08679
  30.4957    39.026226  40.406837  41.272488  45.280613  45.35881
  27.469095  36.302925  32.26742   35.37819   38.591022  39.77968
  29.503527  47.032463  49.332745  29.001753  45.35463   38.868416
  33.482647  34.992104  38.211216  41.75493   37.272243  37.486908
  57.62991   39.171303  53.79932   43.71873   37.865154  54.987965
  42.44936   40.707737  49.12677   38.09846   52.894024  37.555294
  39.35698   37.475086  36.89933   33.292973  41.535973  36.678196
  37.828964  33.51899   36.398243  36.820637  42.833225  46.929752
  43.186275  35.38051   37.942642  35.31457   30.62      31.967533
  41.641323  43.28106   42.429855  74.18601   28.898487  61.6124
  40.117107  42.764805  38.39169   30.235044  46.91851   44.39697
  40.203915  29.142632  39.16684   29.193287  31.260838  34.2291
  44.060646  50.904293  33.23561   56.193127  27.822039  41.517036
  36.6434    35.385475  38.734325  41.380478  50.16123   46.950317
  33.406525  37.55429   64.91303   37.09633   33.89198   31.478945
  34.81969   36.935764  49.195736  43.455853  41.439964  35.165115
  34.475086  48.79736   40.28399   32.97391   34.973736  37.008457
  34.456253  35.10625   40.074608  34.567204  32.146248  48.18586
  31.694595  33.415062  34.71343   35.99785   53.39319   34.447975
  47.38075   42.17612   60.55566   40.165485  39.232807  50.36868
  53.162056  37.231068  32.732735  43.627296  33.307423  37.857372
  32.032906  31.31729   43.558083  43.798527  40.270092  55.422527
  45.32457   41.080444  36.522064  45.06547   38.247913  46.002846
  94.5385    29.571205  41.311466  35.18143   35.565937  71.00135
  30.690857  42.574856  70.60624   38.53426   40.658318  36.79718
  35.962257  38.756794  39.56761   39.48749   36.273205  35.04693
  43.919266  51.49182   44.90204   31.937517  45.5466    44.045948
  35.402893  63.094986  37.85715   34.211945  41.492283  35.680492
  33.711945  58.24033   34.161438  31.970253  50.481335  43.36025
  44.717793  46.211533  28.89665   34.943478  33.543667  43.15374
  45.782734  50.31671   34.188995  29.413588  36.92765   33.762497
  34.3363    40.930794  54.968693  40.553883  37.672554  47.540985
  57.42261   43.071182  35.247395  49.94243   34.670467  35.761528
  29.507683  54.816124  27.652178  31.646654  43.27073   40.871437
  43.10646   40.65888   28.546076  48.62223   39.799526  49.10764
  39.35884   29.611763  47.27326   36.672005  32.762268  47.87425
  50.44703   36.990463  51.181488  67.76942   31.274063  36.63086
  33.8732    37.385082  40.183945  53.997402  38.14998   33.449215
  29.627895  47.080425  37.022953  48.550774  38.106243  37.468163
  35.000633  27.49955   27.474653  36.50617   29.281755  47.34851
  43.95781   36.653778  38.54774   37.93232   44.28279   41.53899
  30.853355  31.635584  40.671482  45.90013   37.493366  41.961056
  29.82328   27.963821  41.33925   42.38083   51.773293  39.814167
  40.300438  46.15448   35.624504  38.03917   42.811466  35.27831
  40.783356  36.59976   27.966585  35.790123  47.132244  35.2131
  37.739998  41.75428   44.348167  28.677324  26.497383  35.488445
  46.812996  37.464878  38.953033  36.48367   40.238113  42.552227
  57.89333   30.715988  32.32741   42.138718  36.123287  34.89538
  29.034866  36.575233  27.358568  48.947987  46.67532   56.229637
  48.039516  35.249096  38.15206   32.30989   39.915245  51.428905
  37.947556  38.24422   45.01825   59.894375  41.16415   51.575542
  42.485035  36.06113   53.131252  48.440754  38.10495   33.99688
  33.79148   54.204224  41.843075  42.093807  45.5152    47.256424
  38.516888  34.83397   34.74187   41.488842  39.269474  43.92289
  34.506084  39.898586  38.09739   38.83243   37.427837  48.7277
  46.50374   39.670776  44.036686  47.32731   39.090004  42.871174
  35.893414  38.464302  31.07246   48.89947   38.404495  38.350807
  39.898983  33.13194   26.477768  45.912556  39.786053  34.4285
  38.80874   45.844837  50.881504  36.541527  34.27823   41.700386
  38.971115  47.624798  27.265415  43.118343  49.437443  44.151295
  31.970562  34.856747  54.974834  40.257618  36.1673    34.068634
  40.022472  37.53131   35.835316  35.315304  35.505558  40.29125
  38.608524  33.441902  32.53728   33.21502   48.44375   38.95586
  39.838573  64.81391   37.687237  32.413647  45.019188  29.38651
  38.258152  44.323505  34.443798  39.004013  48.411545  46.823746
  41.73063   33.579662  35.33311   47.110703  43.43824   44.742615
  48.23231   45.705162  37.70418   61.36668   44.516083  35.75283
  44.673832  53.08713   34.186165  32.687798 287.8091    44.932648
  38.995853  59.818962  42.806606  38.34486   35.354534  27.243446
  31.58045   50.478928  35.694633  43.621964  58.412327  41.817856
  44.287334  48.449436  36.91752   44.140507  33.064434  42.766872
  82.89756   55.15946   36.568626  49.99495   35.045315  45.77507
  36.78362   39.12608   26.699749  52.429146  35.08035   39.90457
  43.100605  27.377478  30.279652  29.600164  36.36607   36.42667
  36.47637   38.055145  52.11388   38.984257  42.808186  39.824085
  36.391766  42.284912  53.293106  31.274054  40.45015   37.348713
  35.093616  41.06089   63.312733  46.79519   29.430676  49.512997
  55.931934  30.050028  35.50762   56.745445  42.995163  44.72602
  32.960926  47.821735  43.43316   33.904076  48.66415   44.26865
  41.02696   43.082832  30.167337  38.167778  43.565495  30.88704
  54.868034  32.833874  30.74089   34.278484  45.82412   29.42008
  36.86272   34.131283  43.289272  27.759771  40.17022   41.285305
  32.9366    27.70444   42.159515  35.76612   40.70771   25.247292
  48.450893  35.698666  29.880856  46.410095  35.491844  30.793285
  35.048676  36.295425  38.29702   32.776154  43.787685  55.27179
  35.59335   43.74875   36.20852   31.577038  51.23033   43.58841
  38.715023  34.124737  81.37571   38.81786   39.35483   58.22894
  36.6143    44.96422   41.108837  39.706852  53.166748  41.17573
  32.53565   42.788437  32.0064    59.690952  40.267727  37.79146
  49.019394  39.517925  31.046513  36.305626  41.41256   43.492115
  26.702375  33.244724  34.984695  37.582325  35.616566  37.072285
  37.435257  31.439583  26.7725    31.725435  41.472733  36.58682
  36.924313  54.111668  43.5926    33.98956   43.565998  40.942398
  32.713604  38.49919   37.18577   34.83086   36.189907  40.510445
  28.834902  39.28247   30.90449   52.946026  41.096386  34.657677]",0.09202127659574467,0.19174431065718334
1,33,1551,"[[-11.263876     8.288189    15.064277   ...  -3.383622    -4.2773404
  -21.754223  ]
 [-12.669129     6.231354   -15.570687   ...   0.980835     6.0934463
   -4.5305696 ]
 [ -6.271971    -4.7625165   -0.868776   ...  10.898878    -8.775248
    5.959495  ]
 ...
 [ 12.33535    -11.216738    -6.6525574  ...   6.445525    -0.7003475
    5.0152383 ]
 [ 10.312774    -3.1127687   14.064879   ...  -7.5358977    5.1475425
   -5.820227  ]
 [ -0.04379612 -29.232054     7.204058   ...   3.804499    10.912803
    9.197326  ]]","[ 37.9092    40.05847   36.060978  32.67366   31.404924  33.597977
  37.022038  45.33481   44.394943  37.56936   26.769194  39.062454
  32.482872  33.729294  35.84204   37.9998    42.302876  33.69258
  30.501303  28.59115   26.973137  32.1842    45.238266  29.147017
  34.993366  39.34266   38.805927  36.677856  34.290665  42.452568
  42.11395   34.111195  37.577744  31.40434   37.546444  30.890596
  34.382355  32.47621   35.7473    33.91684   39.215378  34.2322
  26.22239   31.307747  34.185223  36.715195  49.472347  35.501717
  50.677994  39.779766  36.545753  38.027084  39.82059   44.996082
  34.249355  34.489235  30.901978  60.738308  30.16753   32.607452
  43.979435  28.499613  39.28916   40.053013  31.807749  36.81902
  42.508907  34.02874   36.206398  41.067272  32.101414  38.016354
  28.177774  32.881664  40.4075    28.464201  29.828436  30.274824
  38.30355   45.636494  28.595707  46.609085  35.051468  37.470573
  35.16648   30.966772  37.733376  33.02551   33.555294  29.750162
  27.504526  35.677197  34.341812  52.579594  40.25948   47.76577
  41.763065  29.613903  40.385986  37.131145  40.644     32.84681
  47.53467   36.568974  30.375755  37.286835  53.2084    45.84699
  31.581297  33.20396   32.856113  33.60512   45.327633  39.121468
  39.336205  29.076141  52.697315  44.719654  29.19025   54.51663
  29.779732  43.079124  31.127005  33.273838  48.1514    31.946827
  24.859777  46.911648  35.483997  32.857273  40.711926  40.897182
  37.93599   35.68216   37.396023  37.867344  30.4276    37.909866
  48.7718    38.532017  30.430838  30.979658  29.139526  43.20713
  32.379726  32.13184   26.271532  32.53598   38.723675  33.926437
  32.134193  27.904726  43.576412  33.49126   26.50517   34.65259
  35.789043  35.412617  36.486702  54.94098   35.387295  36.798687
  46.080425  39.798393  29.932028  40.2029    35.01662   45.55918
  37.03208   26.172709  38.58943   28.652073  35.79081   47.11437
  41.19023   41.847233  34.863983  29.628986  40.17627   40.148426
  29.717234  28.909756  31.097105  34.834007  31.58795   38.8131
  35.813168  60.24639   51.869083  26.752987  37.580853  39.964188
  31.538584  40.367004  29.718653  26.50685   40.772194  38.663822
  28.436958  38.15753   37.985603  37.967354  40.124485  44.45889
  26.284403  33.65105   29.971165  35.83355   35.818188  38.103294
  26.10291   42.81303   43.080864  26.559614  41.554436  34.07805
  29.628437  32.825226  35.662064  37.39007   33.416687  32.767113
  49.22374   34.122215  45.83077   39.49695   37.16214   50.753265
  42.81012   36.293316  43.99337   36.594193  45.913902  34.613472
  34.967014  32.730648  34.283783  32.334755  35.75563   35.194847
  36.599743  30.848953  34.560562  37.02687   38.747723  44.30833
  38.803875  35.134445  35.398457  33.450836  28.731024  29.446682
  39.39331   41.400204  38.20703   59.206856  27.9436    46.00757
  34.14468   39.56888   35.862022  30.816101  42.655895  40.769352
  35.147827  25.957731  39.440926  26.53568   29.44213   33.78139
  41.517704  48.456963  31.503548  52.10945   28.618738  38.816067
  33.811993  30.70339   33.25675   38.987644  47.773956  43.593468
  30.417057  33.92925   59.725544  32.016823  31.82008   29.389595
  32.208637  36.71692   42.237755  38.60895   37.291794  34.00579
  33.608837  44.612442  38.227398  30.11059   30.115095  34.525505
  32.177532  33.908024  39.260967  33.172417  29.883808  44.61595
  30.77094   33.042595  33.031994  31.373507  45.900864  32.129124
  38.605972  38.166023  57.048264  37.610126  38.554028  41.570095
  47.834835  35.88263   29.993721  43.546066  31.9661    35.075737
  30.273739  28.73829   40.075157  42.017616  37.986725  48.932083
  41.63444   39.493706  33.58193   41.481934  37.781387  41.998753
  77.49274   30.524736  36.554573  31.2303    33.261284  55.91721
  28.293913  37.680653  62.52449   36.526974  34.28688   35.845013
  35.40592   35.061386  37.739105  35.75392   34.043022  33.873642
  43.315296  48.24909   36.00723   32.23685   40.809322  42.331814
  33.540222  57.3836    35.671764  30.101482  37.264374  32.91959
  27.081709  51.897633  32.09093   31.221342  44.419697  38.81831
  43.84308   41.16108   27.303635  33.121426  32.297638  38.609272
  43.203823  43.88131   31.470652  28.19141   32.14339   31.124866
  33.78167   38.488934  51.25713   39.84688   36.519474  44.752518
  53.350895  36.35799   32.525703  43.58434   31.550879  32.657383
  26.812765  53.338543  26.675673  28.899567  38.422417  39.38225
  37.886013  39.30123   27.853682  44.658363  37.40843   46.448875
  36.99708   25.407873  44.98777   34.90832   29.374468  42.492397
  48.2874    35.892414  45.13543   51.81106   27.990055  33.871593
  30.266682  33.10209   36.201942  47.039837  37.029316  32.882298
  29.617657  41.63394   34.368805  46.612194  35.196503  34.0477
  33.09922   25.385107  26.873617  33.186054  28.256355  43.76115
  42.308186  30.977264  35.151382  37.23655   40.605858  37.81744
  30.506302  29.383492  38.586967  42.50752   34.99045   39.52571
  28.541895  24.84904   41.20005   34.673824  45.040543  41.788277
  38.964348  44.702457  32.988842  32.263367  43.02169   33.97192
  36.833893  35.500008  26.521643  33.605186  43.444584  30.977093
  33.445442  38.3889    41.515232  26.926317  24.674322  32.22663
  41.95486   34.505886  35.33964   30.77805   33.437206  39.80271
  50.67875   28.021471  30.647072  37.326153  32.700134  31.253017
  26.660164  31.56891   25.600111  45.004543  44.402466  50.561436
  43.74106   33.31418   34.90269   30.854359  34.7978    43.21028
  32.753086  35.470646  43.286484  51.511494  38.608677  48.553078
  37.9993    28.063105  51.444763  43.76861   33.835693  31.015757
  31.722586  50.581425  38.512753  38.600307  42.53416   42.510963
  36.160248  29.068731  32.639565  38.04387   36.55068   39.952305
  31.8336    37.49612   36.775166  36.378036  35.9769    44.83163
  42.462875  36.000782  38.989655  41.219074  36.418533  40.138554
  32.92225   35.76537   29.628141  47.293938  36.71565   35.07429
  38.556046  29.653496  26.304625  42.102516  37.66187   28.975954
  37.66074   40.611263  46.505745  35.284164  33.30788   39.246613
  36.784912  49.074375  25.518625  38.803764  44.91472   38.37999
  29.745424  31.762157  49.74691   36.65106   36.550278  32.13497
  33.987793  33.29706   34.357674  32.92061   31.680862  37.159206
  34.34453   30.627707  31.08101   32.150383  43.51732   36.48268
  39.40087   54.61044   34.325035  31.289446  38.98384   27.107546
  35.59955   42.07478   31.794401  34.31836   43.064697  41.018967
  38.76904   30.658394  31.77316   42.295574  38.852093  41.30661
  45.5566    39.316757  35.0939    53.687817  41.056675  36.92814
  39.71705   51.308952  30.544775  31.153542 264.7939    43.943665
  35.770348  53.918354  39.436905  34.071926  31.643063  25.041973
  27.32882   49.17158   30.668997  42.629436  56.15872   40.05962
  40.12457   46.168236  36.400043  42.20534   32.96109   38.15333
  70.189735  46.928486  34.777786  44.247578  32.31631   42.62754
  35.511036  34.984394  25.219023  44.527477  32.222935  36.461937
  39.40868   25.315937  29.349974  28.607058  35.906155  34.406292
  31.4277    37.291042  48.786907  37.704624  35.853737  38.228836
  34.395832  39.739803  40.360718  29.332258  39.722836  36.61551
  32.09537   37.1776    57.93369   44.74341   28.888924  43.402405
  52.359173  28.048512  33.905006  44.718647  40.4228    42.998528
  31.3471    44.225224  41.055645  31.192104  47.01127   42.539036
  37.89217   39.111988  28.16513   34.398315  39.649075  29.301294
  48.496002  30.23222   29.305202  32.02534   41.48431   26.88984
  32.861584  32.73129   39.545307  28.159887  38.619694  37.693985
  30.859884  25.492647  40.140522  32.98718   37.471924  23.568266
  47.44381   35.839397  29.22897   42.469345  32.168427  29.011166
  34.602356  33.453285  36.00101   32.37292   42.737667  46.948235
  34.970623  37.66551   35.680054  30.29214   44.79964   39.563225
  35.407513  33.00353   69.007744  33.239323  37.936913  42.789207
  36.199043  41.81746   35.99705   37.842484  45.926968  36.240227
  30.332512  40.791927  26.4511    51.89658   35.88604   36.97771
  43.710392  35.09989   29.423172  33.34752   38.650898  38.942024
  25.904337  31.166195  33.43851   34.315437  32.255157  36.10392
  33.77007   29.987324  25.953926  28.870567  40.166237  36.131027
  34.390987  47.629593  41.07862   30.840412  40.20359   39.129642
  29.118483  36.76808   35.761105  32.653915  30.057768  37.04847
  28.213268  36.387463  26.966635  50.83712   39.013187  31.703144]",0.15,0.24774686694145204
2,33,1551,"[[-14.110295   -12.552195    -3.2788148  ...  -5.3299074   -4.461099
   -4.2799897 ]
 [ -5.2331457  -12.436901   -12.430809   ...  -4.1403666   -9.457928
  -10.938941  ]
 [  1.6516812    5.3204536   -7.5683484  ...  -2.2777762   -4.276054
   -3.9765794 ]
 ...
 [-13.816607    10.410179     5.294943   ...   9.994534    -4.433129
   14.804861  ]
 [ -7.6463304   -4.5153966    0.9620269  ...  -0.09716067  -2.0884423
   10.513854  ]
 [-13.082273    -3.4909737   -5.857259   ...  10.707843     8.873118
   -6.8804026 ]]","[ 33.898067  38.836876  35.1654    32.560123  30.79279   35.727024
  34.97023   46.95121   42.499638  36.274036  25.221262  34.45504
  29.678452  32.93335   35.303753  38.036358  36.73545   29.844557
  28.124441  27.550055  24.865892  29.817066  40.076637  28.564974
  33.414036  34.92222   35.01478   34.775017  29.824707  36.75044
  36.00163   34.29902   36.507977  27.848127  37.47852   29.165031
  31.550354  30.517231  36.447678  30.704884  36.829     36.33741
  25.419096  28.842945  32.13564   34.760143  49.764156  31.301569
  44.757744  36.060074  32.600674  32.950996  36.04637   40.55839
  32.215977  33.222607  29.241049  49.562393  27.955612  31.047295
  41.021183  25.07148   35.768497  39.01721   28.29198   32.431282
  37.099422  29.791927  32.791504  38.544277  28.100153  35.480656
  26.65098   29.30075   35.238583  28.508585  27.669174  30.104378
  34.90244   41.687527  28.02933   37.852913  32.99656   37.410698
  38.03657   25.90928   34.012604  30.056889  31.18376   28.406933
  24.616297  33.493843  32.69451   45.74877   36.842957  45.042377
  35.685097  30.186016  36.526043  36.851795  37.123463  31.258091
  43.185375  30.602367  29.527163  36.778873  46.41476   42.403934
  30.296036  29.627146  30.538193  31.430445  40.086365  36.89994
  37.31265   27.209661  49.332516  36.098915  26.973764  52.797054
  27.101536  40.837364  27.408072  32.107647  41.064404  27.865908
  22.28806   45.10048   33.0399    29.02645   40.03328   37.33199
  34.89083   34.290134  35.826485  35.446987  28.96458   36.155685
  47.789436  34.748905  28.861256  28.405096  29.647188  39.487522
  29.680834  31.404493  23.698103  31.651102  36.60279   30.569881
  30.723085  26.047785  40.88222   34.02935   25.41151   29.33939
  34.005913  31.685816  34.588837  53.03256   33.36054   34.785213
  44.43077   37.78247   27.707903  37.08228   31.38562   39.544594
  34.02926   26.020746  35.891846  26.00494   31.859865  45.140617
  37.938305  37.774952  31.912867  27.549341  39.063576  37.938717
  28.297562  26.050829  28.401875  33.637543  32.016167  33.294342
  34.060356  58.61519   41.247475  25.638317  33.625633  38.727066
  30.951832  38.300213  27.140219  25.680458  37.841778  33.196575
  25.829191  35.69163   34.11726   36.854984  37.36084   38.428772
  23.298893  31.952904  28.942837  33.607883  32.942993  35.085007
  24.162432  35.368767  37.987366  25.780708  34.397255  29.855017
  27.93239   31.285608  31.464579  36.374954  33.03145   31.088526
  44.798725  29.004282  41.29955   37.90252   34.666412  45.889027
  38.46934   34.557777  41.469154  33.885788  44.166656  33.628025
  32.696106  29.27125   32.687035  28.850908  31.815643  32.400536
  34.977196  29.349745  30.41212   33.22966   37.188133  41.417828
  37.53963   31.594746  34.674557  30.042498  27.58288   28.5357
  37.278408  35.080067  34.961224  49.313606  28.482452  33.70243
  29.444725  37.840622  35.480938  29.141102  39.071053  40.619846
  32.903343  24.871483  36.364113  26.86747   28.538881  29.403261
  39.427486  45.519745  29.4002    44.687115  25.871891  31.719624
  32.784096  28.664968  31.414078  34.25727   47.491886  39.580887
  28.79863   33.696293  55.896698  30.241215  29.523996  28.153492
  28.665087  32.30038   39.304317  36.26777   34.16513   29.77865
  32.585754  37.963528  34.332005  29.923885  25.927267  30.347843
  29.97649   30.644484  35.674793  29.324635  27.656197  41.118134
  27.854088  29.12873   31.150625  30.056463  42.843426  29.334059
  37.912678  37.722015  49.311375  33.119133  33.39559   37.428833
  41.561512  32.333298  28.574207  39.242844  30.453236  33.67439
  29.19045   26.558111  36.21015   37.857758  34.789364  44.141594
  40.986423  37.76499   31.976896  38.67825   35.10168   37.06599
  73.59915   29.13001   36.348946  31.4718    29.622086  46.312016
  28.82296   33.958935  56.648975  34.454834  29.99116   35.338413
  33.092964  31.413076  33.460228  32.724197  30.498627  30.894276
  40.821594  40.35583   34.16745   30.314644  37.88324   37.6212
  29.880756  54.01754   33.590332  26.714842  36.40394   29.359081
  26.92032   50.556194  30.434866  28.068348  44.371597  36.783566
  41.76173   35.196796  25.371418  30.137375  28.907484  35.266342
  42.006496  39.0759    28.24675   26.036968  32.048923  27.573078
  31.118185  36.096035  47.245613  38.762306  34.03028   38.82995
  46.112476  31.27276   31.366554  39.139683  30.540062  31.495832
  26.12398   47.18873   25.72515   26.805305  34.06637   34.707794
  34.974606  36.833122  27.402802  47.027306  32.792564  40.20468
  35.74635   24.10423   38.344776  32.340183  31.226475  39.939995
  45.719685  34.178608  42.524475  44.78997   26.285603  30.639324
  25.88723   32.728203  35.812172  40.69919   37.85088   31.433176
  27.979925  37.2614    29.422285  41.44238   30.250792  34.25387
  31.942682  23.413675  24.487568  33.379288  26.1778    38.992176
  39.542698  31.659271  32.969486  33.929844  38.27477   35.339443
  29.665438  28.157583  36.373863  38.48118   33.18025   39.204277
  26.707565  24.152378  41.26798   33.53827   42.37046   39.960182
  35.446426  44.870853  30.835333  31.156853  40.20632   33.740685
  34.746147  32.403065  24.099062  29.67293   42.70133   30.798815
  29.774271  34.915035  40.37461   24.71935   23.240496  29.883915
  40.10427   31.942873  35.23448   29.001917  30.979221  41.60161
  51.435413  27.598549  27.938486  32.983044  29.409338  27.866968
  23.362022  28.459648  22.558537  40.49206   40.64219   46.38597
  41.56673   31.88056   30.32793   29.24421   33.85571   39.585003
  30.95908   33.07883   41.66619   49.29059   34.513035  42.011284
  33.54377   22.952085  48.55911   41.98295   30.512554  28.975153
  29.594095  44.899803  36.44886   38.17491   36.838173  41.398117
  30.752756  26.228903  31.777405  35.29358   31.224325  34.544518
  30.302485  34.43977   33.310585  32.2976    35.483738  43.286587
  37.605145  33.654163  37.947037  39.225956  35.70597   36.697212
  32.450153  31.113302  28.719854  44.212677  33.44936   32.302406
  36.92152   27.150948  25.614422  38.359837  34.66441   27.69549
  35.19076   33.78156   40.627274  32.341976  30.12799   37.18102
  33.54262   42.485725  24.62095   34.238014  40.339638  34.42732
  27.441439  30.261234  43.16204   31.3199    34.425297  28.58203
  31.728222  31.101185  29.88603   33.91858   29.794373  35.03575
  31.121193  29.677193  28.17622   30.318224  40.344223  33.017162
  36.15405   48.61747   30.8759    29.205643  35.494102  27.321241
  32.153496  38.645267  29.313362  32.00546   42.56656   36.41808
  35.588207  28.406544  30.814837  40.2182    38.83425   37.440216
  42.39068   35.346764  33.772457  51.90795   37.050274  34.07449
  36.140285  48.00785   29.249996  29.171427 263.58698   42.420666
  33.58487   47.17338   35.78302   31.219784  27.341732  24.140903
  26.229649  44.424183  30.74038   44.345646  52.573494  35.925262
  34.758766  42.915527  32.516987  41.156643  30.633036  37.17402
  60.97395   39.81059   31.788721  41.40214   33.49346   39.30681
  32.191578  31.0426    23.03199   37.458313  29.852257  35.4713
  36.598644  23.18966   28.882704  26.46997   33.92112   32.96018
  26.881721  33.61564   44.217484  34.151688  34.869247  32.533184
  31.921417  37.58205   32.89869   26.833     36.779255  32.249794
  33.08134   33.460167  54.86636   41.474556  27.135553  39.019997
  44.7858    26.61896   31.300081  41.520084  37.89707   37.7526
  30.194084  40.417686  38.655834  29.313892  43.79991   41.946945
  36.813774  35.24127   27.6449    33.18987   40.038986  25.925629
  42.485584  28.240292  27.667154  32.05237   38.162544  27.064411
  31.69038   31.713995  37.199024  27.657368  35.493267  34.888477
  28.170366  23.360308  39.720165  32.141335  34.004105  22.226303
  44.310116  34.234688  27.396416  36.987213  31.091103  27.565952
  31.914705  29.979328  36.227135  30.916836  41.256535  40.40357
  33.22126   38.43193   32.133797  27.776072  40.188515  37.902725
  34.381245  32.3067    61.09105   29.28468   35.67305   41.9804
  33.144894  39.301884  35.779964  36.629826  46.127903  33.31347
  27.854023  40.203957  25.179544  46.75806   30.507355  33.22625
  43.659977  30.121876  27.579702  29.27686   36.069733  35.66321
  24.270182  30.125942  31.213285  33.244797  32.43452   33.328213
  30.877989  29.583239  23.055511  29.45779   37.71566   30.903564
  31.159292  45.126556  35.24032   27.762945  36.978542  35.33566
  29.541283  36.92917   35.165787  31.524134  26.476704  34.099857
  28.595665  34.45269   25.501642  42.587055  36.791042  29.19252 ]",0.2372340425531915,0.30751204391320547
3,33,1551,"[[-6.2246656  -2.6979094  -1.6941171  ...  0.21953158 -6.655885
   2.7725456 ]
 [ 0.6779534   1.0957708  -2.7039716  ... -3.7105544   2.2945173
   1.3140137 ]
 [ 1.3770676  -2.820102   -1.4070094  ... -7.0267696   0.9153496
  -4.996326  ]
 ...
 [ 1.3979938   2.151304    0.42772382 ...  4.231689    0.4651345
   1.2708764 ]
 [-1.3467293   0.33702064 -0.9098177  ...  5.1254835  -0.5096981
   1.4079436 ]
 [-3.2545695  -3.116599    1.9255029  ... -2.570516    3.949709
   0.85763305]]","[ 31.923857  35.612576  30.220438  29.82735   26.958376  33.025948
  31.774607  41.09731   33.18666   32.22901   25.119982  30.54184
  27.882517  32.45945   31.156134  32.669888  30.362497  29.320656
  28.524397  25.448933  22.27798   26.189732  37.396877  26.46066
  29.44573   32.50804   33.746418  32.322334  26.997824  35.924854
  30.384413  32.501553  36.382523  25.437021  32.763042  25.674831
  26.38593   27.051126  33.765724  30.01459   34.6109    34.86014
  23.483969  26.540186  29.613596  30.208284  41.811882  29.40988
  40.39776   34.0299    28.748123  29.975773  32.99958   35.53555
  29.379436  31.835358  27.929075  48.13734   23.624252  31.933187
  36.51491   23.100363  33.92181   33.835983  25.793821  27.106047
  35.338684  29.283808  30.629045  36.016335  27.386484  32.561237
  24.688597  26.987566  32.005672  26.881178  26.103172  26.757244
  31.351292  39.39023   24.730173  30.64777   28.356247  31.21583
  33.33089   24.046412  32.41624   25.100437  28.996008  26.256916
  23.379168  31.435402  29.059118  41.900803  34.648254  38.090736
  32.078964  26.900362  33.46219   35.02711   33.300488  28.125776
  39.568592  29.59312   28.69459   32.635876  40.446743  35.029434
  26.892267  25.023163  26.420776  28.753937  35.983364  31.252892
  32.093925  26.801897  43.165165  28.252808  25.473564  48.974247
  23.895967  38.1209    23.960497  28.715996  37.24076   26.570953
  21.294832  36.81923   26.285135  26.926239  34.68573   34.76701
  29.023636  31.529688  33.02037   29.929688  26.24706   30.527252
  40.12767   31.758926  28.725185  26.288923  26.914444  37.642113
  27.67851   30.523512  21.498316  29.917747  31.072762  27.16729
  29.844227  21.239992  37.42132   30.245022  22.010155  25.001295
  30.33008   30.226711  31.461111  44.273403  28.975134  32.37173
  41.72571   34.540318  25.886486  33.355484  29.353075  33.195488
  32.778267  22.339756  31.20538   23.155518  27.941328  38.785492
  35.895218  33.39603   29.680254  27.152811  35.94977   34.83619
  27.48594   26.98776   24.833452  31.881271  27.931175  25.416536
  29.548622  50.54765   35.64295   24.469328  33.912277  34.07452
  27.424625  35.4939    24.221222  23.945356  38.372875  31.56671
  24.297571  34.723507  29.975576  33.893654  36.966213  34.473293
  23.020346  30.980722  26.372555  27.58787   29.590578  27.890842
  22.40799   33.00774   34.82779   23.940172  30.984575  28.038471
  24.178823  28.359568  27.719519  31.861258  30.0162    29.830254
  35.528564  26.82294   32.92209   32.754845  34.81085   41.947422
  36.164616  29.217894  37.681126  30.676476  34.918793  32.891888
  30.794924  26.901936  30.593576  25.04688   28.580292  31.817295
  31.563137  24.703812  27.211143  27.897085  31.260632  35.379864
  34.837452  26.750835  32.781513  27.736528  27.177183  29.813698
  34.648556  30.063324  30.46516   42.239407  24.000834  28.675161
  24.820847  36.35687   32.646973  25.794336  30.774673  34.963367
  27.702713  24.102482  35.09252   24.612017  26.367085  27.01074
  35.839153  40.754932  23.611029  39.47462   25.11113   30.62191
  30.733454  24.150572  30.766918  31.054607  39.797215  37.22004
  27.339159  28.912035  47.61478   28.10163   27.153505  27.51284
  25.08863   29.785583  34.079586  34.319008  30.773615  28.70486
  29.353836  34.432575  32.97234   26.431076  24.17907   27.960403
  25.807255  28.311676  32.193905  25.602747  25.314734  37.0749
  28.43286   27.126352  27.833256  26.946407  36.732178  27.632877
  34.312557  30.851992  43.67715   28.434383  29.017832  34.747124
  35.321583  29.799212  27.430143  36.42233   27.363718  29.523233
  26.437122  24.816593  32.150494  35.554565  32.430878  37.612354
  40.03659   31.347883  29.596916  39.884727  33.12004   34.029163
  62.071987  24.865602  31.426138  27.604767  28.252224  36.659214
  25.895308  29.271559  48.199192  30.768457  29.32413   33.03769
  28.531336  29.38819   32.007095  28.52786   25.501694  26.852495
  38.00683   34.563374  31.199991  25.67207   36.083504  32.99636
  26.917099  51.31205   28.71901   24.660757  33.26026   26.290285
  23.906645  44.393726  27.723803  25.097172  36.795864  29.114809
  35.1743    30.988237  23.353962  29.172993  25.729033  30.05617
  37.638332  37.720356  26.037851  21.898214  29.839462  24.919418
  28.7003    29.38781   41.64826   34.018135  31.731066  35.348095
  37.85797   27.058537  31.257378  34.41855   29.426176  28.219
  26.456232  40.569214  22.558949  24.872347  30.073183  30.53431
  35.10128   32.9041    24.347721  42.59288   28.885525  34.373444
  31.44103   23.291174  35.305935  31.433195  28.357582  32.069603
  42.02355   30.911835  38.656784  33.931633  20.93805   30.688652
  23.079689  30.886868  29.667904  36.740017  33.884323  28.569138
  25.439455  30.140953  26.172287  36.539192  30.929514  34.03396
  30.290415  20.530092  24.671072  29.227463  24.261526  32.969162
  38.456776  29.2298    30.047934  32.876957  35.645187  32.338573
  24.871689  24.338175  35.892635  34.06231   30.353746  35.23372
  24.778227  21.92367   39.127552  30.394192  35.250523  37.55753
  34.26097   40.9384    29.737179  27.593838  34.76561   27.317436
  31.534159  32.131805  21.98759   27.89671   41.00369   25.944778
  24.191622  32.5551    33.612816  20.838743  22.525126  26.688648
  34.203415  27.997587  31.075035  26.885912  28.841515  35.604164
  42.119728  25.14753   24.710474  29.292744  24.8649    27.17523
  22.17736   25.048111  21.724312  33.717484  36.728664  40.99314
  36.0301    26.042776  29.589167  27.448608  29.8373    35.883907
  26.144415  28.714306  35.830967  41.049168  30.33012   39.483997
  29.004704  18.443121  46.01871   37.413765  26.433878  25.10353
  26.447866  38.823196  30.628168  31.392473  34.859432  34.26875
  28.114008  22.437563  29.011591  32.357094  30.117004  31.311499
  27.85623   30.507217  31.135113  31.07711   31.31588   37.368053
  34.802097  30.597244  33.55295   33.935955  35.591984  34.056023
  30.102272  27.692532  26.871826  38.059944  32.02457   27.246754
  33.79315   24.464865  23.091831  35.149147  32.076973  24.44646
  31.825434  32.448208  39.746452  29.47294   25.34382   33.72432
  30.034704  37.194893  23.85256   29.466663  37.959812  32.419384
  26.427185  27.50706   40.274635  29.404053  32.42447   29.026197
  31.2145    28.300743  27.375914  31.220451  27.319311  29.614912
  28.786924  26.58303   25.303232  27.202234  37.024323  28.111446
  32.95185   39.90875   28.496004  26.504765  31.901995  25.108624
  29.225636  36.284367  28.628948  27.484856  36.80404   31.372324
  33.592102  26.068943  28.00148   37.79945   34.31029   34.26205
  37.04456   32.589153  31.58107   46.826466  37.101273  29.811682
  32.215244  40.72774   28.836327  26.655079 251.93387   37.57051
  31.099333  40.876976  31.534489  27.89909   24.640873  21.727861
  24.960718  37.410183  26.654133  36.355194  47.921543  33.65998
  29.214672  37.418564  29.906736  36.29225   25.410053  29.3897
  50.525173  33.386024  27.466745  39.49136   30.82862   35.27327
  30.546003  27.56459   21.365328  33.617283  26.02905   33.25757
  29.977459  20.941738  28.227783  22.81533   32.337166  31.698856
  23.828777  31.939978  38.53597   31.593557  31.704027  27.836596
  28.825014  33.98965   28.366896  22.107733  32.28638   33.445694
  31.034565  28.10671   50.75197   36.358044  26.994085  35.2435
  40.891327  22.194397  28.81545   41.462906  35.442574  35.953102
  27.66493   35.52389   36.08188   25.12877   37.32486   33.564625
  34.437492  33.957737  25.879114  31.007172  33.240795  24.34122
  37.931454  26.803347  26.434175  29.437628  30.856115  25.942705
  32.360027  26.807417  32.77322   25.908066  35.82445   32.370335
  28.78437   21.284035  35.771065  29.440346  29.003548  21.415356
  37.052246  27.204865  24.31523   33.758064  28.343416  25.943151
  28.745932  26.180079  31.492159  29.215664  36.83507   34.195408
  28.183617  34.670437  29.05273   24.8967    35.79015   35.313026
  30.964342  27.321957  48.09523   27.076244  32.567776  38.884262
  31.83425   36.968193  34.28508   30.513819  41.19289   27.684896
  27.708176  35.41999   24.070202  43.361023  29.75813   29.313498
  40.929028  28.122986  25.716797  27.854744  30.787737  33.36753
  22.457607  27.924032  26.242607  31.84598   26.36198   31.00442
  28.072668  27.55443   22.38819   25.141579  36.548733  29.204288
  28.438478  37.273285  29.28541   25.777702  31.624138  30.273798
  25.83268   33.589283  30.206572  26.648237  23.19279   31.54733
  25.583313  33.043125  24.026924  42.497177  33.333893  26.81555 ]",0.34627659574468084,0.3780972331762314
4,33,1551,"[[-0.7672541  -0.27787057 -2.160298   ... -2.9185994   0.14135419
  -0.51447064]
 [ 2.9224122  -0.46238458 -0.9984889  ... -0.28337434 -1.9326955
   0.2563349 ]
 [ 1.8603071  -0.891338   -0.41909492 ... -0.46667743 -0.3299464
  -0.19247833]
 ...
 [-2.2105854   1.9231869   1.1873026  ...  0.27594978  2.533061
   2.0331976 ]
 [ 1.8019596   0.38183433 -2.6914322  ... -1.9414806   1.1015985
   0.25007644]
 [ 0.82115597 -1.4487908   1.3592216  ... -3.0724688   0.58920395
   1.1252818 ]]","[ 30.681824  32.806664  27.377377  26.914402  24.238827  27.164423
  29.881641  39.101513  31.00785   30.177626  23.573647  28.49616
  25.468578  28.099304  26.736433  29.533722  27.850807  26.17309
  25.224115  21.14253   19.98664   25.858274  31.602247  24.375326
  24.57891   29.712301  30.468048  29.901009  24.556791  29.78102
  27.162682  28.873583  31.548767  23.08565   28.84169   22.43776
  24.97157   25.463438  29.464735  28.100819  29.150396  32.305336
  23.412088  24.029535  29.145447  29.377348  37.018795  23.678776
  33.63664   30.08553   26.880121  28.940546  30.185997  32.84457
  27.551453  28.291765  24.351404  36.105003  22.208447  28.40765
  34.53565   19.902514  31.899275  31.50968   23.742735  24.31847
  31.306007  24.935217  26.405655  33.605667  25.661543  27.775541
  20.741215  24.414486  28.542717  25.276085  24.212963  24.582846
  30.175325  31.022072  23.725502  26.486046  25.658783  28.575762
  31.886885  22.22976   28.905367  22.534254  27.63748   24.146597
  21.502699  29.13979   24.699926  32.37872   27.854544  35.283
  27.378756  25.011     28.501827  27.680244  28.203321  27.024065
  34.259056  26.920029  26.751923  30.350054  33.96286   31.103868
  24.032965  22.179522  23.16044   26.579933  32.088028  28.084435
  28.765417  23.977015  34.2722    22.637651  22.405437  41.17301
  22.57494   35.126938  20.798193  25.87546   31.210546  23.90045
  18.96881   33.541687  24.428556  22.682402  31.98988   28.82809
  27.282501  27.920464  29.604631  25.229925  25.429771  26.332455
  36.885063  25.436308  26.013626  25.297623  23.716295  33.747364
  24.63227   29.626965  21.286976  25.239035  30.308836  24.398994
  27.806276  20.339907  30.738316  27.079449  20.559433  24.33587
  25.5097    27.878695  28.788641  39.962555  29.466038  29.56932
  35.652935  31.022617  25.165169  30.852484  24.838867  30.835436
  28.772642  21.822613  27.656515  22.315025  26.416904  33.01245
  31.235193  29.325731  27.994864  23.614971  32.78882   31.782013
  25.137125  25.502327  22.739172  27.512783  25.147367  23.138756
  26.890478  38.817513  29.712255  21.758595  28.038986  29.12238
  24.795254  32.050785  21.29077   22.099085  35.827866  26.951038
  22.648432  38.200504  27.028305  30.013653  31.415344  28.886726
  21.776932  28.022026  23.461336  25.260313  25.569702  26.605942
  19.979948  30.54418   29.471497  20.779669  26.796394  24.824747
  21.733517  25.45825   26.410774  28.817043  26.485039  25.19358
  31.610714  25.99637   27.76226   28.904114  31.303242  37.992344
  32.574554  27.046661  36.423187  27.201214  29.570465  31.47916
  26.045147  23.041115  28.343147  23.29804   26.276283  27.611336
  26.595036  25.10939   25.618546  25.083359  28.42051   29.693743
  29.959167  23.95653   28.733301  28.322718  25.213459  26.850859
  28.914675  27.081308  26.550406  36.928795  21.848545  25.342688
  22.328249  33.13067   30.03443   23.250864  27.321053  32.718914
  27.441713  22.342093  30.582184  19.622108  25.516907  25.02167
  30.985952  32.896534  23.106531  31.704346  22.016935  29.28447
  26.549614  23.387207  27.714685  27.791458  30.706198  34.14253
  22.550493  26.330656  43.173027  26.154907  26.11757   24.381868
  22.80952   24.591053  30.381317  30.4568    29.830017  24.701485
  26.689014  29.953327  29.237185  24.930351  24.162634  23.905582
  22.062757  26.934229  29.297295  24.562061  20.969227  33.829792
  25.013842  24.514282  26.545675  24.588736  34.19637   23.986649
  33.621582  29.48739   33.857887  27.379679  27.08022   34.488796
  29.723524  26.552301  25.161184  31.643959  25.562494  26.02502
  23.771538  20.910551  27.624039  29.22812   30.03142   31.872114
  31.705542  29.097498  25.979868  35.60184   28.949818  28.517084
  51.65794   24.779987  28.54085   25.469439  24.065756  32.37889
  24.11463   27.166584  36.797115  28.561     26.886889  29.34516
  27.159435  26.403461  27.393293  28.87812   24.173115  24.261639
  32.676548  30.565144  28.285282  23.337221  31.208607  29.946472
  25.341629  43.964256  26.795681  22.385868  31.96657   24.477505
  24.18536   38.260906  23.835306  23.850605  36.11752   26.48664
  32.20272   25.09141   20.7302    25.286331  24.010338  29.222095
  35.277824  31.685812  23.827635  21.098646  26.416615  24.5112
  25.816856  27.96784   33.357407  30.750294  29.589334  32.68975
  32.680058  24.289616  27.108253  30.26957   25.97706   25.881123
  21.599228  33.693443  20.641817  22.600555  25.894796  28.787556
  30.48902   27.617672  23.228884  36.790215  26.882378  31.301844
  27.662458  23.197853  28.853819  27.564196  25.374342  31.888132
  36.116955  27.232388  32.786102  27.616783  18.916641  25.937082
  21.53661   25.748907  26.688818  32.83997   30.389973  28.337307
  21.659044  27.920622  24.555977  32.348324  27.908146  27.02697
  26.992216  19.2478    22.199924  28.169699  22.709213  26.685886
  36.007435  25.718159  27.698652  28.960135  30.80019   31.030832
  22.816488  23.92578   29.587246  29.878084  24.492716  27.659822
  24.413486  20.500166  34.646885  26.168728  30.670414  32.722275
  28.034382  40.80661   26.715492  26.607626  32.968582  28.272512
  28.593403  28.001244  20.811182  25.843414  35.1738    24.131695
  22.619268  28.480242  31.539373  18.300146  21.276003  24.403337
  30.523952  25.934717  28.46308   21.96497   24.84953   30.200195
  37.081978  22.803312  23.908047  26.431107  21.854496  25.994738
  21.262405  22.071245  18.945246  28.10308   32.892204  35.90768
  32.448963  23.714006  25.775715  24.845     27.149237  31.59381
  23.428076  26.388338  31.604742  37.293755  27.134436  32.81712
  25.179468  17.875515  38.87056   28.717522  27.194199  23.667112
  23.091486  36.515472  27.971466  29.914688  31.158504  30.086514
  25.49497   20.86457   26.653261  28.93811   26.577578  28.978134
  26.18453   25.875319  28.838148  27.801516  28.857847  35.650288
  31.843704  28.34021   29.425089  28.286695  31.06063   28.503345
  27.989956  26.409294  24.40453   33.933247  27.890917  23.614246
  29.607155  22.560413  20.175808  31.243362  29.411608  23.721786
  29.110012  26.577976  32.841873  26.035164  24.13867   29.366405
  26.236515  31.008549  21.111616  27.442001  33.119812  27.569277
  25.56197   24.433994  33.85667   27.896067  29.044657  25.633846
  26.249006  25.65286   23.502043  28.432407  24.215738  28.215614
  27.317192  25.50408   22.47124   24.103384  33.180775  25.791542
  30.04151   33.589127  22.902582  25.688309  28.353989  21.689013
  26.616932  31.499628  23.875603  25.282887  35.114357  29.129257
  27.958132  24.00959   28.666622  30.508417  29.104305  29.509417
  29.702614  28.712221  27.887892  39.784245  34.974632  27.296017
  28.816103  36.42044   26.209797  25.984732 233.26642   32.799995
  28.342922  34.976643  28.969397  24.79247   21.870796  21.827112
  23.866037  32.004284  23.870916  33.458645  40.05581   28.903828
  25.56435   30.986351  27.164194  34.0987    23.192701  25.574402
  37.507694  30.443884  23.89813   36.473846  25.29649   30.721981
  28.499783  24.16434   19.485422  30.590265  23.292986  29.341602
  27.504211  20.685646  24.725357  21.095188  29.92826   27.190233
  20.423056  27.075945  35.378468  25.572792  32.912712  24.279034
  27.657091  28.191574  24.222626  18.466213  27.352585  30.864754
  28.902842  25.613274  44.858677  35.15946   23.920122  30.152859
  33.350815  21.506561  25.56255   35.253464  30.906532  30.204292
  26.809408  31.541286  32.456303  24.600943  32.317795  31.70051
  30.919048  30.781372  22.184525  25.752195  29.415028  22.167654
  33.11601   23.785585  23.946878  26.067152  27.28265   21.801811
  27.698946  25.321232  29.889864  22.879843  30.684875  30.730732
  26.758411  20.70235   31.402391  29.502005  25.245943  20.93
  34.009163  28.622623  21.989737  30.11458   25.149141  23.574492
  26.061129  25.699036  27.336685  25.57892   32.870304  30.790276
  27.193104  31.301516  25.567743  20.699543  32.161644  27.438637
  28.108976  26.415564  41.61918   25.70189   28.792486  35.12948
  25.36096   31.266663  30.959288  29.593792  37.22393   25.474636
  25.13718   31.401676  22.107447  36.605976  24.90414   25.797392
  32.529682  24.099245  23.327906  25.255322  27.975727  27.521439
  21.138512  23.50997   24.945812  27.320713  26.754885  29.951471
  25.943687  26.099588  19.36609   23.070654  33.66064   25.62166
  26.07892   33.112076  27.361847  23.564243  27.83346   27.022617
  22.93637   28.824156  27.15522   23.772404  22.435171  28.623857
  21.64862   28.8643    23.110643  39.270218  28.858812  23.514042]",0.46063829787234045,0.4386361161867777
5,33,1551,"[[-1.0749047  -0.59283024 -1.4081355  ... -0.8785237  -0.35755995
   0.02414689]
 [-1.0099959  -0.8216436  -0.21740812 ... -1.0169718   0.31357116
  -0.10952791]
 [-0.22425553  0.29958746  1.1863108  ... -2.247075    1.1207964
  -0.78164965]
 ...
 [ 0.8542429  -0.1774915   1.7046901  ... -0.84184444  0.52310497
   0.14234328]
 [ 0.8907554   0.17406438  1.314061   ... -0.8092947   0.02175011
   1.5965523 ]
 [ 1.5868433   1.1961235   0.35871914 ...  0.21721847 -0.18343292
   0.20537452]]","[ 29.088764  30.297749  24.539997  26.268663  22.592289  23.797394
  28.312311  35.026066  25.712193  27.791746  22.19074   25.094858
  24.828983  23.145863  25.063057  28.284412  23.983873  25.82006
  22.399086  20.843477  19.619621  22.365538  29.917118  21.624159
  24.223232  27.036383  28.220583  25.852982  20.77531   28.245121
  23.9192    27.14932   28.26831   20.71878   27.326248  20.8075
  22.629316  25.572544  28.849905  24.9984    30.342659  29.35363
  22.21733   22.386612  27.74894   26.358831  33.086082  22.13966
  33.24912   27.51659   22.858156  25.83116   27.140926  29.856985
  24.291382  26.713604  23.172039  33.3892    21.353724  25.384768
  28.660337  19.14256   30.47965   28.651272  20.926466  23.84823
  27.506786  25.789444  23.297031  29.947744  22.57147   26.608006
  20.073498  21.07386   26.421076  22.744854  23.202265  23.03469
  27.943197  29.180693  21.97352   25.252325  23.170252  26.137777
  29.785341  19.347324  28.157728  19.637114  25.269348  20.08312
  20.589352  26.564909  22.274014  32.01201   23.849096  33.374325
  26.314472  24.1021    25.627739  25.676481  25.513515  26.577799
  31.025679  22.097557  24.379147  29.939777  31.916647  28.803795
  22.143404  20.603397  22.443201  27.072939  28.411043  23.966581
  27.128963  21.23263   32.55002   19.294247  21.016588  35.734272
  21.206217  31.974937  20.579245  25.59296   30.562836  22.724293
  17.145077  31.129765  23.243141  23.436241  28.080647  27.984098
  25.561954  23.773853  27.664963  21.857298  22.89542   25.369589
  31.99468   24.863688  21.341696  22.450962  20.875296  32.027386
  22.694752  25.660053  19.437132  24.075274  28.977394  24.306536
  26.44509   20.73497   28.842812  26.473824  17.218292  21.155823
  23.451118  24.38405   26.241196  36.601765  26.673231  25.739717
  33.05186   27.776918  22.157158  28.647871  24.18773   27.97398
  25.659872  18.645643  24.413687  20.266552  24.718409  29.958452
  27.74302   27.612295  23.062328  22.388115  27.900518  29.53316
  21.842703  22.262909  21.98971   27.057678  23.100471  21.36477
  24.71574   33.513306  31.825197  20.889214  26.834188  26.677107
  22.401684  29.836231  20.009972  19.56229   32.06182   24.200169
  21.932222  31.525494  25.982882  28.148083  27.375452  26.87894
  19.855404  27.858532  22.062857  23.947824  25.76247   25.707872
  20.58497   29.264215  26.28267   19.77852   26.115335  22.532995
  20.404099  23.064793  23.026451  23.88245   24.090338  22.270323
  28.960003  23.394926  28.047419  28.21511   30.33505   32.604763
  30.63158   24.788406  29.769917  23.844446  25.77583   28.462976
  23.598969  22.951815  23.255003  22.367249  26.811354  25.553122
  24.145603  23.358782  24.90921   24.318373  27.826612  25.312046
  27.49822   21.300615  26.528429  25.806282  22.63677   25.41789
  26.57011   24.951859  25.010828  31.23689   20.897612  24.113169
  21.096989  28.536081  26.786158  19.733     24.949814  27.854183
  25.255714  20.436363  28.089628  18.321318  24.54216   23.830719
  28.393843  30.073997  22.220379  30.904509  21.14634   26.280348
  24.090792  21.27498   25.898735  26.202652  31.359142  29.518517
  21.765242  24.025515  37.956974  24.31238   25.488888  21.905556
  20.427656  23.799059  28.074165  26.41915   28.14897   22.005507
  24.303495  28.001696  25.316895  23.907333  21.162527  25.135452
  21.380203  25.183332  26.772385  21.903572  21.46751   29.526562
  22.482145  21.81618   27.7079    24.387331  31.82207   23.062555
  30.101969  25.992025  32.796417  25.110641  25.27354   29.72062
  29.039194  25.255123  25.420094  32.353325  22.685112  22.719841
  24.01258   20.466465  25.970407  26.364397  24.741428  29.752287
  31.619741  26.576416  24.929417  33.90505   25.444206  25.97239
  42.066933  21.829502  26.307106  22.8397    22.543856  31.662052
  22.797016  25.583736  33.601814  24.258192  23.871294  27.643185
  25.656706  25.241858  26.24202   28.353266  21.85632   21.832703
  30.302935  28.060625  25.496935  21.67152   28.977854  28.509699
  23.217098  42.961586  26.048033  21.71908   28.088655  22.661707
  19.380844  31.935535  22.809694  21.139025  32.805244  25.046686
  29.664217  22.84406   21.18855   24.03803   23.72499   25.534487
  30.514572  31.04373   23.447334  20.120352  24.180285  22.203611
  27.083683  24.85508   30.613804  27.964579  27.424778  30.261662
  30.381855  22.452417  26.138802  28.586504  24.416374  22.446402
  20.856472  31.101603  19.680614  19.376245  26.39384   25.1371
  28.586973  25.829103  21.37853   31.57119   24.930605  30.990189
  24.079514  20.777462  26.43873   25.048134  23.897734  28.591324
  33.2779    25.543459  31.290407  26.504854  17.720366  24.788181
  19.459566  25.52305   25.191309  29.24873   27.433332  26.857347
  20.13835   27.570671  25.376041  30.14039   24.809006  25.978989
  24.957893  17.746532  19.442682  25.620716  20.910963  24.715313
  31.108583  22.78107   26.520115  27.652912  28.485634  26.824596
  19.410114  22.00612   28.64459   27.50199   23.41047   27.950727
  22.200914  20.337784  33.128193  25.149038  28.45944   30.342653
  26.815092  35.164387  25.083311  24.264074  30.695564  26.26426
  26.83415   27.104404  19.414701  24.169674  34.174564  21.92378
  19.9355    26.328947  29.614902  16.843472  20.859734  22.123096
  29.424257  22.497677  25.994356  21.185778  22.660614  28.661901
  30.670658  21.131914  21.643711  25.187431  19.080214  24.489653
  21.256428  22.625826  17.001314  27.037643  32.7824    34.412342
  28.166945  23.060154  23.171711  23.502369  23.050344  29.04413
  23.695509  24.611856  27.378849  34.20025   28.95729   32.96146
  22.668621  17.040752  34.71756   24.845753  23.524746  21.472248
  21.947636  34.619617  25.562033  26.855589  26.992104  27.991241
  23.53869   19.289915  24.178047  25.950346  27.030952  28.406122
  23.747898  25.493862  26.112158  24.866144  24.71948   30.9217
  29.64411   25.752544  28.732492  25.330183  25.073826  29.142141
  24.152098  23.891737  22.908697  31.856674  23.567474  21.792349
  25.286205  22.322596  20.212475  29.941502  29.647722  24.439428
  26.157768  25.205297  31.319138  22.639915  21.885359  27.305805
  24.059328  29.376314  19.905937  25.209646  28.751482  25.405645
  22.929699  23.111805  31.378525  25.21477   27.215391  23.719185
  24.251614  25.22081   24.604063  24.79496   23.252804  28.598192
  25.31939   23.802744  22.772573  23.228378  31.397543  23.155098
  27.33333   29.666567  21.924423  24.263296  26.049826  20.89805
  24.062702  27.6072    22.613886  22.882458  32.55428   23.76457
  26.207489  22.463976  24.461864  27.298508  26.065046  25.679874
  28.331835  27.36488   25.329456  34.42141   32.97806   26.279594
  26.886765  29.141567  22.52972   23.468851 210.51515   31.998543
  23.982235  30.438005  25.016817  21.598455  21.730837  20.12285
  21.344366  29.008957  22.012463  29.902176  34.004135  26.970087
  23.643425  29.052559  25.07896   29.550406  22.717407  25.18747
  32.733875  27.359423  21.70771   31.115002  22.355547  27.310225
  29.185059  23.110628  18.26224   26.249775  21.845388  28.416323
  25.37117   19.995775  21.986567  21.06574   26.81929   25.907175
  18.845623  25.701147  31.046057  23.348877  29.003393  23.478367
  24.78624   26.771221  23.340857  18.436247  27.523098  27.320278
  26.148188  23.41525   39.652283  33.495483  22.917656  27.661926
  31.065504  19.739223  26.139025  31.609215  27.063179  26.712183
  24.375795  28.449524  30.83189   22.67802   28.39375   28.856775
  27.686201  26.860926  21.813065  24.760386  26.347076  20.744665
  29.495192  23.350855  22.300446  24.348658  25.958574  20.937496
  26.974298  22.192076  27.486917  22.237267  28.59413   27.526478
  22.308384  17.147816  28.001122  27.936226  21.687708  17.518543
  31.918102  24.819416  20.60582   25.205551  24.838165  21.821459
  24.522305  22.181648  28.238058  22.77893   28.949692  27.106071
  27.435978  27.35865   24.92662   19.101675  29.303705  24.047739
  25.157091  23.573423  38.604023  23.245617  27.761452  31.792702
  24.332531  27.010271  29.681232  25.811907  31.90653   21.609734
  24.285305  27.514399  21.051035  31.391247  23.823408  24.509281
  29.770956  23.020441  21.86797   23.371214  29.05922   26.040167
  19.261114  22.535965  24.2655    25.930649  23.092337  25.840555
  22.407427  22.688969  18.938997  22.896107  30.963568  24.047846
  23.725544  31.142754  26.925459  19.41069   26.490551  24.158663
  21.057802  27.390589  24.340847  23.729572  19.777971  25.739727
  20.248684  27.474426  21.301443  35.828163  26.736313  21.15111 ]",0.5340425531914894,0.48589120109876
6,33,1551,"[[ 0.09568286  0.30688202 -0.07225238 ... -0.795713    0.07638181
  -0.05701793]
 [-0.22914144  0.2920199  -0.01693558 ...  0.06486315 -0.23626915
   0.3052931 ]
 [-0.01974677 -0.7992975   0.2803801  ...  0.22705604  0.09185328
   0.2680671 ]
 ...
 [ 0.14179936 -0.23029257  0.3632828  ...  0.8135167  -0.21883413
   0.15598848]
 [ 0.07415118 -1.0676326   0.24726053 ...  0.6676074  -0.11057521
   0.17034309]
 [-0.6329242   0.50291115  0.68931615 ... -0.34276018 -0.46040836
   0.44308916]]","[ 28.871988  26.805557  23.782604  23.518986  20.668642  23.357496
  26.758583  33.53045   26.776974  25.363749  21.271095  24.333319
  24.571306  22.799004  25.98032   24.957418  22.746302  25.223085
  23.846298  20.754858  17.893562  22.188936  27.63295   22.852987
  23.022108  25.00923   25.077217  25.175598  21.300762  27.993725
  23.411161  27.215105  27.66616   20.32019   26.545223  20.033445
  22.532808  24.125507  27.901964  24.430368  29.081995  27.066935
  19.861252  22.201344  24.254871  25.374327  33.77592   21.470064
  33.579693  25.223816  21.898483  26.213032  23.234657  29.19744
  22.696577  25.09471   22.008509  30.613071  21.328016  23.34706
  27.902605  20.010324  28.30464   25.737705  23.01094   22.101881
  27.589561  23.732924  22.90247   28.732023  22.7818    26.060863
  20.23869   21.356773  24.494602  21.679863  21.583376  22.154003
  28.269037  29.023335  20.416145  23.552326  23.532854  24.61565
  25.304733  18.578665  26.862394  21.556334  22.60756   20.245775
  20.953825  27.22737   21.34939   30.800062  25.501354  30.210867
  25.367329  24.070053  23.52409   23.44072   25.243114  26.305109
  29.334879  23.11567   22.90692   29.093733  33.334076  28.199162
  21.482206  20.675241  24.282122  24.214884  30.360283  22.655048
  24.848757  22.688591  33.99678   19.183542  21.323368  33.86983
  20.46979   30.021412  19.404646  23.748     28.863888  21.508718
  16.880938  31.310862  22.076874  21.44337   29.932453  26.837048
  23.615442  23.635847  26.467548  21.50738   23.66618   28.621063
  30.215202  22.500587  20.514833  22.351072  20.349089  30.122385
  22.434822  24.814007  19.09222   23.203661  27.669905  25.215408
  25.351175  20.892956  28.576975  24.829401  17.933226  22.204536
  22.74505   23.064299  26.150099  33.338352  25.183867  27.160482
  32.333927  27.08013   20.76824   26.680569  23.182724  26.485035
  25.90972   18.277868  25.044415  19.59061   22.971228  30.892256
  27.659325  24.826605  21.4492    20.450485  26.977396  29.43703
  19.558332  23.368052  22.244644  24.979673  21.623112  21.412415
  23.775852  32.786865  28.615515  21.0919    24.908241  23.600252
  21.914095  29.752687  19.344076  19.78481   29.120605  22.984562
  21.412407  29.755264  23.437698  28.249414  29.507824  27.842909
  18.72601   24.903551  22.236286  21.689913  24.334112  24.409185
  19.685436  27.119278  25.23488   20.034431  25.001663  23.388983
  20.649284  21.594568  22.94067   24.016375  24.945618  20.962372
  28.196669  22.685225  27.449184  27.35889   29.116165  33.051476
  26.420818  23.958641  28.585527  24.707085  23.840767  25.862528
  24.22109   22.07894   24.200012  20.1889    24.518188  25.7341
  22.672548  23.992018  22.817902  23.557346  28.023462  26.560225
  27.506392  22.619741  24.649828  23.150764  23.288774  24.425661
  25.534878  24.055399  22.299047  29.557487  20.801586  22.895176
  19.76232   27.132093  24.372314  20.331423  22.199509  29.641642
  25.096037  21.905813  25.776382  18.265238  20.800348  24.08194
  28.797554  29.476599  22.462103  27.678913  21.014116  27.331318
  22.302359  20.239908  24.347513  24.988445  28.693022  31.273777
  20.840235  23.710054  37.6609    23.581234  24.434786  21.579893
  19.126997  23.734694  28.27274   25.362188  28.272188  22.195902
  24.43175   27.937935  25.262648  22.969603  22.787064  23.061213
  20.139956  24.99952   24.819952  22.220303  20.01074   27.217106
  22.246382  22.238134  25.519634  22.825323  28.144815  22.63793
  28.564709  26.628729  34.26913   24.826021  24.74142   28.806776
  28.986029  26.27864   22.09588   29.57288   22.824305  22.423656
  21.9093    20.042957  23.668285  25.373116  25.169329  29.762436
  29.157574  27.097141  23.305143  29.943747  22.750563  25.11894
  38.187214  20.684216  25.402561  22.272444  23.277538  31.69681
  20.825031  22.954353  30.801252  23.998909  23.08306   26.13071
  23.582476  24.627932  25.022917  28.78437   21.012255  21.339241
  29.77571   27.964348  24.477522  22.470686  29.621502  28.78571
  22.148132  41.14728   26.10931   21.208395  28.93207   22.37015
  20.15484   32.535496  22.470634  21.610693  31.31142   22.022205
  29.133636  22.828663  20.047812  24.586798  21.620762  25.448706
  26.910448  32.390198  21.872227  18.842482  21.810455  22.016327
  25.435984  24.405146  32.888245  28.712626  28.52453   28.304419
  29.452473  23.128918  23.790508  27.867144  22.443254  22.823557
  19.684305  30.79916   18.910118  20.025095  23.756815  28.276619
  26.31992   24.837803  19.858631  30.360367  23.004587  27.765903
  23.781416  20.506542  24.513756  25.43046   24.25987   28.919197
  35.243153  26.031498  28.791035  23.482944  18.445326  22.324045
  19.661104  24.891088  25.748545  28.55813   27.82869   28.037975
  21.018713  26.231316  23.64307   28.386196  22.805162  25.123926
  22.610273  15.360821  19.909609  24.958706  19.849384  22.686836
  29.407282  23.121717  25.706755  27.491581  26.94079   25.956833
  21.779886  22.667624  27.78775   27.884361  23.32638   26.78132
  19.388962  20.237768  31.210424  24.890759  28.273403  28.54061
  26.596958  32.93708   24.808466  22.86944   29.767899  23.988434
  28.078592  24.833353  18.425518  23.601486  30.984589  19.529602
  20.62065   23.499083  29.17395   16.09996   20.355265  21.405733
  27.503689  22.749332  23.590145  18.872225  21.189913  26.001545
  31.680325  20.152622  21.348427  25.76998   16.756119  23.547514
  19.55753   22.989466  17.894325  25.528574  30.996151  27.793724
  28.830406  21.240255  25.297941  23.630793  21.555973  26.787867
  22.46881   26.224228  26.395529  31.491674  25.35637   32.767296
  22.857447  17.121834  33.7097    24.779087  23.08181   21.934511
  22.889786  35.741756  24.141018  25.855742  25.804396  27.394451
  22.763905  19.06213   22.51382   23.19405   25.789782  23.9627
  23.845688  24.98373   23.673338  24.091127  22.966112  28.93494
  30.27413   24.714598  27.688202  27.052101  25.55859   28.249176
  24.314718  25.259823  21.721447  29.466951  24.05431   20.154932
  23.493532  21.595692  21.261686  29.346827  26.875093  22.744013
  24.612394  25.51727   31.508415  22.841412  21.42411   28.457525
  25.28348   28.290535  19.844835  23.67206   27.65793   23.944511
  23.41969   23.718742  32.73091   24.280285  25.808502  21.899294
  24.156914  24.822401  23.860598  24.748743  21.118341  27.944235
  23.811182  21.319225  20.414751  21.333948  29.442434  23.610502
  23.994753  27.231516  20.379137  23.24714   23.99977   19.56278
  25.477604  28.463034  22.804657  23.203392  32.86181   23.609085
  25.480776  21.784964  23.986263  26.329327  25.2397    28.750214
  26.845427  24.010916  25.224897  33.956944  32.432182  24.86503
  25.693962  29.443312  20.261524  21.00928  205.64102   27.194155
  23.542953  31.160042  25.14855   21.32713   21.273495  18.241497
  21.426268  30.455135  23.271801  28.578093  33.75233   27.09431
  23.163797  29.921831  24.988619  27.987417  21.707201  24.673355
  28.198112  25.998058  21.881083  30.696198  22.859444  26.949244
  27.348436  22.669655  17.400461  26.210371  22.240723  28.16368
  25.271944  19.278982  21.17492   20.009428  25.574749  25.087553
  16.471737  22.91654   28.477089  20.921886  28.994083  21.315727
  24.655993  25.058779  20.5233    18.421583  24.118567  28.354383
  25.7017    24.71863   38.79685   33.797657  22.31299   29.170506
  29.335142  20.848055  22.727379  30.457607  28.207722  28.833342
  23.473001  25.397558  28.731108  22.02943   26.958912  25.958624
  24.758635  25.517195  18.98435   25.145517  25.807564  20.182049
  30.488672  23.11576   21.6075    23.713818  26.277283  22.065174
  25.136482  21.979557  27.726671  22.621012  27.763891  26.727654
  20.058922  17.63893   26.211237  23.893908  21.16984   17.737965
  32.03372   23.386595  20.326414  24.21689   22.899536  21.44738
  24.424292  21.653933  27.37429   23.4008    29.260305  28.351345
  26.569298  26.584864  23.653044  19.046154  29.37029   26.62599
  25.522509  22.576273  35.21579   23.044533  24.83813   31.419878
  24.809984  27.575632  28.521328  25.978981  30.006071  22.064762
  22.075285  28.302326  20.558056  31.667328  23.773008  23.793669
  31.695347  22.020508  22.088291  23.059053  25.46008   25.216272
  19.675274  21.815062  23.183146  24.699318  21.812603  23.546803
  20.331984  21.55069   18.73762   22.585897  27.37114   23.56694
  21.854595  32.050896  22.554255  19.269506  24.583097  23.116549
  22.395197  26.658932  24.371202  22.639694  18.9826    26.784761
  20.403631  26.725927  21.887709  34.247772  23.41274   23.373417]",0.5579787234042554,0.5048810571432114
7,33,1551,"[[ 0.38779485 -0.1343225   0.0146987  ... -0.01310005  0.20338576
   0.39568043]
 [ 0.02844056 -0.13425295 -0.11361923 ... -0.56187147  0.09061053
  -0.12844734]
 [-0.2658203  -0.20189813  0.24562606 ...  0.70713496  0.37716684
  -0.29104888]
 ...
 [ 0.33346918 -0.07671982 -0.38313565 ... -0.118115   -0.10539586
  -0.05803716]
 [-0.12353028  0.52068734 -0.14722535 ... -0.38322237  0.4532102
  -0.19506378]
 [-0.18414631 -0.0661698   0.68353593 ...  0.6019657   0.25860357
   0.6183144 ]]","[ 28.546198  25.602835  22.662645  23.927591  20.593468  22.747486
  25.76387   31.92853   26.180695  23.36304   22.424843  20.933084
  24.020378  23.256895  24.563385  24.58874   21.683416  23.427927
  21.650295  19.76809   18.10614   22.385418  25.830553  21.45136
  21.141733  26.558796  26.481043  23.724081  21.914057  27.438467
  21.377312  25.19724   26.825518  19.62646   23.692175  20.805408
  23.269089  22.741962  25.527807  22.69825   29.06927   28.115736
  21.68284   20.331024  24.919062  25.597713  31.66008   22.129354
  32.772594  24.997576  22.127432  23.676437  23.510153  29.029543
  22.113562  23.962147  22.296082  30.043467  19.885103  22.566736
  27.806639  19.994661  28.1272    24.583178  21.838942  25.109612
  26.122478  24.12479   21.729717  28.563583  20.908695  28.564465
  19.111872  20.115654  23.237566  20.020126  21.069057  21.551798
  28.869268  26.87242   20.76089   23.394985  22.894531  24.508986
  24.856777  18.96542   25.537203  19.793476  22.979319  19.940294
  19.331554  24.930826  22.001125  29.836458  24.342192  30.60973
  24.460102  24.9147    23.45877   22.925611  23.685087  24.730003
  26.48232   23.038137  24.951109  26.312239  32.27875   25.758114
  21.496151  20.905125  23.555943  23.43449   28.88065   23.029003
  24.766565  20.813324  33.368412  19.005033  20.124128  34.912323
  20.060162  28.58945   19.123936  23.33995   28.289732  21.623428
  18.72696   32.211845  21.785885  21.76011   27.250925  26.549639
  23.735943  21.837732  23.037725  22.805927  22.957264  24.702911
  30.310652  22.554361  21.570305  22.840322  20.090296  29.951412
  22.734749  23.332312  18.43119   23.967316  27.124224  24.808718
  26.354795  18.83889   27.817396  22.558155  17.793648  21.381413
  21.588652  23.710524  27.338175  31.101032  24.63153   28.41592
  30.41107   26.623896  20.054949  25.422596  21.7325    25.22112
  26.73764   17.25693   23.187187  19.004112  23.556616  29.604435
  26.333069  24.946407  21.911934  22.873436  27.0614    27.882336
  20.071924  22.8705    20.369757  23.372967  22.113781  19.679878
  24.507372  32.551952  27.88447   19.681091  24.986004  24.458677
  21.822947  28.42472   18.281948  19.304937  28.968985  22.07868
  20.754019  27.60294   23.630163  26.543236  29.66774   27.451765
  20.25516   25.780237  20.039003  21.108936  23.842064  26.545761
  20.05149   26.575975  23.203314  19.68188   23.733212  23.696556
  19.787277  20.565956  23.0189    23.701597  25.131458  20.989523
  27.066341  23.538948  28.524523  27.696194  27.35709   32.408264
  26.705729  24.761034  29.59236   25.744137  22.35572   27.596226
  25.451128  23.15933   22.906368  20.068922  22.499027  24.604483
  23.331669  21.903488  23.195978  22.472132  25.464214  27.02502
  25.99603   22.934269  24.753185  22.655485  22.816034  22.866543
  23.944342  23.899122  21.818401  30.164978  19.965313  20.549202
  20.107208  27.722666  23.636396  20.260738  21.618944  26.688162
  21.004072  20.56556   25.211094  18.494272  20.031218  24.231962
  27.789509  27.551949  21.152975  27.588703  20.097855  24.55185
  24.240133  19.325605  23.413055  24.86479   26.725878  30.666903
  20.406416  21.68911   35.86178   23.091156  22.648182  21.689827
  19.07352   22.270031  28.52029   26.082607  26.493145  20.78814
  22.937687  28.100983  22.60725   21.901127  21.415316  20.700457
  20.032337  23.570547  25.283115  22.655634  19.041517  25.282711
  21.8199    22.078472  25.263515  20.188807  29.204308  20.672297
  25.69422   25.892466  32.94782   24.049597  21.979671  26.951838
  24.494099  24.368427  21.166183  30.242777  23.980785  23.137926
  19.086748  19.664387  22.325886  25.97704   24.559084  30.736439
  28.040749  24.580519  23.715214  32.019802  22.232079  22.657696
  33.9614    19.164206  26.164616  20.408932  20.948835  31.74922
  19.834332  23.705362  26.657566  23.59499   22.77435   27.408606
  22.56553   24.618813  23.03778   25.279337  19.739868  19.316133
  31.710117  28.394968  25.612555  21.683321  29.348757  25.515324
  21.081476  39.88663   24.539045  21.203106  26.721048  20.935144
  18.995527  33.07759   22.646547  21.65123   28.444355  21.27037
  26.263973  23.935349  19.985603  21.356562  22.575071  27.49287
  27.81787   29.06986   20.270567  19.061329  20.758493  20.54549
  24.069445  23.319033  32.07786   28.56839   25.73774   27.612
  27.365036  21.830954  23.271128  26.841537  23.246948  22.929495
  19.350876  30.26264   18.620493  20.77403   23.541094  25.15885
  28.709785  23.81359   18.141302  29.037651  24.323862  27.005226
  22.616953  19.840746  24.339468  22.224936  23.461683  28.49473
  32.32404   25.562181  27.825064  26.520899  17.141148  23.63736
  18.685163  22.316917  24.868494  28.494757  28.607195  24.03852
  20.029848  26.776653  23.191141  29.550318  22.591848  25.434793
  21.750757  16.151241  19.86841   23.584307  20.40129   21.78312
  31.363796  21.74018   25.55182   25.400667  28.128887  25.24368
  21.10687   21.937191  26.773504  25.854742  22.156895  26.572012
  19.092537  19.227602  29.604042  25.21608   27.963028  26.973625
  25.389471  32.533127  24.039017  25.58958   29.315844  23.404167
  26.082607  24.281527  18.22953   21.957203  29.556967  21.507786
  21.20376   22.238195  28.65177   15.666699  20.354856  22.77511
  26.013662  21.584106  24.81555   18.693098  21.133911  24.640934
  31.640741  21.056671  20.886488  25.460455  16.193005  23.862186
  19.296412  21.607029  16.49153   24.026403  30.10449   27.136179
  27.366888  19.939615  23.943268  22.458328  21.579744  25.568058
  21.436794  25.986969  23.726927  32.29312   24.73633   30.01698
  24.385584  16.965557  34.262386  25.00763   23.17734   20.97317
  22.55445   33.672787  23.535172  24.929764  26.155096  25.869923
  21.527514  18.272657  21.086493  24.313725  23.256708  23.048239
  24.392282  24.05053   23.704266  24.142544  23.509325  27.29008
  29.57149   24.575617  28.789133  25.691875  23.127644  26.483282
  23.991089  21.20559   22.419271  27.556448  25.959131  21.197708
  24.432413  21.363651  20.272379  28.358824  25.28232   23.318209
  23.225224  23.964746  30.270626  22.625263  19.85118   25.580704
  23.094067  27.341486  20.073257  23.638325  27.890295  24.018715
  20.229296  22.640287  31.05881   22.739494  26.25936   22.004765
  24.491592  24.09892   24.306074  24.614357  20.786108  26.381458
  21.646767  20.51876   21.296972  19.668259  28.51181   21.749907
  25.3842    26.4307    22.062319  22.91848   24.658718  20.773653
  23.862223  26.00726   21.417156  23.858519  32.461525  23.21481
  23.515678  21.096674  25.342888  25.238033  22.992655  26.366676
  28.564314  24.057095  21.143452  31.836151  31.722952  24.377073
  25.119883  29.155695  20.365788  20.349737 203.54358   27.830605
  23.382444  31.780766  25.575241  21.511463  18.299799  17.85028
  20.95067   30.02617   21.988712  28.409193  31.602844  26.90568
  23.49011   27.194609  24.471558  27.102398  23.059345  23.286665
  26.82189   25.023066  21.108175  31.383892  21.5876    24.784592
  27.231947  22.751871  18.321987  25.256128  20.196095  27.802172
  23.550478  19.160458  21.535564  18.188147  25.231089  25.21422
  16.357882  22.67393   28.7826    21.840122  27.954176  21.956642
  24.598755  24.654526  21.095001  19.004347  25.478558  29.036358
  24.55706   22.571554  36.82155   34.069366  20.620224  28.190207
  29.32893   18.33736   22.738272  33.339317  28.445963  28.125885
  21.617756  28.129375  28.65291   22.151476  25.463558  24.006413
  25.16032   24.76552   19.989029  22.44867   25.556513  19.364477
  28.472218  22.169388  20.298649  25.007166  26.814993  19.469002
  22.327473  22.524841  26.175585  19.898266  26.412045  25.65193
  19.626572  16.914927  25.261786  22.405071  20.847168  18.248781
  29.780275  22.242393  20.654062  24.15016   22.48376   20.785578
  23.558294  20.275957  24.599636  21.647291  27.956205  26.264835
  25.405634  26.211226  22.498827  18.347828  28.113247  25.33765
  25.723082  20.919537  33.73219   22.870256  25.035639  32.115177
  24.133427  25.329424  26.810871  23.765392  29.000736  22.8036
  20.719305  28.600613  19.598335  29.676466  21.871258  23.271078
  33.127464  20.158413  23.924809  22.652779  22.442942  26.453964
  19.253347  20.895132  20.788404  23.276073  22.1858    24.289743
  20.4185    21.203018  18.557602  22.372541  24.45663   22.937515
  21.9902    30.290224  22.862995  19.945648  26.702728  20.827293
  20.756992  25.207445  23.151394  21.496504  18.997139  27.42426
  20.730892  24.630367  20.498077  35.737232  23.733103  23.955236]",0.5627659574468085,0.5161765515804291
8,33,1551,"[[ 0.5846341  -0.04190385  0.12264034 ... -0.18701279  0.05118812
   0.14245898]
 [ 0.04787429  0.4812881  -0.08756566 ... -0.30433798  0.3363581
  -0.14512976]
 [-0.1452964  -0.18858309  0.0959916  ... -0.03781635 -0.07665122
   0.18130329]
 ...
 [-0.11869877  0.33762538 -0.18559538 ...  0.5307733   0.13823107
   0.48180822]
 [-0.04991522 -0.06351525 -0.21766128 ... -0.44520754  0.5597566
   0.34936953]
 [ 0.36213085 -0.40105873  0.4286117  ...  0.13216344  0.27203864
   0.5491728 ]]","[ 26.151615   23.40197    21.756275   21.559977   19.445885   21.150124
  22.828608   31.545292   24.406445   23.292727   20.578976   21.97762
  22.939907   21.713245   25.17247    22.405254   20.535769   22.927074
  21.367212   18.51317    16.665312   20.462814   25.376247   20.774755
  21.38462    23.673878   24.245975   21.436447   20.662012   22.641518
  18.955885   21.955025   25.602194   21.426394   23.203648   18.779781
  20.258657   21.282234   24.395222   20.715988   26.364693   24.27168
  17.824497   19.825518   22.1179     22.587883   29.190363   20.507654
  29.267563   22.712042   21.236713   23.706747   23.41144    26.872257
  19.692835   22.829052   20.116943   26.438238   18.092062   22.074972
  24.649992   17.987919   25.683632   25.400557   20.049429   21.323055
  21.829311   20.604012   23.025377   25.176676   20.109928   25.211721
  18.697163   17.335617   19.613241   17.585518   19.473228   20.130898
  24.335104   25.370863   19.63209    21.662174   22.97872    22.31665
  22.98166    18.18757    23.448505   18.499624   21.637163   18.072147
  18.531322   24.58844    21.148254   30.652487   22.304482   27.837727
  22.29629    21.797834   21.314028   21.8408     21.813646   23.105637
  25.63585    21.566505   22.426844   25.52761    29.66448    25.37336
  19.265108   19.808428   20.449402   21.929914   27.147469   20.644613
  23.144762   19.682928   27.29268    19.323437   19.306595   28.884169
  17.828587   27.028255   16.830969   22.164469   25.272978   22.435345
  17.820148   27.971508   20.93852    21.031973   24.414747   24.304483
  20.67574    21.588284   23.685156   21.47804    20.473675   25.283115
  27.996014   21.307734   20.03112    20.719133   18.328997   28.673075
  21.307955   21.441505   18.71788    20.377428   26.316423   23.589396
  22.780437   17.975784   24.896708   21.739367   16.466093   18.627249
  20.034922   20.754978   25.538979   29.611334   22.295061   24.955862
  30.067408   25.114235   18.915762   22.380327   20.953236   24.43786
  22.88372    17.039965   21.569319   16.351217   20.581205   27.049757
  25.427904   21.829151   19.482681   22.56232    26.672554   27.370201
  18.155148   21.390139   17.325508   20.915016   20.768402   18.366167
  22.280073   29.875713   26.006683   19.950981   22.451572   21.798801
  19.654121   24.806372   17.603748   18.104818   25.124128   20.415628
  18.835752   28.461924   22.82651    24.49508    26.552261   25.878014
  19.346966   22.031454   20.826237   19.582373   23.183691   22.354671
  19.3762     22.598648   22.41306    20.116684   21.952139   21.433887
  17.36042    19.982267   21.649576   22.20176    23.97859    18.588762
  26.11116    21.580952   28.873774   27.548935   26.23501    27.982979
  25.274118   20.436743   28.725624   22.558855   22.318089   25.445826
  21.00177    22.068214   22.095959   18.065691   22.95125    23.107494
  21.510527   20.306326   23.096813   20.845585   22.669046   26.41084
  25.850199   20.245361   23.615562   21.057838   20.710735   18.918137
  21.914394   21.339916   19.023563   29.484907   18.005867   20.231506
  18.494728   24.952562   22.25521    19.024628   19.036182   25.856335
  21.27573    18.669289   24.120995   16.991169   19.911747   22.265438
  26.318466   26.899958   19.159727   25.070658   19.716679   21.529453
  21.261934   18.57793    22.300428   24.005997   24.66782    27.095018
  19.81134    20.861237   33.640724   22.032314   19.379807   18.618284
  18.626637   20.70858    25.02293    22.925823   25.403997   20.387812
  23.063923   24.608868   20.495235   20.015152   20.845926   20.412046
  18.9885     22.061995   23.19471    20.69605    18.133371   21.701744
  19.442122   21.738602   21.991043   18.761461   27.993593   19.311378
  23.268473   22.726553   30.166542   21.73178    20.371191   26.90488
  26.412302   21.062334   19.752054   25.014034   21.749195   20.850918
  20.673248   18.775848   20.308023   24.419985   22.447744   28.852798
  25.579988   24.414625   21.356028   26.764791   22.307133   21.392393
  30.310436   18.896194   23.681835   18.618109   21.245775   30.990473
  18.27043    22.739544   24.505116   21.616955   20.822561   24.017874
  20.186232   22.170244   19.616385   22.499348   19.367348   17.89693
  26.703043   25.902843   20.620043   19.821838   29.568193   24.73067
  19.649004   35.552143   24.160814   20.83104    26.061016   19.505651
  17.30756    31.739145   19.468931   19.731213   24.97119    21.690338
  23.861097   24.286669   18.040695   20.299238   19.358982   24.080616
  25.464518   28.311003   19.447615   19.018423   19.909594   19.304523
  24.187288   23.251831   29.305628   25.672667   25.123835   23.641962
  24.509432   21.244495   21.470484   24.988312   21.742746   21.80552
  16.150166   30.308718   17.948887   18.6567     23.237547   24.277294
  23.869059   23.19951    19.525164   26.784878   21.333918   26.762096
  21.064936   18.206491   21.441063   21.413168   20.440397   27.981968
  33.749924   23.881628   27.083061   24.046755   16.226711   22.009333
  17.61087    21.689999   23.111315   25.930325   25.786848   23.476562
  19.448513   23.93859    22.053366   27.318487   22.382738   22.94862
  21.036686   15.051878   18.482134   23.728926   19.531054   20.86228
  30.268204   20.591928   23.608934   25.045794   25.738237   24.070292
  20.636925   20.710571   25.157341   23.981098   21.730305   24.030506
  19.345308   17.628107   25.672817   24.927176   24.069427   25.19534
  24.190773   29.69921    22.266851   24.073204   24.32098    23.613968
  25.425297   22.26413    16.372637   19.466478   26.892733   20.93602
  19.847904   22.514132   27.065212   14.412192   20.056665   20.988573
  23.734491   19.927946   24.569857   19.10595    19.998043   23.166445
  30.071497   19.625214   20.06793    21.476025   15.1826315  22.089207
  18.26001    20.030153   16.747171   22.61262    25.761183   25.315609
  26.211573   18.947594   19.50101    21.907755   20.337645   22.703678
  20.78781    23.24785    23.892843   27.277704   23.935295   28.314108
  21.220205   15.490137   32.11063    24.222502   19.698027   19.755917
  22.128807   31.211456   22.614304   22.435938   25.574732   24.860952
  20.352      17.019583   20.381971   22.9789     21.319235   23.021849
  20.086983   20.725672   23.633081   24.321136   21.68753    25.218666
  28.289507   23.41752    25.566008   24.570652   21.473186   24.891407
  22.331598   21.066505   21.767527   27.457752   21.748226   19.078785
  24.072657   20.965895   19.794058   27.119108   24.044218   20.778837
  24.49165    21.769829   28.762136   19.141617   19.801626   22.522905
  23.46333    23.932661   16.922527   19.780783   27.454222   21.128881
  19.007906   21.774723   29.210253   23.100449   23.720703   19.369076
  21.544058   22.84735    22.154099   22.699862   19.58657    24.680317
  19.552702   18.937555   20.564848   19.542494   26.549107   22.51266
  21.12925    25.488068   19.279682   22.180027   23.199257   18.693377
  23.900055   24.420307   20.868134   22.747171   30.184843   21.590858
  22.285793   20.074352   23.05069    20.98489    22.448273   23.886831
  24.450644   20.244072   20.835499   30.0735     26.729635   23.405983
  24.719067   25.161587   21.030222   19.241335  176.30246    24.695217
  22.5399     26.656895   22.113726   19.575241   18.337057   16.824163
  19.59413    28.780802   20.177969   27.160927   27.886225   25.037743
  21.59659    26.788702   23.651508   24.173819   21.076366   21.694952
  24.53333    22.799334   18.980835   27.976616   19.61992    25.904633
  25.675014   22.935171   15.719272   22.865396   20.33396    27.088192
  21.661915   19.057558   20.20461    19.851383   20.876865   22.486921
  14.263858   19.916565   26.760357   20.166378   28.306068   20.58076
  22.499336   23.982546   20.435966   17.136347   24.25354    26.560131
  23.12506    23.260725   32.266106   29.375639   19.108946   25.141687
  27.706133   18.902365   20.742113   31.045715   23.949633   25.843672
  18.947926   24.175488   25.77925    21.577047   23.273115   23.632875
  23.265297   22.63241    19.151577   22.75977    23.540823   18.277138
  27.018362   21.65132    19.855433   23.960356   23.576195   18.643644
  22.2929     21.492748   22.765997   20.270233   24.407549   24.481731
  18.807459   15.977472   24.258982   20.450386   18.173513   17.409096
  25.251389   21.00994    18.61372    23.456974   22.267609   20.001928
  23.518787   19.02689    24.411955   20.486961   27.857368   26.624926
  23.3594     23.057314   21.813566   18.732021   24.3431     24.487467
  22.993153   19.181013   30.26706    20.515354   24.505388   29.449987
  22.161512   23.211136   23.512463   22.227163   26.677124   22.406528
  21.273754   24.970665   17.239168   29.08712    20.356617   21.031363
  29.831936   19.767756   22.108036   22.028215   21.18381    24.377234
  18.921488   19.070501   21.641897   21.847624   20.962254   22.593029
  18.467108   20.298409   16.351805   20.721546   25.689877   20.096977
  20.015533   27.55224    21.45881    18.359999   24.39926    19.507013
  20.800718   25.009407   21.968102   20.793076   17.9387     23.50089
  20.353127   24.214722   20.67694    30.780432   23.077593   21.724123 ]",0.6239361702127659,0.5511175741751989
9,33,1551,"[[ 0.3553406   0.01094846  0.34754646 ... -0.08602542 -0.26409903
   0.25672063]
 [ 0.09179662  0.6149451   0.16139531 ...  0.2446314   0.2196399
  -0.0281249 ]
 [-0.12701184 -0.2061002   0.6134041  ...  0.29015905 -0.0626637
   0.07976614]
 ...
 [-0.12326436 -0.02668493 -0.04026148 ...  0.30546245  0.30374178
   0.06166602]
 [-0.4663323  -0.11508805 -0.25041378 ... -0.08571939  0.47073781
   0.12519829]
 [-0.2427646  -0.11766492 -0.00082752 ... -0.02576472  0.03275942
   0.2505983 ]]","[ 23.81702    21.495962   19.574726   18.91044    17.867125   19.09536
  19.783693   30.92446    22.07689    22.386276   18.354876   17.954214
  19.831697   18.880924   21.427605   20.125912   21.222893   17.554789
  19.401466   16.425632   15.356026   18.483633   23.855434   17.9256
  18.909409   22.114313   21.67938    18.925695   18.142893   21.58497
  17.127401   19.238728   22.02464    17.541664   21.199463   17.655605
  18.916195   17.616362   21.289974   17.822605   22.144669   20.605787
  15.600929   17.37367    20.530664   19.458872   23.72072    19.68022
  25.397121   20.747406   21.546371   18.963158   19.747627   20.108088
  17.967398   19.979292   17.723866   23.165554   15.210894   19.321865
  20.111012   15.497543   20.748156   19.642225   17.827341   18.320763
  19.581062   19.167604   17.503855   20.79218    18.144428   20.539238
  18.049568   15.746717   19.410894   16.480068   19.287018   18.630056
  21.806047   22.586466   16.619284   19.216263   20.289278   18.92241
  21.456413   15.721294   20.91976    17.746914   20.19162    16.278011
  17.513948   20.367708   17.866476   25.339783   18.573196   25.571468
  22.080738   20.22017    20.910986   20.537724   20.023008   18.699438
  22.645426   16.859116   19.48676    22.474812   25.316643   19.228634
  15.807374   18.450972   16.14629    18.358786   21.889807   18.021845
  19.790781   16.885603   23.481997   20.429985   17.049738   24.73875
  15.29958    23.082718   15.672537   17.103569   23.063776   19.185843
  15.334542   24.617558   19.395546   19.252089   21.742908   21.961088
  19.627014   18.911526   20.617664   19.082737   19.425043   22.422726
  25.384895   19.84284    16.723999   16.45979    15.809801   24.298681
  17.736567   19.39433    14.869592   18.474945   21.334736   21.697353
  19.9946     15.782235   20.474691   19.058453   16.097523   16.298048
  16.729088   20.015806   19.271101   23.96383    17.251396   23.069935
  26.704601   22.571524   15.033968   19.636791   17.661179   22.880646
  20.488312   15.878892   19.315176   15.806738   19.72187    26.085663
  21.226553   17.076958   17.518656   19.38282    21.92331    23.159414
  17.265656   18.601294   15.746524   17.791283   17.89803    18.39409
  18.465836   24.74254    21.709751   17.442047   20.802048   18.695234
  17.281511   22.042606   16.09836    15.435344   22.745653   18.998966
  16.341421   23.646315   20.17182    20.732122   21.833488   22.356075
  16.431698   19.69405    18.405916   18.574867   20.282804   19.469635
  15.406788   20.322535   19.362709   17.0271     17.596735   19.457775
  15.93068    18.722237   19.623129   18.73859    19.203966   18.210148
  21.202414   18.861835   23.77627    22.958815   22.856      23.743162
  21.957544   19.086226   22.636631   20.064644   20.21444    21.125826
  18.805515   18.150713   18.230371   16.156338   20.048796   20.310816
  21.664368   18.855925   18.755209   17.360783   20.84861    21.084435
  20.462414   18.181065   21.323298   17.553324   18.471533   17.7698
  20.868729   20.950884   18.252174   30.062595   16.475367   18.218542
  16.892147   21.654257   18.933748   16.283493   18.147383   21.588032
  18.374418   17.429428   20.302835   16.251162   16.86158    19.193283
  22.722206   22.818295   17.929045   19.493055   17.548159   19.126255
  18.91656    16.720514   19.487478   20.632359   21.966099   21.86748
  17.095871   17.89192    26.886614   18.33431    17.95687    18.227507
  16.23433    19.307232   20.634563   20.904795   22.197672   17.699217
  19.867723   22.24806    17.272137   18.59724    17.212955   18.48878
  16.562319   18.864752   20.090263   18.624767   15.898253   18.610744
  16.671234   17.837587   19.723167   18.368433   25.311792   16.86047
  21.759539   21.027826   23.677116   18.302773   19.267187   22.360897
  21.834751   19.45994    19.296831   22.242859   19.39452    16.8139
  18.63574    17.741224   17.907757   21.627895   20.202562   21.979265
  21.427174   22.205149   20.75372    23.697832   18.62345    17.978271
  27.49103    17.566774   19.768478   16.97738    18.55165    32.287773
  17.909597   20.890507   21.543818   20.258108   17.865469   19.644167
  17.268532   19.986559   18.707546   22.709158   17.620405   17.294039
  25.149376   22.387985   18.80131    17.546787   24.859299   20.380941
  17.7922     29.60869    20.81823    16.497324   22.124672   17.904888
  17.075493   26.819626   19.124279   17.72823    24.696444   18.938158
  20.133322   20.470016   16.16935    17.755436   16.463932   21.353062
  20.880356   25.160088   17.357048   17.082726   17.804956   16.701962
  19.902767   21.70483    25.657946   22.069242   20.6916     21.203176
  20.86552    17.77903    18.607685   21.861788   17.725292   18.531582
  15.405138   26.43362    16.748873   17.223791   19.882942   21.721249
  21.082771   19.565022   16.163172   23.331732   18.588793   23.111774
  18.994864   18.03872    17.914038   18.770697   17.71175    22.794552
  27.631792   19.634838   21.499731   21.244795   14.9554825  18.534883
  15.609244   20.415827   20.78762    23.676952   22.240742   21.000887
  15.575644   20.075762   19.36991    23.203459   20.253696   19.82904
  18.020271   14.117451   16.577913   21.948765   17.379156   19.941998
  24.652088   18.52764    21.583874   21.74848    21.17333    21.473621
  17.849886   18.285463   21.582129   21.753239   19.674383   21.017305
  17.254494   15.916504   21.57223    20.435831   22.660645   23.486227
  21.194902   24.601585   19.490196   20.13369    22.041214   19.879826
  22.208292   20.74271    15.789705   17.35585    24.1967     17.57602
  16.640871   19.842957   21.820883   13.368408   17.104786   18.014492
  19.969774   17.730598   20.051031   17.92966    18.34402    21.00981
  24.284878   16.7833     17.87908    20.255798   13.424409   19.167343
  15.836674   17.624596   14.382236   19.203098   24.490993   21.583027
  21.425592   17.099642   18.96593    18.454731   19.39863    20.926373
  19.1516     20.84623    20.68225    23.198664   19.798038   21.007473
  18.310772   14.749193   24.70887    22.566065   17.326626   18.52101
  18.41533    26.029978   19.770283   19.350048   21.771996   23.56359
  18.141912   15.822408   18.923754   18.987104   20.198118   18.223152
  17.683975   20.609253   18.214191   19.825659   18.932428   21.654066
  26.25977    18.275478   21.09992    20.804245   19.066845   21.509663
  21.070374   18.6259     19.05081    23.08526    18.770367   18.155754
  21.583632   16.639248   17.57959    21.87338    19.373241   16.72878
  22.22856    17.944912   27.175106   18.532309   17.78756    19.334774
  20.41186    21.402695   15.562638   18.225784   22.370993   17.577765
  17.163076   20.087269   25.160362   19.082293   20.042625   17.333221
  18.653868   19.347654   19.247675   17.947329   18.155931   19.591524
  16.974371   14.825395   18.481712   17.716187   25.059982   19.249304
  19.37073    24.430752   16.14192    17.824373   20.809746   16.950758
  19.279327   21.223608   17.41112    20.348183   24.25278    17.707335
  20.770588   17.369492   19.391434   19.307495   20.030594   20.158916
  22.419355   21.344664   18.594131   24.710386   22.577913   18.992064
  19.599678   21.995396   17.350721   16.711258  159.32874    22.552616
  17.512808   22.943993   20.006533   17.758665   18.104622   15.419909
  17.490793   23.274342   17.946697   21.437315   26.228134   21.936378
  18.657383   22.687258   19.807049   21.378054   18.528292   18.107594
  22.669931   21.52491    16.723833   24.62512    17.120459   18.942463
  21.90329    19.60884    15.57543    20.969181   17.749565   21.938242
  20.326609   16.033445   17.340528   16.36172    19.37871    17.347458
  14.208878   18.838865   22.463142   17.63968    22.952328   18.07447
  19.12985    20.564686   19.639957   16.05789    20.350698   21.734442
  19.444525   18.76795    26.77281    25.250216   16.86304    24.712683
  23.684675   16.346275   19.508053   24.116129   21.722742   21.22046
  18.438204   21.94602    23.02686    17.70879    19.432034   20.710995
  21.56342    19.821928   17.623713   19.474258   21.290339   16.062902
  22.362465   17.691109   18.276426   18.456438   22.38851    16.39584
  18.46138    18.16715    20.248026   17.502003   21.010534   19.814936
  16.4143     15.838418   19.410683   18.090836   15.906557   16.054262
  23.381918   20.221794   16.952005   20.526714   19.339895   16.866383
  17.52738    17.563753   20.695759   19.072992   23.313387   21.518675
  20.023254   20.973122   17.626652   16.700262   19.757257   21.329084
  18.861668   19.025187   29.065842   19.18585    20.79687    24.350813
  17.995304   21.266603   20.418215   19.174799   22.49226    21.467976
  18.31035    20.007477   15.846594   28.056028   19.189716   18.34795
  24.403698   17.49196    17.891949   18.710703   19.090248   20.865025
  18.125647   17.299692   17.779497   20.674032   19.172932   17.850258
  15.832127   16.778568   14.646361   18.450645   20.708456   17.634235
  17.297686   23.483408   17.884312   14.704339   21.242702   17.317724
  18.662426   21.933369   19.127808   18.338753   17.926355   21.451124
  16.891733   20.35157    17.989714   29.040783   20.404812   18.649387 ]",0.6707446808510639,0.604437013467153
10,33,1551,"[[ 0.4379557  -0.15238477  0.08789223 ...  0.07663438 -0.22083578
   0.12883598]
 [ 0.0130567   0.49331567 -0.21596785 ...  0.22263944  0.15653212
  -0.13222714]
 [-0.1239784  -0.02778704  0.25716412 ...  0.01690517 -0.03762379
   0.02419643]
 ...
 [ 0.21139276 -0.03571454 -0.12305252 ...  0.5014262   0.08672494
  -0.05712912]
 [-0.09681428 -0.21970925  0.0238849  ... -0.04893181  0.59007996
   0.09352975]
 [-0.11173811  0.06830394 -0.11665103 ...  0.08892613  0.19451353
   0.42907706]]","[ 22.072704   19.32632    16.40516    17.589247   16.756826   17.623354
  16.484583   21.637493   17.621733   18.689787   15.163137   16.807003
  17.299463   17.784601   16.133905   16.61349    19.360756   17.622173
  15.231267   14.47878    13.962752   15.637241   21.21263    16.72727
  15.808255   18.224566   18.756304   14.4470005  16.73103    19.018112
  18.43128    17.58607    19.012316   16.42051    19.486961   15.274357
  16.684309   15.686591   19.817778   15.753751   20.556791   18.808163
  14.21472    15.347461   17.077587   18.332838   22.271015   17.035997
  20.922924   19.758139   20.469442   15.880188   19.066864   19.21503
  16.74024    18.212095   15.939058   19.985695   15.709269   16.557163
  18.342367   14.946188   19.229538   17.663109   16.855776   17.889309
  19.995728   16.179983   16.55001    17.409637   16.202572   18.43582
  17.182793   14.667291   17.419832   14.9032955  16.975485   15.886183
  17.459484   17.049728   14.329264   17.373      17.814774   17.106413
  19.357159   15.24054    17.971855   16.39752    17.723707   13.24676
  14.678668   17.130148   15.877893   19.433752   16.270866   22.109821
  19.123182   18.51133    16.389742   17.810423   20.066242   17.197842
  20.626495   16.725773   17.472326   17.66775    22.25912    18.53543
  16.568613   16.438896   16.18621    17.2907     19.021988   16.582142
  16.351393   14.87857    22.844032   19.786058   14.489555   23.099182
  15.8047905  21.23268    15.5096445  15.78401    19.929369   16.77341
  14.591226   21.211872   19.573341   16.93122    20.172998   20.678366
  16.135487   17.695715   18.344044   17.483292   17.88758    19.724722
  19.601324   16.376081   14.915873   15.418537   15.634459   19.981049
  17.795145   17.560034   14.088983   17.343275   19.523546   19.986946
  16.42137    14.488141   18.861446   15.802253   13.513832   13.641453
  17.9505     18.737652   17.778172   22.360449   17.632204   19.752699
  23.824524   19.18809    15.502249   18.014788   14.859991   21.221432
  18.062218   13.888644   16.501062   13.039198   17.185202   23.616268
  20.090534   14.8915615  15.576005   15.67493    18.608597   22.085447
  15.216706   15.322013   14.623866   15.344783   16.192753   17.04261
  17.577755   23.386477   20.724388   16.578888   18.281929   17.435816
  14.207879   20.788977   15.3180895  14.772085   18.517717   17.806973
  14.146296   21.161514   18.878231   19.327639   19.925594   18.019974
  14.777197   17.824913   16.36604    15.825388   16.102358   16.645935
  13.675144   18.164742   17.332792   14.922726   16.198156   17.06244
  13.151792   17.736944   17.701656   17.213816   17.921297   16.79018
  21.078447   17.516073   21.741823   20.890606   20.772127   22.668928
  18.917662   17.28691    18.895357   18.134546   19.887695   17.482399
  15.602815   16.937456   14.837862   14.692553   18.948992   19.186369
  17.435848   15.343928   17.127438   15.050559   18.166666   20.294647
  17.93283    16.594418   17.389198   16.399906   17.036682   17.72288
  17.96537    17.559055   16.7506     28.99897    14.1790695  17.1813
  16.33495    19.76271    16.87699    14.796802   16.447952   19.815256
  16.941435   16.293343   17.554066   15.377664   13.940933   17.418541
  18.85562    18.914906   15.40174    16.804924   16.020525   17.482885
  16.009098   15.440007   16.959421   17.453571   18.910723   21.468288
  14.779787   16.049417   23.745188   16.797907   16.031858   15.524286
  13.828514   17.77484    18.374956   17.519566   18.389801   15.529875
  17.632868   21.12139    15.646005   15.593936   16.109106   16.156351
  16.25636    17.074903   17.374058   15.286858   14.369142   17.246916
  16.542498   15.321279   15.814227   16.774649   23.211834   15.2005205
  18.055876   20.4344     20.937908   15.944151   17.257992   19.665804
  19.812525   15.52124    16.843876   19.648134   16.256693   16.124672
  17.393135   16.155306   17.522284   18.096535   18.039272   19.396063
  21.124807   20.18182    18.131117   20.033983   17.76824    18.260735
  24.38975    14.74472    17.590153   15.182334   17.527225   32.055897
  15.599408   18.331474   20.370003   17.303556   16.301102   17.600199
  14.949755   18.512682   17.238548   17.167574   14.049682   14.397074
  22.070686   18.844221   16.278635   15.874938   22.883575   19.54476
  16.224684   23.936882   16.772175   15.361275   18.269037   16.365294
  15.209397   23.333256   14.553518   15.370602   20.328524   18.092283
  19.039068   18.312258   13.287516   16.266182   14.654437   19.373537
  17.952442   20.98176    15.277076   14.064848   16.403881   15.6318035
  16.875183   19.14927    22.506155   19.15671    18.026072   19.021872
  18.47454    17.21656    16.181305   21.203053   16.545496   15.370927
  13.149085   22.141504   14.5652275  15.562969   18.793888   19.143627
  19.01741    16.598104   14.912519   20.409111   17.001451   20.319267
  16.158161   17.03361    16.717821   16.952337   17.179932   18.079054
  21.646912   19.313139   18.750137   22.32295    12.173724   16.577293
  14.484907   18.343483   19.18151    21.419783   17.95004    18.69786
  14.60477    18.356794   20.953524   20.328001   18.748014   16.208784
  15.778092   12.769901   15.499713   18.02329    15.5577     18.5612
  22.136442   16.254166   19.40847    18.875748   17.568165   17.296467
  16.528976   16.739128   20.214966   20.094664   18.185156   18.50114
  14.745379   13.979246   18.993017   17.206007   20.210957   18.480335
  18.484798   22.12075    18.536957   17.176783   20.202261   16.15837
  19.373705   19.79299    14.197688   15.671078   20.746597   16.316797
  15.743615   17.096626   21.279028   12.003425   15.166327   16.71887
  17.361822   16.991623   17.12469    14.719985   16.856802   17.583652
  24.285276   13.513623   15.5902     16.686893   13.158386   16.230257
  15.381849   17.387983   12.954076   18.070562   21.346447   20.591927
  20.51863    14.973818   17.80598    15.954874   16.623503   19.35728
  16.525566   19.161793   17.494778   22.230785   16.821842   21.70722
  15.857576   13.932315   23.281694   21.261753   15.179101   15.363648
  16.823748   23.624088   17.802832   16.25223    19.334503   20.119007
  16.778126   13.668742   17.158606   17.508556   18.192215   16.298286
  15.89033    18.24627    17.0361     18.21791    16.979815   19.351484
  20.627096   15.392848   20.14291    18.697205   19.17076    19.348516
  16.334713   17.75888    15.017573   21.638973   18.677935   17.425198
  17.885784   14.966037   17.52646    18.358282   17.563938   15.895119
  18.921257   16.333843   23.425806   15.415351   16.112577   17.234049
  18.818031   18.616398   14.515756   15.88229    20.490774   16.402456
  15.155682   17.641457   20.74177    15.556182   18.804304   15.809491
  16.826607   16.889963   16.928038   14.778724   16.07174    16.600227
  15.912292   13.397699   15.242398   14.992014   19.543186   16.511562
  16.60588    23.115097   13.620672   16.519377   18.466885   14.561491
  15.486515   18.374517   17.168379   18.585125   20.834291   16.315691
  16.615088   14.805518   15.606694   16.733286   18.698889   17.73373
  20.042173   18.81368    16.73404    22.29565    20.041359   17.533379
  18.544432   21.400549   15.399179   16.157942  145.71312    19.845745
  16.504807   19.579111   18.20144    15.4983     14.755261   13.177725
  15.202315   21.680454   16.25398    17.160185   22.682838   18.830276
  19.017046   19.528433   17.924639   20.359346   16.616436   16.813957
  20.111616   22.821007   17.082945   22.631523   15.88468    18.739265
  20.418924   17.32538    13.168135   18.157179   15.605365   18.954845
  18.24843    14.472008   14.387784   15.397553   17.711231   16.617905
  12.380793   17.12205    19.957659   15.263605   20.507576   14.942076
  16.962305   17.419292   18.449198   14.399284   18.095497   18.572142
  17.791805   16.464247   24.80219    25.504913   14.579572   20.402943
  20.8525     14.942656   17.253912   21.672094   19.635283   21.145586
  17.434002   19.989716   20.1288     16.754833   19.93119    18.070633
  18.705986   18.877369   15.902938   16.707651   16.981703   15.565571
  19.738914   16.492836   16.543003   17.010296   19.224962   15.592034
  17.775948   15.722317   17.918352   16.860395   19.348951   17.03231
  14.622475   14.072405   17.131102   17.384348   14.501014   14.856788
  19.601469   16.644493   16.192951   18.616837   17.170483   14.677127
  16.254309   15.3132105  19.31432    16.57054    20.263779   19.410273
  16.500538   18.076077   15.224908   16.07978    18.180243   19.516705
  18.69007    16.117487   28.387045   15.801715   18.943218   22.924644
  16.64442    18.24508    18.765196   18.07498    19.852316   19.106277
  16.335222   18.687586   14.513571   26.244385   16.065882   17.185667
  20.446072   15.710661   15.767666   16.493834   15.874815   18.539305
  14.808219   15.647837   15.29569    17.717098   15.367451   17.985464
  15.616591   14.437052   14.16127    16.575808   17.206608   16.482252
  15.836556   19.227196   15.941211   13.708121   19.585083   15.982661
  16.696606   17.872671   17.31271    16.553593   16.923178   19.069304
  15.511372   17.71615    14.412971   25.198181   19.272226   17.14359  ]",0.700531914893617,0.6436794877052308
11,33,1551,"[[ 0.67688507  0.052546    0.02085987 ...  0.06629793 -0.10621431
   0.03230719]
 [ 0.07238457  0.53548956 -0.01097938 ... -0.1298239  -0.03637341
  -0.08405326]
 [-0.18115065  0.01570774  0.54328626 ...  0.0017613   0.09141283
   0.13505961]
 ...
 [ 0.05796709  0.04874527 -0.05579419 ...  0.49058568 -0.00432519
  -0.07540446]
 [-0.00958241 -0.14784008 -0.00224313 ...  0.19065729  0.6118995
  -0.01840745]
 [-0.06932099 -0.00568386  0.0198082  ...  0.02669078 -0.12076359
   0.4598693 ]]","[ 19.204151   16.769238   14.222927   14.960319   13.475131   14.942635
  14.569467   18.120453   15.285909   15.998369   13.276428   13.598209
  14.02154    15.442618   13.275838   15.5255575  19.12521    15.256294
  13.812014   12.678001   12.948819   14.500021   18.294899   14.4592705
  13.966487   15.505702   15.735435   13.3523855  13.641374   16.60404
  16.996378   16.375591   15.908049   13.875374   17.154192   13.337342
  14.74579    13.232647   15.559917   13.748308   17.43955    15.574383
  12.857532   12.622067   16.105122   17.122147   17.875658   14.169815
  18.93152    16.088394   18.336397   14.697761   16.121332   17.459341
  12.242399   16.061895   13.993303   18.449276   14.185768   15.313778
  16.3124     13.307223   15.717348   14.901874   14.18966    16.13389
  16.840998   14.748956   13.914111   15.728803   15.22482    15.461178
  14.867152   13.357075   15.282395   13.317313   15.584872   14.915467
  14.755293   15.215025   12.976959   15.961632   16.66149    15.347266
  17.264797   12.086947   15.303306   13.057361   16.066679   11.9390135
  12.1007395  14.81653    13.824114   16.354801   14.987437   20.200426
  15.319256   15.211739   13.642402   14.533886   16.988108   16.187979
  16.50957    15.386194   13.723221   15.199554   19.62073    15.9489565
  12.63936    14.470322   13.200342   16.195148   17.351654   15.224825
  14.27859    14.194845   19.321358   19.739344   12.548304   20.0448
  13.384573   16.880547   12.962571   14.469789   18.513243   14.081632
  12.6296     18.313955   18.579048   15.400672   16.80234    17.403263
  14.977002   15.889471   14.897178   13.742848   14.464653   16.235628
  16.289928   14.382866   13.335402   14.807386   14.208131   16.928238
  14.538963   15.979201   12.436488   13.873985   15.4930525  17.62072
  14.602186   12.318463   16.241175   14.186477   11.392078   12.500456
  15.368846   16.530727   15.290847   20.795221   15.0767355  15.871736
  19.872599   16.204782   13.404626   15.255558   13.504958   20.420683
  15.818125   11.726862   15.935415   12.826877   13.599348   21.00747
  16.457026   14.432645   14.284615   13.965558   15.112781   20.502108
  13.484574   13.730583   13.238637   13.853899   13.8613405  15.63201
  16.668457   21.209805   18.426056   14.001928   16.952711   14.729378
  12.967937   15.824988   14.362782   11.860072   17.059093   14.78794
  12.271681   19.530767   15.109195   15.054555   15.9519205  16.477554
  13.005308   14.973656   14.04688    13.502095   15.293308   13.62319
  12.989922   15.362588   14.845412   12.868378   13.840997   14.497737
  12.017528   14.76652    16.281715   14.582648   16.683434   13.392391
  17.644247   15.906142   18.032375   19.08618    17.262352   18.879963
  16.494242   14.427165   17.659145   16.027475   17.204567   15.893996
  12.782322   14.061315   13.398412   12.333875   16.249245   16.046707
  16.087605   14.17059    13.618864   14.791835   15.39979    17.186155
  15.952465   14.753588   16.093647   14.665069   13.86764    15.323815
  16.31245    15.215016   13.920084   30.549921   12.542512   14.740654
  13.7214365  17.202225   14.177007   12.79114    16.237803   18.452036
  15.692234   15.29389    15.737103   13.530272   12.336691   15.220494
  18.060366   18.19427    14.06853    14.114482   14.656718   16.99991
  15.007756   13.667818   14.71506    15.405651   15.666462   17.48306
  12.021903   15.272413   20.248772   14.852638   14.050817   13.955041
  12.452754   16.5525     15.616324   16.755009   17.219952   13.499577
  15.644319   16.973515   14.044956   14.625203   15.333214   14.365017
  13.527688   15.305217   16.973413   13.168213   11.759038   15.186352
  13.577759   13.039588   16.011883   14.7136     17.984915   12.796609
  15.8403845  16.304747   19.739775   14.837247   14.432551   18.3912
  16.346825   12.536801   14.91394    16.275892   12.99214    14.029761
  14.66497    13.084282   15.288268   16.897154   15.967538   17.192575
  17.066105   16.317806   15.607445   18.610956   15.388615   15.282884
  22.411718   13.864359   15.092395   14.689187   15.049237   33.185905
  12.889224   16.220259   19.122955   14.09187    13.079548   14.810857
  14.300675   15.502917   16.994242   16.155674   13.574451   13.406008
  19.50598    15.700738   14.452717   13.542875   18.643791   17.199244
  14.294823   21.296293   15.266406   13.887685   14.642603   13.445396
  12.933141   20.309282   14.282102   14.204898   17.65467    13.4717455
  16.0472     15.780196   11.702681   13.391721   12.8924675  17.003006
  15.225077   16.68177    13.374512   13.390249   13.908541   12.706778
  14.573293   20.047724   19.284063   16.319887   16.006845   17.186996
  15.199739   14.875132   14.16957    16.130728   14.421407   12.980629
  12.368867   19.757029   12.513257   13.549405   14.969316   16.01099
  16.670832   15.198317   13.162999   18.166208   15.49823    17.700138
  13.571526   14.324296   15.290712   13.693677   14.286406   15.6742
  20.942366   18.106293   16.967974   18.363716   11.205661   14.30257
  13.179193   15.682556   16.079546   19.12917    15.909535   16.517927
  12.318169   15.610843   19.68002    16.268866   16.480398   14.381751
  13.648857   12.044139   12.648443   17.179983   14.612292   15.7579975
  18.510681   14.981287   17.42561    16.501827   16.169453   14.902743
  13.0239525  15.071426   17.079165   17.079239   16.174997   15.867122
  12.28057    13.745875   17.628307   13.754812   16.83338    17.711308
  15.851861   18.466335   15.7579775  14.47341    17.324543   14.323835
  17.271463   16.411009   13.110981   12.919496   16.971666   13.99906
  13.388047   15.825      17.96201    10.412838   12.2357435  14.850217
  15.823398   14.858982   15.234265   13.416879   14.783274   13.006741
  19.880198   12.384982   14.351762   14.65088    12.006366   15.559254
  12.37726    15.514355   11.171401   16.271152   19.02269    17.922417
  18.015144   14.452141   15.475751   14.268898   14.747906   17.037115
  14.260917   16.793623   16.125467   19.97702    15.236755   18.033777
  13.017445   12.030522   18.942469   17.80595    14.017893   12.078261
  14.914002   20.097672   15.964643   14.553718   18.051844   18.96837
  14.565999   12.315215   13.095122   14.034318   15.948639   13.945747
  14.730063   16.362085   13.982582   15.582323   15.557803   16.71253
  19.607391   13.000479   17.109085   15.472135   14.882689   16.43117
  15.97856    15.024748   14.621258   18.181622   17.07089    14.62465
  15.827151   13.607952   14.478884   16.261349   15.451474   12.844697
  17.189583   14.639123   18.486774   13.876022   14.7066     14.979417
  17.544838   17.72378    11.920062   14.093938   16.085981   15.000402
  14.887719   15.763162   18.624483   14.307165   16.53036    13.7482195
  14.839751   13.622443   15.083888   14.096568   13.947015   14.159344
  15.785356   12.624967   14.248531   14.008249   16.749495   15.211109
  14.565933   22.20593    12.881895   14.799194   16.895172   11.996476
  13.168901   16.471558   14.810155   16.203114   18.6969     15.914218
  15.048022   12.852881   13.266077   15.570651   16.687016   15.0754595
  15.160631   17.393217   14.974255   20.136198   18.17603    14.559708
  15.163179   17.099382   13.80355    14.431575  132.52121    17.150715
  13.88313    16.300507   15.907285   14.718802   14.342978   11.128547
  13.942042   18.03567    14.874193   16.066277   18.175432   16.541794
  14.826415   17.733582   15.015909   16.781374   14.86438    14.732643
  19.40543    21.086906   14.835103   18.961151   13.981464   15.661615
  17.159554   14.776888   11.60724    14.942418   13.344586   16.977884
  14.549958   12.203886   13.863517   13.68697    14.816558   14.414522
  12.019924   13.723862   17.129944   13.383769   18.311136   13.739458
  14.956307   16.024952   18.568916   12.490316   15.85738    15.33459
  14.610339   14.549449   20.602375   20.295631   11.919401   17.546656
  19.157751   12.700041   14.45599    18.79686    18.10301    17.27543
  14.957879   18.522623   15.947111   15.378175   17.69668    15.97999
  16.033266   15.932348   13.064845   14.891607   15.221893   14.099163
  16.521235   12.64699    14.740417   13.958104   14.602867   13.7941475
  15.960222   13.928417   14.981925   14.149605   16.705547   16.118841
  12.944199   12.261665   16.180038   15.544268   12.992393   13.90918
  18.153124   14.042856   13.945687   16.039314   15.042947   12.724623
  13.17153    13.125462   16.780933   13.569212   16.675634   17.095524
  15.871304   15.742731   13.856676   13.77176    16.37508    15.848555
  16.032984   13.034921   25.27435    16.350904   14.759477   19.674822
  15.061929   15.95648    15.785783   16.219002   16.719751   15.819505
  14.235915   14.375005   13.764669   20.108177   15.131268   15.451428
  17.971401   14.633284   14.159328   13.803229   14.366203   15.025961
  12.348745   15.390583   12.476471   15.498224   13.410749   16.848991
  14.007087   12.566194   12.228218   14.65757    14.669365   14.489618
  12.894114   16.138248   14.988776   11.775981   16.444489   13.799656
  13.200923   14.437582   15.523922   14.798854   15.97867    17.065475
  13.911674   15.006771   14.506655   21.68995    14.955235   15.843004 ]",0.7196808510638298,0.6947583595911662
