,Images_Per_Label,Train_Data_Size,W,Residuals,Classification_Accuracy,CLS_Cosine_Similarity
0,32,1504,"[[ -7.9199557   1.8590943  -8.626994  ... -22.948086    5.7152853
   12.252916 ]
 [-25.161907    7.71913    -9.007807  ... -21.940214    2.5780694
   -6.206776 ]
 [  3.784909    5.4432664  23.566217  ...   9.376864  -14.398377
   -4.4679747]
 ...
 [ -0.4796896 -14.454489   20.762383  ...   7.8319583  18.324127
  -30.980255 ]
 [ 24.124567   -5.598752   25.25965   ... -33.60219    -8.09938
    5.283976 ]
 [-12.122107  -15.095248   15.382055  ...   8.976128   -6.362853
   10.464544 ]]","[ 37.240875  42.6181    37.059235  31.434887  30.870892  33.663185
  35.42923   47.69201   47.079304  39.58746   26.60593   42.450283
  34.71047   35.47249   35.832657  36.846504  44.74656   35.242622
  29.022692  28.4521    27.69384   31.342138  45.908894  32.438946
  40.521233  38.72023   40.9433    36.515755  35.66288   43.845562
  41.71368   33.851665  38.84381   33.563446  37.933952  30.642574
  34.267113  32.93039   39.15014   32.73495   39.99156   35.50351
  27.750832  35.92034   36.243507  39.02482   48.721893  36.379986
  52.22627   39.367065  36.946026  36.77309   43.00383   45.907265
  37.319344  34.551067  30.321991  61.688046  31.86554   33.107094
  43.445797  28.799582  40.93206   42.424957  29.521841  35.371582
  41.44993   30.375765  37.189236  43.120853  31.180082  39.854694
  27.625635  32.29312   40.34734   31.013132  30.071268  30.05466
  38.016224  46.78126   27.431591  47.589367  38.161026  38.65639
  38.656876  31.272741  35.695503  29.473043  32.534054  31.632982
  28.183134  36.679516  35.78331   50.19638   40.06967   47.803837
  42.649536  30.00686   42.184784  43.50255   41.65931   34.290398
  50.85062   35.62207   30.398375  38.98636   57.134678  44.861088
  37.27391   39.499382  31.654034  34.366978  44.731606  37.090733
  40.275105  29.761309  50.81482   50.35465   28.641794  53.99368
  28.118517  44.149258  30.585531  34.827847  48.628067  31.010134
  24.042313  45.742336  36.68071   33.66239   41.303024  37.968853
  38.825047  34.19113   41.778713  38.40212   30.31928   38.525112
  49.563396  39.432617  33.03257   31.115826  29.18839   45.81427
  32.42204   32.909477  26.94285   33.869812  39.148815  32.543736
  33.59539   28.418877  45.260834  33.74315   26.061455  36.3582
  39.149147  37.069077  37.822937  55.18226   36.48571   38.70888
  47.152565  40.406597  28.856436  39.96295   34.0056    49.230858
  40.37207   27.682384  37.909657  29.339289  33.00267   50.500355
  39.177395  43.269615  37.890884  31.560675  41.181595  43.712975
  30.071669  27.045414  32.273468  33.5347    33.028877  43.645084
  39.686306  61.728947  53.37711   25.703434  34.47125   41.39606
  31.369297  42.388332  29.656713  27.371943  42.62113   42.92458
  28.943005  36.749683  38.002342  39.855797  42.8992    42.457306
  25.845465  34.20458   30.912455  32.412514  36.98156   37.31935
  28.14886   44.796307  45.785927  27.271511  42.52584   36.98085
  31.53095   33.407703  35.034176  39.299408  35.468845  35.27831
  54.388565  36.34833   50.11716   41.438156  35.49143   51.76585
  39.986492  38.460518  45.966763  35.66657   49.61583   35.421394
  37.456207  34.860085  34.54591   31.488085  39.511883  34.622307
  36.082787  31.493675  34.350574  34.243267  40.018875  43.63944
  40.735493  33.556442  35.65467   33.10873   28.369303  30.145222
  38.940422  41.480297  39.93103   69.60738   27.452065  58.396194
  37.655098  38.936775  35.915928  28.479097  44.345467  41.404243
  37.639038  27.676237  37.326588  27.023468  29.577425  32.268745
  41.85465   48.559776  30.957731  52.84581   25.768793  38.87544
  34.62082   33.592968  37.91559   39.727455  47.53629   44.501255
  31.66209   35.088688  59.359615  34.833588  31.93018   29.477873
  32.896008  35.086235  45.9609    41.3466    38.701305  31.861986
  32.847332  47.032055  37.78317   31.262304  33.281235  34.656605
  32.3193    32.97462   37.50878   33.234127  29.959438  46.21808
  29.49918   31.44339   32.819416  33.6635    49.678875  32.818638
  43.128006  40.980824  58.668594  38.213028  37.288307  48.076496
  49.90766   34.032303  31.223509  41.30227   31.896244  35.734837
  30.789154  29.507004  41.342297  40.894207  38.59826   52.81555
  43.03894   38.891182  35.053318  42.512222  36.394115  44.229218
  91.31095   27.389137  39.257282  33.13246   33.6119    66.57542
  29.191854  39.836464  65.845955  36.05521   38.778828  33.97354
  33.81165   37.150032  37.71518   36.46659   33.900513  33.154434
  40.229496  47.863792  42.325413  29.53823   42.76425   41.861393
  33.948105  59.977325  36.100277  32.32487   39.364746  33.453163
  31.321413  53.11402   32.45956   30.820538  46.212585  41.030155
  41.842697  42.868507  26.532597  33.13299   31.428398  41.060562
  42.747307  47.21791   32.230686  27.753134  34.797504  31.880344
  32.634933  38.276707  52.74999   38.07849   36.231575  45.33891
  54.656475  40.6284    32.64537   46.941048  32.791176  33.508793
  27.672049  51.748734  26.426113  29.768879  40.82726   38.577366
  40.742664  37.923847  26.19783   45.51159   37.376102  46.28791
  37.608818  28.341755  44.522484  34.43555   30.394854  45.462082
  47.002644  34.961422  48.234592  64.07618   30.1983    34.77772
  30.942953  34.59282   37.988075  50.321426  36.09229   31.660631
  27.603731  44.573772  34.7735    44.843426  35.544014  35.155945
  32.49161   25.891285  25.81879   34.25403   27.791056  44.50586
  40.177864  34.571503  35.739525  35.154152  41.59993   38.513065
  29.536808  29.952055  37.6563    43.698357  35.81302   40.23707
  28.268103  26.362783  38.361073  39.367752  49.247635  36.8408
  37.96218   42.753216  32.936863  35.993565  40.056114  33.491302
  38.425854  34.919918  26.254063  33.310337  44.29742   32.39762
  36.252068  39.153698  42.215427  26.961681  25.221586  33.16837
  43.514572  35.147747  36.015434  34.98866   37.484756  40.02148
  55.1101    28.871431  29.625761  39.298878  34.19762   32.845688
  27.161013  34.701633  25.878668  45.553886  43.681282  52.5303
  45.79762   33.360195  35.71521   30.601429  38.049664  48.38731
  35.01727   35.332165  41.737915  56.170017  38.537468  48.20661
  40.07617   34.30378   49.08436   46.896824  36.67448   32.18753
  32.132347  51.623363  38.737156  39.8453    42.125843  44.204185
  35.62652   31.57761   32.776722  39.081615  36.106518  41.66315
  31.616047  37.38995   36.48401   36.847973  35.18409   45.239502
  43.308556  36.889896  41.26491   44.6733    37.14401   40.071808
  34.317646  35.521782  29.216595  45.794384  36.103508  36.311844
  36.8558    31.779964  24.877436  43.567577  36.34899   32.015373
  36.80778   43.265854  48.4495    34.218433  33.011078  38.94485
  36.25457   44.815063  25.86058   40.35127   46.454384  41.35952
  30.038784  32.32658   51.702644  38.663902  33.754593  32.81596
  37.087265  34.820366  33.067326  33.245083  33.23795   37.741936
  36.665874  30.95584   30.384651  31.607536  45.145565  36.575596
  38.17462   62.04228   36.237953  30.402948  42.176277  27.962732
  34.989525  41.457485  32.37694   37.299564  46.814415  44.121113
  40.114258  31.851904  33.421585  45.086292  40.872833  42.868214
  45.150105  43.75902   35.801804  58.00122   42.95792   33.98949
  42.639717  50.668785  32.06385   30.332474 271.36325   42.69213
  36.34125   55.80301   40.476463  36.18572   33.253464  25.90926
  29.675837  47.508385  33.486313  40.528812  55.231976  38.418156
  41.46814   45.138855  35.329964  41.03608   31.158411  40.889694
  76.18099   51.24529   34.394924  45.890354  33.131115  42.684124
  35.243332  37.596294  24.949802  48.681522  33.38145   37.64877
  40.65076   26.166677  28.700804  28.681364  34.649937  34.127117
  34.92079   35.57759   49.080334  36.189342  39.804173  37.641773
  33.592094  40.252277  49.45207   29.917448  38.524384  34.732697
  33.031155  38.6861    58.76982   44.094074  27.896704  46.384144
  52.89154   27.928646  33.33091   52.844383  40.09637   42.67308
  31.105364  44.18067   41.350872  31.674732  45.52569   40.626324
  39.26544   39.887836  28.368343  35.914303  41.001713  28.698002
  51.26145   31.09126   28.577963  32.192265  43.877728  27.279928
  34.97584   31.859388  39.941257  26.278143  37.695084  38.539783
  31.373835  26.09526   39.03012   33.31101   38.61385   23.553282
  45.75929   33.549084  28.319223  43.925873  32.87169   28.7993
  33.081787  34.44996   35.930058  31.073679  41.518806  51.859325
  33.289703  41.09032   34.132957  30.116474  47.990856  41.321697
  36.009697  32.168343  77.09119   36.763912  36.769928  52.54693
  34.79059   42.570225  38.354588  37.632156  48.95001   39.71066
  30.801954  40.823093  30.41181   56.89103   38.012066  35.51027
  45.29711   37.253147  29.01997   33.680332  39.552715  41.676113
  24.834599  31.727997  33.65977   35.11607   33.995125  34.546776
  35.14449   29.798222  25.12177   30.29153   38.226643  33.97788
  34.290337  51.0842    40.730736  33.055424  41.03411   38.75608
  30.790207  36.835346  34.979366  32.683784  34.27139   38.70108
  26.741308  37.204235  29.485342  49.1159    39.088917  32.50051 ]",0.08882978723404256,0.18742255369822183
1,32,1504,"[[-10.665882    12.0567      18.434978   ...  -0.4376269    0.22296488
  -18.845442  ]
 [ -7.8233314    3.2391071  -14.706035   ...   3.0336027    9.311239
   -2.907584  ]
 [ -5.1023436   -6.6673784   -4.758172   ...  12.202577    -6.600163
   10.03605   ]
 ...
 [  9.628881    -8.982017    -3.9221575  ...  10.094643    -1.9677147
    6.786752  ]
 [  8.623985    -3.3191738   16.841883   ...  -5.2175436    7.299037
   -7.0789843 ]
 [ -4.234171   -37.2561      12.025607   ...  -2.0868113   10.132567
    4.685681  ]]","[ 35.192368  37.709423  34.116352  30.759579  30.102634  31.861967
  35.402122  42.69188   42.88745   35.96912   24.819855  36.085938
  31.027727  31.515759  33.936905  35.740337  39.92107   31.722242
  28.638792  26.385674  24.855297  29.604492  41.82771   27.456411
  33.200554  37.15572   35.35695   33.6695    32.29678   40.346447
  38.275368  32.024105  35.633232  29.662384  35.188778  29.0502
  31.961943  30.178934  33.49081   31.721203  37.143448  30.853874
  24.932379  29.945257  32.72983   34.440693  46.243477  33.031425
  47.103626  37.53143   34.775826  35.481716  37.926125  42.793926
  32.18345   33.045155  29.21675   56.974674  28.541828  31.286705
  42.45497   26.595682  37.28192   36.670994  28.993025  34.003296
  39.280365  31.77881   33.886246  39.31476   29.659054  35.840218
  26.760393  30.880627  37.160297  27.203377  27.694935  28.72521
  36.36306   43.295517  26.962116  43.72137   32.9433    34.87527
  32.666798  28.964457  35.302647  31.205132  31.576157  28.43529
  26.286516  33.938267  32.316044  49.122574  38.10034   44.66072
  39.16709   27.5482    37.904602  35.373367  38.338326  30.920048
  44.63369   34.57983   28.294746  34.869328  50.65288   43.564457
  29.182146  31.684444  30.552368  30.80246   42.26532   36.333847
  37.245956  27.56517   50.11594   41.170612  27.117453  51.950706
  27.405499  40.401733  29.459097  30.908218  45.978416  30.17539
  23.409636  42.50932   33.066204  31.2199    37.90367   38.455757
  35.488674  33.82518   35.720203  36.232765  28.357351  35.917896
  45.73803   35.972237  28.200745  28.374907  27.616089  40.45666
  29.994417  30.480011  24.378374  30.697803  36.264477  32.0534
  30.305492  26.23121   40.00842   31.58246   25.197315  31.855423
  33.74839   32.430214  34.191597  52.355206  33.232964  34.057938
  42.650913  37.86965   28.378498  38.11759   33.106808  43.44553
  34.978367  24.61502   36.673927  26.396288  33.948444  43.743137
  38.53513   39.534798  33.232075  28.036436  37.50918   37.85806
  27.755264  27.372833  29.534924  31.700487  29.563795  36.689644
  33.855736  57.46022   48.419773  25.591187  35.308765  37.391193
  29.677929  37.99664   27.912325  24.635653  37.389935  36.607407
  26.67849   35.968693  35.85745   35.90903   38.08264   41.956387
  24.310759  31.877914  28.192455  33.752274  34.028835  36.04679
  24.615074  40.258945  41.024506  24.707651  39.241184  32.343155
  27.283617  31.021404  33.074142  34.223007  31.048792  30.699238
  46.767094  31.716053  43.321495  37.358513  34.792755  47.328728
  39.98358   34.41042   41.99043   34.37918   43.4095    33.230537
  32.52428   30.083511  32.333614  30.906559  33.74094   33.591846
  34.75742   29.373837  32.336662  34.715717  36.206886  41.36189
  36.856155  32.92677   33.29441   31.68735   27.030462  27.372011
  37.010395  39.511276  36.430843  56.01464   26.643803  43.479755
  32.56641   36.481403  33.428406  28.647554  39.274685  38.50318
  32.510777  24.123692  36.531403  24.6818    28.024908  31.639595
  40.009922  46.249115  29.496988  48.130642  26.746319  36.001675
  31.682634  28.638548  31.806978  36.74758   46.143917  41.522945
  28.808752  32.035213  55.541367  29.615326  30.364052  27.613014
  30.362894  34.43618   39.936657  35.74107   34.421284  31.218416
  31.802727  42.462673  36.082928  28.563189  28.800404  32.396877
  30.314365  31.67745   36.320618  31.477512  27.998333  42.099728
  28.674173  31.231586  31.707232  29.769396  43.385746  30.783382
  35.708862  36.3338    55.0877    35.27913   35.87676   38.733223
  45.26074   33.439026  27.798782  41.338253  29.95408   32.88422
  28.952543  26.84017   37.495358  38.925396  36.11163   46.025974
  40.352608  37.096054  32.104614  38.666286  35.82166   40.457108
  72.22641   27.943792  34.285313  28.583637  31.86731   51.924805
  26.952753  35.238533  58.628338  34.047333  32.762074  33.423893
  32.779728  33.047665  35.678543  32.94703   31.54382   31.85378
  40.186363  44.852146  33.90861   29.893034  38.256863  40.174
  31.539593  54.053097  34.207626  28.192183  34.801636  31.251245
  25.287428  47.54546   30.696884  30.107038  42.612625  36.764256
  41.65009   38.10182   25.378529  31.164679  30.308563  36.088
  40.651737  41.389668  29.500147  26.681932  30.175804  29.042227
  31.209171  36.263695  48.88629   37.587944  34.77697   42.37709
  50.21336   33.703983  30.275234  40.41155   29.279308  30.84661
  25.106117  49.905674  25.386314  27.469692  36.04767   37.085823
  35.89899   36.386097  25.529825  41.938393  35.551964  45.145813
  35.201733  24.129765  41.90066   32.682922  26.671146  39.911766
  45.30568   33.66021   42.13335   48.72451   26.395088  31.815666
  28.171997  31.088192  33.934525  44.31741   34.827187  30.894802
  27.491732  39.001034  32.43693   43.689526  33.094673  31.609211
  31.066843  23.651697  24.864256  30.899284  27.258953  40.596134
  39.843834  29.332722  32.925262  34.887135  38.02176   35.41626
  29.282482  27.479176  36.557514  40.300144  33.297855  37.29106
  27.137064  23.474325  38.194664  32.84104   42.8259    39.64323
  36.89314   42.228886  31.431883  30.51326   41.045357  32.672573
  34.75705   33.591343  25.149824  31.515095  41.06549   28.798908
  31.879435  36.344193  39.70145   24.98719   22.494028  29.941263
  38.39546   32.58967   33.055515  28.996286  31.280367  37.732624
  47.234833  26.020264  27.964596  35.15527   30.42682   30.018158
  24.732403  29.58119   23.765774  42.528713  41.568798  47.51697
  41.167233  31.383766  31.965385  29.12563   32.81957   40.854298
  30.335838  33.253124  41.121277  48.456017  36.054924  46.07913
  35.6715    26.426739  48.20777   41.883644  32.380844  29.315704
  29.955223  48.445423  36.194508  36.526733  39.09093   39.034935
  33.762318  27.155079  30.338362  34.45807   33.990387  38.173084
  30.180187  34.97132   34.648045  34.610184  34.41256   42.378735
  39.97154   33.391617  36.694607  38.107983  34.76638   37.475357
  31.265594  32.56958   27.947304  44.63893   34.3358    32.12927
  35.70003   27.752365  24.900534  39.623283  35.02616   27.190777
  35.781773  37.97001   44.057377  33.32517   31.420439  36.287376
  34.490482  46.79641   24.628407  36.87299   42.43839   36.02561
  27.940226  29.322048  46.36585   34.718094  34.345337  30.389677
  31.480808  30.624273  31.95441   30.680347  29.789007  34.302452
  32.56037   28.344097  29.208845  30.7085    40.95149   34.43788
  37.996944  51.75494   32.6646    29.162886  36.715298  25.853294
  33.382225  39.763725  29.572794  32.531548  41.742264  38.754025
  36.71021   29.549774  30.320028  40.350113  36.651917  39.27744
  43.323692  37.678864  33.813377  50.637844  38.98469   34.57799
  37.126152  48.885593  28.665174  28.392021 248.73431   41.594032
  33.05771   50.162544  37.561703  32.325867  30.024973  23.911823
  25.551937  46.528393  29.259283  39.502853  53.163937  36.76901
  37.86442   43.252754  34.821243  39.20384   31.133747  36.29066
  65.84681   43.497227  32.351833  40.615883  30.297983  40.384888
  33.96448   33.000546  23.64616   41.25673   30.585648  33.918167
  37.108143  24.237635  27.903534  27.011206  34.33696   32.21778
  29.700006  35.377453  46.197372  35.946346  33.111404  36.423172
  31.865665  37.526024  37.513863  27.8202    38.200993  34.65155
  29.721622  35.088432  52.926243  42.446846  27.119514  40.12248
  48.757553  26.07977   31.48336   41.98093   37.31516   41.52406
  29.188553  41.275818  38.689846  29.054798  44.066463  38.28891
  35.812004  36.51892   26.57096   32.01437   36.49936   27.333265
  45.892967  28.295763  26.706623  30.64465   39.652508  24.970945
  30.433306  30.099142  36.141857  26.58823   36.00408   35.756016
  28.928083  24.049294  37.46556   30.50991   35.16362   21.901295
  44.818226  33.683598  27.60745   40.26626   29.861294  27.201052
  32.943775  31.53897   33.580105  30.128693  39.438473  44.094257
  31.971737  35.15919   33.796047  28.905102  40.22737   38.038826
  32.378716  31.50016   65.04673   31.789906  36.108307  38.767803
  34.030727  39.45913   34.131824  36.450512  43.418568  34.311996
  28.125792  38.386192  24.889805  48.36441   33.536144  34.08387
  40.930397  32.852455  27.114918  31.498692  36.653046  36.769554
  23.948965  29.340525  31.464828  32.068962  30.781422  34.335487
  31.512318  27.78516   24.759605  26.728731  37.770897  34.042694
  32.289604  45.04095   38.539013  29.32564   37.495438  36.870018
  27.447906  34.756462  33.104034  30.864702  28.284853  34.99834
  26.150208  34.581566  25.7252    47.55509   36.755455  29.221582]",0.14361702127659576,0.240670607984066
2,32,1504,"[[-14.373839   -12.419679     0.68455124 ...  -4.565958    -3.373551
   -3.4501753 ]
 [ -4.230589    -9.998873   -10.246696   ...  -1.6319333   -7.830801
  -11.80059   ]
 [  0.17272766   4.392101    -8.400315   ...  -4.556387    -2.9906158
   -3.0312603 ]
 ...
 [-16.929672     9.800279    -0.46365875 ...   4.208144    -6.598755
   16.525848  ]
 [ -4.474171    -1.2404573    7.698012   ...   5.2208605    0.93583107
    9.499927  ]
 [-13.158573    -5.419109    -2.394595   ...   8.825753     5.862825
   -6.183423  ]]","[ 31.624088  36.8598    32.762806  30.733252  28.913141  32.97809
  33.324364  43.978394  40.262646  34.978935  23.255754  32.124554
  28.551426  30.8221    32.74773   35.617     33.846474  28.668278
  25.67297   24.80749   23.261402  26.951252  37.58391   26.767475
  31.722189  32.793518  32.64152   32.89474   28.02062   34.520245
  32.72437   31.933447  34.04261   26.556173  35.004627  27.293566
  29.866058  28.891397  34.215622  28.999416  35.31794   33.961037
  24.065155  27.134571  30.470686  32.037083  47.16885   28.677732
  42.127644  34.21298   30.434847  30.39173   34.051678  37.83566
  30.009283  31.404423  27.68912   46.146286  26.23105   29.511433
  39.30245   23.772451  34.13621   35.412655  25.949142  30.292368
  34.037838  27.323402  30.530226  36.89308   26.5065    33.264076
  25.279709  27.615871  32.180904  27.185356  26.404686  28.700787
  32.89941   39.459385  26.259615  35.54411   31.090212  34.993687
  36.026237  24.590973  31.724457  28.230818  28.970814  27.342371
  23.33357   31.10001   30.238552  42.380188  34.481777  41.52036
  33.662144  28.454283  34.604908  33.970394  34.82859   29.384672
  40.320633  28.369162  27.86458   33.436733  44.194553  40.2064
  27.81902   28.334023  28.777939  28.925663  36.787975  34.60398
  35.133934  25.42446   46.430725  33.97665   25.601694  50.75284
  24.970718  38.841366  26.06108   30.089472  38.55304   26.204412
  21.094198  40.854458  30.477715  26.660294  36.072407  34.779896
  32.355087  32.94452   34.2254    34.103928  27.184008  34.052975
  44.2256    32.902725  27.21308   26.927824  27.536146  36.845665
  27.35399   29.640026  22.583294  29.49049   34.144863  28.918972
  29.202856  24.348654  38.713127  31.747606  24.225567  27.08033
  31.764904  29.906488  32.825897  49.062126  31.504208  31.717808
  41.840652  35.737434  26.250662  35.701332  29.386644  37.39292
  32.73387   24.374403  34.31732   24.468231  29.991259  41.814316
  35.753704  35.1164    30.24494   25.962889  36.68779   36.199364
  26.408339  24.230583  26.943974  31.687288  30.067064  31.042099
  32.175297  55.152996  39.08404   24.341806  31.704636  36.464073
  29.210287  35.45199   25.374538  24.599873  33.891457  31.839722
  23.929384  33.52049   32.33707   34.962044  34.711292  36.187267
  21.925022  30.359547  27.71231   31.41979   31.342556  33.273865
  22.697298  33.031757  35.645157  24.339052  32.52544   28.368774
  26.081024  29.43426   29.10723   33.74912   31.20103   29.292257
  41.668648  27.02006   38.990295  35.635662  32.24583   43.0687
  36.16389   32.722572  39.161175  31.84159   41.94929   31.834736
  30.646275  27.228075  30.457647  27.425167  29.628366  30.523138
  33.247467  27.855492  28.255476  31.5552    34.81569   38.445034
  34.820496  29.658016  32.87663   28.282305  25.990341  26.468132
  35.26558   33.289906  33.31733   45.79559   27.026386  31.869978
  27.767603  34.695568  33.524605  27.32574   36.914097  38.187443
  30.118198  23.572952  33.919167  24.822275  26.54731   27.856583
  37.76611   43.64378   27.10628   41.520294  24.255331  29.603584
  30.743977  27.084791  29.672976  32.32277   44.9172    38.112583
  26.788406  31.492563  51.05464   28.35959   28.139282  26.90431
  27.193409  30.731337  37.00363   34.32162   31.465496  27.996372
  30.144432  36.296837  32.52953   28.156116  24.965282  28.6439
  28.128487  28.67521   33.41612   27.58974   25.878128  38.514442
  25.74085   27.660212  29.518671  28.387058  40.44587   27.623976
  35.472565  35.783955  47.102406  31.568628  31.45302   34.656147
  39.39478   30.548481  27.130747  37.24611   29.002502  31.87289
  27.569038  24.928658  33.868603  34.088226  32.708958  41.697567
  38.8504    35.72374   29.862661  35.880817  32.659325  35.01489
  69.21777   26.583582  33.95211   28.923666  27.350214  43.488388
  27.158857  31.285809  53.094532  32.770676  28.172981  33.045475
  30.259779  29.731543  31.661959  30.150978  28.51254   29.372768
  38.234543  38.229427  31.811699  27.341066  35.053425  35.172394
  27.911394  51.22351   31.942226  25.441698  33.600952  27.716715
  25.434732  47.099358  29.00647   25.993614  42.06033   34.332718
  39.246944  32.44732   23.527958  28.698223  26.96786   33.415604
  39.01429   36.720722  26.66877   24.72577   30.619928  25.962534
  29.548315  33.897095  44.63027   35.90319   32.255226  37.145245
  44.52756   29.051704  29.058079  36.688633  28.59462   28.79672
  24.790157  44.166904  24.317274  25.35269   32.209553  32.964855
  33.234184  34.59157   25.674995  44.151997  30.852682  38.346798
  34.07108   22.516068  35.65111   30.251362  28.38007   36.804264
  43.066826  32.111427  40.36105   42.438004  25.22012   28.682375
  23.96928   30.708712  34.231876  37.860817  35.091766  29.08048
  26.391989  34.697815  27.94662   38.83551   28.043268  32.53471
  29.775948  21.862389  22.816475  31.599302  25.081501  36.591747
  36.87115   29.380281  30.615131  31.595337  35.811024  32.931225
  28.053675  26.214773  34.965446  36.04931   31.462671  36.20443
  25.346764  22.937788  38.61436   31.731459  39.449226  37.87425
  33.429646  42.242107  29.205835  29.197943  38.17182   31.374458
  32.777187  30.939316  22.49922   27.282629  40.68459   28.702774
  28.203875  32.610394  38.442257  23.061357  21.48562   27.360569
  36.757168  30.07818   32.502377  27.496277  29.61292   38.98897
  48.27867   26.07563   25.868523  30.987919  28.036278  26.220621
  22.037624  26.65425   21.006586  38.413845  37.9574    43.154438
  38.83484   29.721777  28.21374   27.45648   31.715542  37.192726
  29.249458  30.93287   38.85918   45.847206  32.499428  39.58313
  30.746923  21.689701  44.765965  40.169514  28.74633   27.68815
  28.077547  42.790607  34.06072   35.294827  33.806305  38.45082
  28.862265  24.739264  29.766716  32.025913  29.69675   32.245407
  28.61782   32.098267  31.294231  30.557402  33.27733   40.801216
  34.85848   31.492998  35.822613  36.94045   33.379715  34.711975
  31.02027   28.844046  26.96208   41.393604  31.79258   30.791904
  34.665257  25.449913  24.6943    36.20368   32.19938   25.66038
  33.26009   31.826717  38.611343  30.411766  28.338072  35.030094
  30.956419  40.14264   23.223438  32.696114  38.19812   32.715843
  26.384819  28.063244  40.82854   29.796658  32.388817  27.425043
  29.909288  28.264423  27.587698  31.823797  28.046782  31.880785
  29.120193  27.400217  26.628874  28.895742  37.948     30.156868
  34.382698  46.31181   29.2171    27.233856  33.16958   25.90816
  29.481695  36.450512  27.59759   30.461262  40.92171   34.18426
  33.277138  26.960924  29.600704  38.18886   36.701298  35.37505
  40.780228  33.97932   32.55802   49.667423  34.746605  31.875822
  34.373775  44.94751   27.07164   27.224752 248.05162   40.415253
  31.05193   44.556942  33.723312  29.322374  25.769796  22.986368
  24.59157   41.816555  29.338549  40.42402   49.73667   33.21134
  32.488724  40.149834  31.006847  39.381683  28.455387  35.235863
  57.392536  37.02275   29.686804  38.048313  31.755747  37.472897
  30.808804  29.385656  21.551601  34.93458   28.45804   32.825687
  33.68358   21.901337  27.401588  24.806961  31.546057  30.484571
  25.182774  30.936354  41.732494  32.04213   31.5633    30.81755
  29.094925  35.265617  30.48713   25.188396  34.57357   30.700697
  31.383997  30.966288  51.435535  38.461426  24.999819  36.74318
  41.56041   24.845758  29.444065  38.835094  34.937187  35.6594
  28.647532  38.651375  36.866028  27.278671  41.42489   38.801895
  34.61224   33.165264  26.152939  31.165789  36.827118  24.031599
  39.616596  26.567375  26.136265  30.44144   36.28325   25.767763
  29.486897  30.223724  33.8454    26.302505  33.295433  32.629578
  26.385204  21.573551  36.293964  29.61517   32.042545  20.823013
  41.662064  32.312744  25.842466  34.616047  29.16007   25.449625
  30.207256  28.219961  34.486122  29.078903  38.4885    37.552643
  31.022867  36.25742   30.001144  26.418283  36.908333  35.84392
  32.24434   30.77435   57.813976  27.776527  34.00246   39.069912
  31.106321  37.43095   34.19852   34.85678   43.173344  31.629572
  26.165434  37.92705   23.6387    43.393227  28.478304  31.494774
  39.906376  28.252079  25.435482  27.292723  34.344     33.85316
  22.47386   28.692385  29.35717   30.933647  29.87463   31.674374
  29.277157  27.72631   21.803753  27.086973  35.456917  29.410465
  29.25785   42.717987  33.323044  26.411554  35.04791   33.370605
  27.177547  35.049892  33.166542  29.580439  25.11811   32.668404
  26.500296  32.207546  24.368502  39.89962   34.941223  27.913397]",0.2324468085106383,0.3005251149336497
3,32,1504,"[[-5.6721082e+00 -3.1611557e+00 -1.3757240e+00 ... -3.4469923e-01
  -6.3963113e+00  3.2390730e+00]
 [ 5.1948344e-03  9.2318183e-01 -3.3341155e+00 ... -4.8989143e+00
   3.3433816e+00  1.4114358e+00]
 [ 5.0369602e-01 -3.4810433e+00 -2.8578830e+00 ... -7.8750300e+00
   7.9644591e-01 -4.0851855e+00]
 ...
 [ 3.0606276e-01  3.4966366e+00 -7.2802258e-01 ...  3.0110252e+00
   2.5815649e+00  3.0667088e+00]
 [-2.9764593e-01 -4.6512881e-01 -1.4197620e+00 ...  3.8519790e+00
  -5.9518796e-01  6.0739422e-01]
 [-3.1876426e+00 -2.9435987e+00  2.7484643e+00 ... -4.7175374e+00
   4.2157464e+00  1.7901418e+00]]","[ 30.324411  33.41761   28.686604  27.919647  25.14828   31.267958
  30.479534  38.663803  31.436256  30.48635   23.513783  29.100365
  26.520538  30.548819  28.985266  31.156433  28.221832  27.49575
  26.874187  23.326082  21.236593  24.196943  34.784706  24.428215
  28.018568  30.639511  31.632753  30.453602  25.268597  33.911316
  28.115526  30.677572  34.30553   24.524227  30.404497  24.27813
  25.06003   25.54265   32.270332  28.601091  33.100254  32.83475
  22.204504  25.262989  28.000418  28.369165  38.754612  28.057434
  37.58053   31.72095   26.452745  27.851795  30.87953   33.36049
  27.576693  30.498856  26.0934    45.137875  22.174992  30.187391
  34.887756  21.21146   32.1181    32.014122  23.34122   25.582441
  32.45938   27.127623  28.947147  34.278683  25.301382  30.103067
  23.151064  25.706564  29.845654  25.64304   24.796633  25.784315
  29.812517  36.985157  23.67839   28.8562    26.096687  29.36371
  31.736017  22.653841  30.111115  23.440754  26.914824  25.037537
  22.090874  29.578075  27.026459  38.894405  32.656563  35.675423
  29.873058  25.656637  31.967754  32.611652  31.66539   26.60942
  37.39525   27.410059  27.72506   30.74764   38.00847   32.787075
  25.1017    23.534182  25.08142   26.974957  33.28261   29.3336
  30.02287   25.245945  40.42799   26.899956  23.960705  46.32527
  22.294235  35.906662  22.899055  26.919003  34.75893   25.536823
  20.140848  34.29752   24.405565  25.139158  32.300888  33.012184
  27.06664   29.710949  31.667974  28.484886  24.411402  28.150007
  37.670486  29.871965  26.748926  24.672478  24.69304   35.572586
  25.990133  28.656567  20.444489  28.136696  29.460526  25.605227
  28.678715  20.036577  35.314926  28.638819  20.756155  23.445505
  28.695635  28.453169  29.557684  42.469578  26.988085  30.008507
  39.44197   32.889744  24.512264  30.970488  27.678757  31.4019
  30.707106  20.422394  29.877264  21.770746  26.21042   36.76172
  33.934505  30.840994  27.912233  26.182686  33.556652  32.469723
  25.896109  25.529074  23.314224  29.239092  26.259853  24.035366
  27.955662  48.106075  33.675205  23.362759  31.690672  32.413387
  25.667656  32.811153  23.007107  22.671892  35.434208  29.838264
  22.672411  32.959915  28.559475  32.301136  35.23098   31.646204
  21.63099   29.419018  25.223024  25.75432   28.579456  26.187426
  21.310726  30.98642   32.02087   22.900085  29.552258  26.60994
  22.974325  26.646025  25.932665  29.739254  27.639656  28.062752
  33.35628   25.079926  31.143492  30.822412  33.43515   39.35588
  33.84181   27.238201  35.763508  29.047188  32.810497  30.805887
  28.601536  25.591658  29.421907  23.79657   27.195536  29.54469
  29.698126  23.64023   25.93812   26.547253  29.88503   33.632534
  33.012535  25.470915  30.845726  25.793417  26.039251  27.692837
  31.98338   27.93521   29.32906   39.983276  22.982706  26.999577
  23.423489  33.581493  31.298807  24.103256  29.025713  32.34366
  25.768887  22.6141    33.669918  23.485834  25.129004  25.586649
  33.58586   39.192966  21.806955  36.70286   23.318926  28.970865
  28.836443  22.668453  29.29655   29.551315  37.488663  35.144936
  25.41776   27.610764  44.458134  25.840864  25.97996   26.57884
  23.772593  28.241362  32.222782  31.907494  29.147423  25.96085
  27.282412  32.087326  30.974178  25.021862  22.591757  26.076786
  24.521904  26.925314  30.139389  24.348986  23.834452  34.900154
  26.652714  25.55146   26.795052  25.960835  34.643475  26.139433
  32.625748  28.692244  41.212254  26.769062  27.728277  32.195232
  32.226517  27.619724  25.96163   34.38015   25.944588  27.766459
  24.970303  23.633734  29.95559   32.32965   30.024288  34.938656
  37.664684  29.5604    27.499973  37.62363   31.440964  32.511143
  58.914967  23.33195   29.617105  26.03258   26.516754  35.528248
  24.794504  27.320137  44.786922  29.159101  27.656948  31.272696
  26.264074  27.600014  30.423012  26.916527  23.920284  25.345486
  35.733376  32.623386  29.398735  24.112278  33.86082   31.507364
  25.550293  48.98685   27.26502   23.297565  31.21492   25.040625
  22.49536   41.709846  26.451555  23.421667  34.765797  27.798267
  33.09876   29.254808  21.49468   28.029636  24.641043  27.40559
  34.613476  35.769787  24.63383   20.460836  28.216896  23.4259
  27.105572  27.918146  39.04583   31.743828  29.991991  32.982548
  35.636395  26.071697  29.261345  32.720936  27.75221   26.257435
  24.383888  38.998413  21.545895  23.345509  28.656656  29.29035
  33.314156  30.218029  23.035948  39.63206   27.764606  32.826847
  29.770473  22.302582  33.23611   28.838308  26.412075  29.60716
  39.580986  29.451803  35.995037  31.986315  19.963663  28.918795
  21.51904   28.864298  28.353207  34.837334  32.076298  26.916103
  23.961628  28.213068  24.559084  34.524254  29.14648   32.302505
  28.620808  19.21504   23.148851  27.796005  22.980326  31.229465
  35.420128  26.998556  28.19932   31.198692  33.45246   30.839666
  23.247177  23.243025  34.43446   32.587074  28.765125  33.19352
  22.806486  20.76159   36.796577  28.880415  33.52142   35.665405
  31.937475  38.34991   28.153635  25.78562   32.249065  26.014887
  29.973314  30.559061  20.911108  26.411137  37.851322  24.095245
  22.994505  30.79225   32.192     19.400438  20.503319  24.778524
  31.621208  26.394941  28.319067  25.80749   26.988739  33.84954
  39.18933   23.880201  23.526314  27.443958  23.675024  25.704172
  20.917667  23.28506   20.065746  31.417665  34.522133  38.65561
  33.844337  24.374949  27.57983   25.747423  28.36095   33.39855
  24.86074   27.035166  34.07719   39.555054  28.554096  36.867622
  27.232918  17.579445  42.992764  35.949387  24.895134  24.045202
  24.588858  36.414326  28.785229  29.6308    32.460487  31.865788
  26.12346   21.238005  27.373306  30.620985  27.972376  29.43557
  26.703259  28.618015  29.56459   29.570978  29.27993   34.963383
  32.720543  28.509811  31.822758  32.47439   33.498238  31.840092
  28.529823  26.038305  25.34101   35.40352   30.513134  25.990759
  31.989561  23.304562  22.10071   32.589344  30.231325  22.914387
  29.899683  31.164358  37.38618   27.647966  23.491137  31.328125
  27.50755   34.80047   22.623537  27.974401  35.558426  31.053038
  24.905947  25.872993  38.000122  27.678648  30.500597  27.277561
  29.823626  26.61476   25.939772  29.350002  25.859612  27.400736
  26.652166  24.577002  23.572088  25.889376  34.407497  26.191875
  31.681105  37.988686  26.656677  24.827583  29.910694  23.33728
  27.45746   34.04689   27.243057  26.069593  35.13009   29.559011
  30.959679  24.490808  26.306707  35.817562  32.530304  32.767265
  35.057613  31.212     29.766994  44.731956  35.50428   28.540653
  30.953573  38.443466  27.362015  24.745386 238.81245   35.468296
  29.534883  39.076958  30.25998   25.70855   22.79046   20.400345
  23.326878  35.538338  25.605858  34.218746  44.910812  31.733074
  27.340895  34.948586  27.813217  33.67212   24.060423  27.578783
  46.941105  31.46031   26.376236  36.710342  28.900396  33.265102
  28.965628  25.46429   19.639389  31.525568  24.93598   31.178093
  28.408358  20.112274  26.669743  21.127975  30.482126  29.88732
  22.513273  29.794344  36.80164   29.844364  29.589281  26.278025
  27.015692  32.228447  26.699549  21.065325  30.630318  31.938072
  28.568827  26.703632  47.577015  34.68122   25.533382  33.563972
  38.512165  20.704876  27.072714  39.491444  32.750626  33.536724
  26.46513   33.150368  33.878666  23.633427  35.046627  31.568989
  33.005802  31.949375  24.37593   28.89089   31.63688   22.559048
  35.507603  25.46326   24.335806  27.783625  29.07479   24.75092
  30.49293   24.818588  30.602575  24.27133   33.48335   30.308298
  27.11839   19.593758  33.612644  27.163435  27.671265  20.599934
  34.499466  25.39452   23.172625  31.782183  26.329155  24.131054
  27.283577  24.671623  29.514376  27.461174  34.36123   32.589954
  26.23465   32.788883  27.760216  23.44546   33.855255  33.33678
  28.8177    26.17627   45.912884  25.48868   30.630476  36.251236
  30.003487  34.95152   32.84266   28.994781  38.183468  26.065268
  26.49224   33.12144   22.83312   40.671146  27.707298  27.485794
  37.85429   26.763472  24.127384  26.161383  29.15806   31.185993
  20.82824   26.824406  24.238022  29.880156  24.867401  29.567137
  26.215008  25.872667  21.525791  23.57207   34.212135  27.357698
  26.845259  34.87565   27.242533  24.336517  30.062328  28.798391
  24.242008  31.110115  28.706133  25.3401    22.238594  30.043356
  23.606306  31.03357   23.05782   39.153698  31.403488  25.3358  ]",0.34574468085106386,0.3697933663924535
4,32,1504,"[[-1.2956507  -0.43335232 -2.907108   ... -3.0040493   0.4308296
  -0.70425427]
 [ 2.650216   -0.74626935 -0.5050973  ... -0.4267931  -2.094455
  -0.24654293]
 [ 1.5917689  -1.0659586  -0.7047627  ... -0.9348839  -0.77180415
   0.0406733 ]
 ...
 [-1.8296974   1.7490145   1.2434362  ...  0.75753814  2.584639
   2.0466363 ]
 [ 1.9120929   0.33695686 -2.376564   ... -2.7061276   0.91126597
  -0.28830418]
 [ 1.2082641  -1.7866328   1.7388897  ... -3.24636     1.2667089
   1.0286487 ]]","[ 29.129402  30.886118  25.564278  24.98114   22.877872  25.531366
  27.739225  36.631035  29.210646  28.660894  22.133776  26.364784
  24.031845  26.236595  25.206442  28.286304  25.538677  24.588837
  23.179127  19.344625  19.209177  23.846125  29.605812  22.791422
  23.394512  27.97583   28.831814  27.760801  22.886168  28.648796
  25.355492  26.85528   30.408161  21.580465  27.096352  20.681215
  23.540375  23.55393   27.910988  26.663881  26.954716  30.538645
  22.16076   22.86775   27.43346   27.867994  34.30892   22.212893
  31.825098  28.278803  24.941618  27.270712  28.133919  30.695852
  25.747211  26.964813  22.684347  33.50338   20.901543  27.22276
  33.266277  18.970047  30.360062  29.265041  22.170359  22.63962
  28.940315  23.44355   24.42546   31.800291  23.902271  26.23339
  19.753738  22.750383  26.579466  24.205372  23.081804  23.023281
  28.992392  29.010801  22.170948  24.94377   23.90241   27.119743
  30.15902   20.770252  26.740515  21.076864  26.486828  22.17625
  20.147219  27.52753   22.936787  30.854141  26.158388  32.817486
  25.36984   22.981787  27.025688  25.838116  26.813251  24.822744
  32.547676  25.549767  25.517632  28.690687  32.185913  29.320276
  22.137503  20.586597  21.789076  24.804052  29.87789   26.582237
  26.943497  22.612955  31.761566  21.019361  21.397938  38.33675
  20.739973  33.29196   19.29736   24.359814  29.538656  23.011091
  17.749208  31.857164  22.498373  21.352995  30.100916  26.800192
  25.577377  26.523127  28.171972  23.861248  24.084406  24.920841
  34.756413  24.210636  24.56957   23.611635  21.580452  31.881977
  22.706793  28.066845  19.980633  23.884539  28.710073  23.52223
  26.337923  18.802935  28.68544   25.399935  19.544844  22.069603
  24.339584  26.29855   26.957325  37.580967  28.04512   27.890179
  34.057228  29.320818  23.820269  28.91361   23.300125  29.272383
  27.497822  19.940506  25.703083  20.523663  25.115442  30.775026
  29.670462  27.88656   26.317537  21.828197  31.137718  29.96269
  23.56553   24.530418  21.24218   25.974512  23.470919  21.08307
  25.612501  36.933224  28.231312  20.217121  26.555054  27.600973
  23.680395  29.584488  20.212233  20.71331   34.084404  25.754612
  21.56385   36.64096   25.263554  28.497295  29.63492   27.149427
  20.716879  26.883036  22.341919  23.811636  24.502184  24.764324
  18.718077  28.692352  27.704622  19.260628  25.120893  23.810091
  20.782124  23.824827  24.433277  26.917154  25.474749  23.845337
  29.904741  24.480675  26.000269  27.487478  29.776001  36.171055
  30.800549  25.27922   34.632946  26.185957  27.342737  30.186996
  24.7178    21.640987  26.906086  22.393566  24.746462  26.22139
  24.629421  24.056204  24.37514   24.161188  27.27485   28.163631
  28.319847  22.25099   26.990389  26.584726  23.998419  25.125109
  27.033108  25.186857  25.30797   34.264576  21.090822  23.888079
  21.079243  30.842205  28.75409   22.00404   25.906055  30.792826
  25.608442  21.189463  29.120304  18.622446  24.242044  23.675976
  29.059557  31.667986  21.666834  29.864067  21.163206  27.682232
  24.869343  22.0222    26.356285  26.684517  28.7627    32.242565
  20.640469  25.075113  40.614006  24.406948  24.872316  23.331589
  21.380037  23.01591   28.545599  28.640324  27.912712  23.517698
  25.212067  28.163897  27.420586  23.102234  23.025377  22.472517
  20.594769  25.176916  27.522379  23.115198  19.813984  32.249878
  23.283937  23.236113  24.793306  23.174978  32.589817  22.15861
  32.026585  27.914835  32.26749   26.085316  25.455536  32.05598
  27.796532  24.992397  23.659008  29.626677  24.410088  24.778593
  22.479628  19.749992  26.38455   26.947369  28.204357  30.159971
  29.764631  27.927662  24.279633  33.2812    27.353876  26.443563
  47.092236  22.883818  26.981268  24.068794  22.336393  30.155313
  22.651325  25.488655  33.147884  27.10227   25.389128  26.960127
  25.08889   25.037464  25.022131  26.680674  22.441692  22.34164
  31.124346  28.852785  26.783041  21.531391  29.213518  28.615372
  23.96284   41.851406  25.23788   20.568205  29.529713  23.25769
  22.588907  35.632435  22.933977  22.6098    33.741966  24.958647
  29.32448   23.444584  19.330744  23.773098  22.48676   27.476408
  32.564034  30.000101  22.815664  19.93211   24.137667  23.247303
  24.476727  26.387953  31.64307   29.25952   27.897259  31.114222
  30.376837  23.0474    24.784702  28.814419  23.676203  23.501976
  20.182503  30.88528   19.573048  21.488262  24.081476  27.234346
  29.240833  25.356148  21.983545  34.96793   25.427755  29.484743
  25.811718  21.613169  26.983103  25.695953  23.239054  29.434706
  34.105385  25.942125  30.947754  26.19187   17.836422  24.578453
  19.839724  24.104765  24.81743   30.47024   28.102617  26.503065
  20.117552  26.447172  22.79366   30.267406  26.110407  25.92066
  25.338678  18.484966  21.17071   26.802027  21.242626  25.450775
  32.925896  23.563444  25.84999   27.314234  28.977882  28.927467
  21.69591   23.052599  28.204178  28.18195   23.09961   25.744589
  22.889727  19.217276  32.375263  24.5437    28.741331  31.0663
  26.21478   38.21914   24.981785  24.685606  31.379293  26.755924
  26.900133  26.179607  19.841743  24.23001   33.14771   22.645845
  21.035234  27.470364  29.687832  16.994297  19.781567  22.938028
  28.50287   24.876396  26.601553  20.997612  23.049713  28.636236
  34.008884  21.50742   22.596735  24.682468  20.936653  24.211012
  20.0034    20.690163  17.747152  26.02243   31.206356  34.124676
  29.779823  22.249886  24.079258  23.41599   25.601128  29.58144
  21.999073  24.916965  30.035448  35.462772  25.742664  31.08568
  23.844894  16.789375  36.070614  26.572815  25.260489  22.70346
  21.82129   34.20765   26.031355  28.15833   28.73695   27.641386
  23.68594   19.580702  25.293283  27.397093  24.968018  26.572422
  24.968445  24.44515   28.091124  26.491512  26.794474  33.425934
  30.139309  26.507078  27.672482  26.750206  29.407217  26.921473
  26.29368   24.762833  22.555445  31.170183  26.65145   22.074917
  28.051916  21.0123    19.002483  28.676119  27.591343  22.632847
  27.473997  25.519985  31.365477  24.430912  22.555853  27.516912
  24.247269  29.227882  20.15048   25.957308  31.069742  26.018978
  24.020601  22.317772  31.868484  26.349045  27.201736  24.333597
  24.371239  24.09725   22.376371  26.89828   23.204626  26.046835
  25.206993  24.037989  20.940418  23.03705   30.558657  23.744661
  28.772987  31.10505   21.482494  24.112602  26.616796  20.445545
  25.171259  29.0268    22.500238  23.463917  33.184532  27.509575
  26.604244  22.629633  27.225163  28.965122  27.483377  28.24363
  27.484632  27.547066  26.490362  36.873936  33.271534  25.718441
  27.126709  34.49688   24.689861  24.194662 223.88396   31.698048
  26.872017  33.416122  27.786457  23.266787  20.341038  20.443169
  22.716978  30.282274  22.733782  31.53107   37.927082  26.821478
  23.987087  29.218014  25.507303  32.288372  21.53245   23.900755
  35.298737  28.425613  22.561943  33.88738   23.944122  29.432135
  26.962427  23.050608  18.311878  28.596651  22.24441   27.57428
  25.67913   19.594767  22.753908  19.73413   28.125463  25.387241
  19.098728  25.379698  33.301083  23.71994   30.922153  22.855772
  25.469261  26.560253  22.74695   17.509987  25.78676   28.80465
  27.098177  24.1826    40.902348  32.32489   22.163292  28.733183
  31.642925  19.689657  23.974024  33.32292   28.526112  27.644573
  25.594881  29.020332  29.790956  23.46463   30.620394  29.616535
  28.50511   29.023487  20.88092   23.941092  27.846485  20.589882
  31.436338  22.121246  22.483955  24.896978  25.536758  20.623722
  26.31464   23.602846  27.754793  21.709812  28.416792  29.068691
  25.258745  19.46169   29.979     28.066698  23.998857  19.540888
  32.335926  27.011696  21.212181  28.534883  22.896938  22.224398
  24.106405  24.73822   25.326359  24.267933  30.725475  29.115686
  25.520521  28.727911  24.003056  19.18893   30.36691   25.528433
  26.350164  24.972858  39.7174    24.12002   26.995234  32.84566
  23.836435  29.381334  29.368216  28.323908  34.82374   24.408464
  23.997835  29.243376  20.653831  33.94545   23.194923  23.76211
  30.935925  22.570599  21.850908  23.083591  26.752258  25.39347
  19.045488  22.039307  23.417696  25.563211  24.864983  28.110462
  23.996798  24.89317   18.487278  21.415865  31.831188  24.506699
  24.819452  30.189432  26.084173  22.547657  26.185091  25.059696
  21.394873  27.112803  25.33711   22.730167  21.209978  27.471874
  20.185226  26.83936   22.027643  36.996597  27.056786  22.2247  ]",0.451063829787234,0.431476221481959
5,32,1504,"[[-1.2940704  -0.6901349  -1.5277032  ... -0.69549906 -0.06590332
   0.20828831]
 [-1.3290238  -0.95416266 -0.36002547 ... -0.9677989   0.18497707
  -0.34370327]
 [-0.23308659  0.7095307   1.5252087  ... -1.796462    1.337126
  -0.9961144 ]
 ...
 [ 0.53148496 -0.19400185  1.9212438  ... -1.0950094   0.43760782
   0.5348187 ]
 [ 0.74150056  0.07529979  1.4565395  ... -0.87287104 -0.23990741
   1.8019378 ]
 [ 1.681808    1.2474946   0.6494073  ...  0.48386097 -0.06930182
   0.05991401]]","[ 26.825356  28.117735  23.207155  24.523373  21.20769   21.867662
  26.84042   32.7086    24.469872  26.233898  20.580544  23.606146
  23.233168  21.893425  23.950296  27.104195  22.378841  24.45504
  20.791271  19.249907  18.49993   20.847065  27.828352  20.213865
  23.048927  24.818754  26.160376  23.95695   19.543629  26.787714
  22.015142  24.747057  27.124632  19.685911  25.564089  19.42333
  21.49582   23.732605  27.00929   23.727177  28.507101  27.00719
  21.006987  21.32004   26.171652  24.753775  30.468489  20.888428
  31.779373  25.705643  21.407227  24.179918  25.251225  27.250381
  23.451271  24.906677  21.563507  31.12345   19.974947  24.194818
  27.27921   18.204466  28.944118  26.987581  20.009829  22.297022
  26.147367  24.9747    21.674637  28.202877  21.051056  25.427568
  19.052774  19.572807  24.670341  21.990232  21.37752   21.797237
  25.869343  27.277056  20.663494  23.463251  21.499958  24.587282
  28.391394  18.035782  26.204393  18.490948  23.649788  18.9309
  19.746723  24.042236  20.849916  30.008656  22.369757  30.484455
  24.227915  22.68854   24.4396    23.753143  23.686619  25.548075
  29.29475   20.649315  23.301176  28.437366  29.967087  27.141644
  20.68992   19.49229   21.090263  25.148754  26.638517  22.537584
  25.069712  20.07419   30.361233  17.837534  19.852478  32.707428
  19.59789   30.223282  19.64027   24.356405  28.130411  21.624208
  16.046059  28.775175  21.555407  22.204433  26.376951  26.10646
  23.14391   22.168367  26.139107  20.86184   21.171316  23.966225
  30.187551  23.324543  20.056667  20.484432  19.408688  30.129946
  21.283451  24.21618   18.223686  23.039644  27.335072  23.397654
  24.930994  19.375597  26.763948  24.502272  16.344065  19.32435
  21.983393  22.816805  24.426851  34.60014   25.470224  24.397814
  31.53922   26.288445  20.588032  26.606483  23.02585   26.487549
  24.031044  17.36481   22.862204  18.802618  23.204424  27.923893
  25.593506  26.292011  21.456959  21.157438  26.482903  27.480284
  20.750738  21.120407  20.945902  24.482403  21.981592  19.51709
  23.303923  31.646252  29.480927  19.594555  25.212782  24.925724
  21.451817  27.784763  18.92621   18.190983  30.570787  23.093157
  20.52773   29.844477  24.259953  26.417425  26.025402  24.916557
  18.600883  26.582731  21.38722   22.337423  24.35491   24.006577
  19.604198  27.856562  24.861786  18.410965  24.521273  21.139029
  19.457617  21.758017  21.43737   22.144728  22.450886  20.697971
  27.285763  21.96958   26.772158  26.536268  28.50479   29.986698
  28.047474  23.575054  27.43865   22.58321   24.563826  26.636366
  21.917116  21.130814  21.836803  21.08403   24.864767  24.343882
  22.709589  22.31035   23.565264  23.035278  26.614285  24.01611
  25.5847    19.905981  24.691244  24.270838  21.552956  23.860384
  25.205551  23.204586  23.263277  28.709145  19.955881  22.958302
  20.081343  26.418835  25.177624  18.31232   23.226871  26.332418
  23.404291  19.373913  27.021666  17.373095  22.93524   22.26423
  27.300756  28.735533  20.871256  29.406063  20.032549  24.524466
  22.411585  19.624578  24.979427  24.590065  29.589045  27.34526
  20.33493   22.792965  36.063377  22.41551   23.933104  20.444824
  19.25175   22.497782  26.69969   24.65867   26.371542  20.647966
  23.21777   26.775972  24.0051    22.70968   20.155535  23.688562
  20.165592  24.017859  24.335947  20.273441  20.387548  27.353945
  21.055754  20.391018  26.433134  23.255993  29.936712  21.946394
  28.619083  24.745483  30.797249  23.413269  23.614347  27.96322
  27.01702   24.047268  23.95668   30.414795  21.708504  21.455847
  23.051975  19.399837  24.334888  24.288618  23.535254  27.868021
  29.262056  25.43344   23.491932  31.84396   23.43375   24.297613
  38.728756  20.478859  24.878521  21.433779  20.89464   29.737686
  21.940397  23.82215   31.274347  23.13184   22.47273   26.116436
  24.324492  23.550066  24.83827   26.734865  20.327648  20.6136
  28.344137  26.461926  23.66082   19.935625  27.199802  26.933779
  22.039509  41.08356   24.92168   20.625404  26.284266  21.315586
  18.498451  30.001993  21.622255  19.640713  31.074116  23.34273
  28.581848  21.946356  19.928555  22.74564   22.547392  23.660023
  27.330532  29.330402  22.037176  19.071499  22.741241  21.174276
  25.68538   23.191086  28.864523  26.251368  26.012676  28.591312
  29.20547   20.882265  23.885601  26.84737   22.714552  20.918594
  19.960066  29.181532  18.568964  18.170555  24.81383   23.847166
  26.741184  24.321508  19.882969  29.258171  23.140377  28.507607
  22.778772  19.892506  24.960571  23.145796  21.75862   27.16306
  31.540304  24.203085  29.294449  24.993309  16.75542   23.235395
  18.153248  23.529219  23.515297  27.555004  25.490398  25.060059
  18.585476  25.43582   23.444693  28.212585  23.248503  24.574257
  23.510204  16.787502  18.526089  24.007193  19.253944  23.567
  28.848925  21.045237  24.614775  25.968678  26.622484  25.361929
  18.520145  20.916998  26.662868  26.0123    22.052603  26.634518
  20.867666  19.533716  30.79434   23.349735  26.98372   28.532843
  25.024536  32.809235  23.81182   22.808546  28.62643   25.18774
  25.46459   25.456173  17.86819   22.340626  32.11879   20.41905
  18.612827  24.83341   27.896584  15.6416    19.558823  20.981127
  27.826328  21.13707   23.96893   20.379766  21.608435  27.372988
  28.972965  19.980268  19.925362  24.134739  17.787584  23.01963
  20.017809  20.841562  16.013693  24.864416  30.27598   32.279613
  26.664656  21.751791  21.475632  22.02781   21.670063  27.551218
  22.551891  23.368168  25.738728  31.923862  27.357021  30.814423
  21.311152  16.094568  32.088825  22.813385  22.395805  20.37463
  20.803308  32.799465  24.271732  25.523617  25.662563  25.495365
  22.475174  18.292902  22.202127  23.940723  25.397596  26.845308
  22.56502   23.961697  25.185606  23.217918  23.110985  28.703615
  28.430735  24.332632  27.425217  23.286543  23.782396  27.325132
  23.019287  22.446232  20.971796  29.232925  22.39987   20.587107
  23.640253  21.174686  19.35047   27.57845   27.797634  22.566916
  25.065424  23.99389   29.51001   21.390823  20.737083  25.551823
  22.375975  27.527864  18.791195  24.036116  27.16082   24.152504
  21.5946    22.00498   29.412872  23.420177  25.363546  22.384525
  22.761469  23.476572  23.357786  23.027258  21.517717  26.390287
  23.549335  22.632496  21.127588  22.11002   29.137705  21.605091
  26.204638  27.972563  20.813948  22.549728  24.442732  19.853949
  22.74052   25.325312  21.558239  21.548716  30.923277  22.548637
  24.672577  21.140532  22.815151  25.560177  24.431273  24.028784
  26.472292  25.867863  23.590794  31.865294  31.00039   24.828949
  25.493647  27.494278  21.239002  21.947071 193.1236    30.190609
  22.539843  28.066349  23.96229   20.057985  20.41504   18.944181
  19.985601  27.188374  20.998135  27.917242  32.309326  25.020983
  22.380358  27.03258   23.380087  27.323309  20.856863  23.445337
  30.27526   25.645098  20.728662  28.529593  21.043959  25.843622
  28.125532  21.9242    17.088648  24.873625  20.65352   26.639921
  23.65555   18.439768  20.733892  19.772367  25.191708  24.663364
  17.343256  24.227058  29.084743  22.278637  26.90239   21.507566
  23.078386  25.427359  22.24827   17.326517  25.898752  25.856955
  24.215319  22.05033   36.33259   31.533854  21.33282   25.87238
  29.366867  18.254923  24.51019   29.803167  25.408752  25.069782
  23.06543   26.841505  28.610603  21.180115  26.697538  26.79251
  26.163813  25.613932  20.1284    23.359741  24.817223  19.303358
  27.572157  21.696838  20.687284  23.334158  24.289696  19.779772
  25.485588  21.123611  25.997362  20.855227  26.70386   25.953796
  20.534546  16.243063  26.43573   25.650827  20.229485  16.58979
  29.657654  23.200169  19.55598   23.287058  22.981207  20.544735
  23.118254  21.00522   26.504787  21.388256  27.357746  25.69023
  26.1943    26.158882  23.412415  18.285278  27.169273  22.363508
  23.324896  22.50064   36.407288  21.69731   26.118832  30.002657
  22.618677  25.474836  28.21093   24.45554   29.752789  20.470615
  22.880205  25.884897  19.52035   29.195932  22.500763  23.155481
  27.8962    21.81817   20.302713  21.56475   27.248528  24.088167
  18.114302  21.502598  23.110771  24.292545  21.589058  24.154373
  21.526201  20.972769  17.961802  21.15084   29.745258  22.881075
  21.995296  29.582088  25.07466   18.307888  24.69962   22.64702
  19.742847  26.015959  23.169975  22.15509   18.724676  24.066395
  19.022654  25.221077  19.983765  33.374256  25.560616  20.108438]",0.5340425531914894,0.47752432227134706
6,32,1504,"[[ 0.00401692  0.44362164 -0.06870303 ... -0.7298119  -0.10487862
  -0.14352661]
 [-0.24846478  0.3444705   0.03517711 ... -0.14007762 -0.25686014
   0.25538483]
 [ 0.04077523 -0.7137623   0.18269843 ...  0.22691464  0.13935584
   0.50453734]
 ...
 [-0.04996523 -0.19737086  0.437153   ...  0.90712273 -0.17505527
   0.2740852 ]
 [ 0.10600542 -1.0466093   0.32874426 ...  0.58158404  0.01843519
   0.21318367]
 [-0.6100683   0.45030835  0.80324584 ... -0.47099727 -0.3085378
   0.5516386 ]]","[ 26.500898  25.818207  22.681534  21.830725  19.593948  22.064
  25.42663   31.303225  25.148876  24.039341  19.962282  23.039822
  23.357492  21.638725  24.510363  23.93531   21.12244   23.559452
  22.288355  19.637281  16.770458  20.358105  26.219528  21.635735
  21.940025  23.014843  23.854105  23.810425  20.475166  26.338398
  21.453354  25.19217   25.419012  19.025621  24.443048  18.995333
  21.458254  22.399883  26.374456  23.574554  27.50008   25.39758
  19.08462   20.559038  22.700968  23.446878  31.6717    20.18935
  32.13483   23.670088  20.387901  24.739471  21.86634   26.559223
  21.364124  23.724752  20.892994  28.45178   20.118462  22.094545
  26.641945  18.82705   26.58258   24.328297  21.478958  20.701368
  25.732094  22.37594   21.223764  27.373156  21.142403  24.810596
  19.367634  20.166296  22.909214  20.569002  20.13094   20.89958
  27.15436   26.401033  19.062962  22.251694  21.831608  22.97166
  24.17062   17.15247   25.16165   20.310131  21.191292  19.364004
  19.94348   25.85378   19.905901  28.75314   24.508892  27.953999
  23.453922  22.805395  22.190825  21.7102    23.93778   25.117826
  27.866331  21.530642  21.911772  27.495886  31.21688   26.746845
  20.418968  19.533558  22.786276  23.171263  28.11988   21.44068
  23.256184  21.406597  31.49345   18.044472  20.265148  31.927279
  19.203865  28.505667  18.479498  22.664728  27.267925  20.050808
  15.693286  29.600773  20.845646  19.957264  28.033636  25.774218
  21.4476    22.170605  24.733597  20.55634   22.396988  27.32432
  28.626198  20.545744  19.461493  20.580353  18.996454  28.49722
  20.94456   23.484741  18.066319  21.948267  25.887163  24.2282
  23.162733  19.835878  26.833937  23.585182  17.279411  20.115843
  21.25083   21.164246  24.092253  31.818233  23.881401  24.748951
  30.86585   25.827621  19.518867  25.335705  21.616344  24.738874
  24.347727  17.206837  23.409575  18.475477  21.444166  28.970655
  26.113388  23.101053  19.96266   19.327961  25.678322  26.925032
  18.706951  22.037619  20.88811   23.611563  20.386593  19.758883
  22.71803   31.048029  26.65894   19.59175   23.023476  21.913069
  20.761879  27.95265   18.032064  18.421892  27.62756   21.668304
  20.15097   27.709534  22.01525   26.251165  28.012436  26.149141
  17.780167  23.874092  21.232903  20.529722  23.278486  22.400284
  18.558767  24.937735  23.546389  18.788366  23.255682  21.699257
  19.747303  20.692482  21.577782  22.598116  23.540693  19.96676
  26.730728  21.359253  26.36605   25.830856  27.869934  30.923185
  24.798851  22.79695   27.156199  23.158312  23.045387  24.370005
  23.054537  20.660845  22.626152  19.41632   22.780256  24.46392
  21.561207  23.142817  21.877142  22.193094  26.38445   24.587337
  25.225386  21.112604  23.021612  21.811432  21.898594  23.250414
  24.453007  22.194504  21.063879  27.326504  19.730705  21.809212
  19.02495   25.636545  23.376364  19.057455  21.007385  28.058315
  23.795528  20.54738   24.904583  17.416702  19.139925  23.00884
  27.213049  27.989906  20.90965   26.009468  19.898178  25.472414
  20.470774  19.003712  23.210014  23.89971   26.767563  28.976992
  19.5501    22.491209  34.681213  21.867933  22.845495  20.433266
  17.43044   22.531033  26.503197  23.480013  26.758934  20.52095
  22.75229   26.504635  23.628021  21.404554  21.14404   21.801117
  18.699902  23.351194  22.967764  20.517101  18.894827  25.668966
  20.91126   20.469402  23.923271  21.57294   26.764387  21.739668
  26.589195  25.233019  32.21016   23.572508  23.454493  26.870241
  27.0096    24.91904   20.79477   27.336746  21.32879   21.061817
  20.480297  18.861076  22.307814  23.560959  23.128435  28.50067
  27.660894  25.934221  22.021585  28.146484  21.21633   23.671328
  35.11814   19.309729  23.504168  20.85416   21.938555  29.349987
  19.38828   21.353674  28.610184  22.295132  21.483162  24.830103
  22.150187  23.648506  23.462563  27.34283   19.412508  20.277548
  27.235811  26.25192   23.252613  20.734552  27.479784  26.681084
  20.42276   39.282784  24.680115  19.535118  27.156607  20.860477
  18.937662  30.796429  21.443346  20.171595  29.686539  20.922016
  27.930574  21.681282  18.733042  22.898111  20.22464   23.975662
  25.416622  30.462244  20.849632  18.048302  20.37728   20.910622
  24.31087   22.820404  30.850693  27.074163  27.46451   26.917507
  27.869442  21.643898  21.970621  26.140606  20.927708  21.523998
  18.73101   29.1606    17.549082  18.829912  22.011389  26.666615
  24.577938  23.550053  18.623999  28.657879  21.991045  25.978422
  21.992735  19.620855  22.974483  23.615355  22.99953   27.057755
  33.24611   24.361557  26.77498   21.448355  17.608994  20.916004
  18.127174  22.991253  24.347935  26.444984  25.508526  25.67207
  20.037142  24.579008  21.645613  26.988514  21.372845  24.011354
  21.471777  14.124916  18.89244   23.834633  18.15125   21.694801
  27.514116  21.913433  23.657127  25.761625  24.825506  24.32157
  20.907122  21.489012  26.132181  25.849518  22.026842  25.368927
  18.305758  19.176128  29.015726  23.123987  26.832962  27.10674
  25.09721   31.330315  23.443174  21.648508  28.138432  22.293442
  26.11185   22.960516  17.084377  22.52924   29.547943  18.198824
  19.401682  22.182625  27.838625  14.860292  18.97454   20.200712
  26.082863  21.44281   22.15725   18.120481  20.25641   24.68272
  29.284527  19.021318  20.337822  24.336723  15.937084  22.039808
  18.181364  21.237143  16.959663  23.939295  28.890085  26.4091
  27.19508   20.130219  23.815727  22.779665  20.496193  25.340929
  21.006645  24.39161   24.910244  29.887974  24.141445  30.73997
  21.485304  16.19349   31.58069   23.564999  22.067207  20.81187
  21.766958  33.881603  23.160551  24.421778  24.020971  25.130928
  21.707724  17.54501   21.063704  21.774815  24.400036  22.797228
  22.591242  23.44139   22.439856  22.510723  21.261211  27.006712
  28.675964  23.209436  26.426239  25.463215  23.764986  26.878725
  23.30708   23.493101  20.690527  27.008389  22.401575  18.972572
  21.88655   20.187977  20.01868   27.701307  25.428385  21.262754
  23.394232  23.775475  30.104385  21.601334  20.28565   26.817383
  23.21755   26.700865  18.755533  22.42124   26.065344  22.85265
  22.281786  22.41035   30.75457   23.266218  24.016527  20.935398
  22.843006  23.55493   22.317938  23.434353  19.600967  25.967346
  21.937166  19.871614  19.057753  19.82686   26.96413   22.532982
  22.466867  25.456635  19.286469  22.284964  22.380795  18.703672
  23.99975   26.966827  21.623508  21.894272  31.73577   22.314592
  24.169376  20.345074  22.559614  24.649992  23.850912  27.441217
  25.596018  22.436085  23.989317  32.104023  30.877941  23.229296
  24.0607    28.263641  18.894716  19.611603 196.23462   25.477255
  22.258015  29.210358  23.848206  20.030493  20.05281   17.310808
  20.163876  28.292484  22.03256   26.71318   31.683325  25.747995
  20.827198  28.483807  22.777355  26.054491  20.215195  23.136574
  26.419762  23.85216   20.930191  28.555664  21.292637  24.9464
  25.524033  21.104033  16.409664  24.685143  21.001953  26.444912
  23.464378  17.92197   20.098562  19.015053  23.903702  23.428976
  15.506275  21.5734    26.770216  19.544899  26.845154  19.971012
  23.045322  23.948725  19.16244   17.583363  23.234182  26.75818
  24.280077  23.345278  37.042133  32.01696   20.264715  27.792778
  27.883522  19.654345  21.184666  29.041761  26.607895  26.569254
  22.448942  23.60481   27.077291  21.146069  25.525028  24.34038
  23.538853  23.849596  18.110794  23.39541   24.396395  19.074854
  28.89929   21.029757  20.346064  21.912033  24.791924  20.911407
  23.814747  21.011051  26.123938  21.408012  26.308157  24.64035
  18.80552   16.63699   24.278822  22.450659  19.990553  16.733128
  29.838577  22.216938  19.24865   22.904348  21.13506   20.388676
  22.422453  20.32065   25.785295  21.860498  27.072462  26.807129
  25.388433  25.611578  22.193264  18.189274  27.030094  24.54737
  23.384445  21.7571    32.18921   21.65485   23.414452  29.487309
  23.58006   25.701813  26.367079  24.23011   27.599714  21.121769
  20.769718  26.707815  19.061468  29.469631  22.64911   22.703808
  29.245163  21.04848   20.91294   21.42595   24.354935  23.41567
  18.513327  20.495958  21.740417  22.962265  20.476475  22.380323
  19.048609  20.250458  17.674093  21.233875  25.89239   22.164396
  20.664572  29.534254  20.980005  18.320982  23.579605  21.802977
  21.10379   25.261776  22.830885  21.261732  17.913713  25.550327
  19.234873  25.17739   20.717937  32.05536   22.044718  21.95748 ]",0.5563829787234043,0.49588985443115235
7,32,1504,"[[ 0.29779845 -0.24070874 -0.06339213 ...  0.08460841  0.16198489
   0.43912324]
 [ 0.23569553 -0.14050761 -0.07567601 ... -0.53342056  0.06463803
  -0.12123107]
 [-0.32246757 -0.329269    0.11972917 ...  0.65723795  0.42230222
  -0.2399617 ]
 ...
 [ 0.38915876 -0.16673203 -0.32874578 ... -0.0770382  -0.01285078
  -0.01013387]
 [-0.18378651  0.5380449  -0.08120393 ... -0.4164826   0.4870831
  -0.0252101 ]
 [-0.09265748 -0.0015659   0.6055702  ...  0.7248626   0.34452552
   0.6662939 ]]","[ 26.706005  24.324108  21.3346    22.257423  19.616776  21.270073
  24.179049  29.7955    24.76138   21.707178  20.67876   19.44323
  22.974068  21.85139   22.826046  23.5428    19.698751  21.921036
  20.25886   18.463089  16.856915  20.77409   24.194632  20.10082
  20.11331   24.425322  24.97373   22.539919  20.769611  26.100185
  19.845428  23.625902  25.489332  18.500313  22.061516  19.853857
  22.042309  21.174597  23.607224  21.869127  27.389484  26.601648
  20.654121  19.288246  23.434658  23.77432   29.658968  20.804134
  31.157312  23.706463  20.46671   21.681688  21.718016  26.333855
  20.735     22.488337  21.035694  28.073385  18.765907  21.370249
  26.484083  18.933092  26.286243  22.66945   20.433542  23.101625
  24.44161   22.073124  20.594044  27.565508  19.645287  27.188765
  17.639378  18.73337   22.143095  18.552608  19.929688  20.405369
  27.330017  24.391256  19.39643   22.071943  21.567438  23.363903
  23.655289  17.840008  23.526136  18.291513  21.7349    18.637136
  18.33619   23.360098  20.029436  27.232676  23.366116  28.421837
  23.039967  23.545164  22.42744   21.191523  22.210741  23.618435
  25.384644  21.12202   23.495127  24.582346  30.103785  24.048618
  20.154133  19.78648   21.674765  22.111769  27.70061   21.712696
  23.598696  19.764456  31.282246  18.106184  19.163286  32.906265
  18.815638  26.885267  17.80534   22.48242   26.673103  20.296675
  17.870358  29.806255  20.456783  20.201122  25.632584  24.586445
  22.143343  20.2651    21.484667  21.639544  21.361668  23.350119
  28.398142  20.78738   20.474592  21.269743  18.966452  27.7697
  21.639559  22.360043  17.330692  22.43911   25.492153  23.60267
  24.648321  18.014805  26.272701  21.411224  17.106386  19.516539
  20.581402  22.098566  24.963898  29.871208  23.13738   25.849012
  28.92054   25.319946  18.968868  24.037428  20.237495  23.754496
  25.52973   16.345669  22.091246  17.97733   22.710028  28.21665
  25.080503  23.696806  20.90916   21.720285  25.548916  25.822018
  19.043793  21.515497  19.084858  22.102665  20.861998  17.590334
  23.217607  31.00105   26.198776  18.413883  22.930664  22.998293
  20.85462   26.849245  17.432785  17.814877  27.238104  20.869186
  19.684292  26.418541  22.392635  24.65163   28.323298  26.009468
  19.163055  24.091017  19.293129  20.1057    22.660013  24.937243
  18.856625  25.281065  21.717579  18.48628   22.122498  22.280197
  18.613062  19.375376  21.535326  21.964201  23.688795  20.135496
  25.58594   22.113697  27.075188  26.055683  25.822004  30.563898
  25.22668   23.418177  27.712072  23.986856  20.97176   26.049442
  23.99389   21.569624  21.468414  18.822914  20.978243  23.381609
  21.966074  20.554106  22.026218  21.306406  24.039753  24.770977
  24.533049  21.391308  23.266584  20.912474  21.608023  21.655432
  22.45451   22.210821  20.540527  28.25289   18.940916  19.598515
  19.014282  25.958582  22.234283  18.876478  20.390415  25.087027
  19.83413   19.611195  23.594654  17.07261   18.725443  22.845367
  26.67285   26.180685  19.987467  25.83528   18.879478  22.710562
  22.406239  18.15046   22.340307  23.102112  25.03348   28.244795
  19.041872  20.023481  33.348335  21.96092   21.365997  20.398153
  17.992966  20.975338  26.910967  24.696577  24.833643  19.496138
  21.451286  26.777246  21.542332  20.351746  20.328392  19.148285
  18.647005  21.808563  23.652655  21.130001  18.012497  24.059473
  20.604425  20.6359    24.128937  19.015284  28.135086  19.71075
  23.871006  24.317501  30.90976   22.87124   20.838482  25.604073
  22.866838  22.927961  19.389128  28.642193  22.306576  21.886278
  17.500677  18.410322  20.924486  24.141645  23.055105  28.851612
  26.93111   23.674725  22.204102  30.699812  20.864662  21.07493
  31.931389  17.95829   24.282108  19.397167  19.831856  29.044695
  18.964058  22.232042  25.017033  22.431654  21.423645  25.61979
  21.380825  23.365059  22.076826  23.568354  18.57051   18.189888
  29.389664  27.058973  24.364172  20.417204  26.770077  23.961878
  19.80958   38.151363  23.426056  19.79044   25.373533  19.339024
  17.420029  31.404037  21.700226  20.397562  26.815878  20.112066
  25.01204   22.331427  18.618042  19.998367  20.98336   25.818735
  25.840788  27.738272  19.55986   18.176321  19.735222  19.656652
  23.083687  21.791464  29.87761   27.362694  24.63761   25.850855
  25.572233  20.74856   21.636469  25.208832  21.415346  21.398592
  18.112457  28.916992  17.855116  19.856054  22.196493  22.726616
  27.195124  22.56574   16.65787   27.202818  22.80193   25.776987
  21.090431  18.839592  23.095778  20.93416   21.990496  26.623022
  30.15692   23.891407  26.293467  25.030245  16.40127   21.861832
  17.394249  20.62491   23.134527  26.570732  26.81293   22.229723
  18.642714  25.362865  21.898432  27.29397   21.442144  24.252167
  20.640747  15.367051  18.933168  21.996971  19.246662  20.643679
  28.78857   19.965569  24.142824  23.545956  25.449415  23.518353
  20.017511  20.92686   25.166365  24.525404  20.913822  24.900045
  17.804722  18.112062  28.039156  23.065256  26.573536  25.423721
  23.772343  30.344316  22.402077  24.271648  27.591131  21.817118
  24.472986  22.127464  17.189217  20.371233  27.592573  20.36202
  20.23201   21.116518  27.164968  14.399415  19.004223  21.079792
  24.317026  20.36277   22.91532   17.67129   20.135107  23.291689
  29.055561  20.092943  19.794445  24.408745  15.351296  22.682423
  17.522703  20.620329  15.273715  22.10049   28.319885  25.818909
  25.57853   18.794525  22.331066  21.290422  20.321644  24.181822
  20.13897   24.396791  22.689026  30.89471   22.7619    28.570265
  22.639572  15.872801  31.78793   22.993204  21.634958  19.99235
  21.662895  32.00836   22.354078  23.03495   24.170134  24.314371
  20.355425  17.027536  19.961529  22.987057  21.822212  21.171547
  23.075006  22.661495  22.790453  22.754639  22.167305  25.7122
  27.772497  22.870226  27.18234   24.377373  21.58765   25.221825
  22.943312  19.998648  21.18039   25.243137  24.873163  19.883545
  22.911161  20.181383  19.450455  26.520044  23.531172  21.829767
  21.588297  22.429125  28.952396  21.125433  18.627092  24.136106
  21.50308   25.433662  18.826813  22.737827  26.079445  22.882925
  19.563251  20.996077  29.494026  21.524448  24.527878  21.001534
  23.12022   22.392534  22.683872  22.95911   19.361935  24.791933
  19.952433  18.975082  20.194084  18.701231  26.000267  20.068195
  23.681433  25.275887  20.72488   21.500746  23.195734  20.012117
  22.305416  23.803074  20.537487  22.626932  30.78048   21.953058
  22.203657  20.196903  24.236155  23.094934  21.61378   24.916306
  26.569153  22.527761  20.01601   30.226364  30.096388  23.269213
  23.344727  27.512375  19.490728  18.779928 193.45387   26.000015
  22.150349  29.920078  24.0852    20.49246   17.5592    16.911552
  19.584097  28.488667  20.506762  25.819767  29.342714  24.9362
  21.649097  25.221256  22.369284  25.635452  21.510382  21.683805
  24.778347  23.365044  20.041344  29.343672  20.11676   23.596802
  25.755444  21.543446  17.21402   23.70472   18.878569  26.395008
  21.779087  17.947462  19.843641  16.955547  24.078028  23.89441
  15.379651  21.159807  26.746553  20.104877  26.043695  20.757807
  22.990349  23.809492  19.55308   17.702637  24.27887   27.897146
  23.428242  21.307623  35.426746  32.281364  18.759012  26.70286
  27.269243  17.390034  21.534248  31.802387  26.734491  26.69234
  20.10702   26.379778  26.734652  20.745472  24.23874   22.516113
  23.74905   22.834002  18.852524  21.218454  24.160172  18.502956
  27.079676  20.689312  19.037836  23.462214  24.914043  18.501562
  21.0178    21.328527  24.663967  19.060705  25.087471  23.680403
  18.49559   15.916157  23.556244  21.095327  19.782112  17.18999
  27.912634  21.287062  19.730423  22.729649  20.870592  19.849405
  22.200573  18.863247  23.23245   20.498995  26.424261  24.163857
  24.026178  25.323761  21.378683  17.559265  26.484196  23.304142
  23.796085  19.687313  31.038082  21.925615  23.545696  30.697147
  22.901907  23.744247  24.72637   22.634071  27.109766  21.97221
  19.406218  25.985289  18.38418   28.249119  20.888475  21.969366
  30.759632  19.511284  22.148167  21.208435  20.918308  25.279125
  18.318537  19.447649  19.74065   21.8853    20.818325  22.904371
  18.858423  19.914303  17.514385  20.696367  22.750162  22.140327
  20.882462  28.526268  21.612402  18.83883   24.735767  19.975267
  19.716377  23.766811  21.563974  20.51893   17.80809   25.867752
  19.378868  23.367891  19.441841  33.81386   22.34934   22.576954]",0.5622340425531915,0.5079139292240142
8,32,1504,"[[ 6.4107430e-01  8.0388542e-03  1.0279141e-01 ... -2.0213561e-01
   5.9126843e-02  2.1117608e-01]
 [ 5.0681941e-02  4.4504216e-01 -1.2885883e-01 ... -2.6788348e-01
   2.3233727e-01 -1.6329807e-01]
 [-7.1112983e-02 -1.5993373e-01  3.9641969e-02 ... -4.9994985e-04
  -1.5731454e-03  1.3924421e-01]
 ...
 [-7.1686223e-02  2.7869001e-01 -1.7380115e-01 ...  5.9226149e-01
   1.4124179e-01  5.9094471e-01]
 [-9.5642090e-02 -2.3242451e-02 -2.1190800e-01 ... -3.3195212e-01
   5.7821345e-01  3.0450052e-01]
 [ 3.4365448e-01 -3.2990316e-01  5.0629485e-01 ...  2.0580913e-01
   3.1359524e-01  5.6992024e-01]]","[ 24.301895  22.406311  20.564669  19.924099  18.48777   19.822916
  21.73572   29.363743  23.163195  21.474714  18.930368  20.800879
  21.804811  20.24996   23.56222   21.281864  18.70326   21.600311
  20.446201  17.382254  15.551343  18.743187  23.708363  19.813389
  20.040224  21.86993   23.27534   20.377861  19.233627  21.550966
  17.908436  20.703455  24.06355   20.483412  21.552101  17.865181
  19.28301   20.431936  22.50582   19.702732  25.015968  22.959246
  16.924864  18.935625  20.90002   21.340307  27.163048  19.420738
  27.822151  21.57033   19.80485   22.377165  21.96862   24.53925
  18.545542  21.46804   19.083656  24.346432  16.831186  20.669958
  23.484436  17.028872  24.10354   23.721474  18.827915  19.74424
  20.663725  19.459164  21.223698  23.853165  19.100512  23.70146
  16.909801  15.924431  18.541578  16.822472  18.171225  18.534195
  23.12948   23.507677  18.547623  20.51547   21.46548   21.077936
  21.843805  16.623497  22.004185  17.508362  20.419569  17.24681
  17.884258  23.060282  19.77039   28.529621  21.177578  25.931574
  20.981197  20.389608  20.554316  20.686317  20.32469   21.642769
  24.182726  19.810318  21.042866  24.075623  27.419724  23.869596
  18.020897  18.581821  18.896465  21.027521  25.93933   19.582788
  21.89734   17.988894  25.51391   17.849789  18.369463  27.574139
  16.638094  25.527506  15.917366  21.201141  23.2781    21.066391
  16.942287  26.374945  19.68295   19.859379  22.544737  22.869883
  19.24812   20.503704  22.753473  20.353825  19.201399  23.619919
  26.2414    20.307644  19.218548  19.496996  17.14709   27.18373
  20.062029  19.957394  17.706974  19.409185  24.693624  22.12779
  21.248598  16.922781  23.534246  20.640509  15.621763  17.146185
  19.00998   19.637983  23.957277  28.23495   21.268164  23.571798
  28.010805  23.769905  17.888971  20.948133  19.585703  22.962574
  21.753939  15.914223  20.542688  15.435941  19.471834  25.404438
  24.169083  20.818869  18.511887  21.404179  25.227581  25.712612
  17.11061   20.08771   16.4844    19.561872  20.138956  16.769417
  20.883612  28.38412   24.542406  18.592318  21.099407  20.507967
  18.734089  23.031239  16.643559  16.740501  22.958118  19.605381
  17.594883  27.000303  21.424503  22.722094  25.50716   24.627522
  17.973122  21.214943  19.513731  18.56154   21.599833  21.073233
  18.248947  21.481773  21.431858  18.880764  20.793802  19.846382
  16.165947  18.912157  20.18824   20.72053   22.98841   17.625843
  25.048317  20.381123  27.776852  25.79438   24.256716  26.342411
  23.951918  19.105057  27.258331  21.37389   20.8694    24.389643
  19.43399   20.430294  20.554934  17.011368  21.392702  22.037258
  20.302547  19.226883  21.814167  19.599985  21.303484  24.258423
  24.645346  18.947336  22.193338  20.010237  19.448008  17.895983
  20.919422  19.938042  17.774904  27.255625  16.869741  19.269033
  17.562681  22.970835  20.893024  18.097265  17.768187  24.431376
  20.250032  17.591837  22.506952  16.038465  18.101274  20.668777
  25.19709   25.661448  18.194986  23.561342  18.98467   19.678082
  19.587795  17.62245   21.21904   22.8551    23.52981   25.177452
  18.618721  19.244936  31.618364  20.393263  18.478905  17.873453
  17.324982  19.622276  23.575016  21.528473  24.398235  19.135242
  21.76534   22.843819  19.153921  18.684633  19.853537  19.002562
  17.798584  20.523516  21.438196  19.034548  17.32794   20.508205
  18.15877   20.604467  21.059399  17.615656  26.377317  18.620697
  22.050972  21.66959   28.695694  20.824347  19.448545  25.249365
  24.424444  19.702475  18.30463   23.654366  20.76105   19.87424
  19.801275  17.743896  18.746717  22.714903  20.738775  27.34817
  24.418346  23.154562  20.167515  25.348234  20.714941  20.172644
  27.769194  17.868185  22.084904  17.865814  20.119959  28.884037
  17.751232  21.40545   22.921019  20.348059  19.507452  22.659348
  19.00011   20.914425  18.68334   20.866344  18.249432  17.019411
  25.106926  24.582777  19.611767  18.800898  27.912737  22.916006
  18.145864  33.604767  22.8492    19.614332  24.564905  18.175285
  16.359682  30.180933  18.672283  18.528524  23.349905  20.664824
  22.766304  22.895044  16.53387   19.005512  18.396349  22.629549
  23.877506  26.68699   18.316471  17.879517  19.252167  18.57732
  22.88221   21.49835   27.328575  24.713612  23.941357  22.145187
  23.54162   20.197165  20.04293   23.46945   20.083815  20.684118
  15.185217  29.08543   17.035982  17.663307  21.988775  22.496119
  22.35721   22.053333  17.702896  25.063684  20.189054  25.309315
  19.153927  17.281012  20.121166  19.629793  18.876873  26.82889
  31.272585  22.301046  25.104927  22.23212   15.322955  20.45265
  16.696905  20.078037  21.748833  24.197418  23.780735  22.098547
  18.1789    22.370453  20.630627  25.604172  21.026463  21.606615
  20.094864  14.355991  17.614235  22.402344  18.168316  19.538357
  28.633753  19.38517   22.133282  23.975561  23.923723  22.650232
  19.921597  19.609089  24.080313  22.801027  20.53403   22.612272
  18.213678  16.747486  24.229258  22.688374  22.776365  23.662338
  22.967373  28.066994  21.026024  23.045061  23.092403  22.486698
  23.65996   20.600744  15.606641  18.39084   25.659801  19.833582
  19.049032  21.51157   25.299446  13.659665  19.052965  19.90968
  22.44961   18.957293  22.92969   18.196571  19.021673  22.011644
  28.23338   18.547905  19.06632   19.972998  14.586049  20.726032
  16.718235  18.708311  15.427403  20.937496  24.254318  23.432594
  24.337671  17.881464  17.69232   20.82365   19.296432  21.317083
  19.338636  22.12468   22.29537   25.967724  22.05052   26.602182
  19.725626  14.552727  29.831402  22.947897  18.481796  18.807686
  20.811403  30.126425  21.03728   20.97254   23.904808  23.657333
  19.256397  15.946276  19.630112  21.687515  20.114128  21.548574
  18.63597   19.234648  22.558317  22.594995  20.28381   23.55077
  26.774412  21.845999  23.835379  23.587576  19.74193   23.33692
  21.564926  19.86662   20.40995   25.94284   20.875917  17.661604
  22.600933  19.858377  18.929447  25.22016   22.796402  19.725983
  22.955095  20.64596   26.687927  18.087996  18.637508  21.314798
  22.007809  22.08494   15.857225  18.527662  25.796215  19.864002
  17.974585  20.070084  27.642782  22.412756  21.952377  18.106998
  20.171371  21.585293  20.970894  21.392815  18.199259  23.317492
  18.364641  17.895285  19.526054  18.14723   24.528517  20.92622
  19.718147  24.100098  18.182089  20.74222   21.988894  17.438427
  22.586025  22.412378  19.988052  21.506687  28.73868   20.410198
  20.934973  19.128738  22.029657  18.821339  21.185303  22.835062
  23.153992  19.126804  19.964901  28.259201  25.128656  22.208319
  23.46757   23.871563  19.746975  18.10482  168.1449    23.522943
  21.262955  24.770714  21.196234  18.412985  17.339891  15.794111
  18.574362  26.948544  19.208508  25.36099   26.513565  23.497784
  20.253878  24.771854  22.111145  22.218742  19.874678  20.67691
  22.98837   21.289812  18.10912   26.165491  18.062517  24.175346
  24.327879  21.97288   14.770539  21.617144  19.432245  25.54485
  20.487904  17.50869   19.041437  18.919811  19.877907  21.09933
  13.466511  18.63056   24.533138  18.810987  26.757025  19.319191
  21.389801  22.49644   19.280756  16.140781  22.97057   25.43824
  21.920816  21.54834   30.674726  27.287045  17.454824  23.458189
  25.84984   18.090536  19.847282  29.701982  22.19702   24.185398
  17.920776  23.115889  24.612175  20.202564  22.18187   22.302193
  21.74752   21.298271  18.01228   21.059036  21.816942  17.352245
  26.123404  20.332106  18.585001  22.776028  22.152897  17.643454
  20.851099  20.31269   21.828606  19.06021   23.110628  23.387432
  17.664701  14.747429  22.90361   19.196201  17.052929  16.297613
  23.171432  20.077967  17.863953  22.37462   21.214016  18.532415
  22.145561  17.788013  22.721224  19.364153  25.8886    24.48921
  22.271973  21.979078  20.726637  18.062569  22.856527  22.694921
  21.603884  18.101755  28.096977  19.299034  22.915197  27.99825
  20.695238  21.626038  21.88801   21.357023  24.691072  21.141342
  19.901524  23.495447  15.776143  27.06829   19.235928  19.77782
  27.795408  18.57936   20.634975  20.67023   20.350933  23.062803
  17.943996  17.825703  20.180264  20.365374  19.539202  21.54734
  17.352932  19.106415  15.585221  19.465572  24.115305  19.02253
  18.87872   25.980865  20.397099  17.100973  22.819632  18.789938
  19.570343  23.76865   20.613384  19.368624  16.949732  21.987656
  19.075073  22.734144  19.421814  29.374603  21.615217  20.330906]",0.6260638297872341,0.5447282701730728
9,32,1504,"[[ 0.4527434  -0.01537897  0.29706246 ... -0.09350792 -0.2535683
   0.2066689 ]
 [ 0.1328392   0.5950234   0.17573428 ...  0.18906175  0.14535654
  -0.03413673]
 [-0.11203738 -0.18562694  0.57808423 ...  0.2967974  -0.01370393
   0.05588669]
 ...
 [-0.10159101 -0.06966464 -0.05734846 ...  0.24608527  0.30853334
   0.01013398]
 [-0.4675072  -0.1553147  -0.20056304 ... -0.06848222  0.45750263
   0.12826991]
 [-0.30394828 -0.13230886  0.06629728 ... -0.01549313 -0.01286978
   0.26449907]]","[ 21.841604   20.136951   18.359777   17.527605   16.990103   18.08819
  18.55603    28.350172   21.058935   20.569925   16.941813   17.00725
  19.030125   17.984674   20.20943    19.151958   19.36861    16.340767
  18.235605   15.1825485  14.305364   16.98553    22.142302   16.804716
  18.133776   20.418077   20.602682   17.88492    17.322107   20.78335
  16.048891   17.881765   21.022337   16.72431    20.078022   16.739956
  18.128857   16.943115   20.319664   16.828478   20.451078   19.261995
  14.757274   16.319197   19.522213   18.59904    22.231142   18.516119
  24.248034   19.542004   19.808245   17.683077   18.39365    18.720394
  17.055754   18.737856   16.32631    21.670748   14.186378   18.30711
  19.279905   14.591928   19.192081   18.258238   17.016088   16.98257
  18.288132   17.871563   16.142866   20.015493   16.928104   19.180605
  17.005066   15.013695   18.371202   15.86006    18.028831   17.54407
  20.65095    20.992582   15.490576   18.492022   19.006323   18.498478
  20.319178   14.536938   19.877588   16.793165   19.005833   15.422988
  16.810741   18.625109   16.57389    24.12762    17.571476   24.53872
  20.58364    19.034601   19.5414     19.129482   18.55799    17.61949
  21.114355   15.5580015  18.594261   21.340298   23.68924    18.267511
  14.874588   17.444223   15.086319   16.860868   20.855824   17.106565
  18.763681   15.953195   20.85094    18.30897    16.276821   23.151712
  14.321733   21.698133   14.32497    16.092375   21.298883   18.015453
  14.399416   23.44858    18.29138    17.915998   19.95641    20.991064
  18.425755   17.77542    19.722633   18.359976   17.933018   21.017141
  23.313808   18.721365   15.777248   14.989262   14.566242   23.308878
  16.772532   18.467178   13.887184   17.49764    20.091362   20.27312
  18.893785   14.898133   19.51214    18.006983   15.38896    15.255935
  15.260754   18.913265   18.197863   22.871351   16.540606   22.248938
  25.465233   21.080597   14.457293   18.138712   16.730806   21.583923
  19.650364   14.7024765  18.38633    14.777997   18.475122   24.375065
  20.143381   16.207045   16.573221   18.619513   21.016632   21.376331
  15.846758   17.49266    15.095966   16.825373   16.83133    16.738913
  17.6214     23.201633   20.156204   16.317871   19.301357   17.508242
  16.329437   20.383879   14.952986   14.60052    21.30505    18.264128
  14.878931   22.054163   18.916208   19.574877   20.72491    21.200548
  15.551009   18.571737   17.294115   17.437456   18.984024   18.566805
  14.536163   19.575045   17.830957   15.6818075  16.740417   18.180544
  14.987603   17.307478   18.68484    17.150972   18.029928   17.308052
  19.908642   17.458927   22.2607     21.634544   21.68366    22.402555
  20.754757   17.963886   21.460068   18.855255   19.151417   20.043755
  17.31621    17.062572   17.109102   15.041809   19.082342   19.334887
  20.431196   17.647259   17.598597   16.376848   19.747978   19.507555
  19.003538   17.226377   20.206316   16.509178   17.420702   16.87719
  19.465284   19.661148   17.39444    28.053467   15.509435   17.077963
  15.705302   20.079798   17.648247   15.065682   16.780048   20.25523
  17.220814   16.405714   18.649017   15.6156845  15.506819   18.256302
  21.382408   21.572872   16.879797   18.120708   16.568115   17.837414
  17.135244   15.453346   18.560816   18.856436   20.629847   20.304775
  16.06784    16.64759    25.156301   17.114347   17.135435   17.434975
  15.203084   18.053652   19.39266    19.472881   21.322302   16.841894
  18.663464   20.512445   16.072786   17.691023   16.430664   17.301548
  15.254704   17.74877    18.806242   17.44598    14.932549   17.400589
  15.322442   16.878588   18.541327   17.426718   23.715174   15.720744
  20.305977   19.622133   22.48995    17.262365   18.312275   21.177776
  20.220999   18.298254   18.366873   20.869915   18.51077    15.818499
  17.203508   16.595968   16.520828   20.048695   18.7924     20.982227
  20.601606   20.763308   19.410454   22.374035   17.727867   16.75151
  26.28006    16.510702   18.607975   16.010572   17.360422   29.445097
  17.049606   19.732538   20.37593    19.21845    16.892061   18.114885
  16.55412    18.588991   17.513016   21.216827   16.101492   16.379082
  23.29906    21.163708   17.77111    16.426743   23.892155   18.750635
  16.51616    27.564837   19.813654   15.248498   20.72827    16.366024
  16.04762    25.111305   18.01728    16.51548    23.271254   17.61489
  19.1313     19.277376   14.936952   16.73439    15.418249   19.834951
  19.419262   23.351711   16.34729    16.190334   17.000467   15.949472
  18.583136   20.598246   24.05928    20.779898   19.69818    20.092428
  20.013765   16.591278   17.543499   20.840893   15.9004545  17.304485
  14.275382   24.848412   15.646126   16.230684   18.570038   19.951511
  19.412096   18.429388   15.21868    21.616556   17.281626   21.887045
  17.772648   17.096838   16.846672   17.310154   16.7255     21.692837
  25.769077   18.55376    20.17104    19.60892    14.18179    17.485764
  14.540734   18.966928   19.405367   22.543552   20.973896   19.593557
  14.799949   18.661928   18.05534    21.679207   18.60966    18.815027
  16.898493   13.251237   15.719251   20.894014   16.131592   18.778276
  23.043304   17.16048    20.497692   20.448126   19.621563   20.464396
  16.996792   17.37235    20.561651   20.340382   18.317457   19.84856
  16.132128   14.91041    20.579517   18.883627   20.69831    21.933144
  19.789703   23.317373   18.474958   18.712639   20.841715   18.57779
  20.448708   19.032848   14.541759   16.046091   22.668173   16.864697
  15.893785   18.954193   20.507893   12.744776   16.246357   17.102718
  18.669147   16.572056   18.367167   16.866158   17.15664    19.79456
  22.94537    15.933465   16.657377   19.024233   12.802754   17.815102
  14.695647   16.813545   13.577052   17.857307   22.926163   19.858881
  19.966434   16.230492   17.786512   17.700489   18.370777   19.19248
  18.026663   19.763863   19.404224   21.994654   18.14339    19.939533
  17.456614   14.147877   22.710169   21.338177   16.176104   17.607306
  17.285736   24.7591     18.376122   18.198322   20.415173   21.790293
  17.005491   15.110087   17.937286   17.735714   18.577044   17.408892
  16.307287   19.141663   17.15191    18.730566   17.583776   20.33418
  24.842968   17.303034   19.720469   19.491566   17.809902   19.929522
  19.802095   17.143034   17.798573   21.543922   18.115845   17.156408
  20.048182   15.893878   16.750874   20.711432   18.343725   15.758835
  21.099817   16.90526    25.428858   17.482168   16.695335   17.879766
  18.94958    19.66053    14.672771   17.008179   20.85707    16.482994
  16.028557   18.972603   23.661926   18.267265   18.360542   16.25224
  17.691645   18.387598   17.893532   16.832668   17.092379   18.325314
  15.847778   14.057131   17.343107   16.770468   23.43584    17.775782
  18.008854   22.779575   15.419481   16.823383   19.650394   15.949522
  18.242928   19.905888   16.560541   19.136633   22.694843   15.8493395
  19.287416   16.617552   18.336914   17.997187   19.161808   19.056147
  21.287796   20.012337   17.603775   23.288881   21.037352   17.47625
  18.609549   21.178055   16.378366   15.52971   151.26727    21.271704
  16.506338   21.526001   19.188387   16.651232   16.994286   14.417313
  16.549599   21.700037   16.945906   19.863142   24.65849    20.692446
  17.217218   21.529411   18.569374   19.78875    17.584442   17.265434
  21.105059   20.360662   15.870473   22.878023   16.086054   17.572472
  20.89047    18.817064   14.68624    19.576075   16.797178   20.489597
  19.25887    15.05549    16.21718    15.57487    18.039186   16.485508
  13.414104   17.451124   20.8695     16.660326   21.25347    16.48366
  17.640472   19.524609   18.156277   15.0259285  19.410566   20.253483
  18.129639   17.83732    24.974962   23.678734   15.5763645  23.29514
  22.317755   15.391485   18.58604    23.250063   20.075462   19.944414
  17.285645   20.838432   21.31755    16.768763   18.65363    19.280844
  20.663696   18.51497    16.940182   18.052832   19.908976   15.195662
  21.083334   16.652441   16.930305   17.054585   21.452204   15.324146
  17.395866   16.952122   18.786947   16.519022   20.266533   18.458836
  15.353993   14.793158   18.198473   17.00544    15.070215   15.134697
  21.695076   19.226698   16.300848   19.136856   18.220621   15.781637
  16.584751   16.585987   19.265276   18.039188   21.411747   19.968557
  19.025736   19.931509   16.867638   15.93605    18.817242   20.08044
  17.71434    18.02265    26.943712   17.955282   19.27204    22.473206
  16.574306   20.141846   18.996052   18.280548   21.024275   20.536303
  17.45253    18.860825   14.427158   26.045847   18.045753   17.106256
  22.82263    16.508167   16.223282   17.49207    18.137495   19.38596
  16.807339   15.876474   16.692778   19.407888   18.021046   16.549334
  15.092512   15.905759   13.823326   17.240683   18.962288   16.5864
  16.183779   22.259275   16.708542   13.638858   20.262413   16.660402
  17.388523   20.70773    18.165932   17.170666   16.78487    20.68743
  15.923358   19.170414   16.561354   27.64392    18.938757   17.843323 ]",0.6691489361702128,0.5974255243937174
10,32,1504,"[[ 0.4245648  -0.14338976  0.10214698 ...  0.095029   -0.2256487
   0.12351894]
 [ 0.04380681  0.49108028 -0.22230314 ...  0.2128793   0.12397423
  -0.13418508]
 [-0.19410942 -0.03064537  0.2379186  ... -0.02407089 -0.03703746
   0.02087611]
 ...
 [ 0.21460906 -0.05734225 -0.11269754 ...  0.52034795  0.06821065
  -0.03314577]
 [-0.10835936 -0.25907058  0.02851513 ... -0.03038184  0.5766617
   0.07523262]
 [-0.1292846   0.07796434 -0.10179702 ...  0.03819109  0.20359778
   0.42005315]]","[ 20.662401   18.041937   15.837282   16.476257   15.807097   16.480698
  15.572985   20.16231    16.783201   17.329893   14.479419   15.78596
  16.749725   16.685562   15.331919   15.567267   17.921974   16.63115
  14.531818   13.435944   12.481819   14.599088   19.948082   16.121048
  15.104868   16.936333   17.629128   13.714629   15.793802   17.82476
  17.146439   16.421      18.087957   15.123788   18.204609   14.522981
  15.98854    14.844862   19.021461   14.92494    19.498613   17.624739
  13.315644   14.339603   15.890601   17.477337   20.890532   15.67922
  19.619343   18.731152   19.265675   14.919483   17.578266   18.019903
  15.300764   17.033308   15.119679   19.03024    14.586003   15.311721
  17.141323   14.450103   18.002403   16.393604   16.008541   16.762877
  18.524128   15.296809   15.219341   16.653795   15.546594   17.432789
  16.32974    13.907889   16.597832   14.161183   15.917295   14.886763
  16.595541   16.201218   13.5666895  16.367926   16.5672     16.481445
  18.249304   13.960394   16.644228   15.24471    16.745281   12.687886
  13.905999   16.142181   14.76036    18.516933   15.458045   21.12971
  18.028229   17.419605   15.500099   16.61278    18.847147   16.138971
  19.189354   15.456113   16.543653   16.628256   20.621489   17.6339
  15.758849   15.457104   14.930833   16.224417   17.824999   15.800083
  15.358086   14.069981   21.090347   18.202406   13.677554   21.677994
  14.325544   19.770134   14.223546   14.9148035  18.772657   15.855683
  13.625466   20.290415   18.436073   15.891929   18.453083   19.625765
  15.132389   16.721718   17.307034   16.575924   16.712528   18.645817
  18.114738   15.28876    13.999285   14.227004   14.59894    18.958515
  16.940435   16.670008   13.223078   16.087387   18.82535    18.912745
  15.489299   13.710882   17.775324   15.2354     12.823645   12.951975
  16.767614   17.763012   16.52152    21.260538   16.472923   18.75723
  22.349703   18.089378   14.7331915  16.9645     14.162549   19.836132
  16.961832   13.118265   15.062788   12.237053   16.255882   21.84072
  18.71513    14.202933   14.891998   14.865565   17.473324   20.35697
  14.075941   14.40583    13.524584   14.131873   15.142615   15.824847
  16.827267   22.19754    19.588362   15.566993   16.862564   16.568707
  13.505738   19.086624   14.192058   13.868854   17.537447   16.91053
  13.352825   19.429565   17.389992   18.078878   18.635471   16.910542
  13.70429    16.566435   15.557902   14.925176   15.034674   15.825455
  13.008985   17.371956   16.35       14.090765   15.321436   16.00985
  12.302677   16.842901   16.57295    15.96476    16.794312   15.90104
  19.625067   16.666956   20.413317   19.404842   19.55499    21.115305
  17.875828   16.108822   17.386644   17.331589   18.47915    16.453363
  14.65202    15.979139   14.070654   13.790376   17.87355    18.240503
  15.975057   14.501108   16.127787   14.264719   17.135927   18.482347
  16.655712   15.553313   16.481106   15.535017   16.316902   16.769615
  16.966791   16.343372   15.661954   26.892574   13.373977   16.313906
  15.317314   18.387278   15.99713    13.828274   15.342261   18.560282
  15.883046   15.446729   16.068083   14.703931   12.92519    16.527208
  17.521263   17.99593    14.684977   15.645023   15.106073   16.343042
  14.880202   13.97248    16.370089   16.665285   17.824106   20.188213
  13.711893   14.72623    22.041363   15.773323   15.295231   14.82162
  13.032929   16.82516    17.005209   16.507755   17.632242   14.461823
  16.251497   19.686516   14.375439   14.737772   15.126532   14.950202
  15.04398    16.342403   16.365473   14.124081   13.662435   16.090189
  15.708166   14.510233   14.795161   15.838794   22.177223   14.497459
  16.767006   19.003345   19.593033   14.545177   16.379122   18.611422
  18.738962   14.513691   16.018965   18.539722   15.240612   15.200192
  16.244638   15.32994    16.629007   16.776075   16.72       18.404976
  20.048588   19.196743   17.137129   18.79504    16.970947   16.935308
  23.139818   13.737325   16.201532   14.278003   16.569073   29.668447
  14.449877   17.2329     18.932686   16.509895   15.510519   16.671144
  14.071517   17.149017   16.446423   16.194979   13.309622   13.489641
  20.504135   17.986713   15.080893   14.823096   21.46289    18.17878
  15.318463   22.44076    15.911023   14.456723   17.617067   15.179474
  14.251798   22.102272   13.723655   14.682597   18.78418    17.008772
  17.854445   17.047337   12.097775   15.410295   13.627144   18.283333
  16.874853   19.517136   14.156559   13.451181   15.286071   14.407894
  15.784484   18.299356   21.262577   17.935162   17.131384   18.043438
  17.819395   16.366407   15.202063   20.227472   14.769301   14.47303
  12.067887   21.233324   13.759305   14.785141   17.436281   17.934374
  17.79834    15.675964   13.989646   19.41603    16.144941   18.910532
  15.154978   16.03485    15.821109   15.475527   15.8166895  17.313847
  20.732676   18.225454   17.402565   20.722528   11.708981   15.387099
  13.450552   17.436943   18.050001   20.443304   16.834623   17.672537
  13.637874   17.04926    19.446955   19.1634     17.237774   14.824385
  14.811812   12.138967   14.76222    16.897833   14.189846   17.033688
  20.79766    15.426371   17.454876   17.79781    16.462015   16.53258
  15.55237    15.748597   19.27872    18.724453   16.936577   17.456736
  13.651244   13.284011   18.15211    16.091333   18.418129   17.567532
  17.56652    20.739176   17.194315   16.58808    19.167202   15.153412
  18.10694    18.13199    13.111397   14.6436     19.297838   15.219355
  14.737134   16.385101   20.160255   11.190469   14.276364   15.713728
  16.223585   16.151922   15.893039   14.076317   15.648003   16.558773
  22.663937   12.7835045  14.664092   15.815109   12.510793   15.369985
  14.340736   16.582806   12.101111   16.973063   19.553556   19.323742
  19.019598   14.21045    16.780293   15.212581   15.740021   17.926037
  15.314358   18.160652   16.400558   21.275257   15.830396   20.925516
  14.722667   13.306322   21.788528   20.109255   14.168363   14.722811
  16.127974   22.327568   16.385202   15.116036   18.170244   18.7631
  15.792098   12.829197   15.97647    16.550951   17.091429   15.301629
  14.739754   17.16316    16.363964   16.820042   15.981023   18.335638
  19.713783   14.309185   18.831528   17.465412   18.113379   18.11353
  15.272991   16.668774   14.1311655  20.112835   18.003874   16.486792
  16.786465   14.266783   16.361988   17.216003   16.632023   15.269019
  17.894316   15.511554   22.197617   14.1368475  15.061763   16.18226
  17.618061   17.442074   13.836161   14.835972   19.063421   15.506766
  14.1495285  16.45703    19.633713   14.5176115  17.568844   14.578633
  16.067694   15.741223   15.934578   13.902971   15.267588   15.4403
  14.935757   12.4212055  14.231359   14.177113   18.611542   15.606172
  15.45252    21.927265   12.926801   15.526586   17.739029   13.8252325
  14.670552   17.285309   16.126143   17.241419   19.523413   15.219677
  15.71242    13.985912   14.886005   15.548878   17.451118   16.92922
  19.10667    18.05213    15.788945   21.632095   18.79352    16.237902
  17.352392   20.555815   14.636787   15.448423  138.31825    18.257954
  15.815869   18.459484   17.569258   14.433917   14.248843   12.373364
  14.293202   19.996515   15.2621765  16.409285   21.021984   17.488482
  18.169472   18.539967   16.755926   18.550346   15.901887   15.926529
  18.8798     21.459757   16.273146   21.357351   14.820649   17.710592
  19.498875   16.45592    12.512083   16.593447   14.518019   17.658371
  17.170963   13.650566   12.804504   14.644543   16.740496   15.568462
  11.614128   16.09994    18.772444   14.433855   19.173923   13.785058
  15.676916   16.530952   17.707565   13.386336   17.25287    17.280872
  16.841818   15.429911   23.051098   23.792334   13.537423   19.186152
  19.913843   14.146817   16.408072   20.690825   18.328875   19.8551
  16.71653    18.5505     18.917507   15.686606   18.724308   16.901134
  17.982954   17.514456   15.05929    15.756494   16.137768   14.656283
  18.747086   15.412844   15.146063   15.998114   18.268576   14.352751
  16.357738   14.833705   16.576303   15.995862   18.413584   15.920536
  13.724898   13.356549   16.349142   16.337381   13.932545   14.1317215
  18.198755   15.516844   15.407652   17.526287   16.377739   13.775219
  15.574663   14.398487   17.87756    15.826339   19.071117   18.048206
  15.572945   17.074783   14.39175    15.138273   17.229294   18.47068
  17.64918    15.341821   26.510473   14.962492   17.770351   21.53101
  15.533227   17.492577   17.523418   17.268425   18.904133   18.128767
  15.45907    17.728634   13.233777   24.444786   15.164873   16.548271
  19.322506   14.764083   14.408245   15.506285   15.174027   17.295788
  14.146675   14.765044   14.324404   16.613327   14.530644   17.075718
  14.687175   13.732702   13.369366   15.630307   16.243376   15.678996
  14.5162735  18.305796   14.989522   12.803883   18.22759    15.172095
  16.058176   16.785406   16.219408   15.775432   15.732928   18.053743
  14.329408   16.668922   13.51299    24.002056   18.041685   16.38383  ]",0.6968085106382979,0.6372706194718679
11,32,1504,"[[ 0.67695355  0.00525833  0.04097537 ...  0.07820115 -0.1248988
   0.04343095]
 [ 0.06449912  0.55629915  0.0155264  ... -0.17032084 -0.060325
  -0.09581017]
 [-0.16285127  0.00916095  0.58221346 ... -0.00979955  0.1074574
   0.1199104 ]
 ...
 [ 0.04726859  0.04114691 -0.02461205 ...  0.5118909   0.01696769
  -0.06723763]
 [-0.01703023 -0.11963025  0.00759923 ...  0.20346002  0.6335271
  -0.035671  ]
 [-0.05242979 -0.03327983  0.02906979 ...  0.01598696 -0.12527587
   0.44222638]]","[ 17.942757   15.205648   13.308137   14.069885   12.748357   14.157836
  14.0489855  16.700272   14.398023   15.143495   12.53739    12.8642
  13.333731   14.629229   12.658363   14.218702   17.743279   14.251906
  13.174783   11.804667   11.880659   13.688188   16.944727   13.864744
  13.317627   14.429234   14.932541   12.73861    12.931765   15.753209
  15.908222   15.357838   15.119715   12.997581   16.34525    12.581962
  13.806869   12.451451   14.677451   13.141971   16.676414   14.669775
  12.251677   11.970711   15.041305   16.336718   17.056458   13.4423685
  18.1693     15.160977   17.202188   13.86478    14.913357   16.677338
  11.508206   14.752195   13.397509   17.467888   13.386853   13.905825
  15.15338    12.777143   14.8655815  13.787895   13.354192   15.128108
  15.842579   14.002697   12.93182    15.0059185  14.406357   14.147549
  14.169371   12.517522   14.3076515  12.48051    14.508489   14.022461
  13.97715    14.5718355  12.156353   15.029779   15.467909   14.744838
  16.498957   11.007651   14.363271   12.106484   15.253876   11.523767
  11.358232   14.007987   12.901319   15.6745825  14.348824   19.315762
  14.32713    14.499546   12.638515   13.887908   15.938322   15.076647
  15.341652   14.14587    13.036482   14.173066   18.290094   15.114178
  12.196346   13.83899    12.5497055  15.337299   16.32565    14.319849
  13.663578   13.165402   18.237612   17.941301   11.680829   19.097107
  12.329133   15.822639   12.177061   13.800128   17.092361   13.191302
  11.722143   17.404623   17.143515   14.030514   15.511888   16.360048
  13.947637   14.94689    14.090312   13.157263   13.447927   15.253138
  15.206398   13.441524   12.609258   13.981885   13.429117   15.9126
  13.703112   15.116176   11.81336    13.075009   14.912142   16.65211
  13.709544   11.738291   15.087984   13.553748   10.987119   11.947077
  14.111835   15.541952   14.259848   19.630707   14.155158   15.206696
  18.393694   15.358782   12.705495   14.334518   12.716747   19.279604
  14.802551   10.947557   14.606558   12.192078   12.895764   19.66807
  15.344839   13.766374   13.58693    13.366908   14.317858   19.187492
  12.578557   13.1049185  12.652199   12.99931    12.991491   14.547493
  15.751629   20.179657   17.287622   12.999309   15.830998   14.189665
  12.343848   14.916368   13.56784    11.159762   16.26927    14.249225
  11.624162   17.870897   14.153115   14.216584   14.820282   15.231532
  12.318817   13.930967   13.380227   12.767152   14.039218   12.882222
  12.297037   14.743845   14.061131   12.237266   12.927996   13.481985
  11.263416   13.973469   15.445512   13.665602   15.725389   12.606296
  16.7576     15.137499   17.044323   18.009443   16.455233   17.663189
  15.56934    13.485609   16.722397   14.948586   16.023134   15.078279
  11.816021   13.214316   12.758236   11.5796175  15.369523   15.29524
  15.040231   13.373319   12.773872   13.950582   14.629615   15.946941
  15.0752945  13.659637   15.2181015  13.877687   13.094758   14.640806
  15.619559   14.00746    12.867983   28.419067   12.021441   13.909543
  12.719346   16.197704   13.454809   11.896938   15.444344   17.594069
  14.8522625  14.575878   14.58704    12.832096   11.543327   14.223478
  16.967064   16.929096   13.339906   12.937976   13.552099   15.857211
  14.221675   12.587131   13.95728    14.778522   14.925809   16.269348
  11.120994   13.984698   18.724867   13.862514   13.175285   13.068615
  11.724454   15.860469   14.612909   15.551455   16.46481    12.56639
  14.70412    16.140278   12.888196   13.945625   14.1004095  13.51339
  12.742798   14.581777   16.122442   12.353303   11.074563   13.743636
  12.803968   12.349174   15.080487   13.692985   16.866581   12.056447
  15.118386   15.50439    18.01617    13.552276   13.565655   17.255316
  15.416211   11.552286   14.115048   15.5492115  12.393534   13.309007
  13.778612   12.2677355  14.588635   15.847167   15.226794   16.440538
  16.30465    15.450611   14.709607   17.686584   14.372184   14.120743
  21.257095   13.07517    14.267647   13.531813   14.275558   30.561518
  12.228751   15.028785   18.1758     13.210037   12.409869   14.100011
  13.436702   14.674158   16.197987   15.216958   12.665171   12.2297
  18.556883   14.870352   13.56203    12.806728   17.827333   16.342888
  13.431135   20.239466   14.1515     13.086469   13.590192   12.580072
  12.080526   19.255548   13.557216   13.374549   16.499989   12.241899
  14.990264   14.865927   10.929736   12.149206   12.146625   15.869191
  14.332149   15.489876   12.473686   12.928037   13.044826   11.944755
  13.481224   19.015005   18.265419   15.606025   15.209091   16.159534
  14.71322    14.27265    12.918328   15.613694   13.307345   11.964539
  11.746387   18.646137   11.894618   13.0177965  14.007739   15.0949745
  15.820233   14.562766   12.341084   17.19257    14.709303   16.594807
  12.636696   13.299031   14.417431   12.696799   13.300979   14.9323
  19.481062   17.055494   16.117487   17.511827   10.575347   13.529779
  12.406276   14.977701   14.967906   18.10626    14.684154   15.557966
  11.462965   14.734982   18.17881    15.229756   15.19194    13.573167
  13.051493   11.634589   11.838474   16.246357   13.578893   14.558681
  17.478659   14.215951   16.202553   15.632648   15.355738   14.44662
  12.13811    14.136859   16.321438   15.775598   15.154264   15.124172
  11.54874    13.155586   16.970581   12.954246   15.483803   16.716814
  14.860968   17.146236   14.877824   13.78482    16.299044   13.3782
  16.318361   15.198379   12.145781   12.047676   15.827627   12.954392
  12.727877   14.739894   17.128681    9.659339   11.613646   13.833064
  14.916025   14.177131   14.224992   12.721264   13.870352   12.359743
  18.883562   11.75854    13.335974   13.931011   11.267889   14.638202
  11.311582   14.770725   10.322795   15.047638   17.711906   16.842161
  16.779886   13.459807   14.396369   13.43717    13.924126   15.739895
  13.498297   16.070173   15.079094   19.212902   14.243544   17.324186
  12.311069   11.600307   18.07727    16.842402   13.021446   11.516712
  14.113952   19.243147   14.868424   13.795658   16.664669   17.290977
  13.877597   11.720202   12.38578    13.253012   15.183285   12.935719
  13.918672   15.50055    13.267221   14.456382   14.7422495  15.824914
  18.583212   12.146675   15.960188   14.581939   13.921308   15.6098
  15.319725   14.10852    13.923161   17.224365   16.279264   14.013063
  14.650703   13.075757   13.752566   15.628668   14.674571   12.395086
  16.384356   13.760218   17.906258   13.022458   13.697347   14.252645
  16.901773   16.32539    11.317524   13.09626    14.889168   14.261761
  13.652213   15.071001   17.49967    13.35097    15.710492   12.7104435
  13.838074   12.963682   14.289484   13.239341   12.98247    13.185869
  14.9622135  11.7719965  13.610277   13.457269   16.071436   14.58672
  13.742401   20.844738   12.121368   13.911332   16.039217   11.294115
  12.724024   15.83472    14.061529   15.34604    17.453962   14.899713
  14.243047   12.214748   12.353148   14.465847   15.643548   14.360436
  13.988786   16.433182   14.087082   19.095142   17.128468   13.525924
  14.085698   16.340195   12.79635    13.649937  125.59926    15.784321
  13.148969   15.598582   14.941643   14.101315   13.685513   10.383778
  13.145825   16.82027    13.926134   15.45942    17.181551   15.4590025
  13.947612   16.993778   14.047725   15.419908   14.223124   14.045976
  18.28077    19.70068    13.9933815  17.628407   13.355364   14.735485
  16.350176   13.837226   10.975045   13.986987   12.463044   15.741662
  13.607764   11.455943   12.730675   13.071847   13.982069   13.78213
  11.193563   12.750064   16.035059   12.41482    17.130089   12.714538
  13.963392   15.07574    17.711027   11.632319   15.09787    14.300892
  13.795327   13.653233   19.205217   19.34559    11.188123   16.710089
  18.048788   11.989911   13.617887   18.100176   17.198778   16.375387
  14.0821705  17.064285   15.249858   14.383535   16.660501   15.129633
  15.258549   14.823404   12.468246   14.168417   14.239272   13.423985
  15.831462   12.045477   13.661499   13.1953535  13.849179   12.846673
  14.913316   12.817586   14.153712   13.430531   15.94838    15.36353
  11.99101    11.33514    15.246859   14.843194   12.476061   13.22052
  17.161943   13.208512   13.254289   15.1027355  14.219078   12.149125
  12.608251   12.257905   15.853716   12.804462   15.419448   16.071205
  14.772889   15.017946   13.103715   12.83594    15.451371   14.711418
  15.051435   12.431385   23.909344   15.630814   14.188314   18.717684
  14.084239   15.296327   14.873259   15.596067   15.778963   14.990295
  13.302066   13.555777   12.677993   19.026722   13.991465   14.699259
  17.130259   13.727232   13.207967   12.74825    13.749839   13.893224
  11.401392   14.307996   11.787645   14.347245   12.493484   16.111553
  12.926579   11.474449   11.458002   13.8565035  13.854542   13.678568
  12.041937   15.092378   14.143441   11.215796   15.337391   13.146226
  12.59849    13.5019865  14.680058   13.8606615  14.880796   16.0069
  13.192528   14.07241    13.657411   20.502073   14.097777   15.33737  ]",0.7239361702127659,0.688076110680898
