,Train_Data_Size,Transformation,W,b,Residual,Residual_Norm_All,Residual_Norm_Mean,Accuracy,Co_Sim_CLS
0,5161,Transformation_Matrix_W,"[[ 16.2261     -23.735767     7.330506   ...  -3.003204   -11.9663
    2.4489915 ]
 [  9.753352    -0.97705156   4.267817   ...  15.68191      6.8139687
    9.380953  ]
 [-13.152165     9.792168     0.25744617 ...   9.794601    -8.633024
  -11.447994  ]
 ...
 [  4.2039714    6.9941063   -7.355843   ...   3.3245516    1.8981837
   13.023596  ]
 [ 25.679295   -42.962875     4.676718   ...   7.6933274  -15.252945
   32.672447  ]
 [ 10.084946     2.3448       0.20574167 ...  14.254907    -1.5064303
   13.166224  ]]",,"[299.6537  296.16544 258.58954 247.87872 254.63025 311.40167 307.9399
 318.69968 225.82138 247.88654 225.75879 285.64627 278.12213 291.13275
 252.13594 257.9383  145.22069 328.64127 234.52388 313.92084 217.98169
 249.81187 274.93872 348.58218 235.03508 272.9857  366.38605 253.63899
 267.20938 232.99065 150.99348 235.60223 305.65347 165.52324 284.38394
 262.13528 265.7199  312.23987 239.17197 263.63858 325.6955  288.283
 300.11157 216.54903 271.14545 283.35092 320.9135  290.71262 290.0149
 271.40903 199.41513 316.83072 243.26976 262.42307 246.71371 283.09088
 326.5079  272.1527  247.70166 282.87704 312.19275 342.45172 234.07127
 296.37686 269.13425 277.99524 228.1572  231.8635  259.0154  215.72018
 312.46082 317.98492 262.64252 212.35678 221.89882 251.8726  332.182
 287.21216 236.74493 352.21667 275.3755  336.8096  239.27045 307.23395
 254.26724 201.89586 344.82956 281.58453 304.1085  234.40074 232.01897
 320.57867 235.27258 295.4323  281.7568  289.9851  318.82712 359.10602
 248.45998 236.70029 301.13895 275.59567 216.42047 323.07184 253.70624
 244.90758 324.3354  334.65646 278.76215 239.78497 303.0891  265.0346
 226.04251 248.59618 304.95166 241.84332 369.51318 145.86203 291.35074
 267.13    331.09528 296.08478 256.05807 318.54184 240.81236 235.98862
 242.61465 289.64014 147.41835 267.76605 274.19498 254.69221 298.5474
 289.21838 285.37146 224.60797 242.49356 289.19492 234.6316  255.73643
 258.88992 213.42036 282.6641  232.6352  241.00893 300.84366 268.64236
 330.4695  264.91888 264.47394 305.8915  286.72644 313.34674 269.98914
 299.00757 240.19586 292.06235 295.3205  323.69885 309.72394 253.37894
 326.98053 322.07336 259.92264 231.27963 232.78105 252.43874 224.28362
 330.27426 294.29446 281.1873  328.5902  334.78897 305.36902 243.31046
 242.93085 356.78217 269.7022  264.23096 301.8218  240.85892 278.4474
 252.24034 291.73727 244.32153 156.95532 298.47733 311.69385 285.29926
 295.67096 266.03015 265.59247 263.3059  229.39424 349.80414 352.5032
 247.96133 232.64745 317.25848 291.56476 265.88593 352.3939  298.35736
 291.33405 209.76878 278.87485 278.3769  268.32947 352.19537 272.2282
 198.13213 293.64084 219.55154 281.9599  242.45709 276.91354 221.1873
 229.14006 273.54224 274.5067  273.41928 226.28395 151.51555 207.00543
 300.2749  318.66766 274.17822 341.11194 305.77557 264.97723 299.70175
 352.5437  221.10497 281.59702 236.28311 293.49524 248.81006 267.26022
 294.0517  337.45917 292.58734 289.1512  342.65012 242.4382  277.064
 224.50424 259.31143 278.0752  275.2623  291.94528 255.18095 311.7393
 280.50455 278.1235  283.70834 168.61208 224.099   258.57513 250.06586
 318.6418  240.6559  259.9949  333.25537 265.51065 354.83508 283.81177
 272.2748  289.2337  241.78227 324.94934 328.8674  331.48972 285.01215
 202.89513 275.50415 244.94054 275.02905 245.21414 292.67456 232.17134
 253.6188  318.2886  254.13641 246.9641  319.45947 291.9771  264.89783
 301.2951  287.0605  322.42862 276.96704 268.7763  261.4805  282.3126
 265.83716 322.45724 191.69664 291.18518 283.85504 252.7398  255.36343
 402.03708 306.46014 298.97803 248.99965 291.07535 299.84094 259.6885
 355.18912 223.78003 301.1859  271.99765 263.58475 276.26727 237.83266
 267.6019  267.97092 303.33655 274.21216 215.91182 271.4684  295.79706
 289.12207 278.69226 268.5947  304.36334 254.35757 256.52115 245.89091
 309.4274  248.73276 271.53357 325.93298 264.28442 271.6125  242.18768
 271.6601  289.71594 302.4281  250.70682 316.2554  122.78511 308.42218
 286.08713 282.53235 366.60638 282.30145 254.8684  246.80838 308.33948
 287.87036 259.6928  245.06636 229.27151 280.10648 254.48044 296.91995
 279.99588 293.47488 304.3252  265.37283 264.33524 291.75662 289.91125
 348.1259  282.3369  277.25247 286.42435 225.63231 218.61873 331.15646
 289.63528 334.333   282.78427 246.16603 264.09427 265.79596 258.54312
 304.3742  385.63547 288.91992 243.72496 300.95956 267.3166  255.21255
 125.83037 228.31146 263.62784 311.36304 283.59998 296.50543 251.31267
 282.93372 248.94966 223.23283 289.3146  291.53983 280.7447  287.63132
 289.19293 328.7467  307.62164 341.19467 306.7856  293.23795 379.45154
 282.5949  307.88672 260.46896 238.45934 207.68036 263.35007 326.94232
 223.95595 264.70016 283.6453  348.47244 239.63705 282.1698  256.59326
 290.82004 283.2243  299.37396 275.23795 259.2386  311.52396 258.78845
 307.82962 172.89568 333.95798 307.2736  265.37152 281.34155 259.8415
 259.25882 322.932   246.51665 200.96324 269.30515 228.6855  243.52269
 326.9452  244.06474 229.17763 232.9861  340.7669  257.8113  245.68622
 280.42865 253.45702 288.9194  335.8923  316.22296 265.3834  337.211
 305.50986 262.68088 283.06073 299.5846  233.1882  266.25647 254.01398
 274.4599  274.62006 210.11572 298.9693  290.8066  337.32715 235.3761
 364.0179  311.3802  196.17091 284.75873 296.79965 307.1779  236.3272
 296.27054 269.12442 290.45486 335.61737 292.72336 329.32663 307.949
 265.36075 321.9839  259.67795 333.23013 272.93686 250.45671 272.62073
 318.75146 314.87082 325.15427 268.81122 238.74173 256.60605 322.4034
 248.67058 262.0655  269.29062 235.664   282.8526  265.64734 291.9336
 278.42328 164.5713  290.92963 269.8025  229.0554  294.7415  259.57593
 297.5987  235.94376 208.96805 311.20636 305.06308 366.62097 249.94016
 309.16077 275.3982  328.14227 278.23074 278.17764 262.5585  254.73703
 284.9273  285.8649  288.97998 313.36554 273.89447 294.5354  281.4455
 213.57889 301.85757 244.525   291.60132 288.60007 285.81912 257.13663
 245.24112 359.82745 275.62442 269.90326 274.08844 333.873   311.77155
 257.60104 253.24039 296.02655 250.39218 204.79123 278.83347 236.42271
 262.89233 278.71176 270.35175 284.92593 221.55243 277.92126 279.59244
 273.86414 267.65656 284.58084 293.65268 291.18414 277.26053 283.34116
 288.91907 245.73666 281.34595 264.94193 250.6482  282.3347  258.08398
 294.1643  258.46625 235.00836 273.57214 305.70618 272.475   257.29547
 301.66864 330.6746  295.8407  265.55093 284.8792  293.3248  225.84036
 235.9128  282.5836  233.96002 309.491   259.78134 278.43893 287.61447
 260.25385 281.81708 275.32147 317.97595 263.05676 289.3181  280.2714
 277.86014 249.30432 421.53406 297.90524 340.9713  277.1474  282.74316
 241.2134  265.91336 290.42795 255.05673 326.83463 309.5953  309.84848
 285.13214 239.69229 362.5936  269.20804 236.17418 294.81396 280.17374
 283.2008  325.4268  218.41238 267.3579  302.556   242.4724  256.26443
 344.22708 302.6058  223.97575 311.80362 290.16388 320.71918 326.4734
 222.17674 289.59244 272.5804  285.48016 275.26212 261.14502 271.82205
 277.65582 268.74667 375.1409  209.97543 252.18326 226.42833 120.46591
 270.2007  337.04288 310.40125 296.32684 242.09663 344.77713 313.6737
 213.33679 302.7373  312.79993 243.50233 279.82495 272.16125 327.86554
 251.22736 286.7284  287.23663 289.8696  280.9482  324.46997 232.52585
 270.83798 260.57166 256.94882 237.87627 280.88904 301.61682 326.0277
 253.97655 258.51947 216.08836 316.34372 273.85062 270.62476 193.54927
 257.60364 255.39151 192.52065 277.59183 274.39334 245.84288 267.62177
 289.65817 269.95706 274.72974 315.83087 279.45578 233.04071 271.7039
 220.77466 238.77893 311.3399  228.48325 238.7407  290.1804  224.41063
 236.67    240.82379 235.91109 233.40688 195.18402 315.16348 283.1071
 256.6703  204.57817 300.47516 274.19897 296.80023 291.85565 302.33844
 294.12903 239.75319 286.50546 227.94138 295.3015  270.74194 229.10547
 275.59198 321.30096 301.9626  292.93542 266.77206 253.5649  246.74971
 305.9113  351.39227 303.19965 297.64334 307.3344  278.26102 304.9933
 285.16388 243.80412 269.5101  297.47537 243.73654 241.42943 283.83783
 288.4283  284.52405 271.14926 350.84042 314.98874 275.83286 245.58473
 262.07956 307.78275 328.0478  274.98007 120.65495 318.1215  222.72255
 287.26532 243.5486  326.49884 289.661   257.48386]",[6.321358  6.501326  6.0717707 ... 5.952963  5.236406  7.779373 ],6.3419423,0.03632241813602015,0.19425739829467423
1,5161,Transformation_Matrix_W,"[[ -0.9670437   -0.7039837  -13.387683   ...  -3.4308894    2.2653008
    0.03533138]
 [ -9.730116    -5.1684356   -7.757945   ...   4.5850263    0.42098787
    0.14662477]
 [  9.48133     -5.6176896   12.679495   ...  -3.7242758   -2.9972184
    3.4150536 ]
 ...
 [  3.494607    -0.90722644  -0.20709732 ...   4.274731     6.911908
    0.12216496]
 [ 11.416858    -4.7109356   -3.8783123  ...   8.654745    -2.7991629
   15.038508  ]
 [  6.185162    -6.048163     1.0295466  ...   6.0832496   -6.2152395
    1.4542025 ]]",,"[293.92517  292.9975   245.42604  243.37595  251.52483  300.272
 296.108    312.2948   219.58604  243.66545  223.68971  265.91605
 272.91718  278.20294  250.63553  251.39682  137.20462  321.68616
 226.51428  301.13785  215.46916  242.47766  271.94968  339.24173
 229.35619  263.10455  351.52954  250.52399  257.46393  228.62596
 144.23877  230.02678  295.9581   148.76938  282.12137  254.81447
 259.01144  311.08337  234.88344  252.32716  315.02496  280.71912
 292.34146  208.5986   262.9819   272.17297  308.31757  283.4274
 285.00604  264.94568  197.95985  307.83368  239.74886  253.10464
 231.02164  276.26407  319.1289   264.68527  245.23026  279.61588
 303.87128  332.10193  233.2658   287.98773  262.32196  270.4734
 206.7436   227.35435  251.85077  208.98167  306.77762  310.19928
 259.24893  203.82541  220.31877  252.00462  324.3781   277.95502
 230.11563  341.8535   273.6547   316.53815  234.52008  302.89423
 248.8255   198.2429   335.56293  278.67154  295.86093  228.095
 228.77335  313.6514   229.94737  285.6719   269.3519   285.48105
 303.1192   361.32227  240.92819  230.22693  286.58432  273.22015
 208.72266  311.39926  243.73354  238.46297  316.2499   326.4592
 275.12613  234.6573   294.84088  258.38376  216.09767  242.22937
 282.51288  235.48761  361.2156   112.027306 274.26562  265.11765
 328.2465   292.46667  252.8815   311.62518  233.0815   226.00262
 232.89938  282.26794  135.63939  261.52005  266.5863   241.92754
 291.74774  286.89197  278.17816  205.94987  235.88652  285.20636
 229.2926   255.41412  249.9365   207.2175   268.35303  226.41684
 239.81511  290.36975  259.7845   321.3016   262.3382   258.75623
 298.3776   277.99768  303.6236   261.75018  290.27612  236.56158
 280.44827  289.33725  320.9486   291.06778  242.54941  322.798
 313.6123   251.79921  225.16533  226.8088   246.66475  203.57959
 326.0277   284.05536  277.12723  319.45596  319.2671   281.27643
 235.83495  234.65521  340.77292  266.47794  259.08188  301.25262
 230.3831   275.66675  248.33514  282.52615  239.5866   151.88184
 296.73334  307.81943  275.52966  286.2357   259.41617  254.53944
 255.23001  223.9877   338.496    346.1744   238.01268  210.43602
 310.57083  283.5341   256.72757  345.02032  288.1331   285.45474
 206.07184  269.29797  271.91324  265.22247  342.3969   265.76987
 194.19446  288.022    202.76462  275.1677   239.90572  273.16583
 208.66005  224.03195  272.05432  268.85385  268.43427  223.45628
 148.41516  201.22096  285.69717  311.22452  264.4523   329.2802
 302.26428  258.12305  290.3483   341.52075  216.62679  270.89188
 226.63069  284.24933  241.4511   265.40057  285.2023   330.5851
 283.33414  280.2453   331.31415  236.69447  267.02423  216.40865
 251.46797  274.12985  270.8651   285.46307  252.28053  303.11343
 274.9069   266.97586  274.03378  146.16533  213.1969   233.94138
 242.37299  316.04553  237.36412  253.9872   308.2472   260.96793
 343.2173   279.83014  260.60242  285.13382  234.57048  315.17944
 321.1598   321.10144  280.46414  194.64012  269.99988  232.2013
 265.96722  239.7067   282.15704  223.72891  243.98709  309.19714
 248.13837  239.12733  305.5491   280.36987  259.2962   288.448
 283.37808  313.69     275.49493  263.2288   258.85754  272.63474
 257.30524  309.8562   187.10344  275.04968  279.98785  241.92104
 248.31287  392.21872  296.64594  294.125    243.32837  286.8693
 293.19052  254.09299  339.61456  208.87491  295.88184  267.99564
 256.5052   269.3349   235.63554  264.29547  260.7316   298.77875
 273.6561   210.44421  265.04306  287.16193  284.83926  268.35516
 266.21826  294.89444  246.57663  255.13077  241.04794  291.9728
 245.28674  269.0545   320.77707  254.11441  270.08453  235.93341
 253.11873  284.43237  290.56863  239.49261  308.17856  115.37771
 297.13528  280.43964  255.49327  358.77487  275.96533  251.51486
 239.21729  301.43732  273.26892  256.20593  239.1434   223.94667
 276.15176  250.54301  289.10205  269.8596   287.58194  291.82574
 257.1293   259.09915  288.44995  281.3086   339.4075   268.43927
 272.4794   280.4882   216.52788  215.00375  326.04025  280.9622
 323.3482   276.6908   242.03212  256.78458  259.81747  248.24646
 287.52087  371.54333  278.93677  237.80505  295.97635  265.0011
 247.94435  110.36544  229.85457  259.07123  295.9838   270.03165
 279.23392  245.96504  276.87213  242.8701   220.7039   278.44092
 282.26242  273.16907  275.028    281.96985  317.62762  302.8175
 328.0094   304.35086  285.445    356.3592   273.75845  295.01846
 257.02927  233.79044  198.34392  259.23373  315.2234   218.76292
 257.3466   277.44354  333.12427  229.7966   277.20084  246.51418
 279.5475   272.80435  289.09805  272.21783  246.33932  301.92908
 250.79674  305.3113   167.51622  331.64993  293.14197  253.5728
 273.11194  250.35107  254.9617   315.0059   243.48834  194.80824
 265.868    226.03816  238.5435   319.24396  237.20036  221.31358
 224.70566  333.3813   248.62138  241.23936  271.17645  245.44315
 278.45587  324.93176  306.11322  262.01974  320.87723  290.35953
 253.61592  274.98206  298.2849   226.58327  254.50038  246.78879
 272.16318  270.55383  207.93144  295.85916  280.5084   326.87634
 231.05603  351.07382  305.46747  182.7145   278.82047  287.16107
 300.64276  231.29898  288.85046  262.31912  287.0563   329.55954
 285.0107   323.9761   300.3514   261.7234   282.0654   257.65558
 328.78644  264.6067   241.9518   256.9097   312.77808  297.28268
 314.02106  261.09485  229.43042  249.43034  310.6365   243.5334
 255.63664  266.14404  231.61804  275.12357  258.49728  281.20935
 270.81308  148.57843  285.79315  260.52     220.39009  293.04938
 253.24503  294.6558   226.8223   206.0219   300.71387  297.09152
 358.33786  244.20016  296.84137  267.93903  323.87073  269.04703
 264.5161   257.8743   248.38205  277.5195   279.65344  283.0574
 301.9963   269.82153  286.1707   276.1933   209.8954   291.57986
 236.19186  286.59415  281.79056  278.64023  247.55284  239.76358
 352.44684  271.00354  261.47916  272.603    325.74774  304.18048
 253.5434   248.73044  285.09427  243.5541   197.15886  269.03915
 233.2902   259.94897  266.90045  260.6532   275.518    215.69484
 273.34006  273.7903   262.68298  261.1281   282.10098  293.69702
 276.41245  267.8965   276.27106  272.73386  243.77512  274.9807
 249.41301  246.90404  272.39145  253.28853  289.2005   250.29176
 226.80167  230.50519  299.48846  259.08908  250.36948  296.6063
 319.43466  285.1756   261.49316  273.15714  281.00974  219.09091
 235.36275  274.95337  228.03795  298.32455  253.71254  275.47162
 274.5462   254.12149  278.75912  262.4754   310.09882  254.16801
 270.86826  269.1235   267.3018   247.147    412.62915  291.58368
 327.65744  270.2718   273.307    231.81367  257.20444  284.21667
 244.0387   322.16458  304.97665  302.52112  275.4692   233.32849
 345.74225  266.3272   228.23273  287.0551   274.48145  273.44006
 277.6442   202.15932  260.7868   300.3951   239.36166  248.12172
 337.32538  297.36734  218.5773   302.39456  281.7581   316.3822
 316.98883  218.35303  282.53867  259.22684  272.85406  270.12
 243.12918  266.9645   272.3703   259.56448  370.26468  200.72969
 243.47906  227.41364  111.599144 261.7827   327.14093  306.562
 288.7297   239.70338  333.19983  302.9034   206.96303  285.89035
 298.662    233.70163  276.0448   265.32684  323.29422  246.83902
 280.31256  279.61     281.33383  271.49527  317.0091   223.63687
 263.5078   237.31506  254.2928   228.30536  271.31268  297.95654
 319.2913   246.59634  247.47421  212.51562  303.7349   269.47202
 269.34747  189.3544   250.50143  249.24002  192.75589  274.2551
 264.5505   236.89026  266.66928  284.0421   266.8983   273.46817
 306.36545  273.81015  227.74866  265.94467  215.7869   228.30902
 308.52243  219.28423  226.80812  285.68924  219.32106  229.81325
 235.58434  229.52264  227.46812  187.07927  304.27188  280.53265
 256.56134  202.34251  261.51123  270.0365   291.8907   285.71948
 296.54318  287.51828  236.08273  279.84036  223.87515  288.97098
 267.5788   228.04297  271.13443  320.83905  292.78745  280.5608
 258.844    247.12956  242.08318  300.33282  348.15094  293.67612
 283.67398  293.7252   273.4942   295.96722  267.52145  241.70192
 257.7217   287.49274  239.87355  233.56642  274.98938  283.00848
 278.0416   267.93317  324.47134  312.9027   269.571    235.26718
 256.3301   303.30878  318.57626  271.41815  115.52635  312.24054
 220.83617  280.29257  239.91864  315.0229   279.59723  255.80232 ]",[6.130938  6.618044  6.0832653 ... 5.6112328 5.449213  7.9702425],6.251534,0.05707808564231738,0.23880370416441915
2,5161,Transformation_Matrix_W,"[[ 5.759015   -7.3124647   5.4887414  ... -2.242118    0.23913239
  -3.532704  ]
 [ 7.1935163  -2.3518958   0.84147745 ...  8.009427   -4.668011
  -0.57740265]
 [ 0.50943494  4.1106534   8.466636   ... -6.4043603  -0.17910527
   2.635711  ]
 ...
 [ 1.7636997  -0.7540423   0.7103327  ...  0.957834   -1.1222129
   9.356036  ]
 [ 4.557868   -2.1268532   5.243871   ...  2.692563    3.6370635
   1.6689525 ]
 [-1.3884388  -0.5248543  -6.2091403  ...  1.6930383   4.6091676
  -4.3191867 ]]",,"[279.38324  284.69464  234.8122   235.4397   242.15462  286.62494
 284.82327  302.13422  211.58719  237.46442  218.51674  250.79182
 262.05792  260.44168  243.52773  240.1659   127.901245 309.42084
 217.67473  288.54526  211.45628  230.83372  266.2917   330.20584
 224.46277  256.58783  343.90112  244.34955  249.51099  223.90083
 134.32396  223.57304  290.97174  140.86465  274.90396  245.40663
 252.86769  305.2637   226.30495  246.26434  298.78897  274.8629
 279.55185  200.95883  256.7762   265.18066  295.45905  270.64404
 275.04886  258.76395  190.20554  304.51392  233.52998  248.71559
 217.81082  270.2908   308.34116  255.15665  241.57086  270.2732
 293.42786  319.54163  222.65536  275.18173  257.38672  261.54697
 191.41333  221.45177  242.80595  202.30708  291.34048  300.17258
 249.1532   197.81938  214.99742  244.49167  319.457    270.3788
 221.48555  330.1196   264.4903   300.76077  227.03201  298.42035
 239.05757  193.38095  330.5424   267.77063  288.1173   218.34251
 223.38309  308.9538   225.30338  282.01712  262.5354   277.9774
 294.50858  348.27014  233.11995  221.77608  273.50873  262.36942
 200.82861  304.31195  234.93237  230.00505  305.99112  318.166
 265.9069   226.5226   285.06726  252.6526   211.82108  233.36725
 277.43988  229.5402   349.94443   96.37419  263.8982   258.1176
 317.99643  282.91867  247.09328  300.47302  222.99036  218.62053
 229.96284  279.50006  126.8153   260.98593  259.4252   234.4547
 287.75827  276.00757  271.63052  200.88812  229.64084  276.72803
 221.25648  248.04102  242.81224  205.10161  260.1663   219.94958
 230.41798  277.34717  252.91667  318.5476   256.29196  251.34274
 288.91302  274.56223  295.37967  251.03062  272.6638   234.45831
 271.4252   282.63864  309.62247  281.7328   235.44908  312.8477
 303.33112  244.04907  222.13905  217.33475  241.63933  186.15971
 317.5958   272.89432  269.32898  302.81238  313.29578  264.7944
 227.64201  228.894    332.6653   262.0783   251.68214  292.47742
 223.92317  266.32996  242.33833  266.11905  235.24551  147.18105
 287.3757   295.1135   270.2744   277.79974  251.23932  246.14842
 243.49089  216.9577   332.43225  334.574    232.29123  202.5157
 299.88144  273.5134   251.22017  333.92096  279.77704  281.56006
 202.42824  258.1048   268.68478  262.7577   336.39307  261.67014
 187.62346  280.7352   194.0213   266.81268  233.71642  267.51285
 200.72078  218.35464  262.42844  264.12558  256.38754  217.68677
 139.44244  199.30424  276.69086  303.08496  263.0365   321.02054
 294.5001   248.594    286.26877  329.66943  208.40378  263.20895
 222.15796  279.36246  234.6983   255.65323  275.22177  320.37115
 275.1407   274.17     322.75586  227.69737  257.11844  208.04419
 245.12395  264.047    263.8323   276.3      247.28062  295.55255
 267.74783  253.15836  267.52563  126.76221  208.55429  211.62688
 234.72916  300.9571   231.43866  250.21529  277.40015  255.11728
 336.40747  272.06592  253.89836  278.66003  228.605    301.5071
 315.13684  307.46887  272.58267  187.0372   266.23386  227.61897
 264.43497  232.21103  281.14664  219.84958  236.2191   298.71927
 235.10217  232.43987  301.46036  274.1123   253.20969  278.14944
 277.4891   304.19537  267.61368  255.22688  246.68312  264.99884
 251.91617  304.7862   183.33339  260.69965  269.9129   231.3601
 236.73091  372.66354  286.08948  289.38205  235.72543  275.97324
 278.9346   250.08977  319.83093  196.40976  281.87042  265.43726
 249.74889  258.41953  230.20477  254.6601   256.85187  288.0755
 269.32965  206.73727  257.9013   275.69446  275.32904  264.99252
 256.91705  288.24033  238.82927  246.68633  234.0125   277.95566
 238.56607  261.6949   315.1356   248.68614  261.1927   229.4555
 230.75014  279.27206  278.53287  234.88658  300.30664  105.47958
 287.74243  268.66525  228.8922   352.94928  272.3731   244.04868
 234.86     288.2282   252.43245  252.17244  234.62537  219.46219
 268.05463  246.6621   279.5147   258.40323  281.8969   280.82077
 255.00967  251.45924  278.88147  270.13794  317.80957  260.34506
 267.2527   271.28854  208.52826  212.0092   316.84995  272.533
 313.8527   266.27322  234.35713  252.93108  251.9775   234.7557
 275.77258  363.38107  260.6696   234.02185  287.94818  257.27167
 245.07742  102.12968  223.26358  249.69151  287.3316   263.28262
 267.62006  237.51013  264.36075  231.52725  213.16844  275.85782
 275.73074  266.9958   269.32236  275.34814  308.12845  291.0428
 316.89508  293.70892  276.57007  331.70825  270.4659   285.31506
 246.72629  229.73982  193.9306   254.13269  304.00226  210.29985
 252.11429  271.2463   327.47968  218.28468  265.56393  240.89243
 271.9228   261.67862  282.41245  266.3322   227.7376   297.54944
 245.53276  297.7902   159.50189  319.65613  286.63766  248.22545
 266.16364  232.12567  243.2272   306.4393   234.93501  187.50562
 257.53027  218.94533  229.7014   311.3958   231.7109   215.9273
 223.58017  326.60843  243.41241  233.83708  258.58585  239.18967
 274.76147  309.7437   301.0427   253.1939   307.19745  280.75104
 250.76225  266.73605  291.92453  219.19722  249.72192  234.66599
 265.29773  259.97498  200.92361  284.21793  272.74982  313.13086
 225.20259  339.7891   295.15747  172.13155  269.80756  275.84164
 286.51846  227.79208  286.5403   248.6393   277.80402  325.61508
 274.21124  315.4025   289.70718  254.5829   257.24768  249.46613
 316.52258  253.47063  230.00883  243.49185  304.12354  278.02444
 302.79724  252.6371   217.70686  243.83438  298.29752  237.83809
 249.79788  257.56906  227.07674  270.2514   247.28136  280.04132
 260.82697  138.43164  266.19     247.17601  212.90988  295.42935
 241.9932   289.88025  223.86012  201.21555  289.25613  291.68954
 346.18152  235.08838  283.80496  258.7376   314.04907  258.8751
 249.96295  249.76474  238.4633   265.0979   275.64197  280.10254
 296.46164  264.36868  278.07538  271.14062  202.824    279.72705
 231.0403   275.6295   274.27454  265.6342   246.51746  234.30424
 344.0311   264.4782   257.61407  265.76886  318.05453  293.76538
 238.50221  239.58662  278.8817   240.24356  187.6672   259.41437
 227.87445  255.36414  261.96826  254.30676  268.1702   209.23268
 269.05273  268.46738  252.9544   252.58092  278.9587   284.1178
 272.15076  264.9295   270.0411   258.36334  240.70114  264.68082
 235.68425  244.02032  265.95325  248.63235  283.56772  240.61035
 220.7891   195.90811  285.85843  248.48035  243.93597  288.38373
 312.94946  278.7287   254.93956  267.84485  276.50482  208.86264
 225.26134  265.6408   228.70631  290.3325   251.18753  273.1021
 264.97818  244.27034  273.41776  258.31134  303.36926  247.23064
 266.50647  260.5347   258.12885  245.49606  411.38397  282.01428
 317.71448  264.28015  263.0804   227.20787  245.99413  273.24054
 238.59949  309.04932  300.68173  295.71506  265.1157   229.30334
 337.11978  260.86502  224.57399  283.14047  269.29312  266.90155
 222.79955  177.58432  255.44444  292.77444  231.63728  243.83531
 331.73898  285.01257  211.85524  300.7713   265.3748   317.1788
 311.16852  213.32173  272.80365  254.5231   259.9049   262.40106
 231.0265   259.0808   262.8768   251.29738  359.28998  193.2061
 240.7939   225.8317   103.378365 256.73584  311.9105   297.6569
 278.81964  229.1603   324.5888   297.4283   203.27214  285.51523
 286.67587  229.49146  266.75183  258.58664  320.0483   241.25262
 270.59137  271.9743   275.75125  265.96094  303.10107  216.33826
 258.05728  224.1162   243.10388  223.39769  261.35672  284.0239
 305.6827   238.08481  237.68414  206.81342  292.9312   261.10626
 262.96713  184.871    246.21904  246.81741  190.09555  262.6233
 259.96033  231.88922  260.44293  275.95035  262.57178  269.67377
 296.62515  269.29675  218.64667  258.53122  211.86082  220.19957
 293.8969   213.38991  217.87193  279.6302   215.3692   220.84697
 228.18434  222.9349   221.09811  180.0741   291.25687  281.90253
 250.24666  196.0241   233.01093  265.59952  281.05682  277.8769
 290.85754  279.29697  232.52898  270.50684  214.90996  281.29523
 263.37372  218.61295  267.1532   309.26962  280.06885  279.20532
 255.35011  236.30203  234.44234  289.1884   337.8476   289.0769
 273.34653  285.28122  263.64175  287.8648   260.47778  241.3751
 249.83481  273.07962  235.30946  223.6541   274.10693  279.44577
 265.7978   263.03738  309.47647  297.4822   268.0205   227.81107
 242.49202  294.9052   313.2362   260.8914   106.39972  306.0371
 215.48747  268.96353  236.7545   306.50772  273.0639   249.07619 ]",[6.115734  5.885614  5.553141  ... 5.434701  5.2115417 7.6098704],6.153372,0.08387909319899245,0.2823967207283069
3,5161,Transformation_Matrix_W,"[[-0.21787521 -1.618034   -0.554374   ...  1.2058941  -3.8858979
   2.4602644 ]
 [ 2.0855489  -1.8658525  -3.0333984  ...  8.180122   -2.1051295
   0.37367818]
 [ 1.2766358  -1.6548405   1.7795725  ... -1.255185   -1.0437634
   1.0589195 ]
 ...
 [-0.23729411 -3.8192914   0.30712482 ...  2.7764986  -4.7245727
   1.3049753 ]
 [-0.82394725 -2.3759594   2.2950804  ... -0.23793443  0.22779824
  -0.77875566]
 [ 0.55675274 -1.1895956  -3.115168   ... -1.2706177   2.0036066
  -2.7302244 ]]",,"[272.44342  276.48093  223.36769  224.39865  232.8176   277.28903
 270.01703  289.8571   196.91457  232.61014  209.79613  237.39334
 252.90268  246.35718  233.29736  220.82138  116.887276 297.27988
 209.72743  283.5747   198.99388  220.39601  258.0678   316.32233
 216.84914  247.43983  329.36533  237.9341   239.78568  214.63782
 125.717255 215.34007  278.39563  132.38408  264.63135  237.99028
 238.97331  292.39612  223.39456  237.25221  286.15735  264.1698
 267.4653   190.53633  249.04343  247.08504  288.74734  263.38934
 263.70435  246.7871   175.96901  288.69162  228.61375  239.49197
 205.10806  264.83435  292.29306  237.08978  234.73822  261.06732
 283.91367  311.84824  210.31993  254.90385  248.83942  257.0022
 176.53862  212.6322   238.28983  195.3611   279.5422   285.7967
 246.02173  183.31374  210.88039  238.997    312.7682   252.24135
 210.20352  306.27722  252.50566  276.5431   223.78624  288.4754
 230.49736  183.3779   310.37405  248.32887  276.5793   211.23
 214.7606   296.32547  218.48863  268.0789   252.09303  266.80643
 277.64026  331.0643   228.14407  216.698    259.04013  256.82727
 193.43979  286.10757  224.61026  223.294    294.91132  304.8289
 257.5587   215.3767   271.70285  244.50941  203.36063  228.44606
 268.2625   225.83374  343.32736   85.14046  255.3315   250.9781
 305.79346  272.38016  236.44716  288.56998  219.76756  210.78299
 223.20456  268.97723  118.21733  251.8735   252.17792  224.91719
 277.4483   268.22656  264.07254  189.3844   227.4028   260.40884
 211.10007  232.64035  234.53798  196.77324  251.92513  210.54152
 222.20074  264.25388  239.4654   300.88782  243.504    244.19589
 269.868    270.5167   288.88522  244.23608  259.96008  225.18925
 254.19429  274.9297   293.34842  265.35223  227.44453  302.31982
 293.65268  234.89833  211.00009  216.13356  230.44044  162.36853
 299.98627  261.27682  258.329    283.2518   305.97632  247.05113
 219.36652  219.26097  319.6718   252.8363   242.09885  280.60382
 220.05247  254.83377  233.02368  255.12843  227.41539  138.72777
 278.21368  291.85324  248.81177  260.34927  240.53638  236.23727
 236.24065  210.4502   322.78394  322.28568  221.01308  190.74829
 286.94528  264.0889   242.22913  323.19254  271.5171   274.67487
 194.65169  250.02927  254.84158  253.80283  320.7718   257.13477
 181.47649  269.83817  182.76456  253.98143  222.69298  261.85037
 189.13905  214.67613  244.9537   248.42218  243.42758  208.22603
 129.49684  190.52486  261.05972  285.21454  253.12976  308.56186
 286.12476  240.30055  282.74762  312.4107   194.89949  245.79478
 217.09436  270.8237   227.09967  247.51068  267.68115  307.0398
 264.83878  259.99933  309.2524   217.99623  245.08076  200.5813
 233.08517  252.33487  254.51709  264.97116  237.29573  283.89178
 257.3495   244.60551  258.05173  105.98353  199.01523  191.77289
 226.51434  296.70935  224.34497  244.14809  234.16396  248.0992
 332.18155  257.3142   246.82361  268.07397  228.49165  288.11273
 303.84225  289.05817  261.65393  182.39421  252.56346  216.32831
 251.5109   228.99722  268.08902  215.65526  221.14519  284.25107
 223.45456  219.7321   280.81525  263.43967  244.579    271.69135
 262.08307  289.8957   264.49902  247.51962  235.06494  254.6894
 246.42928  286.94077  178.37929  254.75446  261.4503   220.04727
 230.59088  339.751    274.42776  280.18857  226.1834   264.88458
 266.6352   235.63411  299.5249   182.31155  268.17664  254.61572
 239.78664  244.58215  223.96254  253.31572  250.11136  280.9907
 258.9499   197.41216  246.27318  259.05978  264.5934   255.35934
 251.4355   270.65155  228.9597   241.84805  225.42465  262.71405
 227.00978  256.5076   306.40237  243.40979  259.10953  216.79218
 202.9172   267.732    269.62094  224.24474  285.2836    96.062584
 278.09644  259.4147   209.35846  333.7715   260.95755  236.12329
 221.36943  275.72684  222.25821  246.28607  229.06674  215.32317
 261.90332  235.99309  267.06613  250.2671   280.21774  262.62408
 247.35881  237.10255  266.33423  257.96332  308.3555   253.26375
 260.48032  261.6405   201.0478   206.39018  310.24637  260.32358
 292.3132   260.16367  226.185    244.73688  239.10022  227.20209
 268.54147  356.92505  251.35075  225.14249  277.52158  243.36156
 236.85211   91.52961  214.86452  236.30965  275.3831   251.15576
 251.88011  225.81874  249.5671   224.27159  206.52336  261.48697
 256.84238  247.1673   264.4033   261.4552   302.25424  281.93884
 310.7049   279.98047  267.2595   318.2061   258.0409   278.08136
 234.26323  222.50471  180.62654  242.98897  299.2404   201.72241
 244.65239  258.49765  310.24533  210.25397  251.79422  235.62253
 256.41122  248.101    272.23343  256.8362   212.83513  289.86453
 236.63583  292.1911   148.43619  311.18878  276.9099   243.70558
 254.04364  214.66895  239.13907  290.72916  228.95303  183.91005
 253.17047  212.76227  223.20416  299.23273  220.86005  207.61865
 214.7067   313.63403  232.20251  229.95433  244.7168   232.5843
 268.17258  295.77814  288.57364  240.26634  293.79337  273.83496
 243.32433  253.31224  276.20065  213.11058  240.36963  220.55888
 252.11385  252.12271  194.0665   278.19858  262.43973  302.6501
 222.9686   331.75223  275.6507   159.2244   255.4619   262.36954
 267.654    218.58977  275.98132  239.31218  267.2479   320.4209
 257.5259   312.9967   272.03726  239.94562  228.82845  236.92693
 304.63452  244.2169   221.66473  228.56543  284.409    268.56393
 287.0691   248.04924  203.92897  231.20024  284.44226  234.32387
 241.6776   253.10316  217.0502   267.16196  238.47421  261.9427
 253.8054   129.24748  254.8214   241.76181  197.27878  285.33884
 237.78055  273.95737  209.09283  198.47287  275.83722  275.6784
 333.3719   222.42737  276.59146  250.79807  290.04712  250.10417
 243.23523  244.64935  233.80905  253.82655  263.82132  270.34326
 275.10455  254.60979  277.4815   262.77277  197.99272  270.57202
 226.50548  267.70303  261.2315   250.97069  235.41026  226.43285
 331.8537   251.93758  251.83058  253.07268  300.2468   278.0457
 223.16734  227.8608   267.20023  231.5039   187.37933  252.45319
 220.48494  246.72813  254.20525  241.39815  251.79236  201.42154
 263.26367  258.40115  241.22215  243.01938  268.96304  272.06772
 259.17392  248.54056  262.89255  245.64302  233.92546  254.50133
 220.75664  238.08498  251.83173  240.85808  274.51068  226.57535
 211.66783  166.7622   278.079    235.45007  236.85318  282.65387
 303.70364  272.3827   244.85881  253.40112  268.26892  205.36612
 220.21753  253.00227  221.50844  271.30182  236.2154   265.8203
 250.30238  236.7605   265.30493  246.75551  295.27975  235.87592
 255.86209  250.48596  237.90584  238.79329  404.9026   270.9955
 299.90158  251.84901  252.83662  222.66023  239.78616  268.24307
 229.39821  295.65015  289.52118  284.57074  257.22247  217.47183
 327.23877  248.83337  214.90416  273.4218   262.05133  256.18256
 175.69644  156.92223  243.39914  277.87463  225.74284  237.79773
 326.181    275.73022  202.29819  286.57617  254.9757   302.18964
 301.32788  205.02881  268.35272  245.4972   249.44885  248.08363
 220.53954  249.35973  248.74121  248.06369  351.6433   185.30504
 229.52563  215.00592   94.96382  245.71376  302.2752   288.11945
 275.98383  219.42502  312.45883  288.21783  193.59485  275.0935
 266.52664  214.82353  253.66211  247.037    304.3897   234.31337
 259.40488  261.49884  265.44272  255.05432  288.77124  211.2206
 251.35315  210.2475   234.56601  215.5525   254.78586  272.6792
 294.70337  229.00024  223.46489  198.92354  285.16568  246.49178
 261.63116  177.81393  232.83743  232.32666  180.62206  253.24341
 253.14359  222.13983  246.99326  261.0664   252.40652  262.57828
 286.62463  256.91562  213.86786  248.43689  202.09758  214.9301
 282.02777  206.48328  208.93344  272.0727   205.1151   207.09695
 217.52078  217.21336  208.96265  173.10855  280.5238   275.85858
 242.87114  184.88173  197.44595  251.30171  274.44455  266.1032
 279.50803  269.70074  227.52272  257.4706   207.23143  273.0859
 254.86215  217.9852   257.01202  296.70895  272.14752  267.38635
 250.18036  215.4488   224.28775  274.95523  326.94562  276.7636
 262.7783   266.25937  254.71008  277.90762  246.69894  232.54631
 238.52316  257.76428  224.87556  217.4204   260.09058  266.65338
 251.77797  254.4972   283.30365  286.94553  264.24008  221.68532
 237.58925  286.0361   301.10675  255.51964   95.054    292.04083
 210.2586   258.00537  229.93108  288.70987  261.11465  241.64778 ]",[5.81772   5.803764  5.756877  ... 5.4470487 5.372581  7.348294 ],6.025875,0.13360201511335013,0.33450247246736114
4,5161,Transformation_Matrix_W,"[[-3.7277025e-01  4.8952416e-01  7.0227522e-01 ...  2.3555088e+00
  -5.1834565e-01 -1.3074994e+00]
 [-5.7004787e-02  5.5915427e-01  7.5027937e-01 ...  1.1358405e+00
  -1.8338575e+00  6.8713909e-01]
 [-3.0414250e-01  5.4357624e-01 -5.1378936e-01 ... -4.3992063e-01
  -5.9933561e-01  1.0434281e+00]
 ...
 [ 8.6660403e-01  3.6508167e-01 -7.5952965e-04 ... -1.3103439e+00
  -5.9037894e-01 -5.5983895e-01]
 [-8.1246799e-01  8.8908494e-01  7.5458303e-02 ... -1.0793245e-01
   2.0653481e+00  1.3834711e+00]
 [ 9.6184516e-01  1.3686988e+00 -5.9290171e-01 ...  9.9715358e-01
  -1.6179899e+00 -7.8969128e-02]]",,"[259.75806  273.26758  218.93779  219.50053  228.7669   263.21042
 270.75613  280.3289   192.21597  219.79706  205.8189   224.91437
 250.82195  240.33969  221.07536  210.12231  109.610855 283.90942
 202.19925  276.09253  192.6271   215.56245  248.49889  294.87805
 211.70602  239.98302  322.92166  234.61053  233.76555  210.28996
 120.89952  207.14897  269.27036  127.50941  260.68472  230.44653
 233.97893  284.3172   217.82019  229.85059  278.15866  258.24567
 256.61624  185.7601   239.64034  241.25894  275.06808  248.69945
 250.80489  240.04971  174.97974  282.329    216.19963  232.78122
 190.8504   259.82193  281.15955  228.12471  226.97632  252.84862
 274.5033   297.4734   201.42836  244.07507  247.64038  251.4927
 171.55801  205.98381  227.73517  190.16364  269.19202  278.37708
 237.21089  176.54974  210.53519  232.12457  306.79456  246.21194
 203.53488  292.17368  241.10316  258.62592  216.6301   280.8641
 224.55319  179.61555  297.45895  244.35922  257.59042  207.59538
 206.44402  291.8411   211.31192  259.52097  243.14558  260.68845
 265.6682   316.06168  224.05159  208.42178  250.706    250.27235
 186.13023  274.63614  218.02597  218.22299  286.029    293.49435
 245.93962  210.54048  262.49802  238.2476   199.4498   222.8992
 255.46187  218.50351  331.8766    78.77888  247.05801  239.17484
 297.64847  270.5706   227.51198  283.21475  214.93575  206.66885
 211.62747  265.45248  108.60706  246.89558  248.47328  221.57033
 271.991    259.17505  256.99026  183.35573  220.43031  255.15413
 203.7509   228.52428  223.18605  190.69331  249.87979  206.12466
 218.61911  252.97075  228.07588  296.6697   236.2675   234.86589
 258.0658   260.05634  279.99612  237.77887  245.05618  222.96954
 251.17877  267.66693  277.71915  249.81497  217.1525   291.56845
 287.34872  228.48302  207.88652  210.16827  223.91722  153.50368
 290.00388  257.5716   254.52357  267.68073  289.38202  232.50493
 213.35376  212.4533   305.7187   244.57304  236.54247  276.35217
 214.49394  252.69937  223.51892  236.11044  220.98582  133.89394
 271.68826  283.1052   241.04724  252.39075  233.7581   223.46577
 230.91338  200.26743  313.59784  303.88287  214.26004  187.34105
 274.3181   253.61543  234.26425  307.06216  264.78934  265.93307
 185.6855   246.84026  241.66342  248.39778  314.13425  249.37836
 175.91875  260.99875  176.81764  244.26457  224.55936  251.76732
 183.29358  210.01537  242.11108  246.65128  238.48578  204.9641
 124.59372  181.437    252.99861  283.2468   247.5234   300.59418
 269.7156   233.27052  268.0862   309.19687  186.03084  240.12111
 209.74817  259.83258  223.89738  243.9571   259.79285  299.62357
 259.6039   247.4245   303.50656  217.93004  238.98553  192.50334
 229.61086  244.17358  247.96716  253.19464  235.7516   271.91577
 247.63217  240.4426   249.96266   97.706245 192.77275  179.65395
 219.77736  287.67453  216.1196   241.71188  209.76381  244.68578
 326.01056  252.6272   238.88753  269.16626  220.14375  281.59622
 296.7193   284.92316  246.45758  178.04214  241.95001  208.65152
 243.88795  228.27448  259.01147  209.30531  211.95026  275.25357
 217.90417  212.37498  269.9149   252.36707  236.7451   257.01373
 256.6789   283.94977  255.77156  241.32562  226.21057  250.23596
 241.02785  282.27628  177.84271  246.55302  251.9461   215.05266
 219.93054  324.60413  270.9774   267.52368  218.96976  256.1685
 261.7521   230.63927  291.7314   171.65771  248.58302  245.70486
 231.57976  238.87761  219.33868  245.43935  245.06302  278.43185
 251.02193  197.32675  239.61029  251.49757  251.88675  249.44951
 245.52022  255.76396  223.4065   235.1522   221.8822   255.25465
 220.04805  249.54048  292.39734  236.17401  250.90034  209.97765
 186.69836  259.58905  259.8806   216.06702  276.69223   90.58767
 270.53964  250.79219  191.259    322.8382   255.83434  229.34863
 215.02722  262.92343  209.25638  240.2829   221.19135  207.4005
 249.75409  232.2655   258.20004  244.97455  272.79593  255.10663
 243.40588  228.29317  258.45346  253.78947  298.62106  244.59573
 249.79877  251.3307   200.56918  201.39609  299.15402  249.67592
 278.8093   251.01149  221.67682  239.59305  226.99367  223.30798
 248.17812  350.69205  244.18077  219.3243   264.57733  237.84628
 234.90623   86.21809  206.47435  225.8857   265.1743   246.67549
 243.54112  216.2963   232.94531  215.08     199.95586  256.5256
 249.91437  242.8453   254.93086  250.9572   290.07544  271.12128
 295.22882  266.56146  264.45822  310.91312  252.53738  276.5886
 228.5528   219.27124  169.06805  243.33076  288.30057  197.98824
 238.58315  252.38127  304.61212  195.8239   239.42238  230.47414
 249.10849  241.717    260.4605   251.8813   202.24611  285.26483
 226.71753  280.6021   138.43622  302.24026  269.49185  238.57336
 248.0006   201.40027  231.57596  286.57196  221.56673  178.13431
 244.92802  200.86534  214.05246  284.61273  216.37502  203.15788
 205.1384   303.82764  228.60974  223.50223  234.21407  229.20978
 258.77893  288.99234  282.07614  237.83423  284.26212  265.85104
 240.00183  247.63422  267.26474  206.81332  231.42683  216.31079
 245.09857  239.36815  186.01355  270.2239   251.49017  293.11823
 216.3258   321.90332  275.87415  150.79771  248.76657  264.11234
 260.30725  210.97034  267.89154  234.3071   255.76071  311.5014
 251.32307  308.66284  261.47366  236.08878  205.02542  228.00183
 298.60495  240.21252  217.7028   220.19255  268.2925   254.11034
 273.03665  240.53725  198.77946  224.73386  280.96783  229.93011
 232.23723  242.58492  209.58731  264.23386  229.31207  256.10858
 243.87607  121.72619  252.46852  232.38611  195.73947  283.16776
 231.66096  265.87485  200.88542  191.93686  269.41196  270.13336
 315.73312  222.81541  267.7262   249.7162   279.63794  244.3016
 232.74327  232.68793  232.18506  242.15358  257.44806  259.79666
 269.22195  245.73634  271.27692  254.43811  192.18849  262.23575
 215.08618  259.29977  251.45474  248.4797   227.2789   219.10594
 322.89526  249.19827  239.38033  243.63092  293.71243  267.41376
 213.37054  224.21873  259.56406  224.9809   182.25243  247.71716
 216.8884   243.30835  253.91618  228.85562  246.50945  195.66702
 259.6443   249.14757  232.29091  240.5018   260.07986  261.7914
 250.58607  237.5373   256.1017   235.94815  225.03424  248.8843
 208.62527  233.97177  241.89636  235.05875  264.66403  225.66075
 203.85237  149.18271  266.53394  229.80783  227.90349  272.815
 284.4503   260.9811   234.10031  244.40236  268.02307  195.6543
 211.79669  242.20085  216.71916  263.5869   230.92232  259.28955
 243.07253  230.07138  257.38373  242.80379  283.49628  227.20631
 251.8811   240.70369  226.23293  234.15572  388.2692   262.36652
 288.03394  239.97687  242.41142  221.10658  229.5975   259.9983
 220.95018  289.35297  276.67892  276.6908   246.05682  216.35614
 316.04007  238.66594  213.25005  262.60867  253.216    249.1871
 150.52054  147.74289  231.25243  268.7351   224.41432  233.37582
 313.46152  267.36636  197.18738  278.9641   238.3634   295.39746
 291.48386  200.8697   257.63147  234.6586   244.42761  240.13345
 215.35667  236.26303  244.52621  244.29645  337.4585   181.37445
 224.12013  212.69931   89.69767  237.0068   292.71475  281.6726
 265.1804   213.1956   304.5382   283.91992  187.19566  268.30594
 258.9534   215.83662  247.68187  239.72108  296.60046  228.23666
 253.50835  256.3684   254.77887  241.70006  276.4659   206.26404
 243.93759  200.25484  225.694    213.97127  245.15831  263.36365
 277.5701   222.65898  215.90501  193.98068  275.9419   237.50256
 254.39702  173.73047  226.72351  225.50887  179.63826  250.28868
 246.81409  218.52449  241.344    259.3123   244.05742  258.1985
 282.01593  247.96518  209.4624   243.08467  200.7982   208.54422
 271.98874  204.45139  202.69325  262.94946  198.11995  201.80939
 210.68248  209.22324  204.04828  164.9096   272.13535  271.47385
 231.3537   177.23697  185.17369  248.35155  262.70047  254.34111
 273.43466  262.51718  222.73605  249.21078  200.14653  261.2835
 247.99608  209.60378  251.7558   284.4122   268.41342  255.22968
 243.08536  210.18935  220.0614   260.85202  310.5504   271.7339
 253.38388  255.76234  243.7627   269.75793  242.10709  224.91429
 236.79463  251.47168  219.90247  212.25941  252.34485  255.88646
 243.40593  251.4894   269.04843  272.3508   250.64877  214.02795
 226.28506  274.0611   292.39066  246.85905   89.66235  284.73917
 203.59648  248.23557  222.58223  281.63806  251.89307  236.01219 ]",[5.76912   6.09266   5.7124095 ... 5.532902  5.33253   7.025129 ],5.930343,0.16201511335012594,0.36693284001764376
5,5161,Transformation_Matrix_W,"[[-0.10681517 -0.4664575   0.5402323  ...  0.7587966  -0.9548006
   0.25164816]
 [-0.11306472  0.41116235  0.04384917 ... -0.57130075  0.54517657
   0.04984167]
 [-0.62885785 -0.0716977  -0.06675706 ...  1.0955558  -0.39794156
   0.05740538]
 ...
 [ 0.3792063  -0.7682924  -1.16451    ... -0.40119615  0.43731773
   1.0372881 ]
 [-0.4689649  -0.4853489   0.36956036 ... -0.85359144  0.2587858
   0.41118163]
 [ 0.16689064 -0.21381043 -0.35283417 ... -1.0679845  -0.28974828
  -0.74570507]]",,"[249.2874   261.6237   209.73532  210.7552   221.18121  249.4092
 256.02603  264.8423   181.30241  220.5674   193.16644  212.53423
 240.83061  228.38155  214.17531  191.36684  104.14303  276.17996
 196.27095  264.8157   186.07631  209.43588  238.07301  274.47986
 204.76724  232.69144  304.18774  224.01955  223.68964  201.56339
 113.8627   199.83452  257.22092  115.605865 252.04897  224.30086
 222.27043  277.8922   208.36516  215.02327  261.05157  248.17297
 244.6758   178.53186  230.06006  230.04306  255.89297  240.98782
 243.8749   226.73978  166.69858  268.9394   211.04117  214.96057
 181.6891   244.56639  271.5215   212.25206  219.4633   247.01491
 260.97708  284.66428  198.99245  229.3937   236.93852  241.52425
 161.5295   203.91364  219.80336  184.35701  253.88092  264.2512
 229.498    165.54387  203.00185  224.31348  297.65677  234.28139
 197.44853  274.0439   235.63643  236.63249  209.8098   263.15143
 211.8508   174.70935  281.0511   233.97838  246.45212  197.77667
 197.0119   276.03397  204.66663  249.64374  234.4828   251.22354
 246.77463  295.21875  215.35258  201.85606  239.33386  238.06474
 179.55806  260.8369   209.24606  213.10526  281.41397  274.9848
 236.58794  202.45763  246.4159   225.26436  188.61998  220.38632
 239.02121  211.47527  316.3564    74.4174   230.53532  232.49156
 286.44672  257.0913   220.49213  267.66205  202.34802  198.88718
 203.75696  251.23523  102.595764 242.8742   235.76349  208.82207
 257.93127  242.1169   248.16927  174.63123  211.76123  243.87076
 198.1398   220.64941  213.82751  187.65585  239.20296  199.91733
 206.61536  240.34044  218.20891  283.06857  221.51979  224.86191
 242.8949   248.48271  271.22977  223.31512  238.577    217.81435
 234.71956  253.09016  263.9398   231.35403  208.70453  279.7431
 281.0658   219.10274  200.8237   203.69884  213.449    136.88606
 276.80795  245.57465  237.39148  257.94968  279.23523  219.41258
 208.90892  200.36494  294.52176  234.27457  221.37607  257.02582
 205.27408  239.28915  220.4541   223.50288  213.81606  128.3492
 257.25186  272.96143  225.93495  241.54942  232.39825  215.54053
 223.49524  188.63599  301.9961   287.66492  206.10805  175.02914
 261.07788  239.30615  226.01347  298.6764   251.72485  255.20595
 183.16435  240.5779   232.64465  238.47116  298.75296  240.1316
 164.3007   251.94226  160.1193   239.51085  215.92     238.01747
 173.27737  204.2356   224.21832  240.3315   228.25577  192.66576
 116.61542  173.53363  242.19423  271.98474  236.14537  291.6726
 263.09814  223.92719  263.5518   293.73215  176.73123  229.28558
 200.83247  251.2913   216.61832  236.025    248.81046  283.68472
 252.15543  241.89676  299.49966  211.26562  229.8634   184.92146
 217.40163  229.0735   235.42738  244.19629  225.23299  255.34578
 237.86842  230.95674  240.29874   85.82184  189.09457  174.12825
 212.46611  274.8358   205.37607  232.28223  178.8036   232.77869
 311.53833  247.11385  237.3361   256.39996  213.03842  271.87433
 283.9104   275.7753   242.48174  167.72018  235.42009  194.90964
 235.79352  224.2608   244.3118   201.34865  201.90492  259.62772
 206.28688  202.10936  262.19507  243.58925  228.08997  249.3535
 247.49976  276.33444  245.78392  231.08769  217.22136  238.42413
 227.22792  266.567    172.59363  234.70367  238.20631  206.63292
 212.81082  297.35254  250.80777  261.88608  211.29247  252.28975
 245.02309  220.7552   279.8905   161.81863  239.4473   229.83615
 221.20624  229.38194  214.22934  234.95139  238.80748  260.5804
 244.51292  186.32127  225.09966  243.96637  238.67717  245.78104
 238.90758  241.68149  217.585    230.17833  212.06654  246.40485
 212.08913  238.60287  277.89664  224.40729  247.51039  199.61256
 168.38232  249.48726  248.19109  208.42783  264.26245   83.75411
 260.8994   231.95462  170.89336  305.95584  244.60522  222.87984
 206.86401  255.34938  182.41512  234.86446  210.47552  200.9739
 237.8062   219.37843  247.38419  232.86696  264.72336  243.13661
 236.26707  218.15598  245.26541  238.61792  290.43738  231.00975
 241.16493  241.92293  192.69403  193.826    287.28778  234.93205
 266.18896  247.49142  218.14183  228.25073  213.1365   209.00203
 235.15196  332.7736   232.70673  212.64278  261.14148  226.56248
 222.83841   78.64596  198.77841  217.8799   258.30508  233.72536
 232.16115  207.61168  216.69762  202.27878  189.4155   246.02962
 237.45549  230.80304  246.40259  240.91632  277.15836  258.22415
 287.3721   260.07742  249.66095  297.9047   236.97937  269.44632
 221.95706  215.64453  157.29977  233.16359  274.99307  187.22258
 235.69664  241.0033   294.22745  186.56766  229.03484  223.88533
 233.24706  226.67189  253.33875  239.50066  187.43665  272.6378
 215.74617  269.01663  129.13638  287.28162  262.4159   229.26497
 236.57292  185.9999   221.7243   278.5758   213.233    170.19685
 235.67917  193.58186  206.70009  274.14487  211.23752  196.91243
 204.20294  295.2844   221.09848  215.25888  227.78484  220.05208
 249.00655  279.5262   273.74854  231.37012  267.54587  259.61533
 230.32346  239.06079  258.0609   198.50526  222.1179   206.9786
 240.58934  228.30394  183.82968  258.0872   243.39246  277.70572
 202.58266  301.2646   259.19876  140.97902  238.64178  251.15215
 248.9981   207.9505   259.51767  228.85657  248.40828  301.4997
 242.2346   296.6141   252.55183  223.89835  181.10846  213.2946
 283.97958  234.07108  210.12169  212.58882  251.87552  233.8999
 263.50967  237.7376   184.88203  218.34766  262.76022  224.0254
 220.7558   233.15555  207.443    257.26367  219.2971   249.8346
 238.88535  116.87101  244.6764   215.28546  185.0828   274.99484
 221.37482  257.5619   188.49939  187.30368  259.49     258.95306
 300.1141   213.96788  257.85498  243.2172   263.42453  228.45514
 217.93085  222.35472  219.2685   231.83737  242.52975  245.82387
 259.02557  239.62573  260.0347   242.84294  184.3778   261.7934
 211.30276  247.39026  238.87222  235.25107  219.67645  211.30573
 303.40576  235.49074  237.14622  234.59746  274.0815   251.09354
 204.53223  215.1263   256.8165   216.50063  179.21036  236.19913
 208.00937  238.57468  245.9335   217.8575   240.01888  186.31865
 251.22223  235.48038  225.26323  230.42465  248.99254  249.07794
 235.12587  227.79391  245.86823  229.09598  218.80626  241.31628
 195.89928  225.27026  227.6429   226.46315  262.7981   211.83582
 198.47433  127.99422  249.2276   213.55894  216.86807  250.33052
 277.62308  256.15182  218.21361  232.35883  258.15228  189.85371
 202.79631  229.5791   206.73982  255.8692   221.40918  249.2776
 222.77798  218.28375  249.54051  232.74637  268.06345  217.39258
 239.34424  230.25658  213.64908  226.99559  379.83     246.89893
 273.0968   234.51398  233.93414  216.75449  220.26     249.02538
 214.46904  275.22665  266.96722  266.53745  233.41937  203.70888
 301.42044  229.0681   211.16075  250.76385  244.79599  240.47992
 136.98824  135.88649  221.59329  257.24783  217.77505  226.23898
 301.79916  263.52963  182.51752  261.70197  227.73888  270.65472
 278.80914  194.49373  251.62387  223.74783  236.4718   232.04906
 199.29913  227.32031  227.51079  238.43134  328.23657  173.12074
 215.75494  205.89066   85.00418  225.29141  278.48447  268.92706
 254.3911   207.29582  289.84595  268.69977  177.01619  261.0554
 245.40672  204.23532  236.64032  228.85521  280.19778  221.71205
 235.10657  246.51062  241.87059  227.35199  267.57043  200.55083
 234.15375  187.58698  217.04372  205.9073   234.94157  252.81851
 267.36298  217.40892  201.06792  189.31163  261.00812  228.2187
 243.56007  169.4568   220.25687  217.83469  176.63103  240.64937
 226.80229  213.01936  228.10716  251.14818  230.98505  246.15094
 267.50925  235.94495  199.83284  235.11691  193.50832  201.90784
 261.4302   194.82124  190.95189  257.65228  191.383    196.51462
 205.91995  197.92271  199.47562  160.46556  259.33408  257.65894
 220.83464  174.16089  166.67499  237.60152  253.04591  243.30257
 261.78174  255.15361  216.76196  236.31839  193.97638  250.25288
 240.63156  206.19345  243.06302  266.6436   252.65462  243.9801
 239.1574   203.62685  215.52782  257.09348  293.14     258.1631
 239.30298  244.26183  234.914    256.56848  231.22955  218.53319
 230.95279  241.64655  213.19702  196.26596  245.30365  250.3968
 235.91792  240.66487  251.98349  261.33752  245.70567  203.6309
 216.70224  266.14862  284.81577  235.74437   81.22455  272.6324
 193.25093  233.06705  216.75854  263.0752   239.33926  224.77849 ]",[5.5068007 5.8926473 5.6953635 ... 4.8219466 5.2207284 7.0867925],5.8016605,0.21491183879093198,0.4084032561234723
6,5161,Transformation_Matrix_W,"[[ 0.18924206 -0.55900055  0.1848635  ... -0.43241704  0.04693003
   0.18002695]
 [-0.39863902  0.30605155 -0.36250716 ...  0.06065522  0.25430906
   0.42377296]
 [-0.1280793  -0.17373686  0.32133666 ... -0.09274495 -0.00110588
   0.13610436]
 ...
 [ 0.27823842  0.06860241  0.21589793 ...  0.20814353 -0.05635455
   0.18250181]
 [-0.5573436   0.19874913  0.13325156 ... -0.5373054   0.7676433
  -0.03779811]
 [-0.13989125  0.17062348  0.23836143 ... -0.12865646  0.1894501
   0.09125945]]",,"[245.34392  252.20084  205.55424  201.91551  218.53403  240.38383
 248.06255  255.2483   179.60263  213.63928  187.60138  203.96817
 230.16888  222.55058  204.74654  184.3722   100.73321  269.427
 186.5444   259.0651   183.86903  205.83508  237.26129  267.70767
 204.6843   232.19923  304.63495  220.00075  221.24551  199.67488
 108.792496 195.03513  251.06718  114.24821  246.22209  219.71844
 216.28487  274.63373  204.68465  211.96033  251.79305  240.36113
 239.31879  167.5806   226.85597  224.33888  252.96182  235.18102
 234.62196  224.84349  161.19969  259.01263  206.74841  211.75597
 176.33743  236.49463  266.45746  206.00854  215.32628  244.07104
 254.03392  271.6614   193.25963  223.37015  237.79065  240.35283
 162.67238  201.09402  213.8784   180.43697  247.69426  262.04456
 226.25302  160.22769  196.91756  218.704    283.67462  232.78334
 194.57458  269.95605  227.79991  215.62468  207.7706   247.9923
 212.43083  171.1219   271.0042   228.69992  239.72151  191.74193
 191.55649  268.16776  205.82014  243.01219  229.45062  246.36673
 246.8331   285.29922  205.58621  201.08658  232.4715   230.9976
 174.00613  254.11533  203.88866  207.19038  270.90964  266.83337
 231.09851  197.8773   239.93019  226.63976  185.18083  213.43044
 230.09465  211.25784  312.40814   68.99683  222.88329  227.55702
 271.21506  250.5832   219.20628  266.55225  201.87817  196.5725
 198.61147  244.79776   99.05465  235.99118  235.61081  204.61166
 250.12971  240.28754  240.11073  173.17381  205.56396  237.9233
 194.03871  212.51219  210.62013  186.14229  228.1866   193.33525
 201.75308  231.69844  214.10518  271.30054  214.50418  218.57051
 243.63611  240.33052  273.42535  216.7124   226.56284  213.29797
 223.88695  243.56033  254.4068   215.62732  206.81589  274.6782
 276.3768   209.91574  194.86967  197.93587  204.34587  131.88675
 265.12946  242.00774  232.22139  251.35497  267.78613  207.66602
 202.99246  191.278    274.52612  228.72864  220.7393   248.77959
 204.67297  229.97383  213.46742  223.0334   210.80711  122.8759
 245.33067  268.41953  214.13965  235.84885  222.47614  206.20848
 217.4513   181.19145  299.60678  285.338    205.56     173.16373
 255.21497  235.3992   220.14912  288.07446  244.72018  247.24417
 178.9593   234.5575   223.79492  235.68513  298.30276  236.87357
 161.78749  245.79356  161.486    238.30103  208.3228   232.46674
 165.78079  199.6596   227.94589  234.58577  216.66519  191.40796
 112.52367  169.77365  233.13763  261.76242  232.58006  288.58908
 258.29538  222.50269  256.60828  288.03458  175.48239  227.76741
 200.40778  243.38866  208.78554  233.82109  243.09225  273.5697
 239.72475  237.89865  285.61002  207.19777  229.47166  179.85759
 220.77136  225.24902  234.34729  237.90036  222.09166  250.57278
 241.12009  226.29384  228.76904   79.62541  182.77762  171.19507
 208.41475  266.03836  200.82555  230.77165  160.1459   227.12419
 307.15045  244.52429  228.4109   251.98427  212.58908  270.89862
 282.58167  273.32648  239.14297  157.86702  226.76305  195.3291
 231.72327  218.9821   233.88835  198.93399  194.81935  252.2582
 199.40822  194.87753  247.50267  239.04195  223.72005  240.13766
 239.4787   266.30585  241.27536  225.82954  210.12209  237.35608
 229.83688  260.24088  166.95451  235.73586  227.39597  203.12077
 204.25864  289.6815   249.44373  259.34875  206.13509  246.67401
 246.54128  214.96284  265.55804  153.74805  238.44305  228.75449
 220.52623  221.43892  212.84422  236.07117  232.14925  250.68484
 225.45665  182.39987  219.48914  226.85603  234.5114   238.14331
 233.41875  233.5055   215.49385  222.316    200.88644  239.96382
 209.45392  231.75615  268.25354  217.80125  239.68909  187.09235
 158.50478  238.69551  245.30486  203.88452  261.76175   80.64367
 247.65979  219.06866  155.13724  295.57617  233.45676  213.90042
 203.00105  248.22636  168.42659  230.15025  207.55121  201.84387
 231.15851  219.63716  236.47844  228.66637  263.55588  224.57828
 232.30566  212.96791  242.24718  233.61395  283.46436  228.81718
 239.19269  229.92775  190.1098   192.95688  285.04675  227.71626
 256.162    245.87836  209.88277  221.65842  198.27275  203.57007
 223.03395  319.0376   227.00377  209.73143  257.33517  216.31892
 214.43048   72.35662  192.64943  207.7222   253.8612   226.57396
 218.06006  200.5967   206.23764  199.59906  188.65248  238.60693
 233.82596  224.38774  246.30922  233.21704  270.12656  256.4269
 285.25638  253.52942  244.38478  297.77332  233.83508  261.17184
 220.84077  208.9568   144.08218  235.84235  265.92416  179.06944
 223.43019  232.90674  290.39984  177.28687  222.95703  213.44095
 226.2724   225.02774  243.61636  234.11346  180.72665  269.2503
 212.80923  257.6636   124.35227  282.91174  260.29715  221.68367
 228.16258  176.89474  221.09044  262.04404  214.51373  170.36139
 238.0872   190.70094  205.72173  257.47772  198.41284  188.55241
 199.93945  283.10117  215.90953  210.02603  217.67827  218.24432
 241.33926  270.34946  266.30743  221.387    250.81155  247.57901
 220.81477  230.9487   255.05302  190.57585  218.57495  205.05945
 233.00931  215.99538  183.257    240.99748  233.65927  268.11865
 198.28822  288.02618  250.06212  136.16013  228.5338   245.98074
 244.80759  200.54738  252.42644  223.59282  242.11687  288.95923
 238.45006  287.83762  244.85162  216.51633  161.79155  202.35605
 275.3036   228.22255  204.40582  203.38666  243.78992  222.55441
 257.67728  228.71869  172.73294  218.66985  254.9506   216.9822
 216.97035  229.84917  199.74492  250.37196  217.89288  246.13017
 229.8873   113.53135  238.39337  211.8622   175.03076  274.38095
 221.69707  249.25209  179.37933  184.25357  252.0854   250.0828
 283.4691   207.07208  253.37363  237.1723   256.25662  217.83376
 210.0856   214.19002  213.87     221.45978  241.395    242.60664
 250.36996  232.71619  257.25003  238.23418  179.77193  254.96034
 207.46017  237.40569  240.23839  238.38753  217.72292  202.46008
 289.52118  227.1754   228.21474  226.86096  268.97357  246.06453
 190.13416  212.12553  250.3537   211.76283  173.69626  237.34665
 201.35591  228.22792  237.86166  212.30301  236.82625  184.21227
 249.58334  224.49788  220.24956  222.7473   248.52443  245.72182
 224.0694   219.95216  244.94499  221.81393  214.80367  234.48615
 191.70694  221.29897  230.31136  218.25175  251.44527  212.75896
 193.99574  119.08338  245.71431  209.09816  213.2865   247.65361
 267.74512  248.81702  213.26884  225.61578  252.92755  184.35199
 191.12297  221.65436  204.39023  248.39038  219.39784  246.5001
 220.14221  213.28723  243.73125  228.70169  261.03827  215.9751
 233.39474  224.60527  212.99077  219.95695  375.664    245.26273
 263.3819   234.69359  236.16498  210.39583  219.69025  245.91498
 209.83156  267.45123  261.99808  254.4125   231.7658   202.59511
 294.60422  222.89333  210.21303  244.35283  240.01192  235.58496
 129.92104  126.90749  210.75407  254.1138   210.68378  216.28612
 304.55283  249.78035  179.71693  247.98312  223.65694  258.53238
 273.52264  189.8424   243.59807  216.92778  232.87778  221.51128
 196.62735  220.78558  222.03177  226.27173  318.02884  166.34756
 207.44688  198.7085    82.371346 219.45749  277.92776  266.8225
 241.90245  198.72566  275.11325  257.27805  175.334    252.58209
 237.00998  201.38364  228.3374   228.61539  271.40567  221.40341
 230.29967  242.98552  233.18358  227.65147  257.83118  196.07614
 226.97006  180.38771  210.19756  199.83966  231.24673  243.22205
 264.13974  213.54611  198.2922   187.2281   251.51163  226.39487
 240.14551  167.22528  204.53018  213.46043  171.10573  231.26547
 225.2787   205.58745  221.76128  239.85565  226.07994  241.26537
 253.92876  231.47162  192.60904  227.50822  193.2334   203.27083
 256.19516  186.80203  188.4172   251.74878  178.73114  183.14725
 197.8866   196.10497  192.43666  154.28273  258.96274  255.14568
 218.82831  165.41296  160.46078  223.51234  249.04129  237.53246
 252.12778  249.44063  203.77065  224.63791  191.0287   235.01938
 232.11363  200.50163  234.99431  270.70285  245.36346  237.4957
 232.0211   196.58243  206.77754  246.98605  290.18204  247.79887
 230.46884  239.38254  230.89313  254.35747  233.6082   211.23273
 219.6994   233.12791  206.63687  194.3818   239.91765  238.29292
 228.53036  232.75648  231.89362  253.85472  237.96466  200.0653
 210.46008  262.3738   279.1497   234.19333   75.17338  265.59274
 191.93861  226.30305  211.61116  263.94443  228.36446  217.34766 ]",[5.4258547 5.757712  5.653721  ... 5.112479  4.6319857 7.1729946],5.722485,0.2466498740554156,0.43471017978199045
7,5161,Transformation_Matrix_W,"[[ 0.36692885 -0.65117294 -0.15785383 ... -0.00698851 -0.04090283
   0.134608  ]
 [ 0.40965396 -0.23962447  0.06253427 ... -0.25538364 -0.1521766
   0.11440308]
 [ 0.32236093  0.22692317  0.12747917 ... -0.4433498  -0.01240998
  -0.27723914]
 ...
 [ 0.31608114 -0.06393074 -0.07308555 ...  0.25532332 -0.17429182
   0.21386173]
 [ 0.24076189 -0.11134267  0.25288445 ... -0.36525616  0.6251792
  -0.39364365]
 [-0.2353782   0.04474225 -0.17268355 ... -0.13873398 -0.04395147
   0.28158882]]",,"[233.97151  239.55806  201.68019  197.4738   213.8847   233.94199
 239.17616  250.1467   167.43114  210.18947  184.78645  199.7541
 226.39642  218.26062  203.14714  170.19939   95.85079  266.6486
 182.83044  253.87091  179.31291  206.1231   227.68105  253.66956
 200.42987  223.01593  289.37488  216.49435  218.06934  192.76497
 103.908356 190.98631  251.78859  110.69963  244.79364  218.42612
 210.4304   266.36188  197.79407  204.4094   246.75267  236.80205
 227.87097  166.29688  219.91756  223.50371  245.07094  230.82195
 232.57066  215.20306  156.77922  258.1622   197.96216  202.18057
 170.25824  232.83485  252.63345  200.66998  213.40439  241.48141
 253.00931  264.6955   189.63919  220.00214  231.61151  233.3189
 153.77185  194.82275  206.85464  177.28389  241.41428  257.96487
 221.92723  155.3546   194.16199  211.42305  283.7523   218.8206
 187.0931   257.83057  221.5406   210.38934  204.31187  244.01335
 204.16862  166.30936  258.7494   226.3049   238.62057  189.65591
 187.87039  263.48514  202.686    235.01093  226.44484  237.53143
 231.66484  271.48337  201.71796  195.95967  225.19308  226.83328
 170.29723  243.68307  191.13138  204.2275   263.5896   263.3046
 229.41736  195.55666  230.73972  213.75156  179.58147  205.7374
 218.63663  205.90121  302.95117   65.539734 222.12561  221.40535
 269.5168   240.90166  216.45741  262.02182  192.18982  191.6881
 195.34088  238.27916   95.44972  232.34029  227.44446  197.17186
 237.33049  235.93144  227.47934  165.93959  198.35068  233.91684
 190.69727  209.15915  204.8255   182.85661  218.90205  191.28699
 198.71953  222.83037  205.58958  264.82675  202.96313  217.56276
 233.802    230.80357  261.6866   212.54364  214.90831  208.78365
 221.29033  232.50948  245.96558  210.39468  202.76784  268.08472
 269.56726  204.1438   192.38992  195.78426  199.4047   124.92535
 260.1665   236.88057  231.14082  245.12949  259.1663   195.94371
 199.72816  181.66895  269.21118  226.482    217.19041  250.94417
 202.39862  224.94763  207.34688  214.44315  203.90303  119.554756
 241.0127   263.68777  214.76923  238.69176  214.10596  204.98233
 214.0093   177.4255   287.30197  275.2233   202.10797  168.18463
 242.52998  235.80948  216.64597  271.91843  238.26743  239.34784
 171.71655  225.38411  212.68217  229.47025  295.14993  231.30458
 158.63275  240.63048  158.09096  230.35637  202.96309  224.45139
 166.56326  195.05762  216.49086  228.42473  212.48085  189.60745
 109.17175  167.27748  227.33336  251.46196  227.50557  276.728
 246.64282  216.29095  247.87256  274.983    168.37558  227.1294
 199.06015  233.3876   200.33388  228.81667  236.74164  268.577
 233.79279  224.58873  273.66904  200.5117   223.1775   174.05455
 214.35515  221.03569  229.42746  238.90515  215.32559  241.56477
 233.15436  216.87662  223.34361   75.18568  175.4636   159.80333
 209.48016  264.8954   199.46924  221.9729   140.32516  225.10771
 303.75278  231.56549  219.51343  244.51485  209.01556  260.37433
 265.96658  259.2416   230.71704  156.32344  219.9022   187.81999
 225.7207   212.34747  227.18698  198.77267  187.80858  250.19621
 197.61522  189.29105  248.96207  230.13274  221.41086  228.17989
 234.95717  255.3382   235.3329   218.80592  200.08423  229.99333
 220.26756  247.9391   165.6107   231.69182  224.51598  194.91522
 203.28188  278.64795  245.24506  252.92818  202.15057  238.2693
 237.25175  205.70859  259.6089   146.00833  232.65292  220.16125
 218.27097  219.47052  207.28775  232.07617  237.1146   247.01894
 225.39888  180.07133  209.78651  229.4007   232.71913  233.63011
 229.93906  224.88074  207.42662  215.51236  198.24742  235.41972
 204.66742  225.65375  253.89111  214.63126  239.20564  180.79724
 152.65103  238.43831  239.29768  196.23653  255.15794   77.83523
 250.00412  220.97375  148.1894   283.26956  231.5341   216.11208
 199.44139  243.6645   158.75922  229.93246  208.17937  195.27461
 225.72992  208.68259  228.65184  224.3499   257.2028   220.59761
 229.34196  214.64923  235.87039  222.31892  273.5677   220.37029
 237.2413   226.12292  186.65533  187.63403  269.2396   224.91556
 248.3568   236.66492  210.10924  219.89424  197.13956  202.47891
 217.03668  315.50018  220.78381  205.8656   260.5577   208.5521
 211.80818   69.91515  190.00719  200.53033  245.97214  219.77968
 217.61601  196.04541  203.18138  192.50974  187.49371  235.67833
 222.41304  222.6727   235.0246   223.40295  266.2929   250.92416
 274.0237   249.52777  233.64226  282.582    231.5398   256.32333
 213.62663  211.9762   138.26599  225.25955  251.97214  173.68404
 221.5302   224.51538  284.19223  171.09924  213.75362  207.22229
 222.8215   217.13306  240.2112   233.16692  170.37924  257.9945
 204.69821  252.34145  120.89028  273.81128  255.31613  218.75691
 228.3771   170.56427  212.0531   262.01596  211.42477  168.26955
 230.14015  191.22105  199.87846  249.0119   195.43365  184.9252
 194.50664  275.04575  209.06522  209.87785  214.75679  216.62216
 241.50938  265.72772  255.62653  216.51486  241.43932  247.09972
 211.17758  230.71457  248.93748  185.43968  211.17471  199.55482
 230.11842  213.9549   176.68002  236.34843  220.80016  251.77202
 195.04102  284.26187  238.84236  132.59186  225.50049  238.31836
 234.72061  197.2022   245.29308  215.87291  233.62999  283.74942
 230.45953  278.81274  243.24281  211.3146   143.97855  196.17487
 273.38412  222.4511   201.12486  196.37642  236.98032  222.36238
 249.99138  224.94637  167.83163  214.26187  245.78044  209.68382
 204.77971  226.02498  196.3509   250.02385  212.0015   233.0254
 224.78166  111.76415  233.80864  207.58846  169.13718  255.58916
 213.69197  244.42732  173.88739  178.14645  254.13362  248.66006
 285.94992  207.47827  245.83667  232.38533  251.14282  219.35216
 205.48837  209.71704  206.28847  216.6091   237.40602  231.36412
 242.19754  227.09396  249.85542  234.37553  176.88539  248.1866
 202.58743  234.12003  231.4365   232.3977   215.39574  203.48647
 283.94202  227.07532  230.06136  218.47198  264.88956  234.21278
 189.90681  209.79938  249.213    207.27151  169.4418   227.17038
 202.91954  224.97691  240.45045  210.59312  231.65196  178.54724
 243.98557  214.55684  216.99611  219.05138  240.3496   242.4529
 220.18915  210.9246   235.2325   214.81511  212.84157  230.5264
 176.72778  208.76718  226.02617  208.8058   250.2469   211.50722
 194.48523  110.280464 242.99019  198.51231  207.72722  242.54964
 258.88928  248.44371  207.21912  217.13892  248.443    180.12848
 191.54904  210.97957  201.85065  240.19366  214.83601  237.93063
 209.8672   203.04076  242.00294  218.29208  251.06111  211.35803
 227.2705   221.61244  209.76315  213.37668  369.17044  236.81761
 255.85104  227.46497  230.85262  202.52657  212.4894   235.85036
 201.37811  256.7595   252.40508  245.06511  224.9661   195.75099
 287.39893  217.26497  199.90042  232.98795  236.88988  236.36957
 122.731544 121.93518  207.22234  246.35652  202.92844  213.49023
 290.83752  252.30032  176.47311  239.15182  216.27304  255.30272
 263.85007  184.64355  241.88     209.67682  219.4473   215.2604
 190.69843  219.903    216.45381  225.3936   307.72986  165.01506
 203.5978   197.28383   81.18104  220.52675  269.7599   260.74008
 235.65831  196.45009  266.6781   249.04099  167.93709  245.03313
 236.00261  198.97273  222.8117   224.53827  256.32443  219.98302
 224.6299   238.45462  228.1694   219.26344  254.35298  189.96762
 218.36342  172.51735  208.95131  199.10867  226.9238   239.16805
 254.6594   213.15044  193.18526  184.11455  249.64575  216.44444
 235.45787  162.26666  203.82466  211.26791  172.50066  231.80547
 220.7157   200.50558  219.25237  234.11594  216.45753  235.9791
 244.32216  219.10774  189.62753  223.66371  190.19878  197.35844
 243.06093  182.47809  185.19443  245.89825  172.74187  179.95738
 195.53728  191.96033  189.55301  154.2913   246.25772  251.91792
 210.725    164.03491  148.00969  221.21501  237.14789  231.40308
 246.43968  242.39265  204.2733   218.78706  186.69812  236.80069
 231.91762  191.48781  223.1524   260.79254  240.89096  236.88335
 225.70949  193.58757  202.7904   238.29044  279.4673   242.61449
 225.05469  237.73808  217.07944  244.40752  226.34633  206.52919
 217.0067   222.77394  197.87544  193.40013  235.79086  237.01453
 216.91606  227.92     226.72716  239.48224  237.21019  194.53777
 203.01198  256.3816   272.56726  229.60172   72.47467  259.1368
 185.3754   222.71239  214.20653  250.24318  218.28963  210.20322 ]",[5.535748  5.763524  5.871915  ... 5.235235  4.9401016 7.2639575],5.648266,0.2801511335012594,0.46063107472524
8,5161,Transformation_Matrix_W,"[[ 6.61815166e-01 -2.31834427e-01  1.23953164e-01 ... -1.83400497e-01
   2.57126335e-03  1.37884796e-01]
 [-1.23329684e-01  2.39291236e-01 -2.55085498e-01 ...  2.71224201e-01
   3.35375927e-02 -6.82791844e-02]
 [-7.85478130e-02  6.45840615e-02  4.74785939e-02 ...  1.08960513e-02
  -2.71527946e-01  4.06215712e-02]
 ...
 [-4.37186100e-02  1.44422442e-01 -2.33682856e-01 ...  7.29022548e-02
  -2.43919447e-01  3.17680053e-02]
 [-1.20256849e-01  7.15048313e-02  4.82598953e-02 ...  1.44961491e-01
   3.07480395e-01 -9.10258740e-02]
 [-3.73783172e-04 -1.02105960e-01  1.29333481e-01 ...  2.28195444e-01
  -1.37902305e-01  7.01411247e-01]]",,"[213.83311  220.34221  183.78928  187.58055  193.75566  207.30525
 218.02704  225.7609   153.40721  193.12173  172.25156  178.45157
 203.99594  193.37962  183.00781  150.511     86.39     241.44939
 162.27415  233.73903  158.04453  189.4772   220.798    225.43694
 182.27829  200.28198  256.87292  197.07529  197.7857   172.89131
  96.061295 180.29134  224.90015  104.53623  223.25453  194.4156
 191.5921   243.47191  182.29027  180.2845   226.39384  220.20265
 205.11632  152.35393  204.07983  203.43507  226.69046  205.32953
 212.32513  197.02165  139.4391   229.45416  184.32741  185.39804
 155.74591  209.4638   234.39714  180.19044  195.68517  215.59276
 233.7251   232.90744  172.78975  198.75334  219.88605  219.06418
 143.26779  176.50893  192.67004  161.81017  216.18489  238.27908
 207.07393  142.64291  180.54822  190.72379  261.25607  192.02426
 171.94025  240.51129  201.93079  185.28441  187.61723  217.30038
 182.22116  154.41408  231.18034  204.19983  221.15979  168.28189
 165.66696  242.55916  189.0659   211.30827  202.05063  217.80049
 208.92917  245.59995  190.31615  176.58899  206.59003  207.60396
 159.65466  219.73065  176.17221  188.86226  241.1599   234.98363
 205.68336  179.15578  203.82976  201.89203  164.19154  182.08095
 206.57567  190.10883  282.4396    62.840546 211.53566  201.80275
 243.50085  223.58403  191.27922  237.23045  173.16154  174.24538
 181.79626  215.23022   80.738556 211.63728  213.48015  181.2652
 215.26979  220.11996  208.47145  154.52115  182.12509  213.6884
 173.39195  190.23302  190.58424  171.32227  205.35365  176.81033
 184.03905  205.11522  188.98918  248.89157  189.69151  203.83652
 214.2216   204.44258  242.14694  194.84723  201.11826  196.51659
 203.18784  209.1702   219.65842  177.32953  185.24295  249.00314
 245.10063  187.73941  179.36554  182.80843  175.53632  104.13669
 230.25452  207.73795  217.50043  223.16919  238.25832  174.46469
 181.19363  162.90399  235.03314  208.57825  196.30692  227.65129
 188.4034   210.36603  187.81139  203.00972  185.49078  109.761024
 217.7394   237.75462  193.07414  213.71046  193.5729   189.23668
 198.4013   162.96162  258.7255   248.42781  183.84348  153.78687
 214.93405  212.42476  199.28967  236.25137  216.14345  211.24178
 155.13696  209.49757  195.57732  216.73694  256.81137  215.68134
 145.37874  223.27768  143.44493  204.83257  187.76418  203.66824
 153.18188  177.33954  205.16011  209.10764  193.04022  180.82835
 100.68427  155.91548  212.32196  227.74228  216.1592   250.38121
 226.86108  200.91661  233.70934  252.39728  153.20386  210.42534
 184.56944  214.15817  186.21788  208.6403   210.4579   241.31557
 206.34521  213.10341  249.2305   186.36371  197.79126  155.13512
 198.71826  202.00993  210.9492   217.58804  202.78871  225.39781
 217.31331  206.0144   212.85043   64.50228  163.2795   142.13728
 193.1453   245.41736  183.98213  206.20091  111.03047  200.16975
 277.96503  209.93106  203.76904  225.16615  191.4771   239.74657
 243.8724   235.55582  214.78696  143.12793  202.61087  176.42354
 204.66327  204.12114  207.56004  181.06458  173.28818  228.78001
 176.84612  166.04553  223.0928   211.27223  204.52151  209.07545
 208.31786  229.41045  217.3008   200.96255  184.52548  214.01689
 201.09521  225.07108  156.69276  210.22958  204.0044   184.75783
 186.33434  245.24736  215.59088  224.94452  185.50388  219.79707
 213.01418  193.75343  229.44434  128.7813   215.40623  203.06398
 198.50511  199.42757  194.08002  209.51424  217.14638  224.41356
 207.2766   163.60892  200.36661  204.18141  210.10123  219.25404
 214.84204  199.38074  189.5998   201.23901  181.04861  210.15448
 188.29256  212.74153  233.687    200.4478   215.60129  159.96504
 134.43524  220.59003  216.53084  175.04114  234.421     71.478966
 226.14058  194.95981  126.38841  258.0286   209.23459  198.29411
 185.30411  225.53929  134.74405  211.49553  199.95905  177.93922
 208.99203  196.12975  203.37154  205.81947  234.32474  196.00755
 214.00238  189.99437  217.80914  205.95645  246.7099   202.05301
 217.68333  206.00784  171.44238  177.30882  242.24681  205.6109
 219.28633  219.70433  193.25359  199.3674   168.9395   183.59425
 191.21051  285.9468   200.40288  193.0388   235.11893  185.4434
 193.454     61.905937 169.28523  172.80968  226.74463  201.63647
 195.52823  178.7887   186.98323  178.05087  170.11313  210.30363
 201.18802  202.53236  212.30692  213.94835  239.7991   228.8982
 247.3627   232.2327   213.25792  255.66824  212.45515  239.80807
 195.1529   196.961    121.50477  208.76788  227.169    158.08797
 204.13914  210.29405  253.09819  153.81116  194.85147  188.26343
 193.72289  196.081    224.20193  207.69778  148.62482  230.79535
 189.56609  234.10832  109.86426  241.87448  235.25743  202.72028
 206.39156  152.41736  191.97212  243.23187  195.66466  156.23314
 215.69458  173.33664  181.5007   229.44717  170.92067  174.7575
 179.28107  237.96487  192.46507  188.44455  194.77399  196.27707
 214.40575  231.43079  238.15224  202.95107  206.95285  219.91562
 184.6171   214.91754  225.12804  171.06544  198.69852  187.76347
 212.38075  191.9104   165.4425   217.06241  204.40604  231.47437
 180.52571  248.94649  214.73947  123.56875  201.64153  218.27222
 212.43834  185.68738  234.81827  201.4466   206.9196   255.72234
 209.25443  257.04202  223.11768  195.51668  120.34993  175.83554
 249.8231   202.57213  183.0351   175.0326   216.96033  196.23878
 221.02618  208.00386  150.3618   198.56334  224.87952  196.59843
 183.4034   208.15292  182.2498   236.0274   186.52983  221.87277
 203.81102  101.58098  216.68578  187.95047  151.23953  240.5074
 200.53606  220.99617  157.43677  165.54662  227.8355   220.86061
 258.0146   182.41765  232.79948  214.1391   218.71815  198.98119
 187.53842  194.08028  185.27686  197.44557  220.81073  214.67468
 220.12527  207.2874   225.9549   215.68904  165.43967  226.27788
 183.30566  211.7283   212.63284  218.47278  195.381    185.1924
 253.51341  205.10123  213.04356  200.97212  227.89334  211.5116
 168.15138  190.67177  229.91231  192.47899  162.7737   208.83492
 183.91544  206.68347  224.64641  196.96877  211.2653   162.99736
 223.69958  197.78189  195.06023  193.8329   215.94977  220.96066
 203.18523  194.3774   214.22511  194.52925  187.88295  211.34637
 157.74466  192.80696  206.6651   192.76361  226.87587  191.93724
 176.43689   94.281204 223.31773  179.68677  190.35495  218.88971
 231.16689  225.5762   184.3123   194.55107  223.48947  166.43161
 180.82425  195.98166  185.75519  221.80254  200.43552  219.66692
 182.61526  188.3885   221.14108  210.04352  225.72101  189.76013
 206.97324  200.68315  189.3075   201.88423  356.00656  216.19907
 230.62823  206.55789  208.38048  194.11292  190.48264  209.03679
 182.3143   230.59805  227.6218   228.78653  204.76826  184.37729
 257.48312  200.2508   184.03539  212.18892  216.50423  212.44684
 104.41213  107.26987  194.00507  224.22603  188.54478  198.70569
 264.9326   232.18738  159.26436  216.58006  196.38147  227.51953
 241.63618  172.38362  216.2337   197.09706  202.98288  200.20311
 173.92767  195.68845  196.4568   210.91223  270.97876  148.902
 187.97318  184.3903    74.95391  200.62845  240.65384  236.27753
 211.12991  177.79436  236.23254  219.32874  153.30286  225.17236
 216.6392   179.02003  198.96785  207.35599  230.54333  202.54062
 205.59618  225.39142  212.49371  199.53197  234.41862  171.79344
 198.09172  155.45586  198.66563  186.1897   203.01724  208.4538
 224.2357   198.56575  177.67912  171.14174  225.2752   195.0455
 216.96857  154.9217   188.88367  201.675    154.45596  215.62971
 199.27345  187.81082  197.76051  208.40897  195.89989  221.97705
 223.49155  200.04498  175.5523   205.78677  178.22081  174.38998
 221.98064  165.45195  171.27751  230.96703  153.47885  167.86311
 181.53423  170.93121  169.40198  138.6512   221.19576  234.41951
 193.42581  152.60718  125.75002  200.62575  219.34387  208.15623
 224.72542  225.19794  196.01358  197.38164  171.65579  212.73805
 214.59889  175.17346  203.34671  237.20975  223.41028  211.10341
 206.22133  177.45131  186.92291  214.83012  250.93549  226.57362
 208.05708  213.02835  199.7495   230.86493  204.50414  191.15327
 197.61212  198.8576   179.95961  168.93382  219.39369  217.41263
 207.5655   213.54091  197.71289  222.77766  216.1188   178.85828
 185.83644  227.9732   240.153    206.59853   63.351852 233.81677
 174.5761   199.86522  195.74594  221.55194  201.32408  197.75859 ]",[4.887877  5.7182555 5.059586  ... 5.0396285 4.0839896 7.0642667],5.388707,0.3751133501259446,0.5315300287541086
9,5161,Transformation_Matrix_W,"[[ 0.41973728 -0.22521408 -0.07733726 ...  0.1123769   0.08315104
  -0.10080447]
 [ 0.04241072  0.38363734  0.06011236 ...  0.21752566 -0.20924658
  -0.24304964]
 [-0.03792878 -0.07985736  0.3012168  ...  0.1574565  -0.10369885
  -0.05535692]
 ...
 [ 0.2426147  -0.2512955   0.07952335 ...  0.4625733  -0.07243049
  -0.05936117]
 [-0.10761461 -0.07214624 -0.05558105 ... -0.05610087  0.57512426
   0.05834002]
 [-0.02130734  0.10266986 -0.00370274 ...  0.13688262 -0.01134937
   0.6419857 ]]",,"[168.88084  177.83334  151.54778  154.06967  157.1356   173.49673
 174.63414  180.52657  123.962296 160.30316  140.31453  149.30807
 165.20915  152.40286  146.12108  123.11023   72.22709  193.70691
 137.50613  190.19133  133.09927  159.2049   176.85986  180.16866
 151.67677  171.41252  204.1144   166.01566  161.16794  147.99768
  78.166725 148.69426  169.8715    83.920425 183.93843  161.33041
 159.00269  192.94386  160.04558  145.47272  182.27437  184.66809
 170.33784  127.15198  167.88586  160.59796  178.44922  160.8676
 172.37747  164.12302  112.521736 186.7859   146.82663  149.91954
 134.17166  173.10495  194.67078  142.28958  162.47578  179.35017
 195.98988  190.21617  140.05107  159.38257  177.47836  182.22713
 114.86388  149.50194  158.47977  129.82288  174.68471  192.8007
 173.50743  113.03308  140.70331  157.19038  202.33719  158.67876
 143.02727  188.86676  162.53346  143.7053   157.61917  170.67847
 150.03548  131.29332  176.68579  163.57954  174.5287   133.22823
 143.48245  183.53087  153.18309  174.22179  157.28738  174.68947
 168.57303  207.18074  154.10173  143.45403  174.0602   166.61656
 133.2634   180.28723  143.27786  154.55228  184.02219  183.50002
 164.76146  153.97481  174.29224  161.45644  133.85164  156.97179
 169.53677  160.30801  222.9251    53.34903  168.48381  158.78674
 190.11288  183.05684  152.30305  195.35696  140.08086  139.99629
 154.82954  173.1423    68.371254 181.4909   171.16428  145.14719
 168.54013  177.29729  167.10529  126.698395 145.14088  183.81694
 136.8927   153.00778  164.72478  142.71126  165.79305  150.51051
 154.26076  161.90666  151.25293  204.58855  154.48903  167.39131
 178.49437  169.18387  194.72543  162.7758   159.31027  167.16243
 166.64986  166.94676  173.56467  130.01909  148.7528   197.94513
 204.27672  147.59084  149.02281  153.66702  143.71263   87.206314
 192.51053  163.57393  177.96928  181.29721  187.1367   136.11038
 149.76254  132.38045  190.53731  169.75568  164.2373   173.09079
 155.48042  170.73787  150.16116  170.6328   150.99962   87.41102
 178.86447  187.6349   154.06834  173.94135  163.7483   152.12225
 162.63754  141.57979  208.56833  199.03214  149.9512   134.82483
 171.43692  179.30956  163.24947  190.32603  181.1022   170.05867
 129.05057  168.57451  164.07042  172.77432  205.60898  177.47865
 123.16612  182.64091  114.4453   166.8928   155.74445  161.15186
 129.7321   149.0989   172.73111  176.79068  158.70494  147.59999
  88.9011   132.38509  171.6497   189.01093  174.7196   206.13136
 180.98172  159.99431  190.51471  201.12299  125.534996 161.98666
 153.25397  175.45206  157.25583  174.63327  171.33218  188.23857
 164.3288   169.40366  199.48514  146.85715  166.36578  132.2878
 154.73296  171.24625  171.68222  178.80402  161.82988  176.78607
 169.05803  166.9889   175.76448   54.48599  133.88553  116.22158
 146.74918  201.8166   144.94435  162.64429   90.10699  163.06267
 220.31743  174.29933  165.57542  173.26251  153.76138  204.82439
 184.65688  183.92953  181.83566  116.84948  166.28732  152.69835
 174.01634  163.12428  170.9901   150.6489   136.76852  176.57036
 150.6119   137.98503  181.54836  179.7521   165.31705  172.23013
 170.04198  189.3599   174.56944  165.10373  146.18044  174.5255
 166.77676  183.93987  132.22235  174.0258   171.53888  155.54745
 152.5034   193.65015  167.17133  188.144    154.49942  178.6386
 164.84128  156.71094  174.7634   104.23345  173.93059  154.30519
 161.71597  166.99872  159.36032  178.23492  177.02829  185.56737
 167.67975  138.3742   176.16328  159.91508  178.30797  180.33676
 172.97722  165.38898  155.22556  163.35117  147.20128  181.40616
 149.88564  170.70921  187.29733  169.49268  178.34894  140.71399
 109.11751  177.00284  180.14369  146.41893  187.9862    59.297756
 191.0494   154.49547  101.44743  206.09628  170.33067  163.57616
 146.29898  182.24463  106.25224  173.80362  164.47021  148.29138
 170.7964   154.67769  163.46034  163.21602  194.02423  158.76932
 171.51674  160.10223  180.4104   163.20593  202.82585  155.4305
 175.30739  171.90092  142.55185  142.9663   190.78157  164.54987
 173.2898   180.45103  158.73105  172.46165  131.01587  148.29962
 156.35535  224.35188  164.01732  158.5645   188.53397  149.57965
 157.63493   53.80359  143.98848  144.10442  179.87517  162.84325
 161.05788  146.91365  146.15102  148.4335   137.42036  183.84312
 164.99167  158.63719  175.61884  176.23561  198.78076  189.77489
 196.86159  190.50652  166.43715  204.68501  176.55998  191.74652
 164.08533  160.61993  100.34871  168.58731  178.84137  126.27918
 164.70973  174.19337  194.89941  127.91609  153.25395  149.64735
 163.7922   163.53574  187.59756  164.06206  118.007866 180.37814
 156.37996  185.67029   92.332664 196.85735  184.97144  167.65228
 167.21463  127.52752  156.45432  198.5976   164.10728  135.81541
 180.82646  150.02518  149.5818   190.19034  140.32558  146.97403
 148.62918  188.84154  154.96742  152.37587  156.67851  164.95589
 171.46533  185.1985   201.19795  169.54526  169.33661  188.53355
 152.67413  173.73889  187.72475  140.36035  167.71909  154.801
 167.70618  154.19833  143.41376  172.97102  166.2117   187.66017
 148.28278  205.30585  178.1501   101.95899  170.94603  185.78395
 171.8279   160.21921  186.84497  171.10847  163.21011  202.55382
 170.98006  191.11949  189.50261  161.50638   95.99679  135.75912
 203.81314  166.47725  152.6837   136.49818  174.47247  157.31635
 178.43138  169.98439  122.67394  168.38533  179.45972  162.59949
 146.75424  163.2398   147.84746  194.28601  150.84369  177.54639
 169.84604   88.526    175.97235  148.95824  121.03227  198.81961
 158.9392   177.80835  128.31956  132.85674  181.99733  182.90088
 208.73668  152.72496  184.80919  183.25662  175.78076  155.14058
 146.80385  159.8732   152.42976  166.79399  178.35692  165.82787
 180.65271  170.1337   179.77496  180.51715  142.50826  179.64857
 163.86151  170.17133  172.78964  173.45488  160.63199  149.79405
 188.48631  153.64641  174.63602  164.1      179.09387  170.06635
 137.12746  163.06197  187.33665  163.14584  134.20198  176.28905
 151.84811  157.84923  182.9567   164.49615  176.04872  136.892
 182.03975  151.70886  167.84306  160.86859  169.97823  181.96458
 162.5989   163.79694  176.28494  160.45848  151.79541  175.14003
 118.153    158.64667  167.93729  160.86981  192.32169  151.47063
 141.42831   73.86793  177.4857   150.33928  154.09056  171.66531
 193.96684  195.68507  148.31628  154.3561   182.21635  137.4088
 149.4425   165.91862  149.58063  167.6256   160.71414  177.24606
 152.97339  162.87175  175.81187  172.29176  176.84807  150.71954
 167.95451  166.93742  156.18913  161.06494  322.17435  177.4289
 173.13054  164.42142  162.03581  158.2044   144.95206  170.0763
 153.73503  178.80502  183.09653  191.612    175.05087  154.39459
 210.0399   156.75282  154.42087  170.14499  174.91151  170.70772
  81.48997   87.563225 162.13689  182.89236  156.98148  164.06444
 206.93475  188.50128  131.84085  169.08035  159.06584  185.44914
 198.66475  133.24196  171.28203  164.00632  169.14041  163.02667
 147.19737  162.56863  160.06609  169.87346  220.29414  128.10149
 155.70764  148.61244   60.93896  148.3242   194.44333  188.70155
 166.67023  143.5172   196.19334  183.8454   127.033226 182.97717
 176.74387  142.35783  162.3872   173.05717  178.26163  162.05254
 164.53868  185.9246   166.63957  166.07845  189.6471   147.8459
 162.96979  119.114975 159.86151  150.54515  174.49686  172.82983
 181.27559  164.89386  142.88968  137.34137  174.85994  162.93184
 181.8734   131.02383  154.8172   167.18222  127.96277  174.54257
 152.15538  154.74228  162.95113  170.8549   164.09283  174.52525
 188.79506  165.00345  148.55205  170.03842  145.04742  144.35422
 186.53531  139.09094  135.0804   192.64136  132.6226   134.85284
 153.34717  147.40823  140.63048  116.912415 182.34267  190.28217
 155.13269  128.87856  101.28451  165.83893  178.4536   169.90198
 178.95316  179.30983  159.15144  162.89513  142.01463  178.78223
 175.22281  146.70836  165.94841  197.5598   186.67693  160.95949
 177.7063   144.44177  154.85806  173.1346   193.67845  180.84329
 167.6745   175.45111  167.71733  192.48473  168.05849  156.72171
 165.51268  158.37767  150.75136  140.68195  179.82181  172.15813
 166.599    175.4932   156.71046  178.83481  181.37279  148.41415
 155.35507  181.7414   183.95558  165.82568   52.248062 186.77127
 147.42189  165.5308   159.8474   179.267    157.4879   167.03839 ]",[4.662016  5.266411  4.5866237 ... 4.274702  3.6006231 6.2537065],4.8505044,0.5317884130982368,0.6501493216327532
10,5161,Transformation_Matrix_W,"[[ 0.56571525 -0.06344562  0.1378415  ... -0.03833938  0.08700386
  -0.0034393 ]
 [-0.09978176  0.5748581  -0.05177474 ...  0.05214044  0.01374572
  -0.05487656]
 [-0.08948915  0.01078068  0.4930826  ... -0.05322405 -0.0278326
  -0.12505397]
 ...
 [ 0.07021172 -0.06033547  0.04043416 ...  0.5441229  -0.06391825
   0.0531463 ]
 [-0.00282124  0.01630544 -0.10286934 ...  0.0442151   0.5546635
  -0.03153588]
 [-0.1004667  -0.05901636 -0.10205549 ... -0.03126263 -0.05169588
   0.5041778 ]]",,"[116.29503  122.6305   108.92055  102.19113  105.22526  122.83827
 120.41048  118.146286  85.89018  104.543106  97.62616   99.53534
 107.589615 103.90571  101.31309   85.1096    52.077465 132.75038
 100.22445  123.77561   91.339775 109.17625  119.12424  126.41002
 105.42124  114.53546  134.30156  110.418564 108.27684  101.63336
  55.896667  96.54326  122.14959   63.817337 121.42926  106.89739
 107.14619  130.0128   106.50899  107.05637  126.31747  127.879326
 113.67632   88.36648  118.742744 108.36003  114.98879  111.87686
 119.25415  110.189476  80.43008  119.60637  102.83194  102.38308
  97.03501  114.77747  127.44052   95.17554  108.78805  116.87996
 123.385056 121.59767   96.55572  112.15496  113.36008  118.716774
  78.21231  101.557434 113.30903   89.65917  112.31041  127.98982
 110.920135  86.62087   96.55121  107.39356  131.54846  110.87353
  95.06135  118.697784 115.69782  104.252655 109.70503  112.32939
 110.25054   88.890434 117.96976  106.58692  115.00529   90.358345
  96.809204 125.20091   99.414566 122.490746 106.315544 117.53449
 120.205574 137.44536   94.21236  100.57043  118.33514  110.74531
  88.503105 120.7029   101.846825 108.984436 121.34414  128.72302
 118.365616 105.976135 124.18083  109.127266  94.52149  108.52284
 118.71993  105.035416 142.78397   45.03375  111.73729  103.812
 128.30379  117.81938  106.37468  128.97159   91.09202  100.353485
 115.77964  120.2131    54.462643 121.864174 115.934326  99.07126
 116.12889  122.72074  117.80548   88.74573   99.204544 127.525604
  96.83465  112.59263  112.42189   98.76901  104.91916  100.242355
 106.14644  103.12041  106.43457  124.627174 106.30988  112.0526
 115.56335  111.185555 131.55292  107.50655  105.93937  111.258965
 113.60588  114.711685 111.090996  90.71495  100.62996  131.72147
 134.4854   103.26407  104.55473  104.95118   97.99889   66.296936
 128.36635  111.71238  122.39187  121.5803   131.35277   93.23367
 103.2645    96.21023  135.83794  111.71689  111.93319  122.07358
 111.440025 120.73947  101.6541   105.352036 102.86447   65.98911
 113.61592  115.95439  110.75525  114.01311  110.61682  100.08498
 112.32051   92.09551  129.13478  131.61371   96.390884  97.738075
 120.61053  115.83814  107.01905  116.37752  120.377365 106.72805
  94.70283  113.102295 106.782524 107.42226  134.20511  116.992615
  87.382866 128.69067   85.88295  119.11936  108.27399  116.01879
  83.61821  106.25146  113.333374 115.01842  104.85195  102.21259
  68.401695  90.03271  113.7559   127.75025  118.31442  130.42978
 118.14622  110.93529  128.98781  128.9849    86.464485 111.87814
 105.5438   109.200226 108.46342  112.07721  110.32193  130.24881
 107.219284 113.919075 123.16103  106.25884  110.90389   93.89372
 108.1182   108.08403  111.44298  119.503395 105.55241  126.08058
 114.57689  113.43932  117.09118   42.72009   94.90602   82.99844
  98.06633  137.18968   95.647964 110.12184   67.57493  105.173225
 134.6847   110.516655 113.84091  114.69404  101.34069  136.87283
 124.18678  121.74071  110.2079    79.92491  115.48778  107.5504
 117.19108  106.07587  117.6268   103.953896  96.963066 116.51108
 101.03486   99.319626 132.80975  123.00752  107.383675 114.947136
 113.55184  122.474724 112.8491   107.41072  102.30981  113.877914
 117.50287  124.50516   91.30216  108.63345  115.42182  107.52769
 103.89423  131.78748  107.17922  122.941895 103.58218  125.80616
 109.47384  107.69878  116.69689   75.53401  116.817726 105.42588
 108.852425 107.08611  102.243126 117.91515  120.44473  124.69254
 120.8897    93.507965 116.01373  108.597015 118.19327  118.13053
 113.59613  112.57215  103.21394  106.44714  100.24967  126.93198
 103.21845  114.612366 126.79541  108.69836  122.60945   98.180626
  80.23134  119.409225 125.806625  97.29133  125.20781   43.75611
 127.457214 108.77428   73.034004 128.3904   115.21125  110.141365
  99.40872  122.46369   76.276886 114.770454 105.83156   96.968765
 121.958405 101.66886  107.57117  108.4997   131.13533  109.52677
 113.0443   108.54775  114.48627  115.40811  131.70166  108.39153
 118.29431  112.38534  100.04187   98.682205 126.67465  105.32392
 108.97422  111.62114  106.439735 110.165985  91.81302  104.16925
 101.53212  146.86087  105.13092  106.57449  121.691734  97.6247
 108.04909   43.9049    99.94456  100.67749  118.45734  117.47223
 107.83119   93.752075 101.84242  103.3252    95.49611  125.818886
 112.47916  109.522644 119.42911  119.30074  136.8867   118.23463
 126.55659  128.08731  117.08989  144.34315  117.21855  130.84103
 110.69341  106.7912    75.82801  107.21318  123.86402   89.47006
 115.87116  111.67621  129.06357   95.70733  103.34051  103.27616
 109.71567  105.29065  126.82489  111.50541   86.94118  120.59372
 107.61097  132.15808   61.28147  130.2037   123.85369  114.01628
 113.6947    89.866394 110.07496  137.17908  100.40417   92.79629
 124.40476   98.608734 104.779854 127.86202   97.24733  105.89582
 100.49343  124.55161  104.5739   106.20345  102.524155 112.83568
 119.53091  117.55231  133.1157   111.724075 110.01788  126.90944
 102.938934 105.11487  122.36489  102.96543  110.555504 106.38859
 114.57107   98.83275  100.47862  114.80119  118.115585 128.8824
 104.18839  138.12506  120.98733   70.410194 115.207054 123.21022
 116.21367  108.230385 120.09683  118.45631  105.64685  127.83676
 112.44906  128.7244   128.04233  105.69212   75.20769   91.32274
 130.16187  107.28177  108.06878  100.64635  121.24669  109.59631
 130.83902  107.30677   85.34519  116.9317   114.19123  107.10446
 105.573204 111.52061   96.963585 129.70993   99.63496  115.91966
 113.73608   66.10835  122.83634  103.51048   83.30949  133.19098
 106.40034  113.97918   89.79794   88.925285 117.75785  117.30565
 134.02934  103.39802  126.0005   121.20989  109.24259  100.468575
 106.154884 114.53096  111.648    111.12056  112.23764  116.61027
 130.2569   115.94887  123.775696 116.77555  104.20935  121.70977
 109.88757  109.45208  109.646454 114.54501  110.723    102.30054
 131.59528  104.55989  117.83688  109.440125 120.60947  114.30282
  93.40082  109.19998  123.93361  104.01185   93.402214 117.86287
 103.07277  118.0086   124.83366  108.33318  113.17461   97.098885
 116.48952  108.890656 113.341415 113.42016  113.02587  114.70846
 112.98503  112.325714 114.464584 106.054214 103.32856  109.680275
  83.31941  105.19257  113.50669  107.461105 132.8626    99.91874
  95.650826  57.07956  119.86632  106.49817  100.57642  114.29345
 127.106865 123.591606 106.39782  105.2105   121.40785   88.77254
 108.77694  118.18358  106.74498  118.30632  113.92077  118.28667
 105.25258  107.55064  120.15142  112.50956  122.97494   97.19098
 117.047585 116.38514  107.1599   108.81819  257.7254   115.568436
 116.399536 106.17116  109.42123  105.46051  105.408295 109.61999
 104.07071  119.19017  123.110016 121.97947  112.97542  100.59056
 138.58344  100.35837  106.62256  120.71405  120.88633  111.79705
  61.427845  68.681175 103.83833  123.77978  108.601944 115.12478
 135.25337  126.95777   92.100044 117.625084 102.56873  118.296715
 128.7118    91.6322   111.506546 108.93455  109.93281  111.18529
 101.99192  107.28344  116.84432  119.718765 141.95659   89.33678
 104.11483   98.34208   47.71334  102.48043  128.49591  125.50361
 119.08471   99.36403  123.20691  130.33766   85.0037   122.26368
 122.812096  94.87576  112.64827  112.38408  122.62657  110.30921
 113.282974 128.12354  115.76208  108.283264 117.21643   94.791756
 110.07246   88.015114 108.2533   104.125626 121.18274  112.57421
 120.63999  105.73404   95.15774   90.301125 117.83235  116.59247
 119.2498    91.31261  105.199585 117.83041   88.38684  113.787
 106.69285  103.51711  109.61885  114.162254 106.96732  116.63775
 128.69652  104.910446 101.39578  119.255615  99.58841  104.29248
 127.67368   98.09309   96.892    125.07348   93.50878   91.95506
 107.443886 100.54433   94.228226  80.74277  122.698166 134.9007
 110.14204   87.07009   73.70029  109.439384 121.48618  110.93123
 118.50926  119.57468  110.0684   106.23693   90.619385 113.16362
 119.914276  99.473816 108.36002  137.12663  122.1594   108.056145
 121.52621  102.838455 107.76076  119.658745 129.70767  126.201935
 114.97833  117.45832  115.236755 130.21783  112.330765 100.72434
 117.090546 107.58019  101.89554   95.25251  119.61688  115.21267
 107.77431  122.59383  101.51061  116.49023  121.24464  104.154655
 107.62769  112.17136  118.69859  113.20929   41.046047 122.33738
 105.99791  119.94323  111.97519  114.826866 108.54721  116.56567 ]",[4.232311  4.9688363 3.2984588 ... 3.8810236 3.2370257 4.5870605],3.972584,0.6766750629722922,0.7819424133592097
11,5161,Transformation_Matrix_W,"[[ 6.34501100e-01  6.09672861e-03  3.22537720e-02 ...  5.58231166e-03
   6.88889921e-02  7.04091135e-03]
 [-1.90981571e-02  6.25774443e-01 -1.54493442e-02 ...  4.97717336e-02
  -5.56851272e-03 -1.89381391e-02]
 [ 2.39906386e-02  1.55830123e-02  5.64439893e-01 ... -1.11536700e-02
  -1.77720468e-02  7.16427062e-03]
 ...
 [ 1.55367088e-02 -8.80924519e-03  4.78262315e-03 ...  6.46014214e-01
   4.85863462e-02 -7.04753250e-02]
 [-4.48641717e-04  4.24138978e-02 -3.60288471e-03 ...  4.04330641e-02
   6.77863240e-01  6.47879206e-04]
 [-3.17897126e-02  2.50503626e-02 -1.31024765e-02 ...  4.97406386e-02
  -3.85675840e-02  6.38924658e-01]]",,"[ 89.43757   97.387924  87.565445  79.87895   82.68305   95.63645
  95.68884   97.40281   72.38739   80.18996   77.062874  78.75043
  83.458755  84.496506  78.51574   71.26978   43.731754 107.03663
  79.624     92.56895   72.51184   82.552666  90.52317   97.87811
  78.77604   88.90589  105.62346   85.18628   86.06716   82.78502
  48.545326  76.04354   93.860725  47.88949   95.84448   84.190796
  82.762634  99.58038   82.56916   82.83463   98.77439   95.29396
  91.82743   69.169464  87.582924  81.693245  92.882355  85.12019
  89.544495  83.471085  63.83572   90.40455   77.837105  84.06226
  77.19126   86.844345  96.01909   73.494385  83.41462   90.16382
 102.44943   91.52553   75.1952    91.40222   89.180824  84.79872
  60.044827  83.007     87.701004  68.62728   90.87533  102.11068
  86.93126   69.61228   77.42415   85.69554   97.422134  86.71766
  76.01351   93.5827    91.374306  83.44012   83.01654   87.34817
  83.675095  72.489174  92.44072   88.390434  91.05461   73.18867
  76.87404   96.33273   76.52613   96.45095   86.156136  89.885155
  88.82849  103.37632   74.68562   77.837845  94.285164  89.91121
  71.86268   97.198364  81.812874  80.90342   96.052155 100.24527
  88.77067   79.61455   89.98286   86.67085   74.30112   82.68737
  93.49697   81.425514 108.26218   42.229523  91.72403   85.16137
 103.06307   92.54958   80.757324  96.850914  70.74412   82.01383
  91.60062   98.89286   47.479843  94.53498   93.18907   79.401245
  86.45507   92.53694   90.53668   67.14314   77.76587   91.382515
  78.20305   85.82574   83.650734  74.580315  83.31465   76.91613
  78.21193   85.600586  81.85945   97.41941   81.42222   85.901115
  91.384476  82.88754   97.904015  84.051025  79.41938   85.907906
  88.24961   89.83674   89.54499   75.280014  81.475174  99.88589
 100.668884  76.23365   81.86209   81.386696  77.15603   54.504677
  97.54429   87.95662   93.23725   96.74021   99.365875  76.948586
  80.46508   74.17363   99.61426   85.79367   89.81407   88.4032
  87.51787   92.0995    80.62114   82.23671   81.2782    55.67455
  87.8476    94.26936   85.644714  84.52229   88.032166  81.615715
  90.3928    73.87392   96.6401   104.70119   78.95493   75.20811
  96.45524   95.33589   84.89436   92.92132   95.41805   84.2603
  73.143135  87.52692   84.999016  87.61739  105.852036  88.14852
  68.1403    98.10727   68.666824  88.57096   85.30722   87.94739
  72.08224   79.65065   90.28464   88.71959   83.995186  83.47617
  57.098347  71.50328   92.74452   98.45764   88.19684   98.89169
  93.3236    85.8283    98.12135  103.116005  69.537605  85.172966
  80.63699   86.97042   85.06721   85.80576   85.93511  101.01757
  85.65219   88.066956  92.81813   79.79889   82.00792   73.10747
  82.36978   88.43265   87.18985   92.69857   83.698555  93.79926
  91.11865   88.92174   91.305     40.283894  71.94839   67.47143
  75.3893    97.82447   77.872314  86.06062   60.033276  85.791626
 103.56241   84.823944  88.279594  85.96856   81.38822  107.81819
  97.41472   97.01107   83.64562   64.64667   88.60281   85.50353
  92.32477   79.94039   93.352875  81.01924   77.9798    90.577324
  82.1771    76.60859  101.08674   94.42296   80.74128   91.466896
  90.21738   92.55893   83.56946   86.240456  76.87092   87.19956
  88.83057   95.33645   69.00255   85.274124  87.113976  81.450966
  83.536255 101.399254  83.90273   91.496315  80.0929    97.84849
  88.180954  81.82379   91.6296    63.153717  88.56574   86.61935
  85.49174   81.11002   84.3446    88.25931   96.73736   95.765305
  93.67481   73.20127   85.62618   85.063225  92.320076  92.48498
  83.681656  92.0006    81.28099   86.28393   78.0486    94.466515
  81.25917   90.694595 101.58265   86.694626  94.26715   76.41462
  64.83288   94.17881  101.15998   81.07419   96.008705  40.40425
  97.37388   86.355125  61.854733 101.73292   90.21703   88.410904
  77.0234    98.45424   63.088257  90.73831   83.30781   73.37178
  94.77493   81.51001   84.92542   84.22359   92.365105  85.73108
  88.295135  85.430855  89.29881   87.939964  98.93204   87.22256
  88.25298   87.27804   76.7158    75.217064 101.71235   78.06766
  89.200714  86.49579   84.95997   90.969475  76.20844   80.03597
  82.67268  109.40046   82.102425  78.18553   94.846405  81.31094
  83.68085   41.05446   80.9181    79.49894   93.350395  89.19302
  82.0319    78.76839   83.10281   81.177635  75.089836  95.29021
  88.40779   84.416565  95.93088   93.62871  103.95518   90.44568
 102.84565  103.85713   95.48422  111.43676   90.65312  104.488556
  82.39814   86.41375   59.545086  79.68489   95.3354    68.56513
  86.763756  89.46065  100.47863   70.97347   81.48958   81.43173
  86.15305   79.12435   93.52834   87.32598   68.946144  96.36153
  81.36814  102.2767    52.119087 106.81811   95.30819   89.118164
  90.6431    71.18534   85.26521  109.0321    81.1119    70.927124
  99.518654  77.351944  79.63094   94.502525  75.531296  80.838036
  78.67821   94.69001   82.564224  79.783966  82.929794  86.70039
  88.542145  87.22696   99.87568   89.241135  83.57134   99.50571
  79.60709   82.97915   95.34833   80.851746  88.1639    81.77762
  90.450775  79.98385   74.80669   89.69451   91.85019  101.64089
  81.39285  104.16161   95.966095  57.93852   91.1299    98.37156
  93.181366  82.951965  89.1731    92.67626   86.14405  100.60467
  85.98804   97.65232   99.35861   82.16955   60.533195  73.90385
 101.31415   85.92371   83.51616   80.22715   92.891335  87.97848
  97.950745  86.95138   71.20039   89.97289   89.185455  82.46301
  83.00853   91.23018   75.68533  102.372925  83.8083    93.99218
  86.78021   52.465904  90.12299   79.118385  66.415794 102.060524
  83.17279   89.42808   70.21447   71.04813   94.76775   93.15977
 103.319855  80.80288   95.1061    92.55247   88.132355  82.00631
  80.74097   88.597336  83.33093   84.337685  89.09713   87.82845
 100.16338   91.27762   95.24661   92.92302   78.23614   90.613976
  85.79845   85.68271   88.102776  90.92985   87.5347    83.46079
 102.04553   81.82314   90.73664   86.619545  95.529015  90.6601
  73.83052   88.32813   94.66696   80.26243   74.49652   88.91036
  81.93105   94.65716  100.26338   86.39689   91.828964  74.445114
  89.46104   87.87442   90.49364   88.84667   87.81399   87.91269
  82.59291   89.22224   86.9319    84.97946   80.95633   87.3923
  70.469536  81.47766   88.06565   84.75904   98.59354   79.034645
  76.222694  51.195892  91.043495  85.70039   82.57815   86.221634
  99.500175  94.46817   81.68382   84.615166  94.94332   68.92654
  83.31165   92.407555  81.5541    95.74361   85.71152   92.48126
  83.46136   81.79041   89.11367   86.98304   98.901985  76.417336
  87.47599   87.85199   83.54158   86.87807  206.6398    94.4312
  90.512924  86.10134   84.45052   83.21843   84.49537   87.146034
  78.34914   93.02428   93.03463   97.055855  87.13136   80.22967
 106.67014   80.24385   83.22333   97.635124  96.262535  87.75229
  53.80455   59.69462   81.887955  94.86657   81.778786  92.02579
 106.97743   97.24844   75.42514   91.551674  80.76626   94.3124
  99.10915   71.385544  89.41488   85.70612   84.199425  91.74349
  80.22719   85.259384  93.7675    92.27898  106.40626   71.33285
  81.461876  76.1488    39.286434  78.022026  97.19109   97.00611
  87.437584  79.820465  94.07006   95.07649   69.215385  93.75142
  96.73864   75.73432   85.9235    87.63804   95.039154  85.14875
  89.62531   98.4592    89.599266  91.04219   94.40857   79.14985
  87.38706   68.1676    85.52308   80.68985   96.07227   88.52514
  96.11242   84.602936  76.05722   73.082855  90.46588   89.07048
  90.57541   70.796486  81.47231   84.7833    69.55041   89.34154
  84.538     78.53985   89.32675   89.66604   84.51084   89.48346
  96.702774  81.34301   78.80503   92.401505  78.63589   79.736
  97.59093   71.101364  75.81525  101.22049   74.52446   73.11668
  82.03528   78.99125   73.118546  61.836338  96.6459   102.064476
  88.31181   68.22884   62.794964  87.14269   92.793976  90.96302
  97.08688   94.8199    84.19263   83.4123    71.141174  89.804886
  93.50824   79.288284  87.071884 107.50278   93.86563   84.270706
  92.10187   79.24043   81.49695   90.183014 104.18228   98.07555
  92.44184   89.657524  87.44296   96.29288   88.65179   80.71853
  92.40631   84.92142   77.68755   77.50715   89.88241   86.94467
  86.13469   98.250305  88.34873   90.339386  94.94846   83.61458
  88.17243   86.7503    93.09923   90.647606  35.710392  95.63779
  82.74071   93.05634   90.15374   95.78522   83.68449   87.9881  ]",[3.6055846 4.674483  2.9558153 ... 3.4108427 2.913253  4.2393875],3.5030859,0.7161712846347607,0.8383199689472604
