,Train_Data_Size,Transformation,W,b,Residual,Residual_Norm_All,Residual_Norm_Mean,Accuracy,Co_Sim_CLS
0,7146,Transformation_Matrix_W,"[[ -4.6101995    1.8778365    2.0223403  ...  -3.8597195   -2.7977893
  -11.769726  ]
 [  3.1213253    6.0892653    4.755711   ...   8.989635    -3.8273456
    0.7733301 ]
 [  2.6324782   -1.9826485   -2.2522542  ...  -0.53176755 -15.586939
   -3.856293  ]
 ...
 [ -1.0327075    6.425914    -6.3957086  ...   4.9968786   -2.267349
   12.571369  ]
 [  2.5753655  -12.146607     6.4551706  ... -14.516322    10.213238
    7.066332  ]
 [ -1.4223738    7.109952    -2.3492732  ...   8.916086     3.1162786
   -1.8382907 ]]",,"[434.2668  413.3096  375.89847 347.55145 365.19144 434.50662 435.21408
 452.10876 329.10132 353.35175 331.014   411.98242 403.93475 423.26816
 374.01398 380.00012 209.58702 476.8946  338.23114 452.06223 323.58762
 355.4312  393.5446  506.0874  341.15192 382.4372  540.4889  371.22836
 384.82562 343.12225 224.64093 343.51547 446.74448 239.8126  414.16064
 382.95963 379.96786 459.7681  345.0926  377.92548 467.3306  412.93134
 430.98782 312.25714 388.01242 417.53052 453.70947 421.4672  409.6809
 392.36795 293.07083 449.1037  357.4193  375.65613 366.3577  408.3516
 474.2821  395.89774 371.861   413.1048  469.1317  494.74603 340.73373
 425.69775 393.15988 417.04877 331.02927 329.99854 371.13007 323.54974
 468.1948  456.7024  376.64642 305.46973 322.8862  376.33698 477.42953
 410.44604 350.4203  490.90164 396.26022 490.97156 344.64703 460.32382
 355.3331  288.19202 491.1348  418.50427 425.75082 339.83298 341.9816
 468.34674 329.05716 407.31372 409.73776 423.7312  453.66324 508.50067
 356.99625 353.2371  430.33405 404.58374 328.83823 469.09317 366.2482
 354.8545  475.7361  488.42618 399.98203 339.6061  434.44662 384.799
 330.07175 375.0857  433.30167 351.14404 517.33813 210.98723 409.34732
 385.77014 482.69708 420.497   366.78738 448.02475 354.96588 351.31693
 354.7745  422.3781  209.21819 380.92282 401.0291  372.36533 437.26498
 424.33823 403.07748 329.6224  341.98477 422.58957 349.85132 370.38705
 368.8374  308.96335 400.66562 330.91467 348.48904 428.6352  391.0961
 488.95923 395.1042  384.45798 440.95743 428.24734 465.43365 400.5181
 436.14197 338.19394 429.30084 418.1017  462.6876  432.61362 378.1666
 497.8428  478.7599  375.87708 336.41904 343.5969  373.6675  327.4942
 475.86838 417.83942 404.76053 477.05664 493.19238 437.69342 351.55383
 354.02182 506.5786  395.49832 392.73917 455.21472 343.23953 400.9422
 353.72217 408.1497  336.86084 227.0031  443.32828 454.4324  430.49008
 416.79138 379.23953 375.3277  399.1849  329.45844 514.0116  517.1293
 357.26147 344.8003  466.91837 429.41907 385.7625  529.3896  428.58972
 431.27512 306.76837 410.86212 396.32755 395.56448 534.3652  405.77463
 288.5974  415.84525 332.10828 414.61975 366.46738 400.53558 317.95532
 340.8697  405.87784 404.54227 392.10144 327.27725 224.91159 303.3939
 440.18536 460.52994 405.872   493.3012  442.90695 385.04358 431.4815
 507.85913 323.3329  395.13327 341.6633  426.83667 365.2527  378.45813
 422.15848 499.5445  419.1617  412.92996 487.96246 351.57285 413.89072
 321.6792  383.0677  403.65567 398.85828 426.01727 375.08377 457.24512
 401.00864 404.3348  422.9865  243.35251 320.72513 374.66086 353.45383
 445.6765  349.84265 371.48547 487.98434 386.77863 510.9932  397.576
 399.87247 413.04324 346.44852 470.3034  492.04175 473.67496 421.4414
 294.2358  395.93872 353.8455  401.9507  355.02725 417.26855 330.8094
 372.0944  457.4568  364.42212 349.26437 463.17426 419.78613 371.45554
 445.7237  415.59564 464.87964 397.01044 391.24197 369.77475 412.22858
 397.999   449.43332 282.1841  424.1519  408.61362 370.4591  370.15106
 567.6755  447.43173 436.5853  365.23898 421.95554 434.48685 380.0953
 511.80872 316.9068  446.6698  415.65283 388.69595 397.99695 348.3295
 391.18414 379.26303 435.85043 397.45322 307.64728 389.17728 423.91498
 419.7312  398.42096 395.3351  445.59457 360.8486  377.37833 352.65823
 438.7727  363.43274 389.30103 471.3101  380.16486 400.93948 339.5937
 391.79315 420.722   438.1235  371.77234 458.28796 177.6847  454.43994
 421.89706 401.3458  524.15344 400.03214 373.46713 352.4874  453.59436
 420.8856  372.0146  357.81543 334.97986 404.49194 363.03046 445.14926
 400.9493  412.78195 447.59277 376.77878 384.20016 413.66153 418.00867
 508.27777 411.99988 407.58698 415.8695  335.3562  318.51935 479.05234
 417.75577 496.90622 408.42117 355.79608 390.02335 388.11047 381.86588
 431.63098 556.34906 417.87415 363.98434 428.09525 390.6511  368.80093
 180.50363 327.3438  379.83566 454.56152 399.25684 428.19104 355.27435
 418.27917 366.7432  313.9385  411.32617 425.5105  402.7062  423.88113
 412.68658 470.22134 443.81372 492.63324 461.53107 433.00125 554.7282
 414.46637 456.0724  375.16058 345.52084 302.00616 380.6963  470.27206
 310.54968 382.38226 415.4266  501.1742  357.14703 413.6946  376.9841
 416.69757 408.43097 424.45343 406.85077 382.6493  455.4999  368.85202
 439.29263 247.02258 485.54962 447.77023 373.55212 405.21915 370.52274
 371.6765  469.7095  363.5394  291.81027 391.03378 332.30487 355.30936
 473.57568 354.23288 335.8032  330.27438 489.28683 364.2979  366.40714
 415.50543 370.7572  402.16147 491.03735 460.29553 386.8366  485.42444
 444.45258 384.97144 409.22037 432.75085 328.86038 396.79547 367.14444
 397.0803  383.41742 297.04715 430.94583 418.12488 485.8123  346.17966
 524.31177 448.09177 282.32547 412.725   432.8748  456.5796  337.0235
 421.5578  380.93423 427.6462  488.75577 416.08157 472.3405  454.4435
 379.99985 464.28146 394.04556 482.6259  395.69147 352.0662  398.67337
 467.31067 446.27066 467.2615  393.11337 353.1662  378.9333  467.27997
 353.81308 382.6382  393.22504 345.68195 419.26974 372.02045 426.42023
 401.39786 240.28175 428.8014  399.8355  342.6329  434.38803 376.9213
 445.9851  329.2569  304.4714  459.3515  441.39948 522.9783  348.63333
 436.89688 410.7494  474.81076 400.55682 403.07275 379.07748 353.09708
 400.2013  418.46976 414.39322 457.81915 392.22708 429.5019  404.78656
 314.1311  429.69324 355.84723 418.2269  420.09503 408.16232 367.10782
 361.48697 528.40594 412.4404  398.47882 391.51913 487.46204 455.72098
 376.40387 367.86966 423.13464 377.17874 295.04437 381.72607 354.4792
 390.67548 401.1683  406.74478 408.5118  314.35388 416.77124 416.39673
 392.3244  380.54947 419.4488  428.03967 415.      398.9527  403.988
 409.58096 360.45142 402.88782 390.798   362.20276 408.96002 376.71487
 433.89902 371.4876  347.9238  398.78693 440.62747 407.7838  377.80112
 433.28766 490.36688 428.01016 398.29575 411.99542 436.78143 327.81992
 350.76904 410.34338 345.6033  443.2892  377.48846 403.48795 415.03256
 379.25204 410.56265 408.09918 448.81046 372.1343  415.27847 405.09393
 406.14728 350.4844  598.02313 421.18457 470.2136  386.6653  409.0698
 341.29608 394.59924 410.7362  362.09796 465.89206 444.70706 451.66412
 413.66583 347.69492 526.9061  398.2243  347.66895 419.332   409.8896
 404.65982 473.10373 318.67508 382.92688 444.32437 360.60822 368.52277
 498.68542 435.76642 322.1349  454.0074  415.38684 473.92355 474.22034
 334.68964 428.41238 394.44247 409.10846 411.83786 369.64926 391.77908
 397.61118 398.29984 541.6655  314.4001  367.7863  336.3988  167.04527
 387.06763 467.19128 448.60846 420.35608 350.5127  500.58954 446.62198
 301.2268  436.89426 437.92224 344.13    408.83145 402.06827 473.66373
 373.5327  426.0231  411.74844 426.55585 407.58185 457.4302  328.56
 395.274   375.5903  368.3125  344.0203  422.38867 427.90533 471.93625
 359.04233 365.72015 307.1395  452.59848 391.17365 386.1055  274.38675
 373.652   369.11798 285.44846 397.0455  392.45682 359.1087  399.66342
 422.31332 385.48828 404.21298 463.11282 394.03207 334.52045 390.8682
 327.10193 336.8589  445.30585 328.0747  332.00974 435.71225 333.44672
 334.6914  346.98117 335.66483 338.95288 280.28412 476.38742 409.81732
 384.3145  296.50748 438.0719  408.4463  432.67603 422.7849  448.1892
 435.0561  348.51028 413.94455 325.2582  435.8983  387.51968 343.46536
 408.12146 463.43134 434.91998 427.61258 387.76678 356.07465 346.30374
 447.94666 507.61087 450.4433  430.934   443.9057  392.30167 447.29617
 403.29324 347.20435 383.1613  425.81076 357.85858 352.83752 416.73093
 399.76437 405.85248 390.8503  526.3957  452.91125 406.36542 363.9866
 383.43045 440.24667 464.63095 399.45862 172.40698 467.65958 335.72665
 420.1189  361.9409  468.3008  416.50607 378.11285]",[6.3025794 5.5295205 6.581065  ... 5.340907  5.6748405 7.5202203],6.4835315,0.03743073047858942,0.2141634776373768
1,7146,Transformation_Matrix_W,"[[ -3.4406035    6.1620255  -13.055838   ...  -2.2923052   11.653948
   -4.6411023 ]
 [-10.001836    10.601471     2.2064567  ...  -4.0865765    5.1579876
   -2.5961213 ]
 [  1.812531     1.5514474    2.4550111  ...  -5.108901     3.3712096
    0.22779931]
 ...
 [  2.647635    -4.6897736    2.2889495  ...  -2.3200955    1.2973183
   -2.0417476 ]
 [  2.9673362    5.953311    -3.2152956  ...  -5.6766357    3.384229
   -0.4678077 ]
 [  5.3278527    2.5828311   -1.7333043  ...   2.6315346   -3.5573204
   -2.4613729 ]]",,"[423.46524 406.91635 358.66565 340.28183 360.94363 418.6135  419.19476
 446.6119  318.2747  347.51593 328.85562 397.16544 394.7758  400.22858
 368.58246 369.49612 197.81409 466.70068 330.48145 432.43283 315.02664
 340.84732 382.5243  493.90054 337.9775  378.74817 531.62146 364.28992
 368.37714 335.88632 208.7981  334.6852  435.83322 214.01776 403.25024
 372.79465 369.8656  451.48642 338.08533 373.30713 452.12744 401.4758
 420.29306 301.14474 376.24017 403.6447  439.92184 410.63153 398.15698
 385.41052 286.80884 441.83408 349.0451  361.34772 342.52206 396.86493
 470.26242 377.1777  363.18048 408.92554 458.24316 478.29996 335.85587
 414.52515 385.3908  405.33966 306.636   323.93445 361.42328 316.74484
 456.52127 442.53497 368.58942 292.80847 317.30142 370.95322 462.03616
 398.26227 338.6982  475.62967 393.03842 460.194   333.4077  448.74872
 344.5304  284.0077  481.93094 409.71176 419.1292  327.22394 335.45557
 453.6297  324.72137 399.63287 400.7563  414.6246  432.94437 503.77264
 344.1046  340.39337 413.86646 399.7571  315.6284  457.9077  353.99136
 345.41776 468.95004 471.97452 390.91455 333.72232 423.8694  375.67624
 316.21677 362.37518 413.59467 342.6939  507.5191  159.82497 390.41183
 380.8774  475.643   410.72522 363.63376 439.0292  336.34903 342.92395
 344.43564 410.26004 195.07333 374.79715 393.49524 355.91245 424.9551
 413.9372  388.12503 302.55338 336.93796 415.57254 341.51315 364.5244
 357.70386 301.11176 386.926   322.49652 340.1368  410.22296 382.47623
 469.8179  386.96527 374.8744  432.7697  416.93933 450.49307 383.29352
 420.57617 336.32025 410.63513 404.0111  457.05478 411.56354 362.27396
 490.7541  473.82935 366.21793 326.27533 330.62415 363.2766  297.74402
 471.4112  415.6545  400.33307 457.99927 475.71262 405.8204  343.1094
 345.21774 492.05032 388.99207 381.51184 445.61508 328.28442 397.0348
 346.33527 395.9565  333.47867 218.74358 436.70038 445.28992 414.93146
 406.26062 373.091   362.46967 390.04135 319.90762 504.38635 502.69397
 345.8036  310.19434 459.05627 418.78885 376.60364 516.8698  414.65326
 424.92313 297.2709  399.46707 383.16498 390.30585 524.1621  401.99023
 281.12494 407.4285  313.86945 401.72723 355.10562 390.4782  297.12332
 335.2964  394.22165 401.82285 381.31586 324.45773 216.9135  297.7863
 419.73386 441.8803  392.54657 474.8445  433.67358 376.3434  425.48328
 494.80142 312.06326 385.29953 330.59256 413.96176 355.6145  369.8013
 409.73322 479.0118  404.75275 405.22327 482.26108 341.66727 405.51154
 315.32803 375.2776  392.35727 392.1611  419.564   369.3966  443.5914
 390.928   389.79282 414.93906 210.149   309.3647  337.31808 338.90558
 444.38745 342.79276 361.7247  443.39816 380.58823 497.43628 389.72092
 388.14087 404.9799  338.26685 461.8993  481.1312  465.16104 415.73883
 283.61478 391.80743 338.34628 392.38657 347.12643 404.90775 325.51263
 359.73257 446.36328 351.84976 334.6768  446.653   408.63126 359.865
 440.98734 407.00433 453.86148 391.85428 381.82098 362.01138 398.9393
 386.8357  425.6714  275.49182 405.91217 399.19257 358.9813  355.36722
 548.9897  433.54562 426.57907 356.91034 411.39566 427.01648 375.8147
 496.09735 298.31796 433.5739  404.17374 377.6483  384.60983 347.37442
 385.04697 368.13626 428.9451  399.29428 301.19202 385.153   409.85483
 408.3815  388.055   386.185   433.58466 350.00305 368.08292 343.31555
 416.83502 362.70795 381.2048  463.92438 368.4827  392.55164 334.92978
 360.24432 411.06104 418.7058  353.34363 450.01923 167.47919 440.47678
 414.3423  361.85336 516.1588  391.05127 363.16415 339.3541  441.49496
 396.63046 364.9051  348.4538  330.98517 395.37308 354.0461  433.79184
 388.11832 407.88092 427.76553 374.40396 377.95428 403.44455 408.71585
 491.5124  400.0946  393.52554 416.0714  325.9711  307.86697 469.37793
 411.20468 480.3201  395.86328 353.2366  373.38864 377.7998  368.3241
 411.74936 542.0487  394.3574  353.04922 419.08817 384.107   359.2767
 160.48338 322.9583  368.33298 431.54434 387.82117 408.2311  350.20538
 405.29242 353.1892  304.15216 401.4556  412.06177 394.0816  410.77856
 407.7239  449.69135 442.3523  483.91428 448.67838 423.44458 518.15247
 400.75394 441.07104 363.16785 338.42087 291.06964 377.8225  462.16443
 309.75967 366.50183 413.20267 477.49396 345.57916 402.17252 363.8583
 409.19327 392.29077 412.08368 395.02322 361.65497 442.27103 361.33856
 435.54562 237.67163 475.76193 430.1953  359.9493  393.69434 352.13104
 365.25894 460.3924  360.75693 286.31528 382.52048 324.75052 346.88394
 460.4385  345.7039  324.56946 321.86075 479.2689  356.0136  361.04578
 399.8213  359.0609  391.9481  477.35245 442.14795 373.58377 460.42957
 426.82715 374.39832 398.50455 422.19327 324.07715 378.4265  354.22528
 390.65497 371.67215 291.08942 424.8486  402.87854 472.23306 340.3693
 512.9877  438.02728 257.23886 401.60983 409.50012 439.1649  333.0117
 411.08963 370.58176 421.1308  480.5844  400.30768 461.30917 437.72455
 369.7698  401.35074 384.85822 472.60394 382.3439  338.33826 374.80707
 458.2775  416.5766  451.53326 381.58392 334.98584 369.41428 444.0182
 346.19263 365.32266 393.46848 332.9556  408.75897 360.66238 413.2667
 394.17157 219.48495 421.15048 394.42773 327.11    425.344   371.35175
 436.31714 320.88498 296.84775 446.58255 430.48007 511.05588 340.67783
 426.39633 398.48026 463.25574 391.2788  398.49002 371.4853  344.2187
 385.28937 409.29642 406.7434  445.76855 386.16138 422.1096  399.5245
 309.00638 413.05908 344.65366 408.8774  411.44122 394.35254 356.84357
 353.3673  518.5174  401.16342 392.9819  392.1269  480.76755 444.6691
 365.30112 360.9509  413.85074 368.35556 283.9568  374.9101  350.61273
 384.36105 389.53778 389.37677 395.51044 300.77966 413.09192 401.67166
 375.6877  376.65665 410.37875 422.26184 395.57565 385.7357  396.85623
 391.977   357.7501  390.09604 372.03796 357.1566  398.71173 366.44247
 427.61746 361.36328 336.24564 332.35217 427.97964 391.79156 367.224
 426.0941  472.48343 416.22803 388.0616  402.02145 423.5675  313.33246
 343.2574  395.52676 340.24802 428.97452 372.141   394.87814 396.3973
 368.60156 403.36557 388.1026  439.5348  360.15894 389.15378 388.4939
 382.44547 347.73758 589.31213 415.32224 454.91684 378.3316  395.65057
 333.84836 382.95386 401.76062 350.86786 461.78937 444.0191  441.37125
 397.9177  335.17517 500.55084 395.50836 338.37692 408.3944  400.07645
 389.96948 398.65866 284.73007 376.0095  437.77814 353.21643 358.37714
 489.9015  424.23813 316.80563 443.71878 399.99472 457.44003 461.27856
 323.30762 419.2264  384.74387 395.2155  398.98914 349.7688  382.41858
 390.5344  391.53558 526.4141  299.19467 360.4845  332.81665 154.09135
 370.25623 455.28424 437.94864 408.12134 339.96677 484.3217  428.23315
 292.75076 422.14862 420.29614 334.4007  400.47723 389.81833 463.25677
 365.037   418.3742  400.75818 412.80176 394.28046 445.24963 321.88367
 377.2695  345.28894 360.4725  330.95218 404.11032 420.14197 459.58124
 350.71725 354.32104 295.60022 438.63464 389.80792 383.71967 272.3329
 365.01785 358.19022 282.48584 394.4054  384.03928 349.8321  400.1243
 407.09985 381.49594 397.58893 449.71945 387.88162 322.26617 381.55283
 323.80737 327.85416 439.16406 317.1604  315.52744 422.88907 324.11697
 327.3624  338.63092 331.82382 331.5054  268.39377 450.1601  406.73383
 380.00702 288.68167 382.12363 399.93524 421.08948 413.56537 438.19092
 425.0757  342.896   402.88718 317.35715 424.35233 380.6074  335.79422
 393.21902 457.89365 425.54822 410.16028 380.80637 347.46158 340.11133
 431.15198 493.7943  440.32333 416.50104 423.02164 387.93918 438.16486
 380.32526 339.62854 371.10474 408.76837 349.124   342.8352  403.86215
 390.9789  398.57315 378.9665  489.91522 438.59705 400.39383 349.9356
 376.66092 437.30063 459.91    394.74072 161.45511 458.89133 330.83594
 410.0794  349.2014  453.0732  402.2985  370.1315 ]",[6.2955537 5.6719236 6.7666054 ... 5.5433593 6.1774707 7.3680034],6.3907824,0.06453400503778338,0.2613648221711254
2,7146,Transformation_Matrix_W,"[[ 2.9392276  -3.747674    0.12621318 ...  0.5503978   3.1591537
  -0.42908022]
 [-2.9568102   3.3406777   3.7785354  ...  7.5488796   1.6138353
  -1.5096298 ]
 [ 0.21619119 -2.7315972  -0.58168787 ... -5.7923784  -5.222577
   4.257489  ]
 ...
 [ 2.806651    1.0207803  -4.8730073  ... -0.412501    6.0875173
   4.8387804 ]
 [ 0.8142235  -3.6976714   4.111048   ... -6.965849    2.6823146
  -0.46251923]
 [-0.368959   -1.128052   -1.9906447  ... -6.6374454   3.011117
  -3.9213874 ]]",,"[412.01993 400.27307 346.84296 329.94272 350.47424 394.82278 402.4944
 434.1089  309.13528 335.9908  315.60883 367.92465 385.97607 375.34836
 354.67096 355.54803 181.76558 448.3048  316.32074 419.29016 304.659
 328.13153 369.77426 479.83258 329.24564 373.05    511.496   355.3021
 361.76654 329.674   195.71747 327.53275 429.24246 203.00972 397.73563
 362.83456 354.98163 438.44904 331.52475 364.812   434.97852 397.81754
 409.01038 289.88724 371.54953 390.48218 426.52435 392.0923  385.21384
 374.63858 276.3461  433.75153 336.47977 358.27518 323.8647  387.09726
 451.49908 363.2977  355.74112 396.3524  442.93323 467.85513 326.17432
 392.55368 379.28366 395.08124 284.43063 315.41278 346.61923 306.0147
 431.95078 432.67706 362.5264  280.28674 311.6456  358.81985 455.94122
 379.69138 325.1745  459.37994 380.68872 433.35858 327.85995 435.82532
 334.619   277.16354 471.95465 393.08633 414.404   322.6478  332.35193
 448.02835 320.25888 389.74796 390.7848  404.2388  422.94266 493.2571
 333.82938 330.25214 397.44565 389.19485 305.49777 437.58478 340.7345
 339.32025 451.72137 458.51474 380.25314 321.2597  403.25803 367.7085
 307.8207  354.54666 404.135   336.19736 495.69983 136.23476 378.29956
 368.40253 465.4599  409.40198 352.315   425.1492  325.1081  329.19278
 333.65607 399.20837 182.1573  367.9448  378.33917 340.27023 414.79617
 406.3916  382.41003 295.25638 330.7769  410.09198 324.23856 356.45795
 347.25107 295.41214 374.14108 315.06604 333.843   393.75708 374.30948
 459.8887  376.12793 370.4767  414.78162 400.09372 437.0293  369.45956
 397.00046 325.65118 392.34448 394.15872 442.94724 394.60825 347.7999
 478.98425 458.4549  351.95035 322.50806 321.63477 351.07867 271.88458
 459.47888 399.02576 383.69107 434.35007 467.16968 378.29132 336.23508
 335.845   476.04822 375.62192 369.67288 431.80807 326.18585 384.167
 338.86057 379.41113 327.568   211.71074 424.87274 430.80945 399.24228
 392.70798 362.19086 346.83182 372.43066 309.8546  488.20624 483.58655
 334.54337 295.92682 443.1816  406.81647 368.38046 508.3431  401.72116
 411.2921  288.93216 383.47287 371.12112 384.17383 499.89954 387.77094
 269.5142  399.0886  295.74716 391.03116 348.48865 379.70822 285.9552
 323.84924 380.7505  392.06567 369.7369  315.69427 205.44511 287.23624
 404.90985 431.82404 378.53436 462.5865  423.93506 367.995   421.36273
 484.1974  304.00647 372.4333  322.18985 403.0335  343.5058  359.39792
 393.51837 468.6517  393.99515 400.0927  468.70895 333.63013 389.41855
 302.54492 358.1771  376.66754 386.55353 409.7176  368.52127 434.858
 382.17322 372.56024 402.9896  185.209   300.37827 307.8684  329.90958
 431.48605 332.19186 355.91382 396.51556 369.58075 487.89343 381.4601
 378.87698 395.28058 330.2694  443.57996 466.2405  444.22595 401.02017
 269.9972  386.12527 333.7203  383.57416 340.25018 394.98907 317.30023
 347.29575 432.4324  342.12616 321.44885 439.83542 401.6338  353.65408
 419.51788 393.57846 428.69342 382.13422 371.34802 350.69492 390.43317
 375.35263 415.02197 269.4161  389.76923 387.81607 345.94507 344.76328
 523.5509  415.52643 418.22626 350.15518 394.43753 407.857   367.74557
 468.82294 282.2071  409.2445  395.0953  369.0992  367.46915 336.50116
 377.63782 363.2471  416.15115 389.9421  296.78555 381.15628 392.62573
 398.1514  376.5287  376.5364  419.62943 342.1907  362.8483  334.7486
 392.8109  350.28668 373.89114 458.182   358.38367 380.33698 323.405
 332.55334 401.27765 408.16266 346.7258  436.0538  152.13094 428.51025
 397.10623 323.74316 500.43866 388.2777  356.98465 330.0441  419.36172
 360.24567 354.7839  339.97192 325.1359  384.95493 349.94833 414.85733
 375.56833 407.04865 411.3581  368.943   362.32285 392.62756 394.96628
 470.43936 384.96225 387.46225 403.2797  318.79944 301.49585 456.8245
 396.66058 466.068   388.12177 344.66525 363.32864 366.55917 355.1406
 393.93973 529.83813 378.8259  344.49057 409.37634 373.3074  355.49997
 149.3569  316.89746 353.46863 418.46805 375.60577 390.29312 337.25693
 388.68118 337.76373 298.99765 391.48065 403.9271  380.8994  402.9427
 397.18735 434.6642  424.32034 468.85373 437.72556 412.1755  493.57126
 389.36505 430.4483  353.79065 334.43814 281.19617 369.7715  448.68375
 298.11676 361.1481  398.4889  464.202   328.32748 390.45837 354.42215
 398.20944 378.98495 400.6338  379.1175  331.93753 437.2254  351.7817
 419.81802 224.50629 466.01175 420.3372  354.1758  385.74136 319.75912
 358.67896 447.49155 351.52084 278.0867  373.31772 316.94138 339.36206
 451.86505 332.01953 317.274   318.62225 467.61548 347.90048 352.04953
 382.17624 349.3178  381.902   456.52286 430.7004  364.55997 440.0397
 408.00693 367.64877 383.53445 411.25925 312.8715  370.65622 339.17334
 381.84653 367.9657  286.0499  411.87277 394.33417 458.20053 328.21545
 491.61612 421.18887 244.80312 394.42667 396.7695  421.81345 327.6334
 404.3322  350.58224 412.87802 475.19522 385.10504 448.442   423.37918
 358.44543 370.6267  373.10284 454.7353  368.13086 327.5941  354.19778
 443.75107 400.47766 439.0563  371.6701  316.7071  356.94916 423.06024
 336.65628 354.61362 381.15756 326.03006 393.9946  353.87027 406.20062
 378.11395 200.3682  405.56848 375.7159  312.27008 418.8646  354.88983
 426.9564  313.16507 291.22617 425.4003  417.10675 498.03604 331.50363
 407.14435 390.8411  452.27383 378.6038  378.99173 363.0632  337.6141
 374.50766 399.59045 400.72147 426.90192 379.70193 412.69385 388.34805
 303.83902 401.23993 338.2661  401.80008 402.71344 377.67694 352.3669
 341.83643 501.66537 391.5497  384.46716 381.46228 460.02216 428.48874
 343.25424 349.15582 402.6295  363.03552 275.5724  361.52048 339.35565
 375.4394  379.47458 382.1072  383.3622  287.66733 402.9589  396.96313
 364.9637  366.6291  403.60785 410.33136 383.592   379.2797  385.5738
 373.143   350.9671  381.5712  350.2266  349.59723 382.5306  356.23758
 416.72113 355.5166  328.843   283.16907 412.5801  374.2898  358.73917
 413.61456 458.06473 403.39432 372.8346  392.19827 413.13492 301.30185
 330.94846 380.26642 332.95062 413.92538 360.1212  391.07022 381.58618
 359.67395 397.93912 376.09253 433.49698 351.47195 381.74036 376.96436
 366.12955 343.9321  580.18054 404.84164 440.93332 368.37344 381.05905
 332.19022 359.50662 393.85596 340.94867 446.7055  434.36853 424.6193
 387.71036 331.93454 482.23422 384.6901  325.63956 398.23346 388.88864
 384.61255 317.2427  253.4894  367.88953 429.78146 342.5429  351.4548
 482.0458  408.32718 300.69528 433.5768  375.78183 450.14478 448.3041
 315.82846 409.12985 369.4953  380.65775 383.0849  332.21204 372.51636
 377.71262 380.84586 506.81952 289.65665 349.72168 328.3093  143.13281
 363.09247 437.84094 421.55002 394.91174 331.35104 465.68326 423.54938
 286.50818 414.52615 401.49582 325.76224 387.3971  375.02774 456.21704
 354.88113 393.4873  390.08798 402.90674 384.08627 424.63577 312.04523
 370.72183 325.27808 347.4821  325.0556  393.69986 404.58374 445.48987
 340.34668 341.81165 291.96304 430.03998 369.52728 377.77402 265.93384
 353.55054 354.3407  278.22687 384.7592  371.69397 334.71054 384.95703
 395.9209  373.53165 394.1151  439.07877 376.71436 317.70035 375.12442
 315.06686 321.26505 419.83237 305.88885 301.39307 415.43185 311.42548
 313.18964 327.5177  324.39505 320.97195 258.41293 432.87106 401.8775
 367.65674 281.23026 331.6769  383.4553  415.36725 400.31195 426.22986
 415.22156 340.4433  389.44434 307.19028 420.10925 371.5456  326.8975
 387.27176 444.19678 413.28635 402.72882 374.00656 335.63504 330.38934
 411.5864  486.71704 425.70316 401.15262 413.01273 376.22452 432.29422
 365.9145  337.12045 353.68008 393.93106 341.076   332.10352 395.30396
 379.3623  381.50604 372.50745 463.48624 427.15686 393.89587 336.70142
 365.6911  428.74313 450.6339  383.56308 145.7061  447.5382  322.51254
 392.442   344.57568 443.79395 395.08752 359.8592 ]",[6.496302  5.5389576 6.349266  ... 5.8914175 5.7590046 7.37872  ],6.289461,0.09350125944584382,0.3066887137782535
3,7146,Transformation_Matrix_W,"[[-2.1790197   0.9065874   0.30620864 ...  1.6469002  -1.7180542
  -0.17861573]
 [ 2.858649   -0.475676   -1.2822709  ...  4.3011847  -1.5934939
   1.0156012 ]
 [ 1.588954   -0.9018354   0.3004222  ... -1.1491272   0.9662182
   2.099988  ]
 ...
 [ 1.7531601  -2.5285695   0.70112985 ...  4.9393873  -1.9481075
   2.1926541 ]
 [ 0.6393491  -1.500475   -0.7481423  ... -0.97303927 -1.1282629
  -1.1789618 ]
 [ 3.0541782  -2.2496848  -2.229776   ... -2.3973017   2.1845539
  -0.7147694 ]]",,"[402.03842 391.563   324.93903 320.7406  335.94717 382.8435  383.69632
 417.68677 292.59778 327.7894  305.71082 349.85995 369.21255 351.53864
 332.87112 333.41953 169.43544 425.27158 297.45044 407.86578 293.69952
 316.24457 362.34595 456.86154 324.67142 356.73108 491.5937  345.89154
 342.65527 313.38635 181.58794 315.45023 411.59094 193.86952 383.22595
 348.08762 342.59338 422.95084 322.2629  351.01913 414.4546  385.30582
 389.37274 272.89154 359.2556  369.02014 413.98944 382.94547 374.6936
 358.67734 262.2718  413.50998 330.26044 343.25076 300.7989  375.06897
 432.74805 336.808   342.54642 378.59482 418.8345  440.37787 309.79056
 371.80075 366.7738  383.79892 263.9205  300.582   335.60886 292.32486
 412.12372 416.41895 352.51132 264.69543 302.02594 349.2968  441.75433
 361.58472 311.21143 435.7973  363.7932  400.15906 317.0225  422.8756
 318.44232 266.78024 442.51855 375.42224 388.48276 311.52737 320.48322
 426.93417 309.72864 375.66122 375.92664 389.19858 403.48468 460.18564
 324.09973 320.16083 382.3513  381.37833 294.68655 411.1063  324.6676
 325.5089  435.003   438.6984  367.13043 307.55423 387.08295 353.97995
 300.2131  341.7224  385.297   328.74408 482.7607  121.35579 364.94016
 353.76013 449.6878  393.16394 337.15588 412.19693 318.95416 319.92224
 323.27985 383.292   170.31413 353.36392 365.05887 324.60538 402.47263
 392.36896 373.4561  280.53452 325.01733 390.83026 308.03723 341.9223
 332.2304  287.3573  363.80914 304.7713  319.32733 379.69415 351.10117
 438.25833 363.2954  353.27    400.81033 387.221   425.3143  356.00195
 379.33307 316.7924  372.47986 378.63828 415.42752 369.43674 334.65384
 466.71835 446.74594 334.79883 305.35266 314.936   341.734   237.52565
 432.34518 389.86307 374.22992 408.5793  449.95676 349.03934 319.96606
 318.21786 452.19803 363.186   358.64853 416.50888 313.02472 364.43924
 333.3425  355.73517 320.5977  198.4939  410.68204 410.82184 374.34076
 376.55002 348.55542 333.08505 354.58478 303.17358 468.78568 457.2017
 316.61887 278.32166 421.97568 389.9275  354.0005  484.99072 389.97397
 405.45642 276.21106 366.3805  355.57065 366.78528 479.1278  372.44067
 258.78333 389.9017  269.50873 370.1781  334.76465 365.7162  267.06015
 311.5823  368.62784 377.0783  354.40253 303.9627  189.84473 273.14963
 385.48694 413.48657 367.7175  447.04932 410.45227 354.20462 413.8287
 460.96503 292.37643 354.91626 310.16876 387.04843 331.12146 348.79926
 381.2193  446.23743 378.03235 381.95193 454.84006 320.17267 370.32098
 292.79303 349.09042 361.6453  374.69174 392.84912 352.58722 419.51343
 369.4934  353.1515  384.42374 153.7084  291.2815  288.4568  317.95346
 419.48856 323.49536 349.33484 334.90222 363.3069  473.53638 369.34262
 364.97385 387.4928  326.43542 425.38046 448.58392 419.87265 380.28265
 257.07855 373.97073 320.4486  363.47507 331.4497  381.154   311.13943
 325.77402 409.4643  323.79245 305.33923 415.6192  392.1796  344.25604
 403.3335  377.25632 408.89688 372.97925 359.32083 335.6445  373.65628
 360.70993 396.36407 261.55835 376.96832 374.22372 329.36227 337.24677
 484.38214 393.4423  407.10718 332.9588  383.26038 386.7837  344.35922
 438.12723 258.85068 387.7244  380.6159  357.40985 348.00046 319.9735
 367.49112 357.21936 406.38745 375.52722 283.31262 364.7912  367.81143
 377.25    366.10825 363.6354  400.74854 327.9289  351.51242 321.23715
 371.516   334.14856 360.89145 442.15924 347.53113 372.04077 303.53522
 290.65475 384.8456  393.55066 328.2964  419.64163 139.5188  412.84583
 377.91107 297.56    479.774   364.91968 347.7473  320.91714 400.41772
 308.07544 348.06613 328.34644 316.12933 373.59622 338.40268 388.57333
 360.99588 392.06238 386.53937 363.84897 347.04678 380.8534  373.89578
 454.8357  373.46744 376.85123 388.86108 307.83472 298.78503 447.9303
 375.92926 437.73697 379.81027 331.7452  353.4858  349.94775 340.21506
 378.86523 515.2825  360.36176 337.61746 395.0227  357.03683 342.49203
 132.6436  302.2015  332.8237  401.89587 363.38144 374.85214 323.2333
 360.08334 324.32474 289.90512 375.88715 383.14062 361.6682  391.36984
 377.02878 422.27847 404.96033 455.81802 421.65213 395.95343 464.91925
 379.0171  414.33673 340.82382 328.44742 261.62552 357.45996 436.9141
 285.4624  352.78906 383.91693 446.02078 308.8052  373.51782 343.8233
 376.33044 353.33762 391.82022 367.5009  311.59384 419.51776 338.83197
 408.60895 214.15678 447.7442  402.87082 348.30164 376.14368 302.2737
 347.46957 428.71652 338.28854 270.31476 368.27008 305.40204 326.2766
 424.38278 323.4115  309.94382 301.79504 459.90567 338.19217 344.36035
 358.49985 338.9043  370.07544 440.78998 417.0733  352.43274 413.53168
 398.87717 353.68475 369.08002 392.10947 295.13425 358.21518 326.74252
 363.89438 358.65622 274.33237 401.14395 378.67722 442.2274  314.58453
 473.0679  395.21075 227.51266 381.47086 381.6366  396.08804 321.01202
 390.98315 337.17725 396.805   456.12558 366.96823 441.86548 406.11426
 347.59912 321.2143  357.9191  434.83643 353.35962 318.47528 333.85822
 419.78598 371.45264 416.1172  361.4997  301.20166 341.06213 404.3273
 321.82608 344.8951  373.59387 318.30057 386.00278 341.5541  386.81473
 367.98947 185.74089 392.37286 358.90894 292.7399  404.00903 347.65552
 408.70038 298.07068 283.12173 401.99976 400.3246  475.7704  321.00156
 399.0624  372.72443 424.35944 363.71814 357.72287 352.45517 330.87045
 360.77466 385.69153 385.77386 404.64154 369.05362 400.644   375.51996
 293.6634  387.13342 329.4347  388.4137  381.58685 363.14566 339.48834
 327.5317  481.91867 370.833   371.3124  366.4163  437.10794 407.10434
 324.7277  335.82462 385.47046 342.92734 270.2133  352.50336 323.71872
 357.7589  372.7178  361.43555 369.60046 274.2967  393.15094 379.5491
 343.9937  349.0237  390.6359  399.34064 366.84433 358.1871  370.3843
 355.43668 340.49542 365.29837 329.33414 339.85168 367.31866 342.94003
 403.9237  336.89468 315.8926  241.4598  400.3529  353.07568 347.54816
 398.27634 438.96674 394.20264 365.37204 375.03818 400.1975  294.28244
 319.7817  360.70926 326.76477 386.75037 349.0109  382.99677 356.26947
 344.65964 389.10507 367.57956 420.17163 334.01126 368.44226 367.19302
 348.66135 334.2017  571.3187  382.32187 425.3986  357.49207 365.77545
 321.6506  352.3197  379.4777  326.11966 430.0028  410.282   405.3251
 381.1264  317.51114 463.79553 368.8676  316.60025 388.8783  374.13806
 374.7132  248.53964 229.60371 353.26584 406.20773 333.1095  342.99493
 468.7603  396.90146 282.1975  410.0449  359.8045  432.3423  427.12997
 307.18457 403.861   349.72095 366.56787 358.7559  315.99948 353.50262
 360.94022 370.4347  485.74362 281.2841  333.3336  315.89258 133.34941
 347.7617  424.5133  408.7018  384.65402 314.5953  451.36725 416.9831
 271.6286  395.54483 377.99133 311.89963 371.4932  358.18    434.4198
 342.33994 380.75052 377.03818 382.664   365.58014 407.51944 300.12717
 354.48083 306.7914  340.3758  310.93878 379.37656 392.46042 424.47714
 326.0971  317.96182 278.77304 412.4352  346.88498 374.38647 258.98798
 337.87836 333.5108  268.6474  373.4312  361.02966 324.7162  362.61908
 377.83575 367.1077  384.4461  421.30923 359.88147 310.35056 363.67703
 303.75308 310.14642 403.35065 299.04736 297.20618 400.77267 300.24484
 300.24988 313.98767 312.44946 299.28622 249.00313 418.48135 392.69623
 351.83817 268.88974 284.92484 369.49698 402.06146 381.5971  407.38986
 404.6753  322.71512 376.55103 295.1932  397.1058  362.43652 319.7714
 375.15552 428.3458  394.7237  387.65814 365.6191  313.70563 316.53925
 390.80038 470.29266 410.32416 386.36453 392.08765 365.71024 418.075
 348.74963 327.25464 337.73322 371.49536 321.871   317.43466 379.17322
 371.97403 362.10336 363.8231  424.35034 412.12506 377.57336 328.30646
 354.61826 408.22015 433.27545 371.02603 129.82599 428.16983 311.08633
 370.30502 333.4508  420.04517 377.42938 348.45615]",[5.9845448 4.8927183 6.405405  ... 5.6749    5.4646854 7.131299 ],6.1585383,0.13974811083123426,0.3592991713446436
4,7146,Transformation_Matrix_W,"[[ 0.24117586 -0.83247286  0.26105675 ...  1.0375693   0.23056024
  -0.32182688]
 [ 0.6277775   1.2579712   0.7380878  ... -0.6144963  -1.5765711
  -0.05990394]
 [ 0.3168816  -0.33016977 -0.16341461 ... -1.308024   -0.6104476
   1.0293703 ]
 ...
 [ 2.5328622  -0.2742737  -0.42025793 ...  0.84742516  1.1079253
   0.43276957]
 [-0.29051483  1.6965113   0.08654329 ...  0.04536255  0.37861836
  -0.9312111 ]
 [ 0.15230513 -0.9433039  -0.59517586 ... -0.05082432 -0.10306259
  -0.05429443]]",,"[382.01056  381.68866  312.34555  313.2546   330.33102  370.8431
 372.89877  406.79285  285.8909   315.8884   299.97626  333.13358
 359.5398   345.9646   326.16992  316.09204  160.49336  415.89438
 287.5843   400.0213   278.28687  306.81192  349.4426   431.67313
 317.6706   341.59726  475.17722  341.59952  334.91638  304.79605
 176.56497  303.5809   402.60327  185.81781  375.4132   340.81906
 329.31094  416.16095  320.3995   336.00226  401.6648   378.81485
 372.6118   269.49738  346.37677  354.62125  398.7458   363.67548
 363.67804  348.67795  255.19356  406.65613  318.35413  336.3316
 284.0144   360.8979   421.8158   328.65445  335.41028  375.0869
 405.97665  420.0752   302.31693  353.871    359.634    377.47958
 257.53848  294.08673  326.25403  287.43622  401.22614  408.20483
 340.4266   251.7449   301.05975  338.0386   435.5515   347.6396
 303.0857   421.24115  348.66058  370.69385  311.5126   411.5582
 316.36505  261.2488   428.56345  362.9721   365.78683  307.00095
 310.53595  413.8092   303.55392  364.54904  361.88666  379.21262
 384.1236   446.56348  317.58008  315.81638  367.32056  371.36517
 282.0621   397.69574  310.30185  323.76468  428.85794  423.59308
 353.8356   298.19147  373.7664   346.81256  289.19193  333.36606
 370.51465  319.3053   467.545    113.339325 354.5024   343.74564
 440.37384  383.37384  330.98676  401.57898  311.30908  312.67853
 308.97137  375.69775  159.09988  348.50006  355.40366  319.44778
 388.00046  382.9409   365.53665  269.52856  315.9064   378.99707
 305.64438  333.61905  325.6922   279.20868  357.95715  298.409
 313.07492  364.51123  340.82855  433.28162  346.63824  344.65076
 389.13     383.90173  411.4167   343.36356  366.88687  311.82043
 358.09433  367.71417  403.6512   351.34863  325.13647  450.26828
 435.5695   328.06277  301.29282  305.9443   334.2142   215.41653
 420.10312  374.39304  369.88812  385.83197  432.58566  326.74173
 310.9993   307.88297  443.7611   361.17874  348.85968  407.85513
 305.41742  358.8796   322.81485  343.34283  314.66223  193.67143
 393.2484   402.22238  357.20615  360.44913  340.24628  324.90106
 345.1332   288.87973  455.33115  434.7343   308.51926  269.58127
 402.24905  373.65295  342.8383   456.5423   378.00323  394.11035
 270.39346  357.6344   341.88593  358.40778  468.58624  364.54578
 250.76228  372.96515  260.1026   368.69397  326.83066  353.80356
 257.61728  307.9631   356.58127  368.17102  344.93954  294.32233
 184.88231  265.08395  375.2066   403.4985   359.2914   435.5928
 394.08496  341.23438  397.6593   446.79352  281.47137  347.49606
 300.9958   380.94434  323.63333  345.41925  370.03397  432.49747
 368.25708  369.45386  439.0866   316.16974  353.07675  283.9075
 339.77194  354.44485  368.9587   373.66412  341.4687   406.82767
 359.7096   344.53058  379.34174  141.16165  284.19406  273.1425
 308.033    403.82172  315.733    343.6821   302.64178  348.6419
 464.07562  363.52048  349.2828   379.84116  315.7373   414.47354
 436.39868  410.93695  366.69427  249.92409  356.71707  308.76587
 358.87433  327.92413  368.25165  303.04904  317.29993  403.15494
 307.44473  298.62192  402.3226   379.36337  335.59656  387.94855
 370.44495  402.69775  359.46185  349.29285  324.73608  362.2926
 355.4394   392.69278  252.48167  366.05502  359.2829   319.57962
 328.8029   464.15424  386.8813   391.1701   327.37952  366.5649
 386.62787  337.12256  422.27304  246.736    367.37766  367.91635
 345.4888   341.5222   315.19098  356.5782   352.2786   397.0077
 361.3734   276.16034  343.40103  357.44012  364.35486  354.80005
 354.95218  382.9836   320.08057  347.57553  308.5392   357.75504
 319.24365  347.5917   427.90952  343.1595   360.04254  294.0327
 271.2343   375.17932  382.382    314.5813   409.51166  132.43898
 401.1287   364.0861   280.01752  464.97165  353.22205  338.76987
 309.52386  393.56998  292.69977  340.56305  320.42676  308.7451
 358.93176  331.5695   380.63498  351.92294  381.90274  376.05518
 355.48553  334.10538  370.39368  367.22824  439.90338  361.8819
 369.33453  371.07816  303.24197  293.2655   430.0793   364.3099
 421.03226  370.52914  321.86584  343.4466   333.48236  331.75446
 355.25537  509.95538  348.94412  329.37286  386.7949   345.84106
 336.61203  125.70264  293.19293  324.8864   393.33078  353.48077
 363.5009   309.1973   343.90945  317.01193  279.4984   369.26138
 376.2965   350.76712  380.55444  369.78558  403.07016  396.10086
 444.0464   409.66718  386.8021   461.41684  362.35123  401.26935
 329.26434  322.0521   245.95131  349.6847   421.27145  273.44046
 339.36948  374.20395  434.10236  288.86942  357.98773  334.21912
 365.59637  344.9671   377.9613   358.71075  298.8598   408.75095
 329.03928  401.32626  202.29996  438.04977  392.43655  341.41217
 367.22598  290.15018  335.1489   414.72952  334.16656  257.35443
 358.61716  294.26724  314.7193   410.11267  308.60602  300.86044
 297.53467  447.69458  335.564    334.11615  347.08313  332.8723
 363.19833  426.96646  400.73032  344.795    398.84717  378.94565
 338.83475  355.93802  375.50064  285.1189   348.83685  314.77924
 352.49716  341.1125   266.0858   384.2092   359.25992  424.66183
 309.07382  454.61298  383.40475  210.26268  363.1244   377.27924
 389.08746  314.0932   383.6862   333.3466   391.15198  446.0413
 355.24716  431.52356  391.92422  331.06747  291.32623  346.41333
 425.79767  345.68558  310.2639   321.5564   401.92657  357.7637
 402.31424  356.24805  290.78293  335.4818   388.7449   322.8322
 329.75995  363.34406  308.33093  381.38977  325.99683  376.99655
 355.30176  177.45158  382.26074  338.82874  282.1347   397.57138
 337.94778  400.16226  284.86206  277.1114   389.60052  381.8992
 460.86133  313.9633   383.60516  365.84433  405.42255  350.33636
 347.28433  335.09662  333.20465  346.61786  375.90244  376.44168
 396.9028   359.32452  395.19443  361.94327  283.19955  380.6168
 318.90253  381.90894  367.54993  353.80618  331.1417   316.81546
 464.0581   360.79483  361.34366  357.97543  419.3477   388.14352
 311.30933  328.1553   375.70947  335.2449   264.13632  345.44058
 317.32135  350.03586  368.00177  345.53516  358.0246   270.1237
 384.53577  366.0207   335.46555  344.90146  385.49677  383.23715
 355.7297   338.1131   365.3202   339.56546  331.6815   355.35464
 313.75168  333.80426  359.41266  331.9608   387.25897  323.46362
 309.0514   211.01259  381.15512  346.9449   334.82962  380.56604
 422.75708  387.00922  352.68576  363.92624  394.54382  280.4274
 307.55826  350.47903  322.83444  376.1416   341.4699   373.771
 341.1494   329.83044  378.95483  358.2043   399.3928   325.31342
 359.87186  351.99838  333.5154   326.6823   563.1507   372.57108
 406.5483   348.0543   356.51297  318.60977  334.90112  369.64343
 316.88123  414.58975  399.787    397.92953  362.7975   310.14023
 454.49442  353.47784  311.63556  379.6339   365.36438  365.04993
 217.35934  216.03897  335.56345  394.8046   329.34427  327.78848
 465.96057  382.71817  277.47946  404.27414  340.7987   417.7535
 413.48862  296.74152  391.21674  342.5355   351.36127  351.28976
 308.17938  333.7257   345.97162  360.6597   473.67426  273.49045
 322.35403  308.55942  127.2033   335.92896  414.56558  398.4263
 368.863    305.48358  445.86987  405.4008   265.09253  386.621
 365.65765  304.8925   358.08344  347.00024  420.64633  336.61517
 368.5853   365.17905  366.22214  353.7835   392.06555  293.75836
 346.09177  290.0813   329.48727  305.343    362.4905   377.97168
 411.9079   318.0796   308.8239   274.69852  403.1039   333.33835
 363.89178  250.8181   328.37335  324.79636  263.16986  363.36954
 353.0493   317.16403  355.57132  370.01794  355.71295  376.2008
 414.1228   350.86356  305.482    355.45676  295.32645  302.9807
 395.76193  290.32135  282.18637  382.945    295.5548   290.92548
 307.66138  299.02585  291.54584  235.74725  401.69464  381.31796
 340.3123   259.85037  258.9477   366.2988   381.6706   371.57108
 396.53775  389.11035  318.9046   363.7434   284.15186  385.8776
 351.99786  310.42584  366.20422  413.26178  387.33224  371.42905
 357.3804   306.2055   313.4072   380.85318  453.4507   404.711
 373.2963   374.8052   354.51303  404.27417  344.43018  320.18915
 332.02106  360.18338  316.56927  309.72617  367.06366  361.56625
 350.61475  356.15298  394.32956  395.7604   368.34027  314.67618
 339.7102   399.8139   420.88882  360.7191   123.17482  417.53058
 306.38757  354.46313  330.6643   415.2156   369.89783  341.27777 ]",[5.6682315 4.58062   6.0770864 ... 5.402943  5.5668187 6.7887216],6.0651245,0.17561712846347607,0.3921709622217528
5,7146,Transformation_Matrix_W,"[[ 0.04635546 -0.16941473  1.1862975  ...  0.56627554  0.0446349
  -0.1563093 ]
 [-0.27450466 -0.7512035  -0.06157033 ... -0.70399207 -0.84087217
  -0.3466182 ]
 [ 0.55163026 -0.35730067 -0.58392215 ...  0.21480237 -0.28808638
  -0.16954201]
 ...
 [-0.03815379 -0.96884084 -1.10922    ... -0.61729467 -0.6065547
   1.447528  ]
 [-0.22399521 -0.20819464 -1.2363815  ... -0.7417211  -0.53381246
  -0.10982759]
 [ 0.40894148  0.13034731 -1.2739443  ... -1.0116395   0.7300245
   0.39873803]]",,"[368.726    374.0521   299.7926   304.88672  318.92947  359.71292
 363.93634  385.71683  268.73425  313.3619   288.28235  313.4119
 350.82785  328.40567  313.79822  285.81226  151.311    399.30093
 276.51077  383.6824   267.55023  299.03577  336.19293  401.75983
 305.01685  331.2762   453.75327  327.32956  324.98383  292.06863
 165.89734  290.8764   380.63226  171.9234   366.3763   328.89597
 312.1047   405.74875  303.21222  321.0687   379.6101   360.0994
 355.9264   259.78607  332.72156  341.28503  377.8572   349.05035
 345.75046  329.6621   245.87827  383.1708   306.22556  316.06607
 268.9554   349.4032   403.7595   311.55685  328.29248  362.48172
 385.60913  402.45346  290.3927   332.50668  352.76477  371.39432
 242.74655  289.193    312.47595  274.2016   384.91385  388.2829
 337.07462  239.68802  291.71884  330.38416  420.69247  337.35077
 297.12546  393.98438  338.28146  348.5315   307.40143  390.12085
 306.29474  251.65767  405.2618   353.35983  346.90063  287.64764
 291.61575  404.60803  295.00916  351.70398  347.39978  363.45825
 357.5866   419.1205   304.512    302.7979   347.65488  349.64523
 269.09076  374.1059   295.74777  312.46475  413.90396  400.7844
 339.40463  289.3884   354.59207  331.07657  282.85516  321.86118
 352.38995  309.8068   452.05542  104.18947  334.48044  333.89554
 419.4425   373.64462  325.21158  386.08688  296.3166   299.69244
 297.7337   363.5446   147.1704   339.14914  345.18253  298.50494
 368.2993   361.79266  348.6699   256.79245  304.05878  368.03323
 291.87088  318.15292  311.08252  271.02463  344.9734   283.9507
 299.6842   349.21948  323.17468  417.17935  329.94382  327.8968
 369.49548  368.73398  399.91934  323.6029   348.8487   306.94693
 340.80414  353.44528  381.65836  329.56586  312.7763   433.32217
 417.13474  311.1969   293.66077  295.91727  313.76288  192.85432
 401.8141   357.78955  351.37405  369.72125  417.97568  312.13336
 305.2582   291.80438  427.0425   338.70917  331.2585   378.64856
 293.1272   343.23703  311.6967   322.10693  305.39822  186.01572
 372.53403  397.63095  336.50006  344.6454   334.4822   310.37607
 336.76654  276.7735   445.14816  415.3709   296.22247  251.7293
 383.22784  356.95724  333.55746  431.80453  358.69348  380.0341
 257.5841   346.5287   322.8883   347.01468  445.4157   353.68054
 237.42603  361.51874  238.59029  357.71497  312.41257  337.59738
 248.67485  293.5363   333.40564  361.24084  327.30267  287.29785
 172.06317  255.94846  365.22787  386.3099   347.747    421.0326
 378.69327  332.52737  385.88724  426.51028  269.20425  338.06192
 295.0331   360.70642  312.42612  334.98395  355.56076  422.32736
 358.53906  351.02585  429.73996  309.88904  336.9785   272.9762
 321.19043  338.84167  353.09747  359.083    325.2917   384.4616
 347.03394  334.9339   361.9548   126.59891  271.1225   258.15247
 294.91293  398.32025  300.3797   333.3631   257.1093   339.57764
 453.17978  352.38495  340.565    366.0424   300.6623   402.7236
 414.87097  395.88223  353.13632  238.31688  347.30676  292.5945
 346.52963  320.1298   347.31683  296.24808  306.29404  381.37305
 294.79257  285.3939   384.2205   362.98993  322.07446  373.82935
 355.30164  391.50552  348.23956  336.97314  307.708    343.6042
 341.76553  369.41968  243.95197  352.17606  340.5045   304.5571
 312.51965  435.18512  367.07898  379.69214  319.26108  359.62933
 369.17343  323.0503   409.27902  230.10768  356.49744  343.94458
 334.60046  331.0345   305.63358  353.34903  337.82678  381.14902
 354.07248  262.91165  326.93115  344.93973  349.64536  346.9545
 347.129    364.78424  311.26898  333.97855  298.18954  339.29825
 309.19073  340.77753  402.30966  327.8048   357.06363  277.6673
 247.32895  359.95792  371.2961   306.50253  395.4964   122.245155
 379.14188  343.08282  252.78056  436.28647  342.32104  325.46414
 300.48624  381.0368   264.07843  327.79868  303.22684  298.73816
 343.1559   319.45947  359.72354  340.37198  365.99207  357.8451
 341.99924  319.2821   352.9755   352.9169   417.2047   344.26114
 359.30557  361.0681   288.62326  280.54703  414.75723  346.0839
 395.1352   356.49576  311.9773   333.74594  306.39185  314.73645
 337.9446   484.4272   336.64304  312.46222  371.70187  327.3901
 320.06567  113.38131  284.82974  311.37302  377.6244   341.9069
 340.77286  299.71924  325.2702   296.35928  269.74506  356.5987
 352.55203  334.49023  363.40952  356.80402  383.39178  374.86356
 427.83673  387.97122  362.5106   438.77515  346.64664  390.9971
 314.53973  312.65814  225.93582  337.75653  405.91998  263.83636
 326.1614   358.58035  419.52832  275.87164  341.58694  320.5897
 342.31454  327.20786  361.9391   342.71146  278.50928  386.7314
 310.7469   390.25415  190.68619  419.35403  384.1521   332.07397
 344.95102  268.3811   319.86218  401.55093  324.80167  252.51599
 344.21548  287.35623  299.25586  392.5974   297.3951   289.20392
 288.4501   428.25092  318.66367  320.1522   335.70468  324.19263
 346.83875  414.13864  394.81693  334.51212  372.59094  361.18497
 330.98755  341.25885  364.7906   280.46985  337.50897  305.05444
 347.36505  324.52682  263.75742  363.35825  349.11246  409.67303
 293.77313  435.2029   363.12173  200.61021  342.89688  364.259
 371.067    306.05902  370.79865  320.54733  373.70636  432.28152
 344.15085  415.20847  369.98975  323.9652   257.0479   324.73746
 414.6831   336.15253  299.67926  308.09174  374.41336  336.04367
 385.3023   344.82205  275.21683  327.89203  369.01917  312.6019
 314.6097   345.1851   304.7628   371.48798  311.96243  366.97925
 344.4574   170.1816   368.0315   322.40067  266.63257  387.64948
 323.88336  385.46716  271.33026  266.39752  374.60394  368.6513
 423.97592  303.08005  375.94205  352.88266  379.929    328.64832
 326.4677   321.12018  314.68613  335.10193  360.77148  355.05612
 377.1138   348.0667   378.96887  346.02533  273.77972  370.11206
 310.4403   359.8304   348.60944  345.69308  318.46863  306.04694
 435.82767  346.43814  352.45447  344.64682  398.14282  368.2082
 291.7723   318.19278  362.92755  327.0177   255.62033  334.72888
 310.61575  343.14636  356.95844  329.3151   347.9137   259.9529
 370.69373  345.51294  318.81683  331.42276  371.41226  367.9157
 340.63303  326.4688   347.11337  328.78427  318.31824  348.66394
 292.81036  321.77615  338.32303  324.8793   377.56073  312.03812
 294.79547  183.99435  360.74872  327.13983  317.4388   361.6436
 405.01398  375.87604  326.16812  346.9333   379.54453  271.54095
 297.1092   332.95645  311.9148   371.99857  333.08838  361.85257
 317.15802  312.34232  366.05075  349.34818  385.3878   309.9409
 345.4314   336.1307   315.76028  322.22687  548.2963   354.45605
 386.98373  334.8103   344.32037  310.36334  325.0607   355.43262
 305.11108  394.06555  384.5474   382.13983  344.86844  298.99988
 431.55365  338.3941   300.85773  361.5417   347.2006   351.4664
 192.50592  199.53288  319.4278   382.50543  317.7347   321.75998
 448.0642   371.34482  259.3857   374.49222  325.47623  390.25568
 403.66916  284.82138  380.93222  326.56543  335.04608  339.1533
 291.92926  320.91052  329.2701   351.23157  451.16483  258.07507
 315.23526  300.10532  120.82373  323.3846   396.542    386.3917
 351.89087  299.71655  415.73608  383.36334  248.61801  372.97876
 352.68906  297.6583   352.65588  333.86545  396.5739   324.48267
 349.40604  354.9878   350.91873  335.75287  377.5719   284.60037
 333.36523  272.595    313.4763   295.28     344.19086  362.78156
 391.5081   311.54422  288.99673  268.77435  378.85358  319.5053
 353.93378  241.18695  313.23007  315.83685  257.5092   346.7549
 333.96463  300.52097  331.39297  354.56363  343.8903   361.25986
 389.67288  333.4906   293.66525  344.06244  284.09128  290.006
 376.04294  277.85156  271.46262  375.60886  280.96942  277.6123
 298.9374   282.74634  281.15747  228.82207  381.27115  368.72723
 326.1408   253.89713  236.71422  348.60898  368.64548  351.65042
 386.30072  370.46085  314.95044  340.28058  281.1884   369.16714
 337.57764  299.1004   351.5085   392.4936   369.9429   353.79868
 348.90778  293.16678  307.65356  366.6431   432.44208  386.7435
 355.7071   359.88458  340.6081   379.4462   329.09436  307.00134
 320.95206  335.40463  309.93393  293.41138  354.3685   346.3022
 330.9713   338.82938  363.78378  381.27838  351.31628  298.70676
 319.90295  386.53467  403.16977  345.48282  113.71229  397.58237
 291.57977  342.65958  323.14612  394.51465  348.50986  332.2894  ]",[5.1560082 4.766205  6.0355697 ... 5.30991   5.3186474 6.6953864],5.936292,0.2296221662468514,0.4340924075370433
6,7146,Transformation_Matrix_W,"[[ 0.05321409 -0.30974823 -0.03905518 ... -0.6353221   0.32177693
  -0.02975204]
 [-0.5864737   0.46325493  0.06187288 ... -0.15294479 -0.02332382
   0.12945648]
 [ 0.45331135  0.2281669   0.04630857 ... -0.1426158   0.20725207
   0.09248591]
 ...
 [-0.09133811 -0.03445736 -0.3709098  ...  0.32405737 -0.24659368
   0.00076649]
 [ 0.11439387 -0.13301197  0.16948222 ... -0.38836494  0.5989297
   0.16823219]
 [-0.12769489  0.27672952  0.1868726  ... -0.24080314  0.23269351
   0.00629828]]",,"[355.46652  363.9968   295.1485   295.4279   309.91013  343.20654
 354.65427  368.11563  263.5993   301.07846  280.71597  297.1373
 337.66107  318.56293  298.4201   269.44916  143.03531  386.88367
 264.33093  373.33844  261.79846  299.71555  330.43433  383.25998
 295.57877  327.37164  450.41956  316.9105   324.50238  281.81244
 156.61441  283.62042  368.98215  168.00266  363.6191   321.5202
 303.42783  396.22064  294.0317   307.8823   366.60147  356.7464
 345.5346   250.03204  320.52255  329.74402  368.12598  335.40894
 341.56143  324.97363  235.47498  366.79422  298.93958  297.88275
 259.18552  336.26596  391.907    297.17365  321.51416  355.37094
 381.91898  390.82196  274.5997   327.30786  340.50714  359.08
 239.22707  278.31436  307.44772  266.55243  371.4274   372.65192
 331.12286  226.79767  287.28445  316.0588   411.5342   333.10193
 289.15622  382.3947   322.2047   313.4821   301.73346  368.10312
 298.6898   246.88089  383.01154  337.397    340.4121   280.6548
 288.35205  388.06113  287.72244  340.21646  336.37973  355.0329
 346.5232   402.91663  296.8273   298.94635  337.0554   343.45566
 260.06308  349.9555   292.39453  308.55383  390.8703   385.92868
 333.97623  278.33408  339.57776  322.63388  276.65952  311.17944
 331.9017   307.48584  431.94382   97.04388  321.7199   322.2094
 404.75174  365.89075  318.95575  374.90112  295.34705  289.3005
 288.62308  353.27893  142.22765  333.67407  337.89835  290.9086
 354.00827  356.0155   342.09378  252.09464  297.77856  352.49686
 289.60962  314.06366  304.2712   268.31985  333.43182  277.6259
 290.57245  341.98605  318.30798  403.53882  320.73047  317.2192
 357.13174  351.21948  397.2072   309.09265  327.64963  300.5032
 328.2805   342.9493   359.47452  302.2529   310.57974  420.76004
 403.29028  305.66888  280.2171   288.60886  305.83795  185.31332
 393.51035  353.0165   342.51303  358.23944  396.39536  298.3691
 292.9954   277.4093   401.497    336.34235  320.89856  367.58948
 296.00797  331.93918  299.60684  327.01065  301.4093   177.33539
 364.3946   385.43182  316.71362  334.3821   319.50906  301.71405
 317.29913  268.7165   433.82178  405.7921   293.36398  251.66779
 370.9835   341.16153  329.15308  419.85516  352.94656  368.39658
 252.78517  341.32092  312.62338  345.2896   443.6262   349.56607
 226.50922  352.8697   237.16478  341.587    302.57422  326.95914
 243.14749  287.76202  334.95435  353.88684  313.03806  280.1922
 169.28506  249.5805   342.541    370.77057  337.48676  416.44504
 369.19748  323.93564  368.5218   409.3495   257.9716   334.4643
 290.39456  351.65955  299.39075  324.83206  349.29385  403.2481
 339.69357  352.35706  414.64795  297.46252  329.66077  261.7667
 321.3413   330.88083  347.19443  348.27277  321.0454   366.66412
 345.99277  324.15067  345.90082  117.194984 265.7243   249.77574
 291.25848  387.56607  285.9672   327.99448  228.21265  333.55682
 441.01428  345.20523  334.03177  356.4022   301.67917  389.95288
 410.84225  386.50217  344.5421   227.96852  339.78986  286.85767
 340.16702  315.09058  333.29807  288.8329   297.51797  367.37546
 287.27286  278.72397  371.00345  354.31137  315.96365  358.4483
 349.9698   377.46252  339.03     327.30325  298.83255  334.60217
 331.13293  358.8189   239.86646  342.62115  329.5715   299.577
 304.17838  420.79242  367.60397  371.56644  303.93887  351.2337
 358.45544  319.06644  391.7518   220.26656  343.22516  337.27744
 329.03458  319.18326  302.62326  348.14822  331.44614  367.08133
 333.796    258.66757  313.84814  332.1099   341.42322  337.72968
 341.89545  347.4787   303.2414   324.27438  285.37415  337.97903
 310.25812  332.88425  397.8627   326.08505  345.91696  266.38245
 229.79662  344.88666  354.77225  295.10922  379.1255   115.88986
 371.00287  334.67523  227.86742  427.65317  329.0986   315.83115
 290.6014   367.21527  242.74084  323.98785  297.91818  299.88174
 330.30167  310.06458  344.29056  328.57983  364.8127   331.9011
 339.76477  311.18018  347.96036  344.09973  400.5097   333.32425
 349.70197  339.7077   279.22116  276.20428  406.96286  327.9983
 378.1915   351.29974  309.22272  322.38342  291.2001   304.81955
 320.8324   468.46817  326.773    308.91367  370.05692  317.39975
 310.099    105.31377  278.55283  299.0685   367.8533   330.41205
 319.33     288.15295  310.9227   286.78534  269.82867  339.5763
 344.6071   325.56143  355.1436   348.9863   372.0801   369.96606
 417.79932  377.27545  358.899    427.42868  340.44742  384.5326
 311.8967   307.1116   210.78477  334.8719   386.32257  253.05876
 318.0949   348.26822  410.93924  261.70453  330.81357  307.98566
 325.9615   321.5452   348.86157  333.6334   267.49606  377.85187
 307.9534   377.59357  183.32454  404.2447   376.35104  324.1517
 336.92026  254.94353  313.64365  392.10214  316.03876  248.07014
 339.43588  281.11835  296.9973   376.22617  289.2786   280.3723
 282.1194   414.50742  312.0534   314.7453   321.3848   314.789
 342.49414  396.12277  381.81238  328.35776  353.67825  349.97568
 317.36102  334.5867   355.4199   265.49252  323.76727  300.30743
 333.07452  310.57755  264.0391   342.23975  342.2676   392.32855
 282.6184   415.41537  355.6552   195.02606  336.96915  357.5102
 362.48212  299.9956   357.98758  311.33752  357.32953  419.02023
 335.47275  404.68723  355.01608  311.4164   229.84503  308.64557
 400.08932  324.61157  286.9547   295.1797   363.71274  317.95093
 377.44983  337.45868  257.8814   321.12418  358.48175  310.11896
 305.8906   340.16003  293.7978   372.02338  304.40375  356.93567
 338.57263  164.83556  355.97507  310.5209   256.43106  385.59045
 327.57874  372.96115  255.43411  257.2137   363.94232  361.1451
 404.28674  295.06482  369.5512   347.7337   371.41885  316.89145
 316.26852  312.10544  306.4148   320.46344  351.29413  345.21555
 365.93317  333.2042   369.43665  338.93896  262.73718  364.80466
 299.3633   346.36652  338.5214   337.1818   313.0854   301.39972
 422.2217   335.06888  335.64563  336.55603  390.80966  359.26166
 274.68704  310.25412  364.81094  317.85556  249.04808  326.07855
 302.07986  334.80618  351.52338  319.8224   339.0887   255.61281
 361.75037  323.31552  313.61737  316.01416  362.0453   361.74994
 329.37985  317.38943  336.0793   313.85483  315.55133  330.46173
 280.26578  318.59778  336.04126  312.39426  366.2325   312.69876
 290.00577  172.40646  354.35168  311.02777  312.43835  348.92813
 393.79623  372.47723  313.01035  329.05194  375.93692  266.1106
 283.79785  327.42346  300.00162  360.43295  323.47336  354.7403
 306.83704  301.77002  356.08505  343.77032  381.45847  305.57553
 334.7779   327.6389   306.85532  312.0811   536.2665   350.46255
 372.175    329.52213  335.4927   302.57446  319.55917  349.39246
 294.68872  387.16678  374.113    371.8738   338.09454  293.99512
 419.0057   326.11014  295.48782  348.8326   336.9262   345.49466
 180.68715  183.74928  306.2542   371.25043  311.51456  312.3348
 430.01663  361.06732  253.16264  357.23477  320.69766  377.2824
 391.13892  278.58093  366.50052  320.8606   329.00995  324.2727
 286.81876  313.80313  317.857    337.80234  437.5171   249.22021
 303.1704   289.47272  117.232765 320.4585   387.5738   378.3687
 337.77176  294.6664   403.42017  369.599    245.64363  363.79367
 343.5867   282.88324  331.69598  329.3725   380.03024  317.40417
 345.33493  350.90582  344.73605  324.29398  366.33377  270.68176
 322.83655  256.99683  304.51205  288.52048  331.85785  341.8749
 381.19452  304.64688  281.85156  265.05096  360.6615   315.50958
 349.52637  235.84358  297.3508   307.89117  249.40567  342.13345
 332.34845  296.43494  327.9501   343.50687  330.51657  355.5188
 376.05234  327.91663  281.35455  333.4373   284.55844  286.68976
 366.60974  263.77744  266.3498   367.8225   264.90814  266.9842
 286.83438  277.73047  275.48938  223.01967  376.9127   364.4919
 317.50085  242.56244  222.5496   335.24924  357.22507  343.06223
 371.4555   367.4521   304.18134  328.70264  274.81815  351.17908
 330.05524  289.06113  342.20776  391.5146   360.91812  349.51306
 338.46594  286.34167  298.38507  352.6436   414.40536  373.32986
 342.86133  345.47455  334.37564  376.42935  326.7884   296.10107
 315.0237   326.06635  299.5817   282.31534  350.98495  339.6066
 327.17456  326.61267  342.7212   370.25433  349.09183  294.09576
 314.32907  375.19815  393.67612  338.84436  107.75438  387.78815
 287.23413  330.84085  311.76654  384.6974   332.39185  321.98267 ]",[5.1629996 4.9902225 5.922119  ... 5.3295255 5.2189517 7.151575 ],5.847349,0.2645843828715365,0.46142696289770857
7,7146,Transformation_Matrix_W,"[[ 0.21170855 -0.35110873 -0.2971035  ... -0.18852307 -0.02784323
   0.03807146]
 [ 0.01984654 -0.02079041  0.19166057 ... -0.28349462 -0.14071418
   0.1145094 ]
 [ 0.10184068  0.21288107  0.15809369 ... -0.14265956 -0.20476185
  -0.27686498]
 ...
 [ 0.08149361  0.06127586 -0.12245458 ...  0.33296224 -0.18871559
   0.25083032]
 [ 0.4367816   0.13319628  0.2547045  ... -0.27412876  0.41505337
  -0.45504788]
 [-0.27438104  0.09083939 -0.21891937 ... -0.1844544   0.32520345
   0.02064724]]",,"[338.72632  348.42072  291.90808  286.47168  309.05862  329.45654
 342.24088  358.70175  249.06229  294.4169   269.98175  297.0653
 329.13092  308.54642  292.84088  252.0121   139.83023  377.28793
 259.5483   363.9963   251.78955  292.08282  322.2082   364.10846
 291.23456  322.9088   426.26004  308.93732  311.8284   275.35217
 148.40993  280.92664  361.1987   163.15504  353.1821   317.85614
 292.5545   383.94196  285.61905  297.28775  358.43365  349.8597
 328.67767  240.81946  319.3853   330.1604   351.1161   328.54672
 333.476    318.3937   229.45694  360.08286  291.76486  293.438
 252.16344  334.75577  369.2206   291.34634  314.39023  349.35696
 371.85092  383.4798   268.14285  316.44672  337.1855   350.01837
 233.35442  270.0178   297.30212  255.43515  365.07355  367.62067
 323.9099   225.21857  276.54764  313.78238  408.34387  323.4722
 275.31827  368.9498   312.81735  302.95905  295.2936   356.30734
 284.51724  238.91493  371.9233   335.48602  331.6049   269.23956
 277.0578   383.52823  281.87466  331.6416   333.14346  344.77988
 331.19638  383.3727   285.26147  290.94476  330.9017   335.73212
 253.87758  343.9744   272.397    298.57568  385.12155  376.48267
 322.96066  277.91003  324.05386  310.75784  266.12598  300.49973
 320.3138   299.4671   419.27087   94.97582  321.7994   309.984
 397.3993   347.39685  310.65445  362.49863  286.0271   280.6229
 283.3805   343.31848  138.75801  325.80762  332.08063  282.0199
 339.00482  346.1701   320.9083   243.85666  294.00354  342.8025
 280.4889   301.55893  298.29248  268.87616  314.03436  275.995
 285.64044  326.97415  307.16702  388.9658   299.20822  315.26224
 343.28122  338.7996   386.04694  302.89987  314.94632  287.44302
 322.92355  327.22226  355.39417  296.08948  302.02664  409.13623
 396.0906   290.15634  279.55383  282.33212  295.0027   174.31288
 382.45905  339.57608  335.25613  351.53668  388.84702  284.3944
 288.04166  263.0672   390.6408   328.19235  321.88846  367.53796
 285.9119   328.1355   294.12317  313.24158  291.73138  171.6929
 356.4272   376.21628  310.36307  342.49924  312.08765  291.32578
 311.92578  259.55435  411.87018  389.7897   289.09177  248.26581
 354.21613  342.8727   325.16736  397.87906  347.1485   350.57657
 248.02606  328.74017  301.2032   334.06668  434.92188  336.69308
 225.64618  346.42874  229.17667  337.13385  298.9175   320.65613
 237.23581  280.44385  322.37518  344.31503  306.01926  273.15747
 162.53989  243.89421  335.51276  360.1776   331.33084  406.62292
 359.23904  318.5282   363.44388  398.43274  238.74454  327.72137
 287.6461   339.3218   287.34933  324.16284  339.0686   397.5868
 330.89478  341.063    401.65253  286.57416  320.60632  255.29442
 310.31473  320.90387  337.1727   342.67685  312.0569   352.05344
 333.8682   315.82266  345.22626  109.27507  255.24109  238.4245
 294.0123   385.79193  290.185    322.24457  200.78304  325.8834
 430.9921   328.58768  327.45282  343.85828  295.22934  377.7611
 391.79105  374.59818  337.53207  227.19485  328.81766  280.671
 330.3726   308.6043   323.3248   284.21082  283.67276  360.40805
 279.1228   267.01138  362.65958  343.0067   307.23138  341.40012
 329.24402  370.77484  327.12662  320.65216  283.0453   331.5243
 320.69992  347.08148  237.8815   342.73236  316.72873  288.0782
 298.91815  395.7861   349.32285  366.38498  293.6714   342.02707
 346.0123   303.03705  378.17572  207.91873  331.8862   329.30862
 325.51257  308.37564  295.1893   334.29636  331.80798  363.7281
 331.2488   257.36282  303.7177   332.05847  335.88495  326.24765
 335.0363   331.21432  292.13983  312.0569   279.09207  327.3609
 295.64325  319.70514  375.95706  317.81842  346.07742  259.29172
 220.00423  340.292    347.28778  284.4125   376.81454  112.380905
 368.88287  321.8149   213.08266  397.05728  326.13193  315.6011
 286.06155  359.9609   226.37796  319.734    300.18973  288.68057
 324.50668  298.41748  333.3341   317.37244  359.0918   319.42807
 337.369    304.99295  342.09402  333.7314   398.20496  325.76642
 344.91513  327.60272  272.9357   271.82193  387.1813   318.8989
 368.18683  341.68265  305.2179   322.8495   287.8457   300.46295
 304.1412   461.13742  324.59955  299.10126  369.00024  301.4411
 302.8403   102.44762  268.49673  288.14435  356.61697  326.40857
 315.42972  282.64746  298.0282   275.41748  267.09418  337.647
 330.09     322.7417   347.12854  336.33118  363.08377  362.08368
 412.01038  362.06125  338.05557  419.41922  337.10327  376.71277
 305.66455  301.8633   199.74101  328.0442   375.13873  248.63237
 316.1994   338.00302  406.05112  255.33273  312.76443  296.9123
 320.79977  306.1619   342.1025   328.38242  251.42798  366.6109
 292.41187  368.4387   175.78542  394.46786  370.61554  317.8521
 328.894    246.69473  306.0878   385.43652  309.79977  244.01225
 334.00656  275.4713   286.50537  359.86108  283.82     276.33078
 278.46167  394.71933  302.1194   312.39532  316.42563  313.02267
 339.44904  389.56564  368.7125   320.1574   341.69113  349.3283
 302.3869   334.80603  352.0422   257.77576  316.42337  293.75995
 328.161    303.0931   256.23163  338.79922  322.39432  379.28702
 281.17392  407.3124   338.09766  189.7942   330.63934  351.81433
 346.08258  293.34055  352.48578  301.62656  345.31476  413.12576
 323.54907  388.77744  347.52112  304.09647  208.90904  297.13693
 392.6941   317.9014   284.17432  283.23495  352.02145  311.41586
 359.27127  331.49393  244.45421  319.79666  348.54263  298.1517
 297.89294  330.20044  284.8911   366.3198   299.59088  337.83054
 329.4369   157.71736  348.88257  295.71545  247.17206  366.8518
 311.767    361.44815  247.7507   248.99297  365.54074  350.5695
 404.09656  285.7606   359.36322  333.54874  358.5518   308.16867
 301.29135  307.6945   294.0508   312.0472   348.3692   331.9616
 351.29617  322.35535  357.63718  331.97745  259.93018  356.71826
 294.81824  334.0922   324.67633  330.80722  306.56168  299.12225
 404.4742   322.65048  332.44073  316.83862  378.94476  336.28613
 268.88013  307.53806  355.89288  309.53574  248.50539  317.41354
 297.1601   328.67712  340.81366  313.75482  334.7648   244.90488
 353.0149   321.73053  302.63727  315.22842  354.1992   352.883
 320.916    309.01108  330.61755  306.10617  309.0449   329.7695
 259.3547   302.9771   328.9856   301.8784   359.42117  304.16354
 284.81735  154.23453  346.25552  292.81918  304.23166  341.03088
 380.6724   363.30875  298.2316   313.5309   364.81375  258.2828
 282.0811   304.86847  298.2052   348.6618   313.4986   346.36798
 299.32758  296.22824  345.11328  330.62537  364.49625  300.86548
 328.96906  316.6948   307.71365  300.912    529.53253  341.83896
 363.27368  318.862    330.8689   297.30597  309.78125  338.26312
 280.34167  368.92734  364.49783  357.40207  327.6078   285.76718
 409.75403  322.29227  286.0351   333.3075   336.3264   338.378
 167.73659  173.83435  301.5605   364.46512  303.7213   305.61176
 424.42392  350.46768  250.65118  340.05377  310.0054   362.42426
 381.02014  275.30594  353.57944  302.17917  314.99805  318.42456
 272.82422  310.2138   310.18832  327.0209   421.14755  246.91437
 294.57025  290.21808  114.15873  317.87985  378.16776  367.8407
 332.87964  287.30914  385.05408  352.7542   236.41322  347.5628
 339.39468  276.82263  324.741    325.25513  357.4572   311.86334
 331.60706  340.27383  337.23706  322.1054   361.64462  270.72498
 316.3073   246.89087  302.5394   288.1046   325.30286  332.04822
 370.94937  299.57938  269.94525  258.95068  351.48322  307.6652
 339.95428  232.13231  290.59262  299.0026   243.11151  330.21353
 327.82657  290.34216  316.3324   333.39142  319.3544   341.35617
 360.74063  312.3055   273.33487  330.92902  280.12424  281.9645
 356.9913   257.26492  257.6601   363.6406   258.9202   259.62878
 277.1598   267.28796  270.1098   220.70085  357.96817  357.6685
 307.41238  240.27853  205.51572  329.89026  344.8169   329.22302
 361.3283   359.3789   303.97134  321.3304   268.575    351.49536
 331.70712  282.01578  325.78372  384.1497   352.75064  339.636
 325.3269   279.45508  288.9482   335.33148  402.52988  368.82614
 342.25772  342.25616  322.28662  365.81805  316.06924  292.1125
 312.39432  316.9404   288.66617  276.0268   342.3277   336.06552
 309.84225  321.2883   325.2326   349.96625  336.57562  285.9685
 306.28537  363.2671   382.4505   332.44385  101.380844 380.883
 281.96375  325.51636  309.37863  369.02185  313.31058  314.979   ]",[5.381602  4.872131  5.764837  ... 4.932499  5.140356  6.8078246],5.7664175,0.29425692695214106,0.48503645459172046
8,7146,Transformation_Matrix_W,"[[ 0.40503138 -0.19481727 -0.03233484 ... -0.26002043 -0.22255369
  -0.0622182 ]
 [-0.15297876  0.03732344 -0.04604489 ...  0.15344167 -0.2023835
  -0.00766261]
 [-0.22012474  0.03339569  0.09841624 ... -0.01110083 -0.25863674
  -0.3098967 ]
 ...
 [-0.26774964  0.19309871 -0.07543112 ...  0.25651568 -0.34967718
   0.03050314]
 [-0.05394355  0.1928813   0.10055975 ... -0.01363412  0.40718156
  -0.18885154]
 [ 0.01485738 -0.0043591  -0.05050047 ...  0.2341846   0.09939271
   0.2076284 ]]",,"[310.28577 319.8409  268.38455 267.418   280.88855 298.52325 316.50134
 319.47046 229.26768 272.37238 249.93625 268.46884 296.1394  275.2953
 265.49246 216.89912 123.27278 350.21088 234.6357  336.53464 232.40538
 270.4334  307.06024 321.46786 260.18896 291.9624  379.4595  287.02286
 287.18533 255.05292 136.15117 260.1648  329.70813 151.02022 320.35156
 291.0759  274.11368 346.80856 262.5314  266.07785 326.0063  325.99615
 298.41602 221.08098 288.18536 297.75488 321.4292  296.28833 303.6375
 288.67273 202.58284 324.55453 270.53098 261.86996 230.72351 300.6977
 345.11447 258.676   287.4741  315.96558 344.28958 335.45227 248.61098
 284.1553  324.24435 324.42352 208.38539 256.8322  279.1908  237.70932
 329.22845 344.31622 299.4502  202.41469 254.52777 278.96536 376.04477
 285.50647 251.50714 331.75198 293.1288  269.1279  268.30615 317.2936
 253.22554 225.82716 338.6725  306.65704 302.76477 241.13419 247.07979
 351.04977 266.43222 298.34464 295.25577 313.74573 296.65668 354.3668
 269.7382  265.65558 302.50977 310.75018 236.40158 315.04666 255.0942
 275.43506 350.1363  336.14612 294.20737 250.51373 299.13553 290.06088
 246.44391 270.73193 298.12836 278.25595 395.37195  87.9819  297.16824
 285.46475 359.71918 323.53738 281.52927 336.81808 255.54158 256.5835
 262.6564  309.22748 122.81428 300.80698 315.35574 262.06503 308.28864
 316.4303  298.78247 224.4431  270.42313 319.5933  255.77507 270.6922
 277.27536 251.29427 289.77048 255.89873 262.55527 295.94785 279.99976
 357.8863  281.51962 295.8677  309.59146 310.88556 353.91827 277.1374
 293.48447 273.1869  291.00806 297.25174 320.85782 254.29994 276.79297
 373.5345  356.9482  269.4681  259.01584 260.4099  264.70905 152.752
 345.73245 296.26797 309.06018 319.24704 350.39725 248.39217 265.047
 233.74692 343.19305 305.0218  287.55746 333.05673 265.95877 305.7209
 266.93625 293.79166 262.42273 155.95435 322.9168  341.2349  280.08994
 307.2     281.58145 267.8378  291.47345 235.5942  381.8096  358.02472
 269.86804 225.35626 315.17874 311.87222 300.95328 346.0675  312.75168
 312.14722 227.9455  300.33762 275.71948 311.34927 375.92285 314.57373
 208.93207 322.8241  210.77827 299.08112 275.6732  290.38516 214.82892
 257.5551  299.3429  310.02597 279.3934  256.58743 150.35208 226.8416
 311.21848 327.5107  310.11755 366.66098 329.68036 292.9464  332.6926
 363.15173 218.91972 302.06616 263.4402  313.76086 269.46768 290.4426
 304.2531  349.66876 293.95218 308.6274  361.6967  264.8055  289.945
 228.71074 285.79974 294.97873 309.45898 320.79095 286.76035 328.9547
 315.6253  296.11908 313.83228  94.28118 232.21278 209.54143 270.99405
 355.24356 262.55402 293.09406 164.10678 296.91284 403.54794 302.57462
 300.12143 321.3781  272.82736 351.443   356.17523 341.705   306.389
 203.28868 299.96942 265.80402 302.61438 288.53748 295.8108  263.56604
 262.27933 331.1252  252.37491 239.97751 331.9996  316.0942  284.56018
 310.5673  293.74127 339.37347 303.13184 283.32272 260.35388 307.2579
 298.8558  321.3305  222.85696 310.33154 290.1925  269.35263 275.4721
 354.83002 314.7378  330.17682 269.03394 310.69965 311.89944 282.1533
 335.69223 186.2537  310.4205  300.4947  287.64145 285.55353 280.39993
 313.54922 308.35812 334.516   300.9892  233.47446 289.35797 294.9306
 306.14005 307.8982  303.73056 296.60602 275.189   291.1597  254.97852
 297.8948  275.74408 298.38943 344.602   304.97388 314.28915 232.46548
 190.64029 315.71973 316.34717 259.86606 342.01312 102.98494 336.23154
 290.6165  186.1315  361.31424 296.74548 289.09885 261.13208 333.79138
 190.95229 296.06494 281.62854 266.19995 304.7992  281.53757 292.32343
 299.0522  332.34995 281.84274 312.60675 277.84213 316.06372 304.02603
 354.92456 296.24698 317.8493  300.4269  252.19725 251.04524 362.79428
 295.31204 324.8803  313.43665 275.67523 295.88992 250.17267 272.5856
 275.81183 410.6077  298.74384 278.01645 337.6252  269.065   275.9688
  92.09831 243.30426 253.24294 326.09467 301.77472 276.79535 258.20596
 275.56363 257.88083 245.60753 305.9988  302.45837 297.9833  315.2033
 311.7391  333.7409  337.89008 367.4647  343.1159  310.07007 374.86124
 302.64178 352.3685  282.4404  283.85437 173.42041 294.03683 338.1491
 226.45966 286.6343  311.46118 365.17163 229.77702 289.52173 273.66028
 284.56216 283.51614 318.0352  293.6628  223.06161 331.47614 271.75433
 339.76205 159.00807 347.40158 341.8113  295.85236 300.57593 217.24191
 280.0758  353.95676 289.38828 224.37152 312.69962 251.46214 262.14304
 332.75958 249.48695 258.30035 256.4699  345.7408  276.92844 281.68118
 280.1336  285.93817 302.9921  341.79495 345.21613 303.3868  294.35986
 325.7361  268.7095  314.47183 321.88297 237.44826 297.39957 274.2114
 300.72556 271.23627 242.10435 311.3038  301.6314  336.25418 265.17822
 364.6164  306.08426 175.05923 297.4706  318.70398 312.12036 273.26736
 326.5207  283.13733 301.28714 370.2642  297.74527 359.98053 324.58282
 275.61987 175.85597 263.68976 355.19266 292.33884 253.26695 252.66837
 317.24188 273.34366 327.02002 301.56277 219.68983 293.2533  322.93842
 279.22046 260.2094  305.81046 267.4112  344.91278 268.261   319.79825
 303.83496 143.49731 323.76837 276.19815 223.6313  347.0592  288.92215
 321.9135  228.67607 235.7028  327.81873 320.24323 366.9667  258.89474
 335.25888 309.95932 313.72006 284.85745 271.63614 283.94406 272.31058
 286.28894 322.88562 305.612   324.0625  307.4389  329.0748  304.48816
 238.58536 330.39032 266.8573  306.97543 300.82535 308.78802 278.13092
 273.88602 362.83755 294.22656 308.74634 292.7825  333.2391  306.15204
 242.4964  277.20712 325.95105 287.70447 231.72408 299.1823  272.71716
 303.38177 324.86234 293.06406 308.47937 228.86646 328.91702 293.9091
 281.7457  282.63095 324.6838  317.20404 292.57263 283.92056 298.41348
 283.3209  280.7317  306.85764 229.29178 276.66553 310.8667  280.10187
 337.4209  275.69135 260.60297 134.42407 327.55884 264.69382 275.0228
 310.736   340.813   334.1178  265.89053 279.7134  341.21997 240.36067
 267.43335 281.65976 278.36304 313.14838 291.15045 318.48706 267.78882
 273.4436  317.99084 310.97885 328.2041  273.77188 301.3004  289.3531
 282.39954 281.2984  505.10767 315.98044 332.68835 288.09256 305.32822
 279.8766  279.3731  300.77625 262.42157 336.54504 331.95792 330.70544
 301.3808  272.27255 368.86597 292.3117  265.71793 303.2737  316.56317
 309.7592  148.0801  151.90942 282.66565 328.33466 279.97635 285.014
 391.75763 327.49948 229.19466 307.18933 279.16336 324.7586  348.71
 254.48546 323.72116 274.3352  298.8304  290.72418 250.30292 280.81473
 281.97784 307.95175 381.44998 226.82259 273.614   263.1109  105.51872
 286.45135 338.34637 331.3457  296.05716 259.44934 337.69568 317.53876
 217.79932 318.66162 313.31146 250.94107 294.84027 298.1682  326.52917
 292.71716 305.53848 319.67374 303.29535 291.98022 334.6083  249.04524
 292.76697 225.47757 285.5795  267.45258 293.15042 299.75803 323.83582
 277.71585 256.51862 239.43974 318.8078  283.87894 313.53027 221.01064
 271.55194 285.76852 226.52477 315.20456 295.78497 267.36517 287.29337
 302.0762  287.44012 321.82928 330.6109  289.06735 252.13255 305.25528
 263.7852  252.919   329.18103 231.75186 240.29417 339.77267 233.09749
 237.94398 261.2299  245.99524 244.9774  206.85129 322.76776 334.1224
 287.22095 223.2666  176.65727 304.11026 323.8775  292.4529  330.2046
 332.6805  283.03052 293.23752 246.4837  317.3366  302.66623 263.23026
 293.63547 349.78482 317.61307 306.18436 299.02698 258.18738 265.52606
 303.2168  353.58963 342.3898  311.3554  308.23813 286.23267 342.98392
 296.1302  273.38013 282.7755  280.98514 260.60126 245.49745 317.03653
 310.1733  295.85815 304.6321  285.3825  322.31357 308.28082 264.64255
 271.84012 331.5851  346.15256 307.8045   91.0536  336.89304 263.88574
 290.2488  285.35114 329.49756 292.73523 292.55   ]",[4.4753294 4.3898444 5.691779  ... 5.1459775 4.623504  6.613768 ],5.5090213,0.38357682619647354,0.5535072909482422
9,7146,Transformation_Matrix_W,"[[ 0.42930573 -0.26452065 -0.00424078 ...  0.06061549 -0.04657014
   0.03552562]
 [ 0.00930308  0.3719083   0.00391233 ...  0.18889801 -0.16284344
  -0.14748885]
 [ 0.01662365  0.03571139  0.31024265 ...  0.14291538 -0.0464668
  -0.07262569]
 ...
 [ 0.01782225 -0.10231906  0.07557936 ...  0.44009495 -0.04698684
   0.01239932]
 [-0.12747554 -0.12465286 -0.11192573 ... -0.04665734  0.4933964
  -0.00811953]
 [-0.10301962  0.09373229 -0.08303685 ...  0.07057673 -0.00444277
   0.531699  ]]",,"[254.72536  255.42114  220.37921  221.94083  229.52924  248.3191
 250.33247  261.17242  189.61145  224.86781  203.21169  221.17747
 242.39255  215.99     207.55522  177.17061  102.87425  277.90793
 195.74849  280.35043  192.02605  226.94818  248.24156  259.1158
 219.40031  245.67586  300.15057  238.35437  236.1893   216.67963
 111.09347  215.5095   257.2427   122.56292  270.10062  236.36612
 229.80894  277.93076  226.83531  215.53008  268.7221   282.51807
 247.21434  183.99243  241.05412  237.7221   256.37585  229.9108
 247.50478  242.91432  164.68106  273.3576   217.0834   215.92203
 197.44794  249.84229  284.46848  203.55844  235.03613  257.26846
 288.27032  266.4035   204.83377  229.50684  254.3      270.74017
 171.23956  213.55476  225.05164  191.45517  258.8696   283.633
 254.82446  162.15555  204.96506  231.88675  298.1347   230.05746
 208.09128  262.0989   238.57469  212.56863  224.51442  244.7232
 211.7357   189.45728  267.32092  245.79745  245.7331   190.74014
 204.92085  272.14655  218.8586   244.66835  231.16269  252.22838
 239.79587  293.582    218.44106  212.2019   250.82822  248.24983
 200.78444  261.56146  207.48477  229.03598  271.8159   263.93298
 240.23721  216.46869  245.3137   243.9754   201.26836  226.07806
 247.63657  233.92715  313.413     77.27806  240.38985  231.20033
 277.67386  261.71378  222.78525  274.76865  202.59402  205.51959
 221.37173  248.61345  101.41264  251.97903  250.81212  208.5982
 244.83397  261.89957  244.95149  181.47333  211.05225  264.30914
 200.92984  224.30086  234.76622  214.2212   239.43501  211.40886
 219.13004  230.84776  224.27325  291.31104  227.99448  243.00006
 256.55356  247.29982  282.55774  232.49734  233.18985  236.76747
 238.61331  235.04982  246.6115   190.36856  219.92314  297.91434
 298.5593   213.11447  213.67969  221.6349   218.56136  123.42823
 281.9667   237.03645  252.16737  252.90019  284.61603  199.14655
 221.18294  192.0209   273.8354   243.75462  245.63768  255.5049
 224.3778   252.51596  218.31744  240.91504  216.31703  126.98009
 258.08786  272.6824   226.68817  249.97968  230.9445   223.07698
 234.65161  198.72328  299.40237  284.52386  220.59738  194.80522
 252.49841  258.1995   237.56955  271.38388  265.85452  247.22365
 186.178    247.83575  232.02808  246.4372   300.63654  262.6176
 174.2489   262.66956  167.02078  236.49355  229.25745  228.14449
 182.63853  212.96738  248.62878  269.1368   227.38524  210.19138
 129.57689  189.62274  246.2996   273.7504   251.64604  297.32718
 267.4013   238.92166  274.69156  296.67822  179.90013  236.29506
 220.26463  253.74348  225.51387  245.80345  245.50014  278.5835
 237.75394  249.08357  286.03073  213.43797  243.08917  191.78812
 225.31235  250.02104  248.96387  261.2249   233.42801  260.37375
 253.79274  248.51132  257.64328   78.30858  190.60562  169.62486
 210.16112  288.85754  205.90787  230.23181  130.95142  235.15535
 314.82443  251.85928  242.0366   248.37769  218.2127   296.55078
 274.53134  270.2759   251.94493  169.5312   247.8869   225.86896
 252.74905  234.28761  242.25005  221.73524  209.3836   264.32947
 211.93443  199.90343  269.53815  264.70938  235.27832  254.9433
 241.13577  275.38748  244.46733  237.03397  210.44725  254.62572
 246.97975  261.0988   187.727    263.36133  239.11249  218.25476
 224.7664   285.47906  245.91507  271.71774  223.8372   251.98799
 249.06587  228.45236  251.57811  154.29388  257.33035  232.35602
 241.57117  234.9211   229.44743  262.277    255.03047  267.83694
 239.91006  192.18912  253.7044   227.41792  254.25047  251.56705
 251.49739  241.58078  228.00993  236.93481  205.25868  256.0621
 220.25569  236.56631  276.67523  248.03131  259.7969   196.93594
 154.85744  259.6457   263.32404  212.539    277.0119    83.95685
 283.01474  231.69969  147.72893  291.92444  243.10461  238.59248
 214.18164  266.7865   150.6142   244.9271   229.74768  220.17664
 244.69907  222.82689  241.51703  236.31334  281.7312   224.94012
 258.337    223.8595   257.90128  245.18765  286.68787  236.20592
 257.59402  238.78252  216.0218   203.74901  281.64728  238.59908
 256.56705  258.9979   229.2185   245.00587  196.49736  216.9644
 224.71867  331.95087  242.9403   226.54553  266.62225  220.68501
 228.81725   78.76752  208.70859  205.84473  264.584    244.31361
 224.86597  215.59468  217.78311  213.35426  195.58832  256.91507
 240.64316  233.83334  257.30878  255.83353  264.95917  266.66583
 287.08087  283.98788  252.08849  294.7607   251.0349   288.9075
 234.44762  236.20692  141.48335  241.2137   261.98145  182.57178
 235.5741   255.06505  283.85764  187.80812  228.48999  220.63669
 233.41966  237.73401  265.46762  233.24751  177.71568  258.76358
 216.69128  279.197    128.04057  279.47794  278.18887  247.19391
 241.12398  180.4825   226.99973  291.52057  240.14584  193.51831
 260.65143  215.489    218.63603  272.40146  203.21017  210.76605
 211.72542  276.94797  231.16061  223.33304  223.6555   240.2246
 248.96779  275.66107  296.66736  253.41154  236.5616   273.28995
 218.94234  254.23793  267.12674  197.73685  243.72795  219.7387
 242.51978  211.61914  205.06064  248.95242  244.9235   273.04337
 216.87878  299.9538   259.0855   142.98221  243.44186  267.6993
 256.83914  228.35149  262.01404  238.92612  242.17528  292.07977
 240.42696  267.3195   275.1081   232.16635  137.47179  195.60176
 293.0856   240.2816   208.586    199.84734  251.65102  228.43518
 261.09128  244.80525  173.78792  250.14949  256.65988  232.38466
 212.18436  245.30176  216.14178  276.0758   217.22922  259.28183
 256.8401   126.184006 264.09854  212.67024  174.02692  287.0036
 234.55379  261.71967  186.8543   188.79504  258.78857  260.10577
 286.28357  217.41644  273.56363  265.93723  251.46637  221.40752
 213.62079  233.49359  227.6267   241.96785  252.58446  234.7797
 261.44293  250.53214  264.12946  256.6148   201.50627  263.00064
 230.64581  244.65042  246.93123  243.98044  228.77066  219.7361
 275.77313  228.88907  252.19223  236.92767  261.95767  246.992
 194.939    233.43445  274.48624  239.49867  194.51399  246.77554
 225.1226   233.49365  266.35635  243.71101  256.26587  189.94746
 261.28583  223.52605  235.94966  228.50967  249.60472  259.44128
 232.9469   236.48917  248.56122  224.13889  220.24722  253.30397
 178.04193  225.86125  243.78227  231.62936  275.16235  215.66182
 212.57863  109.07326  261.9871   217.14853  223.50185  250.75885
 277.17328  280.8641   219.5427   222.7298   277.4752   194.90945
 219.32587  240.84642  226.52245  243.09415  233.97281  254.4312
 215.01736  237.0619   259.32263  253.32262  258.24512  214.81847
 247.52931  240.64644  229.90953  228.26787  454.753    253.03532
 250.93765  234.07819  244.799    222.13977  213.5434   244.8676
 215.46613  257.3508   265.55807  277.78378  244.78343  219.40817
 298.16812  238.19385  220.69287  241.68944  255.29999  245.52177
 118.376816 127.6567   230.06248  266.8153   232.01741  229.01454
 303.01868  268.00195  192.06798  243.2731   225.55252  263.96777
 282.72293  200.5941   261.97424  232.90594  244.65448  236.4722
 214.51753  230.81596  232.67732  241.67366  312.5626   189.64548
 226.01685  217.57306   87.5981   221.11606  271.1264   265.63757
 241.02907  209.60997  281.29062  262.90945  178.62682  260.25232
 256.05716  202.52606  236.57837  245.40204  254.06734  236.9883
 239.9242   261.48956  248.89859  239.8616   271.53427  202.75974
 234.12967  172.77188  230.6838   222.91774  255.40712  248.14491
 264.24335  229.94775  203.39049  194.75473  252.33179  230.46541
 264.55228  181.45915  217.19919  239.83704  184.39832  248.10358
 223.04219  219.9614   235.60538  249.33139  239.85184  259.889
 281.3079   230.70726  213.36824  250.07605  215.37715  212.45953
 265.0441   196.63614  193.59726  281.10562  197.74487  195.50746
 221.18062  209.50398  209.7047   168.96608  265.111    274.09937
 231.07697  184.12962  140.91537  253.08163  261.85458  241.9642
 265.05423  266.59515  233.65971  243.46481  206.73537  260.6222
 248.13841  213.6644   239.41652  288.0051   262.4253   233.82292
 256.51505  206.22018  222.91174  243.43394  280.41306  276.88788
 250.48685  257.07864  239.5347   279.26962  238.9984   221.66249
 234.15904  224.91351  218.64642  207.57176  260.87784  247.15091
 239.41035  253.75827  225.45528  258.06863  257.13544  219.35703
 228.75148  258.87387  267.49716  241.55508   74.55287  276.251
 224.58597  241.55885  235.63332  262.46017  226.2853   245.1168  ]",[4.5315843 4.208791  5.743353  ... 4.35642   4.2728286 5.823419 ],4.9549065,0.5398488664987405,0.667609396663126
10,7146,Transformation_Matrix_W,"[[ 0.5670544  -0.04498399  0.09271909 ...  0.03058813  0.07655893
   0.00101917]
 [-0.09421051  0.515943   -0.04146313 ...  0.06839339  0.01407872
  -0.06465648]
 [-0.06988158  0.00526796  0.5252139  ...  0.03100222 -0.02898427
  -0.07307915]
 ...
 [ 0.04314591 -0.10278723  0.02321949 ...  0.591547   -0.12020108
   0.05540723]
 [-0.0404749  -0.02231231 -0.04638148 ...  0.03022461  0.55482346
  -0.0568058 ]
 [-0.05505669 -0.06600393 -0.03509879 ... -0.01944584 -0.02722985
   0.52436304]]",,"[173.28625  173.31644  158.03902  149.16434  153.60934  173.41783
 175.64767  176.80603  131.77122  152.05798  140.88588  145.57935
 158.87506  151.53409  146.34813  126.29335   76.41437  192.27295
 141.12645  180.9667   132.55632  153.93622  166.23607  176.98747
 151.21419  170.46509  199.29785  160.96202  155.92409  151.25911
  82.032555 145.08934  180.37791   94.16748  177.51381  160.3068
 154.53285  185.022    153.28783  157.8527   182.9604   185.74431
 166.6769   126.23334  167.04166  161.49802  173.49635  161.83147
 169.98582  159.44069  114.007576 164.25867  151.89871  153.53993
 141.55917  170.4174   192.1127   135.36188  163.62352  168.93259
 180.97404  180.34494  139.2505   158.41884  164.54648  172.79721
 117.30849  147.79578  158.16293  132.40572  171.33492  188.86176
 161.59438  118.622475 143.4801   160.24225  191.05522  156.56989
 141.85576  173.05576  169.05225  149.50015  153.31015  164.68369
 153.0066   127.67392  173.20973  162.67569  169.5121   132.32033
 142.00494  186.68143  142.2053   171.30077  161.67621  167.88438
 174.93143  193.51503  135.82558  152.60571  170.00212  164.32643
 132.7194   172.44107  149.62187  159.9939   183.70847  185.71964
 175.57027  146.42738  171.91751  160.98448  137.27716  159.25995
 172.3104   153.84836  210.62021   64.93645  162.95801  151.25722
 188.95695  176.12907  154.26051  181.72675  133.42873  148.91986
 162.58453  176.91267   79.933365 170.747    165.54675  144.75723
 163.97302  176.67627  167.27782  128.58691  146.17801  188.7271
 143.12071  166.05989  158.96788  146.25067  155.06847  141.61606
 148.91568  146.46426  153.26726  182.59358  158.89291  167.61377
 167.11879  162.43303  191.25195  153.1198   157.5401   160.12466
 164.27484  159.18332  162.95236  130.5784   152.17575  197.29741
 190.24734  151.02036  150.86145  152.6107   141.60605   94.88157
 191.77649  157.06126  176.5443   173.86299  194.43661  138.00618
 150.88814  140.05978  194.51614  163.85764  165.67067  178.90694
 161.15547  172.92067  147.2406   149.70078  148.6038    96.79916
 167.25229  175.7454   163.66711  166.45358  157.93709  149.22258
 163.64165  135.1024   188.87613  186.08386  143.21817  144.90396
 180.05759  174.3673   158.37889  166.6333   175.98544  160.85732
 134.2629   165.0842   156.82538  159.14111  198.90253  169.56247
 125.22425  177.96278  124.11899  172.2281   159.43031  159.74467
 120.98382  150.34167  166.87877  172.45973  155.20244  147.09613
 100.74123  131.49709  164.83372  185.36891  177.49344  196.48404
 177.98303  162.36069  187.1      189.454    124.10874  165.42369
 154.50238  160.19499  157.1794   160.25195  162.4682   195.65236
 155.90855  170.74495  182.73416  150.78508  157.99574  134.51196
 162.743    157.75427  160.26544  172.66904  154.11366  178.7996
 167.30574  169.87965  171.25198   61.963615 131.09026  120.868324
 138.72362  198.2834   137.37546  158.15994   97.6242   150.86848
 193.61829  161.34726  168.2118   165.14412  147.8909   202.78336
 186.8897   178.48701  162.68121  117.98876  170.14745  153.8813
 175.20903  152.63925  167.90266  151.26895  149.89235  177.44002
 146.01376  144.44012  194.26593  173.32173  155.90799  176.87029
 158.37738  182.06139  163.43811  154.88422  145.74216  164.95857
 169.68813  174.90805  133.00444  165.44667  163.29317  157.9589
 153.90941  193.96648  159.2963   178.40237  152.84691  179.92264
 165.26843  157.35265  175.72093  112.77995  172.64767  154.99991
 163.001    153.6177   146.27097  171.19318  170.84496  184.4733
 177.84366  132.38753  171.04819  153.58298  172.59851  170.44893
 164.20438  169.17036  151.52658  155.75317  142.19371  179.37842
 147.6351   161.69348  185.18906  158.6503   178.64093  140.96065
 113.01503  174.98624  181.01085  145.49678  180.137     64.37205
 189.24048  159.39084  109.62075  179.92996  161.2615   162.42313
 145.60994  179.127    109.82452  166.16698  158.46042  146.99698
 176.84839  146.31898  159.89665  161.1288   183.90335  157.9301
 168.13379  154.50063  170.62856  169.60837  190.8944   164.17522
 174.10495  163.19781  146.21973  146.3408   189.64926  155.8318
 160.52478  163.74092  151.86838  163.9573   135.30017  150.2771
 146.42049  221.24477  161.62253  152.91705  174.66705  148.444
 153.67262   63.16204  143.44801  144.40286  171.25133  173.2386
 153.31592  138.50073  150.27477  154.52252  135.65468  174.6603
 162.87924  162.83282  176.51056  171.30995  187.71486  166.00876
 187.30022  193.58092  173.5694   212.7983   170.29549  194.82405
 160.6257   158.145    104.67658  153.31088  178.59052  129.01505
 161.00957  170.80496  188.91595  141.55025  152.69133  156.90765
 156.97778  156.1808   181.06886  165.98964  128.21567  173.88058
 151.85393  189.8556    90.34986  187.1721   182.26457  166.33838
 164.1469   126.981674 161.65549  199.83858  154.98668  138.79695
 181.06076  138.90582  149.96886  187.68016  140.44952  148.99648
 144.6087   181.64867  152.49973  155.61009  149.51042  169.06053
 168.4085   175.12569  198.22597  166.92105  155.94017  188.40692
 151.09346  151.30533  177.91782  141.82239  164.80013  153.06807
 170.89796  145.72778  145.78427  168.9767   166.87221  183.44493
 153.38147  199.41881  184.82196   98.24037  162.62268  175.7873
 168.14012  154.30212  174.26718  171.38211  158.14148  182.75104
 164.62874  181.41585  184.733    155.36584  104.48517  133.79146
 187.25175  161.56055  150.1278   146.29938  171.06834  157.95467
 189.47975  161.75858  125.50424  173.96628  166.52507  153.09897
 150.39397  163.57472  143.42673  194.60103  142.98413  174.53574
 171.76154   92.16771  181.364    152.76111  120.32898  191.50066
 154.91084  168.50122  129.1674   129.35675  176.16197  173.2939
 189.93451  145.35384  180.7      179.87965  161.3726   144.72578
 154.07875  165.72002  165.2399   166.3447   165.6669   171.35204
 187.99614  170.6674   173.9489   170.73022  149.1998   176.95537
 160.99579  154.66203  160.3149   168.2318   154.65804  154.3157
 188.80838  152.75098  167.69168  163.3352   175.60869  164.8784
 135.55951  157.25984  176.09433  154.79913  131.39133  169.70863
 156.53847  177.06262  179.64685  162.59671  169.8015   132.5943
 168.3415   159.59537  164.39339  162.19084  169.67015  168.39362
 169.18198  158.93724  165.88611  149.63182  153.21848  160.20694
 124.4911   149.47029  165.89262  154.07454  188.60406  146.84808
 141.51524   84.49657  181.42674  154.1528   146.84851  167.46611
 188.53485  176.65797  156.80988  150.12144  180.94179  133.23555
 156.82162  168.27873  158.63919  168.47441  166.822    164.94852
 144.71552  157.1759   172.79175  168.72955  173.0617   141.16417
 169.73172  166.72421  157.06383  151.54619  373.33582  170.56845
 168.5058   152.9688   167.46718  150.8847   151.54149  161.10106
 146.08667  169.81218  182.84024  182.07208  163.54282  145.14098
 200.79651  152.30254  152.99678  172.39046  170.74503  162.69173
  88.22479   96.28371  150.17163  186.5326   155.35524  164.19405
 203.50429  183.77698  131.96881  165.28264  146.50853  174.81042
 187.90048  136.10896  167.37042  156.49605  157.06743  161.93849
 149.1711   150.78746  168.17468  170.4816   202.85625  135.76115
 152.2318   148.196     65.467445 150.16757  184.88417  180.93446
 172.18927  144.62355  177.99632  180.86652  123.98727  179.18109
 175.92314  141.44736  167.31825  165.87122  168.63586  155.49593
 166.82027  179.52754  171.78264  159.07863  170.43567  133.3788
 159.62529  128.79996  158.79225  152.13855  174.39862  166.20724
 177.20764  154.05594  141.07579  129.86745  173.35493  163.58395
 172.02719  128.68169  146.31471  168.92793  127.96176  166.38982
 159.04355  150.90485  161.2196   167.37126  158.64232  176.1149
 186.00078  157.67905  147.52513  166.25906  148.04805  145.06825
 184.33066  141.6628   136.88394  184.93517  136.45251  132.38605
 157.78117  139.41345  138.25366  120.30471  174.03168  189.86215
 166.02026  127.36361  104.85029  162.65047  176.42035  157.6463
 171.39139  178.57477  161.34631  154.6032   137.79158  161.55318
 170.52321  143.44781  159.2647   190.95071  179.61955  155.91174
 178.97232  144.3271   154.46864  162.76811  188.49335  190.48724
 167.57018  173.39285  162.59636  186.80998  158.08934  149.37994
 175.529    155.69559  149.3258   138.05974  174.24835  158.01471
 153.64684  176.58846  145.97096  173.6944   175.78156  156.76598
 166.31473  164.6727   178.30609  166.29465   60.3117   178.47404
 161.75352  170.86275  165.95702  175.67438  157.0415   166.50047 ]",[3.7455451 3.4267502 5.2937455 ... 4.1601553 3.010124  4.1279807],4.06859,0.6786901763224181,0.7934266390141184
11,7146,Transformation_Matrix_W,"[[ 0.65840065  0.00278159 -0.01454876 ...  0.02846657  0.06897007
   0.02079842]
 [-0.02108959  0.60128236  0.00942966 ...  0.04707989  0.0242791
  -0.01566318]
 [-0.01311101 -0.01515061  0.5666984  ... -0.02490246  0.00090347
   0.00104826]
 ...
 [-0.01130397 -0.04129371 -0.0027619  ...  0.6774385   0.00898409
  -0.0233486 ]
 [-0.01086144  0.02319082 -0.00842337 ... -0.00146212  0.64306766
  -0.01156737]
 [-0.04729852  0.02464353 -0.03139679 ...  0.00506809 -0.02839131
   0.675829  ]]",,"[132.16539  139.73688  125.00876  118.59901  123.13111  139.86699
 138.99165  141.48253  107.25754  119.425224 108.924446 115.26956
 124.220604 121.93505  116.45549  104.14144   64.01445  149.78812
 114.08581  140.83635  104.92566  121.001465 126.928055 137.19014
 115.998116 132.36115  154.09695  124.13808  124.6477   121.42437
  69.65642  113.71565  138.50757   71.819115 139.81483  127.19609
 119.08976  144.52147  121.905235 117.87387  143.4066   139.88914
 133.24821  101.4017   126.09949  125.04409  136.47667  121.8519
 129.3629   125.93765   92.04697  130.19043  115.63809  126.40937
 111.13928  127.432556 145.68903  108.93691  123.78908  128.87007
 147.7454   134.26161  109.294075 133.11955  128.53632  126.56334
  90.979485 120.38229  121.210686  99.959435 136.74663  145.12491
 126.25146   98.54123  111.15985  126.97827  146.39632  127.23832
 112.56623  138.09227  132.05865  119.31947  120.17227  127.342514
 119.18587  102.81124  139.2037   128.18967  131.90396  104.78961
 110.2104   142.53412  111.808105 134.13814  130.21706  130.30081
 129.9409   152.21231  109.020195 113.65349  135.46637  131.00623
 106.50818  136.64606  118.90622  119.39447  146.08995  145.93727
 132.15036  115.083435 128.4814   128.12683  107.3069   120.808945
 129.9799   118.88746  157.29213   61.69651  131.1518   123.77917
 152.20506  135.78444  117.98067  139.89107  103.79659  119.68506
 126.66618  144.60933   70.15778  133.73445  132.53442  115.12657
 125.497314 133.69588  130.78325   98.33388  112.33779  139.4907
 116.76722  125.14477  123.44142  112.546265 120.31457  107.85199
 109.7639   122.0484   120.898506 142.204    119.42718  128.92062
 132.64247  122.20688  144.52916  119.48554  123.94164  125.13654
 129.37405  124.346886 134.79572  110.337006 118.43779  148.6244
 143.32825  115.04685  118.16963  118.83567  113.27769   80.162964
 144.4748   125.57022  136.98314  139.5659   146.37262  114.34389
 118.09914  109.222435 147.66026  126.69347  132.86772  135.24419
 130.48648  131.4053   119.44491  119.45774  115.16129   78.06715
 128.07326  139.42769  126.860405 126.57267  123.19976  120.548454
 128.83536  108.06475  146.45839  150.8066   115.06682  110.45324
 143.36995  136.47258  120.56492  133.89761  140.55022  127.173645
 104.68022  129.89334  125.55663  129.53284  161.35403  129.426
  99.49091  137.6033    97.448654 126.95904  125.516495 124.5141
  99.860405 112.46495  133.74536  132.24507  121.821106 117.34145
  83.474556 103.01181  133.97357  146.68224  129.1682   148.53098
 137.271    126.02642  143.57733  153.701     98.48889  126.54557
 121.81273  126.83668  120.133125 126.13965  126.223915 150.09308
 123.25269  132.31487  138.15176  112.431564 120.90504  106.46346
 120.11131  128.68936  128.92146  137.06303  122.46975  138.02509
 133.42111  133.90703  138.96292   58.240288 104.50889   97.420975
 108.611465 138.51628  109.93247  125.16278   86.72075  120.59705
 151.1992   129.19962  132.3407   129.76627  123.55056  160.95607
 147.32773  137.39629  129.74254   92.22475  130.6916   125.26429
 134.2087   119.039795 136.97629  120.17367  118.79057  137.40982
 119.59401  113.66573  149.11395  129.50906  116.22006  135.9166
 127.33024  137.79063  125.14033  128.7935   111.024086 127.14616
 128.21173  137.65062  106.36824  128.97195  125.37522  124.97146
 120.43951  152.57384  125.62895  135.54216  121.263916 137.2524
 129.54482  120.48738  135.00235   93.46985  131.81606  123.2366
 128.18977  118.21531  120.18428  131.51265  137.98268  140.81256
 138.06888  105.37333  126.38947  122.34442  133.06949  128.69948
 124.67081  133.29306  117.09432  124.58788  111.26154  135.13153
 115.90672  127.015366 149.46385  124.90275  138.13332  112.419624
  95.678215 137.5254   144.51297  120.442184 143.05614   60.39954
 146.40335  127.05256   91.81413  142.05046  126.93636  131.60588
 114.744835 142.057     91.31808  129.7827   126.68018  110.76018
 133.96304  116.27556  123.27355  129.0661   137.74501  123.340355
 130.4238   125.632    133.05852  133.81654  146.6301   129.65918
 130.30447  126.911316 112.13885  113.10706  152.44876  118.34743
 131.06451  126.28111  123.04386  133.33974  110.53655  117.3285
 119.297195 164.93217  127.640495 117.74318  137.93451  120.18002
 118.95544   59.416374 112.44727  115.77416  138.66185  130.52927
 118.852554 115.197136 122.16315  117.71737  108.94592  135.29199
 129.7021   128.70712  143.35788  133.58365  144.09058  131.33075
 149.43803  154.4255   140.50989  164.21065  137.2472   152.4371
 122.51139  124.56988   81.76591  117.38177  137.15709  102.89098
 120.93457  131.00966  145.6563   101.201866 117.43976  125.03914
 126.268974 116.012436 135.14563  128.66888  100.66397  141.13478
 122.083176 145.72108   74.90545  153.29192  139.51836  125.63532
 131.95831  103.09991  127.22494  156.30507  121.69389  107.950806
 140.65465  114.011536 115.750694 139.73308  108.2496   115.03275
 115.865746 140.6695   120.443016 119.52373  121.94195  129.88773
 130.9608   133.40477  147.78609  133.60376  119.862595 147.63855
 113.2549   121.12808  138.40698  115.09552  132.28746  117.69059
 133.41797  117.32844  109.57402  134.40184  131.50076  143.45595
 116.91668  150.60593  140.87892   81.29604  127.50609  144.30257
 133.99329  120.33977  132.50316  133.00291  128.93489  148.24696
 126.17004  140.8906   141.41267  118.29389   85.73638  107.59889
 145.77795  128.57773  119.60305  114.29132  135.01852  125.18547
 142.64224  130.93478  104.054115 134.89546  132.04912  116.952
 120.68894  134.85173  111.93047  152.27623  118.04821  143.95667
 133.18712   74.18507  134.0695   122.50447   96.294586 149.15826
 121.81297  130.02922  103.59124  104.79223  137.21347  136.0301
 143.89276  117.771484 136.63435  138.55219  129.68082  119.05585
 123.946236 125.36998  125.90968  126.42399  131.88489  131.99611
 144.14708  134.04303  134.3722   132.08916  114.32718  133.73727
 123.79597  122.51139  128.4628   129.84892  123.644226 124.127174
 151.52391  120.75189  131.7809   130.29852  139.5025   131.46611
 107.538795 127.05112  134.98203  122.90445  106.02603  125.394394
 122.7846   134.67903  141.54263  128.42323  135.68092  104.02538
 128.09145  128.54749  128.83713  129.10474  131.86826  131.69073
 126.94307  128.40533  127.13666  124.194214 121.341324 125.79487
 103.84838  117.01454  129.18376  123.18109  142.21037  113.88433
 115.194115  75.79427  138.84557  127.3292   119.419075 128.63687
 147.25995  135.99307  119.68322  118.72993  141.14877  103.57425
 122.052956 129.3025   117.72151  139.50772  128.83464  133.96562
 118.28196  120.64296  132.14279  133.5702   141.71068  111.84849
 129.16019  129.42244  121.91881  121.542915 307.77292  135.44356
 133.25589  124.00122  129.29556  122.01582  120.36746  126.35179
 111.24571  134.35786  135.30275  142.38133  125.32313  115.9461
 153.82458  121.85266  116.870316 139.26764  134.42255  129.20636
  76.234024  86.465294 121.411354 140.01762  119.06371  129.02908
 161.53741  140.06615  107.25831  128.21745  117.957855 140.99957
 147.09436  106.211266 132.53725  122.43903  119.5652   132.6846
 120.16581  123.357765 135.23256  134.29924  154.42184  106.151924
 120.98093  115.09346   55.61875  115.49732  141.3325   138.7245
 131.86458  114.92785  135.49211  140.7308   101.02198  139.42276
 143.2347   110.21694  127.276146 128.65579  139.37659  122.143776
 129.26152  139.15623  135.3578   131.27962  137.56836  110.09172
 125.586334 100.150345 124.78317  118.12448  138.28046  131.95326
 137.55931  124.09786  111.339096 104.41841  134.85599  122.58676
 133.2372   101.8721   115.89213  123.83018  103.0218   131.65091
 125.96035  119.26889  129.14688  128.54027  124.98383  135.94394
 142.37204  120.45724  113.44012  131.023    117.86663  116.55744
 142.26717  106.66635  109.44877  142.71259  108.31087  104.424385
 122.42852  110.65495  109.27605   93.67731  136.25006  146.50021
 128.92468  101.58582   88.98441  128.47792  135.8574   127.851875
 135.22635  144.70312  123.604294 121.8052   106.74373  133.49094
 135.29778  116.61196  125.326965 151.7609   141.42905  119.58624
 139.21088  114.30732  118.99163  126.927444 155.07686  148.64574
 136.0912   133.56024  125.62439  148.44893  126.01629  115.17238
 137.21921  123.56736  116.897446 111.78303  132.52724  125.84652
 123.859215 139.93002  125.29582  134.75298  133.83307  121.96318
 134.94939  129.99583  142.01434  131.56502   51.378803 140.36375
 122.262886 134.61546  130.04904  147.0965   121.07807  128.76349 ]",[3.2636287 3.0783136 4.495631  ... 4.50199   2.3618572 3.3397214],3.5928724,0.7175314861460957,0.846933772709592
