,Train_Data_Size,Transformation,W,b,Residual,Residual_Norm_All,Residual_Norm_Mean,Accuracy,Co_Sim_CLS
0,3573,Transformation_Matrix_W,"[[-14.580855  -20.285     -11.153664  ...  -6.510085  -16.55454
  -11.137873 ]
 [ -3.9982524  13.038643  -10.491047  ...   2.747939  -19.147022
    3.469904 ]
 [ 12.985904    4.8861785  -1.424005  ...  26.989004   -6.785851
   -3.9238129]
 ...
 [-16.53771   -12.837278   -8.2241955 ...  17.203876   -1.336227
    8.395258 ]
 [ 22.2519      1.717778   12.637176  ... -22.12052   -11.892875
   40.325634 ]
 [ -6.401309  -13.947887    5.369525  ... -11.904564  -11.195204
  -12.674614 ]]",,"[186.81822  180.54065  162.23813  154.29703  160.53021  198.98294
 187.97607  205.48642  141.88364  155.28578  145.31589  182.68474
 177.6121   180.36046  167.74243  170.54506   96.40508  205.42148
 151.14557  195.29971  138.46065  156.78572  173.99542  215.7529
 154.09854  177.16368  226.62415  161.62408  170.26266  151.44054
  95.25283  148.49744  202.46083  104.31932  182.06654  168.41154
 168.76149  205.44926  152.06282  166.22266  206.4705   174.54527
 188.82983  136.72406  170.62126  177.65326  197.2572   185.98232
 173.6015   174.82263  126.37888  196.59889  159.08888  168.94705
 163.91238  182.16357  207.09239  177.95757  157.75609  179.44682
 206.01746  222.10446  154.40524  189.11133  172.79092  183.10025
 147.29826  146.67044  168.66089  139.45422  203.02089  201.48839
 167.52724  134.14328  147.54744  168.04442  208.44208  183.47887
 156.7265   222.78676  172.76514  217.38828  154.74753  200.92409
 158.8766   128.24724  222.90004  179.1975   183.74167  151.873
 147.60579  204.7062   149.03125  184.44939  178.63083  188.74208
 205.36069  227.62401  151.15062  155.99792  194.73708  181.29819
 142.59735  214.03247  163.79037  158.12593  202.41046  219.06885
 177.70248  150.12604  198.42444  178.7338   148.87218  164.30206
 193.2354   155.66763  231.62445   92.471016 183.66168  169.48195
 210.65604  188.82605  163.15369  207.72833  149.38675  150.69713
 155.67964  182.66658   99.359344 175.20187  171.09525  166.68524
 182.93652  199.36655  179.51343  139.98685  149.67853  181.38774
 146.40482  163.11621  165.63779  131.32384  185.20276  145.40857
 153.42322  190.54665  166.84016  212.51236  176.19586  169.08414
 195.356    196.21162  202.03558  177.36508  193.72736  151.65211
 186.16591  186.8528   206.5894   187.97511  167.51447  220.77141
 209.95012  165.0449   146.40479  153.31491  162.60965  142.854
 199.52547  182.4994   184.30052  210.20737  220.50258  202.64893
 158.90163  155.13567  226.69069  175.59354  171.90512  195.41557
 152.21185  177.8811   156.13043  182.30501  150.4199    99.19572
 189.69946  199.15465  188.39632  181.10248  165.9408   161.40308
 167.86435  145.51163  230.81598  224.16927  159.8131   151.39
 201.80025  192.45459  170.1836   232.71825  193.79132  189.2127
 137.27557  180.18814  174.6031   174.25677  237.17332  174.64726
 133.816    185.11133  146.24182  179.8468   163.59456  176.0733
 138.90877  155.01459  179.39293  180.51137  171.53227  142.8208
 100.337746 134.97392  190.14664  204.4979   173.13794  219.79865
 194.44234  174.69531  195.26141  223.9861   142.98918  168.7407
 154.6375   185.62961  161.32986  168.40517  190.22958  216.7209
 186.50465  180.4464   214.18463  148.85681  177.0302   138.30284
 164.7969   180.94182  181.7784   190.48946  158.98093  191.60724
 176.87344  177.51688  196.70586  107.03174  138.13277  167.41116
 159.21655  199.26701  159.74582  166.24074  220.15387  164.71573
 224.05273  175.61157  178.88959  184.6971   156.2926   211.17812
 217.1654   223.84552  184.04662  132.44397  174.16638  153.82008
 177.8656   155.41988  180.25542  144.15952  160.6494   197.48068
 162.91402  157.55966  205.10606  178.89107  167.24873  192.77817
 191.50984  197.71666  181.32083  172.04367  162.01622  184.44418
 169.05156  195.84761  121.02317  187.39384  180.03482  165.0538
 161.04843  251.0848   202.95595  190.31462  152.87254  182.70328
 191.62885  167.54753  225.14417  140.64824  195.85408  177.51352
 168.23686  174.13947  154.35999  170.04623  170.04424  193.77992
 177.04674  137.29953  169.857    181.60422  184.2972   165.4835
 176.62982  194.9956   162.79982  162.84303  159.08083  185.50697
 159.36003  173.07443  216.92204  167.12247  172.83032  158.56909
 166.56635  177.3593   195.11366  161.44589  209.67355   78.819275
 210.86613  186.09477  186.89876  226.07368  175.16426  168.0714
 159.24939  195.14465  176.10439  167.02473  157.90504  145.18149
 178.59314  161.85599  189.8825   171.73134  188.27504  195.50327
 171.42938  174.6808   179.8606   182.29445  218.75507  188.30836
 172.42503  187.63812  147.8478   142.92863  208.76254  187.36623
 214.63463  181.62698  160.36906  173.3736   170.7034   169.11304
 190.34827  251.30713  186.74815  160.21681  184.42525  171.80774
 152.59337   81.87979  139.66307  170.85553  200.60031  178.64586
 192.93701  160.35803  188.05957  161.1384   142.47787  182.387
 180.95145  170.1445   182.02158  177.29991  208.89243  198.20186
 217.01537  199.41023  183.14099  242.76978  182.5242   200.10403
 168.05315  151.33347  135.60028  171.68509  210.05493  140.4566
 166.65538  179.74962  224.10786  155.61955  179.33096  158.86543
 182.49327  175.39806  189.45993  178.85258  171.05367  197.32661
 163.48497  196.0904   111.7367   222.78241  196.59442  164.54524
 179.85678  160.93024  165.17651  204.5124   153.13889  135.99115
 173.06906  148.29341  158.68858  211.81065  155.44403  146.25328
 146.9472   219.84674  158.5685   166.26834  179.50096  168.81691
 178.62178  220.46957  199.93306  166.88065  214.05115  193.37308
 165.43773  175.94911  191.16351  148.82027  173.6928   163.48048
 178.47795  171.79407  132.82477  195.17867  185.44179  214.34721
 150.57658  232.18834  203.71155  125.24106  177.56763  183.65009
 199.87538  147.1277   187.02466  171.16568  187.57652  217.52751
 181.83453  210.11568  203.32613  166.3769   205.21214  173.93858
 216.60667  174.55771  153.10735  173.14111  208.43103  193.81598
 208.37573  175.14581  151.36174  168.94957  205.65271  162.76758
 169.9454   177.51595  149.7907   187.39052  168.80598  186.73357
 172.60767  101.18931  181.1071   175.9436   149.1474   183.9398
 165.09148  191.82108  142.27997  135.12978  207.11827  192.6223
 235.20052  159.45761  194.19682  180.72722  207.26979  180.33525
 176.02852  165.08379  156.66402  179.09938  183.6977   186.08058
 202.88164  172.27263  193.85979  180.03427  139.03822  196.64902
 159.38684  177.68211  190.36029  184.60358  166.21172  152.34328
 238.53676  179.15808  181.51537  167.37718  205.80554  197.42807
 166.83305  163.07797  183.95428  162.41728  130.13863  170.77454
 159.26755  172.03069  184.44904  179.59235  178.0641   141.50935
 175.64597  184.91818  170.57346  170.35371  184.92795  181.67793
 180.46152  174.92653  175.18095  181.94899  158.37639  175.62584
 173.82903  153.73193  185.39485  166.37738  196.17966  163.82774
 151.3349   174.30763  195.3114   177.14874  161.94139  191.63205
 212.2078   196.72029  171.8943   184.67693  195.27184  140.29974
 161.00697  174.65616  153.30861  198.9542   163.54929  178.60544
 180.13835  168.2778   178.07922  178.98943  206.03749  166.99486
 180.33609  177.25046  181.13918  157.05458  261.82507  191.57204
 205.24657  167.17851  184.20163  155.88445  170.52226  179.76418
 160.5364   208.2343   192.2981   196.62543  180.26869  152.74007
 234.24014  171.87454  153.8327   188.01149  171.28421  179.08182
 215.21066  138.69283  168.33612  202.11494  161.83531  160.49512
 214.823    191.26752  140.81602  206.10287  182.85622  210.39911
 205.45235  145.37881  187.93282  179.4891   178.58304  177.28275
 163.67912  173.00966  179.49704  170.32423  242.08942  133.05043
 163.36987  149.45976   73.81201  165.75241  202.32272  195.07034
 178.92279  154.97205  224.79637  198.80078  134.60736  196.87749
 190.6238   159.10316  182.46538  174.931    205.84995  168.39943
 187.01439  177.56635  189.86087  175.07385  211.55144  150.62315
 173.7418   170.54364  162.39394  151.74617  193.69315  190.3365
 211.633    160.74792  163.97029  138.57712  205.9624   173.65147
 166.36162  118.5419   160.79468  166.74393  124.2867   176.43983
 175.72011  161.35059  175.5687   186.60782  170.12408  176.65408
 204.31209  176.27875  144.99718  175.49611  141.73427  148.40654
 200.31245  146.81624  146.87105  186.58412  147.08745  144.9147
 156.25858  152.85849  150.26953  125.06133  207.47665  180.48111
 169.00058  133.3906   191.84462  176.39722  190.31151  182.2538
 198.62317  192.92816  158.02866  186.23074  142.53026  187.52971
 174.29083  150.29433  186.50238  200.77042  192.59595  189.00572
 183.85262  156.56825  148.1852   195.00934  213.55751  202.39006
 190.3333   192.90082  173.08987  204.66718  184.39224  154.19293
 172.13063  186.33685  156.963    158.59833  178.4561   183.2378
 181.35805  163.70935  226.18222  193.37529  179.54723  158.40277
 171.77242  195.03716  212.76723  168.19652   77.65996  205.4911
 145.04279  183.41516  161.7638   211.07605  185.03299  167.60971 ]",[5.7548723 7.055257  7.188908  ... 5.6440883 5.799381  6.238103 ],6.097948,0.029269521410579345,0.16778543754405914
1,3573,Transformation_Matrix_W,"[[  3.0122647   -0.22231804  -4.1151924  ...   0.30904925   5.555613
    6.478698  ]
 [-12.351454    -0.7659165   -6.4429545  ...   0.26894096  11.720392
   -5.982728  ]
 [  4.824792   -15.623375     5.433473   ...  -5.17778     -7.716912
   -7.263228  ]
 ...
 [  3.863206    -5.153488     1.7423263  ...   4.5217786   -1.8799901
    2.0737708 ]
 [ -0.8591461   -1.8778536   -3.0736074  ...   1.5638247   -2.9355989
    3.7379596 ]
 [  3.3699584   -5.491096   -11.005745   ...  -4.0714297   -2.9477155
    2.912227  ]]",,"[179.99489  177.70618  151.0711   154.03151  158.54587  191.99422
 185.20657  200.49634  135.86868  152.11676  144.17725  170.95123
 174.83998  171.70743  162.74313  168.02205   89.09509  197.79619
 147.31227  190.547    135.05614  149.70018  166.77097  204.88298
 151.97858  170.19295  222.69176  159.31271  161.49997  144.00555
  90.112785 146.70747  197.82175   94.61594  177.66814  162.4987
 164.8832   198.19331  150.7721   161.66776  201.00998  171.37202
 183.67195  132.9308   165.22246  176.7386   188.5133   179.49026
 171.50896  169.29735  123.13293  192.44489  154.60487  161.26039
 152.81918  177.87788  203.35176  171.85637  154.72296  181.50648
 198.15132  215.21884  149.92224  181.74565  171.12712  178.21219
 134.13902  144.11964  162.842    136.48947  197.4253   197.40034
 162.91597  127.7301   141.35898  165.54617  203.10083  176.66853
 148.76056  215.24106  171.22052  205.26286  150.64864  195.0439
 156.01976  127.44139  214.34619  172.93771  179.36172  146.97435
 145.3062   201.12639  145.71196  184.71298  174.72379  187.10596
 197.12112  223.83241  148.67575  150.30513  185.94638  178.33446
 134.7323   202.16452  155.58098  152.97746  201.16814  205.67271
 178.56921  146.82765  197.4086   173.43987  142.63309  156.25673
 179.53845  149.09859  228.24615   70.22373  173.6848   164.04648
 205.88594  186.81564  163.89702  204.08301  147.57182  147.49365
 150.08867  177.77531   90.70029  168.13005  164.88408  152.8257
 182.04861  193.05621  169.5382   130.9523   146.06657  176.6897
 142.90347  158.72871  160.45885  122.92647  179.11714  142.55063
 151.028    181.00415  164.61252  209.25468  169.38907  165.09547
 190.87914  192.1189   195.56715  168.44484  182.51624  148.86702
 181.01463  183.5048   197.0687   181.33086  160.35138  216.8221
 204.4434   163.40677  139.7587   147.04466  157.84258  132.12383
 197.68561  178.73853  181.06665  203.59604  210.75107  182.73863
 156.0587   149.8065   219.6246   173.02567  168.45914  193.25069
 150.24855  175.21136  153.48221  177.62854  149.89285   96.05423
 185.74118  193.32118  180.69495  177.68333  161.84729  158.32417
 163.9639   142.4325   218.53697  212.81259  154.04146  137.76581
 196.26958  187.22504  164.55283  224.9029   184.92151  187.0069
 133.17793  173.94814  169.49216  171.88712  225.91583  170.99722
 128.96417  182.27895  134.6321   172.56264  156.51462  173.35747
 130.00851  148.5684   177.03279  173.77072  167.49289  142.23668
  97.122406 134.351    183.75067  197.02536  165.33209  202.68568
 191.6181   169.97278  192.64201  219.1243   137.26479  163.01714
 148.90768  178.66664  155.16608  165.95308  180.04161  210.02234
 177.79303  175.40483  212.61902  144.01518  173.80801  137.3965
 160.49387  173.89027  176.05176  185.95287  155.7577   188.55798
 172.09247  170.15622  188.38643   92.99742  135.38611  149.69116
 153.8501   195.00558  152.67287  160.5412   198.46512  162.42839
 215.61472  172.19763  170.03008  183.25833  150.79694  203.43472
 209.16115  209.52902  180.69284  126.436844 169.00763  146.87218
 175.01056  153.24124  177.74217  141.3934   152.58684  196.88795
 159.44348  148.91106  197.95566  176.67     162.03297  189.2825
 186.1297   189.82138  174.92958  171.95277  158.11159  175.02065
 167.02444  188.99454  117.707794 177.23239  179.55145  156.31906
 155.95653  244.63777  189.73776  187.19258  151.63757  180.97075
 189.79218  164.60907  212.35364  128.41238  189.80397  173.79808
 164.1611   172.83488  152.41904  170.36122  166.82939  193.72269
 174.86137  133.6528   170.66658  177.15378  181.35506  161.69565
 173.08237  188.33879  155.55551  159.18996  156.4387   176.53078
 157.66046  171.72775  211.1795   159.29471  172.08044  156.52443
 154.28131  173.54764  188.6782   151.96992  204.19035   72.47461
 198.77003  184.60828  166.68797  224.17862  171.26576  162.37811
 151.10973  189.20294  173.28036  164.46498  155.35489  143.18806
 173.60236  161.96185  182.92105  166.2729   188.29427  187.51439
 170.34087  170.19257  178.75153  183.70686  213.52722  179.658
 166.6603   185.8556   144.99336  138.78261  204.99419  182.61987
 207.31517  178.38034  158.86795  166.75902  168.33125  159.77922
 183.42865  247.12207  179.41608  155.97763  182.77121  170.88837
 149.90161   69.764915 140.11467  164.84544  188.0766   173.37848
 183.82133  156.55753  184.1159   153.7694   140.15886  175.11806
 175.57933  167.28252  175.95839  173.14728  198.64175  194.60396
 211.21822  193.51497  184.13463  227.34508  178.55455  194.77026
 161.05554  146.59964  128.71118  171.66809  204.78415  137.55212
 161.59274  176.56198  209.72403  149.84026  174.74155  154.18593
 179.26479  167.56323  179.19221  172.5357   159.83633  193.169
 159.77087  190.20995  103.67936  217.8116   192.69142  157.96194
 176.15825  148.40897  159.76382  196.46072  151.08578  132.08461
 174.56534  142.3636   159.37248  203.25113  153.46243  140.86649
 143.82979  210.66293  154.89317  163.60074  171.89229  162.29189
 176.14249  213.60411  192.60411  162.99141  201.61745  186.88643
 162.65796  173.57268  180.6981   144.05162  163.30911  161.43782
 176.89746  165.78296  130.977    192.07878  176.8484   208.70241
 146.94048  221.59006  199.48845  116.130875 176.73724  179.32948
 190.04207  146.60608  180.41492  164.37018  181.95427  212.98126
 174.75883  210.48767  197.92738  163.87904  185.38445  168.4392
 211.84439  167.11356  148.7593   163.68135  202.49593  185.55956
 197.978    171.07657  143.04596  160.59012  195.39613  155.7613
 162.44048  172.23628  148.09123  181.08255  164.25131  181.43703
 166.62161   90.964554 178.00919  171.77374  142.2296   182.18382
 163.18974  185.17587  139.56044  131.49623  200.90689  186.68102
 228.07819  150.68723  184.92142  176.6401   200.95773  176.91035
 172.3593   162.14569  151.6193   173.92401  179.27997  181.11484
 196.47038  169.54222  188.6901   177.08142  135.1367   188.46164
 154.9734   173.23459  185.64314  180.66548  162.1061   149.50594
 231.859    171.07812  178.59361  167.6578   205.90251  190.58096
 158.5424   160.6416   181.24228  162.0833   126.6159   166.09972
 156.95718  170.37248  178.6528   172.1909   173.32333  135.09044
 174.63135  178.6898   163.83298  167.26619  182.54126  175.85786
 173.39177  171.44347  173.68034  166.895    157.83426  173.05133
 163.11467  154.39914  182.84984  158.81296  192.18361  160.60098
 145.95563  145.91911  191.43439  174.6061   159.69266  185.93452
 208.6248   188.8651   168.00142  180.83665  187.86653  134.051
 156.94545  169.17276  152.04774  191.44936  158.44554  175.0109
 172.70036  165.43764  174.44023  168.0387   200.99844  158.8074
 169.59087  169.30849  172.60728  156.58377  256.31506  187.75723
 198.60008  163.78888  177.93358  151.21616  163.07063  176.56018
 154.97415  196.13347  190.65741  189.83797  175.27333  150.42953
 222.84966  170.83249  148.68492  181.294    170.50806  169.19437
 178.60567  124.69716  167.53716  200.57973  160.18256  155.35403
 216.50356  184.04639  137.432    201.2323   176.42749  202.71182
 193.22354  142.38902  186.10832  175.36827  168.14516  176.06412
 153.49948  169.03986  174.3277   164.44571  233.6189   129.47829
 158.83492  146.40953   68.0925   164.36032  199.17293  188.27502
 179.4037   154.9677   216.89151  194.51544  131.41287  191.04518
 184.78275  149.24658  177.5265   168.75658  202.14725  161.79622
 178.88243  176.3154   189.12071  168.86931  201.04193  145.79762
 165.38559  153.67952  158.42566  146.27806  183.13635  187.58081
 205.98401  155.11917  157.74117  135.3712   200.36977  169.97008
 161.6919   114.9136   158.50897  160.9127   124.96202  174.24223
 173.14787  157.76349  174.57921  182.92947  170.27487  170.80885
 196.93536  172.86365  140.62657  174.66562  140.39015  141.80174
 196.1648   141.89748  141.04205  185.60295  141.59915  142.82773
 151.69676  152.25644  147.43446  121.00922  199.87329  176.73
 166.78592  133.2651   167.233    173.72372  186.47768  182.98082
 194.51404  188.64458  155.37405  179.5964   138.35333  187.11505
 168.58882  145.98149  180.12706  199.18999  184.80058  181.99443
 175.82617  155.01376  144.62433  184.74434  207.4011   198.51097
 185.11195  184.12418  170.97665  197.42776  175.50995  149.21825
 163.26534  180.4691   151.5726   150.12566  172.35667  171.53583
 175.37996  160.89897  213.45119  186.35857  176.43329  150.39565
 171.02338  192.52834  206.89815  169.81805   71.340256 199.36615
 142.51985  175.79869  157.82655  206.82567  176.0036   162.0505  ]",[5.7471185 6.945397  7.0170946 ... 6.146971  5.6812773 6.120674 ],6.006415,0.04871536523929471,0.2089761831944395
2,3573,Transformation_Matrix_W,"[[ 4.5610003   1.450529   -0.11184128 ...  0.27642584 -4.379346
  -1.6047459 ]
 [-3.5334573  -5.0020213   0.99897325 ...  9.559401   -3.208648
  -3.9947884 ]
 [ 4.8334465   6.2334666  -1.1469063  ... -2.8711817   2.2236419
  -2.9585536 ]
 ...
 [ 0.638977    3.9644256  -1.2632669  ... -4.865138   10.502159
   5.618633  ]
 [ 0.13304944  0.25721192  3.6922143  ... -7.538813   -5.8950653
  -0.9852417 ]
 [-2.6895616  -0.855162   -6.7179008  ... -4.9610305   4.8332577
  -0.41074184]]",,"[169.12889  172.53998  146.76855  148.04578  154.13322  182.11705
 181.68701  193.55864  135.61882  147.19737  143.85297  160.43361
 170.16695  161.73839  157.08487  159.43686   81.5824   191.68494
 139.39253  184.5932   131.02605  145.95193  160.4854   198.15042
 151.23656  170.29575  214.90178  150.07265  158.33115  142.7719
  82.51205  141.87163  193.20975   89.093216 174.40837  159.20715
 158.84889  197.0543   149.73164  155.09076  189.69496  169.33774
 178.46545  126.95791  163.0388   171.05904  184.99762  173.17201
 164.94728  164.41266  120.966    190.08604  148.42091  157.3283
 142.42685  174.16052  198.08076  164.71935  151.0386   176.34047
 189.81271  210.57587  147.00215  171.52031  167.16495  171.23813
 125.1079   139.61697  156.40775  132.22646  186.36441  189.757
 158.69127  123.63349  138.93477  159.03014  196.34593  168.49397
 140.29118  204.79326  164.97697  196.39436  145.21176  189.00636
 145.58315  123.44241  210.52615  169.55322  174.74297  143.52751
 139.8179   197.23257  143.08041  181.35196  169.61302  184.0129
 192.22588  223.81766  143.9192   143.32277  176.51222  170.25258
 130.89928  196.29733  149.9842   151.87198  193.91568  199.42433
 168.72855  143.19106  185.33238  168.08871  137.14319  150.83665
 177.16922  146.22273  224.25952   59.905155 169.09573  157.96292
 206.5543   179.98395  160.01909  199.5062   144.6779   142.7452
 144.88333  169.96194   86.53185  163.11732  162.91486  148.9779
 178.56226  189.90622  169.83546  126.89653  145.51302  172.98862
 140.14192  154.96532  153.80667  122.992546 172.23474  141.737
 149.06897  173.80733  162.81445  205.38939  164.26126  159.41397
 182.97954  185.11737  187.40703  164.98227  167.66402  141.66772
 173.17558  181.90613  189.99873  170.80124  157.14755  208.80542
 199.21109  155.12173  139.14076  141.68636  153.17563  119.19919
 196.297    172.04303  174.57536  193.46484  206.34969  172.60852
 147.59872  146.10791  212.63803  167.76704  162.82803  191.43036
 149.3467   173.05994  148.36337  170.98323  146.81418   93.16612
 182.04341  191.32365  171.6171   172.3912   158.96349  155.28622
 156.27327  141.64731  213.10716  208.56128  143.9612   133.1239
 188.63557  178.60365  162.7644   218.6283   183.62889  181.56293
 128.65512  172.56883  163.06407  167.58423  219.20255  169.82632
 125.279915 176.29573  130.39804  165.14987  154.57562  169.28842
 122.54689  142.7094   170.37631  167.02243  161.78682  140.89821
  91.75097  129.57968  176.03127  190.7083   162.64896  197.74234
 184.3512   163.09717  193.61546  210.58438  134.22682  161.17062
 144.13654  176.20952  149.94514  157.74321  170.43507  205.11708
 169.93721  171.07253  203.05264  143.1657   162.68047  134.64621
 154.58505  166.12206  174.21198  182.2912   155.19324  186.18008
 171.00829  159.75334  182.31723   80.24714  131.79279  133.36809
 147.68887  187.92676  149.66382  156.41562  178.77148  160.139
 209.30743  170.4295   161.41844  176.57625  146.18799  193.79834
 203.08351  201.86362  172.25006  122.19522  168.5675   143.93814
 167.2012   147.08235  173.06264  139.05402  145.87338  187.16164
 152.15778  141.93494  192.88704  170.75407  158.97755  181.04105
 180.50455  182.37447  166.66673  165.20844  157.05562  168.77933
 160.31458  179.66171  117.01291  167.92184  172.81044  150.13957
 148.51683  231.25127  179.55098  179.1616   143.30795  171.60971
 183.28012  160.62645  198.50716  120.32279  178.63737  171.6049
 160.11003  163.946    148.66534  167.54457  162.76585  185.5528
 172.68787  131.94672  165.75294  168.05013  175.08899  159.57216
 169.60764  184.52763  151.9126   157.3357   149.04466  167.24023
 152.32397  165.23114  203.5366   156.46648  168.74442  150.13947
 142.61427  170.94034  179.45813  146.39597  198.98288   64.82562
 197.73454  179.7768   152.59187  220.48413  172.84456  158.56973
 149.40868  178.599    157.51855  162.87752  145.7851   139.58647
 168.04794  158.22002  174.77031  157.24278  182.02586  176.48047
 166.17203  159.36981  173.97641  178.1863   200.14929  172.87233
 164.56084  179.43077  140.42302  134.80888  201.1821   181.02573
 199.36249  172.51001  153.6466   161.01166  164.50664  155.92639
 175.88881  242.74484  169.8676   148.67226  179.46846  164.01012
 148.20099   66.65098  135.18199  157.00177  180.8441   163.31154
 175.98842  149.93593  172.49165  145.49936  135.91838  171.31642
 173.51144  161.65167  175.40038  169.08057  196.17105  188.19498
 200.11417  188.35358  173.40077  213.46979  173.1916   187.58075
 156.44511  143.83174  124.486305 166.63509  196.68149  131.54088
 158.06766  170.23715  208.22484  139.68486  167.91492  148.55576
 177.88953  164.0729   176.53114  168.83684  145.91196  191.89876
 153.063    184.88571   96.883965 213.95491  185.09692  154.9741
 168.4978   140.30592  156.56848  190.06177  148.67511  128.35873
 168.29892  137.57602  151.87476  199.9613   148.21904  138.5387
 141.75061  204.61737  149.38167  155.66951  161.80264  157.75089
 169.07182  207.26106  185.44492  163.60002  197.3529   180.86122
 154.13602  165.24924  180.02203  137.7765   157.66922  154.56609
 173.56647  164.85309  126.71945  185.68323  170.48686  204.94902
 142.87752  215.76309  190.74683  107.3885   174.72888  173.59248
 183.1455   143.35654  178.66515  159.28331  182.38751  214.58022
 168.06172  202.66774  190.96341  157.98872  168.68962  161.76967
 200.91806  161.86147  144.60638  156.39511  200.351    177.96208
 194.04347  166.0042   136.59415  155.93579  188.12155  152.20279
 157.2644   167.73233  145.4629   177.35129  162.57654  174.93658
 161.31186   86.21579  169.3721   165.51024  138.33105  182.19786
 153.68391  182.39828  135.00085  131.42723  195.51543  181.94267
 221.07529  146.93175  180.38786  171.45784  197.27675  169.04431
 165.14937  157.13588  145.54938  166.48157  174.60994  173.79189
 190.21054  167.21388  187.22182  170.64621  130.43715  185.00063
 148.81548  170.11055  178.96434  172.98952  156.06438  148.05284
 224.25262  172.62617  174.5737   162.96242  195.7752   185.33044
 154.73532  156.1386   173.57167  159.85559  123.81065  160.46481
 148.87883  166.24066  178.6008   166.94246  166.19084  128.79352
 173.41466  175.06535  157.70932  161.12859  178.97917  172.8556
 167.69148  167.98033  168.01723  158.58206  153.32161  165.91171
 152.34746  149.84421  176.78964  154.3565   182.00465  154.73148
 144.15337  123.685425 182.50104  166.71867  153.45235  183.33012
 201.38058  182.24648  161.30922  176.34999  181.346    127.67765
 149.10535  163.17169  147.97699  182.61624  154.3165   173.22801
 164.63152  160.05684  170.19925  165.37402  197.16351  157.52977
 162.48543  166.52847  165.2981   152.98636  251.80136  183.94043
 195.72238  158.46634  172.3539   151.26247  155.53644  173.75938
 153.5544   193.19933  187.38774  184.17876  171.09142  146.98415
 214.63339  167.22433  142.95482  178.07452  166.95343  167.9041
 140.47215  112.32721  164.19691  194.40822  152.88475  153.277
 207.19214  177.14897  132.97601  194.50233  166.65704  198.23772
 190.84381  140.293    179.99806  165.1661   161.073    167.58502
 147.43587  164.04175  168.9036   163.6443   229.66603  123.96058
 155.6858   145.49461   63.69527  157.37234  187.62207  185.11594
 170.79745  148.92749  210.98042  188.1952   130.69136  182.85547
 177.62329  145.97983  172.32152  166.60431  199.10971  159.31165
 173.17825  172.95499  181.85382  167.87485  193.71497  139.27542
 164.14809  143.26434  151.95499  141.63231  175.19373  178.524
 197.45534  150.59898  151.63412  131.07387  195.2313   167.1095
 161.09346  112.52018  156.7075   157.19873  123.36663  167.09267
 165.46906  152.61594  169.94762  177.67735  164.68553  168.89876
 191.35172  169.0233   139.1533   169.38412  137.53038  140.23448
 187.41534  133.97104  132.51038  181.96457  139.64067  138.57681
 149.84773  145.03723  143.9105   113.3915   191.70276  173.9662
 161.5025   126.3271   145.34146  166.09232  181.6449   177.20467
 192.25504  186.01244  151.48346  174.52124  133.86896  178.99251
 166.76587  142.43527  173.43713  192.39952  180.1116   179.56387
 175.73668  151.5003   140.94025  178.0231   200.77414  189.58098
 175.63464  178.6066   165.74144  188.67735  167.79286  148.11934
 158.39336  173.77122  150.47423  144.33647  170.1247   167.56305
 167.36073  159.0876   208.043    182.37811  173.29953  145.93935
 163.91466  186.73169  207.13748  165.15186   65.33941  197.46252
 138.80577  164.08495  153.42613  201.14468  173.8851   158.56502 ]",[5.6658387 6.5838757 7.283885  ... 6.2500734 5.9830074 5.387327 ],5.9091682,0.07234256926952141,0.2502735382682641
3,3573,Transformation_Matrix_W,"[[-6.072499    1.851744    1.8090891  ...  1.0890921   1.6738943
   2.385857  ]
 [-1.2519149  -4.2786655  -1.1938877  ...  1.8159871  -0.41501215
   0.09784402]
 [ 2.3030968  -0.9468095   0.730219   ... -2.7951996   1.0895239
  -0.36407086]
 ...
 [ 0.31959778  0.8647162   0.80632806 ...  2.2543895  -0.3341832
   2.4708078 ]
 [-0.87055296  1.6661223   1.1739367  ...  6.0338387  -1.8285737
   2.815493  ]
 [ 3.3202972  -0.68347144  0.3673547  ... -1.5307435   3.095529
  -0.5579407 ]]",,"[168.76973  163.56194  139.46315  139.90941  147.71596  174.29544
 171.04698  182.21284  127.900604 145.17848  136.62773  148.35402
 164.5911   153.18872  149.77028  147.88063   75.372635 188.34665
 133.41913  184.53755  127.762726 139.80779  157.43008  189.61389
 145.92021  159.72778  208.74243  146.80228  148.44463  136.32307
  78.55401  135.13115  181.83528   84.9784   168.61868  152.77907
 152.71356  189.0807   145.343    147.39928  171.53043  165.80128
 170.29442  119.30743  158.11322  162.95059  180.83803  164.53668
 161.83354  159.06729  110.96856  181.62761  145.29602  152.40034
 132.1786   167.86913  185.39412  151.5638   151.55902  167.51178
 177.05473  198.81169  139.47119  166.9484   163.75363  166.03552
 117.96093  131.77495  154.22298  127.44164  175.60008  182.73804
 155.2343   117.36414  133.0136   151.54778  195.24165  160.57742
 134.85927  193.89774  157.9805   179.88474  143.42743  187.0621
 142.92926  121.29634  198.08047  160.43231  170.366    139.23865
 138.02365  187.45442  142.21277  175.62561  162.54884  174.50558
 187.50668  209.8208   140.27118  139.2236   167.04976  169.4735
 125.06658  187.49977  143.72821  142.22575  188.7021   190.77063
 164.46927  134.27657  176.57474  163.77187  134.02513  150.49387
 168.49777  142.42464  221.02464   52.690723 161.1911   153.76456
 192.62756  177.38258  148.9295   188.62187  139.82994  138.54877
 141.72168  163.99548   77.99792  160.75673  157.0229   145.2385
 172.3767   183.13693  167.48889  123.35428  142.79512  167.3647
 132.9093   151.00705  144.55165  121.21009  168.71689  135.2557
 144.89954  168.21173  156.52571  192.9452   160.71814  155.2235
 171.90585  177.58086  187.21512  158.60922  161.48782  138.30359
 165.87343  175.4328   181.36646  164.72652  145.83472  200.29515
 197.0507   144.50235  131.93834  136.91942  147.08548  102.382164
 183.16173  166.65106  170.74785  187.6812   200.11664  159.27673
 141.46161  139.03711  204.21684  161.73259  161.63136  183.21729
 143.18678  165.72307  147.00449  164.50476  139.26848   86.49284
 179.13629  181.75185  162.98755  168.16002  151.5731   147.0772
 151.75938  135.34564  206.75333  199.94165  138.02977  124.753525
 180.72633  168.3433   153.37569  209.35135  175.71283  177.866
 124.66704  167.36438  158.90662  161.36208  207.86258  159.98338
 122.11547  177.52678  121.97707  160.61494  146.71797  164.80638
 113.46991  139.67767  160.79106  163.35513  152.39528  132.97041
  84.85304  123.16863  167.69382  182.88312  160.05824  190.78625
 178.9391   156.64262  185.37242  196.2939   127.93129  151.76942
 137.33675  170.09236  145.62822  149.41487  162.60417  195.91925
 164.05843  163.12718  196.24324  138.63664  154.31926  129.03668
 148.16898  159.52287  168.94093  175.61609  150.09627  176.32976
 162.8215   154.75525  177.58594   69.12343  126.35526  122.880775
 141.86714  185.02567  140.90735  153.30508  150.21133  155.87914
 204.46577  163.92516  161.4769   171.38696  142.32637  181.52643
 195.29292  194.17662  166.3281   112.969574 161.32478  140.73682
 158.3631   143.40636  164.50954  138.39195  140.05669  179.9585
 144.12971  137.80273  183.2682   164.4962   153.82986  174.39731
 172.4069   175.21007  168.34076  157.63623  149.17908  164.64485
 156.15062  174.28984  113.713196 162.76653  167.66434  142.35568
 147.37451  206.49901  176.07541  177.27277  136.4598   166.61366
 167.20421  156.4415   190.85718  112.82817  169.49905  162.69527
 151.33669  153.0896   145.43268  166.3924   161.83493  179.74965
 165.8492   126.97098  157.38441  155.90913  164.9108   154.97084
 160.58414  177.7376   145.46405  154.30765  143.03621  159.41545
 142.57713  160.71574  201.79742  151.12888  164.94011  142.02203
 127.729324 164.053    169.18051  140.24777  186.69475   59.462143
 192.0341   170.10529  132.21358  206.6388   165.3594   155.26451
 140.19324  170.61382  137.34908  159.1002   143.16057  134.3952
 160.792    151.20259  166.11404  151.48297  176.41617  165.70482
 165.47176  154.82268  170.67111  168.10022  191.04617  165.17828
 158.38252  174.77838  137.14435  131.22916  197.1078   169.42607
 189.91179  167.1928   148.15564  156.54239  157.40808  148.15051
 169.66876  238.59073  160.21747  146.72353  174.86427  156.84166
 141.83434   59.15477  131.46628  153.41524  170.83105  154.84972
 171.01297  145.3401   158.02979  143.36287  133.6814   164.71745
 165.1607   153.43837  167.29364  162.20792  191.42422  176.83907
 196.46997  186.81339  170.67125  203.07648  173.46445  182.67636
 152.79329  142.43813  114.992424 166.11343  192.91399  128.45454
 154.32204  162.78886  201.65512  134.16113  161.50504  146.37617
 164.44208  152.9231   175.65219  163.15163  141.97722  185.87138
 144.83925  179.91563   95.53891  200.5155   176.93365  155.22955
 164.40172  135.67267  150.26672  179.95369  147.19272  122.29398
 164.31728  137.28448  147.14114  194.2022   143.22499  132.12862
 135.20978  200.68053  144.90395  152.93538  153.99622  151.22289
 165.7162   194.61081  183.9906   155.81721  185.38187  178.20082
 150.07436  162.11147  171.30865  133.97147  152.92609  147.58928
 163.88162  160.475    122.030075 180.95546  169.50858  198.34169
 137.9807   202.78569  176.21533  100.54289  164.41194  167.73666
 168.6211   138.75862  170.00728  152.70341  169.87845  205.15004
 160.46126  197.64261  179.97083  156.36896  149.06317  158.57988
 196.37471  158.97884  138.33951  145.77821  192.6938   164.06131
 184.74573  160.31247  129.5898   149.94366  175.31079  149.39075
 150.10135  162.88379  143.13701  173.21214  156.07634  169.3764
 155.80711   80.83481  167.5584   159.56943  128.13159  175.14558
 149.4423   177.84113  127.28761  128.24661  187.13545  175.76323
 212.95181  145.51062  173.71042  165.6057   183.51292  160.66455
 160.02448  153.84093  141.14275  159.4725   169.56888  165.02545
 182.7266   160.98413  181.78258  168.21548  128.00146  175.22932
 150.65524  161.43669  170.0516   164.88782  153.54669  140.24483
 218.75064  168.72073  164.71637  155.20879  188.91682  177.10904
 146.23     150.35487  168.48285  153.36206  122.97234  156.6186
 142.16913  158.714    175.07954  158.89014  163.98279  125.84651
 166.81027  170.21306  150.32188  152.25497  175.6889   167.02173
 164.85732  162.81664  163.57962  152.81425  148.51988  160.42242
 144.53792  146.57487  168.20377  149.35977  175.30981  150.3784
 139.08173  105.81274  173.8421   156.6478   148.22482  174.20474
 191.72266  172.04424  155.82503  166.89555  175.0427   129.51797
 144.71745  154.68326  143.2573   170.35602  150.56174  166.22757
 155.58583  153.0448   168.69745  158.73033  190.38583  147.09088
 160.56175  159.27773  153.9781   147.37236  249.14413  169.99602
 186.0251   156.27704  160.79662  149.95074  148.79962  169.98845
 146.88213  187.71872  177.87811  177.40062  162.58223  140.75285
 208.77829  154.32634  140.89262  175.70155  164.90387  158.80005
 106.83512   99.21577  156.19153  185.52304  151.59077  148.5898
 206.40802  172.37737  125.9028   185.2606   159.1441   187.18774
 186.64262  137.93604  175.99399  157.34079  158.7146   161.94864
 135.70029  159.60072  162.82033  160.17702  221.12073  118.172935
 149.04416  138.06027   58.63805  152.93927  179.68935  179.30627
 167.17094  142.68874  203.84937  180.6429   124.934814 180.58946
 169.44041  136.97101  165.15172  159.33849  189.61897  153.22174
 168.49083  166.19984  172.88124  159.65065  184.3802   136.22757
 157.15565  136.15144  145.95042  134.6546   163.84003  173.66548
 186.1213   149.19373  146.24275  129.18437  186.25931  156.68129
 153.67146  110.698616 151.57547  153.87386  117.02373  164.81693
 160.35162  145.57448  158.33104  169.30515  161.99248  165.2922
 181.43341  161.499    134.71605  158.57494  132.41415  136.74393
 179.88103  130.79033  128.8491   177.46439  132.40875  134.64076
 141.93745  139.10341  137.61029  112.73586  186.76993  168.29912
 151.60245  123.217834 126.61624  160.19458  179.18726  170.45114
 182.64041  181.41734  147.47394  171.21211  129.11084  168.20326
 163.05988  139.71786  166.53401  183.48103  179.45726  170.16263
 171.81715  142.7322   138.42511  167.06517  201.70805  178.6282
 169.9929   172.27728  161.43944  187.36214  155.61444  148.53404
 153.82553  168.4865   142.42593  138.59796  167.90524  162.65277
 160.85928  157.63705  184.36073  174.80869  166.42531  141.09773
 158.41043  181.82138  195.92355  156.4489    57.87271  188.43709
 134.16133  158.62987  151.53143  189.36957  166.16708  155.8222  ]",[5.8750257 6.563353  7.3807797 ... 6.040799  5.970399  5.5787706],5.7914863,0.10574307304785895,0.2985493029045522
4,3573,Transformation_Matrix_W,"[[ 0.26549268 -0.65003073  1.2751359  ...  1.3702033  -0.9377982
  -0.6486505 ]
 [ 1.7922455   0.36018926  0.22113252 ...  2.4241579  -1.5762869
   1.2713344 ]
 [-0.765014   -0.8260746   1.6396613  ... -1.4010522  -1.0323157
   0.5474428 ]
 ...
 [ 0.6025607  -1.8609775  -0.8630475  ... -0.82594883  0.7475416
   0.11569852]
 [ 0.4774114   1.8680038   0.8392736  ...  0.9060536  -2.272902
  -0.5270672 ]
 [ 1.5376841  -0.5215977  -0.4007899  ... -0.23490521  0.6208381
  -0.62641513]]",,"[158.85907  164.74843  136.33847  138.54558  145.1947   166.80237
 171.00221  177.09787  122.72231  137.38063  133.0521   138.9054
 160.24274  151.76907  146.06114  139.50278   73.32137  184.48384
 129.59119  177.37775  122.231155 134.36197  152.25958  178.32788
 138.67043  156.09825  203.0785   148.80429  147.14014  130.91917
  76.11015  129.4093   172.41376   81.98612  162.16457  150.78287
 147.82166  187.03561  141.63396  143.42535  168.14256  164.12625
 160.2203   115.76739  154.45018  157.14406  175.01944  159.51251
 155.34593  154.59576  108.12133  178.27412  141.13806  149.23087
 127.075584 161.38057  181.88179  148.38008  147.557    162.04993
 172.69768  192.48181  137.1937   160.13799  162.64307  160.12947
 114.01841  132.82138  151.61455  123.86033  171.59145  180.74219
 149.8624   112.69447  134.94977  146.52737  188.42383  154.70755
 130.38557  191.16441  152.45444  165.84584  140.91742  174.73875
 135.90047  118.043594 191.14684  156.12292  164.29024  136.4823
 133.58769  180.7344   136.96793  171.66989  155.72388  166.51817
 175.88303  198.98166  138.17851  139.32062  164.91327  164.37813
 119.195984 181.11436  136.60455  139.02428  185.66531  184.03307
 158.07854  135.26306  167.36006  160.00806  131.22247  145.17535
 165.27939  135.90694  210.80974   49.43591  157.44893  151.1697
 188.21104  169.3015   142.29987  183.32973  135.15825  133.76895
 135.97754  164.49872   70.80113  159.25041  153.84189  140.5381
 165.12419  179.84778  158.87332  121.92569  144.15892  161.78226
 129.27689  146.21645  144.66278  118.94096  164.39534  130.91484
 138.60371  164.59966  144.47887  185.6953   150.0046   150.33342
 167.04155  165.99118  176.5033   153.19467  158.27911  136.43187
 155.94978  167.05707  176.95041  152.95815  141.069    197.59302
 186.90935  140.85934  127.77882  132.51453  143.40775   95.78483
 177.7592   157.46747  166.17206  174.39658  191.72508  147.8986
 139.82672  132.03404  194.23018  155.9271   157.94165  178.58165
 138.31099  157.69666  141.79742  154.56296  139.38278   83.32938
 174.47015  181.29164  156.22366  160.61353  149.85208  141.21341
 144.66383  129.06763  198.7085   184.55008  134.28174  120.57067
 175.54878  161.65512  146.23225  199.14114  171.53825  170.63046
 120.570274 163.72064  151.81703  159.71878  199.56097  159.496
 118.82214  169.01396  114.937996 159.68495  146.41504  158.5484
 112.36943  137.411    156.7993   158.0403   152.35733  129.87607
  81.50146  119.40451  169.25856  176.37762  154.21751  193.94118
 171.89001  151.17668  181.38376  198.45778  123.30636  148.61205
 133.13942  161.15788  145.69188  150.12364  158.0139   187.73015
 160.3731   163.57425  193.36157  137.32858  154.89673  124.10047
 147.33945  153.05124  164.35124  164.54433  150.92175  170.73605
 160.54013  151.0748   170.09763   62.3602   122.43134  117.95972
 140.2158   177.84518  138.19661  154.53062  134.67029  154.41638
 203.20204  158.02634  155.23929  165.3615   141.4271   176.34276
 190.4434   188.00089  154.27596  112.79978  155.83987  134.60634
 153.22441  145.47394  160.37952  137.11598  138.04564  178.5264
 139.92368  132.5333   174.08087  163.90343  152.27657  167.39282
 170.5686   174.98077  161.649    154.16737  143.46205  157.81122
 150.20227  173.66983  110.45594  157.71834  159.54103  143.66382
 143.32904  199.8135   172.85074  166.3645   138.44304  158.89612
 170.72316  150.69193  192.62656  108.365974 161.30327  157.89041
 146.67876  150.85847  145.20271  155.50421  158.59854  172.96129
 161.1424   123.24657  155.67381  154.45338  157.69156  150.74638
 162.08862  174.27602  145.96199  154.96924  138.9547   155.33871
 141.68245  158.21344  193.97786  150.32169  161.03503  133.92436
 118.47408  161.53307  170.30078  139.09888  181.81123   57.836205
 179.26317  162.81992  120.51409  203.98254  159.29628  150.64038
 137.31902  167.05885  131.68024  157.44185  140.24565  132.99109
 157.78929  146.47034  159.05795  150.32275  170.59814  163.34856
 161.51045  149.08652  165.32224  163.07726  189.14682  160.44388
 155.7758   164.6579   132.92169  127.86823  191.34251  164.95193
 183.34615  164.31035  138.8611   152.095    147.56767  141.99693
 159.92703  228.98232  157.89243  138.00957  172.8206   150.88206
 141.54454   54.47028  125.678154 146.70322  171.0972   154.5821
 162.0148   140.53429  154.82382  138.09767  127.531296 159.92474
 159.42456  148.41519  162.5492   159.96349  184.63591  170.6362
 190.57437  173.47325  164.15425  202.30032  162.44807  172.30878
 148.00633  138.24422  108.34091  160.67633  187.57388  123.71949
 148.02122  158.27573  198.64148  124.699745 157.52562  145.26709
 160.24686  151.9966   169.2083   154.39906  133.43507  181.50421
 142.61153  171.4929    88.07926  199.74475  173.7788   153.09326
 160.05318  123.90291  147.09422  180.82405  140.76143  118.14964
 160.15538  135.1658   143.0038   190.68874  138.6212   129.53195
 132.13306  198.23076  142.12457  145.86865  146.97998  148.04459
 163.56459  188.63095  182.05214  150.70685  178.14548  169.32079
 149.13815  156.2047   167.59026  129.15901  152.55597  141.88678
 161.29456  154.47105  121.166985 167.87729  159.5437   190.18648
 137.18353  198.23491  175.10947   95.35113  159.10445  167.06848
 168.66391  136.98586  166.35918  149.66501  163.21878  199.26443
 155.7836   189.30734  174.3215   149.47375  133.99493  151.26376
 190.06332  154.35052  139.72202  145.14192  183.73413  159.48961
 177.21436  158.51875  123.02266  149.83322  169.10298  145.83833
 142.76233  158.39314  139.6758   173.36258  145.65097  160.16953
 152.25652   76.967415 163.06747  150.10373  124.67023  174.65314
 146.44783  176.04951  123.17182  125.69359  179.88441  167.4668
 202.05309  137.7451   168.38477  163.46571  172.95369  154.81491
 155.35785  147.87425  141.44962  158.99384  164.14629  158.53014
 179.82785  157.23486  178.47241  164.77742  122.867195 171.89842
 143.31372  164.72514  165.99289  162.03404  148.5194   138.6561
 208.79501  162.53592  157.86261  151.56178  183.90627  168.4019
 137.51282  148.41518  162.96739  148.81     117.03977  153.27448
 139.38052  159.73259  171.08832  150.68826  161.59676  120.684395
 160.53316  160.70967  148.5204   149.18434  171.98038  165.28674
 160.69365  151.21024  161.84143  148.98123  140.60999  156.31912
 138.80037  143.08047  162.43372  148.7683   170.30284  141.12297
 135.21043   95.22044  168.05602  151.23772  143.77684  167.35143
 185.3491   164.83522  152.52519  162.60672  170.17303  123.40759
 137.79723  152.53462  139.6418   167.16328  145.27812  165.35924
 147.95305  148.01372  165.36337  155.32845  181.68848  140.95068
 156.72018  153.38972  147.94109  145.69107  243.9506   164.13095
 180.72908  149.87305  157.54617  143.72047  143.35243  165.18457
 139.80093  182.34329  174.52206  172.65579  157.23651  138.8015
 205.58365  149.14236  137.09613  172.8685   158.16     156.73709
  94.31382   93.393616 145.93237  183.083    151.35843  148.78667
 199.20859  167.30112  122.227715 179.98187  153.48367  177.80655
 179.45949  131.2742   173.73636  154.68352  150.83788  156.76405
 132.27611  149.64343  157.84413  156.77681  212.40596  116.62245
 143.51268  134.0804    54.854    146.4971   178.08147  172.02408
 160.67924  135.143    196.57605  180.34825  116.73055  176.73845
 167.27042  135.48804  162.04521  155.30048  187.5866   153.86058
 164.87367  161.9664   164.98073  153.36479  176.7805   132.76697
 152.7708   134.16238  143.53647  131.3111   164.57146  171.11111
 179.00743  144.19733  142.11441  126.11621  182.70203  152.06757
 150.46198  107.6071   147.8143   148.17596  110.55524  161.8829
 157.01491  143.6034   156.59525  163.54144  157.82863  160.00612
 177.53067  151.91713  132.31155  152.93718  127.97888  135.7269
 177.1441   126.73422  123.10279  166.96677  129.13226  129.88347
 141.16328  133.13638  132.99344  107.01218  179.16466  168.35834
 146.79503  118.41129  115.78528  157.66133  169.15466  158.57466
 171.77817  177.0921   145.79962  162.65149  124.490585 161.85835
 155.86768  137.41624  161.3468   177.4522   177.51817  162.97278
 165.70607  139.77716  137.48134  159.85954  192.77855  175.74438
 161.34827  164.39766  155.64879  183.49536  154.80005  142.67937
 152.68169  164.3028   142.06436  134.97957  162.12064  161.31918
 153.28348  153.424    171.53204  169.92929  161.43092  137.04733
 150.48718  171.57626  189.0293   148.27426   54.609028 179.88206
 134.99048  159.70564  144.98361  190.0339   161.88396  148.90356 ]",[5.9896226 6.2427225 7.354433  ... 6.2805567 5.7256956 5.1795216],5.704274,0.14030226700251888,0.3329392500533168
5,3573,Transformation_Matrix_W,"[[ 0.9076766  -1.1952264   0.2614178  ...  0.9515565  -1.4854393
   0.1715435 ]
 [ 0.19120081 -1.1324134   0.5472383  ... -1.5033742  -0.30246255
   0.04793309]
 [ 0.3458282   0.17013402 -0.16151519 ... -1.5537021  -0.8491749
   0.78617823]
 ...
 [ 0.36711672 -0.66315556 -0.679462   ... -0.7146325  -1.6327167
   2.0521035 ]
 [ 1.1224533  -0.9465612   0.27181748 ...  0.14843553 -0.52643603
   0.09557866]
 [ 0.85328114 -0.4778448   1.2899623  ... -0.761887    0.02005848
   0.34444925]]",,"[154.99095  159.381    129.59299  138.79942  136.27666  164.74728
 163.71106  167.72754  120.25465  136.57202  127.39909  136.22829
 152.4963   142.91429  143.06183  125.13137   69.91063  172.67943
 124.53536  167.6685   117.62584  133.87141  147.72165  170.8401
 134.6139   150.09837  196.71814  144.03163  144.17284  129.23894
  71.24024  123.08858  170.91663   75.73858  162.40558  147.77617
 139.17548  182.28156  134.46065  136.89781  163.543    157.3399
 155.56004  109.56378  142.59695  147.96896  167.52493  159.1455
 150.08022  150.21535  105.303566 167.36281  138.44588  139.70488
 122.53172  158.87123  174.52557  138.02458  145.86661  159.6936
 166.91235  182.86938  132.7268   147.666    156.00021  158.23381
 107.89781  130.05449  145.86304  116.80269  166.6024   171.02855
 147.04529  105.93974  127.50311  143.02638  180.61842  149.54929
 125.780205 176.88289  149.71478  151.07785  140.69913  166.93813
 130.68866  110.415215 180.61317  147.39746  154.65932  125.50367
 125.95021  174.12036  128.78728  162.04852  151.1645   160.7607
 164.80429  190.24239  132.80984  132.49149  157.86156  157.38747
 116.74809  169.22453  129.10478  138.2787   176.7303   179.01842
 153.20634  129.09271  153.67532  155.39851  126.2698   141.13498
 155.47044  135.4093   204.27675   45.709503 149.13434  143.05496
 185.51021  165.5553   142.3663   176.31078  124.83359  130.97227
 129.35262  153.70398   67.586426 153.08409  149.55745  131.54579
 156.87791  170.82007  157.29492  111.4602   138.28894  155.27731
 129.2019   139.34358  139.08546  119.6843   158.32645  125.31175
 134.63362  156.14742  140.64705  181.73845  140.84158  144.13576
 155.47533  166.99582  173.03683  145.93419  151.41997  130.64104
 150.29268  160.71461  166.99677  145.59773  135.67844  190.04599
 183.85152  135.01411  124.11813  129.46178  131.55652   87.42694
 170.4116   156.74258  155.38911  168.31667  188.41206  143.30347
 136.89632  126.95191  191.24959  147.70544  151.26602  165.78859
 134.9553   153.62721  134.79903  145.39697  134.51486   80.322
 163.34468  176.2364   145.70067  156.40144  147.01709  137.41824
 142.90085  123.50523  195.43547  178.7656   129.8592   114.58045
 167.89885  155.69118  143.67685  188.7646   162.26692  166.51237
 118.20222  157.89111  149.19513  151.78969  192.5531   157.17949
 113.88786  164.78152  107.99739  154.97958  140.07547  151.08014
 105.707146 132.3179   150.27774  152.1551   145.73111  124.57139
  75.57039  115.94939  159.94412  168.90395  153.22603  184.66998
 162.94926  149.1091   173.52176  184.50902  117.25616  143.24702
 128.68741  159.92137  138.31316  148.32976  158.50638  180.62737
 158.07343  155.63716  187.23334  133.17657  147.46724  118.55123
 139.3439   147.1527   157.21799  159.73288  140.70123  160.37259
 151.2089   146.47696  167.38826   56.604504 115.771416 111.98791
 132.5168   173.01878  134.02287  149.90123  117.176544 143.33359
 194.53566  154.47682  152.84303  161.87721  134.00633  172.10352
 182.39894  181.98094  149.80193  108.953575 151.49048  128.5054
 149.91139  140.06326  152.50716  132.66454  136.69621  166.89023
 132.42877  127.76718  167.98312  153.4694   142.39847  164.34175
 164.58203  173.26404  153.74379  146.58476  135.41284  151.86102
 145.63782  166.29509  107.805305 150.0607   154.84679  136.70305
 134.21739  190.26572  165.01709  165.11522  136.1556   154.14674
 163.85405  144.5694   180.687     99.714195 158.70857  152.44196
 142.15164  143.63876  138.08144  151.77692  151.11337  166.56277
 156.88806  119.517296 147.16603  151.73026  149.58655  147.5386
 159.72517  161.8191   141.07077  144.44548  132.40569  148.2228
 137.41566  151.01585  183.78201  142.53029  156.03711  129.58263
 102.267654 155.31818  160.86899  133.33295  171.02905   52.689392
 170.88055  150.19669  113.727554 191.73007  155.1336   146.70277
 135.36453  165.19339  116.93086  151.41666  133.04642  126.053085
 149.21379  140.9747   150.59302  145.95287  165.94229  156.13786
 158.54146  142.41115  156.06314  156.61021  175.30455  152.04688
 152.40004  161.1937   129.15147  125.434975 181.84003  154.20905
 174.57559  159.82147  132.64957  143.49315  135.65149  132.72021
 150.45126  220.02605  149.70743  135.88254  164.66434  141.59528
 137.42227   48.780357 121.14828  139.77003  164.1343   146.30263
 151.84154  136.38582  144.17824  130.88666  125.04178  157.80867
 146.73152  146.01382  155.5874   151.62466  176.87393  162.75034
 182.94539  168.26613  156.79364  195.47643  153.98799  168.21246
 138.55711  135.00067  100.42129  152.62712  178.38432  119.17266
 144.04935  151.03117  193.49225  122.18046  151.83182  136.84503
 149.8038   139.09656  156.8206   150.98293  125.679344 167.2012
 134.0809   166.26747   83.18132  190.66     168.94269  146.44267
 152.21977  117.90331  138.25021  174.00616  136.14906  114.79711
 155.3647   126.87212  132.86476  179.87454  132.80057  130.0165
 130.45804  187.78749  139.53555  138.11302  142.27618  145.88371
 154.89389  174.08899  178.87416  148.1676   168.68886  164.15
 141.5394   148.6135   161.53725  126.66025  144.84471  136.52618
 157.64468  142.88278  118.58939  162.31229  154.18864  179.40964
 128.70769  195.06888  163.42903   88.928474 150.4167   163.24132
 164.79488  129.71031  157.79826  145.16159  155.12451  195.00684
 150.63261  182.72672  168.26607  144.75381  119.78733  143.75632
 184.67157  147.13641  135.72375  141.87343  169.35445  150.55666
 169.25873  153.79298  115.54577  142.73102  161.08047  141.05145
 139.44955  150.1178   137.59285  171.10054  142.79108  157.04523
 150.49426   75.13636  157.40305  139.48857  117.31251  169.84933
 139.92252  167.29013  117.0838   119.33596  171.23933  162.978
 194.41208  134.20413  162.91214  157.1275   166.20444  147.15817
 144.6281   140.2167   136.06117  149.66486  155.75404  153.755
 172.28716  153.49011  169.86281  154.28568  117.951225 171.52141
 140.59633  156.96745  154.32838  159.09155  142.37123  133.92422
 200.57588  150.82425  154.92838  147.56726  174.86966  159.72647
 132.8985   141.65878  158.35529  144.28642  116.226974 148.37584
 139.62749  153.46791  164.77689  144.14822  150.63882  116.38846
 154.25774  146.71176  143.41171  144.4039   163.86572  157.88228
 152.09743  145.26762  150.2577   146.62804  136.98216  149.37225
 127.11721  137.57895  153.46544  144.07729  162.01134  135.63284
 131.28915   82.14889  159.56668  141.66867  138.47243  156.62495
 173.07814  164.59213  141.52423  153.40714  165.32802  116.00246
 131.73024  143.75876  136.43846  162.90985  143.10753  160.4186
 140.6904   139.1954   160.28535  150.67926  174.00945  136.99196
 150.10587  142.19698  140.54526  144.42877  234.42986  157.88872
 173.68686  148.57852  152.11815  141.75142  137.07991  160.49512
 136.81775  173.19748  169.95322  163.06668  147.76627  131.90161
 195.21701  145.3246   132.57451  166.83174  152.77063  152.65901
  85.63769   86.67869  144.92818  172.07857  145.90192  145.76624
 196.3579   165.81818  113.85871  169.51805  147.77388  164.25015
 174.46646  130.15651  164.58417  146.92368  148.036    148.21362
 123.686615 143.22406  150.417    149.50304  201.92197  109.520386
 139.92755  133.35652   53.46238  139.08754  169.56277  166.1907
 155.66922  130.76715  189.11243  171.30232  114.84999  167.9719
 159.29965  128.51965  152.68521  147.61856  173.68929  149.94
 157.44035  156.95798  161.06537  143.78146  169.67734  127.65658
 148.72614  121.08206  136.39577  128.7589   151.5653   164.40486
 169.65074  139.98737  130.09892  123.20304  174.5023   145.44113
 150.74208  104.366684 143.13005  140.1612   107.5509   152.01723
 148.86581  138.4911   150.19435  158.25208  149.46155  153.38512
 167.27214  144.88954  124.698814 152.45364  123.78088  129.04456
 167.24823  119.5546   121.07518  164.84995  123.5227   127.08138
 132.55864  128.8879   128.73006  104.46     170.46742  158.67213
 144.78339  114.5335   105.16436  148.89424  164.32523  151.72787
 169.23222  166.96631  142.83714  150.86914  123.77222  153.10364
 152.19702  130.85942  156.94156  176.58722  166.52357  155.38426
 164.11848  129.37433  133.45366  157.95029  184.03102  166.42764
 156.30836  157.53236  150.1893   174.95906  151.35898  136.00722
 142.93745  156.8429   136.82703  125.96398  152.23967  156.67819
 146.12164  149.33679  161.92355  163.3823   154.07712  131.31836
 139.79497  169.55125  181.50719  145.14368   50.053585 172.34099
 125.872055 148.25006  144.95891  178.29562  151.95224  142.98183 ]",[5.429739  5.961005  7.0313864 ... 6.5662785 5.486888  5.0924635],5.5855117,0.19148614609571787,0.3738649664776118
6,3573,Transformation_Matrix_W,"[[ 0.19414361 -0.22865027 -0.08403032 ...  0.40312105  0.41604373
  -0.138057  ]
 [-0.72245264  0.1134251   0.07857325 ... -0.31396154 -0.05853682
   0.2703077 ]
 [-0.02343356  0.35732886 -0.0173433  ... -0.22464715 -0.5046898
  -0.23313025]
 ...
 [-0.13884003  0.16068351 -0.26497737 ...  0.62421936  0.03797645
  -0.01908865]
 [-0.3472594  -0.31702605  0.09732391 ... -0.71499866  0.95000744
   0.8051348 ]
 [-0.11338244 -0.31680012 -0.03091883 ... -0.5022756   0.07128389
   0.461733  ]]",,"[150.21417  156.4199   130.13548  131.80862  132.51619  156.17815
 158.57701  162.1775   113.81044  134.86964  122.68484  129.42566
 149.80765  137.84985  138.51793  115.8123    65.44693  169.42642
 116.653465 167.36353  113.92357  134.11754  147.97852  166.01402
 131.56055  147.45592  191.72194  140.85449  138.47333  126.40507
  68.59015  120.19127  164.59439   72.79463  159.24576  142.97427
 136.24896  176.68144  131.61583  129.7283   158.54599  153.60031
 146.64651  107.35346  140.71176  144.41568  161.48657  153.47298
 147.00043  145.15834   98.436806 161.14471  136.06636  135.3178
 119.96776  152.87215  168.47105  134.32715  141.80692  156.52257
 168.65022  182.99504  125.185646 139.93976  153.85938  154.35175
 107.72844  123.899055 141.78549  111.07201  160.73276  167.61177
 149.28384  101.6048   124.578224 136.2476   176.36086  143.38524
 118.5122   170.40521  141.52039  139.40071  136.67928  160.81473
 134.27924  108.229385 169.99898  145.92943  149.6404   126.23038
 119.76615  173.57457  128.90712  158.4547   146.80319  155.51344
 161.3257   180.59857  129.6042   131.008    154.24652  154.54141
 116.32549  161.01273  126.24699  137.07057  177.47952  170.79431
 148.01982  124.626015 152.26721  147.89204  123.36067  137.92365
 145.31416  133.62675  195.26987   43.818726 145.62915  140.69106
 178.59056  161.8058   141.98004  168.3397   125.19292  131.74538
 125.0131   150.60904   62.90964  147.4269   144.48431  129.49585
 152.66324  166.7917   155.82544  111.02835  132.12766  152.23965
 124.64007  137.67593  136.12558  115.9456   154.20581  121.68434
 130.21829  153.4886   136.60431  179.31927  138.54414  144.33842
 157.42316  158.03961  173.42143  140.81282  142.95502  130.91899
 142.78635  157.21684  161.63911  136.34079  137.56453  182.78874
 172.87764  132.67226  122.79875  125.83022  132.60742   81.743546
 167.57121  152.27951  155.0377   163.81526  178.04362  133.54236
 131.0973   122.61339  181.73778  147.61032  144.99377  160.33327
 135.71117  150.96405  130.72864  150.16724  132.15002   77.87722
 157.62456  167.80687  134.7216   145.09567  140.90604  133.84602
 135.83022  120.46082  191.62927  179.82625  126.9494   113.294365
 159.52458  151.62024  146.48817  183.4432   151.2772   158.36223
 115.91528  149.06172  138.53656  150.76534  187.59743  151.67633
 107.753815 155.88467  106.6579   148.8615   136.29286  147.23201
 107.01921  128.02155  149.06137  149.09518  140.02383  120.62823
  71.99724  116.13841  151.96628  164.64787  145.29935  180.76425
 159.78253  141.95131  167.003    179.49644  113.653206 141.28218
 130.24359  156.28499  134.02394  145.28258  149.97035  173.57376
 150.76051  154.2918   181.51926  130.13948  143.87267  115.49255
 137.26819  144.26819  151.76588  153.94386  139.86633  158.47658
 150.08539  142.77287  158.38177   50.293293 111.65051  110.60278
 134.99158  172.83743  130.68112  145.91197  102.77571  140.65704
 191.7292   154.30525  148.77168  156.02597  136.34004  167.05708
 179.39256  177.84392  146.2162   104.72139  149.672    125.14712
 146.9991   136.85028  145.38179  129.13812  129.96371  159.9938
 129.2493   121.623535 159.71997  150.778    140.18939  152.4369
 163.0719   166.71829  150.0621   147.3273   132.29419  146.0565
 146.7572   158.60054  107.186104 148.88759  147.34093  131.98169
 136.52696  176.28758  159.42502  163.48683  131.34943  152.53442
 159.00052  140.01988  169.67076   94.44814  149.66931  146.57767
 140.66533  140.49744  136.83736  152.44833  154.4081   159.5001
 150.73192  114.860374 138.29607  143.67538  148.31834  139.18266
 158.91502  155.50363  137.36339  140.66797  127.06505  146.85718
 138.48383  149.08156  181.9034   143.31961  152.25287  121.45702
  99.37408  148.84718  151.53877  131.47935  165.5423    51.818542
 164.94083  149.96304  102.17726  190.89275  148.307    142.11443
 129.6605   160.34297  103.553635 147.12169  134.1667   128.21043
 145.06664  138.65459  146.29912  143.21573  166.59753  146.2387
 150.91783  139.89906  151.95726  156.58304  177.12798  150.31638
 150.84225  151.59436  121.35819  121.37138  179.37457  144.82756
 165.40727  159.0296   132.49039  145.85486  127.05719  131.72322
 141.77316  208.87634  143.90634  134.1471   158.30797  136.98524
 132.76791   45.96073  117.16838  132.39883  163.47678  142.36438
 144.35472  128.23836  141.19247  128.16072  125.110725 147.47032
 148.9269   146.41429  156.10307  147.81796  166.40875  157.13084
 180.46645  165.9923   154.07805  193.50835  148.72731  169.13217
 136.03246  131.51202   92.94346  155.30888  171.27878  112.40597
 137.65001  148.51631  185.71814  112.83953  143.68755  130.06674
 145.63475  135.25604  156.89449  146.40187  122.64551  163.55275
 133.09837  158.70044   78.2184   187.05331  168.77449  144.54611
 150.67227  109.95883  137.36966  173.74394  132.40929  116.24481
 156.14735  127.50615  136.3625   171.4812   129.19844  122.2276
 125.069885 186.03313  139.33023  135.60977  137.65552  140.8618
 154.81891  172.02817  168.46826  143.42506  157.86359  154.4705
 139.18558  147.18077  156.80965  121.36371  141.37476  128.84595
 149.04137  139.4153   116.55375  151.77206  151.34605  175.57294
 123.92938  184.31354  161.9056    85.67932  149.2809   156.7245
 155.45119  125.981995 161.26773  140.93394  155.42316  190.24379
 147.51393  177.77136  163.32162  140.84123  106.03055  132.993
 177.04706  141.27461  129.50806  131.52782  159.78004  140.59557
 162.23888  150.89313  111.48985  139.49376  158.17639  140.30751
 138.01538  151.8964   129.5043   167.31644  139.87756  154.98183
 147.94148   71.52871  155.339    134.0722   114.111084 163.8036
 143.4993   156.20338  110.92407  114.82341  165.65953  160.75208
 179.62628  133.6201   160.07759  155.18521  159.37685  142.63025
 140.32074  136.82695  136.84317  145.55615  154.392    151.03206
 167.4935   147.89742  168.74313  153.32529  114.3865   166.59016
 135.42723  151.83958  147.7191   158.52844  141.89299  130.9225
 191.32387  141.59352  152.61383  146.43944  167.5162   154.03397
 126.61502  137.06848  154.30031  139.97833  109.88255  146.49803
 132.02974  145.88983  161.64775  143.73087  149.9668   117.16842
 153.91132  142.14917  141.34946  137.56305  164.93784  156.53125
 147.05782  134.83928  148.96843  141.11986  133.46928  142.66666
 124.581535 140.27676  151.79208  141.47606  160.30806  135.81064
 130.77573   76.20149  155.22563  132.91447  132.68349  148.08342
 171.44946  162.67862  135.23047  145.2795   162.11574  119.873344
 129.76237  139.46802  132.48979  152.9721   136.76602  158.45207
 133.70628  136.25014  156.93161  148.44565  168.81071  131.06723
 142.14078  141.8248   138.35046  137.31364  228.98428  154.7532
 165.5828   143.22627  151.93484  136.08105  136.40402  156.08658
 134.96677  166.62112  160.12422  158.20444  144.64786  128.82878
 188.93143  137.9141   132.24068  155.32497  150.09483  149.98967
  79.61504   81.13841  136.50414  173.50827  140.29948  138.54996
 189.44765  164.60974  115.95558  159.40175  143.6545   162.38118
 170.9244   123.07117  163.55363  138.06252  143.40944  144.15366
 125.533264 143.66084  147.26312  143.03749  195.62173  109.0457
 136.68947  127.375336  52.144245 136.41719  164.82474  164.49034
 150.80371  124.59568  179.99869  164.37352  111.67644  161.54561
 148.8399   127.85818  148.04117  145.37637  163.57806  148.39801
 150.46086  154.73361  158.14511  140.29501  171.4922   126.34143
 138.61159  115.034256 134.65976  130.25856  146.45161  156.71434
 169.94229  138.1488   127.50509  122.57185  164.7868   139.10875
 148.77036   98.7157   134.39894  140.58536  108.78935  153.08563
 150.32718  133.26712  147.75368  157.04631  147.6351   155.5801
 163.34634  144.51978  120.161316 151.5271   123.0264   130.8611
 164.0919   114.751305 117.863144 161.3139   120.76564  121.38615
 132.92476  125.19011  126.48685  103.15703  164.76437  156.05515
 138.30637  110.361244  98.941376 136.93614  161.52635  146.87404
 164.0318   166.45525  135.76341  149.97008  123.21307  147.56851
 149.72462  127.82539  150.88904  173.85454  161.73672  155.85564
 162.33333  130.16574  130.40271  155.71573  179.9049   165.1504
 146.04825  151.99704  145.02403  171.97345  145.20871  131.54916
 137.70865  150.9426   131.7803   122.00605  150.4197   156.42548
 145.04024  146.93825  152.58087  156.31749  153.52515  128.48915
 137.12271  165.24693  173.66266  143.54555   47.298885 173.49142
 123.897995 146.39958  142.33337  169.21094  145.74423  141.25711 ]",[5.291488  6.085302  6.7688856 ... 6.068533  5.262843  4.859579 ],5.5065866,0.22125944584382873,0.40195323263333926
7,3573,Transformation_Matrix_W,"[[-0.11027452 -0.53910726 -0.03745849 ...  0.17193416  0.27733308
  -0.32286674]
 [ 0.10864088 -0.13956603  0.32487932 ... -0.37330833 -0.3987455
  -0.31893903]
 [ 0.2878792   0.1073642   0.2678682  ... -0.3492953  -0.5731441
  -0.3084715 ]
 ...
 [ 0.11617587  0.2442196   0.11304165 ...  0.29232106 -0.35070798
   0.24365035]
 [ 0.48643288 -0.60155034  0.22590336 ... -0.3820847   0.2854095
  -0.08641294]
 [-0.01371981 -0.27034715 -0.24262503 ... -0.30676764  0.33160472
   0.6881122 ]]",,"[145.04448  157.74777  129.2347   130.90555  132.04366  150.34045
 149.35129  156.71458  108.43023  129.4109   119.42159  129.3698
 147.32297  132.37332  133.35799  110.244774  61.994293 168.02611
 111.52843  158.69989  110.48461  129.47733  144.71405  153.86156
 130.1838   146.03658  187.73894  139.28671  136.40234  125.9455
  64.38863  117.14246  158.16208   71.007805 158.92143  141.95712
 131.75095  170.89638  124.66225  125.00938  153.0781   149.5926
 141.19998  103.04819  141.1246   144.20403  160.37434  147.25209
 143.36491  141.99902   98.28454  157.84335  130.07318  130.26775
 115.868385 150.86728  163.82068  129.28697  139.9714   155.67213
 161.55173  175.97655  124.52512  136.9097   151.37486  147.02264
 103.09109  123.40221  136.57542  108.35268  157.29825  167.30562
 142.86737   97.55382  122.76817  135.43692  175.52739  140.44536
 115.97225  164.34848  136.97507  137.42242  131.68813  154.13074
 130.15533  108.851204 163.73683  143.26462  148.46677  118.9138
 119.28714  173.3934   125.05011  159.4155   141.66197  147.51541
 153.56783  176.67679  126.40577  128.02351  148.66711  150.83221
 112.03758  158.30911  119.42414  131.6767   168.86952  169.85599
 147.17816  119.802505 147.42882  145.53345  120.90383  135.88928
 140.48294  129.73419  194.83083   41.891087 143.43892  132.8112
 172.81032  156.33194  139.00432  165.56046  121.844    124.222855
 122.21458  149.12228   62.21851  145.8391   145.70422  124.39637
 145.08417  158.3084   148.96165  107.864    131.63441  148.53864
 124.0851   135.11432  133.21072  118.55216  141.35971  119.149826
 132.0817   142.6663   128.31871  173.92012  132.55092  140.16841
 151.33421  151.22972  170.17189  136.84056  137.18512  130.91171
 140.31668  151.60258  158.94339  128.78372  138.3226   180.39926
 171.84325  128.64264  120.19916  124.388336 127.92393   78.01028
 163.8345   145.83763  147.63899  157.90729  171.58742  127.08718
 129.71214  114.382385 174.70879  146.37135  140.6563   158.0634
 129.12141  150.77193  129.48784  141.4402   129.70973   73.91504
 158.55411  165.2423   130.77306  148.96562  140.14116  130.5621
 133.08662  117.98416  182.23897  168.56606  124.64911  111.54088
 155.34393  149.37048  137.80943  172.41226  152.42027  152.32835
 113.20941  146.38307  133.4792   144.4269   181.26198  143.79855
 102.54182  154.94902  106.005005 146.7979   134.53653  141.81386
 102.562744 124.18111  138.73416  148.75113  133.72372  114.98269
  71.54946  113.646576 153.05724  158.7384   142.2823   175.6851
 155.77167  138.84     163.69388  169.20506  109.120026 137.99382
 126.984924 148.29079  127.73868  145.97395  148.8778   170.42435
 145.60039  145.60782  175.72906  126.86799  139.9852   112.92579
 134.82419  141.32619  146.27452  151.83989  137.32288  152.46921
 144.36552  137.34065  154.80936   46.384396 109.126366 108.59222
 130.10515  168.99654  127.90088  143.66502   90.71597  137.49844
 191.70758  148.20792  141.78348  151.12636  129.8796   161.61737
 172.09508  172.17186  144.39232  101.88283  150.49277  123.31641
 143.84952  132.5632   140.93495  126.08716  125.32582  156.76959
 127.591835 116.14956  159.70427  145.57004  136.10274  143.41888
 152.52998  160.54265  144.94962  145.2581   126.48211  142.78523
 141.1627   150.5467   103.72687  150.34741  143.67207  129.95946
 133.73865  176.47714  152.62076  161.85106  125.354485 145.98985
 154.86171  135.29077  161.22807   89.794    149.36197  143.34169
 137.62961  137.45242  131.54701  149.37244  150.77225  160.20572
 147.24384  111.857    138.64598  140.88327  145.7945   139.81334
 154.83112  152.46913  131.14365  137.17244  125.3369   145.86607
 134.07184  142.11914  168.10654  142.12152  150.86777  119.55373
  96.632225 150.14095  148.02472  126.23609  166.75366   50.386745
 162.29604  142.10175   95.579895 178.83607  143.8552   138.63014
 127.64413  154.63077   97.29488  148.92867  132.4031   125.82513
 143.99196  136.5124   144.41196  135.58987  162.84282  142.22597
 150.11897  140.86038  150.8441   151.19484  177.93967  145.5217
 146.18158  145.44029  117.77576  121.40294  169.50233  143.1745
 165.37906  155.34799  130.79837  141.36987  128.05032  134.21577
 135.01495  204.31523  141.63116  128.15935  157.80807  133.23889
 131.18271   44.565277 114.91679  129.53842  156.47327  143.32118
 141.01935  126.137276 133.6819   122.25322  123.11663  149.38315
 138.96979  142.03323  153.26202  142.30946  166.87164  160.7837
 174.34705  159.05847  144.79509  186.20937  151.17107  163.20874
 137.62514  135.0229    91.36871  153.56079  164.96356  107.65666
 139.45805  147.7427   177.0625   111.67574  134.76247  130.56445
 144.58589  131.13148  149.51843  142.61176  115.05548  160.83177
 130.0782   157.83376   76.62674  180.63223  164.32553  140.3373
 146.15947  107.25377  134.67824  166.3099   131.09299  110.98369
 150.18623  123.23426  129.66856  159.09688  126.63335  116.10041
 121.447685 176.9599   131.14847  136.16061  133.6238   142.07048
 155.99228  173.48647  165.36958  140.53705  154.1356   152.11876
 134.67249  144.41383  154.60019  118.720474 138.02057  129.19197
 145.11845  135.22638  110.33675  154.84991  145.17331  166.37799
 122.72976  181.36595  152.13762   86.59959  146.26889  156.69368
 152.74533  122.71307  156.14288  137.60986  145.70778  187.75493
 143.57146  175.03896  156.16858  137.82803   94.03138  126.51397
 173.99812  139.25136  124.41508  125.737915 159.0264   142.89427
 157.3462   145.33592  106.63346  137.76994  154.56094  135.00508
 132.77583  145.19597  128.0752   167.02486  141.12898  148.93823
 141.6639    70.39348  149.4207   130.28755  109.40366  159.33112
 135.4286   154.13474  109.998055 113.04008  165.66628  157.53044
 176.23935  125.03197  158.00447  147.62155  156.80615  141.09251
 131.00063  132.2808   131.23824  144.11177  157.437    145.71161
 154.8196   142.05748  159.7415   152.28807  111.87647  162.65262
 132.40263  143.53383  143.36467  154.51393  140.01555  126.30211
 186.17604  142.79037  151.84451  141.92807  165.88957  145.90224
 117.19596  135.54318  151.86086  137.10643  107.66035  140.87843
 129.21016  140.27678  157.40454  142.08264  148.21599  110.68253
 150.60892  141.51472  134.07994  135.5266   158.53122  150.99408
 143.31808  135.65666  146.4944   132.91829  136.2401   141.43697
 111.458305 131.75827  145.89368  133.1333   160.29999  137.8619
 124.88643   68.61738  153.93712  129.5679   129.14392  148.48766
 164.12213  160.8039   129.87444  140.19342  159.59808  113.82792
 126.70229  132.83623  132.08975  153.34535  135.12881  152.2582
 127.83254  133.00171  151.83904  142.17218  158.45894  133.9702
 143.4015   138.33228  133.18805  136.25113  224.64806  153.89844
 161.59763  137.05762  147.32448  134.61888  131.61897  147.08133
 129.4853   161.26288  159.09981  155.33673  142.17105  125.92313
 183.72604  137.60272  132.41081  149.96977  145.03665  144.45747
  78.011185  79.323875 134.63235  166.15376  134.09763  139.05774
 184.88759  156.26836  111.43042  152.97568  138.57048  157.43637
 165.35226  123.45447  159.43022  135.65073  137.18547  137.36281
 120.60657  138.14757  140.59099  139.26796  190.81195  105.52199
 132.83586  128.82793   49.998966 136.6274   163.51831  160.4993
 146.63527  124.1787   175.7249   157.11131  108.875374 156.8436
 148.7888   126.70872  140.62796  142.67421  156.29059  143.483
 149.29013  151.92775  153.2958   143.53363  166.37148  123.050446
 139.31094  109.31413  134.56921  128.58618  144.05743  149.28192
 160.6381   136.51506  125.99895  118.74845  164.43048  131.89955
 141.85524  100.95734  134.70181  136.3886   103.36296  149.84631
 142.85905  131.5284   141.18356  148.79016  139.59137  146.47327
 153.65022  142.59831  115.20353  147.40192  123.98769  127.66765
 155.31439  109.90798  113.74288  156.15569  118.053215 114.354965
 126.77468  122.41893  122.30673  101.73383  159.14302  157.38176
 134.69978  105.80349   92.005226 139.10168  149.4387   143.78409
 161.85388  155.74919  136.2238   145.34515  117.87953  144.71759
 149.23921  122.60042  147.62068  174.90903  157.34502  151.33952
 150.2983   128.96246  127.90447  146.63724  172.69434  164.88004
 143.64407  148.83945  135.66399  166.98027  140.87068  129.432
 136.43817  145.34415  127.69157  119.19061  148.48212  149.50693
 139.56535  144.87645  141.33832  152.50241  150.11159  123.43975
 134.9924   161.33598  170.24438  140.93764   44.906452 171.36223
 121.44887  142.62526  137.17386  158.7605   139.9416   139.091   ]",[5.818153  5.8755193 6.5389504 ... 5.9382358 5.1251726 4.572772 ],5.431192,0.25022670025188914,0.4256921530344862
8,3573,Transformation_Matrix_W,"[[ 0.12531273 -0.06112105 -0.03070175 ...  0.1637013   0.08052988
   0.20655127]
 [-0.2078104  -0.04728066 -0.10591857 ...  0.2664027  -0.2681136
   0.07572669]
 [-0.06090523 -0.2984499   0.13954353 ... -0.29374737 -0.5200739
  -0.09646191]
 ...
 [-0.14983378  0.03270339 -0.06386683 ...  0.32803375 -0.32710722
   0.13228689]
 [-0.06114163 -0.30157435  0.0659087  ...  0.06715148  0.49110395
   0.39358547]
 [-0.06425444  0.1141516   0.22304364 ...  0.224629    0.2080188
   0.35633942]]",,"[131.38301  138.10999  117.536095 122.104385 118.730225 135.17224
 139.15063  139.48244   99.4249   119.66561  110.30498  114.22288
 135.36742  119.48455  122.82181  100.14434   54.489777 155.36855
 101.36738  151.50842  101.26938  120.83281  135.74516  137.73448
 116.70595  132.62767  166.00916  127.641075 125.86201  111.686325
  58.92442  111.78301  145.23145   65.41462  143.64453  125.87338
 121.47829  160.49883  119.2814   112.44673  138.97635  138.70103
 124.61543   93.25404  127.99319  129.48326  145.23004  130.09846
 129.18863  129.03046   87.46376  146.80426  120.9183   118.67707
 105.14284  131.8485   153.21678  115.10043  123.46534  137.36511
 148.28143  154.20859  113.72026  124.146965 141.61812  142.23312
  91.06515  113.83803  128.38503   99.6819   139.99881  150.30637
 131.69081   91.11608  113.85349  122.462685 164.39284  126.80646
 108.19541  155.45253  128.60806  122.41595  123.606705 138.01703
 114.56056  100.62294  148.5654   130.37679  133.56337  106.23826
 105.45777  158.25667  118.029305 138.25438  126.4401   133.1772
 137.05     159.76447  118.02279  115.41624  140.28508  137.54863
 104.48989  142.94984  111.74017  121.661804 149.5094   149.29503
 132.84879  111.987656 131.30661  140.2426   108.70413  117.69508
 130.94502  119.71029  182.40807   39.690952 130.72581  120.80357
 157.59735  147.0004   124.45563  149.63763  111.591866 113.334785
 110.93657  132.90128   54.67036  136.42914  139.36786  117.16077
 134.22253  144.84987  136.90324   99.77165  120.433846 137.02936
 110.92853  123.845085 127.7161   110.516785 129.39711  113.0084
 121.36594  125.391655 121.19927  163.77252  120.71101  131.27328
 134.06458  141.35892  154.92012  124.25681  128.48218  124.11695
 126.37389  134.72314  141.81958  107.38939  123.60283  162.73943
 157.332    116.22779  113.57089  115.523705 114.859474  66.5876
 150.3688   128.7915   139.86458  143.23181  153.66626  112.66882
 115.94966  103.09492  160.28294  138.55197  129.2773   141.43916
 118.39951  134.34517  118.17043  135.63782  118.57478   67.90025
 143.65067  150.80235  123.291016 134.13484  126.99152  120.67018
 127.740135 107.28319  168.62927  153.98506  115.38327  100.85073
 138.97798  134.71257  126.29953  152.50195  131.59807  134.77159
 100.25557  135.59091  121.01435  139.52156  159.69418  137.03236
  95.68898  145.68332   94.566536 131.63403  121.03283  127.48653
  93.55049  115.95695  127.06818  133.83646  122.82342  110.81707
  66.17121  102.49101  135.80478  148.07808  135.60677  158.51196
 139.65675  126.573586 150.45816  156.5165    98.489975 125.55781
 118.8334   136.65526  118.501755 130.63902  132.73279  149.47542
 129.35573  132.78738  158.97668  117.01485  127.593544  99.91637
 122.67597  129.20628  136.3541   138.50963  125.145164 141.7886
 135.84737  130.11156  142.08998   40.526222 102.36913   93.02302
 122.4312   157.00334  119.01719  132.35614   71.78066  123.815796
 177.6765   130.446    132.11853  142.27567  121.69529  152.32814
 156.57445  149.7682   134.8858    92.521454 136.26292  117.95027
 131.58928  131.20184  130.26212  115.2918   112.765976 146.17911
 118.27015  105.24915  139.75531  135.20514  128.05565  134.44899
 133.24686  146.77048  130.84744  130.30058  116.33993  132.46573
 133.22966  138.82344   99.315125 134.20683  133.38936  118.01805
 121.21336  151.9186   135.39978  150.05617  118.79459  133.86511
 143.39236  127.30154  145.88585   79.49448  138.78731  127.982895
 122.69928  129.98062  123.25684  135.80669  139.51752  147.44891
 131.72363  102.33581  126.88514  130.41196  137.33743  131.77101
 138.81116  133.9823   122.22502  129.48907  112.38829  132.6725
 123.69047  138.84692  156.59816  129.67169  140.9052   105.76275
  84.70315  135.20903  136.26021  111.76323  148.88126   46.402054
 154.08153  125.83797   84.228966 166.02298  134.2785   126.74884
 114.06289  146.35422   82.85282  135.00496  123.93374  116.52591
 133.60751  125.611824 127.97801  127.42224  148.40808  125.20734
 139.2841   123.102615 136.36548  137.4216   158.30225  133.78685
 140.19193  134.38551  111.46847  110.69063  154.20966  134.45448
 146.37926  146.09398  122.07225  128.80287  107.69258  122.75093
 123.664024 179.33026  130.10933  119.895454 146.34357  121.64352
 118.208015  40.054996 103.749886 115.1271   145.52936  129.27286
 127.65599  117.19643  121.77682  114.226036 112.92102  133.44592
 127.26939  128.73495  136.83736  134.08415  157.73329  150.40347
 155.91301  145.95673  132.46486  168.70267  135.17531  154.01747
 127.97587  123.743     76.52956  137.54694  151.2141    94.72205
 126.60992  134.72919  157.0441   102.39742  127.35335  117.22092
 129.57564  121.44037  142.3688   129.70851   99.30152  145.03543
 119.3526   147.4797    71.94301  160.93793  154.05382  129.67885
 132.74649   96.057625 121.48387  152.18216  123.870125 103.20182
 138.53313  110.644806 118.33356  152.92976  110.262276 109.49207
 116.90174  151.091    121.602    124.20834  122.27278  129.71861
 140.07492  149.19919  152.27365  128.8678   133.09387  139.99193
 120.75967  130.77754  140.70837  105.878174 129.27057  123.17341
 133.03465  117.481026 106.44478  137.9239   132.9463   151.23422
 115.6432   164.7982   133.89148   75.963165 128.26933  139.91396
 138.79706  118.17251  142.89894  126.213936 127.38057  164.79802
 132.64433  165.18579  149.88863  120.04477   80.46839  110.669334
 161.34584  127.44818  110.88409  115.072205 141.41716  123.51313
 144.03001  137.92621   97.52132  127.69182  143.25127  125.1739
 119.53248  132.95708  121.77157  153.68733  123.428825 143.26044
 132.36314   64.835236 135.30562  124.18032   98.24792  151.98857
 129.29083  142.64087   98.47577  108.36291  149.19258  143.44044
 160.04663  115.63824  145.03143  140.42154  133.62753  129.21928
 119.44509  122.42625  120.896904 130.5739   145.20424  132.62308
 142.51324  133.24419  148.62512  138.6106   102.00405  150.10999
 117.66748  130.46709  131.76704  143.78964  129.27086  115.671005
 167.01494  125.45989  144.8354   128.41153  143.6537   135.42322
 109.02344  123.75585  143.03589  125.99999  104.655624 126.91218
 118.35397  130.73744  148.17146  132.71776  133.54869  103.00199
 139.85652  128.66737  124.81301  121.63827  149.09776  140.94221
 130.88837  124.017166 132.91862  122.15237  121.70174  130.01149
  97.8773   118.87274  137.75458  125.837204 147.9828   125.64605
 116.11027   59.697266 138.49503  115.987274 118.75024  133.03287
 146.39246  145.10701  118.442924 120.87348  143.4931   108.76931
 116.81394  124.76501  122.82366  135.8303   125.694275 142.1235
 112.95486  124.08612  141.72119  134.62315  144.16528  120.034836
 131.02132  126.28376  121.99298  121.687096 214.49394  142.9749
 145.81952  119.69185  133.8898   123.34206  120.1422   134.04338
 119.500824 148.44643  141.90822  149.4387   129.4668   119.54667
 165.32797  124.88908  118.947365 134.16068  138.4673   133.45488
  67.39433   68.628914 123.184044 150.65016  123.3798   126.78004
 171.73535  145.78612  103.13045  140.53568  126.074394 141.83879
 152.83528  115.961395 145.45107  124.445816 124.17489  125.63488
 110.28796  122.82606  128.50015  130.0779   174.66039   97.45573
 119.24705  121.07288   46.28547  125.05133  148.09259  143.69205
 131.77925  113.25729  153.44724  141.9107   101.91245  140.77776
 141.82542  112.93148  127.21261  133.1943   144.80156  133.217
 137.02965  138.97357  140.92093  130.62114  154.56023  111.91029
 125.818405  99.507774 127.5866   120.42364  130.17946  132.1223
 141.78899  126.76827  118.778595 112.95757  147.1559   125.21773
 132.45575   93.71735  120.78196  131.2849    98.36474  137.48795
 127.16738  124.17645  127.89998  133.42566  125.116135 140.89319
 140.15198  129.72495  109.583954 132.65009  112.79211  112.27221
 144.79381  103.426216 107.29104  147.5513   106.32615  108.45399
 114.40236  110.96701  112.52459   92.35631  143.72853  144.3774
 126.899506 100.02184   77.82505  127.79888  138.46492  133.46338
 147.4676   148.08893  122.51363  131.69054  108.22881  133.28642
 135.76025  112.997574 133.79662  160.4961   143.46774  137.0061
 137.44026  116.81318  117.267365 129.97697  153.22383  149.85036
 132.02583  136.73177  125.53333  156.03494  131.66241  120.2825
 125.90911  131.04446  115.58656  103.976    137.29195  136.99864
 132.12907  135.84198  122.966095 139.5657   134.90672  116.77818
 118.37846  150.90567  155.04016  129.59831   40.149097 151.55331
 114.5995   130.36108  126.691315 143.28302  128.16064  132.45988 ]",[5.3573318 5.1469817 6.4217453 ... 5.800749  4.793683  4.073095 ],5.1884327,0.3507808564231738,0.49889658559173633
9,3573,Transformation_Matrix_W,"[[ 0.12528488 -0.12925343 -0.15640666 ...  0.09114745  0.15297022
   0.03665572]
 [-0.02618228  0.28015468  0.06202165 ...  0.09657207 -0.26120758
  -0.14580669]
 [ 0.18513402  0.04576584  0.22791535 ...  0.09871196 -0.25793263
   0.09309039]
 ...
 [ 0.10143431 -0.09049881  0.08154514 ...  0.4522871   0.001489
  -0.11333381]
 [-0.01335722 -0.18892127 -0.15475145 ... -0.01664175  0.44540426
   0.05054217]
 [-0.07176627  0.12560579 -0.03425815 ... -0.00679347  0.05997373
   0.6304576 ]]",,"[107.78404  109.1343    96.22961  103.41686  102.037605 111.190796
 113.765396 116.385445  82.66097  103.75557   90.12468   93.97246
 105.16209   98.338806  96.93085   81.68176   46.332237 123.86161
  85.80247  127.891335  84.4037   103.38895  109.63545  114.59883
  98.46987  110.89228  132.08636  106.00156   99.994774  95.79746
  47.39332   93.527626 112.74659   52.735878 122.553276 103.122574
  99.03162  125.55588  102.455345  89.67136  115.850555 119.695244
 107.27187   79.75984  108.3108   105.09707  112.44311  102.74327
 107.18542  108.312386  71.81064  119.95783   95.57752   94.52186
  88.3502   111.713394 124.15207   93.13328  103.40028  112.7289
 122.52494  119.62721   90.368965  98.318275 116.37577  117.69714
  78.44182   91.89184  103.66667   82.18537  110.43337  126.5351
 112.74777   74.17292   93.20353  100.654945 131.05348  101.911575
  90.54708  121.110245 108.316055  92.84275   99.41738  107.13856
  98.004395  83.7169   115.50089  103.724655 108.57781   83.24082
  87.249664 120.58659   99.078674 112.34735  103.12513  110.93595
 116.050934 133.57124   95.820496  89.70739  115.18968  109.45247
  86.14879  115.348495  94.88775  101.26578  114.25465  113.18048
 112.59705   93.820915 110.48435  110.83915   91.32533  100.64865
 108.33256  100.025764 142.20416   33.510914 110.85379  100.13163
 117.30261  120.599556 104.96744  123.737015  87.87783   92.8572
  94.84184  108.24217   45.085064 112.90152  108.72457   91.301865
 108.17613  120.95113  110.138504  79.35157   95.85616  119.05218
  90.42504   98.03004  106.92047   91.61963  106.57816   90.6617
  98.160614  99.153244  98.00799  135.15604  100.78482  108.727585
 114.73444  113.02623  125.13922  105.36286   98.93818  106.16128
 101.904526 104.899574 113.01318   81.587395  98.907425 128.68864
 130.82086   91.80055   94.95628  100.38094   92.32899   53.966644
 125.00416  101.113945 111.98183  112.72256  126.90527   90.940796
  95.630226  82.886734 123.74131  112.13193  107.64392  107.52022
 100.981125 109.92868   99.498695 111.29283   98.01928   56.598953
 114.24867  117.11836   98.71039  110.463524 106.10933  100.21794
 102.782265  88.86968  131.79578  128.3864    95.06658   89.127426
 112.4374   116.11166  106.255714 122.33259  114.1574   111.496735
  83.33063  109.715065 101.33155  109.10853  128.7637   113.65474
  78.17944  116.92021   76.9439   107.04909  102.23455   98.50804
  80.13658   97.09912  106.41383  112.39186  103.17045   93.50252
  56.1537    85.4773   111.73013  122.58324  110.13274  129.71602
 113.52791  101.60642  121.21941  128.46382   78.06157  101.970566
  99.018326 109.881805  98.20828  107.833336 109.09571  121.63372
 105.070496 109.5851   129.80827   93.90796  109.79206   84.07701
  96.48482  108.17367  113.39969  119.92711  101.366516 112.58657
 107.55942  106.81637  118.56391   34.359318  83.506294  76.72623
  91.43591  130.26184   93.19531  104.02466   57.40561  103.72866
 144.13264  111.46056  104.49623  109.578575  94.76739  127.17158
 120.67911  118.15511  107.956726  75.423294 113.21572   98.30687
 108.81072  102.40774  107.2289    97.351456  90.361786 117.401344
  96.102325  88.06477  116.98455  114.40024  107.69515  109.33706
 110.27539  117.611855 108.94329  106.36042   94.52548  105.93065
 107.38391  117.11773   84.094    114.98131  109.38307   98.84465
  99.26327  125.43511  111.490715 120.16949   98.72116  109.83158
 110.175186 104.38719  114.83993   65.57481  115.41492  100.57877
 102.057236 105.13699  100.97144  114.49887  113.87458  121.463486
 108.077225  86.51263  111.85012   97.64227  113.90019  109.074585
 113.752266 110.20777  100.556244 107.37251   95.656204 111.55803
  99.5182   106.89412  122.113464 106.98698  117.285446  91.330666
  67.53423  110.33145  112.00124   94.71389  121.86144   37.404713
 124.48279  100.45304   67.15896  132.78027  107.60952  108.12443
  93.46971  118.20876   65.536354 112.45926   99.00712   94.97883
 110.11149  101.5476   102.82614  100.456116 127.71833  101.46195
 116.71527   99.60533  115.4199   110.04178  125.65719  106.512085
 112.65423  110.35054   91.40515   89.997246 124.23256  109.06032
 115.192024 118.01872   99.73843  106.94567   84.32355   98.7346
 101.35069  146.12161  102.68769   99.70255  119.206726  96.3597
  97.544754  33.905617  90.883286  89.8159   114.55895  104.41754
 103.40926   97.751335  96.22144   95.54709   86.88374  119.63647
 106.46115  101.751656 110.18033  111.502884 125.951164 118.50857
 124.03381  124.169014 109.00588  132.89949  114.570244 125.78302
 103.85276  101.35794   62.821095 113.115845 115.774086  80.59466
 107.12246  109.48387  122.75753   84.79337  100.34927   95.27211
 108.748436 102.01005  117.57381  103.47043   77.86229  113.60789
  97.12164  121.42193   56.796192 129.91371  126.20378  106.279594
 109.38185   81.23776   98.988525 128.50668  102.190186  85.06516
 118.84496   96.15937   99.515045 120.77268   88.29314   90.96498
  93.482475 123.87008   98.098045  99.019165  96.30467  111.138664
 113.0533   121.54854  129.02127  108.306755 106.52881  117.9576
  97.98565  107.56241  119.51993   87.57035  105.8683    97.37159
 109.50674   94.28128   89.68484  108.36467  107.36715  121.59817
  94.28935  128.62921  112.331924  63.711666 109.209496 122.20438
 113.19435  104.10166  117.26109  108.52001  103.62437  132.58145
 108.70261  125.25101  127.38683   99.687515  62.881542  84.711754
 134.24889  105.71807   91.3092    89.667465 114.43765   99.27039
 113.553734 112.94841   75.20051  107.64027  118.23358  105.12728
  96.348526 107.57649   95.37418  126.035866  97.76873  114.504005
 110.71118   55.564083 112.3346    97.6897    75.987236 127.518654
 105.54239  112.80259   83.148186  84.86153  116.30313  113.2431
 129.875     95.98188  117.75665  118.55718  107.861595  99.12757
  96.73412  102.91541   98.120865 105.75712  113.24165  102.25407
 115.20921  110.36337  119.88947  113.80832   85.51824  116.467545
 104.04301  108.45778  108.91566  109.82992  101.75587   96.14213
 124.75707   97.33433  115.405304 105.367035 113.43428  112.009735
  87.321625 106.395065 114.416    107.5241    87.58506  108.72733
  98.346054 101.50051  118.97027  105.41953  110.93136   84.23977
 111.07131  100.81215  103.5132   101.25033  111.72843  116.7674
 104.67532   99.57348  111.86052   95.785866  98.14397  109.166534
  76.16632   99.230576 110.82211  101.91175  123.44714   97.000046
  92.518265  48.212643 111.09919   92.25138   94.00847  113.035255
 124.72792  127.13667   95.991554  99.50856  121.488235  87.320786
  97.37763  108.670105  97.25753  108.558495  99.8647   113.70383
  96.82899  106.76084  110.7065   113.68774  116.24732   94.868225
 105.88912  108.97668  100.17785  102.65159  197.83022  113.21012
 111.66785  100.70123  108.54634  101.08026   96.75362  108.56177
  98.002045 115.52891  115.043205 121.17655  110.89406   99.3223
 134.55904  104.20895   99.600204 114.05176  116.41913  105.197205
  54.26029   57.94275  102.047676 121.78846  102.606735 105.023384
 136.55008  117.1301    87.33121  112.73871  102.797874 116.865425
 124.99385   88.62643  120.8523   104.781425 106.17682  101.679565
  93.66328  102.622635 106.57734  105.36719  140.9455    81.881195
 102.14252   97.54434   38.64723   96.28475  116.15026  121.28294
 110.186386  94.637955 125.83939  119.41008   83.250015 117.78853
 119.37338   90.240456 107.58271  113.93475  114.271416 104.84458
 108.74812  116.368416 110.71487  107.30925  122.69957   92.93169
 102.53497   77.21985  103.31265   98.85736  110.71099  109.516716
 115.301025 105.27889   89.44734   89.31115  114.040215 100.49078
 113.626144  78.73419   99.009056 109.3135    78.03644  112.027306
  96.78243  105.20024  105.93688  113.132935 102.36615  115.27182
 121.543686 104.084435  94.02831  114.0785    91.91869   95.15079
 113.14852   85.3935    86.69801  123.236206  88.34207   84.88683
  99.11206   94.292786  93.46286   76.17199  113.83303  116.25721
 101.76041   81.55072   62.139984 108.04463  112.07799  107.95169
 118.47475  120.07566  102.72672  110.69178   91.984505 111.33182
 112.390884  93.05634  111.387566 133.13362  117.011925 106.512596
 116.09023   93.1105    96.12805  105.9955   125.58503  121.48944
 106.17601  115.93183  103.44671  128.22406  106.8363    96.81701
 101.89887  105.6729    95.46814   89.58421  109.12713  107.24754
 107.334045 112.449715 101.54138  112.04609  116.052956  94.51891
 101.958916 117.401726 119.72986  103.814514  33.47479  119.961975
  96.39171  105.23644  105.49389  115.262146  98.85478  109.74492 ]",[4.1949883 4.9678626 5.7370396 ... 4.4385457 4.258871  3.542731 ],4.676128,0.5184382871536524,0.6220555267149995
10,3573,Transformation_Matrix_W,"[[ 0.463971   -0.05344824  0.05669563 ...  0.02253042  0.0387617
   0.06765221]
 [-0.04358117  0.47799528 -0.02696134 ...  0.06802627 -0.00919413
  -0.018821  ]
 [-0.02315608 -0.0166999   0.39920947 ...  0.00987327 -0.00960833
   0.01188519]
 ...
 [ 0.0837001  -0.12078395  0.03501432 ...  0.5814599  -0.03568548
   0.09003505]
 [-0.04321708  0.02418565 -0.07124514 ... -0.0188351   0.49987254
   0.00734037]
 [ 0.00925986 -0.04327634 -0.02066638 ... -0.01133608 -0.07370172
   0.54404414]]",,"[ 75.14278   75.72164   70.174446  66.39118   66.32305   78.41591
  76.499504  81.005005  56.95747   65.985756  62.748375  65.05275
  68.16475   67.40577   67.079636  57.716866  34.081688  84.42119
  64.45945   80.02719   59.65235   68.53889   74.68411   79.29609
  67.25039   78.29585   86.60226   70.09263   70.225334  65.64866
  35.270252  62.67219   79.3083    40.136578  79.86102   70.5036
  68.90377   83.17303   66.600586  65.71858   82.18714   80.806274
  70.70958   55.02257   73.56693   70.161095  75.12293   69.311325
  73.843     72.81956   48.577328  74.48118   66.57925   67.523384
  63.905716  75.872505  84.32642   61.542034  73.061966  75.330734
  77.43389   77.085915  63.647926  73.08528   70.77459   75.454544
  53.16438   67.02381   71.88467   59.511417  74.026276  85.28356
  72.56548   53.190872  62.85549   68.63833   84.42833   69.47431
  61.426678  74.31653   75.877     68.8941    68.11289   71.8766
  70.71927   57.503773  77.708145  70.95564   73.29905   58.653023
  63.523266  84.64594   62.19384   75.65512   68.8792    75.89422
  79.892136  88.87651   60.546528  66.568016  76.38119   74.21562
  57.97464   79.56847   68.47205   68.47703   77.87447   80.3379
  75.052216  66.606224  77.65861   72.538155  59.65819   72.106094
  76.64695   67.66858   94.22635   28.120037  75.15062   66.471405
  79.289055  81.23092   71.91419   80.203705  60.59663   65.03202
  70.11309   76.912     36.861794  77.79909   72.446075  63.96827
  74.31781   80.27712   75.161446  56.7931    65.32858   81.29604
  62.976658  72.41982   70.42193   63.879517  66.09123   63.209084
  65.99169   64.32469   66.51704   82.13344   70.12024   71.674995
  74.177414  75.13917   87.2017    70.93976   66.94148   72.30597
  71.380684  72.32331   73.52235   56.502567  66.72209   83.58684
  85.33482   65.44132   67.00462   66.95832   64.69291   40.67891
  85.297035  69.84024   81.029594  79.43264   87.43858   62.518787
  67.79726   61.077114  92.49049   74.77339   73.92978   76.79073
  71.21667   77.59702   66.51838   70.4389    66.61835   42.599323
  70.77332   75.29689   69.36324   70.764465  73.71705   65.653305
  70.71574   58.913715  85.01918   81.80277   62.62636   64.4351
  78.93828   75.627     69.661     73.019844  76.35905   69.39218
  58.60355   75.00388   68.80332   72.98417   88.67548   76.546906
  56.736557  81.75676   55.71255   76.20944   71.30931   71.02668
  52.981724  70.66539   71.38983   76.00809   67.55246   63.519737
  43.72869   59.43833   72.92265   82.027435  75.489944  82.45969
  75.06568   69.93598   85.355316  84.588585  53.23951   71.02767
  68.55583   73.54194   68.31851   70.5642    69.79579   83.87218
  67.82374   72.81614   82.20132   65.74542   71.84654   59.599957
  70.52844   67.48401   71.89414   79.31387   67.289604  80.22988
  74.14372   71.45339   76.09823   28.073086  58.287586  55.092045
  63.17463   92.11658   60.283215  70.29185   43.6898    65.584526
  86.800255  71.12125   74.40689   72.43227   65.31805   86.395874
  80.89052   77.724785  72.807625  51.348137  75.924034  68.90279
  79.58148   69.1109    76.24373   65.961716  64.42284   77.94573
  66.36067   63.577835  84.01951   77.82066   73.55537   74.201225
  71.492226  81.811745  72.31058   66.73199   63.70673   72.970184
  75.48383   77.11155   58.255978  74.28271   72.923355  72.130424
  67.04117   87.54206   68.974335  78.998436  63.580936  75.80258
  73.17199   71.91282   75.169044  48.353207  76.66373   68.93757
  69.605034  71.92259   65.5594    78.49884   74.16459   83.5419
  76.80749   57.746593  74.72978   66.332375  73.33526   74.34586
  76.271034  76.98344   66.398315  70.016365  65.03675   76.93846
  64.65076   73.061035  83.44532   69.9814    79.39008   63.801643
  49.635258  75.62949   77.45431   63.320652  78.83195   28.47892
  84.40378   72.804276  46.33916   80.531876  70.735245  71.98811
  65.06944   76.80687   47.989197  74.55629   69.94226   66.05164
  77.97023   64.463875  70.59695   68.67243   83.80044   69.342606
  77.76937   70.77385   74.65877   77.313034  85.22892   69.195915
  77.1844    73.59326   62.758595  62.9779    84.72943   70.102234
  69.95852   71.13924   68.914154  73.32325   59.887695  67.41116
  66.48184   95.044304  69.32989   67.868195  75.9631    59.826008
  67.99759   29.022444  63.074764  64.960464  74.50989   77.08427
  69.53288   63.189476  66.72021   70.648964  62.255665  79.84958
  70.257195  71.32455   74.93643   75.62805   86.71996   73.73641
  82.92796   85.16798   74.724815  94.42435   77.90767   84.85453
  72.70478   69.16147   45.795044  69.818855  78.481674  56.455486
  72.266975  74.68039   81.48091   64.52092   63.191727  66.30162
  69.87099   67.63001   80.36835   70.01829   56.332726  74.180534
  66.94492   85.74167   38.223274  84.83344   80.69203   73.38007
  72.99792   53.96847   68.027916  84.90997   66.22546   59.911842
  78.61757   61.6603    69.20218   85.87112   63.116356  67.176544
  63.247486  79.969894  68.67136   68.775505  66.15539   74.74157
  76.39434   79.76878   85.25359   71.22061   71.18811   80.46645
  66.115364  63.963493  79.95262   65.061905  71.05271   67.06523
  76.823586  62.666077  64.65163   74.16837   74.632324  83.204445
  65.847855  90.32092   79.613464  44.53215   70.27641   82.6757
  75.95958   69.268875  77.033936  76.61273   68.51697   84.33532
  73.557594  85.515724  84.651375  66.27019   48.81115   55.890015
  83.62754   70.678604  65.129265  64.68363   77.319305  69.69327
  80.05019   70.13991   53.087906  77.65449   73.48693   69.445274
  66.863686  72.31697   64.73342   87.78025   64.4438    81.6654
  70.75466   41.8204    78.78323   69.97094   53.569412  84.697876
  69.011055  76.581215  56.63965   55.709778  77.06091   73.01634
  86.73076   64.81026   80.91385   79.832954  69.80707   65.15122
  69.436806  71.97158   72.233025  73.69077   71.839165  72.149826
  85.41166   76.8188    80.69337   74.94486   67.13348   81.044586
  71.40544   69.538765  70.04016   76.91734   71.19799   66.922646
  86.36934   66.855515  72.71966   70.28005   78.04553   74.04583
  62.37413   68.5569    76.647354  67.1028    55.959145  76.31878
  68.93006   74.47875   81.81185   71.26003   72.49646   60.58642
  72.04041   69.67918   69.6207    72.033066  78.78799   73.930885
  73.444305  70.40976   70.29385   64.18972   67.82395   65.23351
  53.27494   63.728035  74.720375  71.4099    83.797874  66.79553
  61.257298  37.67872   78.71122   65.908134  62.760143  73.06967
  83.13933   80.25884   66.422874  65.745766  82.22627   57.240917
  70.74901   77.03761   70.110275  74.51381   70.3763    74.63181
  65.34862   70.07714   78.13305   76.20327   78.45975   61.218113
  74.02546   73.29392   68.94553   68.71883  155.89977   75.479095
  75.72439   67.12829   76.85307   69.23906   66.00552   69.0965
  65.65019   75.52044   78.57421   76.707794  72.502625  63.487846
  88.587616  65.48504   66.179245  80.108604  73.12767   70.99324
  40.246227  42.91596   66.32139   82.63594   68.30912   71.164825
  87.88346   77.917946  63.145702  75.498055  67.78656   76.13123
  83.09317   60.76349   73.14503   68.10209   67.01902   71.65996
  65.43359   69.69358   77.73196   73.9462    93.56311   59.108917
  71.3325    63.887127  28.946787  66.53814   80.5391    80.95411
  78.227974  65.90124   80.8586    84.35635   55.84835   78.78867
  80.5917    62.66825   72.04631   71.989296  76.41559   70.54845
  76.16646   78.21167   77.87981   71.106285  75.33842   60.187256
  69.35445   56.03832   69.81184   69.24532   75.451294  75.6824
  74.44688   72.40846   60.922127  61.296555  78.94931   72.64984
  74.21764   58.590717  64.31259   75.887     54.066742  78.85003
  66.705986  69.07026   71.192     74.54971   68.97593   76.16945
  81.94329   71.30301   67.32854   74.711876  63.084698  65.438446
  79.382416  62.50132   60.004406  80.99836   59.927277  59.78214
  71.81152   63.00312   61.074795  53.13462   76.668434  83.47575
  73.858505  54.196102  46.41787   70.63019   79.11643   69.83894
  74.8801    77.164764  74.09043   69.170166  60.77229   69.165596
  77.59874   61.227585  72.85926   89.167564  82.27449   72.019394
  79.051994  64.81565   64.90719   70.91457   82.13175   86.482796
  74.43804   75.24763   69.92068   83.16047   71.24877   64.839806
  73.55417   69.91257   67.48883   62.10006   76.98802   72.17806
  69.92659   80.56882   65.37179   73.67266   82.87895   67.78777
  68.37631   75.8404    79.18656   70.18188   26.345688  80.16614
  69.82418   75.82712   72.21332   80.0292    68.76273   73.20457 ]",[3.523405  3.464931  3.315235  ... 3.2314274 3.030131  3.6372414],3.8377295,0.6707304785894207,0.762352825744359
11,3573,Transformation_Matrix_W,"[[ 6.6811705e-01  3.7671364e-04 -1.1963299e-02 ...  1.8060286e-02
   5.5350862e-02  6.8167304e-03]
 [-2.4770770e-02  6.0662031e-01  2.1199085e-02 ...  4.6682440e-02
  -3.0305881e-02 -3.1990107e-02]
 [ 5.8554630e-03 -4.6551671e-02  5.3869975e-01 ... -9.3731649e-02
  -1.5310395e-02 -3.4743003e-03]
 ...
 [ 2.4326514e-02 -7.5284648e-03  1.8619882e-02 ...  6.9953167e-01
   3.5254531e-02 -5.8974467e-02]
 [-1.6435918e-03  4.7512647e-02 -1.0614957e-02 ...  3.1618699e-02
   6.3407761e-01  2.3974148e-05]
 [ 1.2627597e-02 -3.4396222e-03  1.1901320e-03 ...  7.3777013e-02
  -5.4444943e-02  6.5049052e-01]]",,"[ 57.02441   60.526783  54.71785   53.983105  54.40079   60.650093
  61.642822  63.492374  46.61816   48.74432   46.556767  52.23043
  53.93451   55.808407  52.835663  46.515476  28.209023  67.13342
  49.980793  61.068195  46.2809    52.59606   54.713066  61.689983
  50.366398  59.454266  64.76193   55.158585  54.72735   52.972683
  31.162039  48.77719   60.8252    32.348705  64.01684   55.96666
  54.36287   65.059525  55.26329   52.39077   63.33751   60.385094
  55.812965  43.925133  57.367752  54.502766  58.95981   54.69803
  55.371838  55.513466  40.56329   60.947147  50.845066  52.286644
  49.704464  57.700455  65.62956   48.55597   57.727207  55.194508
  62.866833  56.993313  48.04247   58.533604  54.24297   55.115852
  39.91973   54.85355   55.581573  46.31319   57.866127  67.98271
  54.576168  45.48413   48.071552  53.585236  64.329994  58.05243
  49.290802  61.38176   59.871536  52.13457   51.406265  55.47568
  53.52977   46.119144  60.698082  59.47803   57.696423  46.96874
  49.339554  63.350704  49.607826  61.135437  55.433815  58.01359
  59.09861   70.694     48.277256  50.423683  60.342766  59.286327
  46.324158  60.849827  53.613464  50.35698   63.6047    62.93849
  57.66097   51.81297   58.602627  55.03234   45.809628  53.385197
  59.342903  51.901623  69.01198   26.708439  57.146465  54.9349
  66.16729   61.62331   54.47259   62.524975  46.2068    53.094433
  56.28498   62.207535  31.751015  58.221027  59.04918   50.687557
  56.69284   62.312256  57.876373  43.70277   50.157623  60.99013
  48.734024  55.229084  53.428303  52.02099   54.156128  49.182262
  48.386227  53.914265  52.127285  63.500824  53.64183   54.041477
  58.830357  54.353687  62.21446   52.84391   52.689636  57.134407
  57.232353  57.32294   60.987144  47.835155  53.107845  66.23374
  65.40674   48.60495   51.767506  51.58035   49.54106   34.30758
  62.242992  54.082375  62.1831    64.38623   66.492226  51.93693
  52.19453   47.121647  68.679756  57.22388   59.869667  58.787373
  56.93169   58.227882  51.932316  54.28079   51.489403  34.393894
  54.112747  60.600838  55.52952   55.116653  58.058987  54.17033
  57.473293  46.47989   64.173775  66.520546  50.65108   49.31964
  61.475334  61.37531   53.29135   59.609035  60.594902  56.2693
  46.540173  57.270237  56.04995   55.253883  68.490906  57.643517
  45.452568  63.695347  43.168133  54.701683  52.18365   51.199005
  43.243015  51.82988   57.051826  56.81789   53.99183   52.269844
  36.160767  48.158554  58.632984  64.48739   55.340096  62.946175
  58.453674  51.717697  62.10378   66.60848   42.337055  55.325165
  55.27669   56.957623  53.013416  56.2866    54.294033  65.6955
  54.755775  57.659378  63.913975  47.76523   53.225403  48.368443
  53.605022  53.158913  57.19317   58.078762  54.496952  59.964535
  58.196274  56.645416  60.15058   25.420506  46.596573  42.859207
  48.717796  65.20924   49.15172   53.027557  38.598312  52.70199
  68.094986  55.377045  56.627914  56.747425  52.681408  67.866745
  62.451805  58.700787  55.225235  40.24282   55.48822   54.69707
  61.57199   52.907448  60.412003  51.800926  49.262245  58.629257
  52.023922  48.35277   64.7812    58.10711   54.59814   59.027817
  55.08085   62.658054  55.1113    54.49298   50.243847  54.969955
  56.024628  60.464584  46.177956  55.27456   54.813118  56.430126
  51.38609   67.312294  56.712063  58.211315  51.250095  58.07772
  58.13764   53.71878   57.16348   39.106853  58.126846  53.10079
  55.866814  53.040478  53.301983  59.56644   61.672016  64.57787
  62.038982  48.185104  55.25891   52.813496  58.665382  56.32859
  56.266235  61.68933   52.100986  56.26839   48.95475   57.423275
  52.521152  56.34184   66.06722   56.388683  59.973347  48.884445
  42.057625  61.002544  64.23298   52.129032  60.424057  25.337639
  63.431385  56.16512   38.91952   65.55883   56.653965  59.69602
  50.473503  62.533222  41.74845   56.80156   55.998844  48.39212
  57.9394    52.360943  55.55839   56.000317  61.3677    55.39516
  60.46305   55.570576  58.41676   58.521072  65.29683   56.862213
  55.269825  55.217648  49.07956   50.93763   67.05272   51.245155
  56.26239   55.06176   56.784676  57.102993  49.345592  51.993305
  54.156704  71.14209   54.852676  53.372185  59.686066  49.77904
  54.64553   27.92785   51.07732   49.69975   60.533012  55.625607
  53.385723  51.40637   52.895863  53.684696  47.83988   60.28815
  57.200752  56.439857  60.61615   59.98805   64.31605   58.39465
  65.38873   65.95355   59.67769   71.37688   61.55034   65.77954
  53.906235  55.434097  36.46878   53.789852  60.74784   46.401917
  55.580246  55.93473   62.524998  46.747814  50.60185   53.371193
  56.104683  51.887196  60.2397    54.164246  44.142544  59.951324
  51.937424  68.14584   32.922966  68.36391   61.82805   55.007248
  59.1359    44.630226  53.037758  65.45381   51.78272   44.471844
  61.995632  50.070927  53.084892  61.02193   48.209915  50.6132
  52.8971    62.503452  52.73305   51.983505  53.515095  55.78023
  58.18463   60.598507  64.45561   56.31095   53.48261   64.36149
  49.664375  53.191147  61.407803  52.388996  56.94799   52.17006
  59.431435  48.722267  49.999138  59.083565  57.34745   64.00656
  51.010815  65.16174   63.13908   36.60546   55.32847   64.1372
  62.09993   52.763165  59.315548  56.19161   56.924885  69.87851
  57.241375  64.03571   63.80915   51.980415  39.105545  45.833057
  65.79839   56.53635   51.387066  49.478348  61.77444   56.73191
  61.930565  57.671284  43.21596   56.863525  57.374523  53.572407
  53.681385  59.189175  47.311718  67.84954   52.743736  64.330124
  55.079144  32.115505  56.058495  55.7244    41.47747   64.44888
  53.80289   59.629272  45.850353  43.532486  59.59409   59.226284
  64.40332   51.2162    62.525063  61.253407  58.61243   52.062393
  56.918648  56.530083  55.96486   54.552727  57.762573  55.40108
  64.68288   58.377922  62.877056  58.914356  50.54861   60.626682
  57.066647  56.6435    57.52331   57.846672  56.08197   52.205692
  67.61809   51.166954  56.79268   56.712807  63.098473  59.66139
  49.145023  54.91921   59.341873  53.182335  45.646538  56.37295
  55.860233  56.566593  62.683617  55.266655  57.883762  47.238605
  56.786743  55.745632  54.605515  56.86325   61.120876  54.86568
  56.25976   57.098442  54.266617  51.06216   52.13533   52.498863
  46.15523   51.453163  58.34853   54.957977  64.17665   52.56655
  48.826046  33.925602  60.087395  54.52459   50.267986  57.249012
  65.28504   60.73372   50.285767  51.837093  61.205357  42.463825
  55.623127  58.241547  52.22514   61.695152  54.815063  59.06898
  52.128338  52.3109    57.9596    60.839214  61.903522  48.03284
  54.858646  57.513702  52.55478   56.79563  130.65407   58.89388
  58.260864  52.251995  58.526188  54.893234  55.0277    56.662926
  49.34937   57.26979   60.478664  61.99256   54.32442   51.37279
  67.89924   52.95742   53.208347  62.655296  57.37217   56.105488
  34.954     37.862125  53.064617  62.980896  53.605423  55.70978
  70.64029   56.730305  48.19663   59.52566   53.447903  59.552776
  63.950024  49.19333   59.50412   52.485653  50.525024  56.084297
  51.2498    56.725525  58.19816   59.2259    69.57832   47.013073
  56.645256  50.763092  23.99966   49.747326  63.282383  62.425102
  58.394108  55.265415  60.004314  61.12678   44.06019   62.196686
  66.10208   49.25933   57.984806  58.188152  61.51265   53.02488
  59.59115   59.800312  60.14627   57.544758  61.091537  49.323742
  55.54902   45.780457  54.259937  52.89896   58.674763  57.52903
  61.69081   58.250397  49.981445  47.72683   61.15419   52.557816
  58.51901   44.980553  51.19893   55.94064   44.23919   57.556816
  55.081673  53.794666  54.98225   58.186985  54.159267  58.742615
  61.910275  53.7252    51.556797  58.102917  49.859383  52.428883
  62.076775  46.559025  47.55738   61.19657   47.5176    46.99906
  56.161304  48.24745   46.69966   40.82608   61.75541   63.336246
  57.409977  45.565273  39.17206   55.136757  60.943626  57.947178
  60.730125  65.39262   53.09372   51.96905   47.20766   56.74622
  59.292053  50.34987   55.0658    68.97784   61.454243  54.901993
  60.49344   52.34806   50.228905  55.46748   68.35541   65.94965
  60.41358   57.820236  55.77486   62.883152  58.444897  50.562405
  59.12511   54.9947    52.619865  50.576984  56.365532  58.65966
  55.291016  62.23313   53.494522  56.724686  62.0321    53.06772
  54.86122   57.79975   61.64368   55.843994  22.630955  62.158207
  53.6546    61.48447   57.491703  66.05265   51.57057   56.009068]",[3.2809715 2.822385  2.7857842 ... 2.7236528 2.7919712 3.1022663],3.3832178,0.7106801007556675,0.822764574331486
