,Train_Data_Size,Transformation,W,b,Residual,Residual_Norm_All,Residual_Norm_Mean,Accuracy,Co_Sim_CLS
0,7940,Transformation_Matrix_W,"[[  3.09026    -10.20541     -1.9755678  ...  -8.287925   -10.04904
   -7.7298303 ]
 [  3.2687042   12.195994    -1.0976429  ...   7.1941905    4.5504546
   -7.664512  ]
 [ 11.618775     6.7163205   -0.5250537  ...  14.374254    -3.9000392
   -4.173447  ]
 ...
 [  1.1544632   13.966749    -3.0337899  ...  12.398703    -0.97677934
    7.151059  ]
 [  6.37673    -16.90044     -8.848972   ... -18.534327    -7.431703
   14.381406  ]
 [  9.023985     5.2139683   -3.4835038  ...   8.25371     10.529096
    1.0149437 ]]",,"[491.40265 471.0765  414.71884 401.79803 407.9566  501.546   491.2572
 510.90356 367.39502 405.80634 371.2589  465.7216  459.1701  473.00558
 416.34494 427.42615 237.43968 542.27136 378.42563 507.41138 360.38416
 403.07877 443.06094 575.62524 385.6383  427.65463 613.2276  418.52927
 427.2902  380.88522 252.6325  392.69763 499.14713 271.2105  474.32025
 434.01773 424.64792 511.34396 396.81754 413.7253  521.7746  469.0127
 484.78143 350.01294 439.71756 463.16495 523.53644 466.8493  467.13187
 443.40048 331.2408  513.91754 401.0825  436.90482 413.48108 464.1749
 543.2104  449.55576 408.6777  458.96368 522.2607  565.2801  383.02203
 478.86075 444.5876  460.93207 375.21262 375.3891  421.43396 365.01196
 515.98914 506.25858 424.0445  341.88882 368.295   421.52414 548.6073
 459.3965  396.7666  555.6866  438.90344 554.1614  383.291   515.43787
 403.48666 323.72037 546.45874 467.50876 494.92282 379.33453 382.98083
 524.4043  374.4645  478.08008 463.55762 482.42343 502.47873 571.5276
 411.01913 402.0945  484.20685 457.47873 360.5866  521.14685 414.56033
 397.9768  527.95105 549.4085  446.32504 379.88635 510.22482 438.9562
 380.59064 421.71194 491.89526 401.35617 588.4905  235.08286 463.98593
 431.9393  548.79834 478.992   414.54755 510.9918  396.91672 388.61417
 398.9312  477.97327 239.42302 431.294   440.31113 419.38644 488.1274
 481.37863 453.112   362.30722 388.5959  467.10696 390.80408 412.31052
 409.43597 351.5719  455.43033 380.75732 399.56393 486.58102 444.81235
 547.0075  441.60724 434.9772  507.26935 475.9773  516.5653  455.11444
 490.09064 390.44763 478.76917 467.9337  518.6584  489.912   416.20258
 555.51685 542.1882  422.3303  375.71863 380.81122 416.27667 368.80887
 533.9003  481.9114  456.49402 538.96893 559.49603 513.84784 401.44073
 400.98962 571.32684 433.6134  443.0001  494.53592 383.35104 451.29782
 407.90247 458.11758 382.69266 254.50377 494.36206 501.1487  478.55154
 477.32227 425.5531  419.95557 442.70816 371.21988 578.7009  585.4777
 401.11755 384.5916  512.7527  476.36053 427.0401  581.21545 484.39474
 479.7701  341.16837 456.56995 454.34927 445.31506 593.00653 450.7365
 332.70364 479.76096 371.3252  459.92343 409.17435 456.0282  363.58905
 381.93982 453.44394 448.7231  443.08212 369.20682 246.7293  340.41354
 493.5338  514.59125 449.37103 562.3859  503.18268 430.2288  492.0413
 561.9213  366.57562 442.5878  381.40295 481.64603 419.48233 438.40952
 477.79507 549.1879  473.86935 472.20532 549.8478  394.45712 458.71393
 360.57004 433.65167 459.2223  452.8829  478.87387 419.1134  505.1107
 454.41156 452.71735 469.82553 275.57422 365.21194 425.4553  406.39404
 503.4449  397.65735 422.5152  551.1492  434.05386 579.6403  456.52545
 452.68097 467.46524 392.1953  531.58795 542.9374  539.15497 468.49524
 329.4085  451.5423  385.2303  457.39825 402.82706 472.19495 372.5883
 407.91223 506.98602 416.01245 392.8276  519.0014  472.73767 421.47028
 498.85593 468.5537  519.26624 449.63113 446.10757 421.46915 465.38214
 441.47812 517.1447  317.65933 476.7163  453.057   419.02908 414.97858
 653.1054  508.20166 490.51025 408.59857 476.67303 487.12085 434.58627
 575.46094 360.3293  509.05487 460.54028 431.96445 448.48135 390.41412
 441.6665  435.17813 488.1038  452.15674 349.96753 431.0054  477.24002
 470.6033  448.56552 449.5806  510.21484 412.98505 419.2438  399.25314
 498.51392 398.38745 435.23663 534.91876 424.65015 446.39316 389.00983
 435.9938  464.6078  490.17465 413.43384 514.53204 197.0229  509.1933
 475.89633 471.92908 597.9697  454.61038 421.87097 404.69104 507.56274
 468.03668 415.86087 398.6425  369.1561  454.5132  406.19138 490.39282
 451.49228 471.079   504.6703  439.25317 442.5301  471.2723  472.44818
 568.5857  466.16806 450.26938 473.17413 379.24948 360.05914 551.9057
 474.32413 548.07684 471.34735 398.4022  441.78265 430.47354 427.03055
 485.56772 645.9368  464.2175  405.47342 480.1615  436.28915 410.83572
 198.07191 371.01407 439.00974 512.8276  447.99423 489.3674  397.0305
 472.92233 414.65347 354.34113 475.40326 472.05063 450.88467 480.73047
 456.18622 538.3848  489.24976 558.1628  502.09036 487.94287 609.4674
 465.471   510.81055 428.86423 392.4478  340.0346  433.26678 533.3128
 353.48184 432.96545 457.22552 571.3404  391.69104 454.5184  414.15607
 461.6215  461.70175 482.08716 461.78088 430.96167 499.26257 425.90897
 501.63235 277.7701  545.22186 499.49396 429.01764 452.0087  425.0569
 419.34833 533.00964 405.62964 329.97882 439.1771  381.10733 400.4382
 536.12396 395.57568 372.2586  377.45343 555.62585 415.80264 416.8588
 464.70712 419.87848 455.66284 550.77795 519.9527  432.94186 549.77203
 504.85007 434.31885 473.00134 497.9057  374.14325 444.66394 409.05118
 456.84082 435.38837 340.04837 477.85898 472.94946 549.6271  383.70065
 594.12836 527.5366  326.44156 470.38965 487.70068 509.39798 381.85654
 479.21558 430.6191  476.41907 557.3536  471.8426  528.4577  508.42917
 421.76917 534.1042  432.20325 542.39374 444.22128 398.3143  454.04636
 515.71313 507.50195 517.0346  444.8908  394.24228 418.3695  525.0556
 399.52957 433.72867 439.0028  385.8813  462.2671  424.3766  484.91745
 455.74536 266.83688 474.5929  447.56717 380.7239  496.26407 425.14822
 490.47034 372.0047  341.5489  525.27576 502.5071  593.5717  401.16287
 496.61884 458.80615 533.60547 449.0118  449.30347 424.62405 405.8841
 459.11472 473.87827 471.77374 520.51    448.70074 484.15277 453.3436
 355.27982 491.84445 402.85114 464.40292 475.39935 455.6522  418.8972
 403.04752 578.43005 458.66748 449.03088 439.43326 546.2753  496.65475
 426.3639  412.60345 478.78775 419.03253 336.98337 444.1149  387.91205
 439.88217 452.2041  455.12384 460.56265 358.17844 463.37363 467.77744
 438.71057 424.82166 475.07352 466.85495 466.8506  454.54227 456.1623
 475.51346 406.71432 455.52258 428.65762 410.41037 453.0874  427.59402
 499.40802 423.84583 383.92175 443.54837 494.68832 454.47876 425.70132
 485.05396 563.64905 488.41922 446.51312 458.40955 491.45053 360.25037
 394.8291  455.1124  386.80603 488.78085 420.1136  451.25797 471.29123
 431.17715 464.84232 455.6631  505.76508 412.35474 468.793   447.94687
 453.02078 410.57184 680.52856 477.50955 529.7113  431.00488 457.8669
 392.8625  452.21732 465.9223  413.9434  527.6456  502.73822 500.18567
 461.13516 384.77853 588.9658  436.7324  391.2009  487.2343  458.43774
 457.4781  534.05023 358.61365 423.28842 496.64386 407.2512  417.46893
 558.3993  501.58246 374.23734 520.5423  467.5588  538.2257  539.1227
 378.68918 481.55328 443.2411  462.52414 465.51932 420.07748 439.84296
 449.71863 441.52155 617.123   351.6901  419.45938 373.75912 187.86948
 429.48334 537.35376 508.41357 474.0685  402.2113  557.36566 508.48367
 345.98355 495.7342  503.89655 393.3625  470.9637  444.62906 534.7186
 423.0168  485.45294 467.8335  473.32336 445.3309  522.7677  375.8794
 446.9083  427.5063  411.60037 386.72757 472.4714  484.5403  530.52216
 411.08725 415.5191  344.66296 513.07227 438.4683  437.3776  317.29544
 431.6018  423.30457 319.66098 451.38602 452.96677 410.86795 450.28604
 472.87704 437.76654 447.82584 512.47656 450.45654 382.93396 439.44934
 371.9121  381.049   499.31406 370.62958 378.61627 484.75256 381.4257
 378.78336 391.56967 385.3503  373.75644 316.75327 527.8807  467.35098
 425.28943 325.5401  490.29907 461.0282  488.11752 476.36072 504.87073
 486.94604 396.0513  470.51422 364.50302 489.28735 441.8573  384.5588
 459.8832  519.4092  487.11987 480.60696 441.7427  408.508   394.7494
 496.67062 563.8495  499.56403 481.4552  502.9834  446.53857 498.80966
 461.3486  390.63824 437.19208 478.717   399.04852 402.76938 462.62244
 458.0745  455.09018 428.36295 585.184   506.8151  453.8259  406.97623
 421.8582  498.5739  541.4575  446.99042 195.01878 516.4027  378.31125
 472.43518 406.91156 534.9166  465.82053 426.8741 ]",[5.944934  7.6612988 6.035679  ... 6.663585  6.746994  7.252292 ],6.528522,0.04,0.22109931407921568
1,7940,Transformation_Matrix_W,"[[ -3.1712189   -1.1696234   -8.735314   ...  -0.90267247   7.1189804
    0.7095997 ]
 [ -6.9095016   -0.5273663   -0.6620238  ...  -4.1575775    6.5640364
   -1.1828197 ]
 [  4.1832943   -8.798056     0.25900578 ...  -3.6007004   -5.928746
   -1.904596  ]
 ...
 [  1.1485363   -2.5229912    6.0730824  ...   1.394518     3.5911272
    2.3090162 ]
 [  3.437689     1.0962081  -14.706389   ...  -4.46664      1.4162501
    4.930936  ]
 [  3.8768713   -3.1477168    4.9463167  ...   2.059651    -1.8896234
   -4.0663476 ]]",,"[481.70386 461.91104 389.63516 395.4018  404.16003 485.41452 475.956
 503.11014 357.16107 397.8334  371.2998  439.4629  445.26492 449.36136
 412.68344 416.2479  222.5665  529.4131  365.11127 488.20602 352.10416
 390.67484 433.89066 559.29663 380.5157  415.66373 595.48865 413.9385
 415.10614 372.4867  234.81645 381.12576 486.42233 243.03238 461.7983
 420.86594 415.65405 503.13593 391.87906 407.68887 508.76337 461.7431
 471.45514 335.1896  433.7525  445.6353  504.11237 453.5887  453.77994
 430.7627  322.96765 504.11163 392.65424 418.84067 391.4185  454.096
 530.3938  432.76505 403.7074  454.71893 502.4583  552.40106 376.3994
 463.162   436.81393 453.09586 341.9271  368.35022 407.74567 358.1972
 501.4089  494.83826 415.80347 329.0753  361.28882 412.42007 538.08136
 450.4526  387.29642 542.58844 431.735   518.6965  370.0278  501.90054
 391.39536 318.7884  533.37366 458.0102  485.80316 372.62808 374.62186
 510.19598 370.3699  466.59586 453.9191  471.09158 486.83398 566.87103
 394.97592 387.0442  463.74393 454.97437 351.02222 498.7818  397.34262
 386.84357 518.8023  538.7541  442.14188 372.04028 498.449   425.79367
 362.97464 408.08652 464.23468 389.67368 578.7429  178.79543 439.09576
 427.76147 537.2304  468.68985 406.56543 497.454   385.38898 372.75406
 381.267   464.51035 225.93816 424.08804 431.04    397.5419  473.6737
 471.80225 435.38593 337.9043  382.42862 457.69653 378.41046 409.9761
 397.38428 345.84204 444.3872  367.85266 388.3167  467.6268  430.12183
 524.8     429.1228  420.9214  496.6302  465.36435 497.83374 439.7724
 471.6212  380.43    459.9084  457.05948 508.4261  465.90903 398.78214
 541.35675 525.91394 415.48938 368.31284 372.44492 409.02478 335.06116
 519.55115 472.7789  448.4882  517.1765  532.2538  477.1621  390.03433
 387.0029  551.6979  430.11533 435.10947 486.33167 372.77362 446.8194
 401.41922 448.0952  379.8206  246.48164 483.4785  490.52527 461.01138
 461.11517 416.10352 407.70914 429.6101  362.9595  564.09033 567.3728
 390.17804 347.44946 501.3262  464.3956  413.51266 567.59735 466.82422
 473.19394 333.11972 447.02573 439.17084 439.70557 580.0512  441.4441
 320.88705 467.49026 347.89227 447.12936 398.49393 446.7236  338.2459
 376.20938 442.14456 441.64478 429.13052 362.76514 238.72285 334.693
 469.60968 499.32642 433.04202 541.6341  492.403   424.1129  488.2026
 548.31036 354.8716  431.56793 371.9543  463.39365 404.62222 428.5038
 464.4094  534.53314 453.35522 457.14615 537.3657  381.52798 445.01312
 353.59296 424.90237 448.56052 442.12918 473.6523  408.19955 493.3822
 445.88647 433.14786 458.48578 234.44917 354.2619  381.9622  392.40503
 495.74774 389.31317 417.5594  501.48016 425.95782 560.66846 449.66696
 438.4031  461.83908 382.94614 519.5973  529.8004  520.757   458.39932
 318.74197 443.04523 367.45877 446.05383 392.54553 462.4457  362.37402
 394.76883 492.89987 404.39035 377.41104 502.699   461.4443  410.58966
 489.56757 462.2316  506.8794  440.83435 435.555   411.296   449.5646
 434.69925 491.84717 311.82135 454.8936  441.0815  401.40286 397.40018
 628.485   490.49283 478.47046 400.50323 466.20706 475.28415 421.18103
 549.66583 334.80658 497.95547 443.89554 419.41003 436.2861  385.46515
 436.22733 427.73615 480.91116 447.09555 342.2263  425.33557 462.408
 460.41766 433.36526 435.97147 494.98117 399.9782  409.31805 393.07755
 475.42093 396.47086 429.44504 526.73425 410.36258 439.63925 379.02676
 406.78827 456.37555 476.20605 394.20392 506.88986 185.70682 491.32596
 468.8137  422.94293 587.62616 446.68256 413.67426 392.17337 487.5246
 441.28775 404.69504 391.95953 359.5112  447.0479  401.13397 476.1119
 434.86816 461.55707 483.0376  427.615   435.2738  461.04706 464.45294
 549.83514 449.9949  436.9153  469.4144  371.65244 347.9452  542.96826
 460.57962 536.10535 453.41495 390.0208  421.94067 422.13983 414.86993
 462.4146  635.5964  438.4274  394.33517 466.24243 431.06793 400.7443
 173.85585 368.88455 428.1721  485.13193 433.62927 468.83765 389.53455
 457.4896  402.5185  347.57648 461.5831  456.8293  439.26938 460.60638
 450.81213 519.6207  484.58386 538.3313  495.44824 478.84006 574.43195
 451.9569  492.8466  416.322   381.4886  327.06854 432.535   520.5899
 348.25485 422.1255  452.20007 545.5627  375.51813 440.6857  405.33167
 452.29044 441.71945 467.56485 449.1685  409.9413  487.53577 414.621
 496.1897  267.20413 532.4114  484.03717 413.1675  434.73572 400.60605
 413.0068  524.1811  402.54825 322.08868 433.58792 369.01505 392.51273
 521.5659  380.7858  362.6932  365.56027 537.4058  401.06958 407.60446
 448.2213  405.48184 448.49738 530.4136  501.26144 419.87253 518.11224
 486.25732 425.08984 461.03644 487.75632 367.6886  423.4486  401.35376
 447.10745 421.41397 333.68842 470.51248 457.10492 529.671   373.5656
 578.4705  515.7514  296.56058 460.03305 464.77435 491.86404 375.30826
 463.83072 415.02753 468.9789  540.6638  454.45715 522.36475 496.4096
 414.70276 460.80917 425.9112  529.73267 425.8566  384.4984  426.9547
 502.58746 481.0363  497.4922  432.32202 371.96783 406.96143 503.29456
 387.54803 416.36612 434.3885  375.14822 453.9673  417.6069  467.79175
 441.91397 240.3471  467.6443  433.2897  362.84186 482.17352 418.00946
 483.73367 364.07962 334.4257  505.98694 485.859   578.65344 390.30765
 481.06104 446.64984 522.37445 438.27362 436.20135 419.20364 396.68292
 442.83716 466.6448  462.14212 504.30615 437.5136  476.84268 446.84055
 350.76505 472.25046 392.65598 454.44748 461.21426 441.526   412.09735
 396.91055 569.25366 445.66922 445.5483  435.8325  536.89    486.97177
 414.29846 403.22296 466.34415 408.33185 326.5981  426.68204 381.21545
 437.7084  437.00336 437.7143  443.2327  343.143   457.23395 452.7814
 420.61255 415.413   469.41284 460.64868 447.76743 441.1783  448.64157
 446.75055 402.9723  440.9217  405.29196 402.53955 440.7833  418.83167
 492.1437  409.16772 373.06262 370.91684 478.44095 435.80893 413.25894
 475.87115 545.5483  475.0793  431.06787 450.04562 476.67792 345.0652
 387.36136 437.71387 377.79654 470.7801  412.90268 446.55923 451.44965
 418.38193 457.96118 437.46817 490.44223 400.6206  439.9608  432.84924
 427.7186  404.8119  666.64557 470.23334 508.31317 419.26996 442.13586
 382.6659  433.1587  453.45993 399.37585 516.44354 497.7474  484.5909
 445.6627  372.41623 566.2043  428.74448 380.51834 469.8641  448.78265
 441.2643  450.75647 324.00592 418.21585 487.78033 400.7187  408.4231
 552.08356 488.89642 370.1004  510.00284 455.42865 526.83575 523.6471
 367.0708  471.70734 431.36227 446.42953 460.20917 395.41928 434.94608
 437.4652  432.7589  597.2641  334.88998 406.85297 369.58228 176.03033
 417.76645 524.96    492.70145 466.21243 393.99493 542.20416 491.79724
 336.8716  481.4821  481.81274 381.98288 462.81592 432.77902 520.06354
 406.79422 466.93228 453.87756 458.46408 430.88098 505.50275 369.6231
 426.9925  389.5947  408.72888 372.8464  454.31915 477.41574 518.2915
 400.56982 400.76938 333.25055 494.1753  432.66345 431.21854 310.59552
 419.35287 409.73254 318.91843 445.24005 443.8956  397.39804 443.56168
 454.4676  434.98016 442.68338 497.1188  441.8772  368.2037  429.67258
 366.8217  369.45642 494.1727  360.53668 362.7439  467.60788 372.70294
 368.81418 383.38455 377.96295 364.73196 302.24905 496.6327  459.49655
 415.5191  316.8788  432.40207 451.7673  473.8797  468.7282  494.70715
 474.82718 390.00385 459.02457 353.11896 477.87436 435.18054 377.44986
 443.35458 515.8669  472.73172 463.844   429.91788 397.88568 386.05228
 475.8038  546.52264 491.68958 464.6491  476.37106 439.31076 487.45987
 438.08594 386.57248 421.36856 460.3423  390.269   391.12097 450.8504
 445.61023 446.95807 420.83517 547.6067  495.90497 449.09808 392.10938
 415.3438  494.97873 527.18317 437.87973 181.48595 508.11548 371.4135
 453.48495 394.18555 517.9724  452.0712  418.39508]",[6.0212054 7.570021  5.870791  ... 6.580388  7.1126533 7.213749 ],6.432895,0.06292191435768262,0.26881380762509594
2,7940,Transformation_Matrix_W,"[[ 0.39760685 -6.3532114   0.08707743 ...  3.6197052   0.37400597
  -2.3753324 ]
 [-1.887109   -2.4314144   2.815339   ...  6.705057   -0.60135114
   1.2493683 ]
 [ 0.41441607  1.5436937   0.7631821  ... -6.7938166  -1.0439438
  -2.6072638 ]
 ...
 [ 2.8652072   1.713699    2.286667   ... -1.5553725   1.1123037
   5.161269  ]
 [-2.3232505  -0.25510725  0.286532   ... -4.898898    2.1070037
  -2.860808  ]
 [-5.880716    0.06112776 -4.7402873  ... -3.55007     4.1899405
  -1.1969389 ]]",,"[466.7767  453.10422 378.92157 381.62085 395.1036  464.95578 461.9789
 489.83063 344.56903 387.55762 360.51712 413.4167  435.58743 422.0808
 398.54706 396.7752  207.34303 503.2939  349.80994 475.77502 342.6596
 379.666   420.24432 540.69293 375.5904  410.34555 583.29956 399.52972
 402.25067 364.51285 217.98842 369.82315 477.61185 231.5245  453.33087
 409.46414 401.1471  487.61853 382.55066 399.37842 489.38138 453.59167
 456.444   323.37408 422.8118  438.3969  490.70312 429.35345 445.21643
 418.4426  313.41022 491.07755 383.44992 411.9783  373.38797 442.36728
 509.26816 417.99258 398.1076  445.7502  488.35504 537.60583 369.7278
 440.70276 425.75406 438.80536 319.01596 356.856   394.741   344.81482
 473.3713  478.2977  404.62686 315.02567 351.732   397.48615 530.14935
 433.43658 372.58713 524.1568  417.26224 488.96942 362.4146  488.9606
 376.07648 312.08713 522.20013 444.214   471.62527 363.43658 367.85806
 503.49615 362.45773 455.23477 438.25897 453.7811  475.50946 547.8165
 383.44983 376.6807  445.70892 445.04623 336.82205 485.4126  385.92538
 373.52673 497.49954 524.5794  422.8324  361.79413 476.47903 417.54236
 353.78903 395.29083 452.0471  382.61752 570.9854  154.61061 428.03412
 414.7176  525.86127 459.11014 397.9307  476.67795 368.6585  361.71692
 373.01538 460.13867 209.91998 417.58154 416.74142 382.24414 462.46674
 458.66605 426.4608  324.98422 372.34106 452.8494  362.87598 398.6631
 384.02084 336.32803 429.8701  358.0135  381.43945 451.36908 420.62296
 515.0144  418.96283 412.88785 473.33917 452.09662 485.49036 424.4596
 445.94983 372.20236 441.70834 445.67505 494.61133 452.06705 389.4387
 532.3126  515.39026 395.03873 362.25037 363.42487 396.20993 306.36542
 507.79092 452.55704 435.168   492.94574 523.5878  447.25137 375.60324
 371.4882  538.46136 416.98013 427.1721  473.26166 363.89703 434.29184
 391.115   428.8168  369.6528  236.46506 470.9083  475.6055  445.37793
 444.94943 407.78485 396.05222 413.75375 348.83005 547.6643  545.35803
 374.03442 333.94754 486.3724  451.58307 400.9143  553.72235 455.94415
 461.8345  323.81226 429.78265 427.41486 432.39496 560.32227 430.20935
 308.05945 455.1678  328.54123 437.46597 388.99197 435.66522 325.14645
 368.0136  426.95053 435.59833 415.64877 355.70557 226.76588 324.68173
 454.19165 487.93945 427.3536  532.9687  478.65353 408.3795  476.09525
 532.14636 343.89618 422.55283 365.9402  451.80643 387.48502 416.74475
 446.81943 520.85095 442.09415 449.63373 524.7144  374.13852 429.98865
 340.98267 407.98795 430.23654 433.38202 462.3577  404.59338 487.78455
 432.9641  413.86133 443.5356  211.6166  342.34872 348.5227  383.3861
 482.76843 374.94437 404.09772 451.21002 414.2692  552.527   438.83698
 425.19656 446.4493  371.40805 499.3513  517.73346 498.1817  444.74048
 309.3171  429.66287 360.80527 433.35132 378.99283 452.5274  357.31577
 384.2047  474.5223  389.0614  365.17596 497.8704  452.49548 404.2624
 465.77655 452.46408 488.03357 432.98752 422.03537 395.14932 433.56305
 422.3376  480.887   303.9541  430.04425 426.13257 388.13306 386.85797
 600.3092  466.32632 466.78955 384.52432 446.2127  455.98038 409.2683
 523.4149  319.4277  471.9909  435.9962  410.83954 422.04556 376.359
 427.16263 421.468   470.63165 439.86612 333.4957  420.76984 435.26782
 441.8649  421.65198 430.25952 478.13165 387.03732 400.80408 384.07056
 447.41995 383.12723 419.88626 510.03204 397.47092 427.9524  365.71045
 373.2827  447.95706 461.95053 390.0417  494.15408 167.58318 476.3237
 443.00986 378.41983 574.476   436.11508 405.86206 377.99008 469.5451
 407.28552 398.42252 380.975   357.94583 436.11414 395.10812 458.50543
 424.74692 456.01718 468.30667 419.11655 416.7542  447.00235 451.63586
 526.34485 433.97144 429.2655  455.0754  361.1312  339.89203 527.315
 447.14563 516.4831  441.80356 384.7705  414.09277 406.04587 401.23404
 442.88388 620.76654 423.74606 384.71112 456.7766  419.54578 394.01486
 163.84297 359.24704 408.07993 468.15536 422.08475 447.9297  376.0324
 440.4614  384.20273 337.9668  448.29266 442.9392  426.00732 455.99738
 441.87115 503.9793  470.04105 519.47687 481.81784 467.5605  551.9884
 441.1786  480.3555  401.92886 377.50052 312.62912 421.4441  506.11804
 333.94608 411.82462 434.71317 528.86694 355.89008 431.80228 394.68564
 438.64236 428.44974 456.3541  434.79745 380.5611  480.52496 401.8158
 482.92618 252.94225 523.22925 475.6012  404.1814  427.59595 370.42166
 403.91254 509.5146  392.07703 314.866   420.54492 356.96957 381.93823
 510.30237 370.71906 352.30252 364.38492 528.69147 392.95346 402.06488
 429.3366  399.83966 441.6278  514.2872  490.64874 410.86307 498.24295
 468.25922 417.17706 448.8441  471.05676 354.86215 411.66278 388.14
 438.70355 409.32303 325.39056 456.9361  444.61792 514.6235  363.62982
 557.2663  495.12778 279.5119  442.5172  457.34702 476.15692 369.77234
 457.3321  393.68176 454.6856  533.60895 439.17493 508.3821  479.23538
 404.2631  420.2775  415.24918 508.86627 410.32498 371.85086 403.25064
 490.86905 456.26648 489.4135  420.42465 359.67575 393.9382  481.01627
 377.162   405.9085  422.88123 364.62512 445.41724 409.02966 454.70618
 420.6735  221.54442 448.5057  416.25714 348.10214 472.48218 404.74493
 471.65796 353.2232  327.85602 483.5929  475.67838 560.62067 382.5951
 466.27417 430.57132 504.1457  421.88824 417.16    411.39014 388.9688
 430.92163 454.88843 452.77396 485.90417 433.83804 468.53555 437.31146
 339.64175 458.03076 385.77515 445.70267 453.34647 419.9129  402.0628
 387.8443  556.92816 433.5377  432.91162 429.27676 518.0728  471.34512
 395.79706 393.32596 456.2987  402.7573  316.23703 414.01874 373.2358
 427.49088 431.55453 424.7974  428.51724 334.8778  446.48843 451.11456
 403.3084  407.2563  459.10367 447.77588 437.4026  429.43085 433.45166
 426.61578 397.54034 430.83588 385.249   395.2708  430.68073 403.98956
 473.0854  397.06625 364.46835 316.9314  461.84268 424.9187  404.88333
 459.54965 524.1299  458.92166 421.06885 437.74304 468.2755  330.98395
 372.76474 422.10706 372.19775 461.41342 400.87088 440.36844 428.73596
 407.5477  450.74023 424.03204 483.84302 392.2855  426.87527 422.12183
 412.0579  398.19205 651.8733  453.91034 495.16846 409.38092 426.6585
 374.29416 412.37555 443.36346 393.32953 502.6288  487.20496 470.01862
 430.2958  364.4603  545.5648  420.03424 367.8724  459.05298 437.79532
 435.52774 356.23746 288.6717  410.28598 472.67133 394.21295 402.81262
 545.6581  473.64157 355.49744 493.41458 430.61453 519.7124  505.54517
 355.4278  457.98468 415.34854 433.55164 439.5393  379.1457  418.10046
 431.62262 421.84406 581.2459  322.7907  394.96994 366.85358 160.11562
 406.8713  502.02094 477.9812  455.61258 380.66663 525.1612  479.11047
 327.31177 473.2476  462.134   373.82315 445.4597  415.39948 508.8284
 395.70505 447.70404 448.53873 452.46564 420.44302 487.66794 360.2793
 418.6629  368.10513 397.94247 362.91092 436.50018 464.80356 496.61652
 391.4726  385.9151  330.57755 480.6474  415.17548 421.15613 304.6908
 411.3887  402.2924  317.44354 432.39767 431.75137 384.74802 430.64566
 444.48376 424.53494 439.20764 481.51398 430.19888 358.14914 420.22205
 359.02463 361.69348 477.37622 345.67874 345.78445 461.63983 363.57382
 352.88196 369.36154 367.05157 351.8011  293.2269  483.993   455.71103
 401.17374 307.77283 372.54587 431.96887 458.48962 457.84003 481.4954
 461.5878  382.63568 445.60193 341.1987  466.05127 423.81357 368.7603
 433.21918 499.70856 457.37372 452.54874 423.2559  380.3635  374.98193
 460.51065 536.97797 478.997   451.58948 465.25876 426.7459  479.63995
 421.6787  381.24747 407.33313 438.16577 379.54132 376.82553 437.4803
 430.21512 429.61148 414.7386  519.9968  477.77042 438.86258 379.27597
 403.4947  479.26474 518.2856  425.73615 163.17201 494.5794  360.3731
 440.27875 385.94034 507.20715 447.3522  410.51624]",[6.125393  7.5517235 5.6001263 ... 6.639655  6.997034  6.8374915],6.332852,0.09521410579345088,0.3134800294396195
3,7940,Transformation_Matrix_W,"[[-0.27877247 -0.28285226 -3.3533323  ...  2.0829234  -0.0454998
   2.4863377 ]
 [ 0.37570092 -2.8569553  -2.118435   ...  3.534191   -0.5866194
   0.05717694]
 [ 1.3958976  -0.6669138   1.1672109  ... -1.1667355   0.93181217
   0.8037788 ]
 ...
 [-0.60069984 -0.48602173  0.35341445 ...  1.7308187  -1.0493329
   2.4101646 ]
 [-2.0242245  -1.2342098  -0.88922787 ... -0.10438044 -0.77970725
  -0.7704939 ]
 [ 2.6310043  -1.8393289  -0.6236527  ... -1.9708816   2.0095007
  -1.9907935 ]]",,"[452.95834 439.657   359.39172 366.89648 379.47192 445.96564 431.62668
 471.70203 326.14694 376.79938 348.45563 390.12057 420.54666 396.92865
 375.79532 369.95312 189.24767 486.29385 338.43933 461.43155 328.09564
 362.98465 415.4431  517.71515 368.93073 393.13635 565.05664 388.4234
 382.18475 349.55872 204.10649 360.23074 451.25153 217.78932 435.97882
 394.69766 383.2376  468.9796  370.15643 386.88007 463.36932 431.24863
 427.80933 312.17566 410.52945 414.06406 470.09793 415.105   430.24545
 402.02167 295.1566  473.85495 374.561   393.26993 348.90768 432.7191
 485.39148 387.3748  382.0459  431.00897 466.9255  507.13336 347.28235
 414.85678 415.12222 427.58835 301.763   342.97272 380.77368 331.11777
 455.90475 463.0059  391.1636  298.0251  337.88123 390.05478 503.6177
 411.286   353.7129  496.51028 403.28262 457.41522 352.65015 470.97772
 362.51755 297.84436 491.55585 424.8804  441.54056 351.17642 350.34784
 478.72372 349.61258 441.03668 419.16708 435.42032 458.96765 515.7268
 373.0704  358.49844 419.7524  430.10822 323.44635 456.29047 371.66174
 360.5981  479.96124 501.64722 409.79233 346.82962 452.83575 404.023
 340.075   384.933   429.7776  374.1902  554.1927  137.1805  407.85764
 399.40332 510.796   447.83057 381.34485 461.67102 356.49768 349.6842
 361.70615 439.96243 196.15558 403.59842 407.5281  370.07608 444.70248
 444.46115 415.84503 310.66406 365.09695 432.74258 344.6804  381.63824
 366.5977  328.2062  417.31027 344.21625 371.26218 429.52747 395.56897
 494.37787 398.97327 395.64868 447.9408  435.6962  470.9969  410.4199
 427.85858 362.47028 416.80762 426.71146 466.7097  418.71024 367.7928
 513.6846  501.85138 373.53024 345.29596 353.33795 385.51233 267.20013
 485.86694 438.8864  422.1481  457.89874 503.15765 409.8622  358.8985
 351.2757  515.09076 400.99683 411.21283 455.2918  349.1818  415.55423
 380.404   407.61057 361.55154 223.79315 454.11694 461.79132 417.5807
 425.66943 387.9741  381.268   393.74295 339.12836 521.9081  519.0796
 356.34085 310.03476 464.04254 432.69937 383.2127  530.6564  437.74615
 446.9614  309.8924  413.62326 404.1302  414.83844 531.38763 418.41434
 294.62854 443.06802 301.8008  415.23526 373.7933  416.18698 303.25784
 358.1084  413.3111  409.104   398.68094 342.5032  207.42435 307.35355
 434.7492  465.556   410.49487 508.08813 463.43713 397.24872 466.4078
 504.48926 328.52255 403.157   349.10193 432.2923  379.4804  403.2813
 430.04608 504.4371  421.47638 430.2403  508.27643 359.7387  405.8819
 330.76974 392.41663 411.21368 423.11722 435.8455  386.60263 467.4307
 421.3129  399.82336 434.2642  177.3804  328.43198 320.808   366.21378
 466.8535  363.37497 393.84503 374.8485  404.1666  536.38525 428.14377
 411.5968  435.5806  361.6833  479.55945 506.4435  474.94797 426.87125
 290.11957 410.9107  346.375   408.81662 377.80173 435.0724  353.219
 361.12842 457.69434 367.7542  346.6228  471.85666 439.48007 389.9797
 449.5838  433.27094 471.4601  426.5008  408.9388  376.32285 412.37543
 405.08188 463.53558 295.54428 418.86877 407.01672 368.4294  374.54382
 548.1843  446.88474 455.72858 373.80527 429.55618 437.21475 387.76596
 493.25012 294.2608  443.90012 420.94427 395.15686 393.1154  363.14566
 410.0442  413.5167  455.88077 423.728   319.7214  402.2883  410.49054
 419.82236 409.87012 418.39774 456.4021  371.15482 386.55777 370.06415
 424.00995 367.6241  409.2218  494.3771  388.40067 417.88446 346.4127
 326.71957 432.3662  442.35263 370.79184 468.9776  152.01083 456.73346
 425.24103 341.32477 542.323   414.50632 392.06088 365.71225 445.89838
 354.71155 390.13467 369.2156  350.13168 422.5395  385.2239  429.5235
 409.79605 445.69968 436.88782 412.6853  398.8954  434.18146 424.00433
 505.16864 420.75894 415.61423 438.38913 347.01147 334.1914  512.982
 428.02603 487.46127 430.46146 372.566   395.46164 386.7444  383.38086
 428.70145 598.61554 406.0723  371.5309  444.05145 402.45346 380.7069
 145.31593 345.33337 385.98105 447.0133  405.8713  430.4751  356.12527
 407.7971  369.47507 325.91895 426.18756 423.20093 408.07806 437.1771
 419.994   492.12265 449.9294  505.35254 459.221   455.80585 523.2706
 425.61636 462.90848 390.44916 372.78647 292.9647  405.87045 489.63214
 318.1728  399.662   419.8953  507.05722 333.71335 412.83536 383.2924
 415.91943 397.974   448.27325 422.6738  353.86996 467.12338 386.1073
 459.59488 238.45134 500.845   455.23065 398.13977 411.3595  343.4466
 387.45264 487.91095 372.21066 303.46158 414.37814 339.92413 367.202
 485.29468 357.46854 342.72614 349.6466  507.90408 380.44388 390.3147
 403.09482 386.49918 423.8138  491.6403  466.8131  394.69244 469.5741
 453.86652 407.98572 426.13    446.01782 339.04767 397.75424 370.50598
 418.4163  395.11115 314.14185 439.3942  427.77313 497.06552 359.93
 528.455   464.1008  260.4073  427.36386 438.16907 447.48816 360.1586
 436.64313 383.1339  440.3269  519.8195  421.09604 498.45105 459.1257
 387.21967 367.7936  395.61505 495.0684  399.15408 357.9232  380.09894
 461.86377 434.57968 465.55508 411.0369  338.05832 379.30856 462.6755
 366.56436 388.93182 413.41943 354.49847 437.55023 388.8369  433.18243
 410.86624 205.85757 431.0398  400.81326 328.38516 462.53943 393.96738
 448.98804 336.18082 319.21838 462.9634  457.69702 534.93036 368.02405
 453.18225 416.4287  468.67575 403.7628  396.47266 393.41873 376.2904
 407.6673  433.45874 435.59732 457.58142 420.16174 456.57996 424.6236
 325.99966 447.91034 375.92462 432.7684  432.22235 402.4856  384.54785
 374.5091  535.6773  417.39957 421.15222 408.40182 490.43585 450.9947
 373.01263 376.10596 440.9561  382.64713 309.81525 400.7592  362.43634
 412.94266 415.82092 403.02927 413.93573 322.00232 434.77707 428.573
 388.1875  389.34503 439.98166 429.39496 415.16632 407.59616 419.9579
 408.43964 386.19034 414.7295  358.09747 380.89325 409.2412  394.86084
 458.75266 376.96973 350.15363 269.30038 440.4684  396.90533 388.09293
 440.76724 499.44824 450.04477 405.20947 413.86182 445.88617 326.0252
 363.90268 406.27286 363.13855 429.65024 385.43115 429.37122 403.90048
 389.83014 436.7777  414.43948 467.34076 369.26233 414.19543 405.17316
 391.39774 389.23184 643.87994 433.51007 475.5314  393.18143 411.42657
 361.69852 398.1967  425.50195 374.10037 484.91824 463.12418 457.27228
 415.39407 352.32748 526.381   397.0179  356.80728 444.3969  422.58768
 423.03384 277.95163 257.6802  393.85077 459.23083 379.7152  391.12573
 527.39795 450.37268 331.94382 473.27914 413.60178 495.71683 488.78955
 346.58203 451.02365 398.04837 408.8425  406.38464 360.4254  396.35648
 414.2151  408.67245 559.04913 313.38754 378.01602 354.7685  147.00104
 387.68164 481.73245 463.0467  442.00168 365.65457 501.92395 459.7795
 311.25574 451.23428 427.30408 356.2925  422.43726 400.90765 486.96835
 388.84518 427.3562  433.1565  431.9842  405.13223 463.83905 348.92178
 401.72528 347.794   379.07465 350.9281  420.73547 447.34726 471.28494
 378.8921  364.95496 315.71786 466.2817  391.76923 415.05762 291.32993
 392.27753 383.8582  305.74384 422.25336 417.31332 366.47034 406.28247
 423.86365 412.699   423.6698  459.99005 419.2586  347.90533 406.35583
 344.2639  353.81076 459.9488  337.83917 331.13657 444.6055  345.4783
 333.47375 352.2651  351.8457  332.22516 278.95047 466.13596 441.0578
 393.5575  296.89185 321.3214  410.41666 444.02832 435.13147 460.85974
 442.06888 365.5601  432.97156 330.53748 446.55893 411.58966 357.85736
 414.32373 483.51346 442.08273 432.87463 412.01077 360.68262 364.00058
 433.65207 520.5342  461.0549  436.70795 439.53146 416.85187 464.62332
 393.65793 370.91867 392.26712 416.4242  361.35596 359.79547 420.4473
 416.24036 409.7895  403.9896  477.54993 459.72693 423.30072 367.89502
 388.3148  462.3281  498.61295 413.8898  145.54898 470.988   348.52795
 416.22766 376.73578 480.32867 427.06836 394.4701 ]",[5.77381   7.2371025 5.259011  ... 6.4566855 6.701043  6.987814 ],6.199141,0.14448362720403024,0.3670053020167581
4,7940,Transformation_Matrix_W,"[[-0.88505703  0.66971     0.5928207  ...  0.7046305  -0.11775263
  -0.6551096 ]
 [-0.07582776 -0.34362411  0.7557351  ... -0.96469194 -1.2528121
   0.53944564]
 [ 0.34200075 -0.30861822  0.21277283 ... -0.51525354  0.6444712
   0.37076885]
 ...
 [ 0.95210147 -0.48670712 -0.77308464 ... -0.95305663  1.4464653
  -0.7698363 ]
 [ 0.25057104  2.3169444   0.18563244 ...  1.1986943   0.18029658
   0.07300538]
 [ 0.10661339  0.56549    -0.6136167  ... -0.6605837  -1.0085166
  -1.3939828 ]]",,"[432.85138 435.26944 352.39456 356.60458 373.9596  427.3753  421.965
 454.8849  316.60336 357.41714 341.43484 367.65173 407.59106 384.7837
 364.23    345.35455 180.04924 468.17453 324.0012  448.22934 315.836
 353.50223 401.13364 489.22617 359.3826  379.1895  547.7674  384.18677
 374.36075 338.91467 197.69339 342.4054  440.7675  208.24605 430.659
 386.5473  373.19122 465.59222 360.85156 377.22995 445.39407 424.97235
 411.26093 303.83777 396.03885 392.12747 455.5161  398.84308 413.22324
 389.9446  286.71973 464.342   365.00174 382.92386 330.49783 414.03235
 473.9437  375.24493 374.65106 422.15585 456.0372  488.49838 333.6839
 397.9875  408.15823 412.62415 293.414   335.6715  369.50107 325.36923
 441.0319  456.61426 381.6811  289.4274  340.54767 375.98596 501.65833
 399.85156 347.76074 480.11255 388.237   421.26883 346.866   451.78036
 354.2035  291.5283  481.25385 411.9908  423.63284 343.95856 341.1858
 466.11392 344.46448 428.62314 408.34286 427.37308 437.66882 495.42114
 362.9439  353.944   405.9176  422.52066 311.9682  441.89886 358.78455
 353.9758  470.07077 484.55032 399.38025 344.10913 434.51355 390.71722
 331.11057 373.67358 412.9079  364.38464 544.5371  128.70308 395.55014
 387.72495 496.78046 436.05215 371.07254 446.7894  350.7811  344.97873
 346.19754 428.0644  184.49576 399.12714 397.62506 358.90137 433.59702
 434.9647  412.57806 305.29865 354.854   417.62283 340.51108 369.69626
 356.6427  321.24338 413.1366  338.43646 357.61584 412.16913 381.72284
 480.6748  387.25937 383.94006 430.63602 423.60364 457.89215 391.5243
 413.06903 356.42545 403.68604 411.70312 444.99118 400.7621  360.4028
 493.25443 489.0763  366.3549  337.22592 346.46463 375.60995 248.0068
 475.15552 418.36765 414.41745 437.51996 486.0153  385.5378  354.3415
 339.4972  501.42004 394.62015 397.79898 444.3102  345.1789  405.10092
 369.53564 388.1879  352.2571  218.34706 438.97598 451.65475 400.03336
 408.54828 386.61804 370.39145 383.48184 324.9433  506.53763 492.4531
 345.12418 303.28946 442.45645 415.8011  375.92874 504.11124 423.4181
 431.0112  305.33713 405.33572 391.38263 404.82852 518.0712  409.10147
 288.89258 428.51343 290.08075 408.52707 363.81177 403.5576  296.70557
 350.63754 398.2075  396.86325 389.78995 330.17493 201.27415 298.00168
 422.1164  456.27505 404.24222 488.87506 442.96872 384.35712 445.4219
 494.5386  317.03687 391.6366  340.4022  422.02493 367.1029  395.06757
 418.66953 489.8337  410.0894  416.8837  489.35977 351.39545 394.4707
 318.77814 381.6583  399.98514 413.5299  422.01587 380.90656 452.5545
 405.55072 391.10916 421.4408  162.49504 317.2625  307.21838 355.5754
 452.79202 351.01266 391.05463 335.8283  395.98846 523.2571  414.82733
 395.04733 426.11002 354.0476  466.94156 490.35938 458.2749  413.73477
 282.90723 398.58408 338.81952 400.11377 372.65466 420.81027 342.25146
 350.90475 452.15585 357.29306 334.5071  453.85355 428.8463  375.57755
 434.9142  418.24258 458.75076 410.97232 398.9557  361.0021  402.73038
 395.85617 447.66162 287.29    403.8114  393.92352 358.15918 366.89236
 523.77673 438.22647 443.63757 366.03146 412.74982 423.74597 380.7581
 477.39633 281.0488  420.48868 404.7346  381.98395 380.98166 361.5925
 405.3715  408.01495 443.52353 413.20267 316.93054 383.9499  395.88528
 404.64084 403.80405 406.06018 433.137   364.375   376.63785 354.64078
 414.41745 356.21216 394.50043 481.80615 381.51352 413.0032  333.20468
 299.48468 420.14142 431.46835 361.87222 454.09738 146.98691 444.68365
 411.95367 313.4017  530.3166  406.29294 379.2492  354.33682 434.15262
 329.6439  383.40833 357.6428  344.36346 408.26135 375.43088 417.41272
 401.29922 437.68723 421.74564 403.6439  382.65433 423.85336 417.36435
 490.42133 406.90277 409.13586 421.0746  340.78772 328.53665 497.67435
 409.1011  476.5716  420.84427 362.4261  387.89188 367.0622  369.5216
 402.25156 589.98285 388.05667 359.36798 437.91678 395.28238 374.8545
 140.20451 330.40283 372.48828 431.76804 395.204   411.98724 343.73596
 388.72617 356.00403 314.71    415.4763  414.147   401.86612 429.59286
 406.82434 470.45508 440.13574 497.20547 444.31552 441.56042 506.7124
 414.40042 454.7332  378.85684 367.75113 278.3919  394.55435 475.28595
 311.30237 382.9137  411.4739  495.88593 313.81577 401.15887 373.06912
 405.63873 389.0392  431.022   408.36417 339.31213 459.51035 370.6202
 451.43393 221.17389 486.4234  443.2028  386.8553  404.5652  324.43024
 377.6751  475.34906 366.52237 293.50876 399.14108 329.76306 352.7118
 465.0601  346.2704  334.43677 342.81158 498.10217 371.20612 380.7201
 395.2455  379.0805  416.69592 477.64148 452.65878 383.21304 451.25644
 441.19156 391.31558 410.2056  435.12595 332.1657  389.3466  362.24017
 408.39734 381.7574  306.28793 428.03885 404.6928  471.43265 352.15134
 516.7915  451.07242 244.81723 409.96564 429.9149  436.08362 351.67017
 432.24997 372.76886 427.97638 515.0355  406.29922 484.3383  444.54724
 374.01517 338.17343 379.9555  483.64758 389.46347 353.94928 370.7431
 440.05865 416.76102 448.90573 401.29657 321.5966  367.64087 451.16953
 363.8923  375.39484 403.54538 348.4897  429.90726 378.665   421.29608
 402.06903 194.67128 420.5587  382.95004 318.938   452.99683 381.89612
 443.09775 324.43787 312.96146 446.3277  444.4113  515.78174 359.95914
 435.48407 410.21082 451.08765 393.42148 385.1346  376.74728 369.03745
 395.37866 428.43158 424.6049  445.70398 406.63132 446.3999  413.66168
 315.53363 434.51807 365.485   427.56097 417.98245 393.82483 380.3413
 365.8127  517.39905 406.31207 405.23138 397.39648 473.7709  427.60672
 355.74167 363.1583  425.13684 374.9347  303.29343 393.4459  351.85953
 403.21747 414.34396 381.98364 408.47705 316.65927 424.23996 415.0644
 375.6632  380.93326 433.01242 419.6765  399.96216 385.39224 412.2905
 392.42123 374.06128 404.1973  339.61456 378.48364 403.48077 388.3546
 443.0842  367.13403 342.7395  239.89217 424.71967 386.2232  374.83087
 424.88336 481.91028 437.02188 393.48694 399.60242 441.98703 308.95523
 349.3183  389.3297  357.38824 417.92346 379.11844 421.5224  389.34668
 380.5439  421.70425 403.14594 452.2554  352.08237 404.39597 393.57028
 373.61185 378.26062 630.49316 420.9164  457.127   385.10345 394.3139
 360.0912  385.50946 414.43524 362.49323 462.40903 450.79843 446.09558
 399.32632 348.96582 508.9693  385.45044 347.6793  435.24228 412.58112
 410.47607 242.24669 239.7901  372.06158 444.11066 373.4004  378.82068
 521.77057 439.773   323.26895 463.93985 396.54398 479.70895 471.7445
 338.06757 437.84073 385.6829  393.88715 401.16986 351.03476 382.09793
 399.64612 402.41858 539.9412  303.85315 366.67258 351.60934 140.1349
 378.50464 470.5561  451.26263 426.2498  354.26962 489.63907 456.84756
 302.70078 440.44913 420.16904 349.98016 410.34573 394.16306 470.31226
 380.1837  412.3302  419.82236 417.12445 386.83612 448.04413 339.02692
 392.8803  327.4464  369.4842  343.30722 407.0259  429.1011  456.86792
 366.6503  355.10382 311.07373 451.89343 380.29718 408.33762 283.8427
 381.7157  372.9116  301.5311  410.53555 405.2363  354.06726 399.85895
 414.088   400.3791  417.4693  455.63513 407.08286 341.71155 394.6781
 337.35797 341.9695  446.0131  325.9758  321.5623  425.24036 337.42337
 323.94385 342.64023 340.2762  326.07013 268.3625  454.11816 428.47314
 381.92596 287.03082 300.22766 400.67758 425.67    424.61694 446.61475
 429.38565 358.5038  413.09937 319.43127 434.41257 398.11545 345.35056
 406.66385 470.1404  435.86853 417.9777  401.15854 353.11462 355.9277
 423.4812  497.13736 445.80865 417.5617  423.96927 398.41306 448.45016
 385.5401  365.42615 383.56516 407.21887 351.32965 345.16385 411.12253
 405.3831  398.98593 399.86136 454.38635 440.7614  412.06525 356.9363
 376.42804 445.2531  481.5677  398.37552 137.2548  460.91644 340.2661
 403.36002 367.7927  471.4262  413.1124  386.66898]",[5.5889916 7.059858  5.2695665 ... 6.246276  6.843483  7.055786 ],6.1072526,0.18211586901763224,0.40036957996067896
5,7940,Transformation_Matrix_W,"[[ 2.85549998e-01 -4.02880758e-01  5.56433499e-01 ...  2.01619476e-01
  -1.04758099e-01  5.10935128e-01]
 [ 1.11418515e-01 -3.87315005e-01  4.83565480e-01 ... -1.14071846e+00
  -8.84313047e-01  4.71298903e-01]
 [ 4.83059645e-01  5.51784933e-01 -2.60395288e-01 ... -1.84008423e-02
   5.13990521e-01 -4.19425696e-01]
 ...
 [ 4.66667801e-01 -1.03809249e+00 -1.95913434e-01 ...  2.49529302e-01
  -9.47305679e-01  1.67928302e+00]
 [ 1.42614990e-02 -1.11056916e-01  6.46228731e-01 ... -1.07389033e+00
  -3.76325101e-01 -3.28369677e-01]
 [ 5.53149283e-01  1.62784401e-02 -4.55192477e-01 ... -6.63674176e-01
  -1.05225205e-04 -2.61782914e-01]]",,"[414.72006  421.12405  335.14572  341.33987  357.41995  412.30362
 407.90656  439.72995  298.70667  353.40533  325.7714   350.07266
 394.09622  357.40384  349.89792  317.09024  171.0879   449.85004
 313.59442  427.8693   300.24753  344.37122  387.20184  450.7974
 347.2896   365.5706   521.4278   370.0627   364.81537  326.68973
 184.67026  334.6551   421.78363  195.55896  419.28012  374.05978
 357.21225  455.97525  343.55603  357.60995  422.29218  408.3992
 395.20627  294.0603   379.96115  379.15155  425.0341   384.13776
 394.53345  367.20374  273.04883  434.2638   352.77     355.41064
 312.15143  401.68616  455.6204   356.9439   363.20776  410.51624
 436.91028  466.08603  321.33768  374.4674   396.32736  406.8367
 276.247    328.79123  357.41345  307.50467  420.94022  439.66602
 372.89737  271.04276  330.99094  366.93527  481.49478  385.39438
 333.78452  451.5728   373.0098   384.42334  340.5998   426.68945
 343.46826  282.15015  450.1649   392.46362  398.6565   326.30713
 323.92905  453.38257  334.00336  408.7041   390.1595   408.19077
 408.0022   467.78592  352.8161   341.4203   390.70276  398.1799
 303.46725  410.95047  337.62976  346.25742  458.08344  456.67032
 379.73904  324.21164  408.0499   378.90588  317.58057  362.2441
 394.14114  354.27805  520.02423  120.23475  377.5311   373.93747
 480.16296  424.66284  360.41904  429.04214  337.08707  336.22705
 335.83527  407.8556   171.87749  387.63077  381.9114   342.0837
 413.68134  413.80328  398.55054  284.61307  347.6724   397.8673
 325.09607  358.26056  343.68027  316.12308  394.9095   325.0907
 346.70782  393.57004  362.87064  464.48514  365.9851   367.28128
 409.17572  412.08444  444.9157   371.4634   395.16705  347.8289
 382.10504  395.62314  420.53815  371.63144  350.28143  480.26855
 473.35855  351.20883  327.88998  336.02798  354.56958  222.06386
 454.3913   402.63754  399.84167  420.63986  465.54953  361.04034
 342.16476  325.90955  480.72168  375.79095  381.56088  417.82895
 334.7828   386.01517  354.2075   364.49722  346.0267   208.24582
 417.00314  444.1996   372.1371   389.85983  373.82642  354.02975
 367.4806   312.68082  489.52142  467.28873  328.56116  287.26706
 425.19446  398.37497  365.41052  480.41617  409.3607   413.74084
 290.50818  393.45206  375.05157  392.51566  499.8812   398.87457
 276.84625  412.96237  268.6445   396.51917  350.34036  388.7036
 285.75342  335.25092  372.5129   387.04477  373.30444  323.77988
 192.83394  286.88828  408.17325  438.12247  382.92065  479.28928
 428.089    368.38184  434.53613  472.37573  297.25342  376.6026
 329.33093  403.29227  354.49966  388.499    400.92975  475.9509
 404.0945   403.104    480.39465  340.16632  379.63672  307.42386
 361.19562  376.26187  391.3165   405.93927  362.40128  425.0107
 388.24814  377.45044  406.24973  146.44351  308.3679   289.9143
 339.98334  444.14008  341.00732  377.6592   284.74976  379.2766
 506.56665  402.02267  385.33267  412.4738   341.99612  449.21454
 469.3891   442.43848  396.26004  273.60886  387.9192   323.5432
 387.37823  359.12546  396.54813  334.59665  337.28766  429.43936
 338.024    321.03784  427.6527   408.87924  365.03668  414.24167
 403.1512   444.37802  397.80408  385.56885  346.5218   380.19983
 379.19244  425.4757   276.9369   388.13022  372.675    346.29465
 354.17642  486.93484  412.45944  427.20905  350.95956  400.1372
 410.8459   366.7191   454.68448  264.7573   406.3486   383.0397
 366.9147   369.94348  351.40067  395.8355   393.9884   428.1989
 399.4725   300.3152   363.78076  387.40945  393.60867  392.2943
 392.77707  412.40332  353.03604  364.5914   342.04532  397.96252
 342.8005   382.04297  455.61142  367.25552  405.57025  316.8016
 273.80783  407.60358  411.74872  343.07877  440.35687  136.00133
 421.48123  383.88297  278.92355  507.01437  395.6979   367.07968
 346.9875   413.96356  291.92923  376.2982   346.9587   329.56943
 388.79764  366.28653  397.7125   387.19397  421.10742  397.4416
 389.45078  365.144    407.37885  396.498    470.38477  386.5517
 397.10593  409.8105   329.4998   319.69427  478.3642   387.93484
 447.0887   404.03635  352.69586  375.40186  338.9249   357.23453
 378.2135   552.85297  373.89453  351.0378   422.95584  368.56198
 358.9213   125.722404 324.32584  356.59686  415.16968  382.71243
 390.4544   330.6955   368.02957  334.3998   306.47614  399.78934
 380.03598  383.0942   415.1992   392.23297  449.29135  420.39816
 478.51993  426.4663   420.74243  487.04108  392.73     444.8856
 360.78973  361.98746  256.9829   383.85095  452.0175   299.43246
 376.465    393.96112  479.36008  299.46036  382.72824  359.40222
 379.97974  370.3242   416.7489   389.55914  313.59195  437.42755
 355.09723  435.91867  210.42314  464.21844  432.9635   381.23746
 387.74454  303.98468  362.58102  462.58527  356.96982  286.52872
 388.79132  320.98123  339.1218   447.4698   329.2876   321.41666
 332.99365  482.86783  353.94424  360.26953  378.24036  362.96286
 397.49606  456.16837  439.5437   371.33765  425.23557  423.56323
 380.0085   394.78412  421.03018  319.3396   377.294    347.4015
 396.85602  364.62723  302.40366  407.0836   392.2749   459.38705
 335.10556  489.90237  426.36728  227.23807  390.139    418.34842
 419.43573  340.91248  418.45477  357.3322   409.9153   499.5917
 392.02133  468.74033  419.27487  357.09738  292.18964  361.56046
 466.0066   374.0827   342.57874  351.52698  409.26     391.8095
 433.66763  388.86148  302.0281   358.79614  421.3958   351.239
 361.64825  385.31436  341.88077  422.3113   354.79672  407.08188
 388.90625  187.3931   408.0884   361.19968  296.27908  444.00525
 363.0453   425.72546  306.9444   302.2055   429.62082  429.64755
 484.27893  345.07672  424.8549   395.62473  427.0782   373.58536
 364.56195  361.9988   349.64276  383.8391   406.20624  406.0919
 426.48117  392.8372   425.796    396.20627  305.29483  423.0176
 353.40585  404.81033  395.89172  381.64728  360.2883   351.65646
 481.11826  385.78452  395.4992   386.42114  454.41684  402.91757
 340.55728  349.5103   409.06436  359.58987  294.65445  379.20633
 342.37067  397.19418  404.00018  368.40598  395.70868  304.35287
 410.32126  388.90466  360.5962   364.94363  414.2398   401.6643
 388.76846  376.22302  393.08157  379.48965  359.77475  392.42654
 321.03253  361.66306  387.09628  382.20294  429.14337  352.99603
 331.13293  208.58731  404.9032   359.74817  354.49185  407.88193
 466.07318  421.69543  364.34274  376.61557  424.83     299.27548
 336.54837  370.17178  343.41888  409.0621   369.1401   407.00394
 368.54987  358.3867   412.8078   390.24496  431.66006  340.42502
 384.87875  373.04446  357.10855  367.39288  615.08856  404.03226
 435.29657  370.08475  383.58176  352.71225  375.89185  401.19937
 351.49786  443.4745   432.7768   428.48355  379.12195  328.08978
 491.88516  372.1217   339.9802   410.50903  394.69553  390.85913
 217.29735  221.36855  354.1956   428.15326  366.4295   368.90567
 501.62305  428.2313   304.42853  438.28058  372.9972   444.4701
 461.4866   327.05603  420.8799   368.29803  375.70764  382.15778
 326.3454   367.39926  377.5243   390.04437  522.301    286.3445
 357.15564  339.22702  134.57098  361.81122  447.68726  427.6345
 402.74527  340.8565   465.09973  433.2648   286.15845  426.09964
 398.12213  337.99976  400.16498  375.85187  447.33887  374.2499
 386.00323  402.854    396.1124   366.71783  428.06476  328.1346
 377.08865  306.5558   351.45273  335.2839   383.92804  411.88596
 437.77405  358.37967  331.22592  304.09955  424.9652   365.23102
 396.1557   274.81894  366.1037   357.95428  293.58554  397.48422
 383.93622  340.82416  378.06876  401.7722   385.32944  403.70187
 426.39587  389.12778  326.41684  378.00827  324.77954  327.87173
 424.89963  310.1069   309.98932  413.36478  321.9779   314.74835
 330.76468  321.88156  310.912    259.6168   431.6044   417.2941
 367.55743  279.51367  270.69965  377.8093   416.6729   407.09912
 433.33627  413.4958   353.44348  394.3938   312.37888  416.68945
 383.13406  334.68475  383.71973  455.1808   420.48923  397.64056
 389.986    340.87122  345.31     406.08597  480.61005  425.99216
 394.44482  401.8462   382.70932  428.42914  377.191    349.4689
 367.12537  382.359    345.39224  324.68494  397.6391   398.1636
 379.28943  387.23343  424.5814   428.88998  399.77914  335.23932
 362.78308  428.76605  466.48358  388.725    125.97602  443.48654
 328.39755  385.50604  362.66928  437.54614  386.11758  372.831   ]",[5.375227  7.281132  4.920588  ... 6.5529575 6.702752  6.6382723],5.9776497,0.23894206549118388,0.44120735591247534
6,7940,Transformation_Matrix_W,"[[-0.03337345 -0.32746565  0.2675879  ... -0.41624928  0.2646097
  -0.16731684]
 [-0.6866942   0.339429    0.08652115 ... -0.2954738   0.13953346
   0.3706626 ]
 [ 0.07452074 -0.08124759  0.14471623 ... -0.02112176 -0.14930783
  -0.14114895]
 ...
 [-0.003207   -0.05168257 -0.43140745 ...  0.405241    0.19737238
   0.04942454]
 [-0.20098905  0.14823398  0.21645747 ... -0.21437927  0.5538001
   0.46581727]
 [-0.02778976  0.0885696   0.30835605 ... -0.18614735  0.26793888
   0.23331213]]",,"[401.5504  407.24313 329.4869  333.59064 353.7029  390.57373 401.4034
 421.80542 293.8861  342.1882  315.09222 333.5021  379.75104 347.23026
 340.5621  306.05954 161.59225 434.9003  297.39005 422.26447 292.4918
 336.1083  377.01392 429.91504 338.6368  361.49222 514.24493 359.12122
 356.52002 319.40042 176.24667 317.98306 405.47787 190.53926 412.95422
 364.35422 348.82483 443.97446 336.46777 345.96857 409.30014 403.37576
 382.7173  281.1537  370.56146 367.36786 412.4878  379.76126 383.77246
 365.2935  264.80566 416.65518 341.86783 344.65552 301.7336  390.00043
 437.62894 342.4776  351.77798 406.8268  424.97565 447.5367  308.63834
 369.0693  386.95627 396.08203 273.21445 317.825   345.36707 297.66742
 408.64005 421.86066 369.99924 257.15866 322.0188  355.2119  473.4901
 376.9028  327.24405 431.69815 357.29    358.4259  333.1136  410.1416
 335.05267 277.8191  430.4963  383.92422 390.77878 320.19415 313.54486
 434.94083 328.24542 398.42596 381.84982 396.9585  395.0476  455.04468
 339.36218 337.6622  384.40897 385.90015 288.7075  394.21152 334.12537
 340.28833 441.80783 441.42535 375.44733 318.8301  389.61246 374.08282
 309.79144 354.40173 377.29697 346.91293 499.43167 112.27984 367.43817
 363.95023 454.87146 411.9771  353.11057 414.71332 334.0398  325.35736
 325.6395  396.49976 165.01823 381.4879  376.16458 332.17398 393.12408
 408.86734 388.6204  281.807   334.771   392.1175  319.1084  349.1008
 339.3038  314.44843 381.25797 311.8832  333.8468  383.81827 356.9905
 448.46182 352.5101  358.07144 406.86316 396.409   440.30722 359.64053
 381.13412 339.07013 368.0836  387.17636 402.7867  345.21484 345.37073
 473.55908 454.02222 342.27448 318.13245 326.27356 342.53735 207.09288
 438.6529  398.06586 391.30933 405.26144 451.59955 341.43994 334.93698
 308.61453 457.23224 373.06622 376.3236  411.70135 334.14468 379.20883
 343.93387 369.87164 340.6449  201.31622 403.9019  426.76776 356.19556
 379.6492  360.61053 338.97693 359.91525 305.21756 480.43417 459.9097
 326.6509  284.38647 410.38824 378.87546 357.3998  465.71588 394.7286
 409.8259  283.89493 382.31396 356.50833 383.76068 491.53787 389.04514
 262.52975 395.8548  268.485   390.4287  341.42075 375.27893 276.26462
 326.85165 373.45056 375.7613  357.79233 312.46198 186.26407 276.32004
 385.5494  423.37134 371.62338 468.50772 417.46674 359.19424 427.89368
 460.91025 286.39764 373.43326 325.33292 396.4369  346.21066 378.3054
 389.9462  454.24792 379.7494  397.6412  463.33023 330.37927 369.25034
 296.25766 358.1962  367.14508 393.32925 397.29346 357.41574 411.14697
 385.86432 367.09647 391.2655  133.08035 297.1243  286.30606 336.0928
 436.23083 331.25464 373.24234 254.67078 367.4885  489.36957 400.54373
 374.59952 403.83096 337.9721  439.5319  465.21985 438.29407 383.2569
 260.03915 382.36172 316.43384 380.70163 358.19156 379.55774 330.399
 329.8595  413.74097 329.1722  308.65225 407.36264 401.9159  359.2753
 405.71945 392.91415 430.83987 386.48245 377.60498 333.684   373.93082
 369.67365 409.41586 271.2735  379.54483 361.06735 338.25735 340.94675
 470.8293  411.3486  413.41397 338.82074 396.57205 406.3461  357.09848
 429.76712 249.9565  397.17303 377.65897 362.8341  353.32928 345.48734
 390.48538 382.4893  412.7083  373.74896 297.15262 353.82407 370.1238
 383.4646  379.86816 388.32712 397.75943 347.9314  361.2101  325.52225
 383.0835  342.84027 369.9965  440.1415  357.94608 387.5318  301.42352
 258.15585 394.4563  400.6312  329.8444  426.75674 128.14275 409.22952
 371.88135 259.77454 485.6392  374.96408 359.8709  334.0596  408.24176
 273.75974 363.85834 337.46112 326.96967 379.54556 355.43597 379.15616
 374.79633 416.4135  371.58615 384.03452 354.76392 397.8647  386.5832
 455.3851  378.0854  380.71    384.45242 323.24884 316.45245 460.28027
 372.9291  423.38693 398.40305 344.40128 362.45422 322.887   345.29575
 356.55112 541.73553 365.30203 344.85266 412.51035 362.48566 350.30246
 117.7436  315.87878 342.8165  411.0263  366.4417  363.544   318.5993
 343.1504  324.06036 302.25244 389.22498 371.94406 372.19104 411.50424
 378.9843  439.86905 407.3256  467.74783 418.9856  408.12128 483.04132
 378.22034 432.2292  356.71954 348.39322 241.49081 382.2395  441.21167
 287.39218 356.63174 381.7154  468.31754 287.9289  370.18106 346.23532
 367.7862  358.34485 397.25375 378.2952  301.21616 421.31046 346.5678
 426.4054  201.16888 452.53674 427.74063 375.22043 376.59906 283.3014
 350.26047 444.30322 345.5355  283.0863  383.88403 314.55957 334.99994
 424.03827 323.73877 313.16638 324.4015  464.10382 347.25275 352.41544
 365.04715 357.14975 393.62646 445.5204  433.02536 359.5516  397.17917
 395.4007  367.84415 382.9459  411.7251  307.55685 364.4998  337.1857
 381.77112 351.47955 298.13452 384.1794  385.09726 442.5768  322.54932
 466.96274 412.8532  219.94281 377.01044 404.3103  414.26602 333.82614
 403.84323 352.63895 400.2549  482.1206  383.6585  457.07315 404.49277
 349.22092 263.44656 338.76837 452.93988 361.94574 332.18588 335.38483
 400.19043 364.9091  422.0934  377.67514 288.47055 354.99408 409.36472
 344.39917 352.22137 381.1772  328.79834 410.0499  345.32422 400.0329
 373.40707 184.27264 396.40063 348.10574 284.43347 432.77737 366.08832
 409.67126 292.48154 290.89883 418.0601  416.36667 460.59335 334.83258
 417.15485 390.44565 407.34113 356.3919  351.02567 350.11493 345.4637
 365.87598 399.80093 395.30594 413.78937 382.4275  418.49118 387.22366
 296.4992  418.3378  342.28766 387.5733  387.07523 378.32996 360.18884
 338.70038 465.8392  369.53168 385.92828 372.45627 434.9589  391.53964
 315.49094 344.35513 409.6527  349.34363 285.30658 375.57864 329.12744
 384.17896 399.63516 355.07513 384.80533 299.14914 403.23663 363.89148
 351.26215 355.31625 406.9498  395.6193  371.0365  356.16016 382.32745
 362.89008 354.75998 377.0044  300.23422 356.41397 377.02673 367.70483
 419.6575  350.112   325.8681  191.58954 392.02637 345.0639  349.56653
 391.64905 451.22827 417.77948 354.12827 365.91104 421.6314  295.3525
 324.07126 366.8905  335.8228  388.39838 353.0902  399.29562 353.13092
 349.7842  400.84113 381.2433  422.4983  339.1092  380.9332  365.10217
 349.96497 357.83624 609.6381  395.46075 424.1264  365.88226 376.05658
 348.04376 364.6228  393.37173 338.90582 435.9862  423.9231  413.92877
 368.52847 326.76584 475.54245 360.05142 336.73123 398.30347 388.6012
 382.59546 207.84868 203.10797 340.93033 416.1641  354.73383 360.45267
 489.82404 416.51273 297.74908 416.7102  368.81317 428.02765 447.49948
 318.2541  408.1367  360.89188 368.12308 367.31177 321.60266 356.50516
 366.99045 375.03925 494.34256 278.26334 344.32367 324.67297 129.60376
 358.39444 444.58377 423.05386 384.51578 329.46393 454.88895 410.67163
 282.20648 417.10062 386.42404 326.20117 382.56628 369.46246 427.57034
 367.37332 385.57376 405.3083  394.1281  355.2669  416.01724 314.66724
 360.1606  288.7568  341.67947 328.371   378.5617  392.6715  427.0877
 354.42932 321.3028  296.83835 411.1923  357.89868 388.9727  265.9093
 345.906   352.45233 282.1081  384.73657 377.54965 329.68155 364.97934
 388.93497 370.46466 397.4687  417.2675  377.06418 317.7827  367.9718
 321.23734 328.27402 415.76538 303.53378 300.40842 407.28442 308.81244
 299.2146  320.4486  317.63007 306.8504  251.61487 420.66177 411.7379
 354.4132  269.26132 259.6255  365.13635 401.4861  395.34995 423.13342
 406.7412  339.87952 378.0752  311.7952  397.28302 375.8338  326.67712
 375.08258 452.22604 406.51035 391.61484 386.28662 331.72485 339.37894
 396.41052 462.80136 414.83844 380.16205 388.86694 374.55295 412.71265
 373.84805 338.58755 354.45428 368.39703 339.412   320.65536 390.80783
 383.844   371.44336 372.02393 399.31827 418.0076  389.60663 333.8879
 351.6826  421.87094 453.48163 377.72858 117.83321 434.04898 324.7649
 371.90704 350.0892  433.0384  373.9818  358.95352]",[5.9610724 7.284918  4.895169  ... 6.5334353 6.8128595 6.543472 ],5.889635,0.2690176322418136,0.4679466489810269
7,7940,Transformation_Matrix_W,"[[ 0.05278029 -0.38490075 -0.1789645  ... -0.0409386   0.2610991
   0.02397177]
 [ 0.11604598 -0.06757846  0.2476986  ... -0.2906106  -0.23739931
   0.02180436]
 [-0.08106784  0.27485448  0.18330286 ... -0.22647853 -0.3360926
  -0.32852855]
 ...
 [ 0.192813    0.00784452 -0.06256693 ...  0.26512015 -0.11549451
   0.00440526]
 [ 0.3107221  -0.22781177  0.20508088 ... -0.3146538   0.43768477
  -0.20594016]
 [-0.18553217 -0.01694006 -0.06037951 ... -0.30433056  0.20403872
   0.23496543]]",,"[383.42975  393.12506  325.7918   322.7062   347.6096   374.94427
 383.81332  408.6233   275.49655  336.0463   304.4548   329.63458
 367.52737  342.12567  335.44272  284.47382  156.26984  424.13135
 292.42328  404.5327   286.364    336.87323  367.2045   409.1944
 328.81787  361.56992  491.01318  347.8866   348.85907  310.50424
 168.31554  314.59393  400.66956  186.97672  400.86316  362.96497
 338.70538  433.68448  325.68375  334.1196   398.7022   400.7518
 365.9727   269.01517  365.28278  369.21536  401.8966   373.52652
 374.08716  357.36923  256.5948   416.2906   331.314    341.83524
 290.67587  382.2601   422.97223  329.74487  352.37637  398.1782
 419.66846  437.9299   298.1707   354.91162  381.12485  388.61203
 260.83292  316.00595  334.1924   287.3876   398.54654  417.12378
 359.87292  251.44127  314.1731   350.2934   466.5671   364.8712
 312.95868  421.21     352.7529   346.86713  327.67337  400.59726
 325.0509   271.89557  408.4409   380.09396  378.9312   307.21368
 304.933    434.48428  321.7503   382.13605  370.5288   391.0122
 377.8178   434.64334  328.32397  328.7342   370.86795  375.6283
 285.562    383.8182   312.5189   327.44894  432.52487  427.09488
 362.8139   313.8512   378.58994  360.05048  297.56403  344.68628
 362.24692  337.85193  478.91666  107.906136 363.94974  350.27936
 449.99915  399.258    352.74448  407.6103   320.75018  314.17844
 321.2208   385.22348  157.46812  376.2573   370.98206  323.88022
 378.14487  403.2321   371.24582  273.95544  329.72446  378.40112
 311.4875   335.881    335.48764  313.3347   363.00558  308.1258
 329.32767  372.3125   343.93668  435.66962  336.2518   353.5978
 395.01807  387.6073   433.34503  351.11533  361.38873  332.8775
 357.986    369.75473  394.94626  334.77994  336.88605  454.88892
 444.16736  327.23816  312.8424   320.73743  330.52118  196.55777
 430.44962  381.6393   384.7749   392.65363  441.49408  324.1183
 327.59082  292.29453  437.90598  365.12778  368.41998  407.9285
 326.18948  376.06256  329.80304  358.02133  330.2839   195.03522
 395.9566   417.5411   350.7378   384.35947  353.78787  330.8563
 350.54547  293.8352   457.97446  438.982    323.42276  275.707
 398.56418  382.0146   348.38223  443.48135  389.48514  393.57516
 275.84113  369.1051   349.09045  381.14438  484.43872  376.50687
 262.50568  388.64093  263.9936   375.55786  336.01102  365.32053
 270.85712  322.7658   365.31934  371.7297   343.2358   309.72122
 177.11739  271.73047  374.53983  403.39087  371.50613  459.57593
 406.9329   354.39493  408.82568  442.49524  271.69193  367.3624
 325.3233   385.09628  335.61258  371.69968  380.96414  445.10083
 369.53284  383.7949   450.0865   321.61554  359.04056  285.30676
 344.4548   361.28207  380.4703   395.6727   346.2886   401.3856
 373.7832   360.7092   386.4089   123.56953  287.07782  270.67725
 334.75024  429.1825   326.06213  357.92633  226.2138   366.70175
 487.15497  379.7807   366.3539   393.76212  332.1036   426.18604
 443.1314   425.73743  378.61942  255.21988  369.21774  308.6587
 373.69217  354.0935   372.80157  323.11813  316.53934  403.18356
 322.84293  301.28955  407.17755  387.5577   350.49222  391.94614
 373.6869   415.82318  370.5436   364.90186  319.87198  372.55707
 357.12308  394.94193  269.51407  376.23438  351.58432  326.19974
 339.11902  452.15616  398.99683  406.79083  331.79694  386.26953
 391.7809   348.27374  423.24426  235.51755  385.922    367.04718
 358.48795  347.5821   336.66547  378.70023  381.6048   412.84296
 374.24026  291.40543  342.25903  369.90503  383.0384   370.70224
 375.50052  387.66562  336.25775  350.25174  320.15872  379.2515
 332.04715  358.6759   419.9711   350.9043   385.56134  289.78964
 248.21155  386.71973  386.4606   320.0498   421.07535  127.59342
 409.0172   358.61804  243.06143  458.44785  368.2786   357.30106
 328.63547  404.43585  256.5236   367.08755  337.16064  319.17865
 373.60825  343.69446  372.91077  360.68182  412.5586   360.1847
 382.32275  353.35828  387.55908  373.53723  442.40424  372.85007
 377.54346  376.90378  312.30426  307.58978  439.0232   366.02066
 410.7279   391.39227  339.2619   363.36472  320.98737  342.81796
 346.60617  526.1704   353.4083   334.09143  406.17886  341.8243
 341.308    114.54325  304.1971   328.94626  397.7995   365.42758
 362.5599   315.17548  332.34695  313.57788  296.4111   385.35632
 359.8235   370.53116  394.47525  366.09955  430.42856  405.96933
 458.48706  406.69086  383.64206  467.8529   376.35376  425.26373
 348.42776  345.59924  228.11162  372.3507   418.79068  277.9253
 353.77826  366.78702  462.8595   279.4151   349.2955   337.27173
 355.79858  347.06955  391.46698  377.56668  283.00134  404.60495
 331.5567   418.75287  193.67435  441.94415  421.99393  365.61026
 373.5494   277.80792  342.4443   442.14398  346.41605  272.2549
 378.9142   307.56912  324.7282   406.47284  313.9903   310.1244
 317.40955  448.60544  341.5331   350.0745   359.55624  357.81317
 385.58887  435.09045  419.637    356.8211   386.02856  397.2873
 351.46777  379.34952  405.23685  296.381    355.0223   330.52396
 373.16156  340.70117  293.00116  377.24127  370.64212  424.59393
 321.97208  458.7665   393.08337  214.60428  367.072    392.70157
 397.37375  329.7882   397.26572  345.78418  390.9443   471.96292
 371.98767  447.14227  394.0638   342.2106   234.32304  327.61835
 444.2664   352.9922   321.07468  326.2374   388.7891   355.19263
 403.9445   370.5667   272.70215  350.52298  394.2163   339.215
 336.61246  366.4691   325.80283  409.01706  337.8736   384.6654
 371.53223  180.88205  381.22717  336.7644   279.96588  418.8079
 352.98578  401.56808  283.148    279.71582  424.00082  407.22116
 461.17746  324.63107  408.88193  377.32983  403.62573  353.51358
 338.73352  348.8534   337.27676  356.84314  394.1227   379.38846
 396.5775   373.27167  406.47314  374.529    292.2017   407.00537
 336.7482   379.63666  366.87003  372.57996  350.14972  333.45627
 456.46426  360.25537  375.7486   355.61234  423.95544  371.3769
 312.00537  337.97525  402.16202  346.53195  281.46756  365.311
 326.85867  377.66852  389.33606  352.33572  382.3589   287.77798
 389.41034  350.1366   338.03183  351.2205   396.96295  384.60217
 364.74063  349.79834  378.62302  354.80283  347.62677  372.4608
 284.6212   338.23428  372.0499   350.95392  416.3929   341.3697
 315.45322  172.60619  387.71112  327.55862  340.13184  383.106
 436.22455  406.14923  341.44168  351.30923  411.51044  286.45007
 320.53036  354.64246  331.0748   386.949    347.56564  386.86612
 348.78577  337.61246  393.8361   371.43872  406.9423   336.1986
 367.60458  357.08447  345.55347  350.40228  602.97015  385.83337
 414.21448  352.94717  375.12836  336.97687  350.3095   382.5798
 324.90125  412.10382  407.10086  400.91507  359.50958  320.05664
 464.1146   353.3621   325.96133  378.913    384.23373  373.6213
 195.01314  193.93436  335.45953  405.65482  347.17484  352.31116
 479.42886  412.18936  296.51004  402.10715  355.9625   417.73355
 435.20013  309.85986  398.56293  342.50754  352.80377  356.44998
 309.43576  347.93665  356.51346  366.07736  484.56766  272.63513
 336.00143  322.60382  126.99742  355.27167  428.59622  408.90228
 366.5514   328.37103  439.08875  399.27368  270.47968  402.17633
 381.579    316.79657  374.6162   365.103    408.53082  361.49078
 370.87323  392.96756  379.1139   355.2185   408.86176  311.23517
 352.42612  277.70593  334.12692  322.2346   369.7507   383.925
 411.8289   344.9594   315.06866  289.3898   403.69614  347.77072
 378.5367   263.0217   335.3203   343.95517  278.18652  379.7147
 367.83948  330.88757  355.45142  381.70834  356.16544  383.45456
 400.80823  359.22736  312.17767  364.2619   319.58572  318.71802
 403.20627  291.1471   292.4879   397.5594   300.65204  290.2407
 305.5452   306.3762   300.9148   247.81569  403.4621   405.612
 342.96024  267.9471   236.21819  359.67468  391.82663  382.8996
 406.58218  393.72678  335.52585  365.66403  299.3067   391.3187
 370.18402  311.46182  366.45822  442.16058  396.52725  380.94638
 368.4518   322.26093  333.59192  378.74326  449.13687  407.35934
 373.89664  387.0217   358.78503  398.68045  363.7948   329.14444
 352.39346  354.28253  329.66672  313.83734  380.93185  382.47296
 358.5575   360.74167  380.4565   390.95273  378.98254  321.17017
 340.67178  411.40408  441.34555  372.1129   113.77792  428.88574
 316.81964  366.3708   349.52295  413.50742  350.5241   350.40106 ]",[5.1722617 6.9670906 4.826163  ... 6.351224  6.2715783 6.7993817],5.8120847,0.3003022670025189,0.49174257058805976
8,7940,Transformation_Matrix_W,"[[ 0.51665777 -0.14221741 -0.04928695 ... -0.21482746  0.04846725
   0.07904334]
 [-0.04401024  0.24980466 -0.05749172 ...  0.28471777 -0.17708816
   0.02201424]
 [-0.12958468 -0.07258622  0.1804488  ... -0.05057973 -0.23399591
  -0.03627745]
 ...
 [ 0.06823616 -0.04336685 -0.10525775 ...  0.21123852 -0.3985399
  -0.0462825 ]
 [ 0.04547463 -0.04310725 -0.15578836 ...  0.11442476  0.38901252
   0.1147633 ]
 [-0.08647188 -0.16791257  0.1881195  ...  0.076288    0.07570819
   0.36237752]]",,"[349.71228  360.58014  297.99423  299.1855   318.3038   340.64255
 353.24326  368.43747  252.58762  314.50922  281.95193  293.73386
 330.8408   306.14078  300.76913  244.53279  141.02173  392.5113
 265.6722   380.05673  261.41208  312.97144  340.8332   367.18384
 298.48926  325.21118  432.25342  324.87088  321.72266  286.0163
 154.35696  288.357    361.93942  173.4063   368.95517  330.2525
 312.03894  397.46857  301.13312  298.31165  365.21634  368.24042
 334.6879   250.33878  330.71405  336.21048  364.1922   336.54105
 343.22345  322.8216   230.03577  372.0732   307.20413  300.72583
 264.21634  347.30704  393.07495  293.57248  319.12384  362.07465
 385.031    384.23822  277.21338  320.63068  362.4751   362.05988
 237.54422  295.67343  310.15082  266.9345   360.64743  386.24048
 336.20026  230.10297  287.50528  315.47308  427.60733  327.62042
 287.75772  385.2543   327.90625  300.6429   304.35843  357.2449
 287.36823  255.1379   377.2984   343.07822  347.97037  277.46234
 274.85443  399.7786   302.8998   346.3211   333.18872  357.2757
 337.1801   393.76428  311.711    301.486    344.7935   345.19324
 264.96298  348.4261   294.72153  308.20428  388.26593  377.81372
 335.28497  288.00708  340.8384   337.32758  274.02924  305.21472
 334.81955  313.79803  443.7923   100.77383  338.5405   318.0417
 414.1703   369.9866   320.22977  371.02698  289.61737  287.7242
 295.599    351.66537  138.41324  346.61475  353.42453  295.1986
 346.843    368.82614  341.307    254.21184  307.58688  349.98026
 282.0965   306.4895   308.5505   288.0196   333.82596  285.1515
 300.63696  339.643    318.02695  410.37396  312.67157  329.20593
 354.03445  345.55905  399.65594  315.15543  332.81204  311.28314
 325.59137  333.55133  353.39517  283.07098  309.4667   422.00327
 407.2474   299.77014  292.57858  292.04446  295.99606  172.13379
 389.76633  340.1365   362.621    358.41116  397.83047  284.811
 303.20645  261.78595  388.333    340.9559   332.90198  366.3704
 305.2335   342.839    302.4667   333.7083   295.06174  177.76491
 352.13724  377.96008  316.40594  344.04608  320.80286  302.31097
 329.53537  270.9042   420.80573  398.66763  298.08405  250.60693
 352.44766  346.11877  322.57837  385.1699   360.4075   348.54614
 253.22989  339.71597  317.86618  356.2383   421.03064  353.09875
 243.89438  364.2551   237.23132  338.30344  307.1872   333.46545
 249.8324   293.6398   333.64508  344.72012  316.80917  295.20023
 165.41818  251.2424   345.84885  362.16446  345.00784  412.3298
 373.57468  324.58893  382.73743  404.07318  245.29048  338.77377
 299.98132  355.12134  308.31757  336.61707  347.661    393.93985
 326.84576  349.91147  408.72293  295.25745  324.05048  261.28693
 321.17447  333.61456  352.6808   362.46274  324.68805  366.3278
 349.63147  333.68127  356.86713  107.51909  263.3142   237.16527
 307.98657  396.74655  298.9733   329.7982   182.93747  334.75073
 446.55988  347.2989   332.02606  374.4945   307.95956  399.19562
 402.50394  384.20526  349.9855   231.57158  334.21198  292.4883
 339.88123  327.8652   337.54013  296.4318   293.59744  372.93936
 299.25473  265.9247   367.3381   356.301    326.54138  355.63873
 330.87454  385.03854  343.88358  326.2266   295.48923  347.60187
 329.128    364.23083  253.4774   338.1599   317.7399   304.3222
 308.01752  395.99258  360.0176   366.17206  302.03302  352.81885
 352.8093   320.2535   372.66467  209.57506  353.5524   330.5601
 317.08865  320.77615  317.38647  347.76547  352.90414  369.40726
 341.15167  267.37946  319.48114  331.7669   353.06906  344.65488
 342.13626  340.64243  314.70724  329.8626   294.67172  344.18143
 304.89355  341.616    388.1135   328.2322   354.06534  264.3079
 218.41351  356.42807  351.33817  289.916    382.0471   114.580025
 379.66843  325.11615  206.59944  413.06317  336.05222  323.55255
 299.2031   368.90048  215.15831  337.42462  321.7784   294.50278
 349.54794  321.51767  324.8833   334.5819   381.9237   317.89413
 354.93076  317.9285   357.14975  345.62076  400.47116  338.62915
 349.8939   341.97202  290.32272  284.41214  400.29272  329.41672
 369.46057  363.10236  312.47147  331.69458  277.6655   303.46497
 305.95862  471.53952  325.7713   311.96692  373.77835  307.9588
 307.0589   104.59213  272.89987  291.60388  368.81155  326.90427
 323.04626  289.47064  304.5956   291.2255   274.4944   347.16043
 326.01767  337.54355  361.7747   340.63562  393.3238   373.09625
 414.70157  377.06992  351.53857  421.2971   343.72565  397.3582
 317.918    328.1495   194.80293  339.2737   376.48187  254.98112
 322.86325  341.71115  409.58502  252.63011  320.68668  306.49316
 316.45865  322.7542   367.85162  336.56943  248.34195  366.0963
 307.47223  387.03357  176.05582  392.55066  396.28012  340.5184
 334.89252  240.61655  311.4095   404.79877  319.04556  254.98807
 353.03452  279.59158  295.25677  383.07248  278.55832  291.84344
 292.93573  394.36624  308.90543  317.32144  319.3105   327.5602
 349.67615  385.1581   387.5533   332.77264  333.97766  365.98276
 311.06912  351.00113  369.08694  273.9991   333.3115   306.1542
 341.27975  304.26135  275.58398  345.87726  341.45007  380.2055
 299.378    410.37115  355.78018  199.18782  330.64014  362.41766
 360.32635  311.37976  372.95642  319.45752  344.247    419.61356
 342.812    408.72964  371.39276  310.24905  198.05084  287.84033
 405.92227  321.01157  292.25314  292.5775   354.5198   313.4526
 369.53873  341.53357  246.4371   320.79858  367.64825  313.67627
 297.7838   340.16174  304.13342  383.29446  303.856    360.87317
 345.09973  162.16354  354.29608  308.38947  249.27946  394.3486
 332.46017  357.33194  258.8282   267.52756  380.1481   370.56824
 416.6251   294.55215  380.07898  348.15262  352.7592   322.85904
 303.13434  321.03748  309.33344  325.57797  363.77054  346.83408
 370.13666  348.34848  372.38266  348.0967   273.71674  379.40375
 302.06778  344.45804  343.0302   350.2014   318.63712  307.81485
 408.87524  331.3624   350.80682  327.49197  370.65482  340.54065
 280.25757  307.12543  367.57654  320.27145  263.17502  340.85162
 296.1484   346.4983   367.84912  325.66638  353.11444  265.2565
 363.62463  323.6874   311.03235  312.55643  359.24994  346.24017
 329.86115  319.1612   336.8937   323.9004   315.40576  342.80756
 257.01172  308.24243  346.3904   324.93027  381.49432  310.94974
 290.36017  150.18849  356.82666  297.6067   310.58804  349.84024
 393.30884  370.9483   303.1822   312.26294  380.03876  263.56967
 297.77237  321.6823   311.95972  348.12378  326.9873   356.53754
 306.49274  312.8761   364.04764  345.16498  363.80783  305.60776
 336.26135  326.21338  314.95325  322.65152  574.8558   351.69284
 372.2479   320.4867   342.9895   319.88364  319.95093  338.37833
 299.9061   373.85562  374.55536  368.37827  336.99918  298.4464
 423.54355  327.54095  298.75156  347.93118  357.36777  348.56854
 170.05862  172.39992  315.57547  363.20755  322.96616  327.78082
 435.85126  383.0566   266.51965  361.39758  319.30164  375.9071
 401.58533  292.23343  365.22562  312.94385  331.04523  322.70212
 282.01633  318.11313  321.63873  341.1864   433.5955   250.86264
 311.93314  300.94543  118.85584  323.26538  384.26028  368.91406
 338.4638   298.92343  391.9057   358.96143  251.63377  368.56454
 353.16763  290.88995  341.11942  336.3168   369.39493  340.4149
 339.8002   369.58804  351.6878   324.24637  372.9332   283.25244
 321.9278   254.10135  313.6487   301.0939   329.5936   343.98212
 369.32895  322.2794   291.94354  268.80234  364.12692  316.01187
 352.27588  253.19945  316.15778  324.80835  252.63309  358.37247
 329.13544  307.74628  324.71054  345.75928  323.04855  362.37558
 365.3609   329.06747  290.31912  336.93036  298.5943   289.16873
 367.27094  261.8736   269.499    376.80692  268.84467  272.75366
 286.79703  279.72327  273.98074  229.11388  363.1234   377.89664
 319.23373  248.22105  200.37433  332.34573  361.4193   341.751
 367.3057   370.73502  311.75348  337.32602  276.4415   357.48038
 341.11884  289.84195  328.05078  398.93973  361.68994  342.43256
 338.82788  296.6575   304.0393   338.24155  401.4763   378.6346
 343.6592   351.3647   323.47952  374.2595   332.72125  307.71402
 324.72357  322.563    296.1721   278.01514  350.45676  346.11237
 334.48434  337.2884   333.49445  360.19244  343.8634   293.27652
 304.0638   376.68314  395.1969   338.28305  100.64462  385.94455
 295.5069   332.6287   318.26364  365.8839   328.08295  324.2014  ]",[5.3562136 6.5330863 4.596942  ... 5.695069  6.0509195 6.748395 ],5.5501456,0.3867002518891688,0.5593495470534567
9,7940,Transformation_Matrix_W,"[[ 0.44868755 -0.19527672 -0.00448522 ...  0.00512636  0.0480904
   0.0672285 ]
 [-0.02358871  0.37135473  0.02387908 ...  0.10977387 -0.11593659
  -0.18858856]
 [ 0.07564083  0.0198772   0.36627012 ...  0.12460921 -0.08274863
  -0.05332084]
 ...
 [ 0.15523408 -0.16733105  0.13006827 ...  0.41741794 -0.01824461
  -0.07271826]
 [-0.10812208 -0.16015935 -0.12857658 ... -0.0658742   0.51665896
   0.08142651]
 [-0.10929949  0.06733605  0.01439583 ... -0.11247146  0.09961541
   0.563503  ]]",,"[281.96985  289.46304  245.78857  250.39665  260.79663  288.3334
 281.84015  293.84988  210.9148   265.05524  230.91461  240.66586
 273.63577  243.15071  238.98405  198.49791  115.94672  317.4302
 221.74336  319.18127  216.03934  265.76733  280.7944   298.1132
 250.04558  278.33673  345.78955  269.4854   264.79227  244.25171
 125.23969  241.72778  274.9567   137.93517  309.2457   262.14536
 257.28857  312.8859   260.0199   243.408    299.22885  314.98016
 280.67764  212.14317  277.06793  264.15903  287.8504   260.84845
 280.98862  271.5486   185.52628  307.15894  246.1361   246.59862
 224.32016  285.46182  318.10095  233.72131  264.74216  288.8776
 322.72018  308.80444  229.2722   259.7544   291.36807  305.31577
 195.6869   244.39946  257.59723  211.078    283.61942  316.1558
 286.74597  185.3735   230.64069  264.41095  337.06592  266.8921
 238.91338  303.56476  269.24387  235.57329  255.1229   274.69928
 237.12358  213.07202  296.21472  271.78516  276.57953  222.65082
 235.49657  306.92328  248.95532  279.84216  263.7238   285.6711
 269.5416   324.1105   250.8332   239.74226  282.0416   280.18323
 222.50365  286.17502  244.06139  249.09293  304.12042  296.09418
 272.37997  240.86967  284.32626  274.97256  226.28839  255.90793
 276.22266  260.76895  357.99902   86.98591  274.13293  261.46396
 311.92838  303.45105  257.15427  307.78842  232.15161  230.8484
 249.36908  285.49753  117.14436  289.05762  284.97183  236.2183
 272.63446  297.06677  274.68762  203.3922   242.83     296.26978
 222.4955   247.08253  261.6389   242.37784  274.3429   239.85251
 252.93988  263.63785  252.05316  329.10294  252.83679  276.56094
 287.29752  277.05344  319.0388   263.50156  263.67255  268.13547
 269.22595  265.6115   284.80234  211.9831   248.59526  330.19205
 342.2596   239.33606  242.69427  249.79005  240.75356  140.44801
 326.7444   271.10873  293.40775  286.2489   320.3167   226.1984
 247.3578   214.26387  308.41623  275.8427   277.49805  283.804
 257.41733  282.1797   245.75415  275.09183  246.28775  142.26674
 284.98203  299.95862  251.64198  279.48367  260.13272  249.47475
 265.44278  231.22801  336.98004  327.26935  244.56891  220.47754
 281.57324  285.10886  256.38654  308.40225  300.96127  283.30508
 208.54996  277.20465  263.52884  279.48663  339.57907  292.90543
 198.00998  294.32983  192.04134  269.66742  256.1015   258.23483
 208.90837  244.4813   278.18826  289.55634  259.75815  237.99304
 141.5476   213.71054  279.33975  304.66153  286.36646  342.38327
 300.0646   264.20456  312.86948  322.9334   203.79672  269.67184
 247.57458  285.07816  255.7043   281.48022  275.1833   310.98825
 266.56693  280.286    322.28467  237.42755  273.3737   219.62622
 249.91296  280.40384  280.69925  299.29953  256.46252  293.50543
 280.39264  277.58142  290.49487   88.69352  215.57317  196.71336
 243.10246  331.48413  236.53154  263.40216  145.99629  266.38095
 358.14304  290.43744  272.6807   283.37698  245.31438  333.86462
 304.93228  296.39838  284.63388  189.05188  279.26227  247.31361
 283.10944  269.6269   280.64706  246.58528  230.6934   295.7287
 252.04787  223.00284  298.89355  297.60895  270.09845  291.32346
 275.2172   317.38275  276.7455   269.0058   237.228    282.83368
 272.12543  300.22845  211.90596  283.6595   262.00723  247.631
 250.12538  315.84503  284.42242  302.71924  249.60696  284.1365
 276.76782  260.94205  284.19614  171.2896   293.54947  260.1375
 266.99112  263.89197  258.60703  292.18665  292.16306  301.0079
 276.45822  221.72845  280.66162  259.67688  296.26443  282.8277
 285.43066  279.97162  254.81413  261.21228  238.8211   292.21243
 241.67296  270.03812  316.82135  271.18317  293.62946  221.36989
 177.34108  289.74258  290.77765  239.44164  307.81912   95.23946
 315.35718  261.2085   164.97842  329.19373  273.97858  269.20212
 242.72908  299.26004  166.89702  279.7979   262.4814   244.56296
 286.99237  256.693    262.80734  267.54263  318.648    255.48877
 289.86563  260.11472  293.09567  277.17722  326.97644  264.34653
 284.33493  278.72937  241.82484  228.75478  321.87057  264.08078
 287.763    299.6621   257.63113  279.60736  215.83798  244.96866
 248.27943  380.1804   264.34262  257.66995  298.11398  247.66002
 256.3873    87.66066  231.55736  236.01532  290.7906   271.2027
 256.98395  240.45732  236.6275   242.4076   216.3994   294.16748
 260.68295  265.36557  298.94177  277.635    312.4527   311.69348
 322.5186   311.2611   290.07935  331.80707  284.88666  319.42636
 263.08002  271.73566  161.01105  275.0831   295.70044  200.43376
 266.26672  281.79202  320.55777  206.33485  257.65927  247.38475
 261.56555  269.09174  303.42493  269.90576  192.03113  291.16522
 249.66481  311.25684  145.46385  309.70255  319.3046   286.4515
 270.21182  202.04652  254.90553  326.49414  268.6228   220.7815
 293.25186  239.12189  248.04915  314.1406   225.11752  240.1499
 241.88351  314.10776  253.46672  252.62837  258.33884  274.18652
 281.52475  302.71924  331.74353  273.2669   270.51474  311.18036
 255.66571  285.49417  308.2242   227.85757  274.9771   246.1641
 277.21246  241.90356  234.27989  278.0643   276.02396  308.74
 245.03355  338.2944   297.16882  162.73029  274.4135   306.87836
 287.2667   264.3017   300.77402  269.40878  270.19513  328.31235
 282.46014  310.04086  310.51157  258.31955  156.61523  219.17493
 332.8486   263.2126   241.2085   230.31496  282.3705   257.0026
 295.90604  280.92502  195.12436  271.29358  293.6483   255.83963
 241.33327  269.91306  241.72542  314.3998   244.42514  292.94266
 286.71866  143.0415   291.94308  240.86238  199.07231  332.60342
 264.80893  287.3784   215.43767  215.22552  299.99252  302.42038
 331.71277  243.50185  311.0568   300.43008  286.33102  247.05678
 240.44383  264.22504  254.25607  274.96945  288.97064  269.37927
 294.23694  281.56094  301.5299   290.96448  226.72955  301.38712
 259.19012  281.57672  282.65375  274.65192  261.533    249.8955
 306.2953   251.88782  288.39774  264.7907   290.54272  274.91757
 227.5753   253.05153  304.19928  264.59637  225.40308  274.14484
 244.40556  264.70816  298.2351   268.2779   288.0781   221.63806
 290.52017  250.64154  264.29932  254.05925  283.02017  286.49808
 262.9546   268.6597   284.3339   258.67316  249.38698  288.46704
 195.65538  256.24957  275.6638   266.4811   317.75888  243.56824
 235.89221  122.32307  291.8695   241.12616  251.71895  283.23187
 318.7923   323.2845   249.93576  249.30489  310.73187  219.86896
 244.08507  268.41174  253.39824  273.5399   267.53418  284.30902
 250.51028  273.44278  290.02634  288.49664  294.7976   243.64226
 278.41925  270.7006   255.47823  263.5342   517.4921   284.67865
 289.39255  260.67197  269.30554  262.631    247.19882  279.3135
 248.87894  295.3634   295.25443  306.9145   280.19595  244.15112
 336.66003  265.93924  249.00763  284.7902   290.93823  273.13214
 134.04596  142.5086   253.89444  300.8092   265.92484  262.27924
 347.06674  307.4941   223.93428  284.6441   255.72832  301.383
 328.2303   225.44298  294.6436   265.19     276.2833   266.5353
 239.88063  264.01694  268.4344   269.4785   352.2219   208.24854
 256.81503  245.31122   96.03058  244.55634  309.60876  301.1459
 279.88193  240.85939  322.5545   296.97504  206.1326   302.32483
 287.3747   233.48758  275.94144  281.8802   282.29214  268.25482
 273.10397  301.3929   280.16263  267.10574  299.72827  233.2665
 257.43872  192.36116  258.61615  250.33919  284.70493  280.13657
 291.97037  263.16718  229.76532  219.72617  285.55872  259.50427
 298.9796   208.30652  255.5292   271.76196  207.45935  283.39966
 253.0363   255.40076  272.2984   286.94214  265.46625  294.0296
 308.67053  267.24692  244.94095  280.10004  243.50417  239.79755
 301.23138  222.35672  218.01031  318.2812   225.64346  218.46167
 249.05919  238.59686  229.3271   189.67912  297.83005  305.02734
 252.10468  210.91989  162.43936  274.89023  295.5593   283.31625
 299.7666   295.76318  259.53436  282.3185   236.34671  293.86823
 281.5499   234.28052  271.31485  323.56464  295.85977  260.9175
 292.2551   237.2146   249.2031   275.33466  316.99316  305.05185
 276.25366  292.75452  267.5315   311.4441   265.38763  254.85513
 262.6228   259.14038  248.6486   234.43745  287.63608  273.97214
 269.1972   276.28897  264.0124   292.20908  293.35065  243.45247
 257.63992  294.32034  308.36325  277.39874   81.776985 306.29532
 252.00984  271.64572  260.521    294.08963  259.90552  269.14642 ]",[4.926729  5.7562895 3.6597521 ... 4.664217  5.535741  6.052521 ],4.9938335,0.5397984886649874,0.6725025452984874
10,7940,Transformation_Matrix_W,"[[ 5.47433197e-01 -9.15383399e-02  9.40008983e-02 ...  1.23049598e-02
   1.07411124e-01  1.60142295e-02]
 [-4.57263887e-02  5.23629367e-01 -3.08216903e-02 ...  2.18624827e-02
   4.47982363e-03 -6.89062923e-02]
 [ 1.39244478e-02 -1.79734137e-02  4.77458686e-01 ...  4.06778641e-02
  -1.71756297e-02 -7.41579682e-02]
 ...
 [ 2.23061200e-02 -7.93528631e-02  6.03151433e-02 ...  5.37846386e-01
  -1.17804289e-01  4.28743586e-02]
 [-3.30069475e-02 -2.01666058e-04 -7.53978938e-02 ...  1.12315770e-02
   5.54306746e-01 -1.37878396e-02]
 [-4.78123650e-02 -2.93867402e-02 -2.04616580e-02 ... -4.66289595e-02
  -3.43063772e-02  5.41072011e-01]]",,"[194.10818  194.49796  180.66096  166.40329  170.73833  194.87602
 196.20619  198.3904   145.56693  174.42798  160.14603  160.7407
 175.86351  170.57568  164.39659  143.4392    83.929886 212.78773
 164.4339   200.72015  150.03526  177.32909  190.89775  200.72246
 171.17679  192.19542  228.64833  178.01791  177.53595  164.27034
  92.6143   159.75769  194.33276  107.34588  201.52652  171.89493
 172.42966  208.95898  171.10356  173.52235  202.44019  210.09698
 188.44685  146.5471   185.74559  179.03242  193.96637  182.6771
 196.07146  182.74464  130.04582  184.78679  168.39601  168.694
 161.27405  192.45639  210.73888  155.64403  185.77913  188.36687
 202.77887  199.95776  154.79517  179.02531  185.63101  192.06366
 133.43552  170.97961  178.08891  150.6868   185.84016  215.28563
 180.16531  131.83661  159.36482  178.25642  217.52213  180.51282
 159.40627  191.17273  186.14471  173.47948  174.24222  184.17778
 171.85825  142.34668  192.4639   176.71835  187.06978  149.9561
 161.68765  209.85889  159.49132  191.42154  177.76537  190.64778
 194.60574  216.44244  154.68161  168.09213  188.0141   182.5028
 150.8226   193.30092  173.56569  177.63536  205.13077  206.29756
 191.50842  165.503    197.78365  183.7976   158.46281  182.59435
 191.14563  171.6702   239.06096   72.353065 184.51225  172.62117
 209.04468  196.75316  175.86519  201.4098   150.74643  168.98332
 183.31276  192.42755   92.4217   193.78383  189.0642   163.70062
 186.43562  202.45872  187.20801  144.23436  162.96484  209.88097
 159.33882  181.99542  182.23462  166.50963  171.929    162.30785
 167.6037   167.38698  171.21867  202.45723  171.93452  181.85149
 186.99564  183.60298  217.62447  173.91103  177.72581  180.15001
 181.26714  180.6342   185.02711  146.95381  165.35841  217.6794
 217.87071  166.59409  169.91658  171.22792  162.79837  106.77667
 218.8638   180.83524  198.80843  194.42784  220.1963   154.10347
 172.79672  158.37923  221.07013  187.12494  187.22363  200.07884
 179.27216  190.47398  164.84212  170.74965  167.79446  105.789696
 185.91768  192.3276   183.32678  187.95601  179.68681  169.832
 183.21387  155.31902  210.10309  216.71364  163.29091  163.4993
 197.52415  190.11446  175.00539  191.32945  204.4597   183.4426
 147.47346  185.12154  176.0173   185.72755  222.39702  192.50876
 143.022    202.82889  144.84193  192.27617  176.27711  181.01994
 138.7482   174.30731  183.08978  192.9301   174.20308  166.63286
 109.75449  144.44202  184.7344   202.9927   195.59259  216.75563
 203.38985  177.99138  209.8429   205.48625  136.104    181.73912
 172.32759  179.08018  178.28862  181.60696  180.11075  212.80423
 171.34503  189.45845  202.15526  169.5012   178.0786   150.4006
 177.453    177.21172  182.58502  197.00217  171.07114  202.27228
 181.69843  188.78622  191.04211   69.55158  150.14586  138.49483
 160.69244  222.99971  155.73341  182.01997  108.10574  171.58943
 223.05756  185.81226  189.58333  186.71394  164.11037  220.48212
 208.02792  195.60922  180.92894  131.64925  194.14691  172.4094
 201.33429  172.87964  191.76215  169.00514  161.47029  196.26387
 171.7952   159.44725  217.13065  194.73392  177.55795  194.73636
 180.68054  207.4124   181.69365  172.54936  165.18938  183.0031
 189.56468  199.0148   150.36786  182.01508  181.59218  177.9869
 171.36484  213.46548  175.38904  196.98988  167.30006  197.64296
 182.4456   181.04291  194.61218  127.23621  190.71283  172.5716
 181.40945  175.1347   162.30716  192.00108  198.41391  204.21117
 199.8953   150.57384  191.2873   173.72884  191.2302   190.63232
 185.43974  193.56712  164.94208  172.31     165.44006  204.333
 159.88518  182.87158  211.37547  175.86694  199.52693  156.3447
 130.24666  196.02708  204.68066  166.74966  202.20982   73.66908
 212.7262   179.8646   121.55766  203.75352  183.41092  182.23247
 165.37198  199.00906  121.34277  184.38054  177.42358  163.14923
 199.39151  165.2969   174.77603  184.43068  204.59398  175.79385
 187.69768  175.5545   191.65112  192.06454  213.71808  181.97891
 194.66136  180.56818  164.41266  161.34654  216.5394   170.18132
 184.09698  185.74826  174.42801  185.791    151.55086  170.33485
 162.47165  246.69943  177.37402  173.09883  193.0193   164.45998
 176.49556   71.57263  157.27773  165.1565   187.85083  192.2961
 177.26854  157.80513  165.09123  171.5767   149.84105  195.17325
 176.31358  180.0593   201.21452  185.66508  216.87608  194.06667
 207.45232  214.48245  194.52287  235.39198  194.58781  218.85718
 183.86469  177.00291  118.66481  174.27757  198.8601   146.31476
 181.36627  183.28     216.45473  153.36125  172.55069  171.40411
 174.57678  180.33456  207.20644  184.6446   143.26212  189.93245
 174.86516  209.48094  101.3986   210.17923  207.33913  191.7187
 182.8227   139.9292   179.53389  223.47903  173.42447  152.43192
 200.99126  157.57944  174.60081  217.44162  158.3317   168.16212
 162.71288  206.5674   172.43094  173.00156  169.3198   190.03581
 190.63968  196.1838   218.26094  177.2662   178.32767  210.4254
 175.05544  173.78218  203.14291  162.75816  183.2316   169.83437
 189.49092  160.15842  162.93033  185.49751  189.74586  210.24869
 168.9566   221.98045  203.4041   114.8335   180.7272   196.69057
 194.47214  172.11311  197.24785  192.92317  178.9702   210.02266
 189.09459  203.7117   209.74554  171.73326  121.136    149.58276
 209.65012  174.29688  175.17055  168.55952  193.88184  171.38327
 213.24236  182.93245  139.37436  185.82095  186.24341  167.00587
 166.5101   183.35027  159.23341  211.05656  160.65123  197.78995
 191.02773  105.767914 200.47054  173.99814  133.35135  217.58904
 173.21233  187.95929  145.9176   147.01343  201.21881  192.54837
 216.01907  165.68184  202.3921   199.31816  180.61969  163.92583
 172.7583   185.20334  183.319    188.03867  185.66954  188.76015
 212.08716  193.44504  196.91653  190.14993  168.03195  201.12396
 180.46202  173.17902  186.30449  185.71327  178.10898  173.87045
 209.10114  167.22934  189.33069  183.03333  199.17177  181.70758
 159.17671  169.72905  200.64348  171.75496  152.92505  189.72311
 169.34676  197.20792  200.76712  179.58157  186.59415  156.76486
 188.74507  176.64064  182.68124  177.60426  193.6968   187.9528
 188.72426  178.1093   184.14502  172.06871  172.2092   180.90265
 137.64047  167.69626  186.33768  177.27982  213.07748  164.11783
 160.47623   95.38937  198.21788  173.75804  163.75699  186.33638
 208.26794  200.74553  174.79721  170.03806  199.47295  148.22697
 175.19011  189.51372  176.37479  187.96921  184.60126  186.48375
 163.62082  178.21985  195.10152  191.3481   199.31824  156.25119
 185.21379  184.73897  179.1834   174.73376  412.80554  187.34732
 190.6595   174.86751  185.10384  175.09471  171.51764  183.5336
 167.97977  190.2566   203.74582  203.60236  181.14917  159.54329
 224.04659  171.48148  170.52422  198.2696   193.1746   182.42815
  99.886925 108.70867  168.11336  202.97617  177.7119   186.40875
 231.63899  207.72224  152.03775  193.98283  167.79306  196.31154
 209.1587   152.49828  185.59596  174.6862   173.95792  179.71136
 165.48647  173.2019   193.3404   186.35408  227.47017  144.56268
 173.52393  165.6975    72.61511  168.0325   211.91386  202.57605
 197.10088  167.9463   202.6544   207.1159   138.5254   205.39601
 197.21442  158.69818  186.61652  185.72348  190.7524   178.77878
 187.82211  201.95116  196.69177  178.59885  193.82724  151.03287
 173.54353  142.64355  176.9156   168.36531  191.8779   188.65775
 194.05582  175.69392  156.7396   143.28404  196.72878  182.79662
 198.1928   148.21524  171.25766  188.42381  144.60658  189.9919
 178.10568  175.4351   180.14044  189.42795  176.24503  197.29248
 206.39558  175.52913  167.38109  189.85     164.30867  164.5554
 205.6218   157.90761  152.67725  207.79083  160.78554  150.42928
 171.71548  158.85565  150.02998  134.59793  200.96721  214.32147
 180.90947  143.30266  117.48912  181.95277  197.92358  182.8686
 192.32408  200.0764   180.41219  174.66855  153.68564  183.44048
 192.5897   158.66537  178.51892  221.10925  198.65804  177.2581
 199.87785  165.34554  171.84167  182.10257  214.21259  209.1678
 186.7433   197.14688  185.80608  207.60156  178.27715  167.85664
 192.78722  176.62027  167.08984  155.5049   193.59758  183.11763
 176.62708  200.63707  165.75905  198.99469  196.74727  172.4798
 177.93398  184.44104  203.51648  189.7585    65.1773   204.89331
 179.76883  193.24474  180.80724  192.50085  180.77487  182.18187 ]",[3.8035557 4.287084  2.4905152 ... 3.3649185 3.8849578 5.516062 ],4.0887527,0.68,0.7965580893866119
11,7940,Transformation_Matrix_W,"[[ 0.6515028   0.01152718 -0.01432882 ...  0.01807277  0.07549507
   0.01856576]
 [ 0.01632313  0.5881026   0.01717875 ...  0.02163872  0.01736396
  -0.03250507]
 [ 0.00897512 -0.00439986  0.5624319  ... -0.01328805  0.01102827
  -0.02489409]
 ...
 [ 0.02140792 -0.06224183  0.02287146 ...  0.6624612   0.02693822
  -0.06961225]
 [ 0.01201617  0.06058177 -0.00961188 ...  0.0147119   0.6797499
  -0.02317016]
 [-0.02537178  0.00871744 -0.00759452 ...  0.01097106 -0.03703856
   0.62534875]]",,"[150.87642  159.76376  140.75366  131.16335  134.70523  155.13342
 152.24025  159.99838  120.010544 133.91722  122.07274  126.978806
 139.82285  135.44022  128.52513  115.871796  70.4918   169.42952
 129.20282  152.68916  119.54204  135.04391  142.58873  159.73444
 128.74878  146.23186  174.31897  135.9562   139.84421  132.20853
  79.941605 125.64831  151.22926   81.15039  156.24753  137.74612
 132.18358  161.33629  136.46506  134.15872  159.55693  155.41647
 147.6841   117.002914 140.39182  137.1586   153.07414  134.99954
 149.2694   139.55977  104.244545 145.57933  128.7485   135.411
 126.5314   147.40399  161.16109  123.21099  140.81622  146.4944
 166.80408  151.98038  120.16575  145.32623  145.12128  141.51704
 102.783356 140.12053  140.06853  113.7209   146.19814  168.5231
 140.16748  109.64968  125.65876  140.93808  165.76073  147.1192
 126.99102  153.51457  145.35455  137.39012  132.48651  142.30785
 132.28699  112.122765 151.52814  142.99255  146.06886  117.953735
 128.06396  163.21533  122.84517  150.92639  141.84227  148.49814
 145.13918  165.24298  123.817245 127.90689  149.47957  145.3535
 122.04015  151.83026  136.25504  133.36328  162.84093  161.52014
 147.60117  129.2512   147.35257  143.95811  120.852325 139.22455
 146.99327  131.21623  180.5323    69.40098  146.79759  137.11761
 166.97377  155.45985  134.90329  158.11035  117.341156 136.2471
 144.35419  156.36008   79.9601   148.31767  152.37218  127.71321
 142.4548   154.49136  144.07555  108.865395 129.65312  154.41699
 129.1384   137.01628  137.68137  129.02798  135.73447  124.16469
 126.82789  138.76036  135.56598  157.8026   131.25569  141.06258
 149.26555  137.13777  161.74573  133.81972  138.57684  141.44481
 145.33943  143.15202  152.51065  120.27769  132.85701  169.11389
 161.58522  128.32014  134.81398  133.07889  128.88638   87.22269
 163.9546   141.69826  156.04364  154.21793  167.10428  126.21087
 133.53421  125.94565  168.73943  140.3576   148.50183  152.81564
 143.18079  146.79115  131.54158  137.7119   129.91414   87.29071
 145.89189  153.36989  141.92842  142.34224  141.90933  138.27296
 146.3826   122.69494  159.71155  171.52188  130.02493  122.388725
 157.41563  153.69664  135.08887  153.07767  155.74883  145.05939
 117.50486  143.0715   137.4822   149.22673  176.24718  144.78438
 113.84001  153.78291  114.66842  144.04706  135.86935  141.58948
 115.61877  132.09953  146.99585  147.09036  138.49901  133.05455
  91.17386  113.36765  149.90363  160.18333  143.66913  164.07677
 157.55101  139.01924  158.92386  166.476    111.439476 141.3753
 134.57607  141.66176  140.08784  139.05121  138.75758  169.82314
 136.12686  146.27888  153.23994  124.37052  135.1335   119.59166
 133.10573  144.102    144.2569   151.18265  132.90309  152.99455
 146.23796  146.38713  152.54951   65.401794 117.5212   113.798965
 126.343544 159.9032   125.408615 141.42288   95.64687  136.5889
 170.81119  143.91461  145.6846   144.0524   133.04536  173.74007
 161.2355   151.2231   142.93648  105.11933  149.27328  140.5356
 157.777    133.76923  153.17412  130.74701  126.40529  154.5392
 136.42632  127.481834 166.5011   152.59892  136.24492  152.93883
 143.62344  159.1073   140.64447  142.83916  127.99262  140.59843
 144.6575   153.56375  113.6479   144.26978  137.34814  137.11618
 133.19855  169.82292  139.74524  154.40356  132.74797  150.54135
 145.37915  136.76709  149.2563   104.09305  148.92561  138.0465
 141.97772  128.58536  138.258    148.52351  156.19884  156.68855
 156.88423  121.466446 143.03242  136.05571  150.29524  143.08325
 142.58069  151.50525  127.331116 134.69698  127.571945 152.8665
 129.13419  141.61494  169.75764  141.76521  155.3448   126.9237
 108.42974  155.82864  162.59367  137.53072  158.13934   66.986946
 161.71501  142.3309   103.36212  160.566    142.9182   148.7644
 131.71133  157.84944  101.87468  146.79985  140.99881  123.32764
 152.23885  133.7327   137.62068  143.65944  154.6146   140.50366
 146.97742  136.68443  149.11798  147.95708  162.44734  143.46739
 142.39528  137.86414  122.143684 123.680084 172.39835  128.28339
 147.3237   143.23988  140.65578  149.21674  124.35222  131.3834
 134.04121  181.52415  137.05466  134.06252  154.32466  133.69742
 138.75905   67.363815 127.36963  129.45496  151.3622   148.27597
 137.63501  127.86249  133.8861   133.78206  120.37735  149.63109
 140.22202  140.9112   161.04321  148.2255   164.8441   148.31026
 163.8719   167.1861   151.94019  177.74796  149.1707   171.89233
 139.19379  141.48714   92.862206 133.6464   153.02249  116.26752
 135.05524  144.27992  165.16861  112.79047  135.23325  134.24475
 138.18037  134.61815  154.21796  146.14604  113.23434  155.87369
 136.13101  163.98807   85.383    170.22263  157.75636  143.11667
 151.76099  113.42547  137.66357  174.5528   136.35611  119.92165
 158.47307  126.042274 130.4484   159.62984  121.797966 128.2149
 128.41249  158.05182  135.12766  133.8329   136.34978  146.39247
 148.72665  152.08633  159.11288  143.07755  135.3671   167.4808
 135.07228  138.46602  156.88773  131.42738  145.15504  129.80089
 150.07254  130.54047  123.03196  146.28828  143.62524  161.65164
 129.67279  167.73132  156.14207   92.09513  145.28705  157.17993
 155.55522  134.51146  148.08955  149.71675  143.94563  166.44536
 144.59683  160.12843  157.52885  131.94835   99.587265 118.87687
 163.45355  139.06166  135.2664   129.77843  149.56604  140.60521
 157.12968  144.2196   113.59543  142.66762  143.15884  129.41422
 132.79965  146.61642  123.11346  170.95877  132.0776   159.79942
 150.08568   82.66015  149.16507  132.80946  107.483894 167.25761
 136.87198  147.1559   116.59345  114.13265  156.71233  153.46956
 164.05325  130.67262  156.96187  153.21954  146.50584  131.18843
 135.45074  144.11357  138.45865  142.84308  147.20671  143.8813
 165.95578  151.26674  151.87656  144.43484  126.99264  152.87996
 139.57271  134.3013   146.68529  144.40773  139.9903   136.9118
 166.50679  134.20444  146.98366  143.17497  156.74883  148.95723
 128.546    139.8874   153.39421  135.85962  121.11078  142.1552
 134.05287  154.01051  158.05952  145.2609   148.9916   118.17972
 147.19946  141.0119   144.80016  142.78024  149.99672  143.8463
 143.6392   149.46564  140.71239  140.62512  135.09488  143.6668
 116.16185  130.99591  145.61226  140.074    161.84407  127.902336
 128.02612   84.51076  155.54831  142.24475  133.67924  142.8077
 158.76616  152.65569  133.76416  132.50333  154.9383   115.23258
 135.51253  149.49411  131.51404  152.79706  142.77734  150.36569
 131.58035  132.25816  145.738    149.01303  158.0341   123.586136
 142.74475  145.9392   140.51085  141.81212  336.051    151.49689
 147.99248  138.79924  144.35631  137.99553  137.39384  145.41528
 125.12671  153.13759  150.80261  161.27118  137.12683  127.358376
 173.26895  136.48589  132.80206  163.92125  150.63435  144.04942
  85.21063   98.28128  132.91956  157.14711  134.13481  144.848
 181.81439  154.22087  122.5896   150.66592  134.20988  155.40157
 163.35638  118.73269  148.59738  137.76462  129.7281   148.3481
 128.79333  138.03577  152.99039  148.49643  169.6567   116.17781
 135.10295  127.77494   61.52648  131.91298  163.15523  159.38086
 146.78151  134.34863  153.99503  153.95802  112.49837  156.48137
 157.22733  125.055244 143.27441  144.81688  151.75443  138.96571
 147.03079  155.06589  152.74321  148.05875  154.61093  124.96204
 139.2533   111.71278  141.229    130.61156  149.48926  147.857
 155.24605  142.27469  125.47937  114.10836  153.88377  141.4838
 151.78883  121.04095  133.9536   139.55121  114.33175  142.50293
 141.27264  135.6274   143.64885  148.8198   139.0171   154.49937
 156.62157  137.03487  126.906525 146.2313   130.45937  129.38295
 161.9173   118.968925 124.188866 160.67892  124.19615  118.01564
 136.72728  128.35701  116.77512  103.65358  153.67784  163.01288
 142.0615   114.16534  100.59954  143.5366   152.79028  147.90187
 153.7557   160.19366  137.04681  134.3788   120.07652  150.82101
 150.81477  128.52644  141.2996   171.60092  157.25774  138.66481
 153.37749  132.05103  134.94878  140.34212  171.26302  160.76385
 152.86476  149.56303  143.2044   157.36858  142.78833  130.2112
 153.02939  137.81929  129.01582  122.67807  145.20947  143.40007
 140.87885  157.56499  141.54527  151.17442  147.9769   138.60504
 142.32935  142.54851  163.49237  148.97617   57.44126  158.30962
 137.3237   151.21062  140.99763  159.46495  136.99399  141.27888 ]",[3.1175015 3.4972405 2.4342494 ... 2.8075607 3.224536  4.0134254],3.6056218,0.7177833753148615,0.8494516486523619
