,Train_Data_Size,Transformation,W,b,Residual,Residual_Norm_All,Residual_Norm_Mean,Accuracy,Co_Sim_CLS
0,4367,Transformation_Matrix_W,"[[ -5.7570877 -21.846916   -4.568869  ... -15.1666975   4.6583943
    4.1974916]
 [-18.832397   15.5643      3.2572505 ...  -2.3414147  -2.8083334
   -1.1902382]
 [ 13.060077   -1.1619753  -3.102547  ...   5.8819313  -7.4334793
   -3.605252 ]
 ...
 [ -0.6776554  12.082632   11.995056  ...  19.87697    -8.0949545
    9.490022 ]
 [  1.8204358 -23.24783    14.441105  ...  -2.243031   -2.5154397
   14.428324 ]
 [  7.935132    4.341429    5.534432  ...  17.183912    7.941168
    1.5359534]]",,"[246.21515  230.05435  212.60239  191.59808  199.57925  249.86339
 247.51556  257.48877  184.15146  201.91563  190.00612  239.10872
 220.8701   236.04604  209.6871   215.39981  123.79088  267.9703
 188.38084  255.6384   175.52425  202.94466  222.37827  278.413
 191.06108  216.6273   304.5344   210.50587  214.08485  193.3474
 123.57577  191.39462  247.98561  131.46045  239.71239  210.08022
 216.62834  264.97626  189.55136  210.31493  256.1471   229.09181
 240.83128  172.12498  214.27213  231.08987  260.71216  232.9704
 230.8862   221.30963  164.8256   252.6105   206.51619  215.07916
 205.03741  236.6388   269.72678  220.12971  205.08818  226.4085
 264.6555   284.42688  192.78981  238.81012  228.29553  227.48663
 187.43434  187.51068  211.25275  179.25296  260.43155  260.9381
 215.17796  174.50282  186.57564  204.6019   273.33417  234.23203
 198.57266  276.69595  226.26997  276.6621   192.07118  265.09012
 201.23212  160.71725  285.5998   236.38069  243.18849  188.3842
 185.25162  260.39468  193.46648  233.48947  231.0498   237.11441
 256.71237  292.74847  203.52605  201.89081  239.73116  229.63797
 186.38101  259.34924  215.8223   205.55157  261.1245   264.74658
 219.98918  189.44246  251.01146  215.856    187.68073  217.74702
 258.84033  197.61496  294.83548  119.35537  228.05597  211.85823
 272.52072  244.24638  203.86113  258.04     196.21227  193.45126
 200.97627  235.74774  119.61551  218.27638  220.82217  210.30779
 248.5695   240.96297  228.87494  184.76196  196.57407  237.96245
 187.28949  209.0258   209.42401  169.6774   228.98605  188.43684
 197.71806  238.27193  230.24593  272.98105  224.5424   219.32607
 250.28914  248.33902  258.526    228.24158  252.04366  195.01233
 238.50337  238.705    258.1725   248.98581  208.25305  284.37424
 269.44534  212.1219   189.20287  189.45723  220.45126  187.22119
 268.6955   236.11687  229.4428   275.19193  277.4633   248.575
 197.93199  196.8609   283.98282  219.05435  223.956    251.98834
 192.41551  223.70097  200.87169  231.21405  194.65952  128.54085
 247.56808  256.15628  235.92906  236.65012  213.86275  213.89702
 220.92691  181.1751   291.23743  287.69196  202.63364  196.94188
 262.6285   238.74384  218.90149  293.07507  250.57489  241.78342
 178.5485   227.13206  226.47227  226.80835  297.14444  224.09052
 166.44214  239.88947  184.32861  228.55464  199.00694  230.09814
 179.5333   192.22604  230.03452  231.84879  219.54703  187.11848
 124.798584 169.35605  250.58482  260.4279   224.21672  273.40128
 246.8045   221.59494  247.60463  284.24005  178.8564   221.3652
 194.51735  247.22676  209.55865  222.53659  230.21355  269.27676
 230.85324  233.78423  270.41293  200.06993  228.67894  176.8449
 210.08879  225.45544  228.48161  240.44458  213.24133  252.95178
 230.1111   230.6874   232.99022  139.58322  182.7537   216.82573
 207.1149   252.81038  200.41173  209.91745  274.80725  213.89108
 297.15735  229.86113  221.34406  236.55396  197.45692  265.2253
 276.61636  281.5649   239.81235  161.70164  229.02069  195.26715
 225.39621  205.5774   234.5027   185.77477  202.65146  254.8681
 203.74387  197.04787  261.9498   238.39262  217.73105  248.59721
 233.29538  260.16513  226.97372  221.20673  211.2531   235.56801
 222.61769  257.94882  158.89594  245.94147  240.02327  207.48868
 214.30797  325.89017  250.9094   257.57007  207.67976  239.82237
 244.40164  217.87976  296.9945   183.52583  254.25728  227.32948
 210.71213  226.54971  196.28824  220.43199  227.13992  238.35205
 222.82062  178.31104  224.89296  235.59676  236.71082  223.92033
 217.99644  250.77328  208.01134  212.93655  200.54277  244.00714
 205.15411  223.13443  267.65634  219.91815  230.1971   195.93985
 221.313    244.35219  248.0415   208.51782  253.30984  100.518196
 257.74316  234.23546  229.33018  300.23285  225.51419  208.00491
 205.43985  256.51178  234.11789  214.79654  200.52603  187.4179
 229.64392  202.3932   246.24425  222.85182  237.68655  243.04662
 213.51537  220.2588   232.34233  236.86111  280.5945   235.72873
 227.74908  239.68979  195.99136  180.86731  265.2801   240.7991
 273.93646  227.06056  199.8618   218.24974  221.28241  213.16467
 245.19032  322.1728   236.33987  201.55898  238.53032  219.73212
 202.7757    99.99297  189.22858  212.29651  257.34583  224.68735
 245.91072  209.28212  229.46252  202.20592  178.30386  229.10092
 235.75752  220.40002  230.04553  231.22253  266.1963   259.12723
 272.4116   258.94324  244.3492   313.01535  228.02509  255.06049
 215.00699  198.3714   169.4799   214.55077  262.45996  173.43709
 216.26314  229.4864   277.31494  195.78845  233.91408  207.49165
 237.08798  233.293    247.02228  234.58914  218.27982  252.03746
 213.51231  251.13498  137.8617   273.29996  256.05365  217.89116
 234.2013   214.3336   205.1798   257.97263  203.12943  163.43927
 217.79767  190.19019  201.06073  268.3013   206.94238  182.30772
 185.06454  289.04718  202.88031  203.356    235.83449  199.48997
 229.68835  279.327    255.67664  219.66359  271.07425  253.27663
 211.70851  234.33084  241.53728  192.92038  220.50229  202.47328
 233.9212   219.31375  171.97247  238.32278  230.82893  264.4863
 199.24991  308.5017   255.88518  162.40083  231.73474  245.76971
 254.55476  189.51855  242.20016  220.8654   235.00922  276.4062
 232.04254  270.6872   252.02698  216.21066  258.71725  211.06122
 268.96667  224.36731  198.12868  223.85657  261.53366  247.97115
 263.09927  217.12997  197.05649  218.44229  260.74274  199.7345
 215.97987  217.02783  197.88557  239.1317   213.35762  238.20462
 224.3723   134.29285  241.74797  229.04721  189.24246  246.1258
 214.65536  241.2995   184.5177   175.81967  254.93942  249.91753
 306.7624   201.68477  245.10811  234.32596  270.77875  225.3008
 226.80974  213.92447  204.67299  227.15782  233.18015  234.49916
 262.00046  222.32428  244.94711  233.43265  179.92879  248.13498
 198.07063  228.62236  239.56023  228.33463  212.05331  206.5029
 294.58994  229.59088  222.72629  218.3323   272.12537  252.86504
 208.57927  207.03055  243.91199  212.44196  170.07895  223.6041
 197.60596  221.3358   232.3897   226.07866  234.40663  176.8975
 234.64789  242.30186  217.77255  214.897    240.72961  239.16283
 231.13771  225.58966  221.30658  241.50362  200.48796  232.78488
 222.21057  201.87088  235.56616  216.5875   244.12971  212.82545
 197.08307  219.30447  250.25063  231.61133  208.72473  245.46704
 273.9502   244.36594  221.7756   227.65233  247.29059  187.23267
 199.01047  227.32542  195.92534  250.38916  208.89352  229.89346
 237.9741   215.96706  235.42686  228.71706  258.89447  209.84415
 234.39546  227.24286  226.60724  203.40833  350.24515  240.30402
 277.2469   217.26439  235.80785  195.3233   230.6615   240.9171
 209.60655  267.77222  249.54622  249.25893  228.94308  190.47804
 293.54855  223.12303  195.77551  239.5223   234.16193  225.7752
 272.00992  179.48112  217.80865  245.57635  204.98653  207.74023
 282.6183   250.19722  187.69931  258.35175  233.18053  267.97604
 268.0888   188.57635  240.74654  220.21886  228.62502  226.78377
 212.40576  219.80305  225.9308   220.45341  312.50726  176.32152
 209.26949  192.53023   95.41457  211.68703  274.2889   256.4957
 238.30319  197.39488  282.20905  257.32855  175.25912  246.77086
 249.99797  195.08768  223.53491  230.07745  269.0299   215.06453
 244.87323  226.19247  236.37714  223.92418  260.10535  185.16193
 223.43578  215.88373  209.06776  202.90373  242.57063  240.40953
 277.16382  211.1173   207.62929  176.18431  259.2594   215.63516
 220.01505  161.09265  213.62668  215.7743   158.4647   226.3591
 224.59607  199.41182  226.49065  243.09834  211.60951  230.97218
 260.65402  225.17181  195.23679  226.30997  180.92014  185.30812
 241.36136  184.32118  191.4066   242.5118   185.1782   193.3456
 199.40659  190.05534  186.90552  158.2699   266.20413  230.18394
 216.66652  165.08556  249.75421  226.56343  235.2498   241.46388
 253.9144   248.21056  199.33138  229.43721  180.30304  247.34967
 222.99321  188.45987  234.09277  265.1279   254.70464  238.92296
 217.8235   202.81003  193.08241  254.02419  281.40082  255.61194
 241.49226  252.29509  223.60126  258.11646  231.23535  200.35204
 215.98323  238.43683  195.75937  197.75565  233.76413  232.00203
 227.24808  222.82857  303.34473  258.1551   225.38608  207.38591
 215.65202  248.45532  269.92572  223.68687   98.15982  257.46368
 191.28645  235.83012  202.87672  258.36353  241.7436   223.69173 ]",[6.0744104 5.379645  6.7281413 ... 5.987112  6.890612  5.428179 ],6.2403164,0.03204030226700252,0.18114631079209195
1,4367,Transformation_Matrix_W,"[[ -3.3875875    3.8623147  -22.106394   ...   3.4753118    0.5749449
    4.2499595 ]
 [-15.134892     6.8506308   -4.398291   ...   7.984002     7.2307935
    1.6970838 ]
 [  0.10609714   5.447147     6.9817767  ...  -4.9540906    7.539216
   -0.7697799 ]
 ...
 [  5.49258     -3.4929652    0.982142   ...   1.1492593    5.109846
   -6.282646  ]
 [  0.77492106   2.419635   -10.328581   ... -10.470194     3.3968143
    6.868082  ]
 [ 14.138401   -11.844662     8.855065   ...  -8.897345    -0.43198982
   -0.5604523 ]]",,"[240.6426   229.346    198.49464  192.13066  196.02277  244.8513
 243.7554   256.57007  176.81871  198.72818  185.65952  226.2519
 213.48297  222.74823  207.18452  208.33842  115.26078  261.52533
 183.99702  248.76167  172.2076   197.88983  219.24803  272.9098
 190.58723  213.63919  293.09872  207.29114  206.878    188.81795
 114.32894  189.81767  242.97789  120.18374  232.40619  202.38414
 207.9799   261.1836   190.17021  207.70984  247.45122  230.65134
 232.06853  168.22992  207.62938  223.86978  250.89125  231.78708
 222.01613  215.74959  159.2347   250.86674  197.79588  207.93042
 188.65572  231.85918  260.0928   209.78629  199.98677  222.16344
 261.156    270.76532  191.28229  226.94286  221.39026  228.97235
 170.94632  182.88168  206.63492  175.11488  253.8848   259.46793
 207.99477  164.80618  181.39703  206.0589   269.71228  226.74748
 192.4916   270.05255  219.9262   257.24307  188.879    258.11615
 197.09114  158.14267  278.642    231.89276  238.96278  182.19437
 182.20273  258.2711   190.74109  230.38681  223.15987  235.18608
 246.45583  287.39548  196.43259  196.71251  229.74596  226.24307
 180.02626  252.50664  208.06264  200.63463  262.2374   263.32983
 219.06932  183.71779  245.72928  211.25592  181.16751  211.44653
 248.61261  193.3442   293.39926   90.83672  214.90434  210.69502
 272.1923   242.1002   205.21593  251.097    188.76442  190.29555
 192.9574   227.71837  112.50145  214.74805  219.0748   195.79478
 242.57625  230.8725   220.5376   165.7433   189.45705  234.80168
 184.93646  206.58368  203.11676  167.70575  218.34924  183.51562
 195.2329   230.81364  222.9338   265.37558  220.07088  211.46185
 243.7459   243.03406  252.71754  220.70445  240.94246  189.82758
 231.09195  229.41057  255.16176  240.90372  199.80467  275.70566
 266.9007   204.12961  184.32831  186.9192   213.66734  170.49423
 262.5119   231.54886  225.44926  260.04813  264.11298  229.37358
 193.77167  191.63698  274.9298   216.52173  216.86612  249.90192
 186.80807  221.31584  199.15239  224.82436  192.63875  125.540054
 242.2937   248.23776  224.90216  228.72957  207.09444  209.91605
 216.24431  175.14595  285.0699   285.3822   194.53554  178.9039
 254.88405  232.16805  209.11615  287.0885   237.8407   236.67976
 170.94374  223.06006  220.7044   223.86984  287.3789   220.19441
 160.68135  234.20857  174.73727  225.49947  194.63974  224.18411
 171.55649  191.24422  221.58376  226.29555  212.25075  183.90967
 120.65189  164.60428  239.5992   251.10265  215.81905  264.68567
 241.47566  217.21065  246.09552  276.58347  171.91292  212.61989
 188.34569  243.10081  202.6839   219.278    226.42844  262.53543
 222.8302   230.17162  265.5195   197.8772   224.39027  177.10657
 206.29765  224.71916  224.06271  239.31374  209.56839  244.3189
 223.8751   219.54877  227.14328  117.82739  176.44618  195.4466
 199.33015  252.50613  196.81166  208.40384  254.64085  211.21349
 289.36746  222.31024  213.17555  231.32318  194.4427   259.9698
 267.4997   266.9097   234.73996  155.6637   224.31673  188.24878
 218.82983  200.89706  230.98607  185.6784   196.014    248.5661
 197.91139  186.06305  251.75694  236.69795  215.91145  241.98058
 227.23962  249.32277  222.67612  215.82448  204.9245   230.57364
 217.13641  245.65808  154.16945  232.9876   234.9914   199.0392
 201.57193  313.40015  245.82228  253.77808  204.9555   232.93257
 237.71107  212.02673  282.82578  172.17677  250.56464  221.01944
 204.45256  215.77802  190.08565  219.57597  219.52058  233.3921
 224.15546  172.90016  218.12837  226.99854  230.73177  215.60991
 209.90077  241.0664   201.89796  208.36218  198.4229   227.35841
 204.03743  215.04155  265.3569   211.07126  226.65416  191.31926
 207.66995  239.36156  238.55237  199.50853  249.31677   94.839485
 250.9739   228.79984  209.359    300.535    220.92183  204.99913
 196.9008   242.51291  222.7232   212.27313  194.78877  181.58357
 228.24542  199.69402  237.44551  215.48613  233.8799   233.32458
 211.62106  216.96721  232.70868  233.978    274.14517  227.39664
 221.25499  239.48132  193.79497  175.90186  263.39532  231.04005
 265.82388  222.1495   197.41351  212.84386  215.69002  207.56987
 235.83887  318.51126  226.62068  194.94086  234.5929   217.91374
 201.11798   89.11697  187.00433  210.588    243.65869  217.98317
 236.76515  203.77477  219.54837  197.28609  177.47191  225.49577
 226.45418  217.07454  220.91144  229.56744  260.24573  256.83508
 262.3322   252.23235  237.03577  290.21323  223.53708  243.278
 210.52188  193.10011  166.78223  213.73895  253.14348  170.22862
 209.81316  228.91821  268.66006  188.553    224.60556  202.93724
 229.38116  224.14778  238.6717   225.265    202.71022  248.38597
 208.41315  247.33398  133.20653  265.4498   247.78102  214.7007
 225.97372  200.61511  203.13791  257.08026  202.85858  161.9439
 215.03725  184.46068  192.94531  259.97232  197.3548   179.87262
 180.38667  281.09113  200.38417  200.61957  227.71405  195.17783
 226.72987  269.82123  247.43329  213.08249  263.81424  245.95091
 204.27777  230.45232  236.23158  188.39081  214.24965  199.10037
 225.28001  212.52443  168.69882  228.93207  225.90695  255.29358
 191.86363  295.75827  253.7118   146.08234  224.384    234.46318
 249.24956  184.9454   233.31946  217.03041  230.43079  269.0108
 225.45988  267.562    247.62537  212.08086  229.67686  209.74052
 265.7706   219.47983  194.2941   203.58202  256.92313  233.43575
 250.80144  212.29938  186.47498  209.37518  250.78325  196.48392
 209.32648  218.52754  194.85925  236.0464   207.72502  230.56894
 221.20615  119.286545 235.2144   223.43436  184.63828  242.50568
 212.62561  236.75949  179.96735  174.46109  246.8915   243.37595
 297.17007  194.97603  236.81467  228.70528  262.19772  220.31105
 217.9947   210.54224  202.16774  218.9328   221.9388   229.95175
 257.72644  218.11018  240.62427  228.59485  175.42783  241.47472
 196.73433  229.0532   233.71507  222.69084  207.51625  201.60481
 288.17447  222.86671  216.16293  218.39299  267.51572  242.79713
 199.86076  203.06958  236.01997  205.8608   162.2867   215.33473
 194.59894  218.34851  220.82693  219.9952   224.39198  169.51688
 229.9088   234.35892  206.5294   211.73996  240.3574   234.3153
 224.21988  220.75514  217.99329  227.35625  195.66328  227.04782
 212.85962  196.85228  230.06357  209.33342  241.0358   208.64142
 190.68777  186.83185  244.71344  222.84708  204.45222  242.9096
 264.78046  236.29918  213.8659   223.33058  236.67943  178.51852
 196.38806  219.45338  190.92386  242.1049   207.34352  229.10426
 229.65836  211.04231  234.58372  219.09682  253.74814  203.0101
 221.93083  221.81024  213.9913   199.53268  342.5446   234.28224
 265.36157  210.36595  225.62433  189.86769  219.83553  234.79121
 200.45213  265.06757  248.90097  245.19196  222.93716  186.7842
 283.62494  220.98392  189.44933  233.95163  227.65244  217.237
 230.8976   159.1492   213.83698  240.65585  205.25912  204.39455
 284.84927  244.01404  182.67406  254.83243  230.26624  261.30035
 262.3884   184.44699  236.49287  212.3853   221.60373  221.9597
 198.02304  213.7578   217.24432  218.30484  301.6811   170.36578
 203.70598  188.2311    89.52901  207.79416  265.724    254.6025
 229.54832  196.35228  273.75153  248.04233  169.0558   241.40056
 241.33919  188.7223   221.4037   225.43999  260.36478  212.70375
 238.2622   220.7454   233.23334  219.26077  252.34198  182.7228
 219.18776  197.97281  207.20624  195.09126  227.24942  238.54832
 266.9737   205.75597  203.17764  169.43324  253.05707  211.20108
 217.52332  159.29831  212.6554   212.10205  157.40698  226.62881
 218.77863  196.0077   223.7085   231.50475  211.07869  229.82065
 253.48065  221.04755  188.58153  220.3541   179.3397   181.47218
 240.14825  181.4866   184.60751  238.72975  181.96971  184.41405
 195.4249   189.1128   185.71617  150.18071  254.13135  228.1753
 207.5983   163.82521  212.27394  223.66173  227.97437  234.50797
 248.33229  244.36049  193.18073  225.25227  177.771    243.16423
 219.34824  183.86543  227.67644  261.4728   251.56766  230.32568
 212.97304  195.0266   189.45662  242.92989  272.84766  245.70425
 237.26555  242.76582  222.72127  244.7969   225.86002  197.27058
 211.67863  226.81796  190.3737   192.73787  223.85918  227.96967
 224.12299  216.35329  280.5507   256.4749   220.68504  202.97922
 210.89322  247.03716  268.00778  223.83897   91.87993  253.22621
 188.84637  231.65321  196.6219   249.78664  234.89218  220.10312 ]",[6.165071  5.434758  6.7787204 ... 6.085102  6.6785    5.568405 ],6.153561,0.052443324937027705,0.22649183557922817
2,4367,Transformation_Matrix_W,"[[ -0.8778859   -0.26372045  -1.6135149  ...   3.8607895    1.7398294
   -2.1831348 ]
 [  3.9336596   -2.661834     6.617308   ...   9.314482    -5.2025614
   -1.4059131 ]
 [ -3.8210185    7.5213323    4.188688   ...  -4.693385     0.41048902
    1.5843952 ]
 ...
 [ -9.53555     -2.736129    -1.4985491  ... -10.782488     2.3861873
    3.6666713 ]
 [ -1.1682582   -4.529133     1.2170199  ...  -1.2794377    1.8667269
    2.3048499 ]
 [ -2.0808904   -2.4902663   -5.288136   ...  -4.8062625   -0.6597861
   -2.1232743 ]]",,"[232.753    226.46461  191.3553   182.25339  191.1251   237.34709
 236.52719  250.28745  172.24661  194.02475  180.36995  207.73485
 211.50294  212.35907  201.79468  199.82164  105.76293  252.13805
 171.2881   242.14558  167.28496  193.69783  209.79001  262.06235
 183.57144  206.28297  284.6776   200.17642  201.4627   183.0753
 107.42448  183.06253  237.18732  114.632675 230.30844  196.46062
 199.14862  257.2192   187.19     202.42947  237.49739  224.23618
 224.44196  163.82587  202.87245  215.45952  244.67331  219.67009
 218.3178   210.19853  153.70415  242.94875  193.77423  205.24947
 178.08188  228.00104  254.3112   205.0958   196.72784  216.69997
 254.25931  262.3651   186.67723  212.10133  219.2392   221.94455
 158.51793  177.04655  195.86436  168.79376  239.54521  247.63504
 202.57622  160.30666  177.42896  200.80852  267.75626  214.09515
 184.7678   257.10742  214.00981  246.74815  183.26234  250.32298
 188.34703  154.98349  271.79846  220.0986   232.22923  178.88461
 178.232    250.24832  186.21666  223.6531   214.62953  227.10202
 237.16696  278.70355  188.22964  190.72203  222.63367  221.96992
 173.47089  244.4317   198.68005  195.09544  253.88982  255.61812
 213.38803  178.91614  228.80215  204.32178  177.92513  203.51129
 236.51714  188.1885   285.8999    76.967766 208.73091  205.61311
 268.27463  238.9142   195.54248  243.35005  183.80666  180.69249
 186.54022  224.43256  103.32598  213.9447   213.87173  189.03702
 234.09705  228.06189  214.0422   162.38417  184.8341   230.3338
 179.99391  205.47581  195.34778  161.95291  210.64133  174.62534
 186.20003  222.66905  217.48671  264.86157  214.14255  207.07089
 237.45201  232.1718   244.9208   213.25648  224.38208  185.22134
 221.0984   226.81422  248.20232  231.34723  191.62596  272.6218
 258.87967  197.7402   181.09651  183.82323  206.48833  152.19095
 259.41434  221.98825  219.24794  250.94043  257.4555   213.29596
 184.5051   185.25777  263.75858  208.83858  209.80142  241.43251
 184.45528  217.711    194.96564  219.17435  187.87645  120.97974
 239.17899  240.75003  218.41734  225.50308  203.12727  201.8322
 207.58626  167.8496   275.00555  275.68375  183.93599  169.42004
 244.05568  224.62587  205.16577  281.67764  234.02762  231.06552
 166.67978  214.06668  216.40445  217.41028  272.7391   213.71527
 152.40639  225.84406  166.61325  219.1825   191.94542  215.92288
 162.84     180.82115  212.76352  220.77034  206.96045  178.18373
 115.32698  161.55373  227.87767  244.76677  211.1959   259.3994
 235.685    209.8314   243.21967  266.8835   166.20718  207.06339
 183.4609   236.65942  199.09636  209.44505  216.62808  254.53012
 216.32155  227.74707  260.07     188.66798  213.3278   168.94252
 194.63136  213.77682  218.64445  232.104    204.59753  239.7474
 217.56657  210.29605  219.73785  105.79034  169.45062  176.60136
 192.80212  243.60318  190.38705  203.87692  222.53157  200.25247
 286.5919   220.36014  203.90152  225.22571  186.8298   250.36064
 258.4109   259.9461   226.46832  151.37259  219.00471  186.35056
 213.64864  198.34901  223.7909   180.09006  187.09264  242.62134
 188.07607  179.66603  252.05524  229.18138  211.5347   231.22351
 226.12912  237.12074  218.0129   210.0116   195.5707   218.36229
 210.42459  243.82866  151.53748  222.42856  222.87183  194.56563
 194.8654   296.82758  234.13577  239.65747  198.71596  226.70291
 231.6631   204.12593  267.7855   161.43852  238.42162  216.47035
 200.74838  209.79514  187.89447  215.8536   217.1399   228.61177
 218.85771  168.0437   211.96707  217.10255  220.21585  207.59683
 202.45686  236.49997  199.03078  200.6648   194.01576  220.56743
 196.38338  208.50278  254.98154  208.96036  218.57121  185.18079
 192.30821  236.15338  229.07338  198.5253   241.39166   86.16261
 245.29692  217.29112  183.0131   289.1887   213.63834  197.53972
 189.39095  234.23302  201.88936  208.18997  187.65164  178.53944
 221.08147  195.05464  227.55333  211.90556  236.01637  226.48042
 210.06773  211.5348   223.10742  225.09239  260.2777   218.38356
 218.30328  228.69298  189.1034   173.77998  254.93448  229.25244
 258.09564  212.3388   191.22748  208.87717  207.20134  199.48068
 225.03496  310.8821   218.30986  191.4393   227.9635   211.40822
 194.73569   84.61783  180.75891  199.71767  233.61632  211.27896
 228.23006  195.84048  212.66632  189.10646  170.44756  219.41771
 219.09254  211.27159  221.41328  222.58324  250.40265  247.23259
 257.59143  247.31367  232.97719  276.91046  216.74498  238.04443
 199.87816  189.66107  159.78662  211.75911  247.05437  165.04051
 205.2117   219.71751  263.9223   178.14934  217.25453  200.57996
 222.29495  216.18816  233.47963  216.52797  187.0655   250.27313
 203.50282  243.03458  125.215866 265.26984  242.29504  207.95316
 219.74902  186.58858  198.4848   248.07811  198.42072  155.18628
 209.07567  176.68861  189.61261  252.11993  191.77826  176.77298
 174.91823  274.14035  195.91103  198.0433   215.64098  191.99391
 220.58513  257.34332  241.34352  207.23834  252.23247  229.64333
 205.89627  221.27977  226.68617  181.50201  207.48454  193.71832
 221.8165   206.43094  164.47563  227.29503  222.02461  252.5834
 186.5291   283.53644  241.1035   140.21207  212.9576   226.1362
 242.31384  183.50264  233.45752  205.10468  224.36589  272.7737
 214.38385  262.43063  238.60107  205.68175  209.95712  204.61836
 253.12611  209.84143  183.77852  195.47765  249.9918   221.03998
 241.29593  207.1265   179.35535  204.05444  240.75586  191.42947
 202.45697  213.1537   188.30493  230.96677  203.62897  229.9675
 209.46448  109.68206  225.00185  213.42233  174.04944  236.87779
 203.9494   228.95201  172.83421  168.6707   236.61424  236.11832
 285.44043  189.74023  229.4794   220.9731   258.293    209.30743
 212.53827  205.0526   196.46867  210.78886  216.13892  223.4964
 248.44482  216.77533  230.85062  223.0975   171.01738  231.70851
 193.06494  221.21846  234.08105  216.781    202.81778  194.54872
 280.03046  217.06827  216.1788   213.02031  256.79807  232.29744
 190.81892  198.13881  228.83514  203.56252  157.04382  207.15715
 189.97054  212.96382  216.64113  210.25945  217.82736  166.33284
 225.34349  230.17552  199.48923  203.11894  235.46008  229.2173
 216.16295  214.1208   212.41412  213.41951  191.49387  220.83807
 199.64471  192.44691  222.78442  203.38211  230.97212  201.41922
 185.9302   161.51021  232.60579  218.1605   198.66235  234.84027
 257.25616  228.82274  207.48143  215.5692   228.5027   170.14256
 185.30411  213.5824   186.17317  233.82503  201.38338  227.62242
 217.94606  206.06013  226.51237  213.38358  245.57307  194.87958
 211.09555  213.09122  205.59695  197.13356  336.79428  228.30899
 255.49939  205.08495  220.62753  187.88991  206.99791  227.1164
 194.32925  257.94846  243.86192  233.64728  212.91318  181.85585
 272.65045  213.5518   184.65416  228.03711  219.97174  217.81744
 184.20149  142.99031  208.18874  234.01169  197.31367  200.14258
 276.24084  233.86401  174.7177   245.29367  215.12581  254.87144
 255.30171  176.01399  230.41565  207.43045  216.11096  216.12523
 188.37135  207.17978  215.10037  213.13147  295.81763  165.31503
 196.40428  185.00015   83.72579  202.44598  255.9413   249.5604
 227.01186  185.86578  262.1022   239.40112  164.32411  236.28319
 230.78432  183.43626  216.03062  213.8815   251.75063  208.5393
 226.53925  216.27716  225.98793  214.99722  243.50542  177.6436
 216.02422  186.69931  198.57893  190.86256  219.91702  228.26581
 257.88416  198.98409  192.21284  165.41342  241.96896  202.93376
 212.69661  153.39003  205.10059  203.38623  155.87509  215.62794
 215.06168  187.12898  220.1843   224.90321  208.01654  230.16948
 250.40889  212.97107  182.99962  213.21611  174.5766   176.61679
 232.58728  175.12929  175.55833  235.21487  176.54358  177.69046
 185.28848  181.56155  181.66827  147.55635  245.99977  228.76668
 204.72743  158.3116   187.87207  216.01604  221.81302  229.46799
 241.70317  234.6624   187.78682  216.45155  171.74336  237.73296
 213.61526  179.97905  221.22159  253.00926  240.94301  223.50658
 207.26312  187.053    182.23473  235.02345  265.11606  240.55199
 232.01196  238.61829  216.21158  242.90347  219.7939   191.59996
 203.91801  218.32506  187.2369   184.13496  216.98912  222.02977
 213.71872  215.14592  262.50394  245.79483  214.60733  191.1062
 202.52937  239.82639  260.51572  214.21335   84.53912  247.8654
 185.73512  223.47429  197.01863  248.16614  229.2328   211.9122  ]",[6.137394  4.8346663 6.650169  ... 5.9378133 6.4336944 5.190164 ],6.0529003,0.07697732997481108,0.26884084302704436
3,4367,Transformation_Matrix_W,"[[-0.3206759  -2.641365    0.30649462 ...  1.9798504  -2.3445446
   1.7461979 ]
 [ 4.4973083   0.91346484  0.91424656 ...  3.9465451  -4.947038
  -0.11061598]
 [ 0.21670578 -2.5930786   0.73090017 ... -1.1333063  -2.4047916
   1.5972095 ]
 ...
 [-1.9552339  -1.8730067  -1.0728403  ...  2.3998766  -2.544475
   2.332267  ]
 [ 3.5471203  -0.818305    0.33790565 ... -2.7750309  -1.123164
   1.0252712 ]
 [ 1.2755232  -4.4792514  -0.6099157  ... -2.5395832   0.4438824
  -2.0891943 ]]",,"[230.67137  218.97261  182.65271  177.31917  183.06671  226.38838
 219.62242  238.98184  160.87433  187.30986  170.20738  189.67415
 201.99083  198.73688  192.8296   183.51057   95.4119   244.97128
 168.53006  234.51173  160.9738   182.62268  202.54509  248.78021
 181.62212  202.69017  283.83206  193.11734  191.84984  172.93005
 101.939285 178.52525  225.66547  109.2342   219.68192  192.07686
 190.43266  235.2143   177.66766  197.96365  225.79536  212.72054
 213.30322  156.79721  200.11865  204.27538  237.27997  213.95627
 210.09877  201.70569  146.62592  233.57266  185.29031  192.57857
 163.50824  219.97064  241.4945   189.84293  189.57149  206.67259
 240.10226  247.02261  180.02274  198.28235  215.45168  219.50142
 145.85556  169.72351  192.96141  161.40434  232.80333  237.25247
 199.24652  147.73389  171.1875   193.69356  254.29965  206.7772
 174.34471  240.1054   208.55608  226.48909  180.12921  236.42471
 180.53735  147.89697  253.46472  209.1503   211.94185  175.33408
 171.92625  237.33955  182.69287  212.97734  203.13701  219.17284
 231.01971  263.2112   183.45753  184.78635  206.92857  218.4249
 165.90494  224.82558  190.72604  186.24776  246.87276  240.1126
 205.87007  169.71733  219.67973  199.39496  171.49112  198.96677
 226.90257  182.51494  272.73065   66.98511  200.5841   195.64189
 259.22348  231.51033  190.69133  235.27797  177.10043  176.05405
 179.85345  216.48775   96.15705  207.69016  212.37987  178.482
 222.78033  220.13997  207.67815  154.09648  183.2335   216.26709
 171.51276  194.37498  186.15417  159.77695  203.01656  168.28297
 180.69803  215.66454  207.09718  250.2981   207.6617   193.23347
 225.48935  222.36449  238.86635  207.81013  210.26491  177.23413
 207.62894  216.45732  234.96324  217.85963  182.84793  263.0719
 250.12805  185.7338   175.73273  179.7365   197.30682  128.9597
 248.58913  216.22081  210.24886  230.7404   247.1144   196.26225
 177.61827  175.82309  250.18413  196.17892  203.29979  233.3892
 178.05292  206.75291  189.41437  203.82948  179.32127  113.44235
 230.71373  230.3505   207.8254   216.23619  201.92195  188.85031
 198.48997  159.06465  265.7902   260.40915  173.4247   160.77359
 235.49469  216.05045  196.05048  271.24796  229.00806  224.76949
 163.8065   206.06136  203.12016  211.33011  260.66623  203.41283
 146.40028  221.07591  150.30801  208.4719   183.61601  211.25264
 153.05693  175.4664   207.03674  209.8129   199.97766  170.13782
 108.14981  156.92694  218.7742   233.08623  201.57397  248.48442
 228.2216   196.6721   238.65463  258.04294  161.67502  198.07622
 175.08177  224.40143  190.86633  201.19968  210.7674   246.84955
 208.44284  216.93163  247.76735  183.80496  200.13828  162.22183
 190.7071   202.36032  212.25616  224.42851  194.76472  236.72404
 205.9344   196.8345   210.71414   89.45687  164.28784  159.88025
 181.90623  235.19768  183.92392  189.50557  190.84373  196.92773
 274.9532   214.35014  200.84105  221.65413  183.94919  236.33986
 247.27016  245.80304  213.8331   143.44435  209.3714   179.14427
 205.2569   198.62302  216.5497   175.44177  176.00237  225.0418
 181.51605  176.22392  235.14691  219.74072  204.12155  220.15112
 212.38078  230.01126  210.9963   203.7855   189.49026  206.47438
 204.30225  235.34981  147.59161  210.62547  211.47278  184.17526
 188.85558  280.64062  226.94983  235.08665  191.61394  216.79782
 221.34386  194.37154  250.23877  148.02193  224.51102  205.43211
 192.21416  202.97313  179.45807  204.33957  211.87538  223.59479
 211.58133  160.39607  207.90729  211.11763  211.5792   203.47722
 201.21591  225.70651  184.49326  196.75294  185.21857  211.44237
 183.07623  207.27718  247.20125  195.85605  211.40637  171.97215
 166.57286  225.71988  217.9916   185.31427  226.7034    76.78154
 229.39561  207.71713  169.81622  270.41873  204.96216  192.45709
 182.197    223.99391  180.46169  201.08554  182.69395  178.4236
 209.70753  192.36214  211.79704  199.42163  226.53476  211.21545
 204.31967  201.96222  215.51643  207.81956  250.498    212.87
 211.4382   217.6859   180.57443  170.87645  252.05147  220.0616
 249.74548  206.56464  183.3265   199.77165  192.9323   192.24721
 218.2962   302.72693  208.50233  186.23453  223.09435  201.36942
 191.18929   73.55766  173.75761  192.3547   223.39993  203.24673
 223.24976  187.11797  202.29813  186.20114  165.97226  212.31985
 209.5733   200.30942  208.03944  208.75098  244.32735  230.1989
 246.00665  235.88493  222.2976   261.52292  208.60146  230.44531
 194.6358   188.65266  149.67654  195.54094  241.42525  156.64722
 201.00575  207.29724  250.03275  165.8072   203.92143  194.92462
 207.27324  201.70212  227.15344  208.65892  175.74866  241.29744
 191.24344  228.67264  117.46027  249.20544  232.168    203.07718
 210.61942  174.28728  190.00966  233.09636  185.75673  151.30118
 207.64793  171.7398   187.54192  239.96968  184.27637  167.22087
 167.22032  265.04733  186.60583  190.96985  202.69304  185.96806
 211.66415  248.38287  235.06345  194.86577  237.86557  226.08102
 197.0937   212.32782  218.6039   169.2428   199.28767  188.41183
 212.61147  199.47166  158.42241  219.8478   207.67227  246.06352
 179.84178  264.91672  229.67131  131.66666  206.62471  223.7743
 226.92737  178.89418  221.91273  194.10995  216.22433  259.92673
 202.88153  255.3738   227.15378  196.62627  186.43298  191.65466
 244.16475  198.2114   173.84659  181.47455  239.75452  210.60672
 233.4369   198.82848  172.35732  195.65535  226.37614  183.58101
 194.62093  207.64413  178.8171   222.4371   190.05759  220.40805
 202.04416  103.04381  217.00764  206.3959   165.7793   227.2431
 195.80151  216.63873  167.61641  165.49968  229.24918  222.13313
 270.11954  183.47452  222.74873  213.3099   239.37006  199.97876
 202.59772  195.96509  188.92336  203.32753  207.39626  217.54263
 238.13924  206.17537  227.7151   212.13803  163.89326  226.97643
 183.99924  216.13608  222.12889  208.0596   194.05644  187.05695
 272.0018   209.29565  208.35312  205.89485  244.64532  225.0609
 177.60931  185.97482  220.94087  192.43292  151.27306  198.68282
 186.10278  205.51205  211.86526  199.62483  208.29167  159.32585
 214.80794  218.77829  191.37077  192.76639  220.20367  216.60933
 206.12003  203.83044  206.27664  207.83119  186.66756  208.87839
 186.77469  185.6562   212.03923  197.63875  223.99934  192.52751
 177.864    132.59787  223.42198  201.43947  191.38235  228.13634
 244.81569  220.88148  203.97284  208.40263  219.26181  168.12433
 182.08516  204.62029  182.14308  218.49838  188.6816   217.96555
 204.26947  194.6501   223.48271  207.57211  235.13522  183.0986
 204.41045  205.57596  193.79176  189.6032   326.3737   221.3746
 237.74872  202.02698  214.06     183.83942  199.81993  217.96912
 186.37595  240.64676  231.62994  227.7698   202.52873  176.90968
 268.69318  204.37347  177.79811  223.15895  214.08159  204.7199
 140.75507  127.38326  198.75684  228.4022   196.52104  196.73122
 273.1264   221.67342  163.7812   236.88808  203.44406  242.33252
 247.02039  171.14825  227.90411  198.87552  208.15263  201.38579
 181.1564   198.77248  208.51991  205.30052  282.9805   156.15031
 187.46759  176.46246   76.380295 193.21977  247.49081  237.33502
 215.6085   178.44202  251.82455  228.88237  157.16072  228.22346
 217.21158  177.15019  207.24747  207.3374   244.44023  198.9788
 217.44131  205.34035  217.89551  207.40514  232.40863  173.27484
 208.30885  177.04216  190.36534  184.6409   214.5768   217.15921
 243.76283  189.7311   178.52646  161.59204  232.8883   188.66846
 206.72066  149.11531  197.41069  193.7884   149.76021  210.27611
 205.38335  184.05093  204.46259  215.88136  200.22472  218.72957
 235.99689  201.83577  179.10236  206.63676  166.93715  175.43175
 225.11316  172.31584  164.57828  226.58485  167.60246  170.00865
 177.8012   171.81436  169.15042  139.9819   236.8645   223.0148
 194.86328  154.50252  159.61966  205.28908  218.40253  214.03452
 234.11389  226.29672  179.94707  211.98332  165.72098  231.40756
 204.86787  175.37213  214.4287   242.81937  231.5293   214.26286
 207.8611   177.01912  178.35347  218.15413  259.38385  229.52443
 217.58421  229.0172   212.09204  233.39276  205.27113  182.53809
 197.81725  203.18973  177.90466  178.89906  204.61296  210.41464
 205.14308  208.80833  237.41455  234.59222  209.71242  187.5763
 194.81805  228.90602  246.21333  207.19469   75.14326  236.53433
 177.27655  211.98996  189.37895  234.45842  220.2542   200.57317 ]",[5.8977604 5.0705705 6.307689  ... 6.007008  6.4061103 5.306822 ],5.921619,0.12035264483627205,0.3190116523450594
4,4367,Transformation_Matrix_W,"[[-1.5609851  -1.1222073   0.76344335 ...  0.06836878 -1.402118
  -1.7970302 ]
 [-0.10602926 -0.8914638   1.8014911  ... -0.47029692 -1.8892591
  -1.1163619 ]
 [-0.98815155 -0.15559104 -1.2198998  ... -0.33602172  0.81981874
   0.61474043]
 ...
 [-0.05897611 -2.1733713  -0.21841872 ... -1.2399902  -1.0830753
   1.6530875 ]
 [ 0.06031042  0.20797598 -0.00520803 ...  0.37558427  1.1994711
   0.39007816]
 [-0.68462753 -1.3562171   0.29887727 ... -1.107899   -0.02364567
  -1.4130299 ]]",,"[219.46059  216.50996  175.4282   173.32515  178.71756  218.05028
 213.6741   227.9542   156.69484  179.47981  164.57953  180.83792
 195.13344  193.74983  184.96313  172.85292   91.56255  236.3065
 159.52287  225.12312  157.84064  175.92383  197.08318  237.46
 177.90373  194.96779  267.06577  193.60588  191.96666  170.89153
 100.050026 173.30087  224.15727  103.90785  211.32628  188.14523
 185.60916  233.13936  175.52937  191.00891  216.62228  210.07152
 202.36192  151.03339  197.55214  196.2123   228.61119  203.84471
 202.98573  194.6823   140.2447   227.70737  179.88976  186.57993
 157.94475  213.69846  234.98131  185.30609  189.52248  203.2965
 229.3469   239.22975  173.88927  195.30064  211.84132  211.07935
 141.64154  166.9972   184.04826  162.49396  226.91702  228.63324
 193.76648  146.29318  169.48782  189.24918  247.03854  195.45189
 166.88924  229.19365  200.92412  210.7255   177.41171  231.73071
 177.34291  144.24657  243.02759  202.50948  205.05127  169.97684
 167.1473   232.09987  179.62022  208.73471  200.39465  214.18808
 222.75314  256.24155  179.33879  180.12     205.98611  213.20056
 159.24748  219.945    180.52208  184.36589  242.8678   234.10432
 200.38321  166.69887  211.62576  195.06636  168.03506  195.34349
 216.56487  180.37653  269.77512   64.5343   197.74933  191.5962
 246.20326  223.458    186.27977  229.11174  172.11989  176.38486
 172.11874  213.60165   88.99029  199.97072  206.36276  177.35112
 219.39833  215.67091  204.2199   151.3363   179.23372  208.06973
 169.04391  190.77243  182.97716  154.05237  196.96494  165.67738
 177.24226  205.55594  191.1456   241.10428  197.92142  192.04219
 216.1723   214.19662  236.3107   197.14532  203.51302  174.8089
 201.56815  204.85892  224.5415   200.14413  178.84853  255.23582
 243.54628  178.13899  172.20883  175.2375   196.12584  119.13471
 245.88985  206.05661  205.4729   215.81035  240.69763  180.19693
 172.52504  168.39223  243.07129  199.11162  197.9641   227.4215
 174.5502   198.49529  186.41911  197.39734  177.33531  110.50982
 223.16093  224.42166  200.86151  207.39603  197.10472  183.88109
 194.3448   156.9792   255.69751  244.07858  169.24524  156.67418
 220.3708   206.85603  193.42238  256.10776  220.04446  220.14883
 154.70801  202.2625   194.3342   208.82309  254.34296  201.96786
 145.29428  217.66164  145.577    207.39412  181.80501  201.71541
 149.44606  173.24893  196.64595  201.52187  193.72217  162.9378
 106.52294  152.07462  211.49467  230.19681  197.89207  242.85031
 216.90666  192.52536  227.2835   252.9541   155.11899  195.2215
 168.69736  212.55997  185.15321  198.41794  204.99915  242.33197
 203.91     209.10005  238.69055  182.37912  193.398    154.52966
 183.67911  196.89607  210.4994   216.09752  193.45413  226.93027
 204.29971  195.7601   208.65804   81.348045 155.77039  155.20009
 178.85393  229.61514  179.63443  187.92091  172.82199  195.18193
 272.2062   205.60081  193.40338  212.41647  180.72346  230.78369
 247.67238  240.28094  205.43633  141.5699   202.55789  168.96643
 195.96394  193.86467  211.74626  170.0352   170.20648  221.20021
 171.92876  167.80742  226.42747  215.2134   196.61366  220.4088
 211.08716  225.22197  205.00719  198.53983  179.83192  201.17883
 198.8331   225.83519  144.1947   207.03494  201.72348  183.43806
 184.57693  265.61838  221.09438  221.09503  185.26187  207.3875
 216.89561  191.5078   239.29506  140.10463  215.26598  202.28577
 186.64203  196.03284  176.33102  202.77547  206.82942  219.24954
 204.7151   157.86484  197.53621  201.6127   202.51071  201.25558
 199.77002  214.47363  181.34734  191.74138  182.26958  201.98965
 178.82347  195.49524  240.59554  194.44453  205.58298  165.7022
 155.96202  215.62683  209.56644  178.11273  223.27473   75.20848
 226.97707  204.6009   156.44713  266.08188  198.95523  186.41576
 174.71202  220.62206  167.15585  193.55515  177.27805  173.49225
 203.52031  187.12149  206.53253  197.46353  225.16693  204.69559
 199.84842  192.77998  208.90222  201.27003  242.30132  202.45512
 206.61508  213.11029  178.02032  165.54128  239.71344  210.49203
 235.98329  207.05925  179.03365  200.19722  184.40195  187.64273
 204.33464  297.52182  200.28906  181.83342  217.0572   198.87018
 182.29118   68.98053  169.1437   186.13348  211.3192   201.95631
 211.6452   175.57198  194.28569  178.70499  156.6346   207.6715
 207.73964  197.92633  201.98558  204.50148  230.50618  225.7096
 243.43492  228.15555  219.71536  254.0486   202.55481  224.3644
 188.46112  186.28317  140.20398  191.69861  235.19601  154.50844
 192.26553  201.94356  250.18369  154.89638  202.122    191.59094
 201.51678  192.8847   216.77766  207.43753  169.0107   229.51997
 186.76958  221.90413  110.94772  245.77605  227.10178  202.69252
 208.49303  163.44151  185.44872  229.07587  187.1975   144.16302
 201.07187  168.68144  180.49678  225.79358  180.5088   163.35692
 164.2457   258.21503  184.93713  186.20404  194.70499  181.36745
 212.62982  236.4896   224.20561  193.4285   223.20483  217.61168
 192.88264  203.9997   209.61688  166.81847  191.75742  178.27771
 209.33469  189.79697  151.75108  213.7575   200.54971  234.39494
 177.63162  260.7619   222.60085  123.01187  203.92416  216.0794
 216.85588  176.9023   221.08206  190.4099   210.5701   255.85408
 196.68303  244.49106  218.17491  192.1769   167.16508  186.50847
 238.92496  196.18298  173.58995  174.57646  227.13628  206.15872
 224.90211  192.39818  164.5821   188.89214  221.74765  182.34702
 188.26678  202.76761  176.71051  223.1564   189.31161  209.91943
 195.84755   97.43562  216.17564  196.75656  162.22961  228.51051
 191.21727  217.49313  161.0827   159.38959  219.1902   213.62639
 262.0837   181.21938  209.62894  207.34134  227.70488  194.02045
 197.505    188.87846  181.93857  193.15521  204.12206  211.91556
 231.48192  201.58101  227.76129  207.32938  159.06169  219.6837
 181.98541  212.46379  213.02034  208.39804  187.69514  186.79108
 264.6758   199.4554   202.69815  199.75056  235.39424  216.37772
 169.19699  180.94589  215.16377  187.8237   151.47327  192.84358
 180.3025   200.00427  210.49344  186.08383  204.49724  153.67044
 214.12971  205.49551  188.7145   193.05563  213.49014  209.92772
 197.87532  190.96507  202.34305  198.94667  184.11078  206.0403
 173.46736  185.15778  204.90599  194.799    216.78809  185.55045
 174.68057  120.9826   211.17772  194.82542  187.13786  219.18344
 240.3262   218.79355  195.44623  204.75337  218.14085  157.86836
 176.88205  195.8671   181.9334   214.97855  185.90785  212.60498
 195.8469   186.11801  215.70036  201.85995  228.23718  176.67976
 195.60683  202.03366  186.70035  187.28299  321.38818  215.39316
 231.89069  191.36313  204.74626  182.14507  194.76283  213.96272
 177.54027  235.88931  230.95078  221.56152  201.77515  170.52876
 260.17987  197.29814  175.76694  213.41884  207.15974  201.84578
 122.39761  118.79615  189.00676  216.3809   188.17532  193.57962
 268.3882   219.89279  162.80411  223.88919  196.54028  235.4639
 240.11647  172.85727  221.573    194.04208  199.5585   198.87137
 176.58478  190.8634   199.45816  201.82259  280.67752  152.36658
 185.01112  172.29645   71.35359  187.95398  235.23756  230.27208
 213.06555  171.25105  245.90367  224.24388  152.01933  221.84837
 210.99095  175.93462  200.52559  201.51947  236.3428   200.19226
 208.52876  202.80522  212.74315  197.07225  227.49683  170.19064
 201.82199  169.82056  185.66763  178.42406  206.70569  207.59222
 232.64664  182.82306  171.74548  156.83673  229.35164  187.77487
 201.62521  144.92326  190.4899   188.74184  144.7061   206.16966
 196.66582  180.96242  199.36653  211.4621   194.2459   213.26683
 228.75127  198.85675  172.91908  199.84547  164.11546  171.22203
 221.41154  165.21207  158.36859  214.02568  164.04056  164.35143
 173.71516  172.23215  166.9277   136.43427  236.398    216.28531
 183.78809  147.32361  146.72424  201.6828   210.05148  207.87425
 229.03424  223.42308  179.78218  201.21223  158.87064  222.53374
 195.73984  170.63235  207.42972  235.82468  224.35031  208.85156
 198.32666  171.74373  173.16583  213.08302  253.77904  223.92674
 209.35324  217.06865  204.07567  227.19748  198.3234   179.70778
 192.42303  200.18169  173.08675  172.26172  200.92072  203.29677
 197.44107  204.08443  226.68018  227.24345  208.04857  178.85721
 187.19647  222.25717  232.44461  200.20926   71.723656 231.70561
 172.26833  199.69434  185.7231   229.0543   210.76009  189.88107 ]",[5.6890054 4.553315  6.548372  ... 5.7184925 6.1776953 5.18598  ],5.833526,0.15561712846347608,0.35249003451736793
5,4367,Transformation_Matrix_W,"[[-0.30316114 -0.25258762  0.6254597  ... -0.2695603   0.17907785
   0.94319826]
 [-1.1514276   0.64227605  0.3872526  ... -1.974036    0.11948199
   0.02170302]
 [ 0.16166627  0.52237475 -0.7747354  ... -0.25934792 -0.5191898
  -0.2918669 ]
 ...
 [ 0.29206356 -2.0041656  -0.2511054  ... -0.78403115 -0.6317511
   2.5005348 ]
 [-0.21545827 -1.5171385   0.10528169 ... -0.5065941  -0.20645253
  -1.2782062 ]
 [ 0.65925807 -0.5151956  -0.5321088  ... -0.8147465   0.36593154
   0.7695101 ]]",,"[202.9077   209.2147   170.63142  167.70895  175.4662   210.46098
 200.26047  213.96199  151.67065  175.2452   160.6507   174.8258
 192.74352  184.11864  176.61203  159.86006   87.71679  224.94711
 155.53874  218.2858   147.73799  173.68974  187.72699  222.5203
 171.52051  188.8054   258.39127  186.1259   189.98315  161.53717
  93.16213  166.8258   213.20367   97.03922  205.55457  179.05634
 175.249    230.72389  170.23282  181.32346  207.67403  200.77963
 197.13324  145.76404  190.2628   185.65771  217.31602  198.87036
 198.91107  187.2253   134.24551  211.19409  171.5988   174.30943
 144.69415  204.72731  229.29353  176.22029  185.09776  193.89456
 213.79935  232.24687  166.8284   183.39081  206.92676  205.79373
 134.18752  161.08026  179.95482  156.25125  217.74275  220.14095
 191.6779   138.101    166.95207  180.99927  241.09283  195.44637
 163.8517   219.38048  191.69835  196.23944  170.57837  218.24722
 171.61082  141.2817   233.28696  195.81252  194.1579   162.44801
 158.66843  225.68727  169.90414  203.06409  194.36732  204.21495
 202.38353  243.56288  174.67598  169.67381  197.46347  199.71104
 154.34912  206.86     172.75641  181.08914  236.35243  225.79308
 189.77373  162.2203   200.76765  190.71596  156.88402  186.23383
 202.16661  174.8492   257.735     60.943523 187.93788  187.9865
 237.57529  213.39781  178.58727  217.16165  166.68     168.95343
 168.4349   203.2194    83.40806  196.6827   198.30002  168.40022
 207.27701  201.1996   196.46324  141.65088  173.06412  206.6806
 160.81084  184.05122  177.28914  151.80359  188.67296  157.40848
 170.87793  198.14261  185.3064   235.2696   185.71239  180.5776
 206.31235  203.91563  233.60318  186.16841  193.04543  173.93324
 192.7647   199.51283  216.2098   185.44366  170.14034  245.94003
 231.31833  173.22964  165.74353  169.5857   178.34702  108.83145
 233.01166  196.56294  201.77962  207.76794  234.57574  173.04974
 170.47955  160.5249   234.86365  195.4983   189.26279  213.59595
 169.75732  193.47615  177.37437  185.36107  175.6204   104.60206
 212.28862  223.06985  185.14485  198.14964  190.43442  177.61331
 184.3507   152.07909  251.00456  230.88213  162.8323   147.03207
 209.58418  194.57213  186.28937  247.70074  209.56865  211.97615
 148.92174  197.14825  189.28734  202.2813   241.99567  194.72337
 136.60591  207.39694  133.75493  199.88408  175.6411   191.71297
 143.32903  167.48422  189.31844  197.99927  182.80977  156.59183
  98.852455 148.95442  204.39313  221.3905   189.17854  235.76651
 211.20825  187.78142  221.5585   241.42128  148.19969  188.53224
 163.68077  207.26343  178.60107  190.88739  199.40096  235.04733
 204.99294  199.22525  237.98604  177.7002   185.47101  150.45316
 174.4749   189.70374  203.9108   208.24825  183.83238  212.12265
 194.82346  189.22481  199.5893    73.08035  149.55736  145.30429
 169.61812  226.42465  170.57146  179.84627  148.02054  188.53326
 261.2191   199.37032  189.7965   208.54495  171.42844  228.3953
 233.82935  230.53633  202.7403   133.27972  195.60402  161.69916
 189.31535  187.44052  198.87717  165.02664  165.21678  211.68732
 162.7623   160.5618   217.72649  207.43602  189.34357  211.55348
 203.59267  215.49513  198.04135  195.19301  174.98837  193.4097
 190.97516  215.0302   140.0353   202.53323  193.68396  172.39195
 177.24702  243.27975  206.03662  216.4998   179.63841  203.9324
 207.92894  179.47736  229.7559   133.74022  208.49896  192.81433
 179.23247  189.61075  170.09775  199.37662  194.9265   211.03012
 194.32475  147.15506  186.96945  197.09064  197.93907  196.18463
 191.04799  205.1989   177.0612   186.26666  173.35355  196.41504
 172.38054  190.10243  231.9963   178.4311   197.61537  160.02328
 140.58636  209.78683  198.73189  174.50456  214.78937   70.057655
 215.78867  188.51614  137.82356  255.05524  192.04204  178.81505
 171.21286  212.71925  149.75436  190.8943   168.45685  170.4321
 192.7889   184.45355  196.27542  187.36736  216.17116  192.74625
 196.05322  183.82274  203.08665  197.71971  231.37526  193.66577
 202.22354  204.44406  171.51955  163.47665  233.13202  200.0359
 218.78726  200.75056  172.24748  194.25372  173.19356  178.31609
 191.69574  279.8245   193.69786  175.2212   209.95158  187.35007
 172.89006   62.69299  168.42184  179.49164  203.96007  190.19655
 201.21346  172.17198  181.02802  165.97864  151.23567  202.17618
 195.63565  189.74695  195.9146   194.9831   218.93523  214.03969
 235.00209  218.09515  209.4951   242.62476  188.49539  220.62006
 183.27266  181.40746  127.9224   191.4056   228.03712  147.15817
 183.35748  194.29324  235.81044  150.25581  184.49385  185.13446
 194.0496   185.34245  206.8829   198.04883  156.72437  214.18825
 178.98695  219.39714  106.241646 235.62073  218.46681  195.79749
 199.47241  151.56541  176.53079  221.52917  181.91992  140.75583
 197.25002  163.37761  173.51279  219.24213  171.65048  162.25029
 160.2736   248.38063  174.9822   181.58966  188.35828  175.91966
 199.6524   226.7191   222.73167  190.39511  214.6031   206.77083
 187.23239  195.05112  206.85019  163.17282  184.15173  174.16861
 203.90958  181.49158  150.7817   206.07513  193.26862  223.01004
 169.43631  243.81226  210.48993  116.06148  193.07878  205.88446
 208.93393  170.71735  216.0983   181.47389  204.8758   250.21294
 191.09955  232.22467  209.22751  184.81282  141.68648  173.86604
 232.48029  192.99785  168.2229   168.12277  214.1007   194.85768
 222.62074  190.99637  149.98201  185.95627  210.14809  177.36406
 178.75844  191.35994  169.11569  213.1874   177.2679   205.67368
 189.64134   94.13702  208.60298  179.89566  146.83191  219.71967
 178.8781   205.0873   152.55743  154.40129  212.40128  209.1936
 238.73601  174.24738  205.14342  200.69829  217.19386  180.48692
 188.94254  181.13914  172.8258   184.9077   197.01308  201.53421
 221.25713  198.50807  220.876    198.28404  153.14478  217.52808
 176.7316   198.60075  199.08502  199.55751  179.53502  174.14851
 251.36932  194.22578  202.65134  194.05176  220.5486   203.25789
 163.61635  177.78711  208.897    184.86185  147.02975  187.16298
 175.77733  199.51146  201.8035   181.85014  195.95108  147.37828
 208.12198  192.47726  178.14807  187.33052  209.35143  204.27686
 196.10219  183.64409  194.5309   191.13065  175.90143  198.51726
 165.03493  179.0493   203.11224  186.35222  208.35497  174.89763
 167.82411  102.59861  203.50005  182.51059  176.9579   201.72243
 225.60478  208.93141  181.24977  189.49051  209.46095  152.40898
 171.21342  186.67618  177.58488  209.45363  178.98227  205.7774
 183.5056   175.40707  204.88261  197.62355  218.3414   171.69875
 186.23929  189.36095  176.30214  180.43887  314.7363   206.28113
 223.86754  183.12857  197.70224  177.96541  189.35866  206.01953
 172.75598  224.74081  227.09016  215.62404  190.99887  164.72527
 253.80591  192.32648  171.31723  206.749    200.1332   197.70615
 110.91566  110.18518  181.7392   211.5363   180.70699  189.52907
 254.17021  211.52292  149.70076  215.29411  186.85367  217.38963
 236.55347  166.04637  211.46585  185.37926  185.19646  185.61816
 165.12155  184.13309  188.44614  200.11511  267.1176   145.32393
 176.95662  166.70016   68.099525 177.38716  226.33534  219.95718
 204.62248  166.11888  234.82602  217.54788  145.29018  211.48323
 201.28923  168.1121   193.27524  198.35046  229.19449  191.37756
 197.9358   197.4415   202.49902  188.1547   215.88107  164.23647
 195.34792  157.69109  174.89552  173.93745  196.63957  203.56824
 224.43718  178.06586  160.67827  151.35434  213.94304  181.05862
 198.3331   139.81094  183.58847  181.52063  143.46326  199.42697
 191.2466   174.48708  188.42874  206.50113  189.5693   203.20859
 215.66618  189.50381  160.91705  190.93756  157.08618  161.90097
 211.71922  155.84602  152.29193  210.00201  158.80374  157.43254
 166.07555  162.44708  165.15997  128.46448  221.94919  203.44914
 178.8931   141.58936  133.06111  192.83951  203.2267   195.25511
 217.26591  213.7807   176.68556  192.61044  155.1233   211.78183
 187.82825  163.92929  200.60986  227.21013  212.54262  196.41316
 193.71172  164.57219  168.74052  207.49704  242.09439  216.524
 198.07358  206.85364  194.05846  218.02022  189.47342  176.00876
 184.39305  188.06638  169.75749  164.0577   195.66124  198.74922
 189.32681  198.16772  206.15573  215.90216  197.41006  171.02856
 176.69617  217.9447   231.29639  193.77255   65.907104 218.05006
 163.03145  191.46971  180.29135  214.40482  200.35321  186.20613 ]",[5.81393   4.8150744 6.3007207 ... 5.8307023 6.374972  5.370489 ],5.7130966,0.203727959697733,0.3936819288508302
6,4367,Transformation_Matrix_W,"[[ 0.21061724 -0.14351101  0.23018262 ... -0.23840176 -0.00653258
   0.21514168]
 [-0.04936557  0.08616356  0.14652482 ...  0.52280915  0.18666442
   0.26025715]
 [ 0.10946361  0.6538901   0.1587395  ... -0.35610455  0.11844291
   0.03781736]
 ...
 [-0.1061352  -0.02699482 -0.10923898 ...  0.06001689 -0.3861661
   0.4891663 ]
 [-0.04948075  0.02440535  0.01017923 ... -0.46863717  1.201667
   0.40614444]
 [-0.3939601   0.20853117  0.11123804 ... -0.1700253   0.15516195
   0.02962134]]",,"[200.67218  197.6145   169.9077   161.09787  170.42867  205.09113
 197.42546  204.74463  148.05379  169.05965  156.18398  164.51147
 185.60374  178.87662  168.6681   154.07643   82.90545  221.20059
 151.16566  212.78633  144.43205  171.4706   183.57446  212.45537
 167.49677  188.75087  258.18048  178.34401  186.91856  162.53673
  88.71391  162.53914  206.10698   93.39264  204.9438   180.13725
 171.61145  223.40698  163.73958  176.31508  201.6922   200.38342
 190.32063  140.30687  188.5869   182.33266  208.83559  197.97797
 193.91565  183.7882   128.6902   201.56416  167.97061  169.05841
 145.90366  196.3945   219.90736  167.12866  181.37225  196.37816
 217.15144  224.2537   161.74495  181.45477  201.59258  204.44926
 132.3909   156.35954  176.78938  147.71027  208.71092  214.61765
 190.92258  133.27574  167.40189  177.28955  236.68825  187.89137
 160.34604  215.57956  183.88661  176.55254  165.23692  207.26608
 168.60672  137.16264  220.88829  186.78444  191.12689  159.69418
 156.0998   220.84361  167.51187  193.4393   190.44102  197.40993
 195.70966  230.1598   171.38385  172.61295  190.00755  192.27663
 148.03806  201.04852  167.94768  175.23256  223.86978  212.90929
 189.59633  159.39502  190.85587  187.2484   153.87611  179.90775
 196.20665  168.4954   245.74477   57.0816   181.82066  182.76974
 230.43819  209.49617  177.13374  208.76875  160.17903  161.5195
 165.38506  199.67993   80.83587  193.78232  189.82135  165.53119
 200.7717   200.51341  192.04091  140.4631   165.51459  197.1474
 161.71912  180.29485  175.07181  150.19514  184.09413  154.5641
 167.11613  189.98552  180.21202  230.1086   183.24396  176.2025
 204.56317  199.97194  222.89713  180.7032   187.10533  168.0181
 187.2118   193.9349   204.05617  177.447    174.12012  237.59972
 224.78078  170.2447   161.84087  166.62875  172.98619  104.108154
 226.06181  194.17134  192.61514  203.93242  227.46097  168.23988
 166.33669  154.23106  224.72646  191.95427  184.53883  210.54869
 164.54146  190.81174  171.44218  187.19424  171.7169   101.98282
 211.55429  217.058    175.5385   187.9402   181.95692  174.39983
 179.94083  147.288    241.83945  228.65564  162.73723  144.04094
 210.04889  190.57808  185.50194  234.18138  204.69815  204.00409
 146.5963   192.2817   179.08989  193.98422  241.1665   194.92764
 132.88795  203.94138  134.06512  197.04758  170.54434  186.33212
 136.3458   161.82549  189.76114  191.80867  175.86287  156.4045
  93.47504  144.75046  190.01285  208.07132  185.79991  234.99033
 209.5472   183.61838  212.23283  233.64833  141.01987  184.72118
 163.85136  202.22195  170.64078  186.4726   193.85341  228.79709
 195.40982  200.28818  231.04271  170.17543  181.30946  146.24353
 174.1625   183.2414   200.30598  203.78452  185.9443   205.94011
 190.80751  183.93593  193.71193   67.23456  149.11916  141.46877
 167.68521  215.75244  168.0378   179.19043  130.59906  181.56
 253.07753  197.90729  184.74446  203.98364  168.01611  222.75531
 233.231    226.65968  194.43973  128.1199   190.38872  158.93393
 189.17215  185.06091  192.10854  165.28659  162.93817  205.59181
 164.81497  157.45747  210.555    202.19508  182.20923  202.48999
 199.77405  212.71352  194.16893  186.91295  169.38432  189.22676
 192.01695  209.43224  136.34712  199.94841  189.284    168.58476
 170.89052  237.4785   199.34819  209.45392  173.74217  201.84718
 199.78725  175.12944  218.88535  127.33057  199.24974  191.23729
 185.00612  183.59962  167.67557  196.4554   198.76837  204.07329
 183.11386  147.0326   178.79015  190.02756  196.95796  188.07959
 187.77475  201.76663  172.86127  184.13315  165.94057  192.58557
 172.87372  190.00574  218.52158  183.02922  196.14925  150.77605
 131.6402   206.43027  195.5487   169.28185  208.02475   67.1563
 207.61745  184.58684  127.24355  249.16162  183.22563  177.07552
 166.88326  205.28728  140.324    188.18616  167.28725  166.21115
 188.72311  178.26466  192.07039  183.50827  213.8986   183.12181
 191.88431  180.33116  201.39606  196.4183   221.43692  189.92397
 195.85437  192.43779  168.78029  163.75874  229.76868  190.34752
 208.29396  197.46094  171.84511  185.05852  164.72986  168.97841
 186.33728  272.02222  183.39407  174.26767  204.31407  181.56908
 167.72095   58.577557 160.34882  171.32576  205.52731  182.99258
 189.44536  164.26372  176.97691  165.63135  149.96825  196.05934
 190.80525  183.07973  200.20065  190.08157  217.12547  207.6904
 230.92818  211.62518  205.50235  238.01923  186.70479  212.76137
 180.27591  176.25076  122.82885  189.15424  223.1494   142.39757
 176.39223  185.74377  236.81013  144.66167  182.5052   178.12042
 181.32419  179.429    204.32503  188.63507  152.26315  207.3589
 174.58955  214.81801  102.274925 226.69087  220.27461  191.33217
 194.85422  144.68991  174.31696  213.67044  178.26993  140.10304
 188.12714  160.27054  166.9658   211.0695   165.18466  152.67212
 161.71709  234.01857  178.15874  177.3086   183.5528   173.02258
 197.14656  219.00244  216.52594  186.06448  206.49295  197.93521
 185.20374  192.34882  200.44653  157.42596  173.88303  169.07436
 191.81082  173.35538  151.47144  192.08344  190.83984  212.50487
 163.13924  238.70587  205.69531  113.738495 188.75226  206.22295
 206.81235  168.25345  210.56732  179.78749  200.35188  241.05705
 189.16252  230.67285  205.57306  177.21759  129.26796  165.95218
 228.71646  190.67683  166.04904  161.15253  205.48473  183.37898
 212.90503  185.56694  142.6254   184.34529  207.62596  172.772
 175.03207  184.80261  167.4732   211.00026  171.56868  200.61
 185.88445   91.926994 201.92766  179.40572  140.8637   215.67113
 181.15005  202.56537  144.35303  149.345    207.69598  204.11069
 231.08899  169.8139   202.50983  201.94424  207.3249   174.17053
 178.64352  180.28128  171.66661  179.4589   192.01654  196.54936
 213.39362  188.43602  216.0919   193.39333  149.55153  207.60541
 173.22823  195.16226  195.0771   195.02124  181.54852  172.54466
 237.13867  187.11424  192.64896  186.01192  215.13466  194.54756
 153.53288  172.26907  206.72626  177.60811  140.86636  187.23001
 171.16803  187.7416   200.04515  176.78123  192.71492  147.40393
 201.36896  187.31787  173.2069   180.38513  209.66599  202.98924
 190.00334  174.71997  191.3566   185.53     172.12436  190.72589
 157.80371  179.4921   198.09862  183.1725   203.14117  175.60521
 165.56705   96.41111  201.52155  177.2406   175.92838  196.7219
 221.4397   210.907    176.63295  185.97269  209.03137  149.18196
 165.34007  182.95781  169.59367  207.56058  175.43306  205.11401
 177.7924   172.06268  201.79243  193.33759  215.5395   168.51537
 183.35318  182.3253   173.67104  177.68759  305.91522  195.64226
 217.82791  182.00247  194.43451  173.94579  184.60002  197.71104
 167.64478  218.96848  218.3461   205.10512  186.33243  164.02785
 247.30508  181.46945  165.89107  199.34445  195.64832  191.56738
 106.77726  103.65722  177.0947   205.15784  179.32591  181.85379
 247.72423  205.26205  147.56528  208.28679  180.83832  210.66501
 222.55077  160.68814  208.61378  182.44121  182.25858  183.7478
 161.86324  178.65767  184.08165  187.75024  264.31613  139.31526
 173.23328  162.9216    67.70937  179.29732  226.93698  215.16956
 195.3998   165.01     225.08841  205.85469  143.75092  205.94508
 192.75366  158.80927  188.04317  192.28874  217.38367  188.71715
 198.27083  195.03374  197.66508  181.05681  211.38791  159.33661
 184.59471  149.30223  171.22786  168.46446  193.91533  193.69658
 221.64243  178.529    160.2971   150.0416   204.16748  174.31563
 194.93465  137.1716   171.01862  178.51782  140.68327  197.59943
 187.08409  167.82228  186.51335  197.30212  180.76372  198.33717
 209.32422  182.9684   158.3421   189.61076  157.3844   163.32675
 204.602    151.665    151.75662  207.81723  150.98767  151.57516
 161.85986  160.15375  159.15897  125.81227  215.59908  208.26884
 177.52147  136.31303  129.31703  183.92543  197.88391  193.78796
 211.63675  214.01187  169.63383  189.07927  156.67685  203.84723
 186.82295  161.05319  191.57785  228.41818  210.49557  193.8299
 192.99239  159.08604  169.56078  199.96432  231.28148  210.6488
 188.95438  202.23996  190.33153  212.92084  187.43245  170.78159
 178.64545  182.99689  166.03809  165.76962  193.09856  194.95506
 187.49414  189.81277  195.70802  209.21803  193.40701  168.1635
 175.2806   210.92325  224.01857  190.10909   62.49019  219.94493
 162.92113  186.01686  176.06294  212.4107   193.45708  183.19293 ]",[5.8927264 5.1517835 6.3246026 ... 5.2040734 6.496619  5.3864837],5.636349,0.23959697732997481,0.42200221653153275
7,4367,Transformation_Matrix_W,"[[ 2.2234465e-01 -6.0323799e-01 -3.9042611e-04 ...  2.8023028e-01
  -9.4117507e-02 -1.6580044e-01]
 [ 1.7656831e-01  1.9107875e-01 -2.9746649e-01 ... -4.4964266e-01
   4.9703941e-01 -1.6144690e-01]
 [-4.6145450e-02  3.4281385e-01  3.6526442e-01 ... -2.1159236e-01
  -6.8511927e-01 -4.5313573e-01]
 ...
 [-2.3057969e-01 -2.6688453e-02  1.6755387e-01 ...  3.2904500e-01
  -1.3024287e-01  4.4480744e-01]
 [ 6.3828863e-02  4.1206974e-01  1.2773594e-01 ... -3.1214249e-01
   4.7108367e-01 -2.4094282e-01]
 [-2.3175037e-01  2.8567967e-01  7.3622786e-02 ... -1.3238389e-02
   2.0071059e-01  5.5461586e-01]]",,"[192.52397  195.48303  166.23604  158.03352  168.96994  192.48544
 190.76082  201.89389  138.2359   169.25906  149.90181  163.68492
 177.6208   174.08517  167.39337  140.73488   79.07952  216.65123
 146.46925  205.16353  142.00262  170.30797  181.37354  207.08702
 165.58615  182.85767  243.42528  172.80472  175.26753  156.09306
  84.60298  158.17178  196.81944   93.638916 201.13695  176.36269
 165.06902  224.82733  159.13734  170.0931   197.03741  193.68507
 183.07362  134.26772  182.42632  184.31808  201.0225   190.30945
 187.3586   180.14235  126.842224 200.25105  163.5095   163.81245
 141.08022  195.26657  211.01562  160.51482  177.12639  187.44687
 208.54608  219.71367  150.97388  175.03027  199.59393  196.4837
 127.95621  153.375    167.9517   145.5225   201.18752  211.33493
 184.0725   127.11571  158.12611  173.60185  231.60619  181.53053
 157.1907   209.31274  182.12292  169.87372  162.52399  199.81897
 160.2673   135.73172  205.80096  186.3073   187.34354  151.81087
 148.1472   214.88577  163.88524  187.63132  181.59367  193.22752
 188.03705  223.69205  166.31543  164.92378  184.27287  190.80888
 145.39624  189.58261  160.12065  170.92998  214.88318  205.8179
 187.06999  161.419    185.01962  178.575    149.10777  173.61638
 186.70935  164.84154  238.60915   53.945312 180.04045  171.6632
 220.71568  201.47646  174.28877  206.01546  157.20935  155.03618
 162.47414  191.58073   78.541046 187.78384  189.36905  157.89177
 195.4768   195.74231  186.28214  135.00851  165.36507  191.86247
 156.05687  170.44016  171.07886  150.38719  177.91603  151.78839
 166.44614  183.23045  176.03064  220.0034   170.74567  178.26622
 196.0047   198.54832  216.03578  173.15721  182.63153  161.15051
 181.2514   181.69049  197.81194  171.38287  167.28699  230.2578
 221.23024  162.27977  156.31906  162.35254  170.64696   97.5582
 217.99628  189.40321  190.63312  198.49979  219.22768  158.39174
 160.91896  146.87189  213.8138   182.08282  180.54271  203.39143
 162.28938  184.8322   167.97307  180.68735  162.5469    99.254196
 201.17477  211.35406  170.9259   186.76912  179.11351  170.23117
 177.22957  145.35768  233.88269  225.23138  162.77852  139.06792
 196.217    191.18399  180.79285  224.453    202.47691  194.05359
 144.76892  185.66234  175.86739  193.83841  236.28664  186.68137
 129.4111   194.90541  129.93819  187.28618  164.14563  182.91667
 133.33658  159.46259  183.82407  189.16821  170.02818  153.35866
  91.55981  140.60214  191.46643  203.90376  179.54164  229.76309
 200.96599  175.27237  206.66995  229.14981  132.76253  183.4765
 165.03084  200.47748  168.94618  183.51743  193.25389  223.36678
 185.14677  191.00935  223.01448  168.34784  179.28502  143.07133
 169.61813  179.44081  189.3832   198.20856  176.1217   200.14053
 185.72809  183.3538   191.64394   61.38983  144.31789  132.41641
 166.84529  214.96356  162.26187  176.58623  116.03649  178.52502
 245.58362  189.63521  178.88074  195.86867  165.00061  210.77866
 224.64116  220.12204  191.44742  123.210556 188.14398  156.58386
 180.93147  181.8632   189.42232  162.52817  156.34879  202.37733
 160.95595  152.82578  202.4779   197.2006   178.8374   195.2756
 188.65445  202.26842  188.17181  183.55043  162.68147  188.70198
 183.69958  198.67572  136.00981  196.8983   183.75018  161.58473
 172.69856  222.67117  200.14024  204.02744  166.29747  192.80615
 200.12973  172.93384  214.66118  118.68038  191.12817  184.68077
 173.4901   181.02092  165.25325  190.6778   194.09836  201.1112
 182.037    147.27876  173.02905  186.48445  189.47493  179.2824
 186.30666  189.39635  169.8148   174.74403  163.3834   186.34676
 164.2553   183.28355  206.70927  177.57565  192.23508  142.87456
 126.247574 198.09634  189.2853   162.94447  208.01605   64.73701
 206.14026  177.87668  123.377396 233.5371   179.63716  177.62668
 161.89589  198.54704  130.23479  187.03592  167.24066  166.14436
 181.75163  172.85771  185.38557  177.47983  209.58488  175.75197
 189.84015  172.19182  196.10495  191.62872  217.61916  184.57634
 194.71397  188.07274  163.72557  155.13423  219.00974  188.17265
 203.76901  191.9184   167.66327  185.13983  162.83763  170.06026
 176.85193  267.31293  180.72708  172.34868  201.87859  174.21739
 164.66255   57.689003 158.54938  163.35965  194.17935  183.75558
 186.955    161.53217  170.98805  156.95738  147.16454  189.61655
 183.74062  183.45586  190.46649  184.19827  212.2829   206.79619
 222.03607  200.90163  194.76208  233.17963  185.50397  211.50131
 177.56989  176.02171  118.583855 185.8325   212.77586  139.00006
 173.78044  180.67262  228.93608  140.21013  174.03897  168.11145
 179.38872  175.19371  199.23895  187.89017  141.59103  204.58627
 166.1168   206.80328   96.39809  220.03831  216.81387  186.53175
 190.81659  139.27167  171.37096  207.84915  175.40685  137.55148
 188.57957  154.23141  162.6947   201.24019  163.42493  151.4449
 154.78285  223.67079  169.13364  177.01057  179.43059  172.51534
 193.64102  219.18822  209.8806   179.19086  196.50801  198.89604
 172.87595  189.09258  197.73186  154.79631  174.45088  164.92867
 188.85332  172.9065   146.68085  187.32057  179.97165  203.4382
 162.39319  227.52403  201.56598  108.6075   182.93117  197.00569
 197.50311  160.27802  208.59683  174.11273  187.62561  234.68106
 186.07011  220.76839  202.62398  170.92076  118.174736 159.94981
 225.05861  188.11606  159.78506  155.4915   206.32138  180.95972
 205.8525   183.02643  135.47641  181.43967  200.8222   166.91707
 168.02487  182.4906   164.36029  207.29085  168.81017  192.8375
 184.35707   91.257744 193.78258  170.51965  140.64653  211.14914
 175.39136  193.68587  139.58868  145.14581  211.15717  200.24483
 229.81479  165.72513  199.86224  192.79567  199.58     176.25621
 166.42952  173.26733  166.69809  174.70724  185.30435  192.72176
 201.04546  186.52448  206.6907   191.30426  147.42441  200.97412
 166.55565  184.17537  186.68456  189.92926  175.63313  167.781
 233.45128  180.65025  187.44571  176.83609  210.70245  187.77892
 146.12976  169.997    197.19122  175.46211  139.32605  183.59366
 167.1213   189.37192  192.93813  170.76648  192.16074  141.60294
 193.48956  179.525    169.95161  177.69794  205.57848  201.15749
 186.76152  171.85062  186.36934  174.69904  173.7735   189.62871
 144.24863  170.54666  193.9333   174.42223  203.51234  169.59409
 161.36102   87.63529  199.38971  165.22665  169.64221  189.1696
 214.66055  206.04486  168.98901  178.50989  205.32518  143.08043
 161.68318  175.38144  163.38414  198.7618   171.30302  200.46849
 173.19377  165.10556  197.33882  186.55507  207.46938  167.32176
 178.21085  180.64977  169.89366  171.87529  306.58475  193.92801
 209.12248  176.23647  195.45116  167.4949   179.43079  194.83354
 162.16364  209.34299  207.95697  198.81699  183.44981  160.83453
 236.85779  177.1781   160.1839   190.69908  192.68376  184.65598
 100.92207   98.369606 171.21347  200.19997  172.92403  179.41614
 239.27718  200.38933  145.0953   198.14679  173.43909  201.71481
 219.41937  152.77449  204.62701  171.62524  169.83012  179.01555
 160.16817  172.27861  176.78523  184.96117  254.08655  140.7331
 162.9115   163.32135   65.92441  176.10445  219.86617  206.12433
 188.50491  163.53381  221.23717  197.23372  137.18468  198.56897
 191.80707  158.3744   184.20992  191.97682  207.2274   186.84311
 190.553    189.67818  192.2638   178.85985  208.0865   158.69707
 177.72972  139.80101  166.93958  167.40163  184.75998  185.6848
 210.13306  174.75233  154.01134  145.86797  200.12047  169.70454
 189.57272  133.33377  162.98776  177.80118  135.10565  189.45256
 186.85408  164.60648  177.55228  190.37132  178.61824  192.24121
 196.39087  174.28502  155.11873  186.93076  155.31512  158.00677
 195.54547  144.10414  150.60602  200.8969   147.33333  147.6669
 157.56352  152.55716  155.30696  123.74947  207.81697  202.87549
 174.4702   135.67116  115.507195 180.65196  189.5353   183.66196
 205.37802  204.54591  169.93825  182.49043  150.57968  199.18239
 186.24284  153.22305  189.70009  222.58946  206.3964   183.2611
 185.15643  153.95439  164.14355  194.37836  227.0614   206.0322
 187.03903  199.71384  181.50108  205.0199   183.14838  166.64374
 174.33852  177.22545  162.16391  158.67549  188.16481  196.4826
 177.80852  182.52112  185.63184  200.66786  190.54378  165.40575
 170.93587  210.15144  220.5509   189.4619    60.061264 215.886
 160.31488  183.99931  173.68613  201.22472  180.58046  179.44052 ]",[5.9254756 4.6429696 6.317446  ... 5.3294454 6.2822714 5.2629786],5.5535893,0.2680100755667506,0.44691688953105274
8,4367,Transformation_Matrix_W,"[[ 0.43936688 -0.257977   -0.22933896 ... -0.20171751 -0.0011077
  -0.02137728]
 [-0.22061484  0.1727992  -0.39343596 ...  0.2027821   0.24687895
   0.08702903]
 [ 0.15390348  0.07922459  0.01485051 ... -0.18116052 -0.23056635
  -0.26892635]
 ...
 [-0.07344545  0.20720063 -0.11837262 ...  0.26021215  0.02208596
   0.12539522]
 [-0.29927376  0.34548825  0.13709258 ...  0.14199981  0.75454015
  -0.10306349]
 [-0.06990978  0.03637385  0.22341079 ...  0.18485498  0.1551279
   0.4529167 ]]",,"[175.86743  177.99986  152.92207  149.73532  157.1256   173.26941
 177.19867  183.73499  129.42326  156.90782  137.98595  148.19147
 159.55096  152.2045   153.07393  124.17079   70.33801  200.8795
 133.75221  193.4323   129.22296  156.33717  170.706    185.75266
 148.13045  167.70888  219.13129  163.93576  163.99576  145.87334
  77.96894  146.79184  176.01222   84.892555 181.53075  160.29707
 153.43193  205.2034   145.10707  152.79794  179.11276  179.99269
 168.23389  124.450836 166.68192  168.61682  185.16017  169.50601
 172.2439   168.17494  115.37856  184.40923  151.77856  149.28568
 128.81747  173.67761  196.42084  145.00443  164.77783  170.76614
 195.17844  195.45688  142.26157  157.89677  184.56892  182.75633
 116.02756  142.37898  158.9739   134.28668  182.30255  196.54546
 170.43396  117.908485 148.80414  157.46773  214.74582  162.94295
 146.93884  191.52783  166.48769  150.42899  149.20929  181.46468
 141.6345   123.37874  191.12889  167.3319   170.74132  136.46736
 133.51808  196.24957  157.41582  166.39595  164.18077  178.66333
 166.04214  201.91083  157.4504   147.89888  172.75125  175.88458
 137.15472  177.3811   150.75948  156.73964  199.48502  183.22108
 170.81255  145.71701  168.95644  166.79631  137.77168  154.13858
 175.4475   154.38403  223.63025   51.083786 173.45627  159.9751
 201.53864  189.48737  156.66321  184.99149  142.69337  138.24242
 147.71037  173.65259   67.30719  172.90527  177.34032  145.79767
 178.48647  180.79913  171.32303  123.79469  150.65598  176.82985
 142.86237  155.63283  158.22102  139.18588  162.48985  142.76633
 150.0849   167.46992  163.70488  207.92224  157.78584  166.15167
 176.92264  174.05751  197.72836  158.322    170.38805  154.49036
 165.8866   169.14577  177.88197  144.36029  154.9647   209.48804
 201.98634  144.10359  148.20479  151.8223   153.89696   84.732346
 194.94302  168.37462  177.91002  181.8089   201.11678  144.21704
 150.85133  131.34412  194.66232  169.91608  162.58435  184.45145
 150.44176  169.07182  151.43321  168.7663   152.98427   90.26968
 186.92638  194.10335  157.33446  167.62885  159.4846   154.13449
 165.83322  132.56096  214.88457  200.2217   146.1687   125.14232
 172.59717  174.81894  171.39435  193.5233   182.145    174.86325
 134.44994  170.34636  160.43639  181.90855  202.62827  174.65906
 121.40143  184.92899  116.21426  163.4554   152.83307  167.35136
 121.66748  146.75404  167.38104  177.28564  152.56679  144.52687
  84.98612  130.83742  172.97261  185.36163  162.41359  205.6927
 187.45087  164.0163   187.47842  205.18877  120.89359  169.07271
 149.78241  184.22598  156.92941  167.67133  171.1702   197.4081
 164.0838   175.14629  201.62117  151.67578  160.93062  128.1898
 157.20183  164.3295   176.94788  183.55469  164.51564  182.21773
 174.23773  170.56862  176.78554   54.233906 132.40918  118.592285
 156.4207   200.35037  150.51701  161.22298   94.26985  164.2485
 229.29047  170.08994  162.23938  185.92818  151.96097  200.73091
 199.06241  199.17026  176.69962  113.07156  170.54294  147.37762
 169.04283  169.27731  167.81245  148.74004  142.26779  185.202
 147.97691  135.42078  181.97723  181.50377  167.36432  175.99556
 171.08385  191.90895  170.10663  162.87726  148.54327  177.64917
 168.93994  179.69473  128.75543  179.57144  164.72253  146.4887
 159.18358  195.34998  180.75233  189.41254  151.55122  178.38104
 179.66464  161.38957  188.72827  105.44407  180.89854  163.68279
 164.70801  168.45695  156.35323  177.08739  179.96123  182.31117
 166.49883  133.54526  163.29825  171.00885  174.16321  170.72665
 172.29404  168.64168  157.69263  166.7853   147.4725   169.68886
 150.98279  174.8588   193.67606  169.32358  179.14848  132.30093
 110.78017  186.99637  172.23909  147.43488  189.92354   60.1442
 189.4253   158.86595  103.93424  213.83151  163.38187  160.4726
 151.8052   185.5617   109.871605 175.72404  153.98207  153.5479
 169.46349  160.67223  165.4933   166.14838  193.64508  155.35841
 174.75385  156.82767  180.22699  174.16777  195.95937  168.8701
 178.71805  171.36433  154.14413  145.21722  200.25974  169.5464
 183.50685  181.30211  156.0847   173.74263  139.71701  153.09067
 162.02737  235.40784  163.88254  160.55255  188.98856  157.83496
 149.41231   51.54014  140.28181  145.54063  182.13501  166.20485
 166.19566  150.35637  154.60213  145.44388  136.33458  169.93776
 164.897    169.04295  176.90182  174.57664  194.90976  188.04643
 203.49394  191.62787  173.44498  209.10245  172.30681  195.4129
 160.60677  162.26865  102.43155  166.24107  190.10933  125.17936
 159.03455  165.64584  206.8209   127.3707   160.3829   152.32599
 157.61324  160.60544  183.88402  169.94127  125.247345 187.00241
 152.80469  191.41315   88.02574  194.57205  200.88022  173.88971
 175.49962  123.08999  154.65082  195.07968  161.72896  125.6815
 172.39769  143.85095  152.2327   184.96753  145.1714   145.42084
 141.19795  199.14099  156.77786  157.94525  159.99757  162.03368
 173.95947  193.42653  193.5727   169.26605  169.64346  181.14548
 156.7875   178.40305  184.50165  139.73514  163.02342  154.00266
 172.56284  149.5865   138.0044   173.60498  168.81104  189.01025
 151.34914  205.1881   179.37062  102.52818  162.63379  179.31798
 175.07257  153.1994   188.56223  161.20796  166.28307  213.80809
 171.62183  202.55244  183.71382  156.48628  100.45197  140.00085
 205.30968  170.10983  146.1131   139.369    182.17865  159.35649
 186.45654  169.00313  123.1927   167.20003  182.06317  155.11258
 145.86768  169.70052  154.42984  192.73596  152.14314  180.49596
 172.36555   79.52574  178.32664  154.44519  122.55308  190.78026
 161.3713   172.85785  128.72801  136.19446  190.53049  182.20445
 208.92494  149.75356  186.27048  181.30894  175.60191  161.64728
 152.45499  163.68022  156.87953  159.16039  172.7212   176.15065
 186.2862   174.86595  190.87914  178.60692  135.22556  188.13965
 152.78464  166.51425  172.6574   181.58722  159.82108  155.43011
 211.80727  159.7549   175.77916  162.2302   189.58218  171.14012
 133.86365  158.58685  186.7038   163.64459  131.97682  167.88766
 154.30406  175.05608  183.87575  160.22653  176.77544  130.76534
 179.64128  165.8519   156.51141  156.00955  180.69606  176.12679
 170.1544   158.78969  169.4733   163.52625  157.66876  170.32576
 126.298386 156.91438  180.52255  166.19273  188.50182  153.87529
 147.10884   74.949615 188.44133  149.67531  153.25714  174.97545
 195.3027   188.72906  150.16998  154.70943  192.65771  131.8361
 150.8312   158.99901  155.76071  180.6957   159.44695  185.94759
 149.56668  154.50755  181.963    174.94115  186.10335  152.07234
 163.5907   168.04095  158.36617  160.54407  288.36612  176.52646
 188.4408   158.17384  174.04713  158.93158  168.6531   174.89973
 149.3939   190.91193  189.93427  186.48622  167.24258  149.50763
 214.2939   165.7089   148.08981  175.133    176.29866  171.76219
  87.117935  87.87205  161.23956  182.3824   159.1101   166.51239
 220.5471   189.15033  131.1708   180.27557  158.98872  181.8651
 198.98933  144.99214  186.0463   154.0285   162.47337  163.35542
 144.63396  160.30487  159.2614   173.03474  224.24728  129.756
 150.48424  152.96024   59.171097 159.62631  195.15561  181.9176
 167.99673  148.69942  192.65312  177.13367  127.700714 181.47809
 179.31401  144.02573  165.16878  173.8913   187.43913  176.34227
 172.58035  179.23262  177.34816  162.62682  191.7904   145.94885
 160.06015  127.95793  161.4065   152.26968  166.62485  168.7311
 187.16322  163.77464  146.88757  137.2661   179.14424  155.01118
 178.56561  129.31566  151.72557  166.95493  126.80458  179.09494
 166.62917  151.18248  161.3836   175.14247  161.44913  180.31007
 185.15872  162.34813  144.95604  175.6059   145.21542  144.27742
 178.854    135.31035  137.37785  189.74208  131.53244  137.45715
 143.17052  141.76732  140.71306  113.63481  186.36748  186.90591
 163.28056  125.54929   98.64952  163.17877  174.93298  167.49443
 190.50902  189.53789  159.44148  166.54005  141.63437  182.62894
 175.17564  141.45645  168.42337  202.39088  189.95247  168.81479
 168.96951  143.93077  154.04369  173.48859  202.66533  192.46657
 174.0131   176.276    167.666    193.40509  164.53094  152.80074
 163.632    156.29639  146.80022  140.79039  173.2643   175.20703
 168.80588  171.5645   164.44115  183.10777  176.13121  149.06688
 156.42195  184.97897  200.8694   172.18419   53.417534 188.80392
 150.92035  164.87071  158.32922  181.61732  165.71063  165.63416 ]",[5.5273776 4.520757  6.030696  ... 4.574811  5.696518  4.892193 ],5.308525,0.3629722921914358,0.5173607743629689
9,4367,Transformation_Matrix_W,"[[ 0.43867758 -0.15164003 -0.02908438 ...  0.10303365  0.04224839
  -0.06430036]
 [ 0.06356627  0.44341627  0.04485129 ...  0.0995528  -0.12153543
  -0.17059737]
 [-0.06463812 -0.1440997   0.28193396 ...  0.02388164 -0.2005243
  -0.0505537 ]
 ...
 [ 0.16539814 -0.24219824  0.10796234 ...  0.44593987  0.04874694
  -0.03734417]
 [-0.11793864 -0.1949936  -0.06567606 ... -0.04484953  0.58210886
   0.10756954]
 [-0.05412628  0.2207929   0.028219   ...  0.05000415 -0.04016163
   0.60630023]]",,"[145.40926  148.49562  121.940384 121.158714 126.007454 150.20776
 139.57524  149.31094  105.62456  130.42043  116.21844  128.05875
 135.1138   122.63656  119.762184  99.07893   57.726494 161.29492
 112.88956  161.3929   109.23249  131.63033  137.07846  149.23305
 126.25583  141.95659  174.4475   135.81534  131.96391  120.58875
  62.722485 120.96439  138.88788   69.79237  155.73152  131.71786
 130.28862  156.2667   124.95597  122.99866  149.49823  156.05434
 141.31223  108.28407  136.43861  132.88617  147.05327  132.94144
 139.36006  138.00194   89.310616 153.19171  122.70856  125.7876
 110.33696  144.5363   160.15486  114.57055  131.90565  143.09824
 165.56712  157.04047  117.909904 125.08985  148.59914  152.48366
  95.44479  119.890274 129.27078  108.17342  145.9075   156.26366
 143.16422   96.777824 121.36785  130.37724  172.10262  133.6103
 119.93603  152.84906  136.29875  118.60735  125.39923  138.08348
 117.67041  103.85998  147.7919   142.03291  140.16118  110.266174
 112.6699   151.91364  125.10355  138.31995  132.90886  144.10956
 136.17807  170.56918  125.3056   122.196396 143.10262  141.78603
 111.57751  145.47362  123.498856 128.24779  159.79895  150.01263
 136.34198  121.50579  141.89574  140.83624  112.85775  130.41402
 148.20122  130.55658  175.98488   44.60788  133.92258  131.94774
 158.69048  156.21603  132.04266  152.3852   113.99411  113.07537
 126.00754  141.4794    57.26387  144.57027  145.9175   115.89212
 141.2613   145.4726   138.20529  101.10686  122.31121  154.29578
 113.24073  128.17662  136.05817  117.30338  138.08745  117.27426
 126.68142  131.63257  132.21762  166.5367   128.1689   138.12814
 144.14613  140.85239  161.50111  129.18428  136.32236  137.60658
 134.30008  136.60219  143.265    109.32617  122.19188  170.84048
 167.43178  118.22433  119.70097  127.9443   122.37432   70.22349
 161.9903   131.51134  141.13043  147.24512  162.4936   110.896416
 125.83749  109.70273  151.81793  138.76163  138.69807  140.98906
 127.81899  142.30063  125.55451  138.12335  127.869125  74.49159
 151.32535  154.2397   127.34125  137.91115  132.22623  128.31653
 133.0181   112.44967  169.35188  164.06529  120.50349  109.65138
 138.53772  148.70561  138.08319  151.56635  153.11978  143.10329
 111.119286 139.58295  139.37416  144.75903  167.8952   146.94073
 101.33568  148.43709   93.28709  134.32439  127.00439  133.21742
 103.15351  122.68441  143.98784  150.61226  126.5576   119.43885
  73.9666   112.57127  141.5285   152.15657  138.47418  169.95157
 147.08809  135.09993  157.85773  167.36655  100.1023   135.66469
 121.7231   150.02377  127.55228  140.9726   138.43094  154.0165
 136.07602  144.50905  162.83167  124.203995 138.07188  109.33069
 125.14913  142.21323  142.9781   153.70369  131.37622  148.01718
 142.02257  141.5903   143.01137   45.1335   107.567154  99.70213
 124.14759  160.10107  118.4435   126.42976   75.472046 132.12492
 186.12663  145.07614  133.22995  141.23611  124.94226  173.42642
 155.61679  152.11882  144.76793   92.736694 141.69612  127.65368
 144.383    134.39044  141.30746  125.16349  117.21763  148.84076
 123.564445 111.769714 151.4679   152.24461  138.73492  148.63774
 141.11066  155.50827  140.63177  137.05682  122.30155  145.70996
 137.34966  151.47896  106.29015  149.2738   140.3347   123.32776
 126.65436  153.83386  139.70065  154.84038  123.716675 143.32759
 144.03534  131.32268  141.21667   86.91263  144.61938  127.59813
 134.56097  138.2837   125.46369  147.53699  147.94836  148.06476
 134.142    107.815926 143.59618  128.86478  144.54605  141.98285
 141.46643  139.46382  126.5473   131.20161  119.64615  144.03264
 124.73254  139.47803  157.25914  142.76263  146.10875  110.939575
  87.03798  153.64989  146.91278  121.53904  151.46309   48.927044
 160.85062  128.15228   81.650894 174.09586  137.01947  131.3642
 123.68336  153.09833   86.02042  143.89487  128.63818  125.448135
 140.98657  128.19984  133.23817  130.60495  160.55952  129.87769
 146.35365  133.0756   153.38863  136.37967  164.05424  134.1114
 152.44156  139.14038  126.59678  118.72403  158.76598  137.87947
 141.99556  148.86153  128.55502  142.49876  112.12581  123.271904
 129.43137  191.62247  135.54672  129.65079  148.88136  125.67938
 127.34103   43.210526 118.33354  117.21139  148.4548   139.34488
 134.79572  126.03504  122.740974 118.55248  109.856476 145.12926
 132.59187  131.80644  144.25798  140.90689  155.10074  156.81213
 160.6955   158.39455  138.73282  171.3623   143.42932  157.98047
 136.42412  133.77698   83.93351  134.87288  149.10512  102.91736
 129.92494  143.02132  157.32388  105.10609  130.69781  121.499954
 133.4129   137.6163   151.42409  135.66316   98.73849  145.35126
 124.63288  155.68036   71.77481  154.74092  164.32253  144.35138
 138.36974  103.52831  124.92602  163.10635  135.46709  113.02293
 146.01402  125.56831  127.12592  156.24567  117.14708  118.91762
 118.10475  162.31703  127.150345 125.10143  127.947105 134.83458
 141.83942  153.84508  166.09306  141.45212  136.38458  154.84325
 130.59375  139.58302  155.2708   115.49872  134.94861  122.821144
 140.48607  121.93812  115.046364 139.52992  135.86696  152.7475
 123.45801  168.15382  149.76839   84.55845  134.01666  152.84395
 143.51714  129.36932  152.21948  140.66115  136.5314   166.2229
 143.60468  159.1082   155.80835  129.98811   78.73417  104.76385
 170.71863  141.07837  121.94546  110.207    152.32283  127.02189
 149.19495  137.42058   96.52041  141.81511  147.94101  128.30542
 119.3306   134.86855  124.99058  160.41214  119.842384 146.45192
 141.47252   70.42418  152.57191  121.298706  96.72241  163.11617
 132.2441   147.59827  107.90233  106.67146  151.33432  146.45181
 166.80759  123.100555 153.75328  152.75471  139.81377  124.7847
 120.72418  135.01743  125.84829  133.47183  140.06105  133.9513
 150.2337   137.53404  158.6505   147.5565   111.69455  152.2864
 134.3205   134.87242  141.03807  145.67642  133.95479  126.690025
 158.29333  130.42421  149.74396  132.0749   147.8215   132.95027
 110.16422  131.60568  153.6025   138.30574  110.09513  139.4135
 131.00435  137.78853  154.92215  134.96265  148.66524  109.965576
 142.15211  126.43431  132.69647  126.80158  143.20872  143.56888
 134.47386  135.52504  141.31288  127.48424  124.783394 144.77658
  97.695274 127.820114 142.44963  133.45082  152.75655  121.618004
 118.78602   60.499607 150.97504  123.300606 123.311134 146.26897
 161.37045  162.83047  121.5733   126.18348  153.55147  110.700226
 124.63059  139.90024  124.64055  142.48604  129.4481   148.53653
 125.05225  134.62538  151.80536  144.74858  146.49883  123.36132
 129.51894  137.82407  129.48218  130.00423  268.7189   144.73642
 144.27786  125.85558  137.1912   127.29924  126.63854  143.01099
 124.35181  148.3672   156.59972  154.1213   140.73003  123.09391
 172.61485  132.09789  127.12842  138.70738  148.7714   134.55281
  68.74911   72.50851  131.97256  147.4165   134.90706  136.25868
 175.44327  156.02524  113.697784 142.82414  128.50531  154.82079
 158.39464  113.41372  150.50412  135.05423  134.34659  134.33539
 122.67776  135.7251   132.34447  139.81178  181.25659  107.82285
 126.97629  122.883286  48.716103 124.4117   158.15639  143.28542
 141.26309  119.8769   157.85664  148.65434  101.43567  148.7847
 149.08734  115.015816 135.23604  146.54536  145.73483  138.46591
 137.30832  147.37933  142.67314  133.6938   155.48415  118.56894
 130.45782   97.9496   132.53165  131.32669  141.64171  141.88191
 146.30806  132.47728  117.22824  106.79286  140.7072   130.29947
 150.13469  104.3602   123.87168  140.10695  103.58829  145.07677
 126.0348   128.43463  135.86131  145.66179  132.82301  144.16638
 153.71487  133.55574  122.276985 143.41595  118.47775  121.03411
 149.38034  112.155815 111.47867  157.50052  109.65848  111.69805
 123.99446  119.37714  116.42487   93.78068  150.27615  153.62738
 131.10771  105.40554   80.63279  139.3298   148.3232   139.50624
 153.22507  150.65797  132.7696   139.08907  118.78973  150.23067
 147.07536  117.686295 140.47678  164.18895  156.7615   128.51498
 147.0015   118.34636  124.80061  138.3718   161.33301  154.0349
 140.53839  153.0434   135.46924  155.79948  136.26466  127.02003
 132.04617  130.01228  122.15656  118.60796  143.85172  138.62875
 136.54518  145.99504  129.6998   148.64455  140.20811  125.96988
 131.27565  147.0875   153.4539   137.49957   43.945778 147.4055
 127.92843  138.29128  131.8109   142.55556  127.05834  139.66197 ]",[4.758294  4.30209   5.7110786 ... 4.092384  3.441987  4.603805 ],4.78637,0.5221662468513854,0.6388976401454766
10,4367,Transformation_Matrix_W,"[[ 0.50271994 -0.0387343   0.06254654 ...  0.1143145   0.15785636
   0.00086095]
 [-0.08389376  0.5147791  -0.04378236 ... -0.03145321  0.05842427
  -0.04767373]
 [-0.02948351  0.02384983  0.40929043 ...  0.03244236 -0.01369882
  -0.0454203 ]
 ...
 [ 0.050479   -0.11091491 -0.01660675 ...  0.56998456 -0.05749141
   0.06313826]
 [-0.09210131 -0.02409831 -0.09542043 ...  0.04525788  0.60309845
   0.00478435]
 [-0.04908311 -0.01525413 -0.0623004  ... -0.05357943 -0.06057689
   0.5057609 ]]",,"[ 99.07468   97.409584  89.73028   81.869286  88.40516  102.89476
  96.073456  98.194984  74.47045   87.54824   79.71772   83.64802
  89.91139   85.19384   82.34404   70.80871   42.77499  110.38827
  82.71978   98.87069   73.9069    86.712776  94.82208   97.68859
  87.62982   95.14532  116.40578   91.84416   88.91301   83.19345
  46.102997  79.740524  95.70313   52.682835 101.881     88.09842
  84.25452  108.146614  87.12981   87.22845  104.913086 105.93487
  92.42654   75.475655  95.366425  90.60529   94.58686   91.53867
  98.47628   92.03645   64.157265  92.42203   86.72659   82.758766
  78.66487   95.565895 106.098305  76.61184   89.91313   93.94123
 101.3464   101.280975  80.51049   89.773994  93.650734  99.22178
  64.894104  86.525795  88.43529   78.06609   95.2467   111.09045
  90.38079   66.44904   79.60029   90.86502  107.07569   88.712906
  82.43116   96.94008   97.965454  87.16337   86.807014  89.69701
  85.048965  70.25937   95.82014   91.51969   93.29417   74.29494
  80.24022  104.22695   81.46205   95.23408   90.39719   97.277626
  97.0395   110.743034  76.22762   85.40839   96.42996   94.17043
  74.68953   96.6935    90.29972   91.93047  106.09816  104.80399
  97.37557   83.06742  101.30896   92.176445  75.77234   89.599815
 100.24574   84.95064  120.30348   37.075577  89.25608   86.21251
 108.76104   99.49341   90.11294  102.79756   74.45688   81.95289
  95.0336    96.17183   45.24802   96.719536  97.1779    76.58415
  97.45549   98.006454  94.339096  70.82027   79.30027  109.47189
  81.15598   93.28302   89.96586   80.669556  87.04234   80.72347
  83.75606   85.84441   86.62523  104.10434   87.95697   92.086624
  95.741104  93.75105  108.93476   85.99985   88.380775  91.27246
  91.6153    91.459854  90.54114   73.50533   84.17098  115.505325
 110.26092   83.32913   86.10764   88.88461   80.63246   51.221382
 109.16662   89.657074 101.40193   97.735954 112.60775   74.541336
  85.40657   79.23005  108.64716   92.246315  92.10709   98.77866
  88.76489   98.7509    82.50154   87.25381   87.30177   54.027042
  96.6752    97.121155  90.83731   93.39977   91.97316   84.235054
  93.866     75.847145 109.240685 108.7362    81.192276  80.7919
 104.366486  97.24091   90.34052   94.05019  106.392586  92.45582
  77.29346   93.32016   89.21244   93.05565  108.64725   97.32685
  71.007545 101.95709   69.805374  97.5403    90.313     95.21736
  68.1034    87.32006   95.06565   92.82753   83.18121   83.66449
  55.65443   73.383064  92.26803  102.73467   97.09866  110.693634
  98.919815  90.50312  108.36468  103.14065   70.25577   94.06131
  87.17121   95.18448   88.75135   91.84508   90.89199  105.29169
  89.09154   99.712204  98.363396  86.43198   87.17393   74.5016
  88.83426   89.609116  89.76937  101.55575   85.78787  100.678795
  93.30827   95.04271   95.20198   35.814278  73.97563   69.09979
  79.86366  111.22169   80.58425   89.06144   57.775944  84.837944
 114.91085   91.99924   93.73196   93.289566  82.94109  115.35288
 103.79306  101.695816  94.427795  64.507965  98.97737   87.69671
  99.88668   89.29717   97.24972   82.53998   80.99649   94.943085
  84.85684   79.70578  109.37711  101.94208   90.39382   95.7262
  93.43843  103.53635   90.14254   84.74363   83.69721   93.859985
  98.290886  99.703606  72.90573   96.048     97.29356   86.25671
  84.48141  105.956024  88.69358  102.25266   84.66403  102.5183
  91.28328   89.96473   96.08963   60.011333  94.511024  85.99713
  91.52052   86.267006  81.17044   94.01764   97.967606 101.08366
  96.33591   73.87212   97.17877   87.18687   94.82512   96.4493
  93.71434   97.90506   86.19304   89.92736   81.04383   98.13053
  81.917564  90.98319  102.67172   89.03315   99.06651   80.921364
  65.97522  104.63825  100.680244  82.490555 102.22396   37.062042
 106.173065  86.14493   60.310577 101.17845   94.454445  93.12838
  81.87867  102.75389   63.428     93.78979   89.090416  82.993164
 100.94954   82.06713   87.81557   88.79761  107.524216  86.69552
  93.91333   88.23814   96.9458    97.526215 105.88706   87.401794
  96.93391   92.471924  87.02306   82.99889  108.45775   88.07046
  89.72216   88.47469   88.04926   92.32207   77.49229   81.81095
  85.17555  125.62203   90.29591   85.46453   95.5262    80.75836
  85.917435  35.49902   78.0676    81.448364  91.87626   98.30452
  91.76764   81.28684   83.743645  87.6565    76.73364   99.96821
  90.4736    91.49235   99.46617   95.50751  108.12919   96.54441
 103.11714  108.85898   98.12892  118.21912   96.55141  104.94729
  92.3909    88.70923   60.39698   84.5953   103.33804   72.65118
  90.67343   90.30084  103.39985   77.040184  84.74912   85.97919
  89.64103   87.599815 103.033424  93.66086   70.83729   96.90487
  87.536385 108.03968   49.88978  105.94094  107.20016   98.20612
  91.052605  70.87236   87.6173   110.35284   86.4675    78.0494
  99.80863   80.47774   88.41338  111.1077    82.28611   86.46579
  78.72039  104.58592   88.48398   85.45533   83.99152   92.09111
  95.93974  100.98357  109.99006   95.4426    88.66481  104.37547
  85.58448   88.122    101.39876   84.11198   89.018654  86.27932
  95.17833   80.603096  83.32037   91.71396   92.41861  102.16097
  86.996346 113.25929  100.56303   57.022087  90.45744  101.02579
  94.93206   88.12773  101.1665    98.91384   87.19509  106.001854
  95.3322   104.32811  104.49544   83.96572   60.532158  72.996124
 107.04073   90.9341    83.60519   79.73448  100.90609   86.344185
 107.52497   91.84743   70.72253   95.57679   94.88881   83.837906
  82.65613   90.99532   79.08714  105.00458   79.82231   97.14672
  95.54861   51.605083 104.12361   87.19848   64.69899  109.47433
  86.907906  96.14595   73.88697   75.40289  100.85234   96.55344
 109.85532   83.99902   99.321625 100.97495   91.50026   84.38681
  89.44603   94.18216   92.22222   91.891075  90.963326  98.23784
 109.71585   92.995    103.52776   97.27111   85.568016 100.3322
  93.09846   86.40979   88.81202   96.463585  88.33393   84.63524
 107.16174   87.87391   98.43341   90.18832  100.36877   93.28556
  78.41715   87.37475  101.22951   87.32103   74.787605  97.4689
  90.433914 100.12754  104.78664   92.913155  93.581154  75.92185
  97.40347   87.38977   92.66968   90.51881   98.11993   93.202644
  97.76992   90.743     90.75635   84.448746  83.73595   92.366714
  69.36572   82.23476   97.53177   91.344086 110.25618   83.33571
  82.34227   47.67291  104.28654   86.96941   81.04304   95.03883
 107.48924  103.17742   84.261765  85.01691  102.70982   74.11016
  88.05842   94.55787   90.54827   96.85013   89.466255  96.54001
  82.23474   89.39141   99.72971   98.16088  100.83593   78.89181
  90.570244  92.88723   89.982506  85.33952  208.77243   96.0837
  97.39402   85.99711   95.124275  86.80123   87.676025  91.62897
  83.39817   98.36666  106.104744 101.906     91.34793   76.93376
 116.597786  85.03675   85.4075    96.441376  99.33034   89.74526
  50.992775  55.358658  83.92352  103.459595  91.52359   91.78816
 115.07645  100.909294  75.687065  95.31345   84.301384  97.89725
 107.20456   76.656265  95.65558   88.521385  87.59963   90.79969
  83.990616  86.4224    95.010826  98.32768  118.51119   74.97255
  84.25913   83.895164  37.40062   83.93326  106.26854   98.50803
  99.80577   84.87527  103.15665  102.92879   69.31357  100.23248
  99.32537   79.022575  94.74009   93.87818   96.34656   85.944855
  95.61002   97.634735  99.79452   89.524086  95.75485   76.010216
  87.7539    71.43631   90.462944  87.3697    99.55882   98.068924
  97.968575  87.16614   78.28887   72.13197   95.80785   92.63735
 101.42957   76.15446   87.75242   97.45717   71.59306   94.07501
  87.47975   87.59809   92.379944  97.834     87.86091   98.38422
 104.73185   86.96598   85.35756   97.72128   80.25083   82.50821
 104.582985  78.57633   78.00756  104.5404    74.71001   77.83896
  90.46124   83.076     78.26895   66.13721   99.69439  107.48166
  91.86101   69.65754   59.491486  90.48324   97.2222    91.82618
  96.49201   98.72777   87.3932    88.319374  74.35503   93.87397
  96.08628   79.08828   89.68075  109.21099  104.203186  88.13366
 101.6778    84.12628   88.34545   91.21757  106.75899  105.47005
  93.27018   98.4375    95.64554  106.33078   89.596115  85.99027
  95.98297   89.08429   83.30188   80.21036  100.57445   92.225235
  88.385025 102.91292   85.476494  96.57342   98.56486   87.947395
  91.2786    92.32713  102.10563   93.81375   33.181828 102.68447
  92.12602   97.43811   95.295074  94.22569   87.97095   95.78723 ]",[3.9790266 3.449921  4.568573  ... 4.408591  2.694651  4.0582747],3.9207623,0.673551637279597,0.7744346462262022
11,4367,Transformation_Matrix_W,"[[ 6.58648312e-01  7.08349608e-03  1.80556066e-02 ...  2.61086002e-02
   8.43947604e-02  9.04720684e-04]
 [-4.31296714e-02  6.06003225e-01  1.41179319e-02 ...  2.18698345e-02
   4.38775606e-02 -5.14059886e-02]
 [-5.65811899e-03 -2.89287958e-02  5.45725286e-01 ...  2.59439083e-04
  -1.23511925e-02  1.70627367e-02]
 ...
 [ 1.32368933e-02 -7.10935742e-02 -1.69256125e-02 ...  6.64350748e-01
   3.87363769e-02 -3.02849412e-02]
 [-1.70560703e-02  5.45747019e-02 -1.65778603e-02 ... -7.69076962e-03
   6.60724163e-01 -1.39841503e-02]
 [-5.06112352e-02  1.17849242e-02 -4.95374799e-02 ...  9.07928124e-03
  -4.98506054e-02  6.46671593e-01]]",,"[ 71.335915  79.63561   70.59403   65.56571   67.74105   80.86685
  72.83818   77.51144   61.386536  67.46136   62.46718   63.366543
  70.92316   68.74337   64.48098   58.93386   36.160767  87.32551
  64.90813   77.88452   56.384396  67.68122   71.06666   78.981026
  66.30504   74.15799   88.07799   70.49375   68.63706   66.28337
  40.489544  61.17998   72.947174  40.162453  80.4817    70.25638
  66.003624  82.013855  65.533585  65.78321   83.25463   78.18678
  73.336586  59.573772  71.55584   66.26708   74.72528   66.89455
  75.12055   71.04571   51.603836  73.21643   64.06899   68.53562
  63.188553  71.768974  79.5976    60.216984  69.96597   71.544
  83.28213   74.77199   60.70183   72.28183   71.06049   71.13646
  50.708996  71.95557   68.983765  58.64206   75.038666  86.34118
  71.60271   57.013443  63.78509   72.28449   82.64674   73.97806
  64.9219    76.14229   77.68248   68.712585  70.237755  71.41811
  67.14372   56.82551   76.8999    71.34482   73.24155   58.458893
  63.00515   82.10386   61.672962  73.15051   72.622826  76.48747
  71.95882   84.851204  61.00919   64.11197   77.488045  74.15834
  60.701645  74.60191   68.260414  65.65304   83.34318   80.97978
  72.32001   66.29321   75.1013    72.5873    60.488167  70.30388
  75.9209    63.328068  89.79405   35.36723   72.033554  71.76855
  87.420494  77.2379    69.070206  79.90466   56.18873   67.1983
  73.385796  77.67804   39.71867   76.73728   74.41031   63.218468
  71.4089    73.41307   72.947174  54.313267  61.87533   79.583374
  65.32207   70.8923    69.56913   61.834225  69.20271   61.034885
  62.182602  70.20479   68.93499   80.11204   66.86399   68.7259
  76.06872   67.93135   80.325615  67.397194  66.18554   69.658356
  71.53393   71.68367   75.40135   61.149586  65.525925  87.74342
  82.55475   62.979397  66.732574  66.82817   63.05375   43.168907
  79.56243   72.92413   78.67468   79.51373   83.82125   61.820885
  65.62148   60.073055  82.66251   69.98124   72.01293   73.67726
  70.162544  76.22408   69.59959   66.27509   65.75084   44.320744
  74.53236   78.76409   72.36401   70.82771   71.94172   67.35328
  74.09997   60.0366    82.37209   86.08845   63.630993  61.10703
  82.039024  81.130104  67.64702   76.70962   81.536476  74.03684
  59.378044  71.232475  71.19291   73.49364   87.935265  73.096565
  56.25204   77.49076   55.785946  69.20856   67.656204  71.68708
  57.171806  67.04407   73.06406   72.4519    69.23787   65.25057
  45.534805  58.544064  75.1455    79.34631   72.54254   83.140076
  77.48552   69.112495  79.49741   83.59182   56.920193  73.67962
  65.96382   73.04087   68.769325  74.13605   70.36937   80.07024
  68.20787   77.88897   76.85593   63.983025  67.727875  60.518444
  66.09844   71.18575   73.47496   77.55109   66.95725   76.971176
  71.61845   75.673935  75.09195   34.385727  57.33797   57.085686
  63.24409   79.60229   63.253178  68.85526   50.42703   66.20091
  89.32487   72.04232   71.68516   74.31225   65.25932   88.076996
  79.81143   78.603004  75.46081   51.893112  76.08794   71.31983
  78.60018   70.028915  78.0392    65.92643   65.99576   74.18397
  68.2191    63.448284  84.05234   77.33494   67.89116   75.66214
  71.82831   78.254166  68.38929   70.474266  63.444027  71.871475
  73.52856   76.92677   56.45738   73.26885   72.259735  67.899605
  68.098854  86.008965  73.066284  77.25064   67.14564   78.17827
  74.5552    66.77367   74.517494  49.53704   73.086494  68.67513
  71.12539   64.862564  66.44307   72.10917   78.55962   76.659325
  77.84348   60.071835  74.157814  68.14054   74.08588   70.30304
  70.150894  77.33896   65.88453   72.48058   60.652752  74.256516
  65.83284   72.89393   86.90206   72.577934  76.33214   63.96586
  54.160336  82.47905   81.0556    67.54742   78.47792   34.68126
  79.04532   69.25927   51.54588   81.09288   71.213806  73.98271
  65.49391   79.85061   51.48137   73.70511   69.43147   62.81759
  76.087456  66.439125  71.38845   72.45895   77.736984  70.56615
  73.89613   69.48699   77.06145   75.45358   81.12414   70.32553
  73.25566   70.72658   66.65508   63.02325   86.066444  64.08802
  71.2422    71.074844  70.92562   73.16288   64.489235  63.534172
  69.354996  92.924774  70.930534  64.80511   75.09132   65.48034
  64.10204   33.795547  63.68341   62.576958  75.396935  73.63606
  71.96637   63.274353  66.31078   65.5375    58.03782   77.71754
  69.50336   70.384605  80.16386   74.475494  83.21951   75.8163
  82.40018   82.114044  76.5229    90.3281    76.14881   84.74349
  69.26563   70.83487   46.37036   64.9595    75.56705   57.98796
  68.61848   70.20563   80.339005  57.111214  65.15497   69.35824
  71.83056   66.54336   77.53842   71.938835  56.384148  79.82599
  65.60936   80.90148   41.706577  83.62207   80.76033   73.46512
  74.63037   57.07647   68.02733   86.33852   67.57988   61.233307
  80.284584  65.40879   63.773354  80.36417   63.317955  65.43603
  64.762955  78.89408   68.404076  64.952194  67.268845  70.81493
  73.77955   74.47033   81.34173   75.016685  66.763176  81.46588
  64.49826   70.437744  77.38011   64.92474   70.86392   65.76451
  75.58953   64.63981   64.2662    70.58181   72.02921   83.274475
  66.62802   85.99203   77.30695   45.217117  73.58494   76.27274
  76.52098   66.606255  71.42905   73.344666  72.27571   85.32847
  72.69762   80.47329   80.35264   64.63136   50.71008   59.35241
  81.883865  70.272575  66.58234   63.602657  76.43392   73.056595
  79.5553    72.02579   57.62085   74.9284    74.78511   65.30494
  67.46902   72.14732   63.347446  81.87363   65.69305   79.96283
  72.08368   41.216267  72.35913   65.906334  52.5233    84.17863
  67.65314   75.793846  58.1578    58.020267  80.77326   76.65985
  82.651695  66.793205  75.1511    76.307495  72.39881   69.98962
  70.87139   73.65629   68.88004   71.83505   72.57325   74.275826
  83.60854   71.51058   78.633545  72.872665  66.22315   74.70085
  69.07238   66.20903   71.79552   73.10115   73.09402   65.41381
  84.89236   68.45149   76.727455  70.5113    77.58921   77.49215
  63.573387  69.63634   76.71399   69.17269   60.242313  73.04048
  68.47246   78.24772   79.11318   72.35054   72.43609   57.555492
  73.70588   71.02826   72.34178   69.25402   74.08858   71.05679
  73.46724   73.16321   70.369255  68.47071   65.201454  71.98589
  57.039673  65.68614   75.89891   71.28901   82.49288   65.44982
  66.560074  43.019436  78.8224    71.96274   66.168976  72.40737
  82.75514   80.36192   65.50316   68.32047   81.87675   57.363945
  67.538956  73.20259   68.61693   79.16107   69.47501   76.372536
  66.4247    67.787735  72.70091   76.3007    80.31988   62.976284
  70.43731   75.04653   70.34263   68.69199  168.79457   75.43079
  72.40984   68.08493   72.06247   67.27118   69.56002   71.706924
  63.782696  78.96848   78.87611   77.74194   68.67522   61.61552
  87.48324   67.424355  65.69261   78.23793   77.1871    72.66728
  44.747143  49.47203   65.68935   77.6737    67.18272   76.721146
  91.17145   75.85352   62.39354   74.19832   68.06913   78.98104
  83.2007    60.854847  76.14956   68.031456  66.097626  71.676865
  63.098366  70.53547   74.31965   75.72178   84.66031   57.878536
  65.10237   64.25635   30.398012  65.75298   82.85464   75.68257
  72.554886  69.24747   76.6345    77.727295  55.437714  77.77665
  80.26448   61.867706  72.025604  73.75313   77.350044  66.28609
  75.03072   74.75858   78.83339   74.147484  78.26893   62.126877
  70.3083    55.39427   69.48129   66.27589   75.893616  76.431145
  80.52044   66.9006    62.045517  58.39722   73.635994  70.24803
  78.71846   59.59496   67.66072   70.45273   57.742172  73.15141
  70.13033   67.287186  71.59133   73.99012   68.339676  75.614136
  81.39944   66.12869   67.714905  76.93906   64.181656  65.04661
  82.706245  58.579346  61.11711   80.944824  59.777283  60.45558
  70.31403   66.64072   61.126778  49.309845  78.10501   82.46443
  71.07214   57.67084   50.62979   69.91151   75.96788   73.619606
  77.593376  79.615524  67.86239   66.884895  60.10426   74.2625
  75.59168   62.964462  69.41798   83.74547   81.74001   67.394875
  77.155426  67.03176   69.95406   71.36231   82.76584   78.65677
  74.56254   75.63627   72.37179   80.82081   71.2122    66.64435
  75.56767   69.81556   64.62547   63.5353    75.535934  71.426025
  70.2165    80.159836  70.11837   79.133995  75.00049   68.52023
  72.95339   73.01322   81.66466   73.930626  28.712915  80.91824
  69.69615   75.54208   74.604095  78.64318   67.33175   72.02534 ]",[3.9068885 3.140882  3.4182594 ... 4.3234544 2.8525052 3.6301048],3.4532678,0.7134508816120907,0.8323509361582937
