,Train_Data_Size,Transformation,W,b,Residual,Residual_Norm_All,Residual_Norm_Mean,Accuracy,Co_Sim_CLS
0,10719,Transformation_Matrix_W,"[[  3.4097793   -6.186062     2.6392777  ...  -9.401321    -4.367533
   -2.0028229 ]
 [  4.607766    15.099175    -0.74472314 ...  15.511916    -2.6372054
    1.9707288 ]
 [  2.5160258    9.476998    -1.6042591  ...   3.4696724   -6.32505
  -10.050655  ]
 ...
 [  1.8830196    5.843202     9.367581   ...  10.719964    -8.0998125
    6.441019  ]
 [  4.927998   -29.02059      8.25515    ...  -4.18093     -8.055706
   18.305582  ]
 [ 12.590423    -6.0148993    1.2037121  ...   9.58657      5.435978
    0.8457671 ]]",,"[674.8256  655.27985 584.7227  549.4085  569.43146 699.8959  681.14307
 716.71643 511.3379  562.77563 515.1595  642.81683 635.0488  656.97705
 586.29803 592.72723 331.14072 743.9551  544.51636 708.8811  497.84552
 562.04913 618.84485 795.78577 533.9497  599.1966  840.6175  573.29675
 605.6574  534.45825 350.50714 539.9847  693.2003  370.0193  664.8171
 603.0329  601.4264  717.7125  540.21136 579.8574  719.63654 635.1731
 674.58887 487.85812 607.801   643.8454  712.0572  653.91266 639.7907
 611.76776 455.98282 702.91003 563.4563  595.36285 577.7784  640.3552
 746.62506 612.48035 568.03204 640.3541  716.33673 765.79034 532.9013
 661.3956  617.9053  635.8602  518.60095 515.5383  574.8801  503.8987
 712.4028  705.26514 593.8536  474.4841  508.0058  577.6543  741.19025
 633.96814 557.0457  780.22174 624.95483 765.19696 538.18353 713.5234
 561.8465  450.05048 760.6185  646.6164  674.779   527.8576  531.93866
 727.2982  518.6752  660.2373  627.4923  671.9944  711.4656  791.03467
 562.4702  547.2779  680.7775  634.1167  502.32477 743.8334  575.2549
 552.0839  734.01184 743.7054  615.5435  525.844   696.9997  606.1364
 517.8062  596.6457  687.7879  549.9115  805.6264  326.51245 641.54175
 604.28094 767.22906 666.02136 580.505   718.9169  556.2661  549.5795
 557.3439  663.2692  333.75113 604.53357 618.01385 585.34845 676.40247
 667.4486  642.3793  515.7968  535.8353  660.068   540.2636  582.4555
 576.90216 481.01523 633.2857  521.7465  550.66003 674.4761  615.95514
 749.6035  616.1994  593.9203  692.5517  667.4931  710.34344 627.4028
 679.8345  539.6432  660.34973 660.78265 725.7629  683.21655 585.3553
 762.1327  745.23096 587.8618  519.3122  529.95874 584.71515 508.00742
 740.973   666.4311  637.87775 749.724   785.0335  700.9401  546.5414
 552.91974 787.8637  607.668   610.3949  699.3617  542.78534 621.92236
 560.18756 645.55524 530.4988  352.7375  684.86224 693.9729  664.77246
 664.1746  597.60455 584.879   616.57715 517.9529  801.3458  801.6512
 559.9098  531.0066  724.60974 665.2464  602.04596 813.65845 681.75085
 670.0489  476.24478 636.81635 636.48914 614.0409  828.47766 634.4838
 454.17108 667.38513 511.55255 641.1173  570.5573  640.64764 508.35
 529.5906  630.9962  627.3881  616.756   510.11154 345.28146 474.73355
 680.7153  713.3977  623.62054 788.5895  696.1717  602.5084  687.43524
 791.1546  504.78705 619.3143  531.21606 669.99164 578.30975 606.11237
 661.4331  770.43896 658.84015 655.54584 762.8481  550.41547 632.6659
 498.84546 594.4139  629.3014  628.0646  668.37744 584.364   712.6539
 628.3187  633.34906 656.305   380.53296 508.934   590.57935 558.50146
 698.1311  540.90076 594.9447  755.52057 603.03125 807.61273 624.9257
 622.29236 654.7667  549.8568  740.9817  759.45355 752.55023 649.41144
 461.1022  624.2786  555.0164  631.51465 560.06555 663.35065 514.5177
 577.9884  706.71313 568.2111  555.872   720.17865 657.1803  585.6974
 694.3156  646.8943  719.14526 622.21014 607.9304  582.4272  643.3887
 605.2092  700.2767  443.61728 659.9811  632.1448  572.9566  576.4638
 900.9576  701.4438  692.07184 562.1606  657.4921  679.1425  598.7069
 806.072   501.73712 697.4967  640.38043 607.4029  620.4895  540.5321
 613.40234 604.88617 678.62805 621.9115  485.33533 603.0637  658.6636
 671.0972  621.019   617.46924 697.2754  567.8123  585.0703  565.61127
 689.7923  559.41644 611.8153  743.1523  595.15875 624.9128  535.2951
 606.50903 651.2215  680.1027  578.63727 721.60144 275.18942 713.4214
 658.6214  645.048   818.18207 627.79285 587.8846  556.48157 708.0743
 651.6543  576.89233 557.77814 523.02374 641.9595  577.85815 670.7178
 617.2484  651.4567  695.8089  601.0267  599.87756 649.65857 652.87994
 785.86255 655.75244 622.99945 649.36835 518.3955  495.2206  753.858
 668.49506 755.9813  658.03015 557.78925 612.0843  592.0609  594.67645
 673.67426 879.16675 649.8998  564.3959  680.1542  613.3637  563.24457
 284.34976 516.4342  606.8807  708.47577 616.1996  679.6889  559.2586
 647.3374  566.81055 496.24106 646.91595 654.1109  622.75    664.4497
 635.99243 739.6339  696.7705  761.9393  709.1751  675.1498  848.1733
 639.73047 700.8602  601.28015 541.93335 475.86484 604.72925 730.0585
 488.14038 598.08984 637.90656 795.1066  550.85254 641.21655 577.34076
 649.4427  628.3459  675.13556 634.9252  593.51324 710.1901  575.2221
 684.032   386.01053 764.679   691.8343  588.8844  635.0193  587.1759
 579.85736 736.30286 568.7324  456.74887 605.63586 533.9074  548.0618
 737.28644 551.1329  516.2152  518.29785 771.5698  575.89984 579.81885
 642.4484  577.29205 630.8672  754.94916 722.51294 612.5842  764.71136
 700.2028  599.3906  649.7116  685.0407  520.2744  620.5697  563.23
 638.3412  601.32794 469.1031  669.5151  657.4053  765.57    529.0821
 824.75024 712.03094 445.85538 658.3353  675.3909  702.73224 527.1286
 659.73706 590.6135  665.7891  771.9679  653.7575  739.8527  704.18854
 596.7748  736.18207 595.3644  739.891   611.35504 548.9429  615.5861
 725.5985  699.71185 727.08    622.95483 547.5326  588.53784 724.8349
 557.7004  593.04865 612.3924  539.8536  658.4467  597.4904  667.97705
 623.5646  374.59558 657.73804 616.7523  530.643   682.60864 592.8981
 682.1945  520.0432  479.35214 721.5416  688.0878  831.45465 547.31165
 696.52966 632.7061  741.9079  627.88544 630.64465 595.0008  572.4182
 628.9401  652.33136 648.0295  719.2939  613.18176 681.9171  638.3496
 492.00348 687.4     556.0231  648.16943 663.9383  640.0235  576.1508
 555.5706  804.9761  635.8935  619.02    606.6791  760.57996 694.1797
 591.19904 577.3939  657.7513  581.3386  463.50662 608.67334 547.2803
 601.8093  628.0195  622.76465 640.20856 497.7263  642.97046 641.9006
 608.9649  592.6301  649.7198  658.8289  639.9284  627.6151  637.5021
 653.31433 573.779   633.66614 606.18164 560.9285  638.96014 592.2342
 679.4336  586.8104  540.2205  622.7662  694.3224  636.39923 583.7058
 675.6779  766.60693 678.82263 617.93365 642.6691  674.5723  507.54843
 545.96765 641.6924  538.43085 688.70447 590.7482  633.1878  649.04614
 600.38464 650.3747  626.58514 698.6065  584.18964 653.68317 631.4094
 624.9149  553.17914 954.084   664.6645  749.7576  595.90814 643.12115
 547.5615  616.6826  655.0387  563.84875 739.6456  700.1522  705.8476
 638.6575  541.68335 818.7701  608.3963  543.2051  658.3063  637.418
 628.0524  735.1803  498.47528 595.13916 694.72424 561.03986 577.0546
 779.0707  690.8312  515.41266 713.9882  648.35846 747.7683  733.9943
 518.13965 667.3486  614.84766 634.8918  638.65    582.31885 614.58484
 640.6897  610.42865 850.0754  486.05893 576.6451  522.21155 262.06607
 596.72217 740.9833  699.99506 659.59503 556.2529  772.8361  705.22144
 476.72665 681.31476 694.7075  552.20874 647.5272  623.4924  737.6582
 585.0868  669.69507 638.9951  658.36523 629.899   715.4501  520.20496
 620.7044  591.00366 576.08813 536.2328  652.39056 676.9158  742.6685
 565.7967  581.3577  484.52194 710.02106 604.19696 606.2511  434.72113
 586.0431  587.6184  446.64603 625.70496 622.5132  562.47687 626.967
 655.193   605.4807  625.5874  721.825   622.3796  524.6618  611.628
 509.2326  530.06494 701.34863 514.8518  526.63824 672.6866  521.44977
 524.01355 538.97125 529.654   529.38684 438.21967 732.2377  648.786
 599.45184 460.208   692.61914 641.08746 674.70966 659.4803  706.21826
 684.28156 549.6494  657.48175 501.89062 680.9636  609.8615  533.0254
 630.4511  725.0958  688.8578  667.11993 606.91583 566.2446  543.8338
 686.1093  783.71277 677.2521  669.79596 697.321   619.8781  685.46387
 640.1315  542.8422  596.06195 656.46967 557.4386  552.65424 652.7025
 646.03986 638.3959  594.08795 816.83154 710.8135  627.3266  570.32117
 592.63544 698.52704 743.03656 627.78107 270.3214  715.44855 525.2211
 653.3741  566.991   743.2271  644.5417  590.6142 ]",[4.6285644 8.494072  8.40627   ... 6.3203382 6.4579325 7.5071254],6.615494,0.04478589420654912,0.23837950911935887
1,10719,Transformation_Matrix_W,"[[ -0.18915756   3.6531487  -11.205023   ...   0.76874715   5.6593394
    0.8592815 ]
 [ -7.0931582    5.119215     0.25637564 ...  -3.1386406    4.634877
   -5.718939  ]
 [  2.638403    -5.873796     1.5371081  ...  -3.4218771   -4.426204
   -1.205272  ]
 ...
 [ -0.8095652   -0.83640945   2.7833107  ...  -2.9172444    2.3042333
   -0.77853894]
 [  9.573565     2.5206368   -7.760119   ...   4.187813    -2.6652515
   -1.2670833 ]
 [  8.114683    -2.901441    -0.04424347 ...  -1.516022     1.7281086
   -4.0315275 ]]",,"[660.32623 646.6541  554.39264 539.5805  561.5765  676.23505 657.52563
 707.6095  491.80582 552.42065 510.33914 611.87714 621.70154 624.04
 573.35376 576.1619  308.2964  729.4735  527.37915 683.1667  489.4147
 544.2469  601.48206 774.88574 530.89264 587.9773  819.19696 567.3521
 579.1885  522.94836 328.7527  527.9122  680.1685  334.04678 647.1121
 586.84656 586.2725  703.55835 530.9632  567.8843  702.149   621.5206
 661.00464 465.98804 593.47144 620.9239  688.48553 635.9498  625.70465
 599.97144 444.5655  689.8742  551.62744 574.90295 542.1106  625.8867
 728.6433  587.6241  560.66315 631.3673  695.0406  748.16095 523.73804
 643.1071  602.5289  622.69543 476.11957 506.07965 555.5706  492.2204
 699.11554 698.24066 576.3221  454.38177 501.56784 564.1281  722.58984
 619.13275 538.0108  755.0871  616.7716  717.4384  523.38434 693.39246
 544.844   444.58472 743.8809  633.2646  664.25494 516.8912  524.1303
 709.55115 510.90143 642.4843  613.954   656.1702  685.24365 788.9738
 544.3914  531.88635 649.0766  628.05206 484.38617 710.5433  552.57996
 536.0324  719.11255 725.65    607.6353  511.86862 677.334   590.7596
 497.51776 575.6506  648.7355  534.39404 797.0494  247.99138 604.9664
 593.583   751.24506 657.526   573.4966  696.5136  536.33923 531.8012
 535.9252  648.6073  311.34543 596.43085 602.77325 549.387   660.4489
 652.9109  618.8304  472.07913 525.5526  641.9045  526.29626 578.29456
 562.899   472.38568 611.1416  504.59396 545.1515  648.3744  602.7662
 729.3039  606.24133 579.9256  678.4952  654.62177 685.4773  604.9512
 653.2826  530.5194  631.74365 641.33105 712.74133 653.2112  563.4742
 750.387   731.8403  576.8368  505.55643 515.3861  572.29236 461.2726
 725.25696 653.9613  623.4495  721.9763  751.74023 652.0434  533.7743
 532.66876 765.9519  605.2167  596.9151  687.0116  527.37756 616.29645
 551.32214 630.3461  528.1833  341.43393 671.395   683.17975 639.22906
 648.0894  581.8278  567.94116 598.24097 505.20926 784.3073  772.8096
 541.7053  479.83505 710.7536  650.876   580.42993 797.4539  659.2031
 664.2653  461.1515  619.5578  623.0852  605.3566  806.1685  620.5524
 441.97778 653.09204 483.8568  620.33    553.6716  629.9094  473.2035
 517.4652  614.4607  618.1628  600.3417  501.08688 335.79102 465.81854
 649.23694 694.2657  603.71423 753.28925 678.7931  585.4483  673.3903
 763.98065 489.20184 602.5553  515.49384 649.69183 558.4551  595.3252
 641.88934 743.4255  636.2339  641.73596 746.6321  535.13464 617.5532
 489.62537 581.91626 614.62054 610.6088  660.4155  573.5907  689.3779
 613.74426 609.94836 638.7735  324.54388 486.17764 529.7648  537.7503
 690.36414 533.1885  581.72015 696.49457 593.86926 784.82135 612.5563
 602.7008  644.9031  534.9837  716.9135  742.2431  728.9196  638.3372
 447.4383  617.4831  527.65295 615.7012  546.6394  645.3419  507.85175
 554.23755 688.86914 556.5999  532.7194  691.9521  642.631   571.0052
 678.87463 634.6195  699.9582  614.42596 597.6829  570.31116 618.86
 591.81757 672.6037  433.19937 631.91516 621.71924 550.9212  553.98914
 867.07574 672.6331  678.9622  549.8283  641.1145  664.7802  587.9782
 773.25745 468.69836 687.2467  620.421   587.38074 603.7373  534.60236
 607.5242  594.4619  666.3571  618.2818  472.3202  592.451   641.1454
 653.1133  602.8759  607.529   679.05176 552.61255 573.04    555.2951
 652.7502  554.9494  598.36725 728.09033 574.5775  613.7922  521.2266
 563.0151  637.5278  652.8242  554.2837  706.82996 257.31436 691.22955
 639.91675 579.1736  805.18677 615.2808  573.7309  540.5776  678.41724
 615.73926 563.1803  544.3226  510.7627  629.4926  570.6936  652.31396
 601.18665 642.6636  665.52234 593.21027 591.2894  637.5239  637.1593
 761.4063  630.7502  608.8884  644.07385 506.1186  478.8691  741.2317
 652.00665 731.3085  635.9727  547.2496  588.4527  577.31506 571.4294
 642.75256 866.57245 617.9173  551.2643  661.5454  599.8142  553.411
 249.77977 510.9496  591.37933 671.20575 595.45465 645.38885 550.5474
 627.56683 547.63855 484.39703 631.0641  632.88855 608.96136 638.1316
 622.0079  712.61115 690.617   735.76196 695.5889  661.45447 790.24005
 621.7256  678.98615 582.7062  530.7481  455.0719  599.6725  707.7741
 483.53406 577.2236  633.267   763.66846 529.8392  619.8057  557.91956
 635.66583 603.1493  658.0294  618.50964 562.06244 689.80273 562.8827
 674.83167 368.17383 749.487   666.9373  569.93695 612.97943 554.7398
 568.3491  722.9665  558.969   449.58865 592.2936  518.53625 537.94336
 713.1585  537.67395 502.79907 507.3381  748.7639  561.46484 571.3971
 624.277   557.2026  618.92645 731.6632  701.2611  595.9317  724.6778
 679.2437  585.03015 635.20197 668.77435 512.0414  593.9684  546.5516
 625.64185 587.98975 460.81458 659.3519  634.40784 738.0645  518.8171
 800.1297  695.2286  409.06964 642.8951  648.77435 681.08246 517.4629
 644.741   572.95087 653.38324 757.1595  627.9282  727.6137  682.6764
 584.84607 642.7513  585.15314 729.11597 591.76904 535.36017 577.6015
 710.51306 660.5537  701.6029  606.23444 515.6834  572.18066 694.694
 546.48474 574.7388  608.5424  526.05304 649.01764 581.77356 646.7821
 607.4691  337.38464 647.32166 606.0239  503.5931  671.4717  581.93134
 672.7714  505.2521  473.44083 701.4226  670.1142  805.5836  534.8749
 675.24054 619.39465 720.1414  612.69763 612.83514 585.6456  561.6537
 608.951   637.9022  632.8794  694.92377 603.9512  665.30176 628.91766
 481.1483  666.26935 540.7043  634.72406 647.67474 619.638   565.10406
 543.2846  789.2376  616.0026  609.02905 600.79395 746.62695 679.8521
 570.9815  562.66895 640.8986  564.6821  449.9463  585.8378  537.00684
 593.0504  604.137   601.2305  619.2796  476.52158 633.9602  627.2448
 587.4721  585.82074 643.85406 649.1656  618.34503 608.82    622.5305
 615.65656 564.3293  616.4453  574.0036  552.7705  622.0207  579.35376
 667.36017 568.7905  521.21796 524.0272  676.00964 613.75165 569.5059
 663.9135  744.7875  662.6077  598.0917  625.2304  652.036   487.86124
 538.4101  623.82654 529.4647  662.40314 573.9603  621.81885 616.19806
 583.3674  640.1636  603.64075 683.42957 570.7393  615.1363  608.8598
 592.03296 549.5515  936.8084  650.0283  722.81915 580.8803  622.99664
 535.05884 595.06354 637.4011  546.69293 722.9672  693.80164 688.57654
 619.3167  528.1366  784.06934 596.5695  531.8018  637.38007 625.15576
 609.9081  620.4257  446.68634 585.776   686.0369  550.2009  564.59344
 769.582   670.89136 506.11264 701.14    628.02423 724.211   713.09735
 501.56714 653.97296 598.8876  614.7003  626.46735 546.9919  599.51416
 625.1302  595.41064 825.94806 466.6525  558.5366  515.63806 245.29192
 574.58844 723.2534  684.631   639.3869  544.7503  748.47876 681.82104
 462.13205 661.0553  665.0722  531.90295 637.6515  606.7058  721.1181
 571.7695  648.8444  625.19476 640.8344  604.5452  694.1747  509.5581
 595.3444  533.72656 563.8738  516.65265 627.038   661.94116 725.2533
 553.9769  556.1166  469.57996 689.9886  598.09814 598.90265 426.5072
 570.01404 573.01965 441.32074 618.78784 611.73236 547.7143  620.8641
 638.6133  598.1651  618.76135 702.082   612.33673 507.76468 597.79474
 500.63583 514.69147 690.975   500.76727 502.32358 654.21826 506.9715
 508.8509  526.8718  520.4828  519.5563  421.9093  689.9608  639.6991
 587.1734  451.10614 598.6243  630.98663 655.232   652.6562  685.22833
 670.99695 539.464   640.6944  487.81656 669.2376  603.11786 519.8103
 615.6115  714.1758  674.2809  641.91315 597.6194  549.425   536.0083
 663.907   769.30237 664.542   642.59216 666.41583 612.7893  671.6278
 604.4655  536.09985 574.2851  631.4345  542.8996  537.08215 632.5764
 628.7377  622.7178  585.0861  759.70197 688.9701  614.826   549.87946
 579.236   690.3592  724.51154 619.6411  254.10948 705.49854 520.0487
 631.9947  551.65375 715.7724  619.79944 578.2842 ]",[4.525547  8.755241  8.167236  ... 6.327483  6.3742275 7.527325 ],6.520235,0.06931989924433249,0.28685982324111114
2,10719,Transformation_Matrix_W,"[[ 0.28235132 -2.4094284   1.1779575  ...  1.773798    1.4010526
   2.7231638 ]
 [-1.3780478   0.5680582   3.559261   ...  7.2895136  -1.7051334
   1.1657861 ]
 [-1.161782    1.295628    2.8674703  ... -6.3081913  -1.32838
   0.4012835 ]
 ...
 [-1.3032358   2.5092313  -2.1202009  ... -0.8738334   4.9419947
   2.9630635 ]
 [ 1.0244526  -2.5678608   1.1150472  ... -2.7000067   0.4371902
  -2.0697656 ]
 [-0.3946912   0.45144063 -2.3067288  ... -2.7296133   3.501242
  -1.8307596 ]]",,"[641.8152  636.5282  535.45087 520.4363  541.4618  644.6382  631.0884
 684.22034 478.9164  540.1711  497.6006  569.8543  607.52875 586.06775
 551.3704  550.90375 287.64996 701.51965 502.8604  659.982   472.4518
 526.21106 586.80255 746.75415 519.18774 580.97626 797.20966 551.3898
 563.6865  510.98407 306.63007 514.936   665.42206 317.6959  631.549
 570.6429  563.2425  687.5747  521.9168  555.0928  675.6414  609.72504
 633.3681  449.46896 577.0882  605.585   667.7966  604.3264  608.9133
 579.5667  430.3974  677.8238  532.47595 567.56757 509.25058 612.10455
 701.35596 569.5139  550.94806 614.1124  679.0514  728.1429  510.1066
 610.71204 591.88367 604.7128  444.2303  489.02194 539.5396  474.74112
 665.6648  672.8032  562.88983 437.29965 488.17227 551.96594 711.2358
 590.11426 517.0881  727.3939  591.1857  681.5526  518.2821  676.2534
 523.2139  435.20972 727.71    609.7751  648.16345 498.93048 515.882
 697.0794  503.72513 625.7751  596.96716 634.19073 666.8824  766.46826
 527.1376  512.7923  619.16046 613.41754 466.57907 687.9204  534.30835
 520.7039  692.8742  704.67145 588.8928  496.9079  644.4194  574.9075
 482.6132  558.2619  629.8866  522.9369  781.2996  211.60443 585.7215
 576.09143 733.24585 645.8743  560.5665  674.57733 515.48413 511.21313
 520.151   632.0236  290.1966  587.33466 581.8335  527.43445 638.4394
 635.9395  602.25366 456.63565 517.6513  629.575   505.55356 561.1624
 545.355   465.45447 587.1858  492.758   531.8197  623.43335 584.0356
 717.8481  586.9048  569.8353  652.44244 634.9965  665.54285 583.6677
 618.0614  519.90894 608.1999  628.5878  691.1808  622.67914 546.9792
 735.42035 708.8837  549.77234 496.72812 499.20212 552.36365 419.43024
 708.0436  629.4521  603.36536 688.84784 735.04584 609.8334  515.14703
 517.5444  743.72125 586.444   581.3596  671.7467  515.9116  597.5627
 538.3682  602.62787 514.6513  328.6757  653.6498  661.5009  615.8377
 622.93225 569.3202  549.2773  574.76135 489.3257  763.44104 743.6517
 521.6219  458.14056 688.646   631.38605 567.9068  776.7209  643.26276
 647.5836  447.6062  598.2958  604.9438  595.2099  775.98083 600.9431
 424.07764 629.9296  458.49167 604.78436 542.0439  610.7091  450.6516
 502.71686 596.3512  601.6647  582.87634 490.47925 317.31598 452.8866
 628.73706 677.4571  591.8204  738.46295 664.626   573.1004  662.3023
 745.62463 473.71613 582.632   501.3954  633.0201  537.5318  576.8688
 616.2337  727.0676  615.65    628.51605 726.19684 522.321   592.03796
 472.87756 556.383   590.7161  597.92395 641.39685 567.4121  671.39056
 592.45087 585.34064 618.84235 286.7602  467.9206  482.32394 525.4953
 667.9567  516.6655  569.0221  618.3456  577.24786 766.75574 598.6997
 585.19214 630.883   522.6585  691.3116  722.0462  702.943   617.4962
 432.91348 601.58167 517.2123  599.77673 531.67395 629.76215 497.3742
 536.3046  665.9011  535.61224 512.17316 681.3407  628.6901  559.9487
 657.18146 620.9862  671.9425  599.5732  581.8772  547.238   599.44794
 578.5849  655.28253 426.10162 604.72455 601.303   530.6057  537.2447
 832.78595 647.20264 659.7216  529.79315 613.49896 639.4187  571.0982
 734.871   442.3703  651.5639  605.9412  569.61725 580.0284  516.8717
 590.48413 585.0744  651.5829  604.33936 464.13065 583.0089  610.31433
 633.7115  583.77405 590.223   657.15753 536.3952  563.2176  537.0146
 616.29285 533.52765 587.1411  713.62213 560.12476 596.3197  506.73407
 517.80707 624.28986 631.08325 539.6326  689.12024 233.29138 671.17255
 609.8325  515.79834 788.3282  600.33374 562.3214  520.5968  651.0913
 561.72577 553.2931  526.36884 501.39963 611.32574 561.21643 622.6982
 581.03577 638.0252  637.51953 579.74567 569.08466 621.0313  618.651
 724.60297 612.33136 596.8503  625.0102  492.20282 467.1151  715.45624
 634.27997 713.48785 621.62946 537.42883 575.58856 561.18384 551.0686
 616.79083 847.9016  591.8673  537.3528  650.9263  584.1012  544.83026
 233.25638 497.02567 572.38104 653.0102  578.76917 616.22437 528.5651
 602.14777 520.1112  473.2055  614.9202  613.2071  589.8616  624.62836
 609.7467  690.72455 669.96747 709.46045 673.81604 639.2091  755.2347
 604.5713  662.83575 562.44183 523.78613 436.5607  585.1522  690.5103
 464.58948 566.0273  612.6766  738.52167 502.7943  599.9963  547.41345
 614.5735  584.25574 639.27167 593.8094  521.4975  680.00854 545.12897
 654.03174 348.95828 734.16187 653.5968  559.5     599.56726 512.9856
 555.6159  702.4496  545.61676 436.72003 578.3084  499.06293 519.9106
 694.55676 523.6817  487.65924 499.48486 736.22424 546.7574  553.9928
 596.377   545.47815 613.46246 706.68243 679.24884 578.86127 694.73236
 653.01886 575.7638  612.3502  650.144   492.35538 578.057   527.1986
 610.3103  576.72925 450.52127 640.7575  618.71423 713.8992  505.95862
 770.0411  668.5452  384.90955 621.14124 629.32874 655.5969  508.70596
 637.9438  549.04333 639.01227 748.56903 603.9241  712.28357 652.2999
 567.07135 581.6982  565.2088  697.20154 569.9357  515.0107  549.9717
 694.37286 627.08826 679.4329  587.1642  496.10797 551.4313  664.2097
 532.049   560.4348  592.1224  512.86456 633.84576 567.8785  636.9752
 581.08344 310.5471  618.8757  582.5104  478.3206  657.14355 560.2856
 649.64386 490.34607 461.31772 667.32697 648.1691  776.109   520.6449
 651.4003  597.8242  699.77954 592.352   585.9087  571.78546 545.7896
 594.0892  621.75134 622.342   670.7409  594.76697 651.9249  615.01117
 469.49216 640.50653 529.05225 620.5692  630.9456  595.50244 554.4228
 529.9413  771.62915 602.9891  595.2403  587.5794  715.3897  658.02216
 539.03204 548.7429  624.0626  554.6751  433.53903 566.1137  524.0395
 582.2413  590.82776 580.36993 598.99634 458.20578 614.90137 617.4675
 563.83203 571.1873  631.65564 634.56915 601.9759  592.3515  605.35077
 587.2533  551.2372  605.29266 543.04584 542.28143 602.2543  561.5903
 644.8191  552.46906 509.46164 442.49896 653.5517  588.71515 558.1886
 641.3894  721.6552  641.0479  580.02515 607.4358  632.3787  470.01614
 515.28876 601.18823 519.3301  648.8664  557.2072  615.5093  591.3313
 566.8776  625.4638  583.2163  670.9106  558.09326 596.06824 587.35724
 565.89246 540.10645 924.152   634.0788  700.88684 569.6207  597.6178
 529.0428  565.9137  621.34863 534.4546  701.62775 676.8074  664.4355
 598.62427 516.0263  757.5381  577.2299  513.79065 624.8434  609.26324
 596.6149  493.48337 393.4898  570.3022  666.39435 534.214   553.9092
 748.2358  649.15857 485.3299  685.32965 593.57996 710.27563 695.38086
 485.13242 633.6943  575.3844  594.1392  604.8516  523.36664 580.149
 602.73627 581.9233  797.24554 451.9271  543.7543  504.13727 227.91187
 558.7716  693.20856 664.07947 624.42957 523.2478  726.3874  666.9838
 449.95343 648.8615  642.26263 517.09973 612.7914  583.3753  704.74274
 556.4766  618.0599  612.15796 627.5437  589.6309  667.9256  496.16605
 578.72504 504.8926  546.43866 504.5318  604.5146  638.44147 698.5727
 539.8239  536.88434 460.22458 669.2157  576.9952  586.6169  417.2853
 551.474   560.0564  434.00552 598.837   592.36456 527.182   601.9769
 623.0907  585.6182  609.71    684.58307 596.1657  494.98907 583.7881
 488.17508 501.60498 663.87335 479.77737 476.12787 639.2933  492.3256
 487.3762  510.3915  506.79224 501.88004 408.8196  664.425   632.6929
 566.98157 437.05695 521.7996  610.93353 641.1761  634.1893  668.90894
 651.1443  528.93097 621.32965 468.25635 654.29395 584.73804 503.78372
 596.4112  692.1689  651.8708  627.9636  583.57574 529.95374 521.1748
 637.7727  754.6353  645.0852  622.0382  644.55493 594.10156 655.2679
 583.3935  528.25854 553.73285 603.2767  529.0038  513.93164 618.16675
 611.95514 595.70337 570.79004 722.3032  663.528   601.93506 529.29913
 566.43256 671.57074 709.608   598.6771  232.52052 683.97125 506.29822
 606.5172  540.0128  697.67554 610.10364 561.42566]",[4.328205  8.376492  8.069866  ... 6.0545716 6.272826  7.025868 ],6.4150224,0.10458438287153653,0.33146148934433317
3,10719,Transformation_Matrix_W,"[[-1.9354495   0.90280443 -0.8425726  ...  2.2209904  -1.549101
   2.6869748 ]
 [ 1.6312436  -0.17003238 -2.1738315  ...  3.386396   -1.0712465
   2.1572292 ]
 [ 1.6329539  -0.33525977  1.3914728  ... -0.45355    -0.42921144
   1.5165381 ]
 ...
 [ 0.18793446 -0.9666081   0.3157244  ...  2.9631412  -0.18295604
   2.5907245 ]
 [-0.80729806 -1.1010107  -0.11984816 ... -0.85635597 -1.2867213
  -0.7042926 ]
 [ 3.3776965  -1.7746478  -1.0450188  ... -0.64742374  1.3501955
  -1.8996633 ]]",,"[621.0993  617.9489  507.66895 501.7232  518.95355 618.04065 601.9216
 655.08075 452.90094 525.1235  477.89273 536.19556 580.593   552.5433
 524.9979  509.31384 264.93875 672.00836 482.07306 644.8071  455.41324
 507.10388 577.5143  713.90564 505.4717  558.1203  773.4965  536.7526
 536.7771  486.95255 283.0422  498.9939  633.9177  301.2266  612.8222
 547.68    541.23364 657.9446  501.5948  532.8983  636.1612  591.0853
 596.27856 429.75647 562.25903 570.53235 645.9482  584.0721  586.40265
 556.28314 407.66348 647.85974 517.07477 543.73584 476.35757 594.29565
 666.07336 531.0235  530.17096 593.8786  640.36475 691.73145 480.08978
 573.9661  581.82294 590.904   411.77863 470.5502  527.02075 455.0904
 639.82947 648.9272  546.6248  411.72968 472.047   536.30444 689.43713
 563.1089  487.9187  679.675   573.8314  630.3455  500.6019  659.53986
 502.9773  414.1611  683.9183  576.51227 611.12286 486.64633 493.05414
 665.95044 491.65182 595.58673 571.9347  611.94495 640.8062  717.2323
 510.12222 497.11124 594.11774 595.6387  445.92578 641.4971  509.53278
 504.3128  668.0562  678.7442  570.0708  476.3583  609.8074  548.7086
 467.26288 539.36884 598.8261  512.56165 760.0026  186.8932  564.49786
 555.85944 707.01984 625.44824 537.02686 649.73804 498.0249  493.41595
 503.09924 606.97095 272.4049  564.42993 565.86536 507.75916 613.7748
 611.40814 591.6767  432.26428 507.46606 602.5691  483.7814  532.93097
 519.7491  453.50488 570.0768  476.44946 512.66583 598.99805 556.3764
 686.8054  568.1348  544.6001  622.3985  613.47015 642.3936  565.39044
 592.8925  502.2564  579.00977 605.86084 647.1281  588.6766  522.84845
 709.8819  688.4771  525.3006  471.33652 485.0199  534.41486 363.41235
 679.08453 612.5666  582.4247  640.5249  705.72046 559.83453 494.7239
 490.7693  708.4189  566.0511  562.9765  644.1146  501.61356 570.93335
 523.33215 567.04596 501.69983 310.2869  630.71466 638.4713  577.67926
 598.10223 550.8653  525.9715  548.20105 469.4246  730.0348  718.25775
 498.4055  431.71194 655.7409  608.5098  548.3557  744.5091  620.88525
 628.7582  434.34644 577.3106  573.05084 575.30646 745.67847 577.32764
 406.47617 615.17145 423.6274  575.3396  527.3107  590.479   421.36636
 492.64362 571.9327  575.7362  560.092   471.3309  293.35147 428.92786
 597.2648  647.90216 568.87335 710.28125 643.5269  552.822   645.828
 711.0255  448.72583 552.0538  480.25577 612.8017  520.4107  560.68616
 593.1209  704.55096 590.62225 606.1984  704.87317 501.45776 559.9547
 452.84537 535.19867 564.1004  587.4363  612.64386 543.63745 649.60706
 576.56805 558.92914 592.2638  242.7631  454.49002 449.0438  502.0522
 645.03864 504.53183 551.1048  520.7125  565.1192  747.6697  580.1647
 569.0203  612.7007  510.6604  659.1636  694.4891  666.7799  588.1415
 405.76855 579.4592  498.66608 564.8144  518.91504 599.30597 489.1021
 501.942   639.2445  508.7616  490.68393 650.2831  605.9371  542.9738
 630.19464 593.82666 648.00824 585.8719  561.97095 522.6786  579.36743
 557.99194 624.40424 416.33243 581.75464 573.6331  503.80713 525.3344
 771.458   620.20734 638.25665 513.3668  596.17816 606.08044 540.6427
 690.5773  409.83954 616.5796  580.54626 549.3255  546.64215 495.97903
 572.448   575.2486  636.9316  582.3734  445.49347 562.0741  574.4225
 605.7184  569.8126  567.03815 623.83954 514.38806 545.622   514.8074
 586.3729  510.0794  570.6451  690.00995 540.76385 580.88416 476.5502
 454.89722 599.883   606.6084  516.8369  650.5865  212.2855  650.56683
 583.3175  469.99716 745.1302  575.75305 544.20044 503.90048 620.51263
 490.6879  544.0178  510.4851  494.37924 588.4609  543.9823  586.733
 559.1343  616.52783 598.35364 569.0113  537.76605 597.1758  586.61176
 695.9041  591.74225 579.95636 604.03046 474.78574 457.1213  696.141
 609.2727  675.8461  602.4443  519.5487  551.7635  531.7327  526.20844
 592.4181  813.27045 566.9777  519.926   631.9099  560.1845  529.80786
 209.71321 476.94174 537.5283  614.7037  555.4185  591.66956 507.25803
 563.1314  504.9706  459.62347 586.0818  582.3186  563.3111  604.84296
 583.3038  668.5075  637.5792  689.8928  645.2455  619.899   721.0608
 583.771   639.9659  544.0221  517.50464 410.6209  562.22046 670.14075
 442.94867 548.2554  587.0028  703.73566 468.99454 576.34937 534.2212
 577.9673  547.1347  625.1943  574.1525  490.61044 655.3845  522.26117
 638.4586  330.88333 706.736   627.3069  550.0673  580.21045 479.01328
 536.11084 667.1354  523.33905 425.71356 572.8355  480.10944 504.75708
 661.32434 505.83597 475.91605 479.43558 711.9049  532.4007  538.509
 560.2741  530.1244  594.5907  676.7626  655.12366 556.9529  654.3792
 634.1308  557.8121  585.7332  617.332   473.5849  559.178   507.4892
 586.71576 554.424   435.37433 619.46216 592.62573 691.4004  494.88223
 735.35864 628.2636  360.014   598.71606 609.19226 614.41644 490.07407
 616.38403 529.29865 608.698   721.96313 572.77    696.3934  623.77563
 544.96954 506.3528  541.01294 679.45984 550.7973  496.37216 518.32404
 654.69904 593.6533  652.0093  571.3423  468.349   526.2882  640.17285
 512.99884 540.539   577.01996 498.90384 616.9954  544.2569  606.5358
 565.7465  288.19156 599.39417 556.0168  455.50165 634.7274  543.82825
 627.6331  470.50748 447.33582 635.20764 616.887   747.57184 499.2203
 630.84094 575.2019  654.34515 562.50903 561.10315 548.8024  526.76184
 569.0255  601.03723 602.5336  641.9663  572.7502  633.3095  586.60565
 451.74118 622.9152  516.9764  598.9023  596.2932  570.4777  535.8026
 509.2466  743.5583  570.19336 581.70856 563.16986 676.70703 629.6417
 502.41125 526.94806 603.0604  530.0007  423.51385 545.6373  506.8551
 556.858   578.2574  558.38275 581.40906 443.39032 603.0007  587.7036
 538.1128  541.1682  608.17316 613.94366 572.7085  562.1238  583.2477
 558.9789  537.04016 577.90393 507.62277 524.03815 581.32043 541.2636
 627.2125  522.81744 487.47122 371.51096 621.0651  551.62415 534.49097
 618.9979  691.72614 628.39545 558.44336 582.4135  615.84314 457.95856
 498.97763 578.0138  501.7207  602.78296 532.4881  597.34717 552.33673
 547.17126 608.44556 568.915   648.09717 523.76025 574.9409  567.2877
 542.5933  526.5749  907.10425 604.2873  666.41016 548.6923  572.1649
 518.2557  552.6689  597.49414 512.87714 674.01526 640.5514  645.76483
 583.3144  494.90054 729.65015 553.58496 497.5834  599.7909  591.8821
 576.94666 389.24408 355.1422  546.66986 643.33185 519.07446 533.6559
 731.44696 621.7645  452.84442 652.8742  567.6176  677.6496  667.058
 469.98163 623.52045 549.28265 562.6051  560.7229  498.0981  558.735
 578.16705 568.7636  774.9403  432.32544 522.61163 489.92316 210.34543
 535.65936 663.4347  642.3634  608.5636  500.5341  695.7886  645.44073
 429.91736 619.6979  601.10913 494.18973 587.1325  561.8254  673.68396
 538.9116  595.7559  590.317   606.0311  567.24634 645.0606  481.0627
 559.85834 476.86795 531.86426 486.4893  584.45074 617.362   661.5249
 520.6043  502.90482 442.92313 645.61456 544.4732  577.0837  404.94064
 528.3632  533.06964 419.55417 579.12317 577.72327 509.06485 567.5498
 588.60864 568.80835 592.0376  654.0104  571.83014 479.9505  563.96234
 471.17914 484.14124 639.29144 466.01917 461.6201  619.3625  470.1035
 466.2482  492.33853 481.37784 472.9078  389.89896 642.7966  619.2348
 550.6039  420.52924 444.33823 579.3148  623.7819  599.47375 644.829
 626.94006 507.33728 597.7419  457.849   630.4741  566.1706  494.89597
 578.0753  670.30774 631.7884  604.0668  567.73303 498.27658 501.23355
 607.6915  738.3476  620.1296  596.69086 611.4164  580.7052  632.3164
 551.1791  513.4743  527.5141  573.4529  505.56558 492.27173 595.07007
 594.0754  569.4199  557.82263 655.532   642.02704 581.28503 510.78757
 543.08203 636.82184 678.9366  575.9866  205.59094 655.018   489.0628
 572.2667  520.25323 662.91925 583.1713  540.71265]",[4.5350356 8.117262  7.705195  ... 6.142978  6.1146317 6.739264 ],6.281511,0.1548110831234257,0.38414204130218726
4,10719,Transformation_Matrix_W,"[[ 0.7551742  -0.44540444  0.04532841 ...  1.070526   -0.7669108
   0.13435836]
 [-0.11761697  0.40537748  0.7668753  ... -0.69036376 -0.66996276
   0.29234645]
 [ 0.4210319  -0.11495613  0.06444225 ... -0.81655234  0.05044587
   1.6373785 ]
 ...
 [ 1.3901335  -0.6010216   0.36272556 ... -0.4571936  -0.14857385
  -0.39557475]
 [-0.48398477  0.66233754  0.28293338 ...  0.13811558 -0.66320413
   0.3235719 ]
 [ 0.5047913  -0.10116185 -0.50696576 ... -0.7327565  -1.0711985
  -0.0271157 ]]",,"[591.59265 608.44684 489.24384 489.6731  511.35562 592.6199  583.3245
 637.44543 443.9727  500.25775 468.71634 506.21396 565.8771  538.1021
 511.55988 478.06873 250.54382 648.77637 463.91406 628.8492  433.19165
 487.8433  560.3786  672.2342  488.3095  539.3672  744.63464 528.6296
 524.45935 479.61832 273.82953 475.10486 620.8805  289.1617  595.70386
 534.4102  523.1443  650.17163 495.87262 515.9711  609.7823  582.45715
 571.5131  419.498   545.03546 548.2793  629.10187 562.601   575.9981
 539.78503 392.94156 641.70654 502.98914 531.6006  450.9451  574.0411
 650.22614 513.6151  516.63513 583.7528  616.36035 662.0898  467.25525
 546.2686  572.56396 572.0992  399.4544  464.7232  509.42792 445.04965
 619.6231  634.69446 533.71906 395.8745  467.729   518.91754 679.1792
 542.36163 479.1744  660.8627  549.4784  580.38293 491.05176 637.3746
 493.44214 405.64536 661.09357 559.39    582.6355  475.48804 477.43497
 646.577   483.09073 583.6789  555.34705 593.8164  609.9249  690.66986
 498.60745 485.3411  569.3841  579.9952  428.59903 619.8423  488.42184
 496.54065 653.87305 652.48395 555.65607 473.48267 591.99554 536.2715
 452.79044 526.4469  579.283   502.7884  745.81464 177.22824 547.89667
 542.2312  689.32385 608.84155 520.62714 631.4175  489.37683 480.475
 482.62927 596.33    253.86153 559.7943  555.4258  494.2624  604.54785
 595.5002  575.9896  423.8484  491.79523 586.21545 477.5666  523.36456
 506.72748 440.83997 560.2826  465.85416 498.44464 577.274   534.22064
 676.4403  543.4927  529.2169  602.115   593.8841  628.01776 541.6109
 570.04    495.2257  559.32916 577.54736 619.64685 555.47705 509.6946
 682.1685  671.4577  510.66663 458.41074 473.6619  518.7671  336.67914
 656.30536 587.1727  578.6196  608.5549  679.4867  523.0389  484.9433
 474.26492 688.79974 558.3887  541.3797  626.24036 489.45438 552.754
 510.269   541.0551  492.58344 300.54703 607.9569  624.2093  556.8796
 572.07556 536.5763  507.83508 532.6051  453.07175 709.0403  680.3868
 484.14264 420.35794 626.83026 582.2574  538.0101  708.77277 603.4661
 607.0538  421.9126  564.7998  545.86176 563.2855  732.99963 562.65063
 397.5175  597.1763  408.89203 567.50745 515.1209  572.0399  410.38748
 481.60315 555.6687  559.0049  543.8697  458.03345 283.99988 415.23038
 580.2303  631.60284 557.9374  691.6483  614.67664 530.67096 615.4811
 696.5553  436.83557 541.9385  466.06848 592.28784 506.45273 550.1964
 576.4023  683.3836  576.9584  588.47095 682.2937  496.85986 539.02136
 437.97208 519.86725 550.0844  571.39716 584.98804 533.96216 633.3122
 559.4467  545.04834 578.01337 222.44226 440.25116 425.347   488.59497
 625.9523  490.46277 542.62286 467.48303 552.36975 731.06665 567.24536
 542.7728  603.9134  502.10114 642.72455 680.17236 649.7047  566.0867
 397.74127 554.05133 482.14966 553.53033 511.04605 583.129   478.46515
 488.17142 628.67035 487.12753 472.83856 628.0012  588.8255  526.9337
 605.1904  580.2422  629.36804 564.11444 551.7953  500.81808 558.04333
 541.17035 610.9094  404.20627 564.7807  554.559   493.08762 510.16672
 733.52216 607.61847 616.7167  504.99362 571.4212  595.33386 527.84424
 663.36115 388.80023 585.91425 557.41547 534.9774  529.5599  490.75928
 558.05426 567.80475 620.48047 562.12427 440.1163  540.801   556.17395
 584.8586  555.8042  558.1176  601.20654 501.3773  535.76263 500.2301
 567.0364  496.48886 547.1328  667.36646 527.8857  562.33154 460.98032
 421.43802 584.0723  589.40356 500.79752 629.03357 202.89049 626.66644
 562.79016 428.28867 722.3911  560.10394 529.58093 487.5989  598.5147
 461.26312 534.6355  497.79288 484.2216  565.6498  530.5118  576.1587
 546.8877  603.28705 584.0092  554.50555 517.7544  581.41425 572.5776
 673.5774  575.0918  566.44385 578.3991  467.4346  447.80478 673.05084
 587.28406 648.63385 585.8798  507.42395 542.0882  504.4127  513.7285
 554.2943  797.66187 546.9877  504.20276 616.6644  542.2233  516.95123
 197.54376 463.98163 512.88635 594.993   544.01843 572.26135 484.2741
 534.0163  487.5696  442.55817 569.40826 567.16376 549.93494 586.689
 567.40643 640.392   614.67804 673.354   617.89014 601.26117 701.8392
 566.436   627.5235  526.1151  510.57666 387.8652  548.54895 646.6918
 428.36008 531.78625 568.22614 694.43976 440.67468 552.74603 516.76227
 562.35425 532.8692  600.1658  558.1853  468.63205 636.1363  508.70703
 623.0602  308.39008 684.6148  615.6332  541.0705  565.674   457.0577
 523.12775 651.236   510.692   411.32227 557.08844 465.65103 483.40445
 642.3475  490.3505  460.27164 469.51822 690.057   516.961   522.2
 544.4375  522.0564  582.4399  662.68335 637.72406 549.2877  625.7124
 613.04065 539.7374  569.186   599.5947  459.44052 547.379   491.58276
 574.3277  534.32513 421.83862 598.0967  567.2964  661.9004  485.03467
 715.5728  618.23456 335.9146  575.8764  600.0516  599.8264  482.63937
 599.7562  517.14276 590.5854  703.4134  558.9781  673.4139  604.0372
 528.9551  464.67633 523.93024 661.6342  544.3357  486.7891  504.81613
 622.0291  570.53156 625.69934 557.014   449.2095  517.5167  617.91833
 508.27063 518.3622  566.4909  485.1244  609.2248  524.1979  589.68665
 547.23566 274.05136 583.79047 531.09937 437.94803 624.235   534.3827
 612.1638  446.0567  434.08484 619.4811  601.68304 719.8131  488.84375
 608.5276  568.1659  630.8887  543.81415 544.62836 526.2698  518.91986
 546.0423  582.5615  588.2534  624.36804 557.36414 622.93243 575.7865
 438.57776 606.57074 501.9043  586.9548  582.553   556.81024 523.39343
 493.96982 724.0441  551.68207 562.13873 549.3311  657.43365 594.8299
 483.866   511.37552 587.841   519.6813  411.7531  539.9193  492.53403
 537.7061  576.2012  528.83704 565.8035  432.51257 588.71    566.6099
 523.9524  530.45953 602.45294 595.52936 560.1508  529.1607  576.5829
 536.702   522.4117  557.92285 481.4625  518.97906 563.8255  525.87006
 606.55743 512.7092  480.84668 333.8413  599.9574  537.8132  514.77625
 598.07526 667.3483  610.57825 538.36206 563.19196 608.7775  440.10812
 481.56287 556.2552  493.45035 585.5372  525.32697 583.91003 526.9392
 526.00604 592.2386  555.8816  627.2289  504.40137 565.54767 544.7893
 517.8494  516.6999  889.9562  586.5933  640.55383 532.10425 557.2684
 507.31726 532.37604 583.14636 496.61615 651.71216 624.5267  630.5379
 559.59937 488.57706 712.33923 536.0544  486.41074 584.4581  577.6175
 560.6124  336.02487 331.11133 520.064   617.8788  513.74896 523.5553
 720.32275 600.1824  443.28348 631.90594 541.765   657.6025  652.09644
 457.1986  602.5554  534.0069  542.58795 549.0117  483.71185 530.84784
 549.9335  559.31464 751.15875 419.88025 505.65485 477.89563 199.38966
 516.1571  645.30927 624.63434 584.6941  486.44772 679.9365  631.78015
 417.7736  608.6307  582.187   483.01376 567.85046 550.0849  658.67255
 528.7601  576.769   572.54224 582.4626  540.24    626.00104 471.44495
 547.6847  457.44644 513.90784 473.8647  561.9539  599.05383 636.2843
 505.5039  484.88348 432.81747 622.4743  523.8926  568.9177  393.1458
 512.8706  517.3736  411.04227 564.15125 564.3584  495.44678 556.9497
 574.25543 553.4605  584.8065  639.1649  553.62665 468.10065 548.0901
 460.0786  471.67252 621.6243  452.26422 443.7529  598.03625 457.22668
 451.1427  478.05014 466.17145 460.9318  372.047   628.5701  602.0173
 532.3251  404.58148 410.25186 564.91693 598.5988  582.6233  623.23816
 603.0424  494.54175 575.80963 441.70776 606.8473  548.84973 480.95755
 562.8102  646.0198  622.92706 578.68665 553.1694  487.3965  489.64276
 594.1357  706.5441  601.4869  568.83215 582.47473 554.5554  617.4919
 540.1161  503.2432  519.67865 556.22546 494.33432 473.61224 577.25867
 576.17236 554.0899  548.32513 623.4202  615.6725  572.5228  490.69885
 526.69727 619.352   659.06036 554.72144 194.03761 643.7305  481.5127
 556.5273  508.94235 654.23566 563.68823 530.0692 ]",[4.0990543 7.887557  7.8550425 ... 6.135254  5.999439  6.7656746],6.1858077,0.19591939546599496,0.4172359501817219
5,10719,Transformation_Matrix_W,"[[ 0.18871112  0.11819133  0.32572892 ... -0.04533844 -0.19914488
   0.80418354]
 [-0.32979032 -0.34439993  0.4341912  ... -1.1471467  -0.23341131
   0.78280914]
 [ 0.2020705  -0.33204517 -0.48232704 ... -0.24075635 -0.05493481
   0.34892845]
 ...
 [ 0.7865667  -1.4005266  -0.4843041  ...  0.17538443 -0.44384697
   1.4016502 ]
 [ 0.2502176  -0.60261387 -0.05197382 ... -0.9225531  -0.4854611
   0.38370433]
 [ 0.6890965  -0.29722145 -0.4623349  ... -0.8301786   0.35828233
   0.18410657]]",,"[564.11676 586.3174  469.8943  472.36737 493.19638 564.4879  568.70874
 607.58606 419.60284 490.73953 447.0137  479.90875 547.62427 509.34088
 490.1536  440.34497 237.25288 624.36896 445.47003 600.71875 418.74646
 476.44006 533.1134  623.91974 470.42587 525.1946  705.1588  513.345
 505.3617  457.25037 256.1463  454.9821  591.6976  271.193   576.62506
 517.43787 499.05093 631.01666 468.85043 492.31064 586.1472  559.3727
 552.0841  404.6931  519.9392  527.1958  592.5618  536.8035  548.00024
 510.97977 379.22946 601.282   485.90668 497.94922 420.51663 553.4866
 622.06683 492.38086 501.7735  568.06226 589.7321  631.5311  449.8169
 513.469   553.15845 560.2827  377.90543 454.45078 491.32928 430.6404
 590.2605  606.7427  520.7871  374.18808 450.50827 500.25067 655.2554
 527.0346  461.26147 627.33606 526.38513 536.5025  481.8318  605.6694
 475.65958 390.65466 623.24963 539.5156  553.50964 450.68695 452.78546
 625.06146 461.32108 560.48315 532.7153  567.90137 568.24365 648.63654
 481.9873  467.4125  552.3939  549.15686 411.8955  584.40247 466.48938
 481.8028  636.8395  618.84845 533.01306 453.04358 556.4085  517.8203
 435.85715 509.4968  544.2889  488.3433  716.28314 164.82443 519.534
 525.2864  670.13745 584.68274 505.34375 605.0452  468.00803 461.7685
 468.00293 575.6083  237.4266  544.3195  535.028   469.87918 572.5837
 564.6015  554.603   397.06323 477.13754 563.51904 461.019   503.1783
 485.02805 430.04956 539.24335 446.64532 480.69278 550.1609  507.77194
 642.6657  517.56757 505.88925 569.10535 569.0642  612.87695 510.8691
 541.39734 487.30304 529.0782  549.60187 585.8004  516.6221  490.27664
 661.6151  650.05145 488.1909  446.30264 461.45197 491.05988 299.30704
 628.9853  560.49927 550.4492  585.044   650.74084 490.26755 470.991
 450.7407  664.75684 529.3612  517.36237 586.96356 469.7508  533.9801
 491.9274  509.05917 480.38086 289.88437 581.7993  610.7922  521.94617
 543.77594 524.99066 491.31622 509.9613  436.35907 686.3464  650.10834
 463.07153 392.23206 599.0244  552.29614 520.19855 675.23334 571.4256
 585.58154 402.03387 546.13074 521.3312  540.5241  699.5956  548.4389
 379.62103 577.77893 376.2748  547.1385  491.37802 541.566   389.776
 460.23776 519.09296 544.55945 517.46075 442.799   266.76886 402.8238
 560.6295  609.106   535.0261  670.9434  598.84344 511.42355 595.78845
 663.7739  411.78992 522.9126  454.05838 563.7046  482.71408 531.5901
 555.6531  656.5347  563.85187 565.9333  665.59955 482.02585 522.91455
 420.0673  496.46533 524.61127 548.4651  558.256   507.31476 594.28314
 536.26514 525.26337 559.16656 198.78697 424.69135 405.04456 469.3651
 611.8181  465.60233 528.31696 396.59753 532.20416 703.9808  551.2025
 531.60913 579.72437 482.07312 622.9186  651.54047 626.3651  543.7493
 377.79767 537.4751  461.44376 533.1603  501.35556 549.6369  462.63483
 472.6363  588.74506 462.8513  450.77856 596.2984  563.3793  507.134
 577.68744 561.89343 605.5392  547.12695 531.4803  477.40244 532.87244
 521.1307  578.9392  389.45163 542.9773  527.1189  474.8537  491.606
 678.9387  568.94824 597.9195  487.01508 556.93176 574.1837  505.4606
 634.98914 362.97388 560.0396  531.8318  514.45135 508.86038 478.802
 546.41486 546.07983 591.23486 544.4015  419.57773 512.13696 537.8005
 559.66797 542.8931  539.2542  567.8373  486.46054 515.34296 476.3037
 538.86926 481.10944 530.20355 630.5552  505.3795  554.4946  440.8449
 383.80862 564.3626  561.8582  476.8481  608.94794 187.87877 599.60626
 525.54407 384.9309  690.20105 540.7455  509.8301  474.9606  573.17706
 410.9646  518.92285 475.2345  467.2226  541.49915 510.08154 552.21265
 528.3882  587.4824  552.23145 539.23676 496.9416  551.5663  547.2569
 648.53094 546.2194  546.0257  561.05774 446.35352 431.37747 643.5127
 549.37933 612.1161  567.35706 489.31158 519.01337 463.9354  493.19394
 523.45056 759.5475  523.377   485.1398  594.49567 514.89514 491.35858
 178.15636 452.80194 494.2588  573.315   522.20917 535.55554 467.63342
 504.96594 460.62622 429.8197  550.73303 535.7206  525.7827  565.95154
 549.18677 612.2474  583.0808  642.2085  600.715   571.316   668.6901
 541.3765  606.3141  503.61942 498.46884 356.3168  530.3263  617.87964
 413.55524 514.82855 541.02216 670.57074 421.85883 530.4249  494.64807
 526.488   504.1461  574.7792  532.2975  435.79572 597.8629  485.66656
 604.9685  294.3647  658.9721  599.4641  522.3877  543.3105  424.0168
 498.08356 633.73364 497.6746  399.39453 537.97156 454.9774  458.88474
 610.7641  469.66617 450.3618  459.16672 666.45355 495.88586 499.8829
 522.36615 507.9298  557.3698  639.9323  619.37354 527.06055 588.33746
 588.1548  520.4747  544.54333 578.8686  445.8894  525.042   473.78616
 553.49335 503.91724 418.0426  568.15894 550.19904 640.79333 457.7285
 676.07825 585.8281  316.24173 551.6921  576.691   574.4362  467.0456
 577.7512  499.97565 567.0793  688.0195  543.6409  654.28503 573.7558
 512.592   404.20093 496.6673  644.28156 524.13    471.6704  484.19037
 576.06354 534.90295 599.4863  538.3312  421.53223 502.89066 581.5557
 492.90234 497.27917 539.54364 472.05072 586.1242  496.64435 567.8326
 532.28784 261.72742 570.07605 497.74326 414.67218 609.91956 508.9601
 583.15063 425.53058 416.8016  596.7112  580.04675 671.3585  474.14526
 587.10376 549.2397  595.232   517.2264  507.48386 508.80527 493.03174
 524.79144 559.34705 554.7921  599.6731  537.76074 600.17444 552.3463
 422.26193 591.6999  482.56534 558.57837 550.1218  537.5321  499.18744
 473.8594  672.7889  527.20776 547.33203 528.3365  625.83435 563.348
 466.1197  492.9517  563.38544 501.5059  400.6407  520.3576  478.9424
 530.60315 556.945   508.47842 546.76685 417.37338 571.1268  529.2245
 500.12054 514.3525  574.97    569.1817  531.9531  510.8645  546.54987
 516.558   505.8941  543.4147  450.3941  497.784   539.6255  512.7097
 586.15393 487.43777 466.42984 288.92172 570.7093  505.1369  493.65918
 567.21246 638.3102  587.097   494.8394  535.2107  587.3216  426.30164
 465.58255 525.87665 482.2141  573.7851  510.2411  566.29846 494.94547
 492.81097 565.8456  536.53394 600.02795 485.41675 542.2063  521.1834
 486.8195  504.8672  865.3059  561.7506  608.0707  513.3498  538.5958
 491.85938 509.99277 561.33563 479.8139  620.8575  602.32263 599.3343
 530.08514 462.56598 682.99915 515.2556  470.58347 552.90247 560.8266
 535.58167 298.73892 305.01273 498.5735  591.5202  501.18393 511.0034
 686.6533  585.0656  418.17804 594.6179  518.5391  605.41864 633.8491
 444.20218 583.3143  505.84802 517.6481  527.9365  452.5224  514.6813
 519.6128  545.04974 728.19617 398.4431  486.0519  462.27386 189.6616
 497.26974 619.4552  596.92065 558.31885 469.5443  643.6369  605.74744
 395.14285 589.5146  556.8468  468.74515 549.53827 528.6466  625.8615
 512.78845 548.48193 552.63934 555.34143 514.3811  604.6513  458.50443
 527.3327  425.34167 493.05557 462.50793 533.43726 576.8927  605.1651
 495.14093 454.4006  424.74777 589.5347  498.61295 548.08716 379.17395
 490.52026 498.2828  401.8378  542.3769  531.24725 470.3451  524.20056
 551.9139  537.9804  559.21387 606.5309  531.68945 451.90085 528.07416
 448.7137  451.78333 596.1199  433.34763 427.4137  577.39624 435.26865
 433.67795 464.07608 443.035   442.89896 361.62933 601.5811  579.80426
 512.8531  393.63254 368.33075 534.70605 583.73004 557.1988  604.66644
 579.4611  488.63742 545.5978  426.88492 581.0924  527.68976 463.43863
 534.22174 616.7703  590.1103  554.8193  538.60297 467.82187 478.29102
 570.64606 670.84094 580.51324 548.28516 552.18835 536.62244 590.14435
 516.76526 484.68225 497.7933  528.87854 481.63458 447.1932  558.2172
 557.48486 529.8603  529.9069  575.9692  593.2365  549.06396 467.15875
 498.1147  603.00653 644.368   536.3495  180.1991  613.6975  457.8803
 530.5363  498.07806 618.75726 527.4992  509.19406]",[4.1596503 7.8889904 7.9558253 ... 5.810864  6.2430425 7.2052984],6.053298,0.24926952141057934,0.457095489816267
6,10719,Transformation_Matrix_W,"[[-0.01922646 -0.42841044 -0.13232815 ... -0.3817451   0.24149108
   0.08776522]
 [-0.4719014   0.2642343   0.10110887 ... -0.11792744  0.16512682
   0.32390505]
 [ 0.17407495  0.06202459  0.05326278 ... -0.14921837  0.12390101
   0.07254759]
 ...
 [ 0.07581843  0.12701204 -0.17323528 ...  0.3392022  -0.03930862
  -0.08326665]
 [-0.26450118 -0.12515669  0.06733197 ... -0.3704931   0.5912175
   0.17440344]
 [-0.09889393  0.07413267  0.10634205 ... -0.17102395  0.40878996
   0.31209853]]",,"[549.2634  570.00604 465.24872 453.80508 481.9481  543.8295  556.14
 579.07684 412.25104 479.5103  434.92255 456.43744 525.0142  494.12955
 473.53552 418.58823 227.20773 611.2216  423.88965 588.39685 407.2379
 470.10507 520.9208  599.4936  461.2727  515.0015  696.5102  493.31564
 500.5851  449.32275 244.10031 439.77588 570.5949  264.7833  570.35315
 509.67493 483.54703 619.6409  457.14484 478.34583 566.54065 547.5216
 536.256   389.79245 511.3337  511.10242 576.1677  525.7635  532.8899
 507.13745 363.40417 574.07007 473.51624 475.11972 411.4464  535.06445
 601.87726 472.02    491.25415 560.1666  581.8846  604.36725 433.2085
 508.2194  538.36774 549.248   372.01596 442.29828 479.3524  409.7494
 572.9592  591.27936 513.44403 355.69482 443.50818 489.4651  640.5589
 510.98044 454.13602 609.59076 508.73148 493.41595 471.5438  570.1434
 471.3219  382.6558  592.27924 524.1381  534.9321  445.20764 437.71817
 602.07886 455.30173 535.16486 519.4853  552.8718  557.69666 623.52374
 464.1585  463.74036 531.0265  537.5809  399.76938 555.10706 462.34894
 475.94086 618.50385 602.6614  518.37024 441.0211  531.93665 508.298
 425.11655 494.76328 525.5836  479.58975 684.6332  152.77296 508.54556
 504.1485  637.6532  572.61743 498.90198 584.98376 458.94473 453.764
 456.83493 560.6891  225.80264 531.287   522.764   456.53125 550.9483
 557.3394  544.0076  388.149   463.7458  548.1862  451.68057 489.7321
 475.48407 427.36826 523.76025 432.10785 461.56854 535.0101  493.8376
 621.51636 505.36707 493.6149  556.5609  545.99634 604.1628  489.24716
 517.6021  474.2779  508.20844 537.1149  559.6058  484.5235  482.1904
 637.7431  630.8953  473.2783  434.5164  449.642   476.23965 283.19208
 612.4234  546.5239  537.74347 568.79156 631.79895 463.9721  458.36987
 432.11932 629.45337 519.43823 509.50964 572.925   466.46442 523.3004
 479.88617 510.99088 473.5775  276.6919  567.09045 585.1897  495.763
 528.98926 504.9298  478.23712 496.36417 422.0367  675.7022  633.72516
 452.67203 393.0023  586.5609  533.6897  505.928   655.67993 550.7765
 576.05615 394.37485 535.7605  501.28375 531.6482  684.39734 540.79803
 359.19016 557.7877  372.1774  537.1999  475.92822 531.048   383.1678
 452.36057 516.9813  533.6465  496.4347  436.87463 258.75992 391.5312
 531.94025 581.04816 518.2118  656.8226  576.9487  500.9588  582.67474
 638.19183 397.7989  519.04517 449.7496  550.478   470.76978 519.08356
 538.7499  631.778   536.84546 553.4235  644.6301  465.0445  512.7255
 402.00946 490.23563 511.74136 541.02545 542.7007  504.00378 569.10175
 531.99274 510.91486 534.853   179.83807 412.59262 395.94492 465.0429
 595.1625  454.36514 520.2544  352.92487 516.1976  687.627   548.0103
 517.67664 568.19336 477.32486 606.8436  635.3247  615.18005 533.1544
 361.26947 526.62427 450.2209  527.8573  493.46735 530.1737  456.04675
 459.8715  572.77594 451.09415 439.03525 570.2334  551.28827 497.26578
 565.26465 545.4374  589.00323 535.72186 512.65936 467.21838 524.9946
 516.64343 561.45825 373.31137 530.5408  508.05588 470.6707  473.80865
 650.8587  562.5606  580.0256  473.9447  546.9428  557.129   493.1126
 610.17633 344.81918 546.0856  521.92395 506.0061  493.6649  468.64624
 540.37317 531.9093  571.7014  515.37915 415.17892 493.95065 521.47314
 550.29565 530.3781  535.6514  550.0865  480.89404 503.54153 459.22684
 524.35657 478.80237 515.14844 612.02814 502.3437  539.5308  414.75092
 359.5888  551.124   551.12067 459.37524 593.8413  178.72176 586.57416
 512.5074  354.94226 667.4163  517.7192  495.60788 458.56735 567.4625
 377.48758 502.8468  464.6293  465.94092 521.207   495.95255 530.0529
 511.97018 581.44556 514.38684 532.1609  484.84546 543.9488  535.30066
 626.47076 532.3191  533.00616 538.8269  441.4315  429.0223  631.3879
 522.8603  589.7105  551.47437 481.7536  501.5165  445.9763  479.04358
 503.72287 736.61865 510.35944 475.0551  582.9442  498.92105 478.25604
 167.41867 439.8072  469.486   564.67017 505.4912  508.47055 448.28482
 485.54114 447.6545  423.02905 535.9985  525.90845 510.38327 564.4999
 537.53204 593.06195 575.02264 633.0232  589.28235 556.8178  659.27875
 524.4569  593.84155 502.44247 486.46164 328.9556  529.2121  601.4281
 399.6281  495.86157 530.5665  655.70935 400.4731  512.9812  478.94107
 507.92303 493.09274 557.5562  517.942   421.82074 584.4259  476.15433
 588.818   276.35452 648.94604 590.81525 511.16275 529.63196 397.13242
 486.88165 614.0113  489.91537 398.0681  530.8398  449.0385  453.4049
 579.36707 448.78488 435.61624 448.52728 647.2319  482.8171  494.95312
 498.1275  499.3772  545.8164  613.4873  601.43616 514.3463  559.9112
 564.98956 503.63922 527.58136 566.01215 426.4518  501.5528  458.71756
 535.52216 487.53906 416.02853 531.5305  532.1651  612.3101  439.089
 654.0019  564.1639  309.63144 531.3843  564.055   563.6328  456.92877
 567.2782  487.2532  551.70795 665.6218  532.59955 631.2071  556.58344
 493.54492 367.12418 467.88397 625.8742  502.50922 457.3883  461.11578
 562.14435 510.27957 584.60187 527.3377  404.43427 494.0555  568.4191
 482.9753  483.1019  531.335   462.8373  576.24054 481.88318 552.7217
 515.89166 256.5945  545.9572  484.03604 399.3997  598.7638  507.6078
 571.7413  404.9542  404.22888 579.8556  565.84717 639.75275 459.61798
 578.7785  538.8268  574.1406  493.57788 494.6557  491.5875  487.40784
 505.60516 540.85645 543.9491  577.5337  524.49316 588.35144 539.5668
 410.50378 579.1474  472.15848 538.97205 534.1019  532.4985  490.11237
 463.1172  647.7557  508.93814 532.35504 514.1076  606.4686  551.1308
 441.24802 485.71667 559.1882  485.9886  390.52136 508.90625 467.6028
 513.1132  546.66095 490.7945  534.97253 406.48547 561.61725 498.5823
 487.14606 498.95758 569.1788  562.3391  513.26587 490.91418 535.42883
 499.8072  498.4364  524.69446 428.8655  490.07837 528.4223  493.30402
 570.9163  480.9094  457.11475 271.7171  556.01184 483.64972 481.32364
 548.7357  613.6513  580.6498  486.03482 512.6028  577.50586 419.62576
 441.9689  516.35065 463.423   552.9454  496.47333 558.6777  483.06784
 482.44363 553.81647 531.2313  589.56885 480.25134 528.51294 503.85092
 488.07523 487.41772 856.83923 547.7654  587.5893  504.47955 526.6048
 482.73276 500.55347 546.0379  463.4935  608.5897  589.1322  576.52234
 518.4431  459.4505  664.96783 499.44785 464.69006 535.66125 542.53217
 527.6078  280.4972  285.57715 480.02908 583.32385 485.98785 489.0816
 673.84235 568.74744 410.43112 569.5624  506.9565  582.3415  615.4102
 431.43982 563.8842  496.5497  506.31717 514.03156 443.2464  498.35034
 508.6581  520.1094  691.3635  387.24698 474.48407 449.67047 185.25168
 486.56357 614.4229  593.5426  532.3062  457.5508  630.40295 577.41864
 388.92764 575.86017 533.5181  452.2745  526.14343 519.46124 597.1987
 507.86804 537.4823  549.82916 536.53424 503.4361  588.30066 440.49915
 506.6541  403.40802 476.69855 449.58365 521.5663  543.22144 591.91266
 487.45813 441.96103 417.4509  565.5628  491.73602 537.6884  373.4237
 469.68695 491.7963  390.9798  528.88043 520.15216 459.38666 507.6404
 535.39905 518.8987  550.6237  587.0332  512.4264  438.20715 513.27295
 443.8752  451.07504 578.8436  418.97748 414.84808 565.72296 419.31967
 413.3263  451.81827 434.67224 433.5474  354.5478  586.39545 576.0056
 497.56238 376.27155 351.80075 510.3902  562.70276 538.10394 586.0027
 567.8734  468.53275 529.5581  425.47556 548.05945 514.85004 450.96384
 524.66547 609.3092  584.4643  543.0257  530.3824  453.31635 469.2554
 555.6248  651.9269  558.90967 524.24615 535.99133 516.0835  574.9994
 509.14044 472.65085 483.6632  511.2155  468.20688 441.17984 548.6343
 543.6509  517.15063 515.10144 541.3659  575.33844 542.61993 464.30246
 486.86215 588.0461  621.3249  530.7781  169.41023 603.4188  448.2708
 514.97723 486.16455 609.4539  510.67905 491.7959 ]",[4.252569  7.763678  7.798389  ... 6.4700956 5.8398685 6.867442 ],5.9665885,0.28246851385390426,0.4830511088731588
7,10719,Transformation_Matrix_W,"[[ 0.06995402 -0.39864093 -0.20289043 ...  0.11185776 -0.11267182
   0.02392402]
 [-0.09540874  0.09433233  0.14620589 ... -0.19578221  0.12864356
   0.07582954]
 [ 0.0971294   0.24279894  0.3108253  ... -0.2571631  -0.2653869
  -0.34929192]
 ...
 [ 0.0196532  -0.0295525   0.00363046 ...  0.23407002  0.04522503
   0.27042502]
 [ 0.26603997 -0.0345293   0.00503888 ... -0.13797373  0.43206877
  -0.22534467]
 [-0.2781232   0.02941195 -0.12343109 ... -0.1819688   0.09693968
   0.4527787 ]]",,"[528.0545  544.6754  457.0503  448.026   477.8599  523.3375  529.4046
 559.62866 387.97818 471.9365  418.77704 452.5242  510.09952 484.42938
 463.28574 387.59106 216.83734 591.17816 413.39117 567.9549  396.29297
 465.69562 508.5614  564.3066  451.60782 509.93198 670.7354  477.90726
 484.10498 433.0492  232.29991 434.5428  555.96643 261.91016 555.4332
 501.9803  468.6753  603.44147 444.48172 463.57812 553.7279  540.3201
 510.93967 374.30563 501.45538 516.98395 554.6771  511.50266 517.2674
 492.638   356.17508 562.41376 457.59525 470.23294 400.64175 533.5691
 578.01483 454.51923 481.47916 548.72144 566.1413  596.9567  416.17108
 486.98505 534.89343 536.87665 357.9231  429.77676 460.94046 401.74863
 558.40906 581.2749  502.3527  349.55682 434.00995 478.08942 634.1186
 495.8769  438.58652 581.52496 495.1222  480.1074  469.73645 558.05
 451.74487 375.8225  571.25165 519.7857  519.32056 426.2077  423.972
 593.2194  441.85553 521.8982  504.61212 537.3089  538.4675  601.7957
 448.16693 451.7436  520.6603  524.74225 390.6046  535.40344 432.17517
 462.32272 599.74176 579.76276 507.20206 431.69284 514.3048  492.59732
 411.32855 480.37112 503.48596 469.1934  667.8225  147.28416 497.1697
 487.3977  619.89246 551.1013  494.71628 575.89655 449.86487 437.13687
 444.17474 541.38934 215.92604 524.72723 513.39105 440.7248  530.91644
 546.2163  516.03015 377.13208 456.35068 531.52496 440.74127 474.43893
 469.55972 423.6877  500.06262 427.2097  452.8067  513.082   476.28137
 607.544   478.07755 487.35193 543.1979  535.481   594.07117 476.3084
 499.90796 458.3753  498.6639  515.64465 550.33075 471.98062 468.05194
 621.7655  617.811   451.04358 429.23306 441.661   461.76398 270.4137
 599.90857 530.09863 533.7394  555.653   607.11707 441.47513 448.43808
 405.8253  614.79724 505.73547 499.0492  562.5104  453.2299  516.43304
 462.29178 496.75745 458.1631  269.53467 553.54315 578.4469  490.5464
 527.9984  491.1304  464.0782  489.04898 409.74588 642.41614 614.0475
 451.38394 381.90323 558.5653  534.3293  494.08414 625.0771  542.23956
 553.88824 383.41452 512.94305 490.96255 523.01306 669.9906  524.86176
 356.14465 550.565   363.18146 518.55695 469.4627  519.12067 375.3556
 442.06018 501.49777 524.3939  487.46582 423.61984 250.49393 383.73398
 518.1888  561.2756  511.2067  635.689   566.5235  490.63443 572.3261
 616.7103  373.9561  508.09164 443.623   535.7298  456.91348 505.80685
 527.5862  621.26874 521.1761  535.35284 627.6231  454.5915  497.76028
 395.47537 474.9573  498.84747 523.09717 536.4612  492.3156  557.4587
 516.5262  504.622   530.3386  169.00941 397.20712 374.44727 463.6883
 583.35095 454.44516 503.4482  315.15085 508.3895  676.5621  516.67035
 503.7967  550.81494 464.66476 589.52637 609.1713  594.3887  522.6671
 352.5722  512.3374  439.66626 513.8153  491.11865 517.0846  449.55988
 443.10095 557.3577  441.1215  426.67374 567.0673  537.08374 486.1619
 539.58203 519.4098  566.14764 515.13763 497.0448  443.9901  523.7933
 502.3284  540.207   376.35422 526.6143  492.09012 447.18152 467.658
 622.0047  543.02924 569.9081  459.60724 526.9889  549.7955  484.23334
 589.4954  328.7085  531.4539  509.4117  495.4584  483.89374 460.0243
 525.3478  527.6142  571.2379  508.22986 406.505   477.86166 510.8464
 544.8914  511.546   520.19403 530.1419  462.8071  489.3971  452.23578
 510.52606 462.73978 502.30838 586.6536  492.44604 539.5069  402.91467
 344.7196  536.6582  534.16534 443.4088  586.2619  174.51486 584.8051
 492.63257 334.70416 629.9922  511.2696  491.35107 453.74146 553.561
 352.39175 504.76932 460.3063  452.70926 514.9604  477.58145 516.93176
 497.0231  573.2348  495.52548 521.2715  484.14905 531.7515  521.50653
 609.39197 515.99664 525.51874 521.2075  427.98764 416.29016 597.13513
 512.78503 571.5396  538.27216 473.31873 497.77814 438.92032 475.66974
 479.11426 722.3539  498.59943 471.95868 579.3301  473.68448 469.22607
 159.62964 426.5472  452.67642 546.87    497.53986 495.0362  448.55975
 465.27588 429.9758  416.04633 526.7641  506.32492 510.5603  541.3054
 515.4299  578.1911  568.95013 614.483   568.1515  531.75476 640.54816
 523.23425 587.7182  487.76175 482.94003 311.62415 512.9945  575.62103
 390.8524  488.92358 513.0008  639.8451  389.88394 492.0023  467.3511
 497.44635 476.24188 548.74005 508.92093 392.40787 564.535   458.94974
 573.2314  267.67776 622.6341  583.28253 495.51157 523.73175 388.5887
 473.57056 602.15454 480.54202 390.1878  521.1987  438.3672  440.53445
 563.5586  440.74734 429.19775 434.0947  615.7418  472.21405 490.5173
 491.76727 498.4469  541.50653 608.8377  586.8086  503.38348 541.09546
 558.0148  480.7992  521.68994 558.9429  414.759   493.53986 445.92746
 526.042   479.80014 406.91345 525.9337  505.72348 588.32446 438.98007
 642.9938  542.265   300.77335 522.6105  553.7842  540.0759  445.64645
 559.529   477.21075 536.2844  648.57965 513.4296  615.2284  548.9824
 480.50998 330.82474 446.5382  603.42236 498.9732  447.76587 443.84552
 551.8127  498.9244  562.45215 511.6207  385.97528 488.1821  554.16425
 468.9131  462.46964 516.8281  449.13107 574.41614 474.28748 534.67426
 509.9666  249.54562 527.6092  462.66348 389.30942 576.9119  492.51788
 550.1543  396.47504 393.10938 578.3311  555.214   641.36505 447.72345
 565.3238  524.4471  559.8883  493.93317 474.2365  480.80316 471.16928
 492.90665 537.7351  517.02856 554.34625 507.7125  570.3269  526.36597
 403.41486 565.53217 461.9314  520.1896  514.42413 522.8111  479.89865
 459.10883 634.36017 496.202   522.0607  486.25772 590.92737 519.7809
 429.38208 477.80707 551.79565 477.25723 384.73965 496.58145 457.69922
 509.84375 539.0179  484.98984 526.0103  395.78934 542.1836  488.47446
 474.5994  490.23666 551.8321  542.88434 501.69827 482.55075 527.4282
 482.1919  495.72116 523.0319  399.09732 469.9955  517.7946  477.8924
 559.6413  476.30524 441.16724 246.34244 549.5481  457.85828 472.5668
 536.7936  589.54364 569.37683 469.11777 492.92432 568.65216 407.3181
 439.8388  493.7812  456.23874 539.14996 483.13577 543.4501  468.43057
 468.68808 544.5463  513.5234  563.8341  474.66086 515.4039  497.68265
 474.65085 478.31866 851.3017  539.99274 577.0057  490.85278 514.2302
 470.75723 482.38675 535.5001  445.67938 583.8264  567.043   556.064
 506.67682 449.6757  647.8764  489.0133  446.29202 512.4089  533.3875
 514.8114  263.37668 273.25992 470.08228 566.97986 473.10468 481.2508
 658.43304 564.9491  402.64856 548.5154  488.03427 568.1011  596.8079
 417.40213 555.8339  473.32434 484.2819  493.07474 431.39978 488.90958
 494.99734 504.66315 676.8916  382.9351  459.93652 447.5788  179.5057
 485.1726  593.86456 575.1558  518.1759  446.5365  606.4567  555.2562
 372.1444  552.2005  529.4929  445.62338 509.49792 514.0604  569.9248
 495.77206 520.0537  533.46893 521.93774 498.20575 571.7159  435.75836
 492.08133 387.48288 470.95975 445.34882 509.65594 529.0848  572.08276
 478.14243 429.48242 406.4135  556.2884  478.7404  527.50323 364.73206
 456.51047 478.171   380.09067 519.2425  508.64713 454.30466 491.2181
 524.0488  497.751   530.1279  568.7763  489.46655 424.43134 504.8694
 437.98737 440.63013 559.7062  403.3992  407.8833  557.76215 408.14526
 402.86044 435.12753 420.5204  422.43958 347.37894 564.34125 562.48883
 481.26224 376.2551  322.8195  504.24286 540.7363  518.878   567.1784
 552.4348  468.28253 512.812   415.20828 545.23724 510.34238 436.51666
 506.00616 601.99194 563.8117  528.7846  514.7171  442.74255 455.99173
 529.0692  628.3058  550.71075 520.28766 529.234   497.1031  559.3524
 505.0565  462.1106  477.73682 495.5681  453.0525  435.48837 532.9786
 539.2859  494.7255  500.86185 519.7022  546.34326 530.5485  452.7245
 471.0093  575.95953 607.0209  521.03937 161.16838 589.18    438.77805
 504.92178 478.46823 571.8418  480.60117 483.03378]",[4.449496 8.082299 7.744451 ... 5.955913 6.041731 6.391805],5.886075,0.31133501259445845,0.5061364394292187
8,10719,Transformation_Matrix_W,"[[ 4.17037994e-01 -1.71808705e-01 -5.45251220e-02 ... -2.03560159e-01
  -1.79665878e-01  3.29658985e-02]
 [-7.82885179e-02  2.84956247e-01 -1.17379129e-01 ...  2.82369137e-01
  -8.29667449e-02  4.14242037e-02]
 [-1.31971501e-02 -1.96789438e-03 -1.01478881e-05 ... -5.69166020e-02
  -2.45404944e-01 -5.40980473e-02]
 ...
 [-6.73667490e-02  1.24580108e-01  6.50779530e-02 ...  1.79285616e-01
  -2.67728150e-01 -3.95695604e-02]
 [-1.08725950e-01  8.69062617e-02 -1.16983756e-01 ...  3.22258137e-02
   3.86392951e-01 -9.52831507e-02]
 [ 1.12058232e-02 -1.23277090e-01  6.84850961e-02 ...  1.24326184e-01
  -1.23676630e-02  5.16619861e-01]]",,"[478.02795 498.9862  419.76022 422.9119  436.96503 472.91165 488.30304
 504.2039  356.57745 435.8021  387.9838  409.3399  456.334   431.54736
 421.46368 336.78867 191.45073 547.1483  374.52988 528.46204 361.1872
 431.88782 474.95398 504.57748 405.59225 458.4846  592.4536  449.94785
 443.6964  396.6408  216.37036 404.18655 502.62408 237.96043 507.8648
 457.1797  434.30325 548.19366 407.3861  414.85556 503.14886 501.66895
 466.78683 347.78522 458.7092  469.25586 500.4914  461.47318 474.89557
 447.93765 313.91922 506.72174 424.75125 416.466   366.7167  479.74197
 536.9607  403.0756  444.56335 494.9776  521.77765 528.59796 385.19263
 447.16644 502.9471  498.61182 323.45258 402.50818 431.36148 369.69962
 502.66217 540.2797  469.1185  317.91974 394.34274 435.73004 583.4511
 443.54288 403.52643 532.8787  463.14532 421.30942 426.49274 503.80133
 402.81836 353.11954 518.5835  471.1458  475.9746  379.12003 379.7877
 545.74133 417.67426 466.1197  449.14352 488.4689  481.4605  543.01654
 421.22775 411.90726 476.63928 480.79767 369.11853 485.47815 401.13937
 428.35434 544.88196 519.30255 465.22156 394.31223 466.77917 465.1877
 380.39966 430.82755 474.01196 435.6525  626.37085 137.89737 467.90057
 447.3682  569.52954 508.22607 443.15213 528.953   407.59296 398.37225
 413.88733 483.44955 192.37961 476.25116 488.72797 403.84222 479.75433
 498.04602 472.96548 350.40234 423.451   489.3947  403.5886  433.08197
 436.8543  396.67422 457.83884 389.8814  417.5187  466.37234 441.89343
 567.29803 441.8134  453.78162 486.50067 479.3865  544.0696  432.77832
 462.74802 433.42624 453.1453  465.84424 495.54877 399.9552  428.46246
 576.25275 567.2797  417.10626 399.07837 405.00186 410.9402  234.51898
 538.6692  467.33197 492.1356  504.64667 550.2597  390.7582  413.31534
 365.82318 539.30536 476.39786 447.87488 514.91345 423.3314  475.58502
 417.82837 462.5833  414.40222 245.4011  495.19623 522.8316  438.8914
 475.5849  441.0327  420.11502 454.7491  373.13617 589.4556  563.7938
 412.28726 345.8102  493.12347 483.79532 455.29474 542.4568  494.53558
 491.39178 351.06064 471.27313 439.7708  488.41815 583.44696 493.4089
 329.85596 516.6284  328.51395 459.27747 432.33765 468.24387 343.43008
 401.0658  461.38727 480.54224 435.13614 402.326   230.95773 354.43344
 482.90906 509.8231  475.8947  576.63763 515.825   449.79715 529.11755
 565.4766  339.12387 467.33154 405.93323 489.04062 420.01526 461.22797
 473.92084 543.61523 460.32114 491.30508 565.5621  413.53824 448.14426
 357.4311  441.58603 456.41376 476.83282 495.73047 456.83984 509.42984
 482.04016 467.03387 488.14874 145.84238 364.45074 327.58142 425.3654
 544.3289  407.45743 461.98843 256.3877  466.3677  627.98425 470.76785
 464.115   520.768   428.15662 548.02637 547.94073 533.48413 477.7381
 317.72424 463.84927 411.6322  469.59567 457.61188 467.12262 415.66827
 408.79062 511.62515 406.10065 374.45114 507.2621  493.61877 451.40335
 488.0745  467.4874  518.1974  475.33716 443.01752 410.654   478.557
 461.2471  495.0602  352.29    478.0582  454.5582  417.03796 425.61588
 548.01135 487.49756 518.38586 418.55038 481.7766  492.5117  447.106
 522.40106 292.6709  486.72693 455.28323 444.38806 444.11633 430.59766
 483.12225 495.3861  512.9747  462.64093 374.42535 447.99847 457.4393
 493.7767  482.1359  478.74753 467.95938 431.42404 462.40277 411.3083
 472.60367 427.17834 474.14    543.0242  463.72284 490.31577 365.7228
 301.54004 494.70483 486.82248 400.6158  534.07227 157.92825 534.75305
 443.2956  286.312   574.80994 467.471   446.21033 417.2043  514.5284
 297.99854 471.9831  437.38144 410.6631  481.55814 448.31168 455.18808
 459.8661  522.2902  437.13608 485.1059  436.02335 495.77274 473.93356
 544.4218  469.84476 488.17047 475.28568 392.3796  386.0164  547.0027
 466.8946  506.37625 497.91693 431.66452 453.30267 375.89246 426.78043
 427.14783 645.4502  456.25146 438.72748 532.90704 427.06976 425.37985
 144.28711 385.75067 397.65515 506.62048 452.318   442.77625 409.90472
 426.44073 400.6505  383.61832 474.2596  455.15656 472.69122 495.393
 484.14142 535.11383 524.71783 557.6414  528.3274  486.9112  577.3971
 476.72382 551.9943  445.3573  450.9314  272.6862  466.8846  517.7417
 354.29846 451.33728 475.81555 571.91785 353.44897 446.94382 422.761
 437.01486 437.3784  520.4135  455.85022 345.56772 512.3881  422.7884
 529.2336  243.631   556.4046  534.1495  459.9801  475.0133  345.32422
 429.49927 551.6639  443.7386  359.0679  486.90375 397.67776 404.97586
 524.9866  392.525   403.4955  404.5793  544.7197  433.7058  446.30267
 441.75418 452.67902 484.0398  530.3766  545.00024 471.48358 468.0146
 514.64514 425.51434 484.07877 509.51712 379.46848 463.47784 414.43564
 474.54343 423.71497 381.83948 482.5206  468.13144 530.097   410.1841
 579.4956  488.66727 276.30563 468.25623 501.3778  490.63058 418.6261
 518.70245 439.081   467.9177  586.3342  472.12552 561.8429  502.98953
 437.0707  278.1895  392.9055  555.52686 453.15735 402.9047  395.1095
 497.4667  437.1552  511.42236 475.4188  342.5359  447.7348  508.77213
 437.53723 412.7434  478.61957 421.12836 535.89355 423.52713 503.70044
 466.42426 227.42656 489.21063 425.67758 342.73026 540.66986 454.75983
 491.77884 360.47946 369.12842 526.03345 505.19647 575.358   402.5076
 523.2895  481.33328 492.6238  447.56158 422.52017 447.14536 433.75635
 450.68005 497.77283 475.99304 507.0092  475.81052 523.49603 490.0967
 371.40756 524.7538  418.43973 475.44186 475.24734 488.39813 439.4388
 424.39963 571.811   451.5441  488.91626 456.4843  515.41016 470.6439
 387.9179  434.3724  508.27637 445.4909  361.2895  461.33112 416.87653
 465.6631  507.7053  451.7906  486.487   364.50772 500.5829  448.8547
 436.722   426.55795 500.46225 488.4764  455.98773 436.34335 475.27573
 442.07858 441.94147 482.07132 354.36716 423.62338 486.4149  444.47186
 522.2528  437.72452 407.78635 211.39175 508.98367 412.24466 427.34528
 489.08014 533.5621  518.0603  418.66876 435.17462 527.14764 371.33496
 411.33633 450.65152 427.36804 493.04648 457.71704 491.9385  414.77435
 429.77948 501.32544 483.31342 500.1057  428.82645 471.1126  454.07837
 438.27472 438.38623 807.74744 499.0155  520.72095 446.4305  473.15466
 445.48837 443.4872  477.37875 412.31052 526.495   511.18375 515.7131
 470.12537 418.68954 582.7734  448.7902  409.70215 471.9294  493.48322
 476.2226  227.9675  243.38007 441.94772 501.94666 435.0275  449.69705
 601.5127  526.4586  366.9926  495.82828 440.39658 513.81635 544.54767
 394.16022 501.31924 433.92392 458.10632 452.28705 391.9411  444.02393
 448.95584 469.53754 606.74585 347.87387 423.44537 411.30124 166.33168
 442.0561  529.4104  519.13916 465.2248  407.70654 533.3339  498.9955
 342.01392 504.69272 491.59494 401.03052 465.65652 471.7084  512.1426
 464.30746 472.63983 501.02814 480.2523  451.5879  523.83203 396.81622
 448.77982 351.28128 446.03027 413.86786 458.3733  477.3083  505.42584
 447.46088 396.64862 378.03824 506.02954 435.49396 487.70004 344.20874
 426.25827 458.4459  351.83203 488.33704 459.22913 420.76697 448.89346
 476.6953  453.88773 499.89746 523.16656 450.92905 394.05362 464.18887
 412.10397 394.56845 514.83264 366.2197  377.85123 520.6786  368.02676
 370.63483 405.93222 380.92767 384.61453 319.05124 508.42148 525.8031
 441.06155 348.22964 275.83575 462.4207  502.59753 466.6234  516.7651
 516.8913  436.8623  465.62152 379.48245 493.02426 475.93335 403.34177
 458.79855 543.912   512.9842  476.35556 474.62073 407.42953 421.20963
 474.83392 565.0094  510.2036  473.62772 478.73438 449.3575  525.32043
 460.58432 423.71494 435.95142 443.4997  413.69263 381.6609  489.5754
 488.08228 464.2071  469.4319  457.9235  500.55225 482.7671  412.89447
 420.3794  521.36383 549.4352  472.77954 142.406   526.67847 413.91397
 455.31223 437.6774  502.38303 447.82175 447.15894]",[4.1875706 7.8521795 7.06942   ... 5.546821  5.797581  5.449172 ],5.6185446,0.39909319899244333,0.5729775584012365
9,10719,Transformation_Matrix_W,"[[ 0.3598147  -0.18100241 -0.0169637  ...  0.01953417  0.04159115
   0.10345662]
 [-0.01210475  0.44055054  0.00747962 ...  0.07841759 -0.1600812
  -0.14016096]
 [ 0.07943019  0.05053638  0.27775773 ...  0.13070172 -0.0805031
   0.03011942]
 ...
 [ 0.11079384 -0.07573648  0.11574127 ...  0.47832996 -0.01900949
   0.00218864]
 [-0.07007676 -0.1783288  -0.12276646 ... -0.04920277  0.5780021
   0.11244135]
 [-0.03106936  0.11307502 -0.0364213  ...  0.0096587  -0.04112134
   0.5420688 ]]",,"[392.36124  397.9832   344.87274  345.45892  354.9639   397.1359
 392.41122  409.33737  291.8725   365.28766  320.50574  338.70056
 373.74365  340.36008  331.87363  274.3501   160.27898  435.02057
 314.22397  441.62225  301.9378   363.58868  385.64682  403.587
 343.20135  390.49496  474.08     372.12714  365.56512  336.46396
 171.68568  335.82462  386.337    191.81277  423.7108   368.97275
 365.16837  427.45834  357.0932   339.09894  419.6998   425.06073
 388.36224  289.68304  378.5496   368.12296  403.49338  359.9318
 384.70282  379.33292  251.75203  425.443    336.27686  346.4019
 307.7744   391.9123   440.57602  320.89386  366.68918  397.5139
 440.59232  426.47238  318.06732  354.72504  398.7204   417.70547
 266.00537  338.67838  355.16702  292.8344   394.88907  448.1166
 399.80255  254.06046  320.60513  359.09845  457.22083  364.86435
 332.16098  422.9751   382.64255  329.59372  353.24228  382.0299
 335.25345  295.9569   402.48413  371.4642   378.33282  302.42105
 317.72498  421.0319   344.3291   386.6537   355.40308  393.0822
 386.18558  459.29233  337.43347  333.02762  391.29645  387.8012
 308.2577   402.19342  333.5267   350.9117   423.70825  407.91876
 379.02985  342.9194   385.74356  377.74445  311.3638   357.46594
 390.76328  367.0663   488.46817  118.567856 376.12842  362.5252
 426.97562  413.6214   355.77518  434.8946   324.82886  323.60925
 346.71643  390.4917   159.35324  407.12628  393.17578  324.68866
 377.33896  408.84775  380.55222  280.3556   334.396    407.30905
 318.46213  342.995    368.59552  333.36273  378.51642  327.65823
 344.21323  363.59625  349.1775   457.66998  357.07574  377.20007
 397.22568  379.11435  437.96375  364.18698  366.14108  373.3731
 374.2863   366.065    388.42523  301.97028  343.36768  453.44226
 472.6701   334.71576  329.79214  344.9073   335.18518  191.09215
 444.2953   373.26505  402.21683  407.76825  444.65518  308.7968
 340.12665  297.7627   433.34836  380.49652  376.16064  395.06348
 357.89243  390.82907  340.61685  385.60294  342.6794   200.16809
 394.91885  416.51062  355.24844  391.1916   362.14636  346.84137
 361.66776  315.8727   468.91498  452.69705  340.04688  300.52173
 397.33954  396.2165   371.1308   429.9857   412.00687  396.86438
 287.31104  383.71027  371.33035  384.49005  473.56656  408.07953
 268.3063   415.058    264.70273  373.29913  356.5395   363.38513
 290.04715  338.0825   387.62265  407.2744   359.01828  327.44785
 196.6504   299.67593  386.94     425.84827  388.445    471.2367
 411.86554  366.8988   434.02652  458.2901   280.94583  371.80093
 340.14154  399.13754  349.48364  386.18027  377.5729   434.46747
 368.96472  395.50537  448.0487   335.10413  378.14835  297.71667
 347.70908  382.69543  383.63065  407.29443  364.14725  403.65286
 382.1732   388.33862  397.20163  121.95834  298.2944   269.284
 335.18643  450.9962   326.6887   364.76065  204.4903   371.4679
 499.95602  391.6488   379.52386  396.867    347.44223  459.2678
 417.1643   419.14352  395.9688   263.44705  387.43442  346.7635
 391.14767  366.61276  383.4981   344.2657   324.4596   406.42587
 341.35703  313.76343  412.088    410.44012  369.50052  405.98697
 382.0467   426.78326  384.61932  369.68933  332.37106  396.73468
 380.43915  414.89355  293.78348  402.6242   374.86908  339.60468
 348.6539   435.21863  384.57996  422.66534  345.66284  391.27658
 385.5248   360.7736   397.07755  235.60461  398.20712  357.75278
 369.00684  366.47305  354.88834  402.17047  405.7642   416.89645
 376.2409   306.71542  386.73688  356.73984  415.2636   396.32065
 390.5006   387.4857   354.44742  369.6656   333.95386  397.52356
 343.42178  373.97034  431.727    385.53668  406.47034  310.33932
 241.00497  401.85162  410.68964  327.99268  425.32455  130.35718
 444.46902  355.70364  227.8886   452.52878  378.69644  366.2546
 341.05426  417.38287  235.3272   385.19937  363.43634  338.34778
 394.22748  357.05734  372.96918  368.0685   430.833    349.64948
 405.11502  356.07925  409.26025  382.08298  445.55725  365.65274
 402.76562  378.3035   330.84604  317.01596  433.77298  376.37097
 395.97867  407.27847  356.95917  381.5104   295.776    345.8673
 345.94498  520.2416   369.31918  359.80582  420.96118  343.87555
 353.65558  123.60061  327.16437  326.3757   408.0909   370.52515
 361.36203  337.2156   330.69125  329.02734  303.82852  394.35416
 362.94455  365.35083  405.34015  400.31494  429.84882  426.16373
 439.5721   433.17557  393.05997  458.63654  394.42404  443.58768
 370.25967  373.89157  223.58844  378.59094  398.36703  282.70782
 374.01437  393.96017  445.46494  285.4268   354.10925  339.05493
 366.7822   370.99667  420.7269   370.02747  274.2054   403.41214
 343.76022  432.372    202.26447  447.4798   432.08136  383.7596
 381.36234  285.97354  351.23715  450.62598  373.3414   307.62097
 408.3586   339.07352  335.30533  432.41037  312.7131   332.97934
 330.17035  435.09067  354.6945   347.26755  346.0647   381.8897
 393.57596  427.68307  463.96793  389.93054  370.98682  432.94662
 347.4665   392.05112  425.02536  315.2801   385.09552  331.75092
 384.3601   333.42682  326.92563  388.4918   378.79102  428.19376
 336.91647  474.6051   407.9639   227.68918  386.65805  427.11902
 403.36893  356.95227  419.92972  376.58408  376.4842   455.08084
 387.41873  427.60727  424.84338  360.27063  219.4098   300.88272
 457.76712  374.86188  332.47836  316.1132   398.4302   364.5226
 410.87662  385.65192  270.95557  388.07336  408.07462  365.07318
 334.4671   380.7445   334.7799   434.6787   342.7838   402.33185
 393.0875   196.34772  403.00482  332.23456  274.857    455.83228
 365.31445  401.83008  294.11295  296.18686  414.0747   412.1658
 456.16248  335.8536   431.51685  411.62994  393.2688   347.41614
 336.8356   366.55032  352.79358  378.60608  398.2395   374.8224
 410.93387  386.39484  427.2064   406.80905  311.39215  414.02356
 364.0307   380.39163  390.8247   385.88004  360.16757  345.64178
 419.55215  348.49792  397.1036   364.1946   405.51324  377.58615
 311.4229   361.9583   417.9099   371.1991   307.26843  379.7709
 345.17545  362.87857  407.74594  371.01288  396.22653  301.76596
 402.8058   345.57388  362.7911   347.41287  391.476    408.24554
 366.97968  362.89465  398.6855   350.93048  351.25397  401.41895
 270.09418  351.3589   384.39368  367.5364   428.3958   342.17844
 327.44812  168.52118  410.68185  337.8778   350.85278  394.01572
 434.62778  446.8642   343.6931   350.5597   428.5661   302.61392
 337.00952  379.39697  346.38437  379.73932  368.37863  397.00565
 339.0181   376.06955  403.1418   397.84598  398.91104  339.1774
 382.67892  369.55017  355.9831   360.7295   731.76544  402.045
 397.09915  362.76996  372.17276  357.2934   341.80914  388.866
 342.60007  407.034    409.3596   426.66357  386.99762  344.50867
 468.70834  359.31924  341.42673  380.92184  407.60675  376.97186
 182.67053  199.39912  358.7336   414.6338   361.558    365.1836
 472.76062  430.16434  308.84476  390.22516  354.9647   414.57104
 447.20886  310.33066  412.25858  369.42807  379.0442   369.6735
 330.80325  368.83698  362.83524  370.38635  491.2221   294.9882
 351.38333  336.05643  134.56831  334.72455  426.1652   417.96875
 379.91806  329.51385  437.27023  410.27618  280.98962  412.2336
 401.30652  321.04474  384.37433  390.0805   394.01083  367.49014
 378.6854   410.16895  380.5684   370.02756  422.82516  324.39575
 363.91312  269.24863  358.91986  347.00928  397.19998  386.30646
 405.54684  366.6035   315.5559   305.45328  391.6245   355.73846
 413.76114  282.40176  343.26862  379.86508  284.37338  384.81067
 347.59225  346.78647  369.61032  393.67496  373.7645   399.28568
 431.1417   368.54364  330.3974   388.193    336.0572   329.53204
 415.00253  310.84317  299.58313  438.49854  309.16626  301.99487
 348.04312  327.3512   320.08923  260.73727  407.296    424.6936
 357.46475  293.3316   223.21829  380.61142  408.37726  380.82925
 417.07748  410.05313  363.07123  391.6941   321.4066   402.18378
 388.21967  332.29657  376.2678   442.78183  420.65045  363.6524
 401.2779   327.38986  352.8494   381.116    442.88577  415.05606
 381.37564  401.11612  372.79956  428.47693  372.39716  349.5124
 362.4847   357.23795  342.44766  324.03296  404.9146   383.84802
 376.10236  383.95728  355.86627  405.74078  405.7086   340.36298
 355.2481   405.5286   424.78226  376.86877  115.97326  420.12357
 354.6638   377.0132   363.59183  405.618    348.65375  373.79694 ]",[3.3107398 7.377372  6.4731636 ... 4.9480395 5.7807884 4.4178424],5.0539913,0.5467002518891688,0.6826624193758827
10,10719,Transformation_Matrix_W,"[[ 0.5373497  -0.05785576  0.07606994 ...  0.05162369  0.10602118
   0.03837483]
 [-0.05066575  0.5620525  -0.03251978 ...  0.01659915  0.01763455
  -0.04331512]
 [-0.0238486   0.00793876  0.47836572 ...  0.03411111 -0.01695889
  -0.05654938]
 ...
 [ 0.03868117 -0.02906158  0.01675717 ...  0.5683875  -0.08051533
   0.05072917]
 [-0.0521595  -0.01666344 -0.06474053 ...  0.04618413  0.5601854
  -0.02029793]
 [-0.05173441 -0.01256955 -0.04790458 ... -0.0145234  -0.02171523
   0.5117465 ]]",,"[269.24103  267.13205  248.91628  231.32391  235.02013  272.26913
 269.08276  271.8476   201.45016  240.0048   219.01901  225.31462
 243.40927  233.54976  230.45834  193.20197  118.595634 293.16885
 227.62761  278.62115  203.8491   240.22499  261.74414  277.2513
 235.02144  263.67416  311.61072  247.1194   243.78767  228.40837
 129.26155  221.03375  273.49368  145.76381  276.64243  245.30313
 240.37375  289.87192  234.08478  241.9947   285.89746  283.2473
 256.73767  199.56746  255.53435  248.6919   267.0822   247.61652
 269.74026  257.33002  175.88445  255.93471  230.98817  238.84769
 218.84001  265.85745  289.05008  213.1056   250.85922  259.4675
 274.6294   277.79782  215.29662  241.18146  255.0172   269.3552
 180.39847  234.07005  250.03822  206.61652  255.54855  299.95444
 253.7359   183.68842  221.2633   242.13368  295.02692  243.65144
 225.16617  265.49023  265.22858  236.22183  243.06856  252.77751
 236.93842  197.9342   264.34683  241.35204  259.35947  204.29109
 221.0979   288.96933  227.59363  266.74304  240.61063  265.60632
 273.06952  301.49384  210.92381  233.55988  262.9576   258.2407
 207.65945  265.7584   236.63187  246.01665  280.1302   281.85776
 266.10605  234.15999  268.05615  249.39352  216.3375   253.74928
 265.9112   238.08612  321.3894   100.18157  254.0145   236.10054
 287.15497  268.25632  243.30519  288.58893  211.38838  232.24051
 255.11343  270.442    127.93876  267.51236  256.9607   219.83171
 257.64795  276.611    264.54086  195.39726  226.83727  288.2809
 221.87065  250.14731  252.18608  230.432    242.67538  220.23357
 232.10593  234.55214  232.77196  284.24234  239.80956  252.14874
 258.80807  248.18517  297.15216  241.27231  244.44339  248.12338
 252.30498  251.33469  253.73492  207.66986  231.14967  304.03754
 302.73297  235.05714  231.08531  236.916    222.1612   144.17651
 304.088    249.25616  273.45663  274.07333  305.24844  211.40907
 236.22243  218.03699  302.6353   249.80289  254.32303  275.8677
 252.97318  266.31006  229.54436  237.12704  230.13705  149.29504
 259.30426  263.4061   250.47131  254.14732  248.08708  233.25713
 249.91524  214.25075  284.74606  294.0438   226.3745   223.22583
 282.12317  266.09094  242.46333  265.97507  277.6603   245.8446
 204.50404  256.8761   246.47731  250.14435  303.65152  266.03714
 195.39185  274.6178   193.83264  268.06903  246.29575  254.0485
 189.30853  238.12723  257.6643   260.12634  238.33904  227.09929
 151.93974  201.45203  257.14026  284.0981   269.32263  296.6378
 273.6959   245.41956  293.74142  292.5871   190.80606  256.17966
 237.02475  253.2668   240.41447  251.40019  250.97775  297.41083
 238.71478  262.12714  282.32596  235.36101  244.21088  206.83495
 242.51016  243.57777  245.7403   266.15588  241.54622  280.73062
 254.0252   259.7812   261.79242   95.56995  206.75095  190.55075
 221.50697  304.98956  218.40111  246.16266  153.00432  235.58214
 309.17426  249.06577  260.66077  259.06348  230.9026   306.8824
 279.4093   273.7372   255.26402  180.81067  267.15552  244.71216
 274.34988  239.24846  259.32062  232.83928  225.56319  268.26712
 229.49568  221.90341  297.44345  270.51364  241.16655  270.1186
 251.7354   278.4672   249.21135  237.42017  226.44608  257.90497
 265.6136   275.50952  207.3914   259.25446  257.63885  245.47238
 238.24744  299.8472   240.08713  274.3958   231.2079   280.41016
 253.39792  248.01794  267.9016   173.15565  266.03098  235.69722
 250.48727  237.91853  227.09326  268.29996  271.53098  282.35974
 267.09903  207.46909  265.64764  238.04745  270.92477  265.66733
 255.36507  264.89767  232.07689  241.29947  223.83972  279.75998
 228.71735  253.69476  291.43094  244.40546  273.4258   217.5427
 177.20584  272.41553  283.5693   223.56883  280.27905   99.0729
 288.75403  244.73071  163.43994  280.5009   250.03296  248.80072
 227.89091  276.81924  168.12917  255.5887   244.33746  221.72963
 275.65     232.06062  240.0666   251.70975  279.5813   240.46492
 261.18625  243.49593  263.46115  265.06326  294.80203  250.49527
 270.35605  254.759    228.17413  219.5473   292.59122  240.81679
 254.54703  256.6697   240.06447  253.70978  204.35437  233.50752
 224.53804  336.11353  246.75893  237.8205   268.62692  225.874
 239.88055   98.53421  222.31985  225.66698  259.30725  263.28876
 243.71234  216.01672  229.80116  239.8443   210.7583   271.6188
 250.40352  250.99539  277.21292  262.46463  297.61407  263.62952
 283.63492  295.09576  265.3413   321.2643   267.9461   299.82794
 253.55437  245.85028  166.46237  236.37578  271.7736   201.90515
 252.86319  255.8288   292.0427   213.77368  232.2274   232.98125
 239.12996  239.69429  285.58035  256.41583  199.04788  263.51596
 234.67682  290.6934   139.11726  294.0279   281.64304  257.07697
 256.41248  196.49632  244.90308  308.16568  239.2053   216.1208
 278.90552  222.0034   233.6304   299.10242  220.65308  233.8995
 224.1122   287.1622   237.07065  236.34111  227.12712  259.8097
 261.8367   277.53326  304.91025  256.77945  246.87746  284.8194
 234.40797  236.3525   276.74222  225.02599  255.39503  232.72781
 265.5373   224.88322  227.41849  259.70676  259.76715  290.35812
 234.37633  306.61966  281.40784  160.80078  257.70767  276.04926
 267.2319   239.97728  275.13748  266.85306  243.83075  287.71658
 254.4506   289.1998   284.51947  235.39561  169.26016  202.15192
 284.31772  244.59389  234.70836  225.74278  266.2966   242.89899
 291.8148   247.75854  192.83803  265.89163  255.85977  239.34454
 233.51605  254.1856   221.63947  296.07388  222.02913  268.44543
 260.06418  144.58707  277.75748  235.72885  185.24716  297.54288
 242.35599  259.8263   202.4253   202.91821  275.92883  263.46738
 300.93307  226.3769   280.96707  275.01538  252.99681  225.71591
 239.52896  260.63232  253.70708  254.40915  255.67465  263.97504
 296.8767   266.31323  275.4713   265.67316  229.92743  278.52768
 251.45793  242.00237  253.94255  258.8584   245.77481  235.76665
 292.94037  231.12177  262.74634  251.81783  271.30673  251.89313
 213.79424  243.94867  272.75143  235.16942  209.06926  264.2854
 237.82501  268.99832  274.91144  254.1802   258.3159   211.42868
 259.1486   244.23848  253.47847  247.67567  269.23746  256.75003
 264.10092  248.47371  255.23795  233.81245  238.54457  250.07903
 192.18561  232.32262  257.9139   243.60602  292.61993  233.68874
 224.32603  131.5556   276.64264  241.10725  230.34544  256.97665
 287.3509   277.15454  243.8038   235.24553  278.13626  204.02403
 240.48077  266.6466   241.05476  263.68906  256.32224  261.4004
 225.39783  245.62422  267.6727   262.80853  272.71555  217.72423
 261.44473  253.31042  246.23692  236.51128  589.19415  264.8647
 263.89676  239.39566  256.27728  240.38997  238.61708  250.60616
 226.74942  271.78302  278.67426  276.3033   254.86122  224.88637
 311.32278  228.37987  238.02614  267.52826  272.28333  252.94815
 137.89803  151.9916   235.14456  283.91385  241.07794  255.85489
 311.56357  282.06842  208.73549  266.077    227.55038  270.4602
 289.50497  209.32828  256.07214  240.44623  239.36731  246.0902
 229.08615  241.51962  263.3543   256.09653  316.08218  209.51344
 235.21576  225.86845  103.11086  225.91895  285.86423  278.17432
 267.61877  231.69603  275.90146  283.68204  189.25278  280.75305
 274.74188  219.20143  258.4822   257.90546  263.68286  242.24515
 257.31854  271.60056  263.78302  247.48984  267.81882  208.73671
 242.4833   195.19511  247.44553  234.65147  269.8816   258.40646
 268.6828   244.86205  213.07031  200.83931  267.94696  250.04875
 272.1053   202.32094  233.822    261.7289   197.64261  258.15244
 246.19     236.18867  251.20131  263.0981   246.29764  268.49597
 288.3218   246.66943  227.803    262.59708  226.1536   227.5894
 291.99258  219.28519  211.97125  284.61993  214.43146  209.7816
 241.5644   220.37859  210.2834   185.28116  268.74826  297.46524
 252.73541  198.83194  163.34929  246.81787  274.92487  248.8619
 266.76376  271.03653  248.92365  246.0321   208.57343  251.05663
 263.84546  223.91571  243.57146  292.99896  274.34167  248.3948
 278.15894  228.19072  240.88911  254.1826   296.77127  285.93295
 261.11615  265.90796  255.03165  287.9712   245.88832  230.17377
 262.3395   240.64539  227.41742  215.7851   272.7683   250.76448
 243.33722  275.3994   229.0768   269.90747  271.38785  240.09857
 247.64497  256.16354  278.0189   262.77072   91.01816  279.2727
 252.195    267.03137  251.8006   269.3129   241.58368  254.4415  ]",[3.0885928 6.658973  4.9396276 ... 3.8746579 5.4844146 3.488354 ],4.133013,0.6830226700251889,0.8027872770928877
11,10719,Transformation_Matrix_W,"[[ 0.64958364 -0.00702976  0.00221816 ...  0.03741448  0.07038943
   0.01013474]
 [-0.00276666  0.6149481  -0.00396982 ...  0.01950085  0.02326358
   0.00275453]
 [ 0.00769946  0.0096088   0.5657124  ... -0.02040358 -0.00761108
   0.00386747]
 ...
 [ 0.0130089  -0.02696623 -0.0071704  ...  0.66766346  0.04217979
  -0.04672758]
 [-0.01069397  0.02337619 -0.00495567 ...  0.03278837  0.6559477
  -0.00190588]
 [-0.028776    0.02126278 -0.01425864 ...  0.00532097 -0.03379806
   0.64918435]]",,"[203.67354  215.80702  190.96017  183.04016  187.36574  215.70949
 211.70798  215.87836  165.82312  182.11394  168.31056  179.0767
 194.58199  185.51738  183.73727  157.80219   97.93954  230.45688
 179.51033  212.52596  159.85146  184.99956  195.06982  214.74113
 177.03023  200.51086  239.23529  191.57016  192.56276  184.67175
 112.4415   171.67711  210.2548   112.15431  212.67587  194.7509
 186.02072  225.66496  184.20801  184.6973   220.53304  210.80562
 202.84938  159.56381  195.27676  193.51314  210.2039   186.7111
 199.3349   194.55927  141.58475  197.14944  175.20161  192.5936
 173.3508   199.9098   221.07756  167.93628  190.18877  200.85782
 222.48317  207.00238  166.03137  198.4306   195.38739  191.27483
 140.03235  192.16698  192.47714  155.7382   202.34581  230.51463
 194.95331  154.35893  172.6109   194.71684  222.76787  198.27348
 175.86458  211.62347  206.01564  185.5066   185.39365  193.20428
 186.96867  157.61108  206.09506  195.42561  204.09073  161.02533
 171.8966   223.19946  171.34254  208.90842  192.09041  207.71677
 203.56665  228.0533   166.01328  175.93372  206.74808  202.644
 168.28564  209.79855  184.68214  183.41139  224.87057  216.90263
 201.41386  180.44536  198.85454  193.97145  167.81229  190.43715
 204.43803  184.41173  243.23807   94.71841  200.80298  189.29521
 227.55315  207.34933  184.45166  220.94409  164.31201  186.7886
 200.       219.5571   110.57719  208.50372  207.46837  175.15523
 193.52017  209.9053   203.33855  148.94777  177.69734  213.43568
 175.60397  190.07274  192.05519  173.35416  190.71259  170.35332
 173.25948  193.83665  185.90771  217.93484  184.52339  194.59189
 206.7238   186.45     222.47484  188.344    187.63353  194.30792
 199.65247  199.7908   208.6619   170.88193  185.26076  230.33699
 227.71475  179.06607  180.96547  183.03615  172.83412  120.08435
 226.57053  194.70319  210.58911  214.83711  227.34647  174.89417
 182.11249  169.83536  233.23056  190.68066  199.95107  205.45676
 200.30045  202.40494  185.49152  186.63528  178.12468  122.25891
 201.14415  215.12868  190.398    194.58904  196.31247  188.22377
 199.5758   170.12483  221.13052  233.04941  180.8003   166.46492
 222.5166   211.70934  184.15535  211.4447   213.47124  193.49362
 159.71643  199.67078  193.87842  202.4844   241.13867  199.32716
 155.60628  208.50461  153.14088  194.28107  189.81868  193.6748
 158.73888  177.93413  201.29373  198.6862   188.77792  181.12779
 127.64951  157.39655  206.30923  220.11319  197.4141   226.38011
 213.98027  192.69823  221.07097  232.86047  153.641    198.36598
 186.13351  196.87456  187.14204  193.71974  192.51111  233.03186
 188.99689  201.92384  216.06064  175.9651   190.86299  164.7268
 184.63107  195.56938  194.50786  205.02243  188.55759  214.36076
 201.34358  202.67632  206.2915    90.05632  161.32753  151.49113
 175.15273  221.49895  175.63371  194.10474  136.52632  189.30579
 238.61075  197.09053  203.10017  200.7435   188.44429  239.03223
 218.01265  211.88771  196.80786  142.81859  206.047    194.69354
 214.9717   183.44785  206.19255  181.21582  178.20224  210.53581
 183.19432  177.21591  229.75157  203.85397  183.64615  211.76714
 200.1382   211.06454  191.70825  193.02097  174.50464  197.25533
 201.18846  213.11082  158.40286  198.86397  195.01158  187.36597
 186.07137  235.28848  192.38335  209.24873  184.36208  213.69489
 201.893    189.20523  203.90274  141.54048  202.97589  186.93063
 196.41359  176.92746  186.7778   203.5464   216.35414  218.0206
 209.3598   166.61832  196.61374  184.23705  208.28716  204.91357
 195.43909  206.8501   180.59648  189.46785  170.90569  212.00693
 181.56578  196.05916  237.43793  196.94739  213.46935  172.67633
 148.74982  215.50789  227.73     185.26201  216.33105   92.16128
 222.74634  193.43324  139.42891  223.01344  199.8166   199.12419
 180.6353   219.6065   140.90736  202.1091   192.03394  166.30035
 209.03874  183.83485  191.67535  196.55534  206.42627  190.65509
 203.15077  191.07632  206.44063  205.40918  224.9059   199.23355
 197.47864  195.16978  174.13377  169.23297  232.63185  179.54027
 203.9685   198.16862  194.8557   203.334    168.45851  181.66005
 185.12099  247.91022  190.29509  183.25726  213.25125  182.44698
 187.13913   91.8516   179.63899  177.54611  206.72855  201.87318
 187.4694   176.64691  184.39592  184.94037  166.29765  208.28052
 197.42734  194.01819  220.80977  205.92947  226.97386  203.21968
 224.59521  232.48395  210.2596   245.65897  207.99303  235.08327
 187.80473  196.42256  129.89915  181.64438  208.58128  159.30031
 192.70041  198.61093  227.02806  154.90466  179.76224  189.06808
 188.30756  182.32297  211.42531  200.72055  157.208    215.13354
 178.93767  222.21619  116.69625  234.67192  213.39139  196.36958
 207.16815  156.77574  187.98407  240.06583  187.92937  167.0971
 220.88089  177.88988  176.54662  217.96523  168.84726  181.36533
 179.78352  220.92538  187.11006  184.45763  181.74113  200.68752
 200.83041  209.42268  222.4588   202.72943  187.43135  225.92546
 177.27437  187.34407  216.3876   179.24158  205.40999  181.2788
 207.40707  180.09492  172.1814   203.44997  202.66466  225.4752
 178.19809  230.97899  215.37927  127.55203  203.42856  221.44359
 211.97472  184.97859  203.26865  204.2132   199.22443  230.17867
 197.68338  222.83456  218.49268  182.91966  137.42894  161.6105
 219.30696  190.8776   179.9904   180.40002  205.9666   195.49315
 217.08272  199.74962  160.43684  203.72633  200.78725  182.58986
 186.55067  207.0518   171.5939   230.35904  184.71512  214.94849
 204.72032  114.09153  203.63403  182.54927  148.02448  228.68704
 190.3481   204.48495  159.45734  161.62369  215.01506  212.80836
 228.33145  180.4431   215.47089  209.35649  204.2649   181.66486
 189.03377  197.37498  193.8111   193.5214   204.39766  198.67618
 229.09045  207.06346  210.83179  202.75331  174.2541   209.54832
 193.45047  191.35664  202.78651  202.0764   195.4472   187.03604
 232.82378  185.05504  202.13843  195.7415   213.61345  203.7945
 171.26123  192.26582  209.1038   185.07156  168.84407  197.37593
 191.43661  210.6291   214.49428  199.67755  204.0922   162.53856
 203.20053  195.08386  199.53343  193.85924  207.03928  199.31271
 200.96175  203.13354  192.64546  187.01894  188.9631   199.4985
 159.32104  181.43663  199.90517  186.82951  218.70102  179.23729
 178.56064  115.927155 211.72208  194.97972  184.46266  194.17989
 221.56503  213.30986  184.1372   185.32562  218.0837   157.15384
 187.7001   206.07047  181.0049   214.917    199.50963  209.1931
 180.23363  187.88972  200.37892  205.8959   218.67714  172.49745
 200.81635  201.95775  192.98012  187.23395  476.35913  213.48701
 204.31743  191.71834  198.97536  191.59735  188.26964  199.32509
 172.3476   214.69917  206.40623  220.92407  194.58243  175.72285
 237.31973  183.40717  180.56773  219.19505  212.81265  196.43535
 118.60512  134.90744  187.28015  218.99811  182.51692  201.8581
 244.49533  217.2854   168.39835  204.84538  182.53928  212.41856
 226.18349  161.45486  204.19054  191.16167  183.44156  198.70433
 178.94174  193.58551  206.3256   202.81894  237.43327  165.90147
 185.11264  175.80116   85.460045 175.8772   219.89478  214.79659
 200.9119   187.3472   208.20403  212.6493   152.75739  214.365
 221.82776  174.10893  196.3682   199.53282  211.32227  187.98843
 200.85751  209.81429  207.47707  200.89224  212.76723  173.63943
 192.29903  152.95717  193.85182  181.12097  211.92552  202.45163
 212.71188  196.79837  172.15459  164.08354  208.95612  192.11513
 208.86635  159.9062   182.10413  190.05968  158.2928   201.44864
 195.45358  184.16151  198.26842  198.89589  191.15009  209.82312
 216.57376  193.52866  176.10846  201.87544  180.82143  175.61139
 222.65207  164.38814  168.76537  221.75876  169.5741   165.51495
 190.03053  174.96198  165.46384  141.52315  210.88506  229.47461
 197.59805  156.58133  138.58401  195.16591  206.26605  201.26378
 214.2344   215.88748  188.45506  190.35175  160.83833  202.8889
 205.9729   179.21399  193.30495  229.40979  212.87149  190.27444
 212.14247  181.58794  183.64801  198.36826  238.31812  218.99529
 210.18301  205.04413  195.8818   219.82935  195.27458  180.36214
 206.93861  186.18285  177.52748  173.46451  204.7801   195.9146
 189.72815  216.88086  194.21585  207.24634  203.90968  189.076
 198.87088  199.60597  219.7581   203.03522   79.95215  213.90776
 188.93442  207.38686  200.77632  224.62076  185.18965  197.1082  ]",[3.016709  5.2310753 4.1024194 ... 3.8819373 5.063465  2.677568 ],3.63923,0.7199496221662468,0.8544641436104606
